timesteps,reward_mean,reward_std,reward_min,reward_max,reward_abs_max,reward_abs_p99,reward_zero_fraction,portfolio_return_mean,portfolio_return_std,portfolio_return_min,portfolio_return_max,log_portfolio_return_mean,log_portfolio_return_std,log_portfolio_return_min,log_portfolio_return_max,dsr_mean,dsr_std,dsr_min,dsr_max,scaled_dsr_component_mean,scaled_dsr_component_std,scaled_dsr_component_min,scaled_dsr_component_max,scaled_return_component_mean,scaled_return_component_std,scaled_return_component_min,scaled_return_component_max,portfolio_value_mean,portfolio_value_std,portfolio_value_min,portfolio_value_max,turnover_mean,turnover_std,turnover_min,turnover_max,dsr_variance_mean,dsr_variance_std,dsr_variance_min,dsr_variance_max,allocation_entropy_mean,allocation_hhi_mean,allocation_equal_weight_l1_mean,weight_btc_mean,weight_btc_max,weight_eth_mean,weight_eth_max,weight_ltc_mean,weight_ltc_max,weight_bnb_mean,weight_bnb_max,weight_usdt_mean,weight_usdt_max,policy_weight_temporal_std_mean,policy_equal_weight_l1_mean,gaussian_logit_abs_max,gaussian_logit_clip_fraction,policy_loss,value_loss,entropy_loss,explained_variance,learning_rate,n_updates,mfn_parameter_norm,mfn_gradient_norm,mfn_gradient_abs_max,mfn_near_zero_gradient_fraction
540.0,-0.050204923635572885,2.903684825039462,-17.183956146240234,14.179491996765137,17.183956146240234,12.3616527748108,0.0,0.00024604228566160106,0.0258705241869955,-0.12839741178004271,0.13740537169791822,-8.835482368557022e-05,0.025868504778302392,-0.13742170641177043,0.12874967866639622,-0.00022893591995465747,0.00867853806470762,-0.07332832649829842,0.038710041999582126,-0.04578718399093151,1.7357076129415243,-14.665665299659683,7.7420083999164255,-0.004417741184278519,1.2934252389151195,-6.871085320588522,6.437483933319811,9709.38310675614,1472.6525076010212,6111.477139500285,13198.815524917314,0.4264585866517655,0.15638663550459875,0.07653400447064161,0.9075601716106522,0.0004817229746500052,0.00021581564316986741,3.5098647861029372e-09,0.0007483865260852358,0.8105140617585411,0.33341743780868466,0.32065721764505284,0.1967571511205544,0.9035244142408195,0.19923591419058725,0.849858299676929,0.2080642245894551,0.8158666381595747,0.19269579100221976,0.9610761829094235,0.20324691909718348,0.8612368410274412,0.0009801927953958511,0.0025910050608217716,0.02273257076740265,0.0,-24.586877822875977,158.0589599609375,-7.094692230224609,-0.009791135787963867,0.0007,1.0,0.0,0.0,0.0,
1080.0,-0.051925826198593886,1.59748046781082,-7.705759525299072,12.273845672607422,12.273845672607422,5.263053636550912,0.0,-0.0005700210810519308,0.014660542101775132,-0.06886181827748027,0.10319808684171487,-0.0006772509593520276,0.014617439990051181,-0.07134758981584537,0.09821331330556268,-9.03163818974616e-05,0.00434814365600317,-0.020691900131021984,0.03681590230647334,-0.018063276379492316,0.8696287312006339,-4.138380026204397,7.363180461294667,-0.03386254796760137,0.7308719995025591,-3.5673794907922685,4.910665665278134,7951.8823920517725,1045.84532089989,6116.361477043541,9804.805306491433,0.43102208049839874,0.1576980100704788,0.08456542493830159,0.8966820144375117,0.0003175431892896951,6.596630739616786e-05,0.00022995457336402028,0.0005071760447678494,0.8128142165546675,0.33192700946841874,0.3165223747032898,0.19594354896149732,0.6966461640839015,0.2112141097546711,0.8517696976234465,0.19306304830621515,0.8284875785617443,0.1883470014800074,0.960946388562602,0.21143229149760906,0.8787621364616399,0.007164965383708477,0.0243680439889431,0.22176724672317505,0.0,-15.011040687561035,41.89937210083008,-7.086506366729736,0.16266006231307983,0.0007,2.0,0.0,0.0,0.0,
1620.0,0.06518539378109077,1.3919018638933818,-6.686016082763672,13.084370613098145,13.084370613098145,4.695731060504929,0.0,0.0007993563975514623,0.010427300009785737,-0.0452017802444732,0.10100690450816308,0.0007451972083043249,0.010357398921855365,-0.04625524904001424,0.09622512884545993,0.00013962765155299572,0.004382125725479419,-0.021866268340969015,0.04136556973015397,0.027925530310599127,0.876425145095884,-4.373253668193803,8.273113946030794,0.03725986041521624,0.5178699460927683,-2.312762452000712,4.811256442272996,8650.172272594522,1183.427536171549,6364.2154566336,10378.5401545665,0.4188357521337764,0.15586407078151046,0.05580992384557533,0.843572007984661,0.0001547794333539114,3.696634158896254e-05,0.0001056411794974285,0.00022978362239768182,0.8192866037968638,0.32604797073388886,0.3135756266627031,0.19728123504794565,0.7825936242684427,0.1889897631404115,0.815093199801259,0.193700418715378,0.8669925759669425,0.20525691674202723,0.8024394974690569,0.21477166635423767,0.7580354765606073,0.008190294727683067,0.030850715935230255,0.22611327469348907,0.0,53.710453033447266,129.25784301757812,-7.0666375160217285,-0.000645756721496582,0.0007,3.0,0.0,0.0,0.0,
2160.0,-0.03893224924406106,1.5181929095084672,-9.067536354064941,7.877839088439941,9.067536354064941,5.020465397834782,0.0,-0.00025770496860471394,0.010205011596643557,-0.05572840934196399,0.05355474821100608,-0.00030981858651260867,0.010205596884982229,-0.057341452246652935,0.052169920838736804,-0.000117206591192831,0.005043197231523247,-0.03100231842585362,0.02634671561158994,-0.023441318238566187,1.0086394463046493,-6.200463685170724,5.269343122317989,-0.015490929325630435,0.5102798442491114,-2.8670726123326467,2.6084960419368404,8981.628525164506,408.29347478343715,8027.776613264264,9948.455962431362,0.4284540539258711,0.15571377949801704,0.034838829026490166,0.8910986103200695,0.00010650353192063163,1.1634608359365612e-05,7.534674821135644e-05,0.0001322880549457738,0.810664683350616,0.33558943136713465,0.3175877720572627,0.20231253699037202,0.7901370078483996,0.19047348645699375,0.8801950514223258,0.20241904466311167,0.8650828957862673,0.2020482344552805,0.977859109523096,0.202746697434242,0.8156216794839226,0.009721224196255207,0.026848072186112404,0.22549152374267578,0.0,-13.543548583984375,20.325275421142578,-7.060960292816162,0.2432277798652649,0.0007,4.0,0.0,0.0,0.0,
2700.0,-0.028621141191170964,1.4460982590524964,-8.000574111938477,8.37554931640625,8.37554931640625,5.588083028793339,0.0,-0.00033271796285980594,0.008730272876804055,-0.05931914174915794,0.041853475011209486,-0.00037114021782135167,0.008773565473585158,-0.06115134862112581,0.04100131445223616,-5.032064876624337e-05,0.005059294199584832,-0.024715031868366398,0.031627418257055374,-0.010064129753248675,1.0118588399169663,-4.943006373673279,6.325483651411075,-0.018557010891067583,0.4386782736792579,-3.057567431056291,2.050065722611808,7885.006781075802,625.6943163598942,6441.568447962558,8812.717399963463,0.4361073488520857,0.16426705954765128,0.07998567347333657,0.8757444114075045,7.257922897317053e-05,1.6954145211185782e-05,4.9675127887050614e-05,0.0001123543538188649,0.8076095441202685,0.3359120402756135,0.320906752826578,0.21222775314918976,0.8162800354975106,0.17778838826861865,0.8874972031514808,0.21085771195705796,0.9160881121622626,0.1964100768997416,0.890795679033138,0.20271606972539205,0.8188171967360318,0.013755944557487965,0.05197753757238388,0.373979389667511,0.0,-9.985602378845215,59.500789642333984,-7.049476146697998,0.10256713628768921,0.0007,5.0,0.0,0.0,0.0,
3240.0,0.014376309742456888,1.420994794281869,-6.206532955169678,6.582421779632568,6.582421779632568,5.7374555778503495,0.0,2.243559523075483e-05,0.009249073786513287,-0.04297181108240559,0.0422896725445664,-2.032259123519124e-05,0.009247162813253038,-0.043922432458709255,0.04141990138110188,7.69622084349893e-05,0.004796064906631857,-0.020941390164280996,0.022557132820371462,0.015392441686997861,0.9592129813263714,-4.188278032856199,4.511426564074292,-0.0010161295617595665,0.4623581406626519,-2.196121622935463,2.070995069055094,6885.146858646064,402.42108010772165,5880.375956038751,7722.501895405997,0.42418194672296994,0.15024817021179782,0.08727162145715477,0.8694971895974757,9.5510897804075e-05,7.0464724382874715e-06,7.734479918035282e-05,0.00011138143476640114,0.8118693220373568,0.33282614261607013,0.32118882592289466,0.22525142169474444,0.8306181139029225,0.21840513196919176,0.9476857311897411,0.2034999582171051,0.8091267016254753,0.16418884611190926,0.7878678383544916,0.1886546420070495,0.7645520378294474,0.014089642092585564,0.050266582518815994,0.4173834025859833,0.0,17.553197860717773,57.226444244384766,-7.045851707458496,0.11580789089202881,0.0007,6.0,0.0,0.0,0.0,
3780.0,-0.03733724978045319,1.163127267233415,-10.702713012695312,9.465333938598633,10.702713012695312,4.057708535194397,0.0,-0.00023998458673631285,0.005826535027937349,-0.057150018752923255,0.05025145161466512,-0.0002570704199578615,0.005847644717770467,-0.05884809569882033,0.049029613227470493,-0.0001224186466117872,0.004370015336798139,-0.038801541586348465,0.03506926706550087,-0.024483729322357428,0.8740030673596278,-7.760308317269693,7.013853413100174,-0.012853520997893076,0.29238223588852336,-2.9424047849410164,2.4514806613735245,6505.357465432031,263.8132700913262,5769.999139185867,6987.753761978773,0.4382343320049552,0.15391222055563888,0.10094453348311193,0.8297848080075061,4.984763251645531e-05,1.7547996494332942e-05,2.4453044455651008e-05,8.233904169354598e-05,0.8041149413098421,0.3388750789070196,0.32440593384846317,0.2274050616523363,0.8798736050479257,0.1996180557542675,0.8650703042556482,0.21246630826014887,0.8214001759378935,0.17117139094547484,0.7980539594866979,0.18933918338777253,0.8210933875257364,0.011980265378952026,0.06430535018444061,0.4519527554512024,0.0,-20.898929595947266,39.080257415771484,-7.040925025939941,0.1798170804977417,0.0007,7.0,0.0,0.0,0.0,
4320.0,0.01863245549913565,2.157430345139646,-7.262462615966797,21.26601791381836,21.26601791381836,7.424873161315921,0.0,-0.0002934847819538589,0.015162318785364426,-0.055948575088879245,0.07528758639542543,-0.000407944051819721,0.01510886012713038,-0.05757463877893331,0.07258814803023828,0.00019514830135194825,0.007201115526052749,-0.021918652195271896,0.08818305256428327,0.039029660270389635,1.4402231052105499,-4.383730439054379,17.636610512856656,-0.020397202590986045,0.755443006356519,-2.8787319389466655,3.629407401511914,4488.812242641229,511.97445276146897,3561.547253062516,5957.126059064366,0.42866780072222616,0.16158005922991958,0.03460159713120336,0.8618956261722656,0.00017092590410337693,4.163819878544764e-05,3.770264414231888e-05,0.0002272979125853016,0.8101432231481445,0.33282239359283255,0.3218504110090078,0.19278419942692668,0.7855535697204645,0.20551555273072405,0.8091995591243215,0.237597029612845,0.854716111476701,0.19364057605790755,0.9128482210273104,0.17046264217159668,0.769170866204796,0.013269702903926373,0.06527829170227051,0.4644288420677185,0.0,34.51077651977539,117.70928955078125,-7.050591468811035,0.06424641609191895,0.0007,8.0,0.0,0.0,0.0,
4860.0,0.040597082078602395,1.2709844764092246,-6.621365547180176,7.270221710205078,7.270221710205078,5.370230669975281,0.0,0.0003719058821593008,0.00894975358942743,-0.0495115976764227,0.05357591121910183,0.0003318409711654917,0.008943145076316165,-0.05077931878661345,0.052190007877954574,0.00012002516166444972,0.0041349050011531266,-0.02041199753484371,0.02366695829344688,0.024005032332889944,0.8269810002306253,-4.082399506968741,4.733391658689376,0.016592048558274584,0.44715725381580823,-2.5389659393306725,2.609500393897729,4801.671365459342,405.36215092104294,4213.43093790689,5723.814927016461,0.42306124274827667,0.15818941233410885,0.052340882522142654,0.8694144161890998,0.00012124410802982195,3.4943533624854964e-05,7.310963676856379e-05,0.00019624350807782392,0.8126923742468585,0.3319740481798792,0.31815321983609346,0.16254517039055202,0.8365516951421716,0.22492332883028004,0.8575142617825982,0.23406358194110624,0.841860991014112,0.20680051030839317,0.9059336985823725,0.17166740852966855,0.8062324848545689,0.01360454224050045,0.08839334547519684,0.44820865988731384,0.0,32.50586700439453,98.10975646972656,-7.038290023803711,0.031380414962768555,0.0007,9.0,0.0,0.0,0.0,
5400.0,0.0208090136734191,1.7169649164984988,-29.436542510986328,9.978229522705078,29.436542510986328,4.111618895530702,0.0,0.0005899751583305301,0.008926595665874976,-0.11438666399078408,0.05944759892144688,0.0005492441544814278,0.009052392418801144,-0.12147483897343118,0.057747639193956,-3.3265970534930825e-05,0.0064011569396102445,-0.11681400563784673,0.03545423907495934,-0.006653194106986161,1.280231387922049,-23.362801127569348,7.090847814991869,0.027462207724071392,0.4526196209400572,-6.073741948671559,2.8873819596978,6594.735325493227,344.0107614413163,5618.569422932232,7610.665829902904,0.4363216356605196,0.16383090189788435,0.054244052530225954,0.8801987025753072,8.665763634774629e-05,2.7063079666872052e-05,4.671204421801276e-05,0.00015124623852625125,0.7960416516940662,0.3459992208910459,0.33196979129808424,0.15670595867241063,0.872097767609449,0.26044528159421937,0.8923168569395751,0.2240991511167138,0.8852919990032061,0.20483016452874717,0.8896346682216911,0.153919444087909,0.8916600979211505,0.010514217428863049,0.1017279326915741,0.5144028067588806,0.0,7.976703643798828,65.08641052246094,-7.035320281982422,0.10076260566711426,0.0007,10.0,0.0,0.0,0.0,
5940.0,0.0004105713442657833,1.7455368194580239,-11.260528564453125,10.574034690856934,11.260528564453125,5.736589064598088,0.0,0.00034007047253543715,0.011167683816427881,-0.05546171498206585,0.06520122939379981,0.0002777656747656937,0.01115535804468554,-0.05705905816866239,0.06316372910060891,-6.738855118820785e-05,0.005966699936602131,-0.042037879624279066,0.03707924219935173,-0.013477710237641572,1.1933399873204262,-8.407575924855813,7.415848439870346,0.013888283738284685,0.5577679022342771,-2.8529529084331195,3.1581864550304455,7732.460570159349,582.2132368127653,6961.8474816001635,10380.373987181554,0.4243861099762713,0.1637416249426738,0.060279190055522874,0.8498436231867805,8.829996050184359e-05,1.980558448989346e-05,6.5345388702807e-05,0.00016493576817354222,0.7960386817089468,0.34315390442233024,0.33228094802459857,0.13999285774655013,0.7254412655100101,0.26920544286818476,0.8895621417911068,0.24892879268505827,0.8326580651035775,0.17978449178466668,0.7111871152813621,0.16208841491554016,0.7791507423465804,0.01498345099389553,0.1362905204296112,0.6686789989471436,0.0,10.122048377990723,74.93810272216797,-7.047182083129883,0.19827407598495483,0.0007,11.0,0.0,0.0,0.0,
6480.0,0.004237527289229479,1.4977273069538504,-8.575069427490234,5.815560340881348,8.575069427490234,5.489071989059459,0.0,0.0005449134917308632,0.01030937199892342,-0.055075796140063436,0.04835961906213137,0.0004914621263508546,0.01033621073715773,-0.05665056226081498,0.04722667499710335,-0.0001016778754715477,0.004927877263159179,-0.03157098046033575,0.017271132836863472,-0.020335575094309503,0.9855754526318359,-6.314196092067149,3.4542265673726944,0.024573106317542726,0.5168105368578865,-2.832528113040749,2.3613337498551674,11281.783179141961,918.5145862265375,8978.232530447176,13346.530775933297,0.4215197285174508,0.1573061294460908,0.06329279727528646,0.8513107176493017,0.00012265822671968772,2.6435704171265538e-05,7.213778474697258e-05,0.00016818664256827338,0.8016738527625332,0.33916939842096583,0.3295330432400499,0.14464685646493664,0.7950185144609557,0.24349061734724695,0.8489705912502847,0.24078431797824107,0.844219821143372,0.17180433129936853,0.7755506597158411,0.19927387691020687,0.7976102084462201,0.01869264803826809,0.11292217671871185,0.6960362195968628,0.0,0.4272175431251526,39.80760192871094,-7.044051170349121,0.1791566014289856,0.0007,12.0,0.0,0.0,0.0,
7020.0,-0.053652987878228524,1.539361770856885,-7.75821590423584,13.211282730102539,13.211282730102539,5.402254633903512,0.0,-0.0005112439762824695,0.011029425452563298,-0.05194351120072805,0.09060277069095786,-0.0005721634721197555,0.01102317761109339,-0.05334119116136616,0.08673054402645569,-0.0001252240655620694,0.004951984547136103,-0.02545578232238433,0.04437377912370079,-0.025044813112413876,0.9903969094272206,-5.0911564644768665,8.874755824740157,-0.028608173605987774,0.5511588805546696,-2.667059558068308,4.3365272013227845,9870.603612942408,835.2223148781238,8398.749900854022,11972.839696692321,0.426661909887711,0.15917218106825898,0.0809106428393033,0.8491961058183922,0.0001298403982707324,2.7216883642908422e-05,8.68964609039857e-05,0.0001989994793977843,0.7917645529044985,0.34686636943581245,0.336476723607901,0.14304036083610303,0.7136866323292942,0.2550166508411758,0.862152438628759,0.24835359107675198,0.8002749642917089,0.14772505715953313,0.8679662016274117,0.2058643400864361,0.8678725863914617,0.019651900976896286,0.11750935763120651,0.6667507290840149,0.0,-29.5450439453125,52.03328323364258,-7.049160003662109,0.2677723169326782,0.0007,13.0,0.0,0.0,0.0,
7560.0,-0.034109610066904376,1.3242289861103886,-11.389686584472656,5.431150913238525,11.389686584472656,4.650011048316963,0.0,-0.0005978013663792731,0.009225544620182647,-0.12432337941176583,0.03559030320756666,-0.0006419676849155821,0.009457774090808009,-0.13275841077971232,0.03497160539791899,-1.0056124652006277e-05,0.004407723283462957,-0.027917855099793866,0.01841285242617948,-0.002011224930401264,0.8815446566925914,-5.583571019958773,3.682570485235896,-0.0320983842457791,0.47288870454040044,-6.6379205389856155,1.7485802698959496,7295.055693928626,693.7011079873507,5735.973734852898,8591.379506098616,0.4369097180564493,0.15172980463777952,0.08100489197023682,0.8144452165065009,7.499974439903565e-05,2.520377979149186e-05,4.628758159126591e-05,0.00013781506961061933,0.80484128828347,0.3386605059241662,0.32530040516970316,0.13373018901551245,0.7528259420375458,0.2307345446165863,0.7753530553437096,0.24888793210538449,0.861219629293671,0.18045662423895797,0.8352663118848729,0.20619071002355877,0.8017414283839073,0.016648229211568832,0.12397485971450806,0.716491162776947,0.0,-28.19168472290039,57.017696380615234,-7.04660177230835,0.12768512964248657,0.0007,14.0,0.0,0.0,0.0,
8100.0,0.03826411732610453,1.2692554965168072,-8.093327522277832,12.661238670349121,12.661238670349121,3.6970208263397235,0.0,0.00013544497193378714,0.007827821765709888,-0.04991435540395384,0.07550422575195197,0.0001049442950534827,0.00780120376769543,-0.051203146244652095,0.07278959882248662,0.0001650845208389587,0.0044059262239306025,-0.027665851724656656,0.045108794430161775,0.03301690416779174,0.8811852447861206,-5.533170344931331,9.021758886032355,0.005247214752674136,0.3900601883847715,-2.560157312232605,3.639479941124331,6039.277262696812,219.88323256445466,5377.343018437681,6460.202570330822,0.4204597244378193,0.15701240476238879,0.06270620539336855,0.8615929416699141,8.426122695503158e-05,1.840910807716345e-05,5.525411956536148e-05,0.00012467218846198494,0.7922639417562457,0.34580990449629107,0.33797029262146844,0.13098076320816882,0.7929308669111366,0.2564007246004571,0.8273161115825254,0.27628119801833606,0.9624120196376369,0.14723735871205243,0.8891819390485262,0.18909995546098568,0.77156740261906,0.012467087246477604,0.14873230457305908,0.690366804599762,0.0,17.550233840942383,25.24858283996582,-7.049551486968994,0.25189346075057983,0.0007,15.0,0.0,0.0,0.0,
8640.0,-0.025174341878327712,1.298952690807295,-5.145199298858643,8.198756217956543,8.198756217956543,4.743145966529848,0.0,-0.00037480772020749814,0.007088699520822084,-0.02952224203837478,0.03508679853986724,-0.00040004163562564816,0.00709576214576936,-0.029966794758699677,0.03448528652454369,-2.5861303416965786e-05,0.004734440894284297,-0.018769522194567557,0.03237245708501816,-0.00517226068339314,0.9468881788568594,-3.753904438913511,6.474491417003632,-0.020002081781282405,0.35478810728846805,-1.4983397379349839,1.7242643262271846,5199.554460513315,396.6035164396793,4645.220934456226,6250.805241113027,0.4127873185555464,0.1562660552202776,0.04262390739621418,0.8952277364084087,5.7178663729898286e-05,1.0346313874560876e-05,4.2083505754149156e-05,7.854146387477313e-05,0.8011144487483124,0.340608285113939,0.32712986653705056,0.13952659843106868,0.6899130996626234,0.23450902743269958,0.8218271488496377,0.290186240778856,0.9238263875741037,0.14314043724900805,0.8132944534808504,0.19263769610836765,0.9407112297335424,0.017925918102264404,0.13029175996780396,0.6942039132118225,0.0,-17.207048416137695,57.79289627075195,-7.0510406494140625,0.029954731464385986,0.0007,16.0,0.0,0.0,0.0,
9180.0,0.09821154627759286,1.4533540359850246,-9.417586326599121,8.91675853729248,9.417586326599121,4.488082962036133,0.0,0.0009350159861565346,0.007813687143817274,-0.04216537481936114,0.05080655947462847,0.0009041550129884683,0.007797867279081304,-0.043080140985101274,0.04955802117237226,0.0002650189739083603,0.005327843782757151,-0.036317897869555346,0.032194288241831265,0.053003794781672074,1.0655687565514302,-7.263579573911069,6.438857648366253,0.045207750649423416,0.3898933639540652,-2.1540070492550636,2.477901058618613,6274.466798902008,904.2865499685506,4910.716458659106,8316.104973805506,0.41891509367416563,0.1552412381715448,0.08727840860925754,0.8929245635179067,5.585713661701943e-05,8.441636702115038e-06,3.840263907337103e-05,6.850166050014031e-05,0.7933191445659378,0.3465702406655407,0.3346521853001792,0.11732979630500756,0.7907190756806142,0.2795660030780269,0.9538951861297411,0.23213641990920925,0.8611292540359327,0.1475564936450393,0.8129232348164018,0.22341128706271696,0.8518271816887635,0.012049240991473198,0.1490485817193985,0.7635154128074646,0.0,57.32518005371094,108.29309844970703,-7.045344352722168,0.24743837118148804,0.0007,17.0,0.0,0.0,0.0,
9720.0,-0.08840066199967017,2.234812267551576,-16.3251895904541,22.341777801513672,22.341777801513672,7.740427699089057,0.0,-0.00046431266374348274,0.01937885401352813,-0.1830373438148882,0.17245741928323258,-0.0006544980705854518,0.019572547143928865,-0.20216189363055329,0.15910190450250158,-0.0002783787985381934,0.006624997747561594,-0.037412575818466125,0.07193340980388503,-0.05567575970763869,1.3249995495123188,-7.482515163693225,14.386681960777006,-0.03272490352927258,0.9786273571964431,-10.108094681527664,7.9550952251250795,7064.398262954792,1221.8979380892108,4190.132458704465,8929.887537202974,0.41380139403296123,0.15938085563481974,0.02397990650951302,0.8511178441293783,0.00024153938843769526,0.00022232006909231124,5.725378093273864e-05,0.0006338876950419467,0.796971387948943,0.34409077934097787,0.33096951912624123,0.1301046690450209,0.7459449216212284,0.2514987959854159,0.8754695990919155,0.23287458215930376,0.8603766789946933,0.15507887435172513,0.7654065079507896,0.23044307845853432,0.8919678732830144,0.020229963585734367,0.1270800530910492,0.768683135509491,0.0,-56.302825927734375,180.92160034179688,-7.042723655700684,0.1154019832611084,0.0007,18.0,0.0,0.0,0.0,
10260.0,0.017143486126884388,1.3267955748742746,-13.407726287841797,6.077544689178467,13.407726287841797,4.029626371860507,0.0,0.0003771313861345043,0.010216245915241434,-0.08504082626865012,0.05095049463004158,0.00032444493614959064,0.010282329875894093,-0.08887583357490891,0.0496949876741447,4.606191605358653e-06,0.004094938564799323,-0.04481967242664334,0.017963977415455298,0.0009212383210717321,0.8189877129598646,-8.963934485328668,3.5927954830910593,0.016222246807479534,0.5141164937947047,-4.443791678745446,2.484749383707235,6822.916757502489,540.4031189363469,5655.522661793924,8088.566199824427,0.4205646156714832,0.15914669562518174,0.04909885830853554,0.8595583804072786,0.0002071753809378055,8.134886789910199e-05,0.00011164989968168141,0.0004194882519168853,0.7892959899425448,0.34999048850993353,0.3406627393427139,0.11471811353965387,0.6059252521887755,0.2695127079494193,0.8525677065560665,0.2531641871293257,0.9361797198189621,0.1497470937276947,0.88515887551754,0.21285789765390645,0.8710048820880777,0.01810639165341854,0.14848002791404724,0.7559835910797119,0.0,2.0590059757232666,29.336061477661133,-7.041604042053223,0.18817734718322754,0.0007,19.0,0.0,0.0,0.0,
10800.0,0.005341969202789995,1.1171656980678861,-14.210989952087402,4.750126838684082,14.210989952087402,3.118550031185153,0.0,0.0001880457314095231,0.0065015009994559385,-0.07052859532180025,0.030688360336825808,0.00016667600041770725,0.006552767603533502,-0.07313923649160697,0.030226890027818823,-1.4959146855860868e-05,0.003966621380210623,-0.05277013886485033,0.016193911467935987,-0.0029918293711721747,0.7933242760421245,-10.554027772970066,3.2387822935871973,0.008333800020885363,0.32763838017667507,-3.656961824580349,1.5113445013909412,7597.63125893778,265.97137965140735,6890.40689903821,8267.217553937557,0.41989131363919946,0.1636586509536447,0.035049931327293025,0.9088465887198449,8.015596757913905e-05,2.656942966234597e-05,3.927766107899884e-05,0.00014190906837140051,0.7856937948508002,0.35114985061563553,0.3445729251882585,0.10716357144627511,0.7883784919457468,0.2699143964787876,0.8813137311113094,0.25095048254242286,0.9183777176680761,0.15840814376489423,0.9248238100085922,0.2135634057676202,0.9055411371823263,0.00820912979543209,0.15117909014225006,0.8660075068473816,0.0,-9.734112739562988,14.14328384399414,-7.038776874542236,0.21963238716125488,0.0007,20.0,0.0,0.0,0.0,
11340.0,0.02828299235638783,1.6454857123135558,-23.885665893554688,5.877922534942627,23.885665893554688,4.884554295539871,0.0,0.0003842783909946509,0.006615161850617568,-0.06548062894547094,0.029233704869284054,0.00036213344555682353,0.006660172363577784,-0.06772292351106465,0.028814549499103722,5.088159054226347e-05,0.006628685524908007,-0.10249760178850527,0.0221859744522527,0.01017631810845269,1.3257371049816016,-20.499520357701055,4.43719489045054,0.01810667227784118,0.3330086181788892,-3.3861461755532325,1.4407274749551862,8132.225513946219,675.1360578073532,7256.427236108121,9566.166024541419,0.4066990110126586,0.15758847779357082,0.05454095090641051,0.7991566188794152,3.691998901753335e-05,1.3708997196139087e-05,2.1987597384649097e-05,6.899204739295475e-05,0.797886716514782,0.3421589141375126,0.3295398860378014,0.11509201373405521,0.7280845540781967,0.25208925556153,0.8206916912002401,0.26434999661678976,0.8809667932264564,0.1456328292296262,0.7668150607869523,0.22283590485799884,0.8001200205646485,0.007913028821349144,0.16115954518318176,0.7385700345039368,0.0,22.779560089111328,44.749855041503906,-7.036395072937012,0.231634259223938,0.0007,21.0,0.0,0.0,0.0,
11880.0,-0.022930426743416183,1.5208078505444844,-10.372200012207031,6.81660795211792,10.372200012207031,5.121022748947147,0.0,9.502087187511473e-05,0.008966951322018213,-0.05335164424659815,0.04450221919393753,5.479062573224375e-05,0.008971527795865469,-0.05482757919607598,0.04354042665936617,-0.00012834979818940985,0.005374802402623142,-0.03815410548699622,0.023197932508548548,-0.025669959637881958,1.0749604805246282,-7.630821097399244,4.63958650170971,0.002739531286612193,0.4485763897932735,-2.741378959803799,2.177021332968309,9719.799675144191,434.97404540031295,8618.752838096354,10988.844198106532,0.42756915836732173,0.15292351145397662,0.03775928479801054,0.8136807739024696,7.355375267085059e-05,1.7952023215962522e-05,5.295367645907712e-05,0.00010551744737613366,0.7988718680376417,0.3412131250363088,0.3288943988911306,0.12935776735891225,0.759990983857764,0.24708428282485437,0.8698307139465039,0.26086004337480606,0.8532050369410784,0.15573844217440547,0.646339785184582,0.20695946426702191,0.8809641984361751,0.011697090230882168,0.14323054254055023,0.6955425143241882,0.0,-17.209875106811523,30.07048225402832,-7.031518459320068,0.2971661686897278,0.0007,22.0,0.0,0.0,0.0,
12420.0,0.042974834945656494,1.3145670792693724,-5.868576526641846,6.6531572341918945,6.6531572341918945,4.237537879943848,0.0,0.00041421334798559675,0.0070261183413328245,-0.028586839417210623,0.038510408947703856,0.00038947966584449106,0.007020188882497687,-0.029003401105040662,0.0377873873436972,0.00011750424936582029,0.004821598785657621,-0.02226215119725428,0.0238189393591207,0.023500849873164052,0.9643197571315243,-4.452430239450856,4.76378787182414,0.019473983292224557,0.35100944412488433,-1.4501700552520331,1.8893693671848601,10622.096308830687,609.7792976192314,9598.27018237756,12139.67168462166,0.43600446217165395,0.1570028585210796,0.06090851566638342,0.869326783238234,5.519757426448284e-05,7.866509148121047e-06,4.567684450596111e-05,7.759953281400888e-05,0.7900282952036497,0.3494811366487571,0.3379940417768145,0.130576854084262,0.7878903196910872,0.26189752638420366,0.905331030743134,0.2473393003935833,0.9319403788715523,0.14741699175414547,0.8411234125583126,0.21276932738380555,0.8373086101088311,0.009146242402493954,0.14315146207809448,0.5988596081733704,0.0,20.770992279052734,32.358333587646484,-7.029028415679932,0.27924448251724243,0.0007,23.0,0.0,0.0,0.0,
12960.0,0.027496659019272084,1.6427793045195358,-11.112269401550293,5.425189018249512,11.112269401550293,5.280901045799258,0.0,0.0006178193625422052,0.009963456593349483,-0.056253136999026974,0.03929411608324083,0.0005678862613804893,0.009983045547025261,-0.057897302396905916,0.03854174817337152,-4.488277212672966e-06,0.00573629658280676,-0.04108702144864339,0.017490508669854906,-0.0008976554425345909,1.147259316561352,-8.217404289728677,3.498101733970981,0.02839431306902446,0.4991522773512631,-2.8948651198452957,1.9270874086685759,13932.755469967877,1215.9882660677795,11594.80331497013,16614.78503685509,0.4163288054861277,0.161577674034248,0.05801536476442226,0.8326235992528164,8.31767763690147e-05,1.4981843604265314e-05,5.965329013347405e-05,0.00010935827993445544,0.8118759250520013,0.33200753061332566,0.31819146268346,0.15849135983059304,0.7572815353132845,0.23539950983002692,0.9127468168875362,0.23877530900227312,0.8426693202852655,0.15272602417436473,0.7934493427326444,0.2146077971627421,0.8744257790494195,0.017588024958968163,0.11651895940303802,0.6313953995704651,0.0,19.951913833618164,57.661277770996094,-7.025733947753906,0.2809269428253174,0.0007,24.0,0.0,0.0,0.0,
13500.0,0.05577113021173756,1.831664267032282,-8.638245582580566,10.696633338928223,10.696633338928223,6.5935323238372865,0.0,0.0010125920788158847,0.01419805073612559,-0.060010311445566844,0.09312104744760279,0.0009114696122462841,0.014187305744800222,-0.06188637340119768,0.08903695095581296,5.098824837061686e-05,0.005641413768485124,-0.029972807095340826,0.031223930777304232,0.010197649674123352,1.1282827536970248,-5.994561419068165,6.244786155460846,0.0455734806123142,0.7093652872400111,-3.094318670059884,4.451847547790648,20509.891567816037,2241.4822226507727,15472.112078303426,26203.23432204055,0.4325939226303392,0.15277082766773145,0.0685023015469791,0.8957511027807605,0.00017218966924094502,4.845166402997444e-05,9.023433482095903e-05,0.0002340289934006256,0.813948037727274,0.33008185105226195,0.3191243887493895,0.2157866478963981,0.7601157720181514,0.18702858114004894,0.8532895044468405,0.20363611483556474,0.8747173595025727,0.18525980216606036,0.8576284790185943,0.2082888539619279,0.8619552437680628,0.02152409963309765,0.05237259715795517,0.529757559299469,0.0,44.44740295410156,120.6868667602539,-7.0177412033081055,0.10078668594360352,0.0007,25.0,0.0,0.0,0.0,
14040.0,0.034004301704785404,1.6966657079536522,-7.412861347198486,5.905969142913818,7.412861347198486,5.119814825057984,0.0,0.0011579734975739873,0.014912286092552305,-0.0577005754137449,0.06770806982977481,0.001046694808046333,0.014863550467694104,-0.059432194417755685,0.06551436031701942,-9.165217602474764e-05,0.004793672488623989,-0.024194846400902543,0.014598675505758375,-0.018330435204949518,0.9587344977247977,-4.838969280180509,2.919735101151675,0.052334740402316636,0.7431775233847052,-2.971609720887784,3.275718015850971,41740.749068254554,6151.78190493538,24950.630803931406,53455.29687169931,0.41789752957315446,0.15910439020787337,0.04622736653510754,0.8663045279018334,0.00023036254303317663,4.4066581225202924e-05,0.0001600824395744392,0.0003134332406009772,0.8124292085058114,0.33073408798810294,0.31895583110760195,0.2391517590818395,0.9031320819978714,0.17403783012203866,0.827085476676671,0.1857139754486489,0.7368770868152144,0.21486918879378822,0.9245421893380006,0.18622724655368478,0.8837681194705707,0.02091384120285511,0.07924262434244156,0.5672212839126587,0.0,20.824371337890625,140.9180450439453,-7.017854690551758,-0.07867491245269775,0.0007,26.0,0.0,0.0,0.0,
14580.0,0.026389888408421366,1.63366623384662,-9.158113479614258,6.317464351654053,9.158113479614258,5.329293646812443,0.0,0.0006785782207231442,0.01210981440994896,-0.056693935406004536,0.05226054179060901,0.0006048555992902298,0.012135433490522152,-0.058364484221590296,0.05094074695108397,-1.9264468871947707e-05,0.00514975941771315,-0.031199446117207475,0.018852134381590484,-0.0038528937743895486,1.02995188354263,-6.239889223441495,3.770426876318097,0.030242779964511482,0.6067716745261075,-2.9182242110795147,2.5470373475541983,57657.82199262133,6861.746505222308,43280.290002506554,68943.17904844208,0.4216243590029748,0.15874978184440083,0.035914426700371385,0.8612583237393832,0.0001483342233641939,2.7528799985092305e-05,0.0001113655880649153,0.00020967736747884446,0.8022195026409457,0.3402016968325398,0.32711550025687147,0.27112217097699043,0.9675751117927818,0.13834038174318677,0.7212718845074627,0.18169647970247935,0.8890289060299255,0.2218492986585975,0.8852065693907367,0.1869916689187459,0.8755157462119696,0.014906113967299461,0.11371928453445435,0.6234300136566162,0.0,27.897077560424805,107.39337921142578,-7.024085521697998,0.06898123025894165,0.0007,27.0,0.0,0.0,0.0,
15120.0,-0.10503793215396366,2.0147917257809103,-11.150825500488281,8.19067096710205,11.150825500488281,7.2160084438324,0.0,-0.0010447180209126967,0.018614149048547166,-0.11316629015220431,0.07573270058054045,-0.0012207458561286771,0.01878750654102721,-0.12009778905334641,0.0730020113435352,-0.00022000319762905808,0.005444307063015988,-0.03658206264095374,0.02270285103209278,-0.044000639525811625,1.0888614126031977,-7.316412528190748,4.540570206418556,-0.06103729280643385,0.9393753270513606,-6.00488945266732,3.6501005671767603,46197.83003646007,10124.03843162391,32878.24147981183,70851.62457408286,0.4265015049237043,0.16115904884784543,0.06877661637852299,0.8850358603308626,0.0003149284330342516,0.00011013336851558824,0.00013667696682714345,0.000493584633567,0.809725253729942,0.3334842023434824,0.31928867038920683,0.26385211012702753,0.8822409645652373,0.1327129276145615,0.8499811419075456,0.19765996086601192,0.9132849356375019,0.21138931903182057,0.8406534483586935,0.19438568236057846,0.9336556771991955,0.017725978046655655,0.10141421854496002,0.6438019871711731,0.0,-46.37659454345703,159.1963653564453,-7.022590160369873,0.11843281984329224,0.0007,28.0,0.0,0.0,0.0,
15660.0,0.06789599438154793,1.3893527745897036,-6.158234119415283,8.38556957244873,8.38556957244873,4.846632852554328,0.0,0.0004502985835564171,0.011152896787509537,-0.05903452251327099,0.06805059480916778,0.00038831746980576336,0.011114074869996056,-0.06084882711891581,0.06583511283274199,0.00024240060350034205,0.0041991291537801,-0.0155789642600072,0.02632884056405242,0.048480120700068415,0.8398258307560199,-3.11579285200144,5.265768112810484,0.01941587349028817,0.5557037434998028,-3.0424413559457903,3.291755641637099,35606.628920566734,2480.8013481244075,29573.635002170147,40715.40091842102,0.41620454561243697,0.16441142998500335,0.06188419002998019,0.8573867636879228,0.00017603355968687356,6.206336320593295e-05,0.00010033278441660086,0.00030083222924890925,0.812805496653849,0.33076137171353676,0.3188842139983088,0.2431352430566058,0.8832574204563883,0.17057764727589975,0.7736804678360713,0.18869881807026892,0.8795864777460805,0.21208078215955178,0.8674023768590805,0.18550750943767366,0.7405954140075849,0.026565566658973694,0.07928072661161423,0.6031226515769958,0.0,41.626121520996094,76.3059310913086,-7.029646873474121,0.17819452285766602,0.0007,29.0,0.0,0.0,0.0,
16200.0,0.0036837850408456114,1.466061329632329,-13.22607707977295,4.968838214874268,13.22607707977295,4.392777357101441,0.0,0.00045953499213606476,0.009335850901459736,-0.06995216973963639,0.03697305848911664,0.0004156897163025441,0.009364366786396712,-0.0725192637698447,0.03630594866796607,-8.550349512140678e-05,0.0049988291140386195,-0.048000569295096204,0.015767705056255465,-0.01710069902428134,0.9997658228077239,-9.60011385901924,3.153541011251093,0.020784485815127207,0.46821833931983564,-3.625963188492235,1.8152974333983034,49759.46397626124,3476.024003712412,40065.22868124692,55695.42920735658,0.4339287312380631,0.16292452027830037,0.05030101913368339,0.8641438286917699,9.453796915643184e-05,7.2712088220951014e-06,7.53541842583401e-05,0.0001087148291622892,0.7946250654697975,0.34658874800203066,0.3349012329488825,0.2509083298596539,0.8955411629888721,0.1614705050905811,0.8972043757291734,0.17780739005915325,0.7859015917517757,0.2263930025739354,0.8929352028621778,0.18342077241667631,0.8599560390639325,0.026109596714377403,0.10496344417333603,0.7047371864318848,0.0,3.2970986366271973,35.63078308105469,-7.030861854553223,0.05673307180404663,0.0007,30.0,0.0,0.0,0.0,
16740.0,0.028009828823592722,1.4142141062927196,-8.933947563171387,8.157114028930664,8.933947563171387,5.383924255371103,0.0,0.0003091535546014332,0.008983080736128638,-0.05880590901104691,0.05121783873557183,0.000268749242553387,0.008986478274827825,-0.060605900315920565,0.04994933848204935,7.286182374282004e-05,0.004834823265198465,-0.029518264220692585,0.02829823647629772,0.014572364748564002,0.966964653039693,-5.9036528441385165,5.6596472952595445,0.013437462127669345,0.44932391374139113,-3.0302950157960282,2.497466924102467,52179.93792304016,4153.570319769071,43424.95258311611,59603.22940527722,0.4289287309005886,0.16265509677148085,0.07537423749572733,0.8981810048726852,8.825528187435872e-05,1.9082393375163855e-05,5.9141775633870264e-05,0.00012023439929886551,0.8045662055557726,0.33791635603422837,0.3256539036859486,0.22307167292601318,0.8677456246102647,0.15333838076228803,0.9016010834979472,0.18165328254220336,0.8493966268199874,0.22713657757513256,0.9235184276840214,0.21480008619436292,0.8689686911883486,0.021816354244947433,0.08466222882270813,0.5825800895690918,0.0,40.792388916015625,56.10371017456055,-7.026038646697998,0.20080256462097168,0.0007,31.0,0.0,0.0,0.0,
17280.0,-0.04659498200872568,1.62954245409327,-12.61062240600586,6.958478927612305,12.61062240600586,5.3487357378006015,0.0,-0.00017990384452042798,0.010194251898631667,-0.0836548712815548,0.04257476318701227,-0.00023225765413288377,0.010249652435185688,-0.08736220719413684,0.04169338740670312,-0.00017491048623721726,0.0056071579921179,-0.04121255840266086,0.025229999146093553,-0.03498209724744344,1.12143159842358,-8.242511680532171,5.045999829218711,-0.011612882706644193,0.5124826217592844,-4.368110359706842,2.084669370335156,59271.468163730206,4585.2991771195975,50283.0800490926,68261.9541768864,0.4075577841054164,0.14818465287373608,0.04562690501628969,0.8105394036642148,8.591358259091269e-05,2.3827792791244607e-05,5.300444919584376e-05,0.00012532493840206204,0.8189184507976455,0.32495665175012145,0.3141425282070415,0.2255926643171275,0.8548422501763682,0.16476387459701053,0.7758026025865344,0.17723648761912747,0.8156731323752012,0.2379609402266974,0.9174853342803061,0.19444603324003712,0.8867580275102576,0.016973083838820457,0.0872725248336792,0.5530338883399963,0.0,-31.470211029052734,62.42700958251953,-7.0278191566467285,0.19834506511688232,0.0007,32.0,0.0,0.0,0.0,
17820.0,-0.012149586653578336,1.4536859866622132,-6.902198314666748,7.095712661743164,7.095712661743164,4.9027454423904455,0.0,-0.0002730746003299857,0.009121856569947857,-0.05162084718086349,0.04074617165557784,-0.0003148781830230381,0.009147618433606192,-0.053000906454733314,0.039937928638503026,1.7971606843064505e-05,0.004999205684597114,-0.021260764301918714,0.025494082116390423,0.0035943213686128947,0.9998411369194229,-4.252152860383743,5.098816423278085,-0.015743909151151914,0.4573809216803095,-2.650045322736666,1.9968964319251512,49022.25669026899,4906.687261526123,38311.10822733368,56475.452422635586,0.4218435475340116,0.15725139647910272,0.05683416910165525,0.8818267614793878,8.356053549139957e-05,2.0571445570875826e-05,5.958017925500878e-05,0.00012596135467313974,0.8065417635099459,0.33759555696544363,0.3226710104921731,0.22451335775024928,0.8447447220666743,0.15324048881458247,0.6889497586483502,0.17563407278114035,0.8357887234172647,0.2487340490960683,0.9284388037193537,0.19787803155795958,0.8970016577578935,0.022291183471679688,0.08705583214759827,0.5471198558807373,0.0,-13.820302963256836,51.863548278808594,-7.027048110961914,0.19142645597457886,0.0007,33.0,0.0,0.0,0.0,
18360.0,0.032379613392900124,1.414842475629576,-8.727468490600586,9.327213287353516,9.327213287353516,5.137218360900879,0.0,0.0002187247845253606,0.009226768491810792,-0.059274856484083,0.06141491025990807,0.0001761276462975731,0.009229488721377093,-0.06110427184445821,0.05960283904231648,0.00011786615264990725,0.004772172834401165,-0.028361274164342424,0.0317353545912829,0.02357323052998145,0.954434566880233,-5.672254832868485,6.34707091825658,0.008806382314878656,0.46147443606885474,-3.055213592222911,2.980141952115824,44868.35626254798,1861.2057642772272,38458.36153285487,48292.64872265478,0.41474134030045545,0.1512553406238956,0.04300009897706458,0.869540278084208,9.586736936011438e-05,1.333839248708346e-05,7.116072557251799e-05,0.0001258609224638085,0.8181856465389984,0.3271070818644413,0.3105074280503482,0.2103248046807447,0.8243252897403327,0.16727227902450004,0.8069634501319921,0.19142771646649237,0.8523743607172504,0.21250201696356685,0.9020466865327065,0.21847318286469602,0.8202142185964059,0.029312288388609886,0.08225086331367493,0.5768551826477051,0.0,14.45474624633789,28.721338272094727,-7.032916069030762,0.32120710611343384,0.0007,34.0,0.0,0.0,0.0,
18900.0,-0.025235799117298383,1.1711189540523936,-4.372329235076904,5.116264820098877,5.116264820098877,3.628999481201173,0.0,-1.1257797192183084e-05,0.006057365179793177,-0.020791033660674637,0.031748443660777836,-2.959101636284185e-05,0.006054264678184423,-0.02101021046521704,0.03125488120335668,-0.00011878123599549753,0.004350450893652868,-0.016609092388667028,0.01776760457064046,-0.02375624719909951,0.8700901787305736,-3.3218184777334057,3.553520914128092,-0.0014795508181420943,0.3027132339092211,-1.050510523260852,1.5627440601678337,50299.4693178528,2259.0169535997916,45782.7793983807,54896.525224559504,0.41591389434657355,0.16005287291354278,0.08338763512727666,0.9285213871521584,5.0767719721349294e-05,1.1266150330325157e-05,3.670947864334143e-05,7.846919974244891e-05,0.8171670324203945,0.3273934800772926,0.3149462347286206,0.22374740409466198,0.8471824078613283,0.18505096914417982,0.8664568692952671,0.176359816759915,0.7150755428546108,0.21696509536001443,0.8496281221261955,0.19787671464122883,0.8235439327501414,0.024856898933649063,0.08193342387676239,0.4868740737438202,0.0,-17.9710693359375,40.905391693115234,-7.027225017547607,-0.0057528018951416016,0.0007,35.0,0.0,0.0,0.0,
19440.0,-0.07185541836316352,1.9114246972263242,-9.15152645111084,10.673155784606934,10.673155784606934,7.54258264064789,0.0,-0.0009292859112503622,0.012994911110106753,-0.07506834814068544,0.06002488729770482,-0.0010144878052153446,0.01302900530048649,-0.07803543408152576,0.05829238643109856,-0.00010565515158493366,0.006394426116246506,-0.03436603906445668,0.04049556637365283,-0.021131030316986738,1.2788852232493013,-6.873207812891335,8.099113274730566,-0.05072439026076723,0.6514502650243245,-3.901771704076288,2.914619321554928,37218.68515339931,4654.947690892593,25114.39586956374,48853.73405592204,0.41963019685445635,0.15945694438824923,0.02462773375755853,0.8610432805393033,0.0001149436565834016,3.921356043338755e-05,3.886981904947494e-05,0.0001904744850609977,0.8110681788909234,0.33187141299176415,0.31975741040458955,0.18574639746133295,0.8745708889475471,0.19708588138853958,0.8093695528879865,0.2122359748145108,0.8783790503067932,0.21079420117047973,0.8971330716710708,0.19413754516513698,0.783119525161673,0.03165891021490097,0.07157465815544128,0.5789026021957397,0.0,-43.2537841796875,107.27770233154297,-7.032809734344482,0.10516071319580078,0.0007,36.0,0.0,0.0,0.0,
19980.0,0.06922575690593846,1.4136084248591154,-5.917634963989258,6.840169906616211,6.840169906616211,5.049127140045167,0.0,0.0004518904228398639,0.010412161462665956,-0.05230319565496404,0.04677521687372544,0.00039768665428710276,0.010399855497867212,-0.05372065452282012,0.045714216263411385,0.00024670711624081226,0.004485950577891139,-0.016158012371513226,0.022772294395298143,0.04934142324816244,0.8971901155782279,-3.2316024743026452,4.554458879059629,0.01988433271435513,0.5199927748933606,-2.686032726141006,2.2857108131705695,29336.042518005066,2466.9202454374777,24417.40665574192,35595.635427008776,0.4241189358203377,0.16213137603612313,0.047387078984824554,0.8874932202786415,0.00013767291760193528,3.355824745070441e-05,9.916902386045879e-05,0.00020545972734309717,0.8071572819856317,0.3351856456560903,0.3248037727616422,0.17454247190122507,0.8050951417222535,0.2257670805813657,0.9032517293341451,0.21020982829090648,0.7834844145876835,0.1854299798709541,0.8017132102491665,0.20405063935554862,0.8673830864071207,0.02813650667667389,0.08432826399803162,0.6322489380836487,0.0,36.407928466796875,47.20481872558594,-7.028225421905518,0.3081766366958618,0.0007,37.0,0.0,0.0,0.0,
20520.0,-0.039417197052777436,1.362913806817061,-9.822436332702637,6.557778835296631,9.822436332702637,4.919944543838509,0.0,-0.0001910058505205668,0.008217458246346857,-0.05321976524192546,0.04312264679742307,-0.00022497951404024837,0.008252096139057011,-0.05468827739663466,0.0422187595152267,-0.00014084110785715228,0.004755690284394044,-0.03544011177511621,0.022234203538735973,-0.028168221571430452,0.9511380568788088,-7.088022355023242,4.446840707747195,-0.011248975702012418,0.41260480695285057,-2.7344138698317333,2.110937975761335,32594.18380902596,2005.1808214961993,28725.391543132402,36473.17202088994,0.40727871427261175,0.15110416787136238,0.06018891374392999,0.7969572100458524,7.969346134594589e-05,9.298380230810496e-06,6.458025129932818e-05,0.00010751583513056411,0.8181767775999143,0.32816050801488117,0.31261522526107416,0.19823865566828328,0.9175859713588669,0.2243068351678377,0.8810124010815166,0.19869388641088997,0.8469947506530946,0.1883142570348608,0.7841361903688092,0.19044636571812823,0.7788720286234869,0.030695339664816856,0.07199591398239136,0.6157758831977844,0.0,-29.518680572509766,53.08847427368164,-7.030547142028809,0.13014698028564453,0.0007,38.0,0.0,0.0,0.0,
21060.0,0.03866633118854629,1.1565953446645196,-4.803451061248779,5.647210597991943,5.647210597991943,4.300210700035096,0.0,8.578292244367911e-05,0.00616663958618573,-0.029434154861810977,0.02471250593262483,6.676198691228248e-05,0.006167871747298799,-0.029876032061268668,0.024412091230982463,0.0001766411626295872,0.004259990218265391,-0.0165482477189271,0.022332282035199092,0.035328232525917436,0.8519980436530782,-3.30964954378542,4.466456407039819,0.0033380993456141195,0.30839358736494,-1.4938016030634333,1.2206045615491232,28485.08797281451,780.2446333730799,26937.419885734904,31230.786827894157,0.43871846938747,0.16183434145388717,0.09679886528007847,0.8561541608887462,5.235568897671741e-05,1.6476786832078844e-05,2.735479686581476e-05,7.744372643393133e-05,0.7987522285724082,0.3431344348562471,0.33215187880020147,0.18790790872255553,0.8097235278980919,0.22134583648227896,0.9157138104492224,0.20772333242616495,0.8011089084598135,0.19154781612350447,0.849149344638994,0.19147510624549607,0.884015253186534,0.027341634035110474,0.06451106071472168,0.5757316946983337,0.0,19.469318389892578,37.2545280456543,-7.037499904632568,-0.0287628173828125,0.0007,39.0,0.0,0.0,0.0,
21600.0,-0.03219163408249625,1.6931549707828981,-17.666906356811523,14.117607116699219,17.666906356811523,6.779876589775096,0.0,-4.957988693581117e-05,0.009988318619487678,-0.08116114940977892,0.09127896470494942,-9.949206720226962e-05,0.00999446504955075,-0.08464452500560922,0.087350370504372,-0.00013608515736642665,0.006024243284882942,-0.06717340347302976,0.048750442757665394,-0.027217031473285344,1.2048486569765886,-13.434680694605952,9.750088551533079,-0.004974603360113488,0.4997232524775375,-4.232226250280461,4.3675185252186,29810.528455596603,1648.6677922286874,26046.977310154332,34690.44149893229,0.4272426711743382,0.15715625037098077,0.08749734232839512,0.8486499124252538,9.161792415629527e-05,3.71787149679731e-05,3.50963284640524e-05,0.0001611644644619538,0.81102898437154,0.3343822713841182,0.31953045498770066,0.1994218351517682,0.8527424253387591,0.21837642908743382,0.863519636152119,0.1979890357158966,0.8513628240714995,0.19073358897499226,0.8975835825557671,0.19347911106990903,0.9355704482296101,0.0311539676040411,0.06991954147815704,0.5709044337272644,0.0,-22.8133487701416,78.92498779296875,-7.0403289794921875,0.09469902515411377,0.0007,40.0,0.0,0.0,0.0,
22140.0,0.03448930675823013,1.2228470666429527,-6.465422630310059,12.076680183410645,12.076680183410645,4.199463171958928,0.0,0.0002453790832795417,0.005714102668957981,-0.027186164655060026,0.04651078610502581,0.00022910999310867415,0.005692293771805409,-0.0275625456829026,0.04546156968790292,0.00011516902656908937,0.004710444525082259,-0.026001934672523916,0.04901800702399101,0.023033805313817875,0.9420889050164518,-5.200386934504783,9.803601404798203,0.011455499655433708,0.28461468859027045,-1.37812728414513,2.273078484395146,29452.85071886658,2822.8628589635123,26069.556415601575,34433.75767112119,0.4373221016947625,0.15347492426568826,0.07844178804819274,0.8374000162159748,3.9650996734658387e-05,7.939683903688399e-06,2.8617650129519315e-05,5.847823898334938e-05,0.8043754337213759,0.3391477070900319,0.3255757823906115,0.17061888699574035,0.7486592297955182,0.21590624327768865,0.8386550433731411,0.2076111388062823,0.8912948056169301,0.19641031183038468,0.8851931287967967,0.20945341908990409,0.892889794367731,0.029509831219911575,0.079829141497612,0.53091961145401,0.0,36.023799896240234,89.7994613647461,-7.042881965637207,0.10999453067779541,0.0007,41.0,0.0,0.0,0.0,
22680.0,-0.02560804956355477,1.460713519391316,-11.368339538574219,6.32691764831543,11.368339538574219,5.360875606536867,0.0,-6.824637731429721e-05,0.006733614183792991,-0.048947682166418434,0.029281796178804467,-9.100091109877404e-05,0.0067517725878791165,-0.05018620445510541,0.028861273761811166,-0.00010529003605817304,0.005624421593169211,-0.04429514721062448,0.02441927071390598,-0.021058007211634613,1.1248843186338424,-8.859029442124896,4.883854142781196,-0.004550045554938707,0.33758862939395584,-2.5093102227552704,1.4430636880905583,32548.651446019492,1732.3773962820803,27202.810237578495,35319.84101418534,0.4374602380419082,0.16579162684626475,0.06034227473213515,0.9102435231629453,3.611526290552173e-05,5.8960494162773835e-06,2.8757278854488372e-05,6.512221504421635e-05,0.7984057488733319,0.3439585728740358,0.3300023747527097,0.2168374817896486,0.8696452957753236,0.18462898748002257,0.8202089532896595,0.1929177832576759,0.821406074869456,0.21577706763161067,0.890082342331776,0.18983867984104227,0.9242369575787018,0.03685402870178223,0.08490392565727234,0.6141661405563354,0.0,-21.158124923706055,58.49987030029297,-7.043161392211914,0.2599550485610962,0.0007,42.0,0.0,0.0,0.0,
23220.0,0.00909584651451075,1.2520576620968233,-11.943881034851074,7.992385387420654,11.943881034851074,4.725366587638857,0.0,0.00028583748288867837,0.006265121596609694,-0.04615220448335343,0.04702827835603237,0.00026619452415955894,0.006260636323611244,-0.04725116374586493,0.045955940459703616,-2.10694046732821e-05,0.004720990962135659,-0.047906612246471095,0.028472941125221238,-0.004213880934656438,0.9441981924271317,-9.58132244929422,5.694588225044248,0.013309726207977941,0.31303181618056214,-2.3625581872932466,2.297797022985181,36251.29613858152,1791.515748656172,31665.44919713444,39728.691273363336,0.4180629033326787,0.16631471668269066,0.058450816898905494,0.8497649114169619,4.813706370348268e-05,1.534017785284995e-05,2.8184352588551932e-05,7.412945547604996e-05,0.8063678293437032,0.33555416952527894,0.32346450164079565,0.1811100460905004,0.9121151262958859,0.21620583343557848,0.8009953575641732,0.19085639449515332,0.8489258448484114,0.2080918194970972,0.8577790264588647,0.2037359064816706,0.7960952659064231,0.03720756620168686,0.08527719974517822,0.6125955581665039,0.0,-4.330223560333252,34.59918975830078,-7.044487953186035,0.011652767658233643,0.0007,43.0,0.0,0.0,0.0,
23760.0,-0.03883404283626954,1.2323183978128016,-13.071977615356445,4.908348083496094,13.071977615356445,3.9914838814735423,0.0,-0.0002452292944345778,0.004880990860063836,-0.04260607196617544,0.019863494900916892,-0.00025726129556211374,0.004908125029728866,-0.0435403441852389,0.0196687898118303,-0.00012985489227090272,0.004945724818054196,-0.05447480349986152,0.01962454286072042,-0.025970978454180553,0.9891449636108393,-10.894960699972305,3.924908572144084,-0.012863064778105688,0.24540625148644327,-2.1770172092619453,0.983439490591515,34024.31272380502,995.1233541512256,31679.421840065843,36910.03494803476,0.4119127863583535,0.15505415738209727,0.059505556741316044,0.771906999353893,2.6308916477886806e-05,6.310826349085425e-06,1.5226847843100995e-05,4.0018539721535336e-05,0.8213669902146111,0.3252977426493083,0.30938623419699723,0.19927098344281158,0.7350960951459388,0.19499182275371246,0.7635330587280702,0.19671285065639066,0.837442863665594,0.20534673909214216,0.8187206512311758,0.2036776040549432,0.8163312733093262,0.02888110838830471,0.06457813084125519,0.5471837520599365,0.0,-15.32997989654541,33.8670768737793,-7.046300888061523,0.15151947736740112,0.0007,44.0,0.0,0.0,0.0,
24300.0,0.008497967948830962,1.224861283205945,-7.084896564483643,6.247525691986084,7.084896564483643,5.524951333999634,0.0,6.398890435953226e-05,0.005337802138820047,-0.02960448152519339,0.029714100547208806,4.973175474239569e-05,0.00534064260367441,-0.030051539587603527,0.029281191426964483,3.0056900568892003e-05,0.004791647011473262,-0.02791159710035609,0.023917331066421105,0.006011380113778414,0.9583294022946524,-5.582319420071218,4.783466213284221,0.0024865877371197855,0.2670321301837206,-1.5025769793801764,1.464059571348224,33845.61627197808,1103.1162247326372,31469.31880466613,36376.89219190857,0.4253171521664235,0.1616323780774986,0.06942896660390588,0.873987305198622,3.181489866700865e-05,3.524366178732744e-06,2.3626408646105053e-05,4.046681024200832e-05,0.7998910758491254,0.34189559727501145,0.3291167769983873,0.20325656346200555,0.8392815707971135,0.206998250364476,0.8906144052620664,0.19390066691202953,0.8937554972713099,0.19926584246469517,0.8144354484505748,0.1965786767967937,0.8242827337479463,0.0362967774271965,0.08095432817935944,0.5862365365028381,0.0,-4.541329383850098,29.18436622619629,-7.057352066040039,0.1560220718383789,0.0007,45.0,0.0,0.0,0.0,
24840.0,-0.01717300636185057,1.0175370769543899,-5.333029747009277,12.636560440063477,12.636560440063477,3.3172598481178306,0.0,-0.0003312716717656513,0.0051395997170016845,-0.07851542476979927,0.04372636117427355,-0.0003448152387945074,0.005221455378220547,-0.0817692407750225,0.042797348949714986,3.387742905896023e-07,0.004086682302561089,-0.021552520738927952,0.052483463364710534,6.775485811792539e-05,0.8173364605122179,-4.310504147785591,10.496692672942107,-0.017240761939725367,0.2610727689110273,-4.088462038751125,2.1398674474857495,29971.691183453997,2331.1945509009493,27120.65352655622,33360.998712041786,0.41075789964738907,0.15124023832305963,0.06508099024943362,0.8529665701899559,2.6158351020428838e-05,9.950208869756046e-06,1.1619261204884602e-05,4.542023237465589e-05,0.822356823544135,0.32378060854699897,0.30775548961664184,0.21453517459694832,0.8436978962857252,0.1830871975647749,0.8565722324762793,0.211632440429033,0.8060840775509128,0.2029042489245228,0.7986626111334478,0.187840938484721,0.8470006847040055,0.025821179151535034,0.056099798530340195,0.525829017162323,0.0,-16.363122940063477,27.833072662353516,-7.056440353393555,0.2677314877510071,0.0007,46.0,0.0,0.0,0.0,
25380.0,0.0581604610184311,1.1950546345245432,-10.001529693603516,7.588923931121826,10.001529693603516,4.217880115509036,0.0,0.00014600162663570542,0.003968502658943832,-0.025710956776744377,0.02390837523890248,0.00013811623326588792,0.003968925658527279,-0.02604726040771686,0.023627045308223817,0.0002562732379282339,0.0049918691725399705,-0.043495831847784425,0.032037859301172436,0.0512546475856468,0.998373834507994,-8.699166369556885,6.407571860234487,0.006905811663294395,0.1984462829263639,-1.302363020385843,1.1813522654111908,27156.092786804675,546.1084154867194,26141.22526875083,29672.391531206966,0.4259380365604763,0.15099639963356265,0.0739516399791211,0.8737636439509201,1.747997875268277e-05,3.5499248659236665e-06,1.232605908477301e-05,2.5049857252949474e-05,0.809912929905501,0.3339071588405603,0.3202773453388265,0.18626273479942027,0.8750583508534916,0.20693845276902295,0.9368344853248884,0.20849705509508926,0.8715094230491278,0.1955581592323212,0.8638973871766159,0.20274359810414633,0.9334824715531502,0.02911347709596157,0.07157497107982635,0.521276593208313,0.0,26.126157760620117,46.01026916503906,-7.065366744995117,0.04759639501571655,0.0007,47.0,0.0,0.0,0.0,
25920.0,0.007401733584615782,1.288499692047359,-6.156154155731201,4.392354965209961,6.156154155731201,4.234395375251771,0.0,0.00022054427779888622,0.004944582670891509,-0.023146890199661794,0.01894496424004379,0.00020828933373042574,0.0049470419220600205,-0.023418986451235472,0.018767743204043296,-1.5063663626016367e-05,0.005208667672565662,-0.024926025355553338,0.017269839128844805,-0.0030127327252032787,1.0417335345131324,-4.985205071110667,3.453967825768961,0.010414466686521292,0.24735209610300102,-1.1709493225617735,0.9383871602021648,30323.740396422192,959.7004159621936,28703.705594210693,32953.226457602235,0.4214572721080493,0.1489752745880561,0.05749092096349273,0.8425631544069984,2.3461808587242387e-05,2.401222170011264e-06,1.9213435679138007e-05,3.031563732059554e-05,0.810042433063321,0.3330160568479655,0.3221774958113462,0.1613715851196638,0.7628846504250638,0.22420578345549902,0.967007605563611,0.1782763605269614,0.8154246391760179,0.22216649522452864,0.8186565355671355,0.2139797756733471,0.8154645379428161,0.02463889680802822,0.07819189131259918,0.5155693292617798,0.0,7.394533634185791,28.15602684020996,-7.067792892456055,0.09420019388198853,0.0007,48.0,0.0,0.0,0.0,
26460.0,-0.03750277281721571,1.4906687943221277,-16.310508728027344,4.515873908996582,16.310508728027344,3.975152680873874,0.0,5.5482819523999005e-05,0.006252869485051372,-0.058636817250632474,0.01855935972700423,3.579785402245743e-05,0.006285507532877412,-0.06042625982027351,0.018389236505326218,-0.00019646333641071625,0.005896567919885319,-0.06644598311014678,0.0179899783479532,-0.03929266728214327,1.1793135839770637,-13.289196622029356,3.5979956695906403,0.0017898927011228756,0.31427537664387056,-3.0213129910136756,0.9194618252663109,33772.894901278036,1180.1856672161437,30745.99476766973,36253.274268743306,0.4381493849580151,0.15104598690688598,0.07638431119863738,0.8265677724132946,3.3812139193737415e-05,9.225941975133727e-06,2.1858235776841935e-05,5.0429240307530535e-05,0.8083450270597841,0.33501108316095046,0.3236318088596102,0.19473942594128102,0.8664229726912404,0.21480723757393005,0.9221534895187765,0.18221744681577964,0.7909680394267088,0.22590251966125843,0.867097429714141,0.18233337000775085,0.8911658864436064,0.02810892090201378,0.0676291361451149,0.5589249134063721,0.0,-18.059877395629883,28.830793380737305,-7.069746971130371,0.23326438665390015,0.0007,49.0,0.0,0.0,0.0,
27000.0,0.08629545708471495,1.5172388999596178,-17.38814926147461,6.747931480407715,17.38814926147461,4.8071535587310805,0.0,0.0007945064802260943,0.00637574163947055,-0.05344316480744595,0.04545279123318702,0.0007738447774369214,0.006383637189411567,-0.05492426238853371,0.04445008461856149,0.00023801609318495703,0.006031576101840847,-0.0732096785685181,0.02262713569731576,0.04760321863699139,1.2063152203681693,-14.641935713703619,4.525427139463152,0.03869223887184607,0.31918185947057837,-2.7462131194266854,2.2225042309280743,38796.55046512847,5101.459474634806,32174.36598789454,51007.25506411765,0.42014705495021765,0.15973304594403273,0.05792927351399348,0.831554888077251,3.128627631205366e-05,8.291748217332737e-06,2.2789818005470565e-05,6.348751024120081e-05,0.7987012499288304,0.34315971433099846,0.32891192156208504,0.16832256027969558,0.8045614616074988,0.2669928391089677,0.9152489752986182,0.167624180127484,0.895932932531922,0.20450843225420423,0.8065227661707736,0.19255198822964842,0.8628115384072451,0.028750315308570862,0.09578225016593933,0.7092269062995911,0.0,61.23997116088867,104.6973648071289,-7.066569805145264,0.24611437320709229,0.0007,50.0,0.0,0.0,0.0,
27540.0,-0.0593528557508425,1.4498392248931546,-6.435028076171875,6.130656719207764,6.435028076171875,5.399719109535219,0.0,-0.0001282350374940739,0.008280775206489711,-0.031081268812324404,0.03698207984809,-0.00016260517883888873,0.008294283025457358,-0.031574539351919374,0.03631464833442139,-0.0002561129787210545,0.005184521793104072,-0.024281506114061466,0.02157462126653445,-0.05122259574421088,1.0369043586208144,-4.856301222812293,4.31492425330689,-0.00813025894194444,0.41471415127286787,-1.5787269675959688,1.8157324167210696,48952.38267588284,2803.0551055523815,42925.48752209049,56109.73199603926,0.40686490069479825,0.16000984620969985,0.06710995538458436,0.8766247841880184,6.725800382237698e-05,8.840258185609046e-06,4.8499659763563936e-05,8.570740630487286e-05,0.8153390052296469,0.32874763939444956,0.3155831237581106,0.18911187172239435,0.7533826970847438,0.21168282182191842,0.8316758125043295,0.18716037242917388,0.8612479720064428,0.21633941157430314,0.7977672542924439,0.19570552245221023,0.9021320840183376,0.03102836012840271,0.07420378923416138,0.6931198239326477,0.0,-22.478015899658203,57.30093765258789,-7.066483974456787,0.21144819259643555,0.0007,51.0,0.0,0.0,0.0,
28080.0,0.04451900000562158,1.0641696637597604,-4.838445663452148,5.783109664916992,5.783109664916992,4.0591043233871495,0.0,0.000296167939877413,0.0051997898271212385,-0.025418956970855854,0.027986858729434107,0.000282621236686449,0.005196002186182116,-0.025747599788845055,0.02760238361413946,0.0001519396869427624,0.004029313802782565,-0.0192107223041866,0.02201495128167907,0.030387937388552486,0.8058627605565131,-3.8421444608373196,4.402990256335814,0.014131061834322455,0.2598001093091058,-1.2873799894422526,1.380119180706973,49106.071337128844,2298.0360407092594,45280.670471760626,54501.486761617416,0.42226006037679403,0.1580915783625569,0.0795028526952164,0.8976382629076562,4.2030874749264434e-05,1.0691980479736509e-05,2.5077151638014557e-05,6.65329870902681e-05,0.8137985978952974,0.33080604387362234,0.31637218866037337,0.21398606063547376,0.8942204752761366,0.1984980832251309,0.8351404711356867,0.18640261285147128,0.9352024800765051,0.20812272093573547,0.8466567748020712,0.19299052235218864,0.8920811259259415,0.02459545060992241,0.06488259136676788,0.582062304019928,0.0,38.06853103637695,43.06162643432617,-7.064203262329102,0.2514113783836365,0.0007,52.0,0.0,0.0,0.0,
28620.0,-0.03632591454047037,1.3500619062046404,-8.907350540161133,5.86353874206543,8.907350540161133,5.391336545944214,0.0,-0.00022365575894620938,0.006317595982520282,-0.063426776979856,0.026865993836397338,-0.00024385205041639694,0.006368311395926194,-0.06552757219920678,0.02651143931337894,-0.00012066655279618032,0.005207432792585098,-0.036631320554539826,0.022689834844153645,-0.024133310559236038,1.0414865585170194,-7.326264110907966,4.537966968830729,-0.012192602520819851,0.3184155697963097,-3.276378609960339,1.3255719656689469,47563.11335204678,3082.782195677359,40788.04451359713,55006.825645783174,0.43018939801919676,0.15616394925327606,0.056853331232618216,0.8933519131236237,3.4075187134474225e-05,9.998408427400087e-06,2.237741200873175e-05,5.4190604637764743e-05,0.8067495676568855,0.33647408472286083,0.32410806123842273,0.2165442554601589,0.8051588510959803,0.19845002017675156,0.9391790002505643,0.20132637330729009,0.814106452323208,0.19723616938773525,0.8792002397591806,0.18644318166806423,0.7915511931522775,0.026390161365270615,0.0691012293100357,0.6327245235443115,0.0,-2.8981263637542725,73.33988952636719,-7.064269065856934,0.06978082656860352,0.0007,53.0,0.0,0.0,0.0,
29160.0,-0.016500862630480832,1.4294825997743845,-10.96235466003418,9.73041820526123,10.96235466003418,5.539014725685126,0.0,-5.345190042902641e-05,0.007799936399757728,-0.07037812955470588,0.04881249343755768,-8.400860048365798e-05,0.007826572789862792,-0.07297736643437391,0.047658565522222,-6.150215980699811e-05,0.005213888288099272,-0.03656743051258077,0.03673744728669518,-0.012300431961399627,1.0427776576198544,-7.313486102516153,7.347489457339036,-0.004200430024182899,0.39132863949313956,-3.6488683217186955,2.3829282761111,46081.413902124696,1746.7729302673629,38757.8536494072,49903.91586275926,0.43677673262495154,0.16020193861360052,0.09565393161328777,0.8206460514610644,5.794189442699913e-05,1.8164773890643166e-05,3.3488622478999405e-05,9.237425388134879e-05,0.80718055950117,0.3353905706585407,0.32385006719282744,0.21560029747336562,0.8453145290241727,0.19444976637360048,0.8327247826634108,0.2057984818273619,0.9315739300196466,0.19693738266056773,0.9105953101888867,0.18721407166510423,0.8863034200411006,0.029787424951791763,0.07564333081245422,0.6995067000389099,0.0,-3.8795485496520996,31.916929244995117,-7.062161922454834,0.19176000356674194,0.0007,54.0,0.0,0.0,0.0,
29700.0,0.028222673133132047,1.183625077338031,-6.060788631439209,4.98550271987915,6.060788631439209,4.329508376121524,0.0,0.00021762152664387956,0.005455436771691627,-0.02358993934769659,0.023533325695415865,0.0002027260487387083,0.005453592950936237,-0.023872636693901307,0.023260686112247325,9.043186982220641e-05,0.004561310360248943,-0.024335783850110083,0.019586607286964968,0.01808637396444128,0.9122620720497886,-4.867156770022016,3.9173214573929935,0.010136302436935413,0.27267964754681184,-1.1936318346950654,1.1630343056123662,48129.798062800466,1892.243921276314,44075.97736560098,51880.61903132717,0.44140888838748255,0.15870363311638233,0.034032357955231324,0.8253236267292952,3.68735453604727e-05,7.051585096357669e-06,2.601184464307213e-05,5.028959208540434e-05,0.8013462289616635,0.3418250847365961,0.3281180190089366,0.20325372523466,0.8980337345740694,0.22458224051928513,0.8784184582843024,0.20363193885194764,0.7928990793701732,0.1962297994667333,0.8693791209659961,0.17230229592737392,0.7068059133039498,0.030978763476014137,0.07513897866010666,0.6918470859527588,0.0,18.651412963867188,36.4466438293457,-7.06190299987793,0.16157680749893188,0.0007,55.0,0.0,0.0,0.0,
30240.0,0.04143049355646966,1.5537756359765806,-6.668771266937256,8.580617904663086,8.580617904663086,5.752815308570863,0.0,0.0005767918303483002,0.007679131808455821,-0.02760100005298429,0.059653909190118655,0.0005473438125405868,0.0076420888217608495,-0.02798906497856709,0.05794235404695751,7.031651072679894e-05,0.005900306827881251,-0.02670687054034783,0.028417499890410015,0.014063302145359778,1.1800613655762502,-5.341374108069566,5.683499978082003,0.02736719062702934,0.38210444108804253,-1.3994532489283544,2.8971177023478756,56615.135578682275,5755.21735122722,48428.94399692901,68939.28694745396,0.42979697263832933,0.16111718832566657,0.056527179495415816,0.8562570541047453,3.836389871395989e-05,1.5303219441824533e-05,2.148162012073445e-05,8.611125233069973e-05,0.8114643691526935,0.3321932117275441,0.31881814821272536,0.1882123632316879,0.8018099703516376,0.23408263212328306,0.9258098797804276,0.1854358565168648,0.8207421274458453,0.19899210860453742,0.8377112734266088,0.19327703952362676,0.7952522791822431,0.03060027025640011,0.07651632279157639,0.813795804977417,0.0,32.06492233276367,61.68655776977539,-7.062020778656006,0.2084726095199585,0.0007,56.0,0.0,0.0,0.0,
30780.0,0.00955309674307635,1.3721428993116171,-7.859293460845947,8.2492036819458,8.2492036819458,4.635533542633059,0.0,0.0003016762574284841,0.008404975125787832,-0.046524184705627025,0.05208861207856236,0.0002663821279156553,0.008393524038143179,-0.047641218401384654,0.05077734278204378,-1.8830052607491952e-05,0.004770067441090924,-0.027386163453595565,0.028551682892685785,-0.003766010521498389,0.9540134882181848,-5.477232690719113,5.710336578537157,0.013319106395782763,0.419676201907159,-2.382060920069233,2.538867139102189,72395.5365836503,2664.228035274064,65429.04309120992,78934.30093099862,0.42486583364450936,0.16163846710046542,0.03410500350947546,0.8639394650355103,7.90795083663394e-05,1.3866668426856797e-05,5.390312956537703e-05,0.00010670650630462208,0.8100574763430597,0.3332841007456414,0.32081706595373355,0.2128290913807243,0.8822276447463382,0.1928341870530029,0.7917574627155646,0.20575428524301725,0.9157344426935594,0.19433282225026013,0.85914809633887,0.1942496140729954,0.8129713772949377,0.02941012755036354,0.06913627684116364,0.7209168076515198,0.0,9.9149751663208,49.05288314819336,-7.059548377990723,0.15758836269378662,0.0007,57.0,0.0,0.0,0.0,
31320.0,-0.04817791315985637,1.6749773733082194,-19.435623168945312,8.57634449005127,19.435623168945312,5.109354529380806,0.0,-0.00014673307914252686,0.010343409614087059,-0.11133166470104841,0.05271392707157609,-0.00020115376238631755,0.010477685421726142,-0.11803118923261488,0.051371522045684785,-0.00019060112345921945,0.005768038297656315,-0.06767031749330382,0.030038840590889144,-0.03812022469184389,1.153607659531263,-13.534063498660764,6.007768118177829,-0.010057688119315877,0.5238842710863071,-5.901559461630744,2.568576102284239,75392.6839398439,3882.989379157723,64494.799499985966,83370.28080373158,0.44224448252116927,0.16568841464674108,0.07212226638373537,0.8780175419437721,9.089653181372285e-05,2.2718878132210506e-05,5.9266094728128714e-05,0.00013343856568257792,0.8024444432573186,0.3397712186876947,0.3272875008578429,0.20272543045577668,0.9215408499743414,0.19296538092321391,0.9426935898325937,0.2216363309008113,0.9051560580565696,0.19002202078582012,0.8342047124284259,0.19265083693437798,0.9020272614320227,0.022914651781320572,0.06940968334674835,0.7425890564918518,0.0,-24.699228286743164,44.83768081665039,-7.064502239227295,0.3095007538795471,0.0007,58.0,0.0,0.0,0.0,
31860.0,-0.041482719827305385,1.276588831403989,-7.404247283935547,5.700836181640625,7.404247283935547,4.2889772844314615,0.0,-0.0004945295093678229,0.007700184193780345,-0.052944417352348186,0.02919101585702933,-0.000524495352765593,0.007736882540966198,-0.054397494120717295,0.028773072138449228,-7.628974452825403e-05,0.004470457348232808,-0.0239827101834574,0.02131091383615512,-0.01525794890565081,0.8940914696465614,-4.79654203669148,4.262182767231025,-0.026224767638279654,0.3868441270483099,-2.719874706035865,1.4386536069224614,60225.82416708408,4420.970303046843,50557.219228608934,70418.75649600355,0.4107676847424034,0.1553244857540303,0.06996981175121164,0.8398491017758734,7.541097847468407e-05,2.2602915180984006e-05,4.622796262845635e-05,0.00012205265310894739,0.8142865226550555,0.33126974686616995,0.31622536566258636,0.2152203128080401,0.8861796216215612,0.182395491098687,0.8331544499681302,0.21949130656681362,0.8772006615578506,0.19153900629051004,0.8149301235389127,0.1913538832359492,0.8408701021671428,0.029212987050414085,0.07189461588859558,0.7738469243049622,0.0,-15.991689682006836,41.56865692138672,-7.063510894775391,0.055389225482940674,0.0007,59.0,0.0,0.0,0.0,
32400.0,0.03526637096936745,1.2521557937142902,-8.848937034606934,6.464132308959961,8.848937034606934,4.441934204101564,0.0,0.00035949615644643643,0.006093055038743678,-0.03693689329102947,0.0298164858693189,0.0003408591817172288,0.006096671923660479,-0.03763633796145041,0.029380617308638404,9.111705425660754e-05,0.004741660143655578,-0.03483560302226923,0.024975507166789656,0.018223410851321512,0.9483320287311154,-6.967120604453846,4.995101433357931,0.017042959085861443,0.30483359618302397,-1.8818168980725205,1.4690308654319202,62213.37559277898,5246.919326315108,53265.93671440664,70170.5531953151,0.4287420641651995,0.16189831065239044,0.0467998724917835,0.857487756857591,4.4820697362028964e-05,5.257050385047418e-06,3.387174848423026e-05,6.181751311865338e-05,0.8055895213198443,0.3372622015703838,0.32466463885825414,0.23335966937204863,0.9099304074941724,0.1906422076673756,0.8369109094047413,0.1934381129372,0.8018004942320585,0.18254074019065483,0.8988927338219643,0.20001926983272092,0.8219631686671288,0.033106766641139984,0.07528787851333618,0.7866828441619873,0.0,20.65770721435547,75.12574768066406,-7.063897132873535,0.19992202520370483,0.0007,60.0,0.0,0.0,0.0,
32940.0,-0.03082621207555618,2.8483675888197557,-15.740399360656738,14.53218936920166,15.740399360656738,12.650061893463137,0.0,9.508802240278864e-05,0.02524326383725606,-0.12676588659113447,0.15715964817831604,-0.0002225606481345245,0.02519750073746223,-0.13555158794981298,0.1459684232891838,-9.849090543956176e-05,0.008569242120805756,-0.06266989118156381,0.0423075616801481,-0.019698181087912367,1.713848424161151,-12.533978236312763,8.46151233602962,-0.011128032406726206,1.2598750368731118,-6.777579397490649,7.2984211644591905,11579.463076516406,11313.68649433739,5439.289066768757,65830.27662925294,0.4324592323089599,0.1644289201046246,0.03518592272171821,0.8379599771501809,0.0004523668626045295,0.0002392881377405641,1.0256766122816056e-07,0.0007666146967629239,0.8128233652778846,0.3307839387307355,0.3173452607402437,0.20884944463565994,0.8216791341561686,0.17812883700525184,0.8658775360334761,0.21577901287548457,0.8096110755868969,0.19314315628460632,0.8433284586106261,0.20409954919899737,0.8051206456953197,0.030981671065092087,0.07442058622837067,0.8770724534988403,0.0,-10.0967435836792,106.34300994873047,-7.064498424530029,0.1850256323814392,0.0007,61.0,0.0,0.0,0.0,
33480.0,-0.024853599429372007,1.5786576768636371,-8.08781909942627,9.955748558044434,9.955748558044434,5.018040957450868,0.0,-0.00019953874448903514,0.014442025583390321,-0.06992250641918969,0.08461296359038145,-0.0003036541274755898,0.01442219827916214,-0.07248736987531082,0.08122320776938248,-4.835445644094045e-05,0.0043036763086298346,-0.02231725467035937,0.029472941058411868,-0.009670891288188094,0.8607352617259668,-4.463450934071874,5.894588211682374,-0.015182706373779473,0.7211099139581069,-3.624368493765541,4.061160388469124,8306.377857430334,909.8593988311402,6465.11469394009,9944.444782622479,0.43266298488268745,0.16233882992365486,0.05828447124886299,0.8140355890296571,0.0003105141085256421,7.282109895797754e-05,0.00022635557430937268,0.0005057515478527845,0.8037873446202456,0.33813460467661427,0.326743861801309,0.22525563501899884,0.9229972980249854,0.14649025613537583,0.7594363844936871,0.2142244962680873,0.9414330585607225,0.19989954067701382,0.8229152228873589,0.2141300719005242,0.8222529602753559,0.02641303837299347,0.07817161828279495,0.9106385111808777,0.0,-5.561278343200684,26.125459671020508,-7.062519550323486,0.3401365280151367,0.0007,62.0,0.0,0.0,0.0,
34020.0,0.007009027317097342,1.3940258339467209,-7.158144950866699,8.132895469665527,8.132895469665527,3.954867246150971,0.0,0.0002758880403325894,0.010295203216877491,-0.047934054842275524,0.06241639439463769,0.00022283573300955396,0.010299863883937409,-0.0491209764661758,0.0605459310918247,-2.0663796083151953e-05,0.004405924654706322,-0.023770739952920346,0.02552799542455372,-0.004132759216630393,0.8811849309412643,-4.75414799058407,5.105599084910744,0.011141786650477697,0.5149931941968705,-2.45604882330879,3.027296554591235,8508.904793097536,991.1408559011993,6751.518474266914,10540.115730772957,0.4284339582679196,0.15191535553417984,0.05475127895386417,0.8328798953687967,0.00014790401318864917,3.084713321069274e-05,0.00011202340971100223,0.00023122246789272782,0.809581502544892,0.33488984371410646,0.3206340858468449,0.17541362887341005,0.741599475349539,0.19789658620151934,0.9261809855096297,0.19620199770006916,0.8377901607925237,0.21163329320969343,0.8552603557099824,0.218854494015308,0.8265618117670994,0.03305143117904663,0.08013363182544708,0.8500383496284485,0.0,15.274361610412598,102.38407897949219,-7.066058158874512,0.12788277864456177,0.0007,63.0,0.0,0.0,0.0,
34560.0,-0.030475860328792972,1.5282285585082624,-9.116576194763184,11.130050659179688,11.130050659179688,5.660166516304026,0.0,-0.00047583048935345923,0.01011751193456798,-0.059510882066071365,0.0655893019388261,-0.0005272566517172847,0.010135347757115927,-0.06135520081949683,0.06352798128176945,-2.0565140898197403e-05,0.005120753321502913,-0.03024408061573178,0.03976825679692919,-0.004113028179639489,1.0241506643005827,-6.048816123146357,7.953651359385838,-0.02636283258586424,0.5067673878557963,-3.0677600409748416,3.1763990640884727,7056.571079109327,674.3663208843399,5728.499465115871,8373.828415424661,0.4355746280178121,0.15585944599565155,0.05125511717431494,0.867644605719807,0.00010253364319603006,1.6331829280739453e-05,6.976471178303622e-05,0.00013979245377192704,0.8009801626362522,0.3399216923473516,0.3277077527965228,0.18371048908912146,0.8759529974441768,0.17861203550896437,0.8115793899576841,0.19752141751233024,0.8947162613062071,0.21750323875515193,0.9796108287233509,0.222652819134432,0.8393544008519342,0.032654471695423126,0.07616405189037323,0.868802547454834,0.0,-16.339706420898438,32.21760559082031,-7.061766624450684,0.397713840007782,0.0007,64.0,0.0,0.0,0.0,
35100.0,-0.03679379169673969,1.4567243704562742,-8.602758407592773,9.286179542541504,9.286179542541504,5.1771920156478926,0.0,-0.0004867747877246534,0.009386999857032369,-0.08662277245311842,0.045320288716145365,-0.0005314448497692934,0.00946466893517436,-0.09060631006504524,0.04432333483544083,-5.110774624275257e-05,0.004987559798325737,-0.022148538054472255,0.0353500642835567,-0.010221549248550517,0.9975119596651474,-4.429707610894451,7.07001285671134,-0.026572242488464667,0.473233446758718,-4.530315503252262,2.2161667417720414,5768.290602475376,585.0124103626924,4109.120024122066,6588.7527641972665,0.4305689549134091,0.15092282405159904,0.029101941624020515,0.8568204497135995,7.939184976685583e-05,2.2023551757357477e-05,5.063347715245872e-05,0.0001436484024717062,0.8062023076055219,0.3355479094631902,0.32419807928281263,0.19206607899880176,0.9436863100046781,0.1901052714525676,0.7976908744384987,0.20875732933894525,0.8475259908064321,0.1986549657228537,0.8091505393338766,0.21041635448683169,0.7986893786710672,0.03131607919931412,0.07231249660253525,0.8649108409881592,0.0,-42.298980712890625,100.50122833251953,-7.0600152015686035,0.1022641658782959,0.0007,65.0,0.0,0.0,0.0,
35640.0,0.0038534767572720604,1.4203328223314315,-6.875282287597656,9.149046897888184,9.149046897888184,5.118465023040778,0.0,-0.00020655047887613905,0.009608481497887462,-0.04435674791133352,0.058791633541818676,-0.0002527209821897677,0.009606052554370689,-0.04537060284623781,0.05712828950904426,8.244763262977434e-05,0.004705813116980366,-0.02303376083837542,0.031463164227163436,0.016489526525954864,0.9411626233960732,-4.606752167675085,6.292632845432687,-0.01263604910948839,0.48030262771853444,-2.2685301423118904,2.8564144754522127,4281.136535568359,279.41667344946035,3622.507887589426,4839.362595099324,0.4293627873262272,0.15998834638126533,0.06020269087484499,0.8399770878803458,0.00010815662175708424,1.2560431747247078e-05,8.72693935896034e-05,0.00014344580189759395,0.7990019627396836,0.3432658877437903,0.33139007311863045,0.15262231580934948,0.8469203077559321,0.2238932248096483,0.8012720110231168,0.20441557873016847,0.9179055606737088,0.21793311884361305,0.9001404782234765,0.2011357618072207,0.8046359419151949,0.02397426962852478,0.07081155478954315,0.8109182119369507,0.0,-12.492348670959473,43.81834411621094,-7.0589094161987305,0.1595057249069214,0.0007,66.0,0.0,0.0,0.0,
36180.0,-0.04503003275539312,1.0875561319234293,-6.32776403427124,7.888300895690918,7.888300895690918,3.756957199573518,0.0,-0.00031936693042250853,0.005518836441594982,-0.034796909251800894,0.040816256852797,-0.0003346836062126661,0.005528166140270847,-0.03541674305217776,0.04000526766834502,-0.00014147926386724798,0.004075247956119169,-0.024673685993128493,0.029440187684912574,-0.028295852773449585,0.8150495912238338,-4.934737198625698,5.888037536982515,-0.016734180310633305,0.27640830701354235,-1.7708371526088882,2.000263383417251,3825.889148918471,127.11624240028829,3369.9515339466643,4097.458514216146,0.42946812433936893,0.15649855711393296,0.05051913621914648,0.8315122038080092,5.0830625031496455e-05,1.910186143051733e-05,2.523352998417977e-05,9.124815666121722e-05,0.8045566502331671,0.33743585265831993,0.3257455639885976,0.15374299104405675,0.7931861966001079,0.21548585479151242,0.8628310553789039,0.19483538708623593,0.7637832696454219,0.22091608842412275,0.847966990994988,0.21501967865407218,0.8370326969302532,0.021345950663089752,0.08590203523635864,0.762075662612915,0.0,-44.557987213134766,75.76073455810547,-7.059346675872803,0.06788712739944458,0.0007,67.0,0.0,0.0,0.0,
36720.0,0.04551187796794154,2.1124187556024405,-7.794366836547852,20.13406753540039,20.13406753540039,6.949245986938488,0.0,-0.00011788552748641255,0.015030272880728033,-0.06601930070127504,0.07562631719360655,-0.00023050682423385562,0.014996883251479302,-0.06829950552920241,0.07290311256732751,0.00028518610333370654,0.006997173706348087,-0.0218969584733439,0.08333951179772904,0.05703722066674132,1.3994347412696178,-4.37939169466878,16.66790235954581,-0.011525341211692793,0.749844162573965,-3.4149752764601207,3.6451556283663757,2640.579032381584,308.28446364054207,2156.546984908627,3390.4551038897284,0.4227869862853441,0.15847927768502904,0.025204931282382877,0.8631150766466085,0.00016835298579994927,4.860192086163173e-05,3.478669782983613e-05,0.00022730206596671457,0.8073983353123013,0.3342617050254188,0.32103076524037116,0.1539488495205959,0.8706857894578045,0.24915642684588696,0.8760915428026379,0.17779371878548944,0.8902473251612005,0.22764215105402277,0.8778506983299849,0.19145885379400493,0.8555784672237482,0.025139352306723595,0.09129773080348969,0.8343769907951355,0.0,26.043203353881836,99.99288177490234,-7.056910991668701,0.016749858856201172,0.0007,68.0,0.0,0.0,0.0,
37260.0,0.01201374413859513,1.328179518439487,-12.766763687133789,8.528227806091309,12.766763687133789,5.299614129066468,0.0,0.0002817676602330098,0.009035468719582562,-0.07479201969383477,0.06203954571002306,0.00024079116251292084,0.009057222054586372,-0.07773672316900729,0.06019115914155429,-1.2907708604318627e-07,0.00438948109463322,-0.04439963968288789,0.02759335142541146,-2.5815417208628365e-05,0.877896218926644,-8.879927936577579,5.518670285082292,0.012039558125646044,0.45286110272931857,-3.8868361584503646,3.0095579570777145,3128.4641738039627,174.62566476169965,2844.7993293463846,3604.7259820817953,0.42281571988696753,0.15604363813993075,0.06619723145451892,0.8171272030548535,0.00011937422335611493,2.8346438785079732e-05,8.141803723623597e-05,0.00018979929247002456,0.8067860071189981,0.3354703753095137,0.32531422140288996,0.1446250828442593,0.8693139617448694,0.25143910560033267,0.8575784049174573,0.17006762506054232,0.7771938494104577,0.23769241697951526,0.8211070737512557,0.19617576951535048,0.8642897185266288,0.017732610926032066,0.08474995195865631,0.649222195148468,0.0,-8.056751251220703,43.42293167114258,-7.056649684906006,0.08611494302749634,0.0007,69.0,0.0,0.0,0.0,
37800.0,0.05095570185868484,1.2337895078302235,-15.821364402770996,6.250736236572266,15.821364402770996,3.683846077919008,0.0,0.0007410220133753309,0.006879662292392857,-0.07077587163195528,0.043785560886221875,0.0007169388013033639,0.006914265582344388,-0.07340531160419803,0.04285406691270104,7.554380263959942e-05,0.004463921896809112,-0.06075549593748488,0.02054016387515093,0.015108760527919877,0.8927843793618224,-12.151099187496976,4.108032775030186,0.0358469400651682,0.34571327911721944,-3.670265580209901,2.142703345635052,4339.991143505961,469.86910822636895,3381.9080207026427,5034.49418732996,0.4364032794367919,0.15782236728865573,0.07118423503469923,0.8536143081473839,6.705909746196432e-05,1.8008248721791445e-05,3.428373148597187e-05,0.0001014016145537376,0.8115712143410955,0.3319373206813753,0.319508596564882,0.17196034632771331,0.7515108957612235,0.2168931599259481,0.791309182671978,0.1835688429140538,0.8094214486616267,0.200080871875983,0.8121243474343948,0.22749677895630177,0.8454754275270233,0.01387488842010498,0.06350719928741455,0.4861143231391907,0.0,10.858358383178711,21.35247802734375,-7.0592193603515625,0.29980576038360596,0.0007,70.0,0.0,0.0,0.0,
38340.0,0.040361880177321535,1.6919221090980023,-12.28711223602295,7.476569652557373,12.28711223602295,5.9377628612518345,0.0,0.0007119813336147953,0.00926648560984014,-0.049739320633006276,0.04857408103614986,0.0006686725805047674,0.009289919273777824,-0.05101893269448454,0.04743122316641952,3.46412497186706e-05,0.006163360093271727,-0.048680826136701466,0.025525042338980005,0.00692824994373412,1.2326720186543456,-9.736165227340294,5.105008467796001,0.03343362902523838,0.46449596368889123,-2.550946634724227,2.371561158320976,5640.119084535863,326.3938213177906,5018.974191141676,7223.909261085325,0.4326704818226271,0.15556168612298116,0.06670174008131705,0.8210099812906728,6.309280288430582e-05,1.3014927701815744e-05,3.12577066429528e-05,9.589298540164804e-05,0.806195299716125,0.33775630757881586,0.32279368671076536,0.1620275182960503,0.7371759801836093,0.22390134583824936,0.8500566483596037,0.19318128654920558,0.8753074920775832,0.193986658140197,0.8859515484453125,0.22690319117629779,0.871005932880464,0.016542714089155197,0.07074812799692154,0.5564278364181519,0.0,19.464075088500977,80.01160430908203,-7.057976722717285,0.12952756881713867,0.0007,71.0,0.0,0.0,0.0,
38880.0,-0.004487706671244707,1.5442390580694876,-8.675338745117188,5.676145076751709,8.675338745117188,5.612129831314089,0.0,0.0005172946434287931,0.009914820953899568,-0.05077358985975312,0.043856902147897066,0.00046796157604764424,0.009925062321755065,-0.05210793122958734,0.04292241315777529,-0.000139428934899145,0.005262267934578778,-0.03090422335178749,0.017650121462125405,-0.027885786979829,1.0524535869157556,-6.180844670357498,3.530024292425081,0.02339807880238221,0.49625311608775324,-2.605396561479367,2.1461206578887646,8118.26672547919,769.1926214403668,6449.809446142899,9949.65280944451,0.4417418445700967,0.1595259373230401,0.08395910318202425,0.808052786966659,9.725817300604301e-05,1.9571890262175976e-05,5.933637432637937e-05,0.00012752193959656325,0.7997926063354347,0.3425127876688942,0.33159911478240817,0.15335654180582448,0.7883086073242137,0.21872466964114315,0.8553844051536519,0.17510892528613212,0.8114404607221015,0.21652780058708956,0.8460712720118224,0.23628206267981072,0.8583600779054199,0.022687727585434914,0.09182609617710114,0.7487454414367676,0.0,21.24245834350586,37.89165115356445,-7.0628509521484375,0.2003689408302307,0.0007,72.0,0.0,0.0,0.0,
39420.0,-0.04397772824837982,1.4950673959172003,-9.538053512573242,7.848649024963379,9.538053512573242,5.750764493942263,0.0,-0.00030360775004933114,0.010636166886845528,-0.07251603685534982,0.05647311287703402,-0.00036046195657012223,0.010669926125949268,-0.07527977506010838,0.05493610850927938,-0.00012977315742189065,0.004818883709400977,-0.028870322821198054,0.02550921804706056,-0.025954631484378144,0.9637767418801954,-5.774064564239611,5.1018436094121125,-0.018023097828506102,0.5334963062974634,-3.7639887530054192,2.746805425463969,7968.85880131302,525.4239188130513,7051.228540341587,9371.075461883329,0.432967481904705,0.1550484164707429,0.0558373409171597,0.8840741075609384,0.0001223221884394579,2.7818454717311704e-05,7.380933301917292e-05,0.0001842774913901434,0.8063664144203179,0.335410178673394,0.32324197949191547,0.1710568259925019,0.8034548033502988,0.19938253195274566,0.9564864632713915,0.19301919160180692,0.8165491397874451,0.21307893363952046,0.7782431492401549,0.223462516813425,0.9015043867287376,0.026293674483895302,0.08008956909179688,0.7834619879722595,0.0,-17.734663009643555,35.210487365722656,-7.062599182128906,0.1140936017036438,0.0007,73.0,0.0,0.0,0.0,
39960.0,-0.04916467183394599,1.4313971836477046,-13.632426261901855,6.404321193695068,13.632426261901855,5.2561817455291795,0.0,-0.0004533734970020343,0.008155625831319607,-0.07748066287618346,0.03378254145396818,-0.00048718434138191193,0.00823744543151185,-0.08064694163531351,0.0332244458967963,-0.00012402727761077573,0.005110208879478182,-0.048000395210670684,0.023715495524314373,-0.024805455522155163,1.0220417758956366,-9.600079042134137,4.743099104862875,-0.0243592170690956,0.4118722715755924,-4.032347081765676,1.6612222948398152,6821.631136922507,433.1660164531713,5577.942198442926,7658.79177462366,0.4320859783225731,0.15836054007047995,0.08492745186614414,0.8679432942557851,6.112189078829847e-05,1.413011542635304e-05,3.876338755599684e-05,8.981854717807917e-05,0.8056285934805972,0.33793574744944366,0.3247639570431651,0.16831142771618934,0.7702768871841481,0.19222166742850433,0.8668918677196886,0.18853432704906103,0.9529726019677963,0.2129939083369491,0.8402837374110654,0.2379386694692962,0.9054455914866721,0.026274222880601883,0.08122364431619644,0.7445551156997681,0.0,-41.57918930053711,91.86869812011719,-7.058154582977295,0.06137239933013916,0.0007,74.0,0.0,0.0,0.0,
40500.0,0.029228024856412824,1.2183434604739671,-9.168001174926758,4.857895374298096,9.168001174926758,4.297858862876901,0.0,0.00012368748532036127,0.0067138402216972,-0.04731900003307238,0.027219843212211638,0.00010107416483659052,0.006729650722081276,-0.04847516382197718,0.026855971535871603,0.00012087158285961326,0.004413862729216707,-0.033721214538838945,0.017833850372721644,0.024174316571922646,0.8827725458433414,-6.744242907767789,3.566770074544329,0.005053708241829524,0.3364825361040638,-2.4237581910988593,1.3427985767935802,6089.408756949813,182.49381792825682,5632.4843325698075,6419.088728089377,0.43609973259274387,0.16062608220931437,0.051295777646473154,0.8434885066780714,6.106087377839513e-05,1.1230941306825376e-05,4.4193333367350294e-05,8.806893346111815e-05,0.8009904406119948,0.34096643333934146,0.3283420847879626,0.14698899911087573,0.7539701720335786,0.2161867316108224,0.8823402793899119,0.19545975332318186,0.8703468130424372,0.2175407948973738,0.8080141114154272,0.2238237210577462,0.8139641830895051,0.018568042665719986,0.08470304310321808,0.6065279841423035,0.0,0.21698392927646637,16.106828689575195,-7.056573867797852,0.17197537422180176,0.0007,75.0,0.0,0.0,0.0,
41040.0,-0.01835121742516532,1.365776202545741,-7.3850321769714355,6.321836471557617,7.3850321769714355,5.137248415946962,0.0,-0.00023916312271177978,0.007199364428116804,-0.038362846385232685,0.029685822755717295,-0.00026515842632535705,0.007209391428137082,-0.03911807866102298,0.029253729260754497,-2.546649666081225e-05,0.0050353407909401356,-0.027145641264597134,0.02429574980474362,-0.005093299332162475,1.0070681581880272,-5.429128252919427,4.8591499609487245,-0.01325792131626785,0.3604695714068541,-1.955903933051149,1.4626864630377248,5531.695682331602,288.5174621053119,4973.601254706698,6303.732250706326,0.4239486180618722,0.15501680106394564,0.04862189267201432,0.870299121920777,5.2135051466115896e-05,1.0059343577082075e-05,3.674938411276419e-05,7.277801796844799e-05,0.8076247973017548,0.33558108845686985,0.3229197537829934,0.15551813935644354,0.7389686543265476,0.20183510563393822,0.82503214401097,0.1983113209254785,0.8212150600384495,0.2335189607717624,0.8335697132013296,0.2108164733123774,0.8322240625368439,0.023037757724523544,0.0944027453660965,0.736133337020874,0.0,-19.739532470703125,44.03081512451172,-7.058449745178223,0.12120503187179565,0.0007,76.0,0.0,0.0,0.0,
41580.0,0.07764584154658088,1.3781930400158822,-5.744463920593262,7.2188897132873535,7.2188897132873535,4.966379895210267,0.0,0.0006999273133361607,0.007157469018005434,-0.027351551082251426,0.036957187523126725,0.0006741499460191895,0.007142905271603047,-0.027732568436802957,0.03629064346083989,0.0002196917205518845,0.005112353064138147,-0.021789177103350345,0.027021788846071117,0.043938344110376906,1.0224706128276295,-4.357835420670069,5.404357769214223,0.033707497300959476,0.3571452635801524,-1.386628421840148,1.8145321730419945,6367.39935417226,666.3933529878406,5303.552622372796,7889.854810740537,0.41692165916249146,0.16334847133211616,0.056167821476357835,0.839829473096926,4.978997577375558e-05,7.804020984227026e-06,3.652226866628672e-05,6.307503457638497e-05,0.8009204238202747,0.33976461429942184,0.3265527575710268,0.11973667310971524,0.6128787459452989,0.2347353957603524,0.8582982515577575,0.16106368053251813,0.9041962452528577,0.23560636562012327,0.8496289987457796,0.24885788497729103,0.9066414006757505,0.011700321920216084,0.1270035207271576,0.5700717568397522,0.0,35.53828430175781,54.90275192260742,-7.059109210968018,0.2330183982849121,0.0007,77.0,0.0,0.0,0.0,
42120.0,-0.05187384812937428,2.2030597662067026,-9.386716842651367,22.864620208740234,22.864620208740234,6.534056081771851,0.0,-0.00027854342330405004,0.01679822575103954,-0.11352628522862285,0.13204655377292202,-0.0004190211216236656,0.01674384830800824,-0.12050380447556373,0.12402710417646882,-0.00015461395864299835,0.007107240563939545,-0.02429573681639079,0.08331632614172133,-0.030922791728599623,1.4214481127879093,-4.859147363278158,16.663265228344265,-0.020951056081183285,0.8371924154004119,-6.0251902237781865,6.201355208823442,6753.768762822789,1089.5021580761122,4060.5429686995817,8753.642911924424,0.43203351364732256,0.15621729080051963,0.06654000840809052,0.831987624022639,0.00016771938540709747,0.00014732511063033843,4.903267645391452e-05,0.0004278194283528258,0.8017413849494497,0.34002879083091336,0.3283439982420795,0.1556617801508359,0.7772379672964861,0.21485677139367515,0.8354995708133778,0.17856455894864653,0.8015285571112266,0.2243804757576378,0.8763068734132414,0.22653641374920458,0.9180785995825308,0.029195398092269897,0.10500499606132507,0.7987877726554871,0.0,-39.33331298828125,187.038330078125,-7.058750152587891,0.12629151344299316,0.0007,78.0,0.0,0.0,0.0,
42660.0,0.014329247465529651,1.3480995325922411,-17.813262939453125,6.047593116760254,17.813262939453125,3.9941652536392236,0.0,0.0004532218601520647,0.009562135867243842,-0.09152746919936286,0.04932615036339942,0.00040698349451730853,0.009631277397924413,-0.09599062737557267,0.0481481965936684,-3.0099627825739385e-05,0.004399861654723818,-0.06506865421653332,0.01820091576606979,-0.0060199255651478744,0.8799723309447637,-13.013730843306664,3.640183153213958,0.02034917472586544,0.4815638698962207,-4.799531368778633,2.40740982968342,7229.905496984686,843.5553928566435,5792.590720559448,8683.837571988388,0.4233220247831729,0.1587615278277199,0.04913804200574248,0.8147607767815792,0.00017801704837841468,7.255926628043822e-05,8.408495666222257e-05,0.0003569068246190304,0.7938839377718828,0.3454569063485378,0.3360362796348206,0.11398827626157403,0.6711724321244138,0.2405886342213503,0.8554142557922535,0.16660973500350323,0.847207295944454,0.23696129304040642,0.8675757908636331,0.24185206147316599,0.9119124066588308,0.012075679376721382,0.13131166994571686,0.639080822467804,0.0,0.11849003285169601,48.29661560058594,-7.058350563049316,0.10052371025085449,0.0007,79.0,0.0,0.0,0.0,
43200.0,0.0008467493587414976,1.0848843247808808,-8.989383697509766,4.824029922485352,8.989383697509766,3.8643399071693456,0.0,0.00017764491250706556,0.006564316386192414,-0.04591374428521806,0.034543954780362686,0.0001560272262006566,0.006578110775365739,-0.04700119682565287,0.03396070621370109,-3.477305309614794e-05,0.0038026501308446826,-0.033196620236258106,0.015629973610807847,-0.00695461061922958,0.7605300261689365,-6.6393240472516215,3.1259947221615696,0.007801361310032829,0.328905538768287,-2.3500598412826434,1.6980353106850545,8439.108348845335,345.8463670040129,7437.007825362995,9026.282917451274,0.41066383393735884,0.15753351170641722,0.07091079150443401,0.9052957025779294,7.540689388211715e-05,2.7718785569359628e-05,3.352539789416026e-05,0.00013419174669931293,0.8006288252657842,0.339831992188568,0.32618643793993507,0.12780619244393274,0.7603674180117849,0.24650436924269115,0.9355122476352359,0.15077436452201062,0.8465014719409982,0.24896649545447855,0.9146911325197665,0.2259485783368869,0.8238049970710957,0.014791080728173256,0.13627475500106812,0.6674208045005798,0.0,-21.67887306213379,27.920677185058594,-7.0525383949279785,0.16092026233673096,0.0007,80.0,0.0,0.0,0.0,
43740.0,0.05555304459738653,1.5751364023504253,-20.073623657226562,8.416093826293945,20.073623657226562,5.35955117225647,0.0,0.0005378646385427005,0.007000993202560186,-0.06699465104885194,0.05104094082310627,0.0005131526892010607,0.0070165335600538515,-0.06934434508461619,0.0497810452970208,0.00014947703678509346,0.00617012862148468,-0.08303203609288112,0.029635208760057916,0.029895407357018716,1.234025724296936,-16.606407218576223,5.927041752011583,0.02565763446005303,0.3508266780026926,-3.4672172542308095,2.48905226485104,9097.927396147807,971.1565639233165,7979.140672051884,11289.73520520378,0.43237919479723225,0.1548126813270407,0.061108808566454106,0.7997524624975032,3.73938551319075e-05,1.5842495502628303e-05,2.1578994105519067e-05,7.630422309516412e-05,0.7947191646661657,0.34399950788763434,0.33453787175690036,0.13265035640221273,0.7261699771117666,0.25188796650273415,0.9012570819603847,0.14973556524502407,0.6754524489775976,0.22331792485563326,0.8553817836321447,0.24240818699439579,0.8403239878047719,0.01188204437494278,0.14163148403167725,0.7452194094657898,0.0,35.58890151977539,52.74732971191406,-7.052666664123535,0.11942476034164429,0.0007,81.0,0.0,0.0,0.0,
44280.0,-0.06084428251100083,1.5286365892506601,-11.831253051757812,8.442909240722656,11.831253051757812,4.3708995866775515,0.0,-0.00017792158972747876,0.008639903098403248,-0.051348526532065675,0.04736660516356545,-0.0002154547317008137,0.008673075563272195,-0.052713804447106404,0.046279018799073306,-0.0002503577288618736,0.0054919201111172395,-0.045977814579249224,0.03064479124419443,-0.05007154577237473,1.0983840222234478,-9.195562915849845,6.128958248838886,-0.010772736585040686,0.4336537781636098,-2.6356902223553202,2.3139509399536653,10780.833817220147,391.9389285175835,9685.618774228114,11763.255194341878,0.41230100359951655,0.15500789879128257,0.01788914204925628,0.8440855949327125,6.806813024939945e-05,1.541731142929686e-05,4.656889938118532e-05,9.760077332076181e-05,0.8127084047647233,0.3319396455600392,0.3162563230769502,0.15217350083384176,0.7473485779621246,0.2377391229288531,0.8136390544733207,0.1497285262033246,0.879018420311303,0.2392239957056017,0.9157386978691882,0.22113485432837884,0.7771839710196305,0.020661987364292145,0.1207415759563446,0.6813440918922424,0.0,-40.175132751464844,59.44657516479492,-7.053946018218994,0.2963241934776306,0.0007,82.0,0.0,0.0,0.0,
44820.0,0.06791219417031648,1.245547540813436,-8.04144287109375,5.217860698699951,8.04144287109375,4.749956655502321,0.0,0.000512917224540256,0.006474068127353271,-0.03662752142550791,0.029365586605658068,0.000491813380504776,0.006479476447823879,-0.03731515217092152,0.028942677141137393,0.00021660762380923797,0.004616983833584892,-0.03087842602766744,0.019023339050543972,0.0433215247618476,0.9233967667169783,-6.175685205533488,3.8046678101087945,0.024590669025238803,0.32397382239119393,-1.8657576085460759,1.4471338570568697,11106.98616240839,731.9411630922923,9536.670895027426,13097.877051794074,0.41356082369922137,0.1532982256821357,0.07224994874531876,0.90748473100029,5.387985312863371e-05,1.242173871233641e-05,3.931833813851826e-05,8.469912870798211e-05,0.796609379448588,0.3423626182199782,0.3325284746473617,0.13142500605804613,0.6803860484346449,0.24038648859304312,0.9468010131263938,0.1593363466113907,0.8158578362954069,0.20463225178825323,0.8078137112067907,0.2642199069492668,0.8190129491986087,0.014400768093764782,0.13264591991901398,0.6975677609443665,0.0,26.12421989440918,30.75495147705078,-7.055104732513428,0.34413331747055054,0.0007,83.0,0.0,0.0,0.0,
45360.0,0.032473013643525686,1.5778378239379671,-9.101227760314941,5.122120380401611,9.101227760314941,5.378120017051702,0.0,0.0007427375122091367,0.009043542281131975,-0.0394119648448298,0.03751636443703215,0.0007015596108386166,0.009048742018514333,-0.04020964542426861,0.03682974594968091,-1.3024828568223024e-05,0.005647936860577075,-0.035598084762679005,0.017113349932538498,-0.002604965713644594,1.1295873721154148,-7.119616952535801,3.4226699865076995,0.035077980541930835,0.4524371009257167,-2.0104822712134305,1.8414872974840453,15622.580274675656,1931.905486297255,12396.574526327307,19997.70181160161,0.42479367059272666,0.15541560082036157,0.06013030015623668,0.9271626492131034,6.976255158735092e-05,1.3335101124726943e-05,5.0720138621212256e-05,9.14605748052792e-05,0.8002452563361929,0.3402881927857286,0.32953358215957274,0.14167407431269413,0.7460281236848239,0.24433653669036767,0.946166162698564,0.1651641685119306,0.851426198403567,0.20638959910244448,0.7406998832532443,0.2424356213825631,0.8721291114977244,0.027022385969758034,0.12637710571289062,0.7745513319969177,0.0,19.556312561035156,60.74361801147461,-7.055417060852051,0.29072678089141846,0.0007,84.0,0.0,0.0,0.0,
45900.0,0.032904176247582115,1.8941589850151799,-13.741043090820312,6.097230434417725,13.741043090820312,5.802357501983653,0.0,0.000885966595291765,0.014097870140897154,-0.07035264460855778,0.05049666645528102,0.000785805791918219,0.01414691737539918,-0.07294995249582693,0.04926306800448097,-3.193056180987925e-05,0.005994026640660555,-0.050467725523478744,0.018170385073321086,-0.006386112361975845,1.198805328132111,-10.09354510469575,3.6340770146642174,0.03929028959591095,0.707345868769959,-3.6474976247913466,2.4631534002240487,24181.734205538076,3013.766920143114,17859.92810991638,30419.88084530689,0.4369639753326892,0.15814701359437552,0.07040988082083802,0.8232157235882785,0.0001654929692499166,5.4342260044514584e-05,8.59275582295855e-05,0.00024123354848986606,0.8004431179155639,0.34016003889992874,0.3300305315928022,0.16992414337971426,0.7588315698359246,0.2231125395339354,0.8730538674796625,0.18431031265906794,0.7709672188192852,0.21202223797040684,0.8195940042990124,0.21063076645687556,0.8207990435249118,0.04091789945960045,0.10291752219200134,0.8864242434501648,0.0,31.002986907958984,129.79171752929688,-7.056216716766357,0.10904639959335327,0.0007,85.0,0.0,0.0,0.0,
46440.0,0.01596597958328116,1.7134683730911886,-8.61375904083252,8.078001976013184,8.61375904083252,4.898421707153322,0.0,0.0008299366739131411,0.014423927922311175,-0.052226721354396335,0.07711334485116855,0.0007258988688758154,0.014396369059096496,-0.05363996287667339,0.07428463390991424,-0.00010164481532491975,0.004993691660134702,-0.02965880457805189,0.021818849763864633,-0.020328963064983933,0.9987383320269404,-5.931760915610378,4.363769952772927,0.03629494344379078,0.7198184529548247,-2.6819981438336695,3.7142316954957124,41326.70548625473,4394.5009285574515,28135.65780001283,51091.93508074325,0.4309998991885379,0.16095428585388008,0.04335424821838153,0.9228018582890779,0.0002129744748805639,4.492430314101468e-05,0.00015987270199100542,0.00030519387149052595,0.8042567722279733,0.3374212649863803,0.32422182909967767,0.21677475203087104,0.9195475915500927,0.1850682374534978,0.785724830037163,0.20234435665430725,0.9241109430161293,0.20922511245512598,0.8562077136659109,0.18658754140619788,0.8896045656085453,0.03750305250287056,0.08203418552875519,0.8806197047233582,0.0,5.545600414276123,90.781005859375,-7.062707901000977,0.014050900936126709,0.0007,86.0,0.0,0.0,0.0,
46980.0,0.06367765258700173,1.621532763672495,-7.945225715637207,6.8592000007629395,7.945225715637207,5.466992497444156,0.0,0.0008320354554952783,0.011970333444010264,-0.0495232876625142,0.05713587405041391,0.0007601592115159985,0.011961618791668332,-0.050791617787790795,0.05556324550500667,0.0001283484658988295,0.0051358189274819535,-0.02702822480761004,0.020405188525476393,0.02566969317976591,1.0271637854963906,-5.405644961522008,4.081037705095278,0.03800796057579993,0.5980809395834167,-2.5395808893895397,2.7781622752503337,49509.3493158267,5650.891805009966,39147.61093614754,63914.17463322001,0.4374848505462553,0.16479739854360292,0.080581075878603,0.8480084382324152,0.0001395483259814935,3.51267447613408e-05,9.640070690819412e-05,0.00021613090208447367,0.8004273894051414,0.34179214133071917,0.3273436219558158,0.22527021796231061,0.836929786555201,0.15909004390708745,0.8744261314627407,0.21200603318229472,0.8684357222067421,0.18499328393335251,0.8643375640452509,0.2186404210149547,0.8734598183096528,0.028234517201781273,0.0750751793384552,0.9325125217437744,0.0,63.98514938354492,149.56346130371094,-7.057147979736328,0.044236719608306885,0.0007,87.0,0.0,0.0,0.0,
47520.0,-0.08849860223191273,1.9338921937707199,-11.755613327026367,6.001204967498779,11.755613327026367,5.777945952415466,0.0,-0.0007465025702701199,0.017386558127953266,-0.09372208644738086,0.05333102929505583,-0.0008993867338801779,0.017507631810893584,-0.09840927212608779,0.05195755155020718,-0.00021764634137972787,0.005344553074370764,-0.03861567858754261,0.017016636765500248,-0.04352926827594557,1.0689106148741527,-7.723135717508523,3.4033273531000496,-0.0449693366940089,0.8753815905446792,-4.92046360630439,2.597877577510359,46392.89886713281,9174.050378257245,34195.62508272795,67746.48079164665,0.4164303568423146,0.158043929281614,0.04809486748082372,0.8113260269901627,0.0002848935476529714,8.73340434218109e-05,0.0001433551022041735,0.00042289473026625783,0.8063479496632577,0.33593265510598014,0.3238466131010296,0.25988453868620465,0.8723285049108718,0.1540629058824645,0.8465772924085305,0.22778270762371047,0.9197187387537805,0.17276646302415835,0.6972329399474902,0.18550338478346196,0.8288593771013318,0.028728822246193886,0.10631199181079865,0.8958701491355896,0.0,-24.805519104003906,122.68904876708984,-7.058576583862305,0.17226392030715942,0.0007,88.0,0.0,0.0,0.0,
48060.0,0.03098701899698763,1.4607525325936008,-5.953133583068848,10.538187980651855,10.538187980651855,4.886624035835267,0.0,0.00020583733897305926,0.01175906703567759,-0.05235879185311794,0.08343502262460953,0.00013698484997664182,0.011722240789202809,-0.05377932078477807,0.08013657030640278,0.00012068887494557715,0.004394353082201375,-0.01632083881153964,0.03265679616309646,0.024137774989115422,0.8788706164402751,-3.2641677623079275,6.531359232619292,0.006849242498832088,0.5861120394601405,-2.6889660392389034,4.006828515320139,37800.90779470998,2574.2936465266944,32012.449215687182,45161.7048700886,0.42308208525584434,0.1608076039568655,0.07452495912059039,0.8374123785784134,0.00017852477957497855,5.2915842080950384e-05,0.0001087611066145617,0.00028132728178593676,0.8051189108768847,0.3370754032287382,0.3277963297003198,0.21677813095587084,0.903350491700062,0.18167044269100965,0.8055697435439175,0.20745641886838764,0.7615372414680496,0.18076259411538664,0.8814545053708638,0.2133324133693452,0.8480597871458125,0.045634739100933075,0.11309687048196793,0.9888008832931519,0.0,37.766239166259766,59.18846893310547,-7.057748317718506,0.2402416467666626,0.0007,89.0,0.0,0.0,0.0,
48600.0,0.01977317367062723,1.5494959372717512,-16.304882049560547,6.2816643714904785,16.304882049560547,4.525935754776002,0.0,0.0006051276285781629,0.009572513166024822,-0.07879521884747182,0.04357861914171477,0.0005588197355234542,0.009624560671221413,-0.08207292091389523,0.04265578647159246,-4.083907077346153e-05,0.005364026078319173,-0.0610061787223121,0.02074437421264386,-0.0081678141546923,1.0728052156638348,-12.20123574446242,4.148874842528772,0.02794098677617271,0.48122803356107063,-4.103646045694761,2.132789323579623,53413.55766857608,4442.921329902085,41952.97934534224,62842.208088425505,0.4374975199532488,0.16301380717601258,0.06709782623198024,0.9232533125522098,9.48106723586982e-05,1.1980927342423553e-05,6.774534183733038e-05,0.00011711288020731319,0.8023762430447609,0.3409079943020271,0.32457778331246956,0.23748519280586375,0.8510600929119515,0.18076208966087196,0.8672629548139472,0.20537885039140757,0.8903576214729154,0.17782167445768413,0.7571454985443503,0.19855219268417262,0.8532880935691863,0.030711228027939796,0.09196175634860992,0.8660100102424622,0.0,13.078389167785645,54.59612274169922,-7.055147647857666,0.13281124830245972,0.0007,90.0,0.0,0.0,0.0,
49140.0,0.029926364845165088,1.3948600680598318,-11.332963943481445,6.8082098960876465,11.332963943481445,4.730638175010693,0.0,0.0003722083604258812,0.009070190824770218,-0.07482063198139159,0.042488131938138086,0.00033082427902291736,0.00910252010417628,-0.07776764889662319,0.041610290394016765,6.692574595557591e-05,0.004708055009875373,-0.037222907508051385,0.023638477518754652,0.013385149191115196,0.9416110019750746,-7.444581501610277,4.7276955037509305,0.016541213951145863,0.455126005208814,-3.8883824448311595,2.0805145197008383,58014.56413789594,5861.748024555613,46794.06898390868,68753.60930201535,0.4306597047570592,0.1638407941965544,0.0473023818588367,0.8607331869674724,9.363813890309707e-05,1.8347561695006038e-05,6.335741444579456e-05,0.0001279818085865732,0.7976393813577854,0.3438517336939054,0.33192906757260426,0.24647449849700598,0.9021092668808425,0.16225273072070728,0.8848142372662161,0.2283257379981709,0.8952167691806295,0.18128778410655633,0.7783234445382142,0.18165924867755948,0.8055938563264619,0.031463153660297394,0.10555250942707062,0.8804268836975098,0.0,47.87297439575195,87.6122817993164,-7.0512614250183105,0.03340262174606323,0.0007,91.0,0.0,0.0,0.0,
49680.0,-0.04819876750094678,1.621121483412749,-11.938250541687012,5.814976692199707,11.938250541687012,5.3434975004196215,0.0,-0.00011673781931691453,0.01030065324627228,-0.07978173022069204,0.03670195549124633,-0.00017010242375240282,0.010345424496144756,-0.08314438731820745,0.036044477610459834,-0.0001984682304241632,0.005537922644342855,-0.03890515678127458,0.02051320078938516,-0.039693646084832654,1.1075845288685708,-7.781031356254917,4.102640157877032,-0.008505121187620143,0.5172712248072379,-4.157219365910373,1.8022238805229918,70892.06489545768,5415.957220218494,60008.80892272904,82969.29903664759,0.42813983345922985,0.16557378740551318,0.09410114653330878,0.8818855542043235,8.917938936872484e-05,2.134531586137164e-05,5.792665198879127e-05,0.00012666394895665005,0.8033787837271293,0.3404139207788659,0.32531854356790724,0.26242603960466,0.9143988334597238,0.13654945629644216,0.7693610082551919,0.22736246536597654,0.8572455354443772,0.1925841425123299,0.9329041007648299,0.18107789622059137,0.8606215464154008,0.018358534201979637,0.11135882139205933,0.8828118443489075,0.0,-30.780916213989258,59.67189025878906,-7.050286293029785,0.19901955127716064,0.0007,92.0,0.0,0.0,0.0,
50220.0,-0.03384656688671115,1.4241337384299424,-6.968562602996826,5.400302886962891,6.968562602996826,4.707161717414857,0.0,-0.00042531154908524775,0.00885854101358912,-0.040764899848273944,0.030090579093602906,-0.00046479224890476817,0.008882838145314457,-0.041619082786004034,0.02964673924254863,-5.303477107725141e-05,0.004911797134918723,-0.024438041520021478,0.01958982903115823,-0.010606954215450265,0.9823594269837445,-4.887608304004296,3.9179658062316456,-0.023239612445238405,0.4441419072657229,-2.080954139300202,1.4823369621274314,58407.319176226956,5986.409460478364,44489.547767158256,67371.25962154857,0.4253496139476543,0.1658358235417096,0.06307782753290961,0.8358157122675145,8.189875886451331e-05,1.7324886620230032e-05,5.9193809906847975e-05,0.00011384341012908541,0.8000404801053338,0.3410981459849732,0.3296007527486503,0.2588948799251701,0.9204022941596913,0.15586190114263015,0.7528669152027347,0.2282245974113542,0.9404469808523707,0.18251398890472714,0.8662073085798521,0.17450463261611843,0.8067112301857979,0.026616806164383888,0.11185802519321442,0.9073832035064697,0.0,-23.943843841552734,48.00767517089844,-7.049864768981934,0.2508530020713806,0.0007,93.0,0.0,0.0,0.0,
50760.0,0.01963831142746602,1.4324101036061738,-8.856528282165527,5.052285194396973,8.856528282165527,4.67061758041382,0.0,3.5283285694914226e-05,0.009431728304421903,-0.061991269870238244,0.0317418071960388,-9.397002411355766e-06,0.00946425793304258,-0.06399602284463776,0.031248448931882358,0.00010054080392600524,0.004800449569171921,-0.02828363441817812,0.017861263167941455,0.020108160785201053,0.9600899138343842,-5.656726883635624,3.572252633588291,-0.0004698501205677875,0.473212896652129,-3.199801142231888,1.5624224465941179,50154.40698865669,3593.835534160962,44001.59595707649,57358.736561375445,0.43614367980988517,0.16399410553318228,0.08332046408155723,0.835303923472275,9.648868580888913e-05,9.092565326691186e-06,7.946545445000092e-05,0.00011541552799715375,0.7938943465562457,0.34740483804552813,0.3334688267827656,0.23284330117826993,0.8976645849177085,0.18094197854785285,0.8492706468159802,0.20967568119987756,0.8288239199024926,0.1933352719435209,0.8129635390145724,0.18320376713047884,0.8726895746538021,0.03968944400548935,0.10820721089839935,0.9208080172538757,0.0,-1.0419871807098389,35.28883743286133,-7.048893451690674,0.19330835342407227,0.0007,94.0,0.0,0.0,0.0,
51300.0,-0.03241199384814266,1.2041605693242396,-6.008716583251953,5.518795490264893,6.008716583251953,4.441216449737549,0.0,-9.983869467384955e-05,0.006394508049683306,-0.032625631713427125,0.03171954004223342,-0.0001203045965987925,0.006398064077030195,-0.033169714409871154,0.03122686660000486,-0.00013198383401936734,0.004429661994235087,-0.021751153741674103,0.021407439185891605,-0.02639676680387345,0.8859323988470174,-4.350230748334821,4.281487837178321,-0.006015229829939618,0.3199032038515098,-1.6584857204935577,1.561343330000243,51384.100713991626,2799.696243823661,45006.419056820945,57098.59096492984,0.4350242257097124,0.15979600870585656,0.05887481757209862,0.8282752773870438,5.45115614444564e-05,1.2124693869245467e-05,3.8942501655325916e-05,8.38688212586332e-05,0.7954016001664161,0.34447572450603137,0.3327177326682181,0.24505268650443385,0.9349645705447206,0.17440009525940864,0.8370955460207635,0.21406912677793669,0.8950850153436923,0.19128574471999252,0.7885422438664986,0.1751923467382283,0.8736473516103246,0.03761342912912369,0.1145806834101677,0.893948495388031,0.0,-18.78417205810547,55.67948532104492,-7.045383930206299,-0.1829357147216797,0.0007,95.0,0.0,0.0,0.0,
51840.0,-0.046007465766376335,1.8793274482827271,-8.693585395812988,14.811562538146973,14.811562538146973,6.555053496360781,0.0,-0.0007790701347138518,0.012272894986276007,-0.05695413577147675,0.07933770582526413,-0.0008546644360692105,0.012266625596976045,-0.058640361021827576,0.0763476176834493,-1.637121318963619e-05,0.006395098241812273,-0.03112632702760871,0.054970907643260986,-0.0032742426379272294,1.2790196483624547,-6.225265405521742,10.994181528652197,-0.04273322180346052,0.6133312798488023,-2.932018051091379,3.817380884172465,37456.21034687536,4085.9646147592553,26563.98353367496,47538.05903622741,0.42821675477361076,0.15789722984429644,0.050892329944971754,0.8795948389099049,0.00010794232843495944,3.425618161239218e-05,4.5154483215704675e-05,0.0001623115660568993,0.798425048969364,0.34280072915060245,0.33138091279287113,0.2412045694870484,0.9291632193087814,0.18564891676846876,0.9360220679728414,0.21611331144848836,0.9130504579989512,0.177169830776186,0.7775571452789741,0.17986337151980844,0.8017282360160928,0.041717760264873505,0.1076410561800003,0.9670324325561523,0.0,-35.59418487548828,79.51220703125,-7.046460151672363,0.12641173601150513,0.0007,96.0,0.0,0.0,0.0,
52380.0,0.10771625732433879,1.5610220671874633,-5.995571136474609,9.96548080444336,9.96548080444336,5.056064324378968,0.0,0.0008681999105847979,0.011641088529378257,-0.03856402050785045,0.0667950735080356,0.0008006013333733071,0.011577665878381299,-0.03932730016163912,0.0646588953060936,0.0003384309588640122,0.0049249611338753035,-0.020146031013057442,0.033662682130947454,0.06768619177280245,0.9849922267750608,-4.029206202611489,6.73253642618949,0.04003006666866534,0.578883293919065,-1.9663650080819561,3.2329447653046803,33607.05635025641,4121.963166232229,26000.17055515997,44189.28369158844,0.43506296962176344,0.15657247820274134,0.028458368157280187,0.8078943556669537,0.00014687797442482442,2.937982066763026e-05,0.00011080009195221232,0.0002001017746994705,0.7988396498341065,0.3421882661447953,0.3325084171465037,0.15634270106879586,0.7393263755069277,0.2477457537222739,0.9599566408393877,0.191691520916262,0.8235606394493298,0.20366314892748927,0.8813022308224292,0.20055687536517897,0.8124592581105945,0.04427219182252884,0.1162165179848671,1.0085970163345337,0.0,46.415218353271484,78.3799057006836,-7.044634819030762,0.23953306674957275,0.0007,97.0,0.0,0.0,0.0,
52920.0,-0.019594168215041497,1.271041825677994,-6.395989418029785,5.668790340423584,6.395989418029785,5.148677878379827,0.0,5.1622051270963876e-05,0.00789509000693162,-0.03785702694478181,0.04017026158265262,2.038495924594257e-05,0.007908749011778682,-0.03859221871986373,0.03938441281400358,-0.00010306707526146876,0.0043837616442591685,-0.022331891565767512,0.018511808008410752,-0.020613415052293763,0.8767523288518337,-4.466378313153503,3.7023616016821506,0.001019247962297126,0.3954374505889341,-1.9296109359931863,1.969220640700179,42842.24700811496,1932.644586094553,38559.21693437243,46708.987490140185,0.4171773844598396,0.15446385419770028,0.046912227624002954,0.8240996986485172,8.733304686826301e-05,1.5977226104474407e-05,6.374468979187525e-05,0.00013205418041199865,0.8019384720969251,0.34001602415348814,0.32786314887278595,0.1699443580813799,0.7593614614440676,0.25078561423439943,0.8706843174730245,0.19631810140503975,0.8006290423059645,0.19600193649813558,0.9473990350325711,0.1869499897810454,0.7849386453790613,0.04039855673909187,0.10410843789577484,0.9523667693138123,0.0,-16.385770797729492,40.67544937133789,-7.045025825500488,0.2400190830230713,0.0007,98.0,0.0,0.0,0.0,
53460.0,-0.0019961391711991313,1.2103135010214932,-8.447794914245605,4.450759410858154,8.447794914245605,4.112914745807651,0.0,-7.321279304413617e-05,0.00671122027882759,-0.04431229737393161,0.026912847742091472,-9.5871696292788e-05,0.006741587435313071,-0.045324090192528865,0.026557066334900157,1.3987231740871928e-05,0.004381260327623585,-0.030947696216026024,0.017110067330478908,0.002797446348174387,0.8762520655247171,-6.189539243205204,3.4220134660957817,-0.004793584814639399,0.3370793717656535,-2.2662045096264434,1.327853316745008,39938.10649991136,1230.7618960249995,37283.85681066492,45680.04674459261,0.4333912559538567,0.15150346161673908,0.0759142403586093,0.8503625211032979,5.7299422635322845e-05,1.7459248641754772e-05,2.9421566322381184e-05,8.164340385460508e-05,0.8064361314808568,0.33679846540267494,0.32251567850739793,0.16668559512119618,0.8491921281887163,0.2325482597343278,0.8373476886308489,0.19509770674667526,0.884149868872369,0.20982588877111166,0.9123037264329853,0.19584254962668904,0.8971872938909536,0.036029525101184845,0.0948050320148468,0.8958191871643066,0.0,-1.8854037523269653,28.014137268066406,-7.045248031616211,0.09676754474639893,0.0007,99.0,0.0,0.0,0.0,
54000.0,-0.014728512971972425,1.6819896207500378,-15.745436668395996,15.272042274475098,15.745436668395996,6.495178222656251,0.0,0.00010430378179990595,0.009503981432290469,-0.07012059280913246,0.0927374587527522,5.935995709098047e-05,0.009470813804093354,-0.07270037092991537,0.0886859779191776,-8.848254660652388e-05,0.006089826794309598,-0.0605520882690268,0.05418871925635321,-0.017696509321304777,1.2179653588619197,-12.11041765380536,10.837743851270643,0.0029679978545490253,0.4735406902046677,-3.6350185464957683,4.43429889595888,43257.13384492795,2036.7750386731414,37620.28149068762,47958.67158810415,0.43866699082164623,0.15654832993674928,0.05449823693011257,0.8597570181851713,8.038265245414138e-05,3.155905324047556e-05,3.1824209217871176e-05,0.0001409548105206066,0.8057284452878982,0.3362980592595605,0.32400006038660983,0.1690458542270581,0.6850807366638361,0.24577367851622778,0.8091344566536713,0.18290423215490467,0.8587782752487177,0.2021060113705982,0.8267120810146323,0.2001702237312113,0.9399715143313258,0.03294239193201065,0.09562762081623077,0.8916613459587097,0.0,-17.198078155517578,61.649295806884766,-7.043578147888184,0.12193191051483154,0.0007,100.0,0.0,0.0,0.0,
54540.0,0.046093865282212695,1.2202128378017143,-8.03447437286377,8.16790771484375,8.16790771484375,5.195274462699898,0.0,0.0004401948050463707,0.006298573381086055,-0.04134024430536765,0.052975367613854615,0.0004203895843075199,0.006269861036477298,-0.042219057776915314,0.051619840298792484,0.000125371933639124,0.0045626491614853,-0.0296176062568023,0.0319730591116941,0.025074386727824787,0.91252983229706,-5.92352125136046,6.3946118223388195,0.021019479215376,0.3134930518238649,-2.1109528888457656,2.5809920149396244,47110.15104674365,5091.291922446026,41374.014773393654,56763.46307575473,0.41359393166072267,0.1591355481988924,0.06743820292331232,0.8519562558873728,4.311647587107831e-05,1.0608858712135965e-05,2.7398548465312098e-05,6.343490761135129e-05,0.7997537168167625,0.3409795627471228,0.329528039605503,0.14865728236126993,0.8917258787270669,0.2741843431505124,0.9182158233380476,0.15974850013359984,0.7923924294208402,0.2186771922977525,0.9101116185077377,0.1987326820568654,0.7540195067539041,0.038063012063503265,0.12653954327106476,1.0098378658294678,0.0,31.838468551635742,84.12727355957031,-7.040210247039795,0.07426232099533081,0.0007,101.0,0.0,0.0,0.0,
55080.0,-0.06947975623749059,1.3687250797868933,-12.227917671203613,5.299702167510986,12.227917671203613,5.038136763572702,0.0,-0.00018476065805286989,0.006551033966091849,-0.049887298403832124,0.02477724642198704,-0.00020638683412467254,0.006585255803822861,-0.051174668164795045,0.024475268408920885,-0.0002958020785276937,0.005208456441623748,-0.04834592316307017,0.020379692664829075,-0.059160415705538746,1.0416912883247498,-9.669184632614034,4.075938532965815,-0.010319341706233632,0.3292627901911431,-2.5587334082397524,1.2237634204460441,56635.06650660222,2432.609372971819,47316.247032866886,60796.30434140744,0.42528869033788036,0.1627118581466438,0.03910935875976613,0.8483430419703706,4.078174015550059e-05,4.522265523259628e-06,3.1629572092981676e-05,5.5828495740534596e-05,0.7989654926548084,0.34237461717501855,0.3287958986768053,0.1975666641917935,0.8385597193501212,0.203157983703978,0.8527831543223745,0.20817305490544344,0.9286108302186888,0.18468873673109934,0.8289702440147989,0.20641356046768575,0.8720708151655224,0.048079848289489746,0.10818203538656235,1.0219826698303223,0.0,-46.50817108154297,81.16362762451172,-7.0416340827941895,0.13141900300979614,0.0007,102.0,0.0,0.0,0.0,
55620.0,0.06882337152988098,1.278899596540109,-5.234550476074219,7.410562038421631,7.410562038421631,5.8052279615402345,0.0,0.0005912407514935854,0.007007218160354914,-0.027319365780925205,0.04196261828761317,0.0005667001903238562,0.006969943422943209,-0.02769947860988559,0.04110606772375036,0.0002024418142600784,0.004666479716440443,-0.020391568313313135,0.02677629380461179,0.04048836285201566,0.9332959432880885,-4.078313662662627,5.355258760922358,0.02833500951619281,0.34849717114716044,-1.3849739304942794,2.055303386187518,63513.34425975388,4005.8879676562046,48459.59680464146,70250.96493816955,0.4258460437369971,0.16143566379617702,0.08004612247345264,0.8980308481530732,5.612486083350019e-05,1.5125102445952963e-05,3.595857016050192e-05,8.109601897377046e-05,0.8027625809228341,0.33881373499954104,0.3254455295374389,0.20009187222909025,0.8167706736691628,0.23961548891139622,0.9652320647632042,0.18202320621211424,0.9055829073066618,0.19728862366344851,0.7759129999589514,0.18098080898395083,0.72679243183948,0.04443685710430145,0.1032898873090744,1.0010545253753662,0.0,13.61958122253418,46.91476058959961,-7.043367385864258,0.1251954436302185,0.0007,103.0,0.0,0.0,0.0,
56160.0,-0.030610362750033985,1.2793717286581825,-14.245558738708496,4.581533432006836,14.245558738708496,4.253563961982731,0.0,-8.69473549928739e-05,0.005312923474561969,-0.05692148594083184,0.018824165053883145,-0.0001012007346918264,0.0053513321450115395,-0.058605739942725874,0.018649182976031596,-0.00012775162832190436,0.005068072597041164,-0.05657635643698224,0.018436838392603346,-0.025550325664380882,1.0136145194082327,-11.315271287396449,3.687367678520669,-0.0050600367345913205,0.26756660725057696,-2.9302869971362937,0.9324591488015798,64736.7719098221,1581.213710377206,61012.739928973766,68847.2932526917,0.42301553040477025,0.155956461291745,0.09149325913117164,0.8610023848807535,3.153362049268227e-05,9.057324322037028e-06,1.8654570780542857e-05,5.470492667524111e-05,0.8010844340344984,0.34270244101768105,0.32917330846396875,0.1931298067753867,0.8688607601435044,0.21520195771315206,0.8749655059079641,0.19969475349442994,0.7995166576641212,0.20237863172606055,0.8963583822626255,0.1895948502909708,0.7644112487763179,0.04443800076842308,0.096516914665699,1.0528056621551514,0.0,-8.609956741333008,27.983781814575195,-7.040738105773926,0.11413407325744629,0.0007,104.0,0.0,0.0,0.0,
56700.0,0.006152247161716568,1.346866072059672,-9.602339744567871,10.086334228515625,10.086334228515625,4.884431638717654,0.0,4.3653168269561794e-05,0.006383974170836305,-0.04380745547074743,0.04789330272380814,2.329387972932113e-05,0.0063799982614851725,-0.04479597979893206,0.04678177033777641,2.4937752697355065e-05,0.005145689977038089,-0.03681270436681794,0.03908368317053489,0.00498755053947101,1.0291379954076179,-7.362540873363588,7.816736634106978,0.0011646939864660604,0.3189999130742587,-2.239798989946603,2.3390885168888205,64423.69029070118,2495.708445224611,58794.72213326733,69609.40010326983,0.42909796478086126,0.15602485210413705,0.06817142967814968,0.8572203002133094,4.001851309752889e-05,7.830291053355702e-06,2.9428730085077098e-05,6.132476827049247e-05,0.7959789300550527,0.34368786696321196,0.33275378023877566,0.20658973312465526,0.8328155962293045,0.2021770922602811,0.8843160926273267,0.19444703600778535,0.8433561604457395,0.20798517188873003,0.8373948554145908,0.18880096671854832,0.8068788217342671,0.05351145192980766,0.11946438252925873,1.1748374700546265,0.0,6.987072944641113,28.969562530517578,-7.043418884277344,0.3092041611671448,0.0007,105.0,0.0,0.0,0.0,
57240.0,-0.009762313616691378,1.2367386313196327,-8.322382926940918,17.187049865722656,17.187049865722656,3.6250118780136176,0.0,-0.0001766585059809063,0.00424265121675587,-0.030750373059792765,0.047811388122433955,-0.0001856460695247409,0.004232572826317066,-0.031233087326496593,0.0467035965361204,-2.400044920299486e-06,0.0051441232537483205,-0.033803644056853044,0.07425935390008412,-0.0004800089840598991,1.0288246507496641,-6.760728811370608,14.851870780016824,-0.009282303476237048,0.2116286413158533,-1.5616543663248297,2.3351798268060198,60772.33361570639,2964.6323940671255,56201.84520009019,65087.94969957476,0.4403423816094708,0.164980561048507,0.05774508663882535,0.8009722812300115,2.100385403662208e-05,4.3168709063531164e-06,1.2598676994840006e-05,2.9282018017018648e-05,0.7833718459699021,0.35444716277624266,0.34205801152175236,0.20695332353977158,0.904125591706307,0.20645425077139964,0.8711010119792116,0.20611963584215007,0.9272500158023401,0.19201286565546663,0.823152796903395,0.18845992419121205,0.8154171610520373,0.0503646656870842,0.10872019082307816,1.2282006740570068,0.0,-16.064817428588867,38.77674865722656,-7.043874263763428,0.26487356424331665,0.0007,106.0,0.0,0.0,0.0,
57780.0,0.03317372201946219,1.1035838477836333,-5.679262638092041,6.166296005249023,6.166296005249023,3.939004807472231,0.0,7.963458510599118e-05,0.0036238569714499734,-0.016936661532634182,0.020175471181809804,7.307316954368313e-05,0.0036207478466744433,-0.0170817270680498,0.01997464307101974,0.00014760031758459565,0.004615636965396518,-0.02412588157476777,0.025995429685030484,0.02952006351691914,0.9231273930793035,-4.825176314953554,5.199085937006097,0.0036536584771841574,0.18103739233372215,-0.85408635340249,0.998732153550987,57905.716232102706,1126.6499549422863,55055.7834337836,61225.87917024431,0.4184466745094808,0.16024491650816694,0.074564284202392,0.8622367754280104,1.605493190996907e-05,2.555606607795193e-06,1.1986210146958153e-05,2.1337268768727488e-05,0.7951285997987841,0.34387424573481934,0.33335283580689,0.15044377859336913,0.7167641228789083,0.25829561103079574,0.950297249201507,0.18780349048912437,0.881025955427349,0.21272248502946792,0.8762421814400877,0.1907346348572429,0.8436678606445387,0.05250342935323715,0.138056680560112,1.1996833086013794,0.0,4.617160320281982,32.418331146240234,-7.04011344909668,0.11037158966064453,0.0007,107.0,0.0,0.0,0.0,
58320.0,0.01702952684750522,1.441038499003606,-9.064270973205566,8.287236213684082,9.064270973205566,4.959011497497559,0.0,0.0002939491534366433,0.0057965542166747925,-0.038714837450687684,0.039924429724086774,0.00027711967206817465,0.005794015874850462,-0.039484178806023736,0.03914804678630516,1.5867711183011047e-05,0.005772142880544393,-0.03545031179220353,0.03164916846058358,0.0031735422366021716,1.1544285761088784,-7.090062358440706,6.329833692116715,0.013855983603408733,0.2897007937425231,-1.9742089403011869,1.957402339315258,64866.278573521944,2231.0543545934097,59324.47805342319,70598.1853828661,0.42556477717519925,0.15410601572895574,0.053088061962960995,0.8577345227213304,2.7780708149117814e-05,7.151023443393313e-06,1.3209976053908558e-05,4.5311797508260264e-05,0.7980983622579733,0.34284974713083144,0.33227582066855904,0.17045401758975742,0.7787504840731936,0.2730161865023985,0.9533037937238189,0.1757205944063691,0.7998967077940717,0.19794710789728046,0.9180764582716913,0.1828620936041945,0.8250964325375985,0.044120222330093384,0.13602939248085022,1.2305728197097778,0.0,1.9157278537750244,13.729155540466309,-7.037580490112305,0.2615647315979004,0.0007,108.0,0.0,0.0,0.0,
58860.0,-0.02909299185762561,1.689953077257919,-26.37405014038086,4.466297149658203,26.37405014038086,3.986741702556618,0.0,0.00013525376621794486,0.006799202477478779,-0.08192822903784246,0.02114221047645806,0.00011176278522367472,0.0068813741707669795,-0.08547970954170156,0.0209218149645562,-0.0001734056425523012,0.006771532272559457,-0.11050031891361019,0.017172599898275326,-0.034681128510460256,1.3543064545118915,-22.10006378272204,3.4345199796550654,0.005588139261183741,0.344068708538349,-4.273985477085078,1.04609074822781,73680.33905882786,3226.1359811565208,67351.774818527,81374.2554387133,0.4270417110242708,0.1615615802748188,0.06134911810299641,0.8285073453751193,4.04753909266131e-05,1.2412075188575954e-05,2.728266219177412e-05,6.645032149511906e-05,0.8030956575811158,0.33955960656066153,0.3255234391929943,0.24090903574526576,0.935627476391237,0.2024519466749511,0.9448207754176625,0.21147899326437988,0.8383420437330709,0.17440535801730161,0.8064629023134336,0.17075466629810165,0.6675356453202278,0.04061608389019966,0.10936859250068665,0.933383584022522,0.0,-20.61188316345215,66.82173919677734,-7.042843818664551,0.19847965240478516,0.0007,109.0,0.0,0.0,0.0,
59400.0,0.035711259490172204,1.580789255106342,-21.245098114013672,6.212652206420898,21.245098114013672,5.4607403755187995,0.0,0.0004314009533856254,0.006584289630907515,-0.06820892629078827,0.037327041060939495,0.0004094661977400991,0.006623921376693967,-0.07064665926626164,0.03664725181434866,7.61897466702285e-05,0.006278495687060356,-0.08856382655307854,0.02397709609815487,0.01523794933404571,1.2556991374120712,-17.71276531061571,4.795419219630974,0.020473309887004954,0.3311960688346984,-3.532332963313082,1.8323625907174328,78521.2216306367,7623.694889487346,68795.95860039243,96697.53159163077,0.4193429589991377,0.15607299693526439,0.05820883502407046,0.8602959787689908,3.422580107741926e-05,6.161187528391969e-06,2.471814750307378e-05,6.918224065361335e-05,0.8084329876024792,0.3339570129099206,0.32277064308863146,0.2158226165046062,0.8167819296766182,0.21712437515312852,0.870354892864656,0.20438982671333922,0.8612481547753915,0.20088289563321593,0.8315008425073857,0.16178028599571015,0.7693218421730214,0.038230206817388535,0.09926220774650574,0.9143951535224915,0.0,36.38325500488281,73.59197998046875,-7.041163921356201,0.233220636844635,0.0007,110.0,0.0,0.0,0.0,
59940.0,-0.04296080700008857,1.4976785707241655,-6.491427898406982,5.197221279144287,6.491427898406982,5.398203601837163,0.0,-1.6146809656531514e-05,0.008922576175031944,-0.04103364314639987,0.03419600344827171,-5.6071521936342296e-05,0.008942679521806366,-0.04189928620145116,0.033624316582913434,-0.00020078616421510337,0.005259526091188833,-0.023287728497707716,0.017706258234290045,-0.04015723284302067,1.0519052182377666,-4.657545699541544,3.541251646858009,-0.002803576096817104,0.4471339760903183,-2.094964310072558,1.6812158291456718,99562.81276965368,5656.033003031014,85807.96658938374,110380.95817505977,0.42362991319758936,0.16220803689610752,0.06433858608862009,0.8493580171118493,7.349596681351853e-05,7.476899523309106e-06,5.639342465794205e-05,8.899841956038999e-05,0.7914897554036434,0.34739197774934694,0.3373698023904567,0.29695899029826256,0.8996021234268899,0.13504399773697334,0.7793665050241089,0.22824267901277137,0.9260529947760083,0.16314682253165602,0.8232510280529964,0.1766075104203367,0.8282270746437129,0.02235976792871952,0.14110463857650757,0.9447677731513977,0.0,-28.51164436340332,57.455039978027344,-7.04016637802124,0.25477135181427,0.0007,111.0,0.0,0.0,0.0,
60480.0,0.02755183589577899,1.042204963254616,-6.795973777770996,5.493674278259277,6.795973777770996,3.8431470870971682,0.0,0.00015539103532529675,0.005508820357889592,-0.0414468434296432,0.02696029249857782,0.00014017886177881955,0.005516621224414242,-0.04233025995347427,0.026603266614328543,0.00010271447138709443,0.003843838166218081,-0.023397303703616677,0.020817554416327638,0.02054289427741889,0.7687676332436162,-4.679460740723336,4.163510883265528,0.007008943088940983,0.2758310612207121,-2.116512997673713,1.3301633307164271,92903.38555938759,3577.815967990604,83254.49827062798,100499.0903543224,0.4291204553687016,0.15757149887201932,0.034562534857137756,0.8156429406456878,5.139657874602572e-05,1.5133832457160246e-05,2.8180355798401647e-05,8.488127418888556e-05,0.7968393887036882,0.34383087125701756,0.3331261320289303,0.2907569782788891,0.8235034424118427,0.1451324862299476,0.7950397717733286,0.22669194787720076,0.8691221943841457,0.1757638293714644,0.8343838058487696,0.16165475824249817,0.890504338261696,0.027138378471136093,0.1374814212322235,0.9211374521255493,0.0,22.68648910522461,30.680212020874023,-7.040658473968506,0.28253477811813354,0.0007,112.0,0.0,0.0,0.0,
61020.0,-0.0006681977208548536,1.3353519268705034,-7.8303070068359375,7.114684581756592,7.8303070068359375,3.9834141182899483,0.0,-3.967877024814653e-05,0.00601010246627695,-0.04914823946800273,0.031390141919256716,-5.7825106399075385e-05,0.006031377123056818,-0.0503971060506265,0.03090754462826897,1.1115296500088441e-05,0.005186772373676993,-0.02655225775133354,0.027846537610171113,0.002223059300017685,1.0373544747353987,-5.310451550266708,5.569307522034222,-0.0028912553199537685,0.3015688561528409,-2.519855302531325,1.5453772314134484,91536.26243559411,4655.721470677393,78554.89027780767,101705.00774218417,0.4172400086160473,0.15716905692314828,0.05054752311256581,0.8423834376287004,3.197645908245404e-05,6.772006978992857e-06,2.319633454887678e-05,4.758735187521314e-05,0.8107127627899808,0.3336619160728741,0.31754690859523244,0.27148800102266735,0.8388034432707754,0.15992714097469568,0.8904539478480388,0.22954955420015608,0.8668120961471265,0.1718375913147648,0.8364827588115945,0.1671977124877161,0.7808043321573844,0.028562653809785843,0.14234817028045654,0.9199783802032471,0.0,3.589292287826538,53.713775634765625,-7.039713382720947,0.20288383960723877,0.0007,113.0,0.0,0.0,0.0,
61560.0,-0.029710005428609697,1.4572600047228657,-10.155183792114258,10.8464937210083,10.8464937210083,5.3815118265152,0.0,-0.00016543042796505813,0.008087959238714741,-0.074694702503976,0.05204661660838063,-0.00019835960971134134,0.008126688276776158,-0.07763154457762311,0.050737425699135086,-9.896011930731192e-05,0.0052946858466606924,-0.031368031603972564,0.04154811173011706,-0.019792023861462362,1.0589371693321383,-6.273606320794513,8.309622346023412,-0.009917980485567064,0.40633441383880786,-3.881577228881156,2.5368712849567543,88319.43250444993,5376.649440435055,72779.41634542891,98115.055531511,0.4217367671172652,0.15334902364710964,0.06994025510601543,0.8277577656168361,5.9546709342720035e-05,2.0472399321359934e-05,3.237457580914393e-05,9.532443142762556e-05,0.7901756262435259,0.3487969158604784,0.33843112313463547,0.28122439790914294,0.9398397934570073,0.16212221862801174,0.7698712750026199,0.22883491585764598,0.8778255106055152,0.1718775385693335,0.8359357831446756,0.15594092903586584,0.8060147008483031,0.029425662010908127,0.13191983103752136,0.8170909285545349,0.0,-19.364337921142578,57.14261245727539,-7.040705680847168,0.19497787952423096,0.0007,114.0,0.0,0.0,0.0,
62100.0,0.03598598992555506,1.1614837188435303,-6.368775367736816,7.101762771606445,7.101762771606445,3.960094704627994,0.0,0.00020485249951361002,0.005351402504064014,-0.024289014051668546,0.030777904226909722,0.00019053183067672402,0.005346673758955838,-0.024588857376090165,0.03031376400842134,0.0001322970005573765,0.004480434555004683,-0.025696662605121493,0.027930373927752484,0.026459400111475292,0.8960869110009367,-5.139332521024299,5.586074785550497,0.009526591533836202,0.26733368794779194,-1.2294428688045083,1.515688200421067,86568.91493970317,3737.657522928346,78579.78192890521,93468.58059918668,0.43137644988316176,0.15566367240695136,0.04274524719492716,0.8686834242382734,3.753658140096888e-05,9.224946546087978e-06,2.3804892458143144e-05,5.5653503258214945e-05,0.8034600502586529,0.3395497148884698,0.32572011132456674,0.24130527298152102,0.9142946570344077,0.17495432009526155,0.7516374778618087,0.22077005152435594,0.8436698657052883,0.1925035674022377,0.8632116470705731,0.17046678799662385,0.9514494037765207,0.03361925110220909,0.11076664924621582,0.8906605839729309,0.0,21.204965591430664,33.740638732910156,-7.041766166687012,0.14175134897232056,0.0007,115.0,0.0,0.0,0.0,
62640.0,0.04157697481267085,1.4398262124127876,-6.853302955627441,6.124504089355469,6.853302955627441,5.027110018730168,0.0,0.0005399472293505023,0.006712796744502828,-0.028626360165984212,0.02671877370257987,0.0005172949334936844,0.006709300651912745,-0.029044085701796788,0.026368060635861668,7.856113422937978e-05,0.0055437180247116585,-0.027005493205298842,0.024234986073954544,0.01571222684587594,1.1087436049423318,-5.401098641059768,4.846997214790909,0.025864746674684226,0.3354650325956372,-1.4522042850898393,1.3184030317930833,102614.77808978337,11049.174449758248,86725.39351873123,124199.29573233899,0.41690130105521234,0.15413356551825563,0.06398360372849826,0.8859230584597605,3.745828694995914e-05,1.2922739525406972e-05,2.137113421714137e-05,5.4830697039154676e-05,0.8105711408023629,0.33279559304108314,0.3197627235045293,0.2553906787897731,0.907215829463769,0.16556191203993248,0.8409611921210385,0.21792556020319284,0.8274889222252523,0.18704111946890742,0.8236091445524579,0.17408072949819414,0.8320711390179296,0.03846704214811325,0.12704694271087646,0.8798590898513794,0.0,29.62691879272461,61.26735305786133,-7.039751052856445,0.29760831594467163,0.0007,116.0,0.0,0.0,0.0,
63180.0,-0.034659823285053584,1.46866175150817,-8.373991012573242,7.884110450744629,8.373991012573242,5.420384840965271,0.0,9.102959917269196e-05,0.008935981018077481,-0.04645645266752146,0.05896391814896901,5.106615981345488e-05,0.008942486480570055,-0.04757018394891769,0.0572909944136711,-0.00018606565738081554,0.005128317416498556,-0.032619363680423896,0.025097804284480597,-0.0372131314761631,1.0256634832997116,-6.52387273608478,5.01956085689612,0.00255330799067275,0.4471243240285028,-2.3785091974458843,2.8645497206835553,132715.96669683186,7994.365496055793,118448.52394739803,147919.16035692973,0.4072582391958248,0.16152297843341815,0.047764750555777655,0.937859522782809,7.818365582143375e-05,1.4516114881427026e-05,5.05253093657901e-05,0.00010755259801155755,0.7940755163516692,0.3442469055195337,0.33374877730210006,0.3051526545300429,0.9572108356215443,0.1248510384724574,0.6739271057251537,0.2319920053757824,0.9316947925147938,0.17368238229107452,0.892951852327283,0.16432191933064286,0.8183462635257296,0.016393058001995087,0.16007766127586365,0.8749247789382935,0.0,-19.928844451904297,47.864227294921875,-7.038647651672363,0.24067384004592896,0.0007,117.0,0.0,0.0,0.0,
63720.0,-0.03215248040484126,1.5724725777260284,-8.344922065734863,6.388342380523682,8.344922065734863,5.854181170463566,0.0,-0.0002057849730968168,0.00970298361145284,-0.05684726469599943,0.03895438853772195,-0.0002531119083612171,0.00973825427133131,-0.0585270420154216,0.038214811767268445,-9.748441033290504e-05,0.005439448626128077,-0.027092848329555764,0.022572585330141927,-0.01949688206658102,1.0878897252256152,-5.418569665911153,4.514517066028385,-0.012655595418060855,0.48691271356656546,-2.92635210077108,1.9107405883634223,125235.7410588291,6665.375665147313,104363.03366948297,138944.3561208843,0.43228500671947306,0.15749649832946153,0.0693545923273651,0.8475941814134957,8.321302668556736e-05,1.6113456413780586e-05,5.4636414103687596e-05,0.0001167095460342815,0.7913753664890328,0.34789403832272153,0.33624900028553073,0.2893627890739893,0.8955340117820118,0.13059458367056717,0.7142513575753271,0.2387468526575367,0.872198989185659,0.1703066613396004,0.8230522827119866,0.17098911325830637,0.8072686571251559,0.02041095308959484,0.1586260199546814,0.9139732122421265,0.0,-18.111509323120117,27.435741424560547,-7.03759765625,0.39908093214035034,0.0007,118.0,0.0,0.0,0.0,
64260.0,0.0014946234964386181,1.4878373231556041,-6.663125514984131,17.09693717956543,17.09693717956543,5.004177365303047,0.0,-0.0002196855708218219,0.008936592006442062,-0.04911953104602561,0.0928010893361429,-0.00025929809536456605,0.008879303304052472,-0.05036691418498508,0.08874420666418355,7.22976644744647e-05,0.00524979218313143,-0.02072389911948678,0.06329863891010894,0.014459532894892943,1.049958436626286,-4.144779823897355,12.659727782021788,-0.01296490476822831,0.4439651652026236,-2.518345709249254,4.437210333209177,103289.63195925181,6212.968768021155,88361.90209879623,122035.86920185915,0.4274739536461257,0.15372959510775855,0.09361735921086943,0.8240843022743537,8.530943699784093e-05,2.6430406909472418e-05,5.410976149130437e-05,0.00014154639345074002,0.7993243113500416,0.3419221789078876,0.3305443472246984,0.27431640597574175,0.9432729508895723,0.15606606454078475,0.782696946843596,0.22182186771366855,0.8367537733576873,0.18332311506502097,0.7739647296235654,0.164472546704784,0.7683183232717822,0.026572462171316147,0.12997376918792725,0.8836685419082642,0.0,-7.920487880706787,19.67951202392578,-7.036349773406982,0.3467775583267212,0.0007,119.0,0.0,0.0,0.0,
64800.0,0.038425938215180026,1.2060636247382015,-5.95114278793335,8.434927940368652,8.434927940368652,3.56314535856247,0.0,0.00040168913350723125,0.0064156807051430915,-0.027695679521147473,0.054982168542216645,0.000381158321337883,0.006386740268026093,-0.028086436610778066,0.05352386492947303,9.684011573363875e-05,0.0044436348064275525,-0.022734104439704406,0.03203852217593623,0.019368023146727746,0.8887269612855104,-4.546820887940881,6.407704435187246,0.01905791606689415,0.31933701340130466,-1.4043218305389034,2.6761932464736518,109959.4292175941,10278.457732781879,92144.34611028511,124443.22890904351,0.43133157719473625,0.16211277314546602,0.038409799911463496,0.8274475916718812,5.1201890294785864e-05,7.90352550269595e-06,3.692526095144955e-05,6.971948229429627e-05,0.8004414643424848,0.33927650999338305,0.3309917100811391,0.25990102770522466,0.8469987098706755,0.15400347433740913,0.7818269044960466,0.21638195137393504,0.8422866158286629,0.1994813626089564,0.8994873787170529,0.1702321839744747,0.7788362332566499,0.03274330869317055,0.12114659696817398,0.7840122580528259,0.0,25.34615135192871,54.4237060546875,-7.037314414978027,0.3544016480445862,0.0007,120.0,0.0,0.0,0.0,
65340.0,-0.1777323046755218,4.005157434052562,-69.5265121459961,12.171529769897461,69.5265121459961,10.932599973678595,0.0,-1.7032783425615124e-05,0.024117386332783496,-0.09915346682820309,0.13311674441084673,-0.0003069989965045217,0.02407077547789584,-0.10442036532457283,0.1249720168177873,-0.0008119117669430626,0.017497331573709744,-0.3650572808408444,0.03729725720584829,-0.1623823533886125,3.499466314741949,-73.01145616816888,7.459451441169658,-0.015349949825226084,1.203538773894792,-5.221018266228642,6.248600840889365,19094.291926128997,29666.584529297863,5982.647155303638,118202.4342214043,0.41157994568104633,0.15989044433886793,0.03636499614045184,0.9716965348532471,0.0003977785886352308,0.00021392979287893584,8.553078068907236e-09,0.0006880986018731719,0.8078181781238497,0.33550634053272166,0.32185277485352437,0.21386189529636776,0.9256393900395744,0.16751024211679524,0.8504826564261297,0.20885634860810845,0.8067234674773274,0.17632494394020345,0.9008303552474949,0.2334465700385251,0.8539735561275695,0.03733159229159355,0.09460560232400894,0.9560360312461853,0.0,-24.648967742919922,118.08091735839844,-7.03708028793335,0.20717447996139526,0.0007,121.0,0.0,0.0,0.0,
65880.0,-0.022393255470820737,1.5652836437441826,-6.061099529266357,6.395267486572266,6.395267486572266,5.476603689193728,0.0,-0.0002247310295106063,0.014162701945761764,-0.051459837917263246,0.06632882370285545,-0.00032498111559243884,0.01415503468888814,-0.05283114776998374,0.06422174319016177,-3.072099181307176e-05,0.00430367963609167,-0.01709771152823698,0.018033351601486634,-0.006144198362614357,0.860735927218334,-3.419542305647396,3.6066703202973267,-0.016249055779621945,0.7077517344444071,-2.6415573884991868,3.2110871595080885,8183.280924187777,781.231075556884,6440.791525132641,9380.658443252876,0.42792096350143305,0.16323504443241713,0.039622415723057594,0.8330590754361497,0.00029852089949853315,7.839553945915784e-05,0.0002166612987181577,0.0004995379497790719,0.8052817944934441,0.33793545655396884,0.3243281350575904,0.21832334062708597,0.7930385951720492,0.15826327193234793,0.7783724647596235,0.22173990340096403,0.9236510038154909,0.1748344447448991,0.9094340527310193,0.226839039294703,0.8872691057135267,0.025740718469023705,0.087945356965065,0.9330779910087585,0.0,1.732633113861084,29.662290573120117,-7.040311336517334,0.2500128746032715,0.0007,122.0,0.0,0.0,0.0,
66420.0,0.023904533549298154,1.3200586954482239,-5.236804008483887,7.2072625160217285,7.2072625160217285,4.031213576793672,0.0,0.0004393142933248099,0.009649346016026792,-0.03535238303512331,0.0576696663902292,0.0003926862621334292,0.009648156028267149,-0.03599240809864195,0.05606806009995986,2.1351104470189348e-05,0.004202963320631944,-0.017185917889664764,0.022019298379650405,0.004270220894037885,0.8405926641263889,-3.4371835779329527,4.4038596759300805,0.019634313106671457,0.4824078014133574,-1.7996204049320976,2.803403004997993,8745.152960535519,834.1927882110389,7064.954058999054,10355.72253307372,0.42256079131788243,0.15960004124116337,0.04805560919555421,0.8788988629266505,0.0001425470786179895,3.9415552798229577e-05,9.757122685518109e-05,0.000234288543947457,0.8042903174319328,0.33815492837201927,0.32548724319077943,0.15047818995223253,0.740420038983201,0.22142213729310495,0.8877927132072033,0.18648922271548965,0.8042851713286446,0.20751253301227668,0.8803566702145397,0.23409791702689622,0.8924853084245208,0.02710999920964241,0.10357925295829773,0.6889626383781433,0.0,22.41667366027832,57.609683990478516,-7.043137073516846,0.202542245388031,0.0007,123.0,0.0,0.0,0.0,
66960.0,-0.016258904147987238,1.6118994262225674,-9.91878890991211,10.429497718811035,10.429497718811035,5.447763371467595,0.0,-0.00017023659572225046,0.010832840457544112,-0.061480983582032245,0.06586002718839644,-0.0002288494350694094,0.010822239705641041,-0.06345216059509443,0.06378201054470017,-2.4082189444359635e-05,0.005360844455028924,-0.03373090596068176,0.03620198406545528,-0.004816437888871935,1.072168891005785,-6.746181192136352,7.240396813091056,-0.011442471753470478,0.5411119852820521,-3.1726080297547212,3.189100527235009,8417.201029181497,458.43806067917484,7414.655153602082,9219.798792031304,0.4328623636336055,0.15811670487900764,0.08669921911609633,0.9012779924171685,0.00010876404780090382,1.5741817782704395e-05,7.770359760962868e-05,0.00014224687390175148,0.7973359443143194,0.3438696414227769,0.33059765361044585,0.13747072117281658,0.7632104769676257,0.22426949830764228,0.9298639110023931,0.21056977751881092,0.9080177351376497,0.1860719083188015,0.893827177119979,0.24161809468192866,0.9248808902395188,0.03235967084765434,0.09970921277999878,0.8465350866317749,0.0,-15.698871612548828,36.73195266723633,-7.0443596839904785,0.2566736340522766,0.0007,124.0,0.0,0.0,0.0,
67500.0,-0.0552927266659767,1.411694550789837,-11.086292266845703,7.740293025970459,11.086292266845703,4.321518893241884,0.0,-0.0005430710542816555,0.00971571795394909,-0.12366690885816349,0.04597351032402999,-0.0005917423532500397,0.00992028865170206,-0.1320090192895519,0.044948040584033525,-0.00012852804356731665,0.0047293138928885415,-0.023902412195487513,0.028063962329656016,-0.02570560871346334,0.9458627785777083,-4.7804824390975025,5.612792465931203,-0.029587117662501987,0.4960144325851029,-6.600450964477594,2.2474020292016763,7603.973386610819,632.2514057283693,5475.712815229069,8356.988502024782,0.4180520660754617,0.15591780615854206,0.049743739360632866,0.8685629762941266,8.006204183632112e-05,2.4119484758494312e-05,5.156127308657368e-05,0.00016199056406108938,0.8065781571899008,0.3347646037223015,0.32331000306812196,0.13521612543187936,0.7320684695089122,0.2567813304896752,0.8148775566966523,0.18320282076986372,0.9030147027136574,0.2100558478914283,0.810547533921041,0.21474387541715342,0.7925776252510782,0.02650262974202633,0.10639544576406479,0.8927173614501953,0.0,-58.66246032714844,136.7983856201172,-7.043295383453369,0.0007157325744628906,0.0007,125.0,0.0,0.0,0.0,
68040.0,0.03838710962467034,1.413151035128282,-5.2176923751831055,5.724517345428467,5.724517345428467,4.978103737831116,0.0,7.694496782232235e-05,0.009758033909361283,-0.03537348049722912,0.0407616311197406,2.9358396841120094e-05,0.009754751031235308,-0.036014278979205644,0.039952782740075396,0.00018459595724310964,0.004633422085794386,-0.017084891407569667,0.019135800721143174,0.036919191448621914,0.9266844171588773,-3.4169782815139333,3.827160144228635,0.001467919842056006,0.4877375515617654,-1.8007139489602821,1.9976391370037698,5794.357352557735,420.34528835036144,4833.144465521519,6696.330970849926,0.4197350865044828,0.1574246202786257,0.08151618496426521,0.8636696572763001,0.00011698084967247709,1.8354397015512592e-05,9.1981012623798e-05,0.00016153724434066655,0.7984595339413768,0.3425918130704852,0.3297059406462227,0.1387469632131084,0.8244106442871804,0.28428817475602414,0.863319398497563,0.17093729313952002,0.7152844451311702,0.19913075269553426,0.8823476148626952,0.20689681619581324,0.9051959290486477,0.023949479684233665,0.12206406891345978,0.8764380216598511,0.0,-8.406436920166016,55.99025344848633,-7.0447587966918945,0.14256662130355835,0.0007,126.0,0.0,0.0,0.0,
68580.0,-0.009386390346130442,1.0739526448720846,-12.030289649963379,12.536404609680176,12.536404609680176,2.9715817284584065,0.0,-0.0001114028144251204,0.005996413187608599,-0.06850007303083583,0.0692024629078796,-0.00012941588943498144,0.006004346914056862,-0.07095916734182368,0.06691300878528583,-1.4577981368880327e-05,0.0038825619644408983,-0.04241165841515145,0.045953771709932194,-0.0029155962737760725,0.7765123928881797,-8.48233168303029,9.19075434198644,-0.0064707944717490706,0.3002173457028431,-3.547958367091184,3.3456504392642916,5396.286031719305,171.87960346875235,5052.537595725165,5774.66623008928,0.4253859479749323,0.16911309971655356,0.06521583443441861,0.8526085897561251,6.330470666535556e-05,2.1893959882355534e-05,2.9427998115202083e-05,0.00010315188364355296,0.7868061077537448,0.3526353471184417,0.3410010379118262,0.1329985639511822,0.8515310282041125,0.29286319135552646,0.9035301487528674,0.1632402049268052,0.7708977229493179,0.19133329116536885,0.9263215919199855,0.21956474860111733,0.8990471689156533,0.021618545055389404,0.1213708221912384,0.8473849296569824,0.0,-21.743070602416992,24.713132858276367,-7.045492172241211,0.220081627368927,0.0007,127.0,0.0,0.0,0.0,
69120.0,-0.00997408033710801,2.204626983224748,-6.977514266967773,23.768556594848633,23.768556594848633,6.86119594573975,0.0,-0.0005569528295537331,0.01507360435416327,-0.05499267310909557,0.08731596132682448,-0.0006702579373405346,0.015025497223335176,-0.05656259819474277,0.08371223869568725,0.00011769408254589983,0.007487907558587504,-0.02664663938779178,0.09791472219162282,0.02353881650917996,1.4975815117175009,-5.329327877558356,19.582944438324564,-0.03351289686702673,0.7512748611667588,-2.8281299097371386,4.1856119347843626,3481.7359625101617,542.7324985458351,2716.0588305811534,5244.440215099401,0.426042917461593,0.1550277452171805,0.04861824564132997,0.8977344646236438,0.000164035377260249,5.0538082856241e-05,3.10483999572104e-05,0.00023517665891437039,0.8004994418847612,0.34112723576222276,0.33019100945758206,0.14218770775020823,0.8589537551089267,0.27751662340390404,0.9260507889099602,0.17727568907362515,0.7494735939075671,0.20715362658806563,0.7953584001349645,0.19586635318419696,0.8041653341345668,0.027115020900964737,0.11255452036857605,0.9240202903747559,0.0,8.726069450378418,110.17293548583984,-7.043606281280518,-0.033012986183166504,0.0007,128.0,0.0,0.0,0.0,
69660.0,0.015080554697218489,1.2683486896330511,-9.032112121582031,8.892629623413086,9.032112121582031,5.744671573638917,0.0,0.00013689862660100396,0.008969037368275489,-0.06123710697251198,0.05773796522352772,9.640542444104638e-05,0.009014321867104748,-0.06319234174778639,0.05613263283979644,5.130141097315117e-05,0.004108417537899276,-0.029362476674262675,0.030429987875152255,0.010260282194630231,0.8216835075798552,-5.872495334852535,6.085997575030451,0.004820271222052319,0.4507160933552375,-3.1596170873893192,2.806631641989822,3544.0624454105096,216.11532056731212,3197.3686921244534,4070.0162093331433,0.4339954358638654,0.16163225743235754,0.04603470163647802,0.8582978552879552,0.00012480203690939012,3.9246064148835444e-05,6.84194160557443e-05,0.0002067775904452873,0.7791581298226963,0.3575171571940277,0.3476386505687681,0.1277688144673854,0.8101830429735355,0.3010990463051858,0.9191090511985355,0.14922253669655355,0.8211645047179621,0.2245964897777946,0.8666819504769951,0.19731311275308067,0.7850047010881517,0.020991677418351173,0.1458488404750824,0.9007359147071838,0.0,-4.404106140136719,68.60509490966797,-7.043402194976807,0.03625178337097168,0.0007,129.0,0.0,0.0,0.0,
70200.0,-0.004004622600903666,1.2888367238621405,-16.198684692382812,7.372949123382568,16.198684692382812,3.958023862838745,0.0,0.00030469350646994886,0.0070913965629094845,-0.07042152444669257,0.054033647072120064,0.00027940555907611346,0.0071138988529887955,-0.07302404767783213,0.05262437282796572,-8.987449880339643e-05,0.004692167181468214,-0.06273741056600612,0.02370865169159491,-0.017974899760679293,0.938433436293643,-12.547482113201225,4.741730338318982,0.01397027795380568,0.3556949426494398,-3.6512023838916066,2.631218641398286,4416.007535489278,250.7068872429344,3797.8316759822706,4792.952769870873,0.42774970910518567,0.1711354721980489,0.03955776344275473,0.9000451972378827,6.504368485792382e-05,1.5031180043095023e-05,3.752005060054698e-05,9.82236133778969e-05,0.7887161954226681,0.35135953166759654,0.33743461981892775,0.1458265021701843,0.8722129985548128,0.2884269767325556,0.9521252872908089,0.1333988755790551,0.7984116846543438,0.2103477643994702,0.8964003322273116,0.22199988111873475,0.9230094790513977,0.016776520758867264,0.15366533398628235,0.8747258186340332,0.0,-20.772905349731445,31.302165985107422,-7.049072265625,0.21801716089248657,0.0007,130.0,0.0,0.0,0.0,
70740.0,0.021709454819103014,1.5878536017699574,-12.819826126098633,6.0504841804504395,12.819826126098633,5.724073066711426,0.0,0.00031896480327750395,0.008502469038834696,-0.05065075893913726,0.03394132439769712,0.00028266436414115957,0.008522412147405168,-0.051978538523313536,0.033378028245642136,3.7881191821977836e-05,0.0058273332095043415,-0.051104495883391915,0.021907914920698855,0.007576238364395544,1.1654666419008683,-10.220899176678383,4.381582984139771,0.014133218207057978,0.42612060737025836,-2.5989269261656767,1.6689014122821069,4919.7019812989665,195.91898891340603,4551.689074102175,5605.70405384003,0.40840862387711857,0.15321280631211673,0.05560215790589927,0.8006826568532136,6.079760067464715e-05,1.0017467673127002e-05,3.417159088790536e-05,7.731966087112587e-05,0.801094071712027,0.3394250293549872,0.32966783471863226,0.13307245650796254,0.7599122394361937,0.28012028801930255,0.8732014910277405,0.13986361473815934,0.7345899214796663,0.22934066116524812,0.7980037030901582,0.2176029795693274,0.8930181191375809,0.019629990682005882,0.15102313458919525,0.8855171799659729,0.0,-3.1540846824645996,44.902862548828125,-7.050199508666992,0.20453041791915894,0.0007,131.0,0.0,0.0,0.0,
71280.0,0.02477065512459915,1.6316433010717502,-8.730325698852539,7.962887763977051,8.730325698852539,6.1969389867782745,0.0,0.0007120969348552875,0.010458157584458741,-0.05026641221616053,0.0551957257230593,0.0006571657219476691,0.010461198816314542,-0.05157376762824084,0.053726271733327925,-4.0438162782802796e-05,0.00556037767404337,-0.03075818806807484,0.026382869827301203,-0.008087632556560543,1.112075534808674,-6.151637613614968,5.276573965460241,0.03285828609738348,0.523059940815727,-2.578688381412042,2.686313586666396,6892.635494191641,613.4282775852128,5387.84949087718,8423.114179732627,0.4225811695928152,0.16252641967930048,0.06535132807634636,0.8509651167058472,9.544161870286085e-05,1.680552025363502e-05,6.297670529879439e-05,0.00012112920917295386,0.7970906106334248,0.3423895598654083,0.33087967623125475,0.13164505501280763,0.794012493905823,0.2543137767459277,0.90317699005958,0.1611501607952658,0.8662588119729375,0.21292035140202714,0.8644141786486728,0.2399706560439718,0.8292290174044712,0.025374162942171097,0.1435975432395935,0.8445872664451599,0.0,14.759778022766113,38.110435485839844,-7.0533928871154785,0.2183942198753357,0.0007,132.0,0.0,0.0,0.0,
71820.0,-0.06532745519135562,1.498976325282016,-8.552360534667969,10.41220474243164,10.41220474243164,5.5435168504715,0.0,-0.0006544098526909321,0.010745269032280704,-0.07384290200827809,0.07044356681237587,-0.0007128183198919834,0.010807611621460964,-0.07671140646639575,0.06807311099513796,-0.00014843268845694972,0.004814328672260164,-0.02699752462939852,0.03504274539008893,-0.029686537691389937,0.9628657344520328,-5.399504925879704,7.0085490780177855,-0.03564091599459917,0.5403805810730482,-3.8355703233197875,3.4036555497568983,6086.774037211933,995.9047657393997,4968.545089677446,7929.1955300279,0.4168782831102703,0.15583220752273194,0.015097629818118075,0.8442344767965492,0.00012209801023561916,2.5646096469001395e-05,8.840473800191903e-05,0.00018593026001712524,0.8021424333656096,0.339344060631052,0.3252191243507182,0.14437909158302994,0.6893970884948234,0.24759675969548647,0.9110576354723227,0.17042576393549125,0.8468300808488096,0.20562356624779576,0.8909274215994384,0.2319748185381966,0.8694572703188065,0.03551715984940529,0.1233254075050354,0.8218553066253662,0.0,-38.20781326293945,95.4448013305664,-7.054017066955566,0.20958399772644043,0.0007,133.0,0.0,0.0,0.0,
72360.0,-0.04075822704126714,1.4369998010295235,-14.861475944519043,6.4475321769714355,14.861475944519043,4.761957507133485,0.0,-0.00042894473825304144,0.008675726157483948,-0.11181909710359977,0.04003530989136773,-0.00046762583727422,0.008840762372169481,-0.11857983726003386,0.03925466439555416,-8.688468453258969e-05,0.005024530987456471,-0.04466242219351013,0.02242399514887113,-0.01737693690651795,1.0049061974912943,-8.932484438702026,4.4847990297742255,-0.02338129186371099,0.44203811860847403,-5.928991863001693,1.962733219777708,4763.347849350153,236.19480589364917,3899.8888005493573,5236.917722772475,0.4209194609214194,0.1633940380112181,0.068764412561031,0.9038370024684695,6.288688882018426e-05,1.6474827426406642e-05,4.5067227526197394e-05,0.00012387133103680594,0.789683114125911,0.3483323491729944,0.3380308926262473,0.14450418937941867,0.7420824621057779,0.2720052788804572,0.866562470012852,0.15075883837458676,0.9272103993877667,0.22096166254565408,0.8976238930158152,0.21177003081988324,0.8913078768276979,0.034245457500219345,0.14348646998405457,0.8827250003814697,0.0,-36.50096893310547,104.10332489013672,-7.054438591003418,0.12066113948822021,0.0007,134.0,0.0,0.0,0.0,
72900.0,0.04823294377549448,1.2614621897723863,-7.664217472076416,10.994491577148438,10.994491577148438,3.474942412376406,0.0,0.00016028907692599274,0.007490053161981889,-0.044492246815744624,0.06468949903298357,0.00013238710846489603,0.007458885999350866,-0.04551240106549343,0.06268320644859393,0.00020806793587501435,0.004460281121815195,-0.026942986086539056,0.04125872281618763,0.04161358717500287,0.8920562243630391,-5.388597217307812,8.251744563237526,0.006619355423244802,0.37294429996754336,-2.2756200532746718,3.1341603224296968,3986.866465471656,189.60196367360194,3562.407640537871,4362.988759872834,0.4121809387149965,0.16282746076331253,0.028289549422231476,0.8745991197231073,7.884827681812153e-05,1.9151354396370296e-05,4.848637543044088e-05,0.00012318603231065115,0.7903707339539566,0.3479368667233738,0.3385070046768579,0.13977349138381556,0.7232497089973686,0.27417694517973457,0.8837679280062991,0.1337341191298561,0.6871014176567467,0.23003193681051992,0.8122298436469928,0.2222835074960739,0.8077860531798482,0.027281278744339943,0.16381977498531342,0.9645395278930664,0.0,21.393722534179688,34.51511001586914,-7.054307460784912,0.21448469161987305,0.0007,135.0,0.0,0.0,0.0,
73440.0,-0.0560288655002498,1.3382285858751863,-8.09415340423584,6.778423309326172,8.09415340423584,4.840903935432435,0.0,-0.0004863875322606492,0.007463910536508596,-0.04593720320010366,0.032164708841944334,-0.0005144726817383255,0.007484823923012189,-0.04702578496236668,0.03165825591542339,-0.00015152615361750625,0.004830553887499105,-0.028714322482661172,0.02606680727945789,-0.030305230723501254,0.966110777499821,-5.742864496532234,5.213361455891579,-0.02572363408691627,0.37424119615060947,-2.351289248118334,1.5829127957711697,3671.0932481074333,348.7668020215364,3124.7983192812776,4389.724966030926,0.42469455627990016,0.15821617074239966,0.027281530219540894,0.8744638550161123,5.944914628253531e-05,1.127748858604164e-05,4.4232111224620584e-05,8.336524436446022e-05,0.7936066347633011,0.34652584757704014,0.3333979560805967,0.14403584397063263,0.8890847241953181,0.25584400960218373,0.8260477427528804,0.1503486214133061,0.8262990349157467,0.22782425756601032,0.8593611492882312,0.22194726744786727,0.9015071913785687,0.033605121076107025,0.1310267150402069,0.8808274865150452,0.0,-46.28959655761719,100.85111999511719,-7.054356575012207,0.0035129189491271973,0.0007,136.0,0.0,0.0,0.0,
73980.0,0.1084885721749473,1.3762443723813538,-8.76259994506836,5.870716571807861,8.76259994506836,4.487537722587587,0.0,0.000810891103860773,0.007232410519331533,-0.03934380439522564,0.036186134068069045,0.0007844720549832951,0.007222351614406979,-0.04013869093702386,0.035546793788142246,0.00034632484964033325,0.005085316884393683,-0.03377832574337526,0.02237582066600471,0.06926496992806663,1.0170633768787365,-6.755665148675052,4.475164133200942,0.03922360274916476,0.36111758072034894,-2.006934546851193,1.7773396894071123,3873.4802869238656,462.8947665740709,3128.737400337598,4979.075799444433,0.41707510832596056,0.1609095276576761,0.0861513366635988,0.8780682047818927,5.235696844053548e-05,7.64343205079729e-06,3.8894845337931596e-05,6.750030750943777e-05,0.7881042060457351,0.3500787065854819,0.33653369743739053,0.13519306373810566,0.7966418046689918,0.2889100308773825,0.9115445000947568,0.12829031874121824,0.8219931054653224,0.21560738513317168,0.8541985525448771,0.23199920151012193,0.8694088518240044,0.02005147375166416,0.17070266604423523,0.9157029390335083,0.0,52.328094482421875,91.63209533691406,-7.054774284362793,0.17746442556381226,0.0007,137.0,0.0,0.0,0.0,
74520.0,-0.07756174745733949,2.3554672526557696,-14.539108276367188,28.18158721923828,28.18158721923828,6.9367657613754306,0.0,-0.00039137929670407935,0.020095953003265315,-0.16716332634696196,0.2112121548187528,-0.000594609948516846,0.020210519277973803,-0.18291772608391052,0.1916216390030323,-0.00023915625469317708,0.007148457265177917,-0.03491028245535495,0.09300253018977007,-0.04783125093863542,1.4296914530355835,-6.98205649107099,18.600506037954016,-0.02973049742584232,1.01052596389869,-9.145886304195527,9.581081950151615,4473.4354110468075,800.2271809882521,2453.9240938223043,5560.813523220898,0.41828124002555883,0.15417478034339863,0.04437250132221346,0.8132102210824116,0.00022235395260345917,0.00023992141508147322,4.916252774757669e-05,0.0006887809138232074,0.8035408323662337,0.33777934164348244,0.32638857992488474,0.15217542222215288,0.7714392397017552,0.2644728070113138,0.9261725063588527,0.15093671219710056,0.776418376984091,0.21320031296793074,0.8257786913743913,0.219214745601502,0.8135696310633279,0.040305785834789276,0.13960698246955872,0.9107139706611633,0.0,-59.18995666503906,177.8550262451172,-7.055904388427734,0.14199692010879517,0.0007,138.0,0.0,0.0,0.0,
75060.0,0.04161657251641844,1.1247464958664481,-5.988681316375732,7.246054172515869,7.246054172515869,3.859710297584535,0.0,0.000531145156570731,0.009570544143941852,-0.040574329111486424,0.06257176567835993,0.0004853539080251793,0.009550478199280015,-0.04142043304000346,0.06069216370329841,8.674438110555778e-05,0.003268196348107098,-0.019588298365475702,0.021057229154421507,0.017348876221111552,0.6536392696214195,-3.9176596730951405,4.211445830884301,0.024267695401258962,0.47752390996400074,-2.071021652000173,3.0346081851649207,4126.843702900398,392.60366860101897,3408.709531806925,4922.250896399899,0.42416579768126184,0.15940592929785435,0.035352371018915335,0.8527502407324806,0.00025029640479443533,0.00011497824064892049,0.00011240090245383896,0.0005406106258172254,0.77823996445285,0.3583932013527776,0.3465863153348586,0.11647772418821242,0.7180219376909234,0.2993407804010784,0.9142674590640374,0.12680342251098875,0.7142497488296055,0.22103591648786536,0.9011713805692405,0.23634215641185508,0.8638775044325856,0.016796430572867393,0.18009154498577118,0.968106746673584,0.0,13.846196174621582,13.329483032226562,-7.056372165679932,0.33360755443573,0.0007,139.0,0.0,0.0,0.0,
75600.0,-0.0176238381543145,1.24947392648507,-14.107194900512695,4.237194061279297,14.107194900512695,4.228444523811341,0.0,1.1159412839406952e-05,0.007543132347200862,-0.06843750112799529,0.030464426318231562,-1.7664856194066985e-05,0.007618247698445537,-0.07089199632061026,0.030009599955073903,-8.370298072448447e-05,0.004364502289725633,-0.05281297422455791,0.013683571304701369,-0.016740596144896914,0.8729004579451267,-10.562594844911583,2.736714260940274,-0.000883242809703346,0.38091238492227686,-3.5445998160305128,1.5004799977536951,4631.471922643871,172.3218701301359,4260.432740735608,5143.308648941633,0.4152048834893188,0.1606348703981679,0.050022332560426014,0.8762572599008644,8.294400831687758e-05,2.419120835913661e-05,4.176751243696089e-05,0.00013258898135702814,0.779809194875956,0.35599754248106835,0.3475908889924617,0.13029222828778197,0.8657759860901207,0.3205517318316029,0.8862100955675052,0.11718773854975213,0.6950706236653289,0.20985408394137164,0.8865362755902303,0.22211421738949141,0.8132734201432702,0.020249592140316963,0.1714704930782318,1.0135034322738647,0.0,-23.18114471435547,30.819602966308594,-7.0556488037109375,0.25227540731430054,0.0007,140.0,0.0,0.0,0.0,
76140.0,0.05709058454414372,1.564703063013114,-19.552133560180664,6.133543968200684,19.552133560180664,5.362096986770637,0.0,0.0005217363961826589,0.007010923301153566,-0.06295850482055813,0.03711683600025287,0.000496915667938947,0.0070363812084483935,-0.0650277125807917,0.03644459021069623,0.0001612240201978971,0.006113516073655422,-0.08150373515729321,0.02428980342095828,0.03224480403957944,1.2227032147310843,-16.30074703145864,4.8579606841916565,0.02484578339694734,0.35181906042241967,-3.251385629039585,1.8222295105348114,4779.808578427743,548.992870838899,4207.612455692638,6141.768829678708,0.41010280637065966,0.15789234971414862,0.06167119657210163,0.8909540605987025,3.864437556007247e-05,1.2649707357342615e-05,2.4430767880360183e-05,7.576858465020913e-05,0.7932547870980527,0.3452042691413809,0.33600884007293885,0.11897514222344861,0.6719866896097932,0.30206845480940897,0.8667745193358776,0.12927306318168635,0.6099100258691788,0.2183666443706856,0.7917354990776905,0.2313166954147705,0.9540773258955394,0.015116536989808083,0.17952661216259003,0.9384317398071289,0.0,37.618431091308594,82.05197143554688,-7.056150436401367,0.11921441555023193,0.0007,141.0,0.0,0.0,0.0,
76680.0,-0.025274746432141573,1.519094973975596,-10.449118614196777,6.145050525665283,10.449118614196777,4.84019850730896,0.0,0.00018507660422396522,0.008962855198408566,-0.04682132615476478,0.039099753534773705,0.00014482878062803262,0.008974757955073142,-0.04795290722936675,0.038354716685379854,-0.0001625809347431232,0.005370388688405815,-0.04025736486598255,0.021136572564076885,-0.032516186948624626,1.074077737681163,-8.05147297319651,4.227314512815377,0.007241439031401631,0.4487378977536571,-2.3976453614683377,1.9177358342689927,6276.054165369052,282.1411811178061,5633.771169855938,7021.407073460916,0.41327636753962727,0.16372604052766285,0.055576740267625824,0.836505891677721,7.427740745515362e-05,1.820526306893972e-05,5.395760242184118e-05,0.00010505419535265011,0.7835797026090755,0.35460104685351973,0.34402365696267584,0.12447567346869325,0.6919355461138065,0.28048047147590954,0.8529196288100677,0.12849579451493326,0.8263204267448636,0.23234607533273635,0.8607315967062507,0.23420198520772753,0.8773745493731593,0.026986319571733475,0.16245928406715393,0.9411848783493042,0.0,-22.68773078918457,42.837093353271484,-7.055379867553711,0.2505829930305481,0.0007,142.0,0.0,0.0,0.0,
77220.0,-0.005152424132662687,1.1977716124466882,-5.842896461486816,5.714896202087402,5.842896461486816,3.712014780044558,0.0,8.82661382290902e-05,0.006515659778820359,-0.032954092385798876,0.03248471202260045,6.70136206884236e-05,0.006521053694220003,-0.03350931039076569,0.03196823898565769,-4.251552741091742e-05,0.0043664679943014794,-0.020837153957944506,0.020582421042311554,-0.008503105482183478,0.8732935988602958,-4.1674307915889015,4.11648420846231,0.0033506810344211837,0.32605268471100013,-1.6754655195382846,1.5984119492828845,6728.056447399534,280.0403889581545,6202.51151742779,7418.61832657562,0.4421463281631975,0.171175453124141,0.0761853715545549,0.8856738002720166,5.813391577371227e-05,1.2985154066548888e-05,4.1258577127432884e-05,8.683178438305141e-05,0.771474262861189,0.3637587769032289,0.35273513511654925,0.1188470218900353,0.6931541297287463,0.27651373099728993,0.9197430063675688,0.1259622264843537,0.8942376396071505,0.2575230735750285,0.9231057707537399,0.22115394705329242,0.8104309893605862,0.022100651636719704,0.16503694653511047,0.9121675491333008,0.0,-12.558075904846191,24.413667678833008,-7.056546688079834,0.26371097564697266,0.0007,143.0,0.0,0.0,0.0,
77760.0,0.06500138464961545,1.5780537314176848,-11.660388946533203,5.236969470977783,11.660388946533203,5.0321417665481585,0.0,0.0006871974961154217,0.008996608866622036,-0.05584975405584608,0.03426467590122453,0.0006463911363484073,0.00901682773413973,-0.05746996666191455,0.033690716155952115,0.00016340914115769414,0.0056524447642173,-0.04393445474446673,0.018862363662546535,0.03268182823153883,1.1304889528434598,-8.786890948893346,3.772472732509307,0.03231955681742037,0.4508413867069865,-2.8734983330957276,1.6845358077976058,8067.161291339011,550.5848254322419,6823.196395276173,9664.772542010542,0.42014126204719077,0.16047637159020328,0.06793262561325297,0.8898042535422925,7.08338391835481e-05,1.5551756168431406e-05,4.275926114213504e-05,9.757771932994835e-05,0.7905373584963697,0.34798910598176197,0.3385293880157672,0.1371758815283253,0.8839757866178692,0.2677504093670768,0.901955843774214,0.15087888561756235,0.947974355898626,0.21701817567024123,0.825465848723299,0.22717664781679442,0.9278583828875445,0.03294236958026886,0.14555566012859344,0.8853943347930908,0.0,22.637340545654297,57.70789337158203,-7.052995681762695,0.2844337224960327,0.0007,144.0,0.0,0.0,0.0,
78300.0,0.024327607522321125,1.8985271902906187,-11.818547248840332,5.840450763702393,11.818547248840332,5.371406397819525,0.0,0.0009263549821849449,0.013549569523348312,-0.07318989486112107,0.04918992730064937,0.0008337319992912634,0.013600951176157032,-0.07600658322604165,0.048018368602936,-8.679495778170751e-05,0.006156982645185748,-0.0443927319747241,0.017197660652819434,-0.017358991556341515,1.2313965290371496,-8.87854639494482,3.4395321305638866,0.04168659996456317,0.6800475588078516,-3.8003291613020824,2.4009184301468,12861.815768569353,1681.5989753804688,9340.817135605213,16118.230669784,0.4338279457557808,0.15957282973999157,0.05680311298991125,0.8880672208215078,0.00014654330416067436,5.593368750157947e-05,6.951417089344393e-05,0.00022012548146421054,0.792525437624797,0.3481735396388781,0.33436407405209834,0.1635744944763523,0.8143593703325379,0.20080255252946946,0.8688998093093183,0.19851625293364145,0.9046954167269705,0.19785807724599977,0.8423375292272736,0.23924862281453702,0.8635876431307352,0.0404990017414093,0.10472363233566284,0.9275784492492676,0.0,22.896333694458008,107.6095199584961,-7.053157806396484,0.17551058530807495,0.0007,145.0,0.0,0.0,0.0,
78840.0,0.04953329249423135,1.7000827822286244,-6.868932247161865,7.046918869018555,7.046918869018555,5.110559062957764,0.0,0.0012035293504340208,0.014388573850592683,-0.04936070330595728,0.07359421569049812,0.0010998848539817646,0.01433602556213072,-0.05062057682429261,0.07101209945111096,-2.7304749898788873e-05,0.004935158531816924,-0.021689516715098837,0.01779808740927164,-0.0054609499797577754,0.9870317063633849,-4.337903343019767,3.5596174818543282,0.05499424269908824,0.716801278106536,-2.5310288412146305,3.550604972555548,23791.36922415015,3507.782056745398,15127.399171384754,28859.186924934234,0.4254849350808417,0.1608559006412686,0.043885476889430716,0.8601448035841778,0.0002078420979888843,3.72659506987437e-05,0.00015643277401126924,0.0002789018620076753,0.7986297597540061,0.3432015528983389,0.3327768220869061,0.18285490989428307,0.7729763624678618,0.16670076938688255,0.8122626729886538,0.22019692398887758,0.8444242230584043,0.2062910349607924,0.93462005158063,0.22395636176916434,0.8493784601813384,0.04120003804564476,0.0972653403878212,0.9778828620910645,0.0,29.890649795532227,108.60931396484375,-7.052374362945557,0.006141304969787598,0.0007,146.0,0.0,0.0,0.0,
79380.0,0.024307147174625208,1.6171350112380003,-10.393389701843262,5.976983070373535,10.393389701843262,5.285379142761234,0.0,0.0005258242416177729,0.011899666413097833,-0.061921243632946314,0.05075792130559244,0.0004547891213021182,0.011915507198812332,-0.0639213714887405,0.049511733590440296,7.838456550982333e-06,0.005126570366550151,-0.035986603861178856,0.018693920917049824,0.001567691310196481,1.02531407331003,-7.197320772235772,3.738784183409965,0.02273945606510592,0.5957753599406166,-3.196068574437025,2.475586679522015,29660.181153265807,2641.992696634636,24532.158303419652,36134.15036195758,0.42408590633727733,0.1616513295214392,0.052845863635053544,0.8733467500322697,0.00014211316147989667,3.6429267234034875e-05,9.358606120678344e-05,0.00022075495465117244,0.7961017539716357,0.3434342270018522,0.33217244767331744,0.21885306797636556,0.8744917025394715,0.15018882804157765,0.7171566629142065,0.24675029431264267,0.9113850200281154,0.18592677632266197,0.8949476411050764,0.19828103334675215,0.8412534205311238,0.03519827127456665,0.10812794417142868,1.0049941539764404,0.0,43.54570388793945,73.04428100585938,-7.052933692932129,0.12399303913116455,0.0007,147.0,0.0,0.0,0.0,
79920.0,-0.06795554637598494,1.9685376712217353,-11.781917572021484,5.438615798950195,11.781917572021484,5.865934834480287,0.0,-0.0005575878451996138,0.017948485970614842,-0.11688623044198565,0.05211129733368285,-0.0007209216376570784,0.018121705695281345,-0.12430124233133484,0.05079890466408731,-0.00015954730351303817,0.005365802950647649,-0.03226237026247875,0.01584381655267954,-0.03190946070260764,1.0731605901295298,-6.4524740524957505,3.1687633105359083,-0.03604608188285392,0.9060852847640671,-6.215062116566742,2.5399452332043655,28754.78411281136,5990.994833128231,20130.232002187153,40774.608389579065,0.42461709331594605,0.1615371208307177,0.019063681526425943,0.8630294081520078,0.0002954356463993005,9.857112809579214e-05,0.00014810306376407438,0.0004566083668523585,0.7986101393065873,0.343447250754798,0.32989133699670453,0.23867602677553698,0.8414498022438575,0.1487138472322134,0.8599879828744237,0.2439740853337425,0.8634008749662515,0.17925600168570024,0.8187003439379124,0.18938003897280686,0.8412690297352151,0.03714022785425186,0.12339898943901062,0.9378827214241028,0.0,-27.702604293823242,122.76093292236328,-7.052956581115723,0.15263330936431885,0.0007,148.0,0.0,0.0,0.0,
80460.0,0.01737241191504937,1.4856818028095633,-7.245164394378662,10.891748428344727,10.891748428344727,5.107694969177247,0.0,5.5583751797145235e-05,0.012258364014314264,-0.06864077107428894,0.08745184588299015,-1.9431845414888995e-05,0.012245450308550346,-0.07111022336049844,0.08383720335250441,9.17200382669539e-05,0.004394053651338843,-0.018448265899586702,0.033499443072879054,0.01834400765339078,0.8788107302677687,-3.6896531799173404,6.69988861457581,-0.0009715922707444509,0.6122725154275174,-3.555511168024922,4.1918601676252205,21951.735230695125,1192.7230758412961,18262.415314917624,24329.881354246165,0.42753017740989463,0.16224322115153364,0.01895558580658581,0.8348615340596949,0.00019451653382767417,6.0335652196401924e-05,0.00011627255749820605,0.00031468100890945583,0.7968920423376487,0.34480711585280255,0.33126509512383634,0.21153696747245854,0.8693166561681224,0.18516846075036664,0.8618618160409938,0.218953322142706,0.8609658726395495,0.1834091181588053,0.7096090137794488,0.20093213147566355,0.9088777113145946,0.05099945515394211,0.12761425971984863,0.9568566083908081,0.0,26.992902755737305,39.91987228393555,-7.051568031311035,0.30494582653045654,0.0007,149.0,0.0,0.0,0.0,
81000.0,0.01834354949425216,1.725428525724655,-14.21039867401123,20.059947967529297,20.059947967529297,5.1246464061737065,0.0,0.00043061154413226205,0.010871492736077461,-0.07737516097000188,0.11777392792353267,0.00037193864930710547,0.010805693742508308,-0.08053258536152197,0.11133914312584348,-1.2669239449069757e-06,0.00594725541658565,-0.050918848658580665,0.0724649512554094,-0.0002533847889814034,1.1894510833171301,-10.183769731716133,14.49299025108188,0.01859693246535528,0.5402846871254154,-4.026629268076098,5.566957156292174,27883.948000767246,2086.441839637106,23090.13701027435,31667.61146651365,0.41628213043670886,0.15637370404288906,0.06140324224926392,0.8403142583333645,0.00010172895067796869,2.0625532633175893e-05,7.017957652248034e-05,0.00018141070333100735,0.8018972336274097,0.3395134459001759,0.3280557765566456,0.231505955222021,0.9034248666519615,0.1450292986812513,0.8137606572425533,0.23228862185555138,0.8809749645317423,0.18640719788656715,0.8284548861498121,0.20476892635460917,0.7589857148978534,0.04255010932683945,0.11683686822652817,0.9534685611724854,0.0,19.256847381591797,63.05747985839844,-7.0531816482543945,0.1874992847442627,0.0007,150.0,0.0,0.0,0.0,
81540.0,0.025165732203189423,1.3146700694533449,-9.134431838989258,6.254608154296875,9.134431838989258,5.073185529708867,0.0,0.00028277258262995517,0.009058715327365248,-0.06778873915118175,0.044552493779297306,0.00024155973805039467,0.009084288933624774,-0.07019581525288927,0.04358855807981894,6.543872967934835e-05,0.004319345518138507,-0.02812320482027449,0.021096349433179926,0.013087745935869668,0.8638691036277014,-5.6246409640548976,4.219269886635986,0.012077986902519726,0.4542144466812387,-3.5097907626444638,2.179427903990947,28392.518908118454,2650.398827355326,23236.128666114393,32987.77745691841,0.4206983439525184,0.16057696783708122,0.03889827369495437,0.7998455088318223,0.00011388627218431502,2.7768799009607347e-05,6.793115005425057e-05,0.00016189375570863413,0.7998192891504113,0.34178596591006694,0.32952165481711415,0.22410170652020195,0.8971134839218226,0.15542581564643895,0.7690581739230001,0.2291354076941614,0.8474154069135694,0.1954270818993361,0.8276098627447803,0.19590998823986158,0.7565519930616078,0.040643833577632904,0.12201952189207077,0.9023650884628296,0.0,45.56930160522461,73.93587493896484,-7.053664207458496,0.15293562412261963,0.0007,151.0,0.0,0.0,0.0,
82080.0,-0.061864732991455604,1.5806621322750436,-10.548972129821777,6.3317790031433105,10.548972129821777,5.769664196968084,0.0,-0.0003356755165998592,0.010030608139947337,-0.07464493548211436,0.04276568741448353,-0.00038643710371684685,0.010089174333818956,-0.07757776158978251,0.041876498253615106,-0.00021271438407447665,0.005398994658933286,-0.033350419198892055,0.02118977063325414,-0.04254287681489534,1.0797989317866572,-6.670083839778411,4.237954126650828,-0.019321855185842354,0.5044587166909479,-3.8788880794891254,2.093824912680755,31812.378338643604,2965.17205675274,25992.704668653652,38307.90678767715,0.4046350537825557,0.15517041045580243,0.05540732654377782,0.8212362807314213,8.784119072842086e-05,1.764410972040389e-05,5.892600148251947e-05,0.0001220501774540822,0.8032936105047834,0.33877230585468154,0.3264880256577271,0.25691954574876347,0.887831712121017,0.14271245138373315,0.7943671719053466,0.24704561130523675,0.8508859730581041,0.17173766756888087,0.7257023163443834,0.1815847239933857,0.8310820377386483,0.03178470954298973,0.13588589429855347,0.864564836025238,0.0,-25.957597732543945,53.26731872558594,-7.054659366607666,0.23812013864517212,0.0007,152.0,0.0,0.0,0.0,
82620.0,-0.03613925121026114,1.4728119092937324,-6.499682903289795,5.804632663726807,6.499682903289795,5.253528480529788,0.0,-0.0005113516913366201,0.009278079002329633,-0.04859612654267315,0.03656789607393111,-0.0005546937308502293,0.009303474971065987,-0.04981662366858721,0.03591515588478012,-4.202282673964157e-05,0.005052592365492396,-0.02004425807874515,0.02125391887084126,-0.008404565347928316,1.010518473098479,-4.00885161574903,4.250783774168252,-0.02773468654251146,0.46517374855329935,-2.4908311834293606,1.7957577942390062,24459.737834782354,2401.323555366805,18677.74025718695,28011.292589037515,0.4362138032664013,0.1679634908045462,0.0640958684908745,0.9261137260735504,8.398705180762651e-05,1.8522879630580675e-05,5.9279239233982206e-05,0.00012328644732783006,0.7876706413441396,0.35110725462421677,0.3390364903874888,0.2730564982331651,0.9418179288753348,0.14177518169158285,0.9007831981848118,0.2429194234211789,0.9026266533222068,0.1689564403276543,0.9010589835862324,0.17329245632641885,0.7899725226652524,0.0325540155172348,0.14792442321777344,0.9382694363594055,0.0,-24.60584831237793,49.38582992553711,-7.056939601898193,0.21290194988250732,0.0007,153.0,0.0,0.0,0.0,
83160.0,0.01824874634406081,1.416647510255753,-7.742529392242432,7.3914875984191895,7.742529392242432,4.659088101387025,0.0,-4.034409224084204e-05,0.009388714842690686,-0.05663500058240696,0.0472027566160393,-8.451407955079921e-05,0.00940414997893954,-0.05830200928916468,0.04612256797834599,0.00011237226081864232,0.004738676298622708,-0.024137145298965698,0.025426795454022603,0.02247445216372847,0.9477352597245416,-4.82742905979314,5.085359090804521,-0.004225703977539962,0.470207498946977,-2.915100464458234,2.3061283989172994,19577.148480269178,1212.67979365977,16593.220011261023,22071.31090422512,0.41291777676097474,0.16383450561869686,0.05660681037897632,0.8412954937547823,9.896649282092747e-05,1.0544616954407415e-05,7.889605119323265e-05,0.00012051184390557017,0.7963698961654535,0.3433841787476065,0.33308806329400464,0.24506832267449252,0.8381693256447995,0.16424874192992928,0.9059000397873204,0.21471772468353909,0.8358214099062439,0.18945493619816162,0.8673354531838358,0.1865102745138775,0.8690714131224865,0.048782650381326675,0.1265110969543457,0.9067819714546204,0.0,13.944035530090332,41.78656005859375,-7.057028293609619,0.17999917268753052,0.0007,154.0,0.0,0.0,0.0,
83700.0,0.007327564207877947,1.175589135772678,-5.074432849884033,4.742780685424805,5.074432849884033,3.642463862895969,0.0,0.00016217209846934987,0.006092603539597987,-0.024772922207416538,0.022722691565326743,0.0001436016859837024,0.006092510505969101,-0.025084934801268863,0.022468376483679057,7.373997810310276e-07,0.004362106549110217,-0.01910092994036789,0.018096810330485665,0.00014747995620621642,0.8724213098220434,-3.820185988073578,3.619362066097133,0.007180084299185117,0.304625525298455,-1.2542467400634432,1.123418824183953,21040.99496035749,1042.7232101109116,18698.069170440194,23398.675821081026,0.41774339290162776,0.16250454222343916,0.058619271253289966,0.8856191340055316,5.278347002563905e-05,1.2384082526648398e-05,3.8047716222968415e-05,8.642380497348644e-05,0.7960133295963833,0.3444605820727063,0.3326163370996647,0.23148153117059395,0.8667527095823022,0.1446755349983146,0.8287524694800292,0.23437598854049643,0.893132285240186,0.19883859882821864,0.8051267324407599,0.19062834646237642,0.9108330277915345,0.04587865620851517,0.12771478295326233,0.9300071597099304,0.0,-1.56590735912323,46.75922775268555,-7.063174724578857,0.06406021118164062,0.0007,155.0,0.0,0.0,0.0,
84240.0,-0.06795580189381899,1.784245028076489,-7.349419116973877,12.513810157775879,12.513810157775879,6.269532527923591,0.0,-0.0007069720438500032,0.011684300163651715,-0.06489976536036213,0.07002287047332897,-0.0007755028490861981,0.011683636806469973,-0.06710155261611994,0.06768002251952748,-0.0001459032953762104,0.006074728316717719,-0.027015494745339375,0.04564904550782428,-0.02918065907524209,1.2149456633435436,-5.403098949067875,9.129809101564856,-0.038775142454309915,0.5841818403234986,-3.3550776308059973,3.3840011259763743,16846.74670672069,1543.0252146799432,13391.901667291602,20512.412050640247,0.4219311116161091,0.15661033511763267,0.06922301184055621,0.8462283758720329,0.00011225664185075595,4.398507065184279e-05,4.354102319531339e-05,0.00018349233139831368,0.8040329721402604,0.3375026857943397,0.3275237800365386,0.24605283009972548,0.8735023534073516,0.19210970177377595,0.8959863310144713,0.21461323146672656,0.8309510444025273,0.17881174751639303,0.82891114731639,0.16841248914337895,0.8371196767794722,0.04875537008047104,0.1287173330783844,1.0604733228683472,0.0,-40.37545394897461,85.23108673095703,-7.065536975860596,0.11083930730819702,0.0007,156.0,0.0,0.0,0.0,
84780.0,0.06267453120823052,1.7157183470226698,-7.529721736907959,14.33498764038086,14.33498764038086,5.261121520996098,0.0,0.0002792955633138296,0.012961811992490465,-0.06807990798487425,0.08090368686884794,0.00019549459808500453,0.012936775326155354,-0.07050820615346938,0.07779743835921728,0.0002644989938377771,0.005393804954658601,-0.020021557247054678,0.05222557709194805,0.05289979876755543,1.07876099093172,-4.0043114494109355,10.44511541838961,0.009774729904250233,0.6468387663077677,-3.525410307673469,3.889871917960864,13032.093857696966,943.0713667849778,10733.735045892887,15058.140568693505,0.41133337463755626,0.15932097274168328,0.07127790653599006,0.8709255728552067,0.00016148662580468573,3.9482132208157696e-05,0.00011032212171740824,0.00024318094641371447,0.7999498422751617,0.34137969002169155,0.32986558625712037,0.17699093191116344,0.8410649862922844,0.27170921672048265,0.8790514154566458,0.18288910344138568,0.8907438193357606,0.18910328176004962,0.8927818334562942,0.17930746616691856,0.783145200710297,0.05053107067942619,0.12913760542869568,1.0748546123504639,0.0,28.878700256347656,40.9378776550293,-7.0652756690979,0.35800522565841675,0.0007,157.0,0.0,0.0,0.0,
85320.0,0.008188812191925805,1.3086619653487186,-7.253039360046387,7.099688529968262,7.253039360046387,4.4793821620941205,0.0,0.00022510204519980345,0.008372166007531195,-0.04103828874460614,0.05485224059269108,0.00019007097215734012,0.00836620848829366,-0.04190413059398446,0.05340070080898351,-6.573676592111155e-06,0.004460127954757428,-0.025789163520456196,0.022173810460713515,-0.0013147353184222307,0.8920255909514856,-5.1578327040912395,4.434762092142703,0.009503548607867009,0.4183104244146831,-2.095206529699223,2.6700350404491755,15703.377139797627,613.996459292946,14483.229178363192,17189.670398275404,0.43272039086306335,0.16133039721979045,0.023659000054303585,0.8673121656316803,9.145163052227047e-05,1.7511119317114774e-05,6.91428152003643e-05,0.0001405851510409112,0.791661753851201,0.3488599192644671,0.3366023925117446,0.18963422133335542,0.8707606373359473,0.2654673605109211,0.8952392931632521,0.17902915892949123,0.7572140300618216,0.18696056945937173,0.7720634945871699,0.17890868976686047,0.7226820988456109,0.04833608120679855,0.1240721344947815,1.01979660987854,0.0,-9.404023170471191,29.340524673461914,-7.065337181091309,0.18956923484802246,0.0007,158.0,0.0,0.0,0.0,
85860.0,-0.017644915539939472,1.237538314487956,-9.480127334594727,6.437937259674072,9.480127334594727,4.837883381843572,0.0,-0.0002544290706979889,0.00703249971637624,-0.050329557413421946,0.029205762285636885,-0.00027935684751640485,0.007067552498464463,-0.05164025711260017,0.02878740021043651,-1.8385355923797438e-05,0.004436317766794585,-0.03449057036200051,0.0249928358484332,-0.0036770711847594973,0.8872635533589169,-6.898114072400102,4.99856716968664,-0.013967842375820242,0.35337762492322317,-2.5820128556300084,1.4393700105218254,13911.647057895694,803.3469816298484,12759.84887046795,16518.321951674054,0.4250985749770556,0.15595880420746355,0.04972828595534261,0.8406871745644607,6.175939428176078e-05,1.7098609868788118e-05,3.093923810621992e-05,8.926100749910692e-05,0.805654611875378,0.33862592268809805,0.32482421180933363,0.19792769801091403,0.881458532367942,0.2441542929194488,0.9320142206010912,0.17806642660506164,0.7525594479186486,0.19876573633441932,0.8601505402043109,0.18108584613015632,0.8557930099855693,0.040532272309064865,0.10583756864070892,0.9524415731430054,0.0,-11.2322998046875,36.6883544921875,-7.063403606414795,0.17663264274597168,0.0007,159.0,0.0,0.0,0.0,
86400.0,-0.042321743286016435,1.8144849640281535,-26.813322067260742,7.529269695281982,26.813322067260742,5.452812385559084,0.0,-0.00018393642052163392,0.00994657146149926,-0.10845059817333304,0.0522115467414601,-0.00023435252560934455,0.010088300388479703,-0.11479442893869034,0.050894184158044566,-0.00015302060919993181,0.006648757001453443,-0.10536800749845888,0.0250785685983559,-0.030604121839986367,1.3297514002906887,-21.073601499691776,5.015713719671179,-0.011717626280467228,0.5044150194239851,-5.739721446934517,2.5447092079022284,13342.440129283923,1165.985463320358,11664.794295889687,15899.145347517775,0.43664704316589176,0.15963946982441465,0.05454299767549887,0.8530817812574758,8.858491556904269e-05,3.984160854208094e-05,3.4289626550357105e-05,0.00015331022320257348,0.7949585095513274,0.34472791784366186,0.3350654055577684,0.17903461349672622,0.8152495953213709,0.2462582381895629,0.8600574710007803,0.17380867151253937,0.8931724790996297,0.20084489147184487,0.8760732784318892,0.2000535853293266,0.8712530092027715,0.03837673366069794,0.10202649980783463,1.0241252183914185,0.0,-35.5267219543457,114.27568054199219,-7.0669965744018555,0.12196558713912964,0.0007,160.0,0.0,0.0,0.0,
86940.0,0.049036423304049226,1.143756589476065,-6.982626438140869,6.478495121002197,6.982626438140869,4.869097533226019,0.0,0.00026448611991038574,0.005523382261343652,-0.038696089599653836,0.03898686877016075,0.0002492118449158233,0.0055203438160093075,-0.0394646760934595,0.03824607370244319,0.00018287916084570462,0.004356996127955134,-0.02504696225072054,0.022830958369018328,0.03657583216914094,0.8713992255910267,-5.009392450144108,4.566191673803665,0.012460592245791166,0.2760171908004654,-1.9732338046729752,1.9123036851221595,12441.078931104443,942.330192488641,11263.05290891231,14345.496386846537,0.42618698520331805,0.16410835147021519,0.0652501587843771,0.8355846192780287,4.071638355964457e-05,1.1765927811312366e-05,2.4806523636370134e-05,6.341649612960415e-05,0.795262781420015,0.34475470009544784,0.33540726876780264,0.1660653024397853,0.7162325166254987,0.2649505310713946,0.9228322605415232,0.1670048117067759,0.791518356242198,0.19900123310029627,0.8982402941001507,0.20297812168174795,0.9016954670148463,0.03747977316379547,0.1194315031170845,0.9991967678070068,0.0,37.51320266723633,85.72279357910156,-7.065740585327148,0.0021915435791015625,0.0007,161.0,0.0,0.0,0.0,
87480.0,-0.08280138734402566,1.4236168590983422,-12.421477317810059,5.885373115539551,12.421477317810059,5.097066030502323,0.0,-0.0002614396862914721,0.006638005586747138,-0.06057020522141893,0.02879154105518964,-0.00028374079270763856,0.00669066609253385,-0.06248218907447409,0.028384852320438442,-0.00034307173371608823,0.005458136096373872,-0.04943052682151387,0.022330652580910937,-0.06861434674321763,1.0916272192747745,-9.886105364302775,4.466130516182187,-0.014187039635381926,0.3345333046266925,-3.124109453723704,1.419242616021922,14115.43697058428,426.5050845128092,12265.701676185698,14935.399595021194,0.4177203566546413,0.15734132154787958,0.049575391231740686,0.8460767110943157,3.6690734500404226e-05,3.232034267207715e-06,3.0093434637788516e-05,5.594847520387913e-05,0.807858939864156,0.3349573036451777,0.3214026969877897,0.20918194983447572,0.859154022956925,0.19952237423315924,0.8720731645513041,0.20667342551367548,0.7954290465553795,0.194625853061213,0.7745916858609653,0.1899963973574766,0.8221357489787023,0.0383010096848011,0.08327328413724899,0.8537241220474243,0.0,-39.023094177246094,74.339599609375,-7.06756591796875,0.03705388307571411,0.0007,162.0,0.0,0.0,0.0,
88020.0,0.04086634116678464,1.3012608332286573,-7.884731292724609,7.503170490264893,7.884731292724609,5.254893879890448,0.0,0.0003843022869846956,0.007062089134189654,-0.03579654421322899,0.04262421962532407,0.00035933405852862276,0.007054756107089537,-0.03645295291957793,0.041740823108263235,0.0001144982011306094,0.004759125127418628,-0.03127670699380175,0.027080646715368056,0.022899640226121867,0.9518250254837255,-6.255341398760351,5.416129343073611,0.017966702926431138,0.3527378053544768,-1.8226476459788965,2.0870411554131616,15043.04908644706,1078.418045606819,11713.480342270745,16807.172878405036,0.43619463042686996,0.15982702377597638,0.078704132666374,0.8757303154765641,5.6795355578603855e-05,1.535515042797521e-05,3.424598448530184e-05,8.082662292806093e-05,0.8058414611925189,0.3377816885906004,0.32420866851828994,0.1939477430269996,0.8362196169962037,0.20058403365955232,0.8335403310670654,0.20678310578155057,0.8549671930090416,0.20594658873190724,0.8350993508222971,0.19273852879999032,0.897354349135019,0.03916960209608078,0.08370176702737808,0.9536060690879822,0.0,10.618245124816895,84.11442565917969,-7.067934036254883,0.15914368629455566,0.0007,163.0,0.0,0.0,0.0,
88560.0,-0.01564062297704233,1.2212799485419357,-12.591120719909668,3.7863070964813232,12.591120719909668,3.5928666138648993,0.0,-7.865859001680365e-05,0.004903630756083779,-0.04333008811412292,0.014768621459808283,-9.076550042555075e-05,0.004928340205450104,-0.04429686668713098,0.01466062735421538,-5.55117368097587e-05,0.004882908241467622,-0.05188138511787425,0.015330296621280184,-0.011102347361951738,0.9765816482935242,-10.376277023574849,3.0660593242560368,-0.004538275021277533,0.2464170102725052,-2.2148433343565492,0.733031367710769,14844.694395729193,261.77831288639027,14088.710437015943,15518.459069341872,0.41883018146637424,0.15390883795385518,0.063317140980547,0.8356926486728226,2.7255018384244826e-05,6.559255439646125e-06,1.6760504370873007e-05,4.163449516220603e-05,0.8093291366057725,0.3349761828829243,0.3206353066842332,0.21483512995877208,0.8321330449516696,0.21395195797064984,0.9345962571484001,0.19933953212317768,0.8709982471900665,0.18564253874160921,0.8670196903190214,0.1862308412057912,0.7558556635790818,0.035669948905706406,0.07829651236534119,0.8879076242446899,0.0,-6.585316181182861,13.248952865600586,-7.070157527923584,0.3915172815322876,0.0007,164.0,0.0,0.0,0.0,
89100.0,0.00844043142623613,1.2649398320592848,-7.47998046875,7.548668384552002,7.548668384552002,4.7769877672195475,0.0,5.415051352369782e-06,0.005752259930118406,-0.03919468584373103,0.03656695619539064,-1.1176466883974765e-05,0.005764784610414515,-0.0399834772613541,0.035914249162731206,4.499626999427675e-05,0.004887541533433471,-0.028183567306682117,0.028764779505862148,0.008999253998855346,0.9775083066866943,-5.636713461336424,5.752955901172429,-0.000558823344198742,0.28823923052072575,-1.9991738630677052,1.7957124581365602,14129.894216566074,500.1697458809026,12874.87222600789,15056.63706490079,0.428860836586779,0.15253630599537796,0.07140811002373586,0.8622271725818682,3.4051278408376576e-05,3.4076030831679654e-06,2.5798157901648787e-05,4.224882583372365e-05,0.81019003864729,0.333766186129113,0.32083624620257317,0.2188621352057233,0.8621679137990624,0.19081744360443606,0.8819812754303592,0.2029207075257794,0.7320335715407387,0.19050537571456955,0.8143208377935446,0.1968943379494917,0.7656542765035029,0.0325913280248642,0.07290774583816528,0.8944281935691833,0.0,10.529545783996582,31.78363609313965,-7.070677757263184,0.26139217615127563,0.0007,165.0,0.0,0.0,0.0,
89640.0,-0.035182885764408166,1.0701207098411964,-7.235145568847656,8.715622901916504,8.715622901916504,4.592873482704165,0.0,-0.0003116079992191355,0.004209207204999548,-0.04738176078428855,0.027180050170158863,-0.00032058043998768664,0.0042319538703774065,-0.048541044025934864,0.02681723220163981,-9.57693214707867e-05,0.00433265010192669,-0.02404046705183738,0.036873805366964246,-0.01915386429415734,0.8665300203853379,-4.808093410367476,7.3747610733928495,-0.016029021999384333,0.21159769351887034,-2.427052201296743,1.3408616100819903,13002.661950845995,792.0263702379578,11791.535061302595,14156.36060121659,0.42427498926737656,0.15875592069964004,0.04409250509600032,0.8494763622572712,2.0067302838059364e-05,4.576449501257307e-06,1.1163710434902743e-05,2.6406466197279485e-05,0.8093429292142847,0.33394997509254304,0.32211874543081287,0.2155729351367863,0.8416142357958407,0.1894106200529576,0.8704772862751766,0.20764296962161377,0.8372301155498476,0.19056350826136853,0.863728843218047,0.19680996692727376,0.8725407814967817,0.029466455802321434,0.0735674500465393,0.89790940284729,0.0,-25.7518367767334,28.577457427978516,-7.0721235275268555,0.4011591076850891,0.0007,166.0,0.0,0.0,0.0,
90180.0,0.035056571055126065,1.1483296876415638,-4.62611198425293,7.4822282791137695,7.4822282791137695,4.477480869293218,0.0,2.1192764646477663e-05,0.0037231675901000876,-0.015132125890683593,0.02419572153735279,1.4276653167608096e-05,0.0037171552860269927,-0.0152477847674338,0.023907642667301363,0.00017171368690014965,0.0048158328363922375,-0.019495213285414034,0.031434230493844646,0.03434273738002993,0.9631665672784475,-3.8990426570828065,6.28684609876893,0.0007138326583804063,0.18585776430134962,-0.7623892383716899,1.1953821333650683,11763.330372642025,195.30796913736273,11217.063981755444,12426.394880564858,0.42152247729355924,0.14964519574724663,0.022523694864107092,0.8271904767592704,1.5712239824164628e-05,2.041298546787719e-06,1.2473850055998933e-05,2.022612577280131e-05,0.8095920415073491,0.33326594171572543,0.3226527573057047,0.19483109711522062,0.7973052274793889,0.23778381047031108,0.8751798188667398,0.1774089703584014,0.7586009983324723,0.19511824852866722,0.8220553140306682,0.19485787352739975,0.7503878904149978,0.03459304943680763,0.08224044740200043,0.9370867609977722,0.0,7.466048717498779,21.974960327148438,-7.072021484375,0.18226271867752075,0.0007,167.0,0.0,0.0,0.0,
90720.0,0.02977634238648332,1.3936237378174334,-10.47307014465332,6.463345527648926,10.47307014465332,4.615611071586609,0.0,0.00038359819450414735,0.0054129156650909865,-0.04078572084679425,0.030640535840858688,0.00036884553345340295,0.005422205752929595,-0.041640788856276964,0.0301804884117891,5.667032115111627e-05,0.005622971014000641,-0.04195515375705991,0.024771606009050446,0.011334064230223243,1.1245942028001281,-8.391030751411982,4.954321201810089,0.01844227667267015,0.27111028764647976,-2.0820394428138482,1.509024420589455,13738.260648727231,567.6911549374918,11981.322944525227,14617.058288816996,0.4369505655756312,0.16483342364651818,0.026312482573205533,0.824723488414397,2.5281253046375467e-05,5.309662941790907e-06,1.4035350806125086e-05,3.7857618477997705e-05,0.8017837828037583,0.3405478828435833,0.3290887260475529,0.18763092376923157,0.8760639685841589,0.21526723647611912,0.8225869854681046,0.18592345014509018,0.912494652731992,0.21157654885146648,0.8565794757611092,0.1996018407580927,0.8511008858466047,0.03181234747171402,0.07925811409950256,0.9147410988807678,0.0,-6.3104681968688965,38.68061065673828,-7.0725579261779785,0.09650349617004395,0.0007,168.0,0.0,0.0,0.0,
91260.0,-0.017482526810339617,1.421052534189762,-10.153494834899902,6.326335906982422,10.153494834899902,4.161692266464233,0.0,0.0001323596047256712,0.006168577908269151,-0.041525519133866005,0.03163466911672315,0.00011328054606584648,0.0061799728881190945,-0.04241234088202278,0.03114460159171747,-0.00011573277293616154,0.0055686344859308175,-0.04016438749102467,0.023845528817457644,-0.023146554587232304,1.1137268971861634,-8.032877498204934,4.769105763491529,0.005664027303292328,0.3089986444059547,-2.120617044101139,1.5572300795858736,15427.91855143167,509.0676990999369,14189.584535780406,16612.125364822543,0.42955967357149466,0.1596274776979348,0.03185708014844656,0.8503083025537816,3.346148926750508e-05,6.6750167507229295e-06,2.531155724374796e-05,4.714758727973257e-05,0.8057237015551058,0.3386505371983933,0.32295271531902764,0.21964573539225687,0.9459261189570436,0.19127590254258106,0.8378715805560317,0.19411946469112012,0.8112482740367827,0.21191049206099014,0.8743508570910669,0.18304840531305178,0.7267113690525887,0.03880388289690018,0.09783878177404404,0.8913938999176025,0.0,-12.099454879760742,20.372276306152344,-7.077897071838379,0.3332960605621338,0.0007,169.0,0.0,0.0,0.0,
91800.0,0.07977861614641302,1.2439048361972802,-6.913024425506592,6.435915470123291,6.913024425506592,4.461113748550423,0.0,0.000576097005991043,0.005377009753535364,-0.032889248194897094,0.029765298783569722,0.0005614811310429608,0.005376943369108276,-0.033442258747756026,0.02933091101764172,0.0002585227972644084,0.004883902755853588,-0.02620455804946818,0.02484684992169553,0.05170455945288168,0.9767805511707177,-5.240911609893636,4.969369984339106,0.02807405655214804,0.26884716845541384,-1.6721129373878014,1.466545550882086,16851.334266126254,1737.4040993126944,14482.980358237864,21141.250873015044,0.44092111421353797,0.15607400051500644,0.045784010743752004,0.859726872268705,3.0335179238777442e-05,4.475936578916305e-06,2.3246417368600713e-05,4.0557667780872006e-05,0.7995985471382164,0.3428272041843924,0.32943961606360594,0.22945143428022077,0.8440088197927689,0.1824343284571209,0.853181855127037,0.1906422523146826,0.771203065591889,0.22324634471909052,0.8115982816982882,0.1742256402288852,0.8764427538319559,0.03347165137529373,0.0904143750667572,0.8102845549583435,0.0,58.924957275390625,99.68309783935547,-7.0782928466796875,0.023889601230621338,0.0007,170.0,0.0,0.0,0.0,
92340.0,-0.05345876315841451,1.955491793441097,-29.138689041137695,5.644157886505127,29.138689041137695,5.239600172042847,0.0,0.00031356638636336045,0.009706209666257957,-0.07953996563501849,0.04248368129182676,0.0002661726942071459,0.009745601322176023,-0.08288169656282722,0.041606021131206504,-0.0003338369962184528,0.007513885217021155,-0.12497302486850914,0.01909494707243043,-0.06676739924369055,1.502777043404231,-24.99460497370183,3.818989414486086,0.013308634710357295,0.4872800661088012,-4.144084828141361,2.0803010565603253,24049.029905622392,1584.4585081214532,19676.995324293996,26805.631266040076,0.42161602717399377,0.15733369804026243,0.057803430837173944,0.8468815865680993,7.731854992344948e-05,1.151935645799617e-05,3.3470074055231385e-05,0.00010064296576067135,0.7990064840637965,0.3415487063177838,0.3316647422871518,0.24456926678856045,0.8699353049405734,0.13461715144645015,0.7208741579918595,0.22988786971097325,0.903698238486045,0.22299350028307907,0.8839771116359337,0.16793221177093703,0.7033070811221563,0.029040619730949402,0.1134069412946701,0.8950855731964111,0.0,-8.324590682983398,41.40849304199219,-7.0788140296936035,0.2358008623123169,0.0007,171.0,0.0,0.0,0.0,
92880.0,0.02979940578195426,1.1191331456663938,-5.770204067230225,6.8824310302734375,6.8824310302734375,4.204042253494264,0.0,0.0003172417937547478,0.006008314965545783,-0.03227255447258638,0.040016121328424234,0.0002991636232469156,0.006003941891870389,-0.03280479589009261,0.03923621431046873,7.420611893843453e-05,0.004101955851326671,-0.020649821908649637,0.0246031013985841,0.014841223787686913,0.8203911702653341,-4.129964381729927,4.92062027971682,0.01495818116234578,0.30019709459351945,-1.6402397945046303,1.9618107155234366,26594.141789943897,1442.6731501939803,24087.717788058228,29291.04649576188,0.43211010461413135,0.16708668417539677,0.0291030381396441,0.9427039506422763,5.287515786399319e-05,1.2391398838660442e-05,3.361907155947611e-05,8.235791871926589e-05,0.7959726619324996,0.3457858792123319,0.3324112280479926,0.25017139291448376,0.8254289545803581,0.1360130026823747,0.7640646279845528,0.2339678036006729,0.9512593256820038,0.21436492445926364,0.8756080174082933,0.16548287634320502,0.8975563084696317,0.02778061106801033,0.12648726999759674,0.9455029368400574,0.0,18.231130599975586,37.73316955566406,-7.076169013977051,0.22997009754180908,0.0007,172.0,0.0,0.0,0.0,
93420.0,-0.01333522234210115,1.3103948577974904,-7.445720672607422,5.473071575164795,7.445720672607422,5.233355932235726,0.0,-0.00012541590443881776,0.00611751408177525,-0.05064719045335215,0.024080916719940424,-0.0001442695456467036,0.0061501146751675945,-0.05197477965468644,0.023795543729698613,-3.060872625377944e-05,0.0050360590789157835,-0.025491590744862447,0.021416473038385998,-0.0061217452507558775,1.0072118157831567,-5.098318148972489,4.2832946076772,-0.007213477282335184,0.3075057337583797,-2.5987389827343224,1.1897771864849307,26287.68622248783,1870.9265239601946,22179.510860149094,29953.4958476555,0.4308697887882261,0.1709864500015739,0.03652871393890494,0.8691869185745391,3.4125616774260675e-05,6.283428287319343e-06,2.3940885502342958e-05,4.885357002327277e-05,0.7903048522518388,0.34860011843276933,0.33642091004865976,0.25182896845651265,0.9186108757447982,0.1331053362577889,0.8643330461473423,0.24687680693321715,0.9152159791581331,0.2084130153083101,0.8826770338781729,0.15977587304417118,0.778235248946565,0.02442902699112892,0.1370609700679779,0.9072961211204529,0.0,-7.654252529144287,81.3799057006836,-7.075525283813477,0.10789710283279419,0.0007,173.0,0.0,0.0,0.0,
93960.0,-0.03556718271596495,1.4391450714290879,-13.7666654586792,8.912202835083008,13.7666654586792,5.271944737434391,0.0,-0.00019291041542048338,0.0085237948647856,-0.10454887693911957,0.05014924881146829,-0.00022998810963629525,0.008653431315309311,-0.11042763958414531,0.04893229579346206,-0.00012033889167308611,0.005100087396042836,-0.04122641855220929,0.03232793964579928,-0.024067778334617238,1.0200174792085672,-8.245283710441859,6.465587929159857,-0.011499405481814764,0.43267156576546556,-5.521381979207265,2.446614789673103,24606.53891494352,1548.3751468226883,20263.246388179145,27088.4298211364,0.4327135977768961,0.17240760040569802,0.041385663277826605,0.9110296889888149,6.49361299922795e-05,2.8522797304216914e-05,2.9967531777065145e-05,0.00011698235979446247,0.8002375652440934,0.34213395333174473,0.32727279450788266,0.25847366573773267,0.862300797116491,0.1476138262103627,0.8092222848549598,0.22256617485739622,0.889146777838099,0.19744768013625014,0.9277546520303662,0.1738986530582582,0.9228196788306294,0.026683827862143517,0.11539403349161148,0.8935210704803467,0.0,-20.93756866455078,54.17864227294922,-7.074139595031738,0.2283235788345337,0.0007,174.0,0.0,0.0,0.0,
94500.0,0.03523524704915299,1.0796353840664343,-4.771575927734375,5.909248352050781,5.909248352050781,3.442475137710576,0.0,0.00021268688688381155,0.005209502859662355,-0.023668815785115007,0.029179610657378348,0.00019909897879810903,0.005208914248777689,-0.023953422038778555,0.028761990363860932,0.0001264014875671513,0.004106365336844119,-0.018654223837930434,0.022355744454100348,0.025280297513430274,0.8212730673688238,-3.730844767586087,4.47114889082007,0.009954948939905454,0.2604457124388844,-1.1976711019389277,1.4380995181930467,24201.23577698339,1259.6501675155075,21431.16151405916,26418.914620210177,0.4216017984462333,0.16037220790077594,0.09720119705597807,0.8588500854291952,4.100430720962925e-05,1.0875096663256184e-05,2.4627638474029858e-05,6.296852342063318e-05,0.8057081954272404,0.3377341439618078,0.32293078176057155,0.25954226780586975,0.9221052871728647,0.1521228765850766,0.6928764993456443,0.20097239828338537,0.8432402911424213,0.22063647017726892,0.9249609668080628,0.16672598714839937,0.8003069736090112,0.027849256992340088,0.1112494096159935,0.8506354093551636,0.0,21.058170318603516,41.61273193359375,-7.074568748474121,0.17023992538452148,0.0007,175.0,0.0,0.0,0.0,
95040.0,0.03530480753664354,1.5138769884693157,-6.297616958618164,7.039561748504639,7.039561748504639,5.491021285057073,0.0,0.0005305584351490146,0.007126857546753787,-0.025754632560239087,0.048261687168505304,0.0005050961400707118,0.007113279861372707,-0.026092089776151944,0.047133256225285795,5.025000015606086e-05,0.005825569714958921,-0.0260262633533735,0.027240179142937346,0.010050000031212179,1.165113942991784,-5.2052526706747,5.448035828587469,0.025254807003535593,0.3556639930686354,-1.3046044888075972,2.3566628112642896,28913.033560263448,2855.9824296096517,25487.15786170772,35292.38764012567,0.4387822875406739,0.15882849750434172,0.0827966167339578,0.8082692198262649,3.7813640896336935e-05,1.5403947453747583e-05,2.151441213118619e-05,6.731794300349962e-05,0.7966579655790693,0.3450831545437281,0.33227611154312814,0.26148103445115056,0.9248334326535916,0.1563257344750076,0.7498223786579691,0.20567432742225547,0.8789625105348516,0.21623152425870568,0.815247696663941,0.16028737939288068,0.812813257664065,0.030602257698774338,0.10909398645162582,0.8525294065475464,0.0,20.50029945373535,30.719940185546875,-7.074078559875488,0.4118088483810425,0.0007,176.0,0.0,0.0,0.0,
95580.0,-0.031224570482973595,1.4342820225849677,-8.087299346923828,6.346306800842285,8.087299346923828,5.025862760543825,0.0,3.764658836268098e-05,0.008713609135324683,-0.04094742357092882,0.04188295446139382,-3.4180915407211365e-07,0.00871821513568569,-0.04180938137931099,0.04102960924976366,-0.0001560374031589381,0.005001255026728499,-0.029984149623193564,0.021474131203928756,-0.031207480631787615,1.0002510053456999,-5.996829924638713,4.294826240785751,-1.709045770360532e-05,0.4359107567842844,-2.0904690689655494,2.051480462488183,35213.73948036142,1502.5344436048317,31297.00327051163,38594.10829814654,0.43086678405998585,0.1649399141677823,0.06911851360141355,0.8762840057092883,7.772874462567504e-05,1.2949504979230095e-05,5.571219950099356e-05,0.00010488640314278617,0.7967514183089206,0.3428944203925402,0.332073451924946,0.24414034332236254,0.9244313232862137,0.12471865797114016,0.7797593076120551,0.24081550710409722,0.9011561917625608,0.2176840399258409,0.8720437252109512,0.17264145167655923,0.7714876966977103,0.019341109320521355,0.12905822694301605,0.8427362442016602,0.0,-13.045733451843262,25.452964782714844,-7.073973655700684,0.31143516302108765,0.0007,177.0,0.0,0.0,0.0,
96120.0,-0.025119018084067784,1.5662305590714862,-11.675564765930176,10.853683471679688,11.675564765930176,4.463393974304202,0.0,-0.00013040026742830373,0.009632609480807136,-0.07811047784357641,0.06483140177609159,-0.00017703191474409985,0.009668692358189807,-0.08132988673038129,0.06281647843786076,-8.133710775911203e-05,0.005431112619220705,-0.038045349838747224,0.03856429673229719,-0.016267421551822408,1.086222523844141,-7.609069967749445,7.712859346459439,-0.00885159573720499,0.4834346179094904,-4.066494336519065,3.1408239218930376,34183.79986778183,1492.7579546225454,29707.384666429367,37392.27768073023,0.42115781078336567,0.155068713517949,0.04453927810120632,0.8545493239069057,8.26910649801396e-05,2.2563497309991284e-05,5.4646189124935796e-05,0.0001259426526900404,0.7930658290796394,0.3461783196883725,0.33398289186016183,0.28049577572958295,0.9259154046893137,0.1362933975818079,0.787356854654288,0.23047533503927586,0.8759256820347813,0.20480259563888467,0.7571417896295735,0.14793289601044857,0.8024957450975806,0.01928965374827385,0.13234911859035492,0.836724579334259,0.0,-14.896793365478516,23.2961483001709,-7.073750972747803,0.4920498728752136,0.0007,178.0,0.0,0.0,0.0,
96660.0,0.016229454274030608,1.476370601727985,-7.215229034423828,13.301939010620117,13.301939010620117,5.123167204856878,0.0,-0.00012065058577573546,0.008837647595056512,-0.050977795115440525,0.07010529223108801,-0.0001595974504554408,0.008818841328535035,-0.052323082453572256,0.06775704758675115,0.00012104662510941759,0.00520429340553479,-0.024094678217805088,0.04957043396301367,0.024209325021883516,1.040858681106958,-4.818935643561018,9.914086792602735,-0.007979872522772043,0.44094206642675177,-2.616154122678613,3.3878523793375575,27876.439022730643,1269.1102870982136,25224.577372970052,32411.310876251602,0.42336113077811904,0.16435764131199687,0.04291245873480372,0.8509985822105863,7.895760234194169e-05,2.2750753800607102e-05,4.700627894043978e-05,0.00012133771641672475,0.7973708339870579,0.3438786651725237,0.33133734770689677,0.26879562311155714,0.9055922774257181,0.12917247402861146,0.7650424611386322,0.2243279173707838,0.8691102148476637,0.19927332176439955,0.8579532439104957,0.1784306637246481,0.7961357569391005,0.021958639845252037,0.11499536782503128,0.8523752093315125,0.0,6.450873374938965,22.93572425842285,-7.073578357696533,0.27525240182876587,0.0007,179.0,0.0,0.0,0.0,
97200.0,0.02904319475314373,1.1723813697905368,-6.350869178771973,8.094727516174316,8.094727516174316,3.7240988516807576,0.0,0.0003339693278746399,0.0058887265087215,-0.027458938847306116,0.03835176776761694,0.0003165962348909611,0.005884420069986297,-0.027842982115889578,0.0376346172830027,6.606692205431631e-05,0.004397939954850512,-0.024793599908805117,0.031064984672043224,0.013213384410863272,0.8795879909701024,-4.958719981761024,6.212996934408645,0.01582981174454805,0.29422100349931485,-1.3921491057944788,1.881730864150135,30803.465327808346,2078.822141632862,27576.19424294166,34391.35620925999,0.43080545837087075,0.15125434266053034,0.07265345976680238,0.8832722306869459,4.959529702513662e-05,1.1093531356644789e-05,3.6969365374476285e-05,8.091910824978528e-05,0.8006341877230865,0.3411314990900249,0.3294629249430706,0.2686960111494384,0.9276257674852298,0.13832212168414496,0.7751801132893914,0.2029525266399607,0.837091498600159,0.2180709931161753,0.9016856634209672,0.17195834741028063,0.7936389057916938,0.0238695926964283,0.11924634128808975,0.7915928363800049,0.0,8.115039825439453,17.704465866088867,-7.074758529663086,0.453901469707489,0.0007,180.0,0.0,0.0,0.0,
97740.0,-0.05379338376396508,2.7557248888438943,-18.80706214904785,13.25932788848877,18.80706214904785,10.618600034713758,0.0,0.00046267539825469865,0.025024494305209397,-0.12861657372874058,0.1495424640468243,0.00015098361274554675,0.024948104840892053,-0.13767318513624757,0.1393640058583368,-0.0003067128133806041,0.0079986188676564,-0.0761492242936239,0.031455638054508774,-0.061342562676120815,1.5997237735312801,-15.22984485872478,6.291127610901754,0.007549180637277329,1.2474052420446027,-6.883659256812378,6.9682002929168405,14653.146178246405,7068.544943257213,7875.523555210156,33849.955868185665,0.4317412164973623,0.15762738088585143,0.08599177318432422,0.8917037339833381,0.0004085125338554741,0.0002483286828854175,4.868337218773289e-08,0.0007265375841009322,0.8059118828038216,0.33605941499421305,0.32425167146027245,0.1696291659797789,0.8267851108342155,0.1913246360145816,0.8810162809610725,0.23044557696203685,0.9405508646446783,0.1904568306022006,0.8470624012593202,0.218143790441402,0.8864409009482804,0.037122730165719986,0.09684047847986221,0.7916954755783081,0.0,-27.23341941833496,107.07144165039062,-7.075600624084473,0.30305540561676025,0.0007,181.0,0.0,0.0,0.0,
98280.0,-0.03588690177011476,1.5401056022645898,-6.757663726806641,8.863286018371582,8.863286018371582,4.662812275886539,0.0,-0.00023300295544653445,0.014325832767161283,-0.05940411228707596,0.0758665466277886,-0.00033552573861874487,0.014312710622895106,-0.0612416814636043,0.07312642674997714,-9.555306660850369e-05,0.004143320383187349,-0.018477897494060223,0.026034824878154866,-0.019110613321700737,0.8286640766374697,-3.6955794988120445,5.2069649756309735,-0.01677628693093725,0.7156355311447554,-3.062084073180215,3.656321337498857,11279.59064148187,919.2039384056982,8856.70617469526,12975.32837234935,0.42290886849567744,0.16070560503325673,0.05739820205804876,0.8638785094849841,0.00033583681700680195,9.999221425374807e-05,0.00022224033590609478,0.0005935482103414041,0.8054564500562448,0.33666130708373143,0.32398885109549375,0.1634651464482329,0.7474961354462778,0.21231851051257267,0.820112020298716,0.2372041789097634,0.9048589031618091,0.156730390585625,0.7812943532347113,0.23028177354380608,0.9005609810586378,0.019926730543375015,0.1054861918091774,0.6013022661209106,0.0,-6.818690299987793,21.34250831604004,-7.07434606552124,0.2910762429237366,0.0007,182.0,0.0,0.0,0.0,
98820.0,0.04474620566955612,1.4296956457646521,-6.454556465148926,9.668194770812988,9.668194770812988,5.676084971427922,0.0,0.000592091634479548,0.010776019241597958,-0.04387632189902115,0.07435015687868102,0.0005340676202394172,0.01075044227129785,-0.044868003899850656,0.07171597356353866,9.021411469815389e-05,0.0044733501169903515,-0.021361550509994654,0.03041197877426825,0.018042822939630773,0.8946700233980703,-4.272310101998931,6.08239575485365,0.026703381011970864,0.5375221135648925,-2.2434001949925326,3.5857986781769333,11626.998677495334,1568.2699844434867,8779.228953069594,14532.038474260176,0.42802437556182676,0.15347488689442979,0.050087507464661445,0.8869837719857112,0.00015782293148881304,3.540797988387442e-05,0.00011582288453840115,0.00023791972625820745,0.803033537253814,0.3389212137393187,0.3252351446849013,0.14358709003872844,0.798997220095961,0.24644925673271922,0.9336179776477829,0.2051426438277595,0.913402175028452,0.17540821553201,0.7893833149263284,0.22941279386878285,0.8636570326262344,0.020661426708102226,0.11832944303750992,0.7441630363464355,0.0,37.385372161865234,111.76823425292969,-7.073262691497803,0.17381566762924194,0.0007,183.0,0.0,0.0,0.0,
99360.0,-0.046076246522824035,1.559849045926454,-8.559000015258789,12.236079216003418,12.236079216003418,5.112975473403932,0.0,-0.0004795933513286351,0.010447349669867045,-0.05477032724873342,0.07330013669748299,-0.000534285481911716,0.01044620774561378,-0.056327341069387867,0.0707381418671923,-9.680985409276522e-05,0.005197956903956039,-0.028713162650707117,0.043495860326423524,-0.01936197081855304,1.0395913807912076,-5.742632530141424,8.699172065284705,-0.026714274095585803,0.5223103872806889,-2.8163670534693934,3.5369070933596145,10819.847849781187,815.5683402389305,8831.016397623715,12445.78587785735,0.4300995352182919,0.1632544831241802,0.09247150788283917,0.8793853896127449,0.00010812068225628425,1.5621105523694727e-05,7.56843241076195e-05,0.00014810751335286548,0.801372092046322,0.34217682113760783,0.3266489109891815,0.15112179879176196,0.754071047326281,0.2533064703450911,0.9014271788245745,0.2100205023556769,0.9304610573258633,0.16561260433869288,0.8403800171578922,0.21993862416877719,0.8693803735014668,0.022984370589256287,0.11104325205087662,0.8237380981445312,0.0,-18.492210388183594,20.133319854736328,-7.074451923370361,0.5127865076065063,0.0007,184.0,0.0,0.0,0.0,
99900.0,-0.06692714274831815,1.3306679503330887,-8.6798734664917,6.544892311096191,8.6798734664917,5.234083971977239,0.0,-0.0005662954327987432,0.008877475595541253,-0.09601605540014105,0.03990048430394621,-0.0006064945030350867,0.00898334324313247,-0.1009436791460644,0.03912502040559386,-0.00018301209179578753,0.004504185381896344,-0.022310275594808283,0.02463322412241876,-0.0366024183591575,0.9008370763792687,-4.462055118961657,4.926644824483752,-0.03032472515175434,0.4491671621566236,-5.04718395730322,1.956251020279693,9652.488982807174,739.528250944177,6686.123362484197,10590.768721972812,0.43178900847305124,0.1572376598971094,0.03118154724723126,0.8528699442132779,8.125270501243084e-05,2.4275380988373412e-05,5.1529727228876864e-05,0.0001389195318612463,0.7909137931836102,0.3494257039445058,0.3362004711718736,0.1437623892255038,0.7749080030574121,0.2787604300629175,0.9316083481963079,0.1831762994650642,0.844373175278329,0.17089036357202184,0.8211506898537139,0.22341051767449266,0.8949553650654843,0.019723638892173767,0.12618258595466614,0.8635551333427429,0.0,-72.52127838134766,176.6704864501953,-7.074109077453613,-0.08898735046386719,0.0007,185.0,0.0,0.0,0.0,
100440.0,0.05565890932641061,1.5290876798441366,-5.924949645996094,9.935432434082031,9.935432434082031,5.446382308006297,0.0,0.00012248619506044563,0.01014430479043346,-0.0404456252841019,0.054271557437043184,7.123049569958469e-05,0.010115047685679114,-0.04128629529545285,0.052850061561669104,0.0002604869050830859,0.005130018954548993,-0.01930317500032878,0.036464647648351264,0.052097381016617185,1.0260037909097985,-3.860635000065756,7.2929295296702525,0.0035615247849792265,0.5057523842839557,-2.0643147647726425,2.6425030780834553,7141.015194707754,358.9814899591808,6263.4956184193115,7821.574650956334,0.4343244683006102,0.17318207993296394,0.05296350264716778,0.8680717799391359,0.00010756319845885696,1.4978065297782807e-05,8.329197834052448e-05,0.0001385053041402339,0.7893518726675516,0.3498440644781879,0.33942268410156695,0.13070554444785074,0.792237510549232,0.2857417645364817,0.9288920331416869,0.17728069151087533,0.9384464907383355,0.17673526825581362,0.8942779980366612,0.2295367312489786,0.8608929981624077,0.01913009211421013,0.13263709843158722,0.8877991437911987,0.0,-6.114734172821045,26.098085403442383,-7.07492208480835,0.3199339509010315,0.0007,186.0,0.0,0.0,0.0,
100980.0,-0.006710409241323187,0.9066520346660921,-8.627755165100098,4.338710784912109,8.627755165100098,3.146395463943482,0.0,-0.0001560439934240325,0.004870547128328531,-0.04918110125406691,0.017711118304476515,-0.0001679996581116885,0.004895703618149774,-0.050431667015120675,0.01755610408923176,8.447871192341307e-06,0.0033321639369843204,-0.030530858208931692,0.017304528882385335,0.0016895742384682598,0.6664327873968641,-6.1061716417863385,3.460905776477067,-0.008399982905584424,0.2447851809074887,-2.5215833507560337,0.877805204461588,6428.930257887328,273.77134619210983,5948.228774485892,6978.142842183374,0.4257272797418298,0.1559055216557292,0.047789940450912186,0.8315320474539085,5.535014040076403e-05,2.394688889556257e-05,2.3850280619711113e-05,0.00010919664639852594,0.8029897497507332,0.3379731804646682,0.328255761418906,0.13146278117755186,0.7910672001562568,0.2713628197610998,0.8340124671427298,0.17978229200451473,0.8204769520252319,0.20333109447985556,0.9041469782604522,0.21406101257697804,0.8180693813424115,0.0160738043487072,0.11926315724849701,0.8092281818389893,0.0,-16.251720428466797,27.462614059448242,-7.074824333190918,0.19051724672317505,0.0007,187.0,0.0,0.0,0.0,
101520.0,-0.030864676647750593,2.188978168434887,-11.120340347290039,19.038711547851562,19.038711547851562,8.339594783782971,0.0,-0.0006880636241095018,0.015269593673881858,-0.05627702849131776,0.11296771445088055,-0.000803898627969289,0.015170236284724123,-0.05792261829001873,0.10703006419152732,4.665130035356552e-05,0.007300480349253261,-0.04373790206933622,0.06843604393530747,0.009330260070713093,1.4600960698506522,-8.747580413867244,13.687208787061495,-0.04019493139846445,0.7585118142362061,-2.8961309145009366,5.351503209576366,4205.591473904821,794.2753529519871,3144.5063852378835,6335.92067512385,0.4302694763689743,0.16450829496809297,0.041143904759111775,0.8658437735109038,0.00015802744329790317,6.647150555794266e-05,2.236665651211348e-05,0.00025375113735551973,0.7995609261221083,0.34162659658460953,0.3292428031566836,0.15321277303669023,0.8877827474426572,0.2779720297020969,0.9264948863567474,0.16133774185004454,0.7659582394998223,0.19003824749028841,0.7948818894482251,0.21743920792087992,0.8552505627217285,0.02084735967218876,0.1101268008351326,0.8466033935546875,0.0,-6.05734395980835,154.9309844970703,-7.075168132781982,-0.029298782348632812,0.0007,188.0,0.0,0.0,0.0,
102060.0,0.029088741825048434,1.2743921438091292,-9.318868637084961,8.302538871765137,9.318868637084961,5.512086834907537,0.0,0.00026352153227461605,0.009154881259153109,-0.0635387193841761,0.04866826380714259,0.0002214553470780879,0.009177498695131719,-0.06564710273026328,0.047521038986977994,9.007988829592112e-05,0.004108664315751176,-0.03018256662064621,0.029812063051228153,0.018015977659184224,0.8217328631502351,-6.036513324129242,5.9624126102456305,0.011072767353904394,0.45887493475658586,-3.282355136513164,2.3760519493489,4268.87716847059,284.0392667304868,3842.517230739935,5003.369135939344,0.4256129156131309,0.16241631108239257,0.05733862455916885,0.8699152999681058,0.00013496916862674744,4.884181769283124e-05,6.688437302489139e-05,0.00023270671283808728,0.7914015822065851,0.34824951871966353,0.33539966313305325,0.12256903522715956,0.6632117598140018,0.2886475611730172,0.9193339411016018,0.16795743836337582,0.7701910552305048,0.1769145533891983,0.8068933459115454,0.24391141184724907,0.8535888954838835,0.01759462058544159,0.1405390501022339,0.8289327025413513,0.0,-5.84860897064209,77.04705810546875,-7.072739124298096,0.056729674339294434,0.0007,189.0,0.0,0.0,0.0,
102600.0,-0.005786292804057464,1.5455692926623925,-27.490684509277344,4.904564380645752,27.490684509277344,3.425969376564026,0.0,0.0003382409289307709,0.00732951895665972,-0.09998642354967452,0.033450156493715744,0.00031069429894309584,0.007460712537091526,-0.10534543082679686,0.032902871104130954,-0.00010660504722488321,0.0059254403940549325,-0.11111706660586086,0.016297103527784112,-0.021321009444976648,1.1850880788109868,-22.223413321172174,3.2594207055568223,0.01553471494715479,0.3730356268545763,-5.267271541339843,1.6451435552065476,5222.534576363275,305.00924217092455,4521.77923009122,5779.159513700359,0.4314937313856786,0.16298678010647716,0.06315411238551877,0.8531481188771337,7.115719237107928e-05,1.8446653889609433e-05,3.968378987292557e-05,0.0001164904360322685,0.793938823665706,0.34624251582410664,0.3346606333818015,0.12787444288713376,0.7770960618952915,0.27453229565559994,0.8977821102333734,0.17257497304369487,0.7212329208895152,0.18934848683839522,0.8699182172671339,0.2356698015751762,0.9131094326387724,0.015134191140532494,0.14828786253929138,0.8143309354782104,0.0,-16.972915649414062,47.479469299316406,-7.066235542297363,0.21840590238571167,0.0007,190.0,0.0,0.0,0.0,
103140.0,0.027552669323739353,1.5142154401424728,-10.708065032958984,9.136627197265625,10.708065032958984,5.598414011001592,0.0,0.0003949783146932668,0.008281961274712927,-0.045715028260568176,0.047174838625698795,0.0003606050859486391,0.008284003741935884,-0.04679293962442354,0.04609590803850936,4.761207345034185e-05,0.005514200234886112,-0.04184208918461451,0.03415915971443449,0.009522414690068372,1.1028400469772224,-8.368417836922902,6.8318319428868985,0.01803025429743195,0.4142001870967942,-2.339646981221177,2.304795401925468,6082.8106254404665,282.45146471430684,5430.381528695048,6657.614166748905,0.443465302833039,0.16487763529279298,0.057151882875337096,0.8778167406180781,6.065211647851462e-05,1.212143070185753e-05,3.1167422664794245e-05,8.160654364952453e-05,0.7842470676343547,0.3544457253444398,0.34059325004995056,0.12802114110720553,0.8116401983257254,0.26855737686121517,0.9006769458070376,0.16761988997366595,0.8063969750737982,0.18304613109519313,0.7898798671335975,0.2527554609627203,0.9430871530198753,0.01529536210000515,0.14960524439811707,0.8363096714019775,0.0,4.959232330322266,43.15340805053711,-7.066890716552734,0.23457825183868408,0.0007,191.0,0.0,0.0,0.0,
103680.0,0.05351960114418977,1.5221736540650082,-7.353752613067627,5.7956953048706055,7.353752613067627,5.350711717605592,0.0,0.0008712357910928645,0.010219539636637315,-0.04367758727579302,0.04811379765334638,0.000818764533283172,0.010205700869933526,-0.044660170983778516,0.046992165550952876,6.290687456128912e-05,0.005077220134341437,-0.02560371922561004,0.018118602509563687,0.012581374912257812,1.0154440268682872,-5.120743845122008,3.6237205019127376,0.04093822666415859,0.5102850434966762,-2.2330085491889258,2.349608277547644,8696.196579824136,818.5391345974582,6475.749569869764,10419.550113587955,0.41594807545465246,0.15646145190343777,0.06914746776393733,0.802965338519927,0.00010392908998681795,2.2740819910943595e-05,6.237632504427292e-05,0.00014297711442275905,0.7994734886086018,0.33999233535192036,0.32986057323099405,0.11922104785499164,0.6399576526099692,0.28376858620169515,0.9475010806391144,0.1750253707279779,0.7506366311075655,0.18298439335769015,0.7966173288362137,0.23900060185764516,0.8628465397508198,0.017526479437947273,0.13606363534927368,0.7832328677177429,0.0,35.72418975830078,57.4018669128418,-7.065237522125244,0.06194692850112915,0.0007,192.0,0.0,0.0,0.0,
104220.0,-0.05704894376039091,1.6719699098901042,-10.444819450378418,6.5912933349609375,10.444819450378418,5.853985562324529,0.0,-0.0002477872108071303,0.011411561706158068,-0.06496469551745261,0.04570550429848312,-0.00031334551232357313,0.011465620125895236,-0.06717099160143226,0.04469178135387447,-0.00020690832881180927,0.005523469931910138,-0.037946815440162644,0.02178352026127456,-0.04138166576236186,1.1046939863820278,-7.5893630880325285,4.356704052254912,-0.01566727561617866,0.5732810062947618,-3.3585495800716134,2.2345890676937237,9188.660074392195,691.6240066060226,7589.201127375647,10938.451730651122,0.4307711680353583,0.16866801323458616,0.06652703164018674,0.8867012535725469,0.00012070536518916982,2.6195641774210803e-05,6.21037440192023e-05,0.00017803391889180045,0.7851943952315821,0.35270569363371557,0.3430112018207921,0.1238748254009282,0.7673243322382861,0.2656882623440429,0.8726493904307991,0.1815023665925356,0.8489030563219326,0.17937874324411382,0.8050471170860802,0.24955580241837935,0.8635810374282921,0.021343696862459183,0.1272624284029007,0.7622137069702148,0.0,-16.6491641998291,50.61132049560547,-7.0656890869140625,0.2551923990249634,0.0007,193.0,0.0,0.0,0.0,
104760.0,-0.003356911947587462,1.2283943822231633,-7.046821117401123,8.708313941955566,8.708313941955566,3.97528857946396,0.0,-9.731034672904228e-05,0.0070733521847447505,-0.04448321040590301,0.04816544984878153,-0.00012233955552447585,0.007075082820073367,-0.04550294392913604,0.047041445431490886,1.3800331442075291e-05,0.004383911844066208,-0.023858370030250202,0.031781209438821956,0.002760066288415062,0.8767823688132416,-4.77167400605004,6.356241887764391,-0.006116977776223788,0.3537541410036683,-2.275147196456802,2.3520722715745443,8087.755776088507,442.62859466518466,7191.12691412135,8931.402619632754,0.436085098610228,0.15507718552109273,0.06907975291356322,0.8336190036129063,6.623793453260357e-05,1.4504013534122801e-05,4.4449145428525675e-05,8.966064323468919e-05,0.7934015606523055,0.34653951925743953,0.33386628360169557,0.13678317287340977,0.6814171721451587,0.2645988106506066,0.8695985960057393,0.18454293147356882,0.8797612002235392,0.1891279508852528,0.8650319930203868,0.224947134117162,0.8280623380281518,0.02064266800880432,0.12951888144016266,0.8021029233932495,0.0,-4.128972053527832,43.75716781616211,-7.067838191986084,0.13448137044906616,0.0007,194.0,0.0,0.0,0.0,
105300.0,-0.01658851307341441,1.552610376945648,-21.93574333190918,8.104511260986328,21.93574333190918,5.434949960708626,0.0,-0.0002172017353628471,0.009083499156121815,-0.11958689449149335,0.04640583931049601,-0.00025962626324506154,0.00927410235350658,-0.12736404358361933,0.04536128208605263,-1.8036004448753535e-05,0.005458255209438089,-0.07783770708820117,0.030566603788521572,-0.0036072008897506842,1.0916510418876177,-15.567541417640236,6.113320757704314,-0.012981313162253072,0.463705117675329,-6.368202179180966,2.2680641043026317,6833.018308933732,261.60047855707325,6192.667073311375,8168.59540582869,0.44495627946497374,0.16039947085311407,0.07488049135134747,0.8273427797496078,7.864034984774315e-05,2.1022522588320616e-05,4.405473026350377e-05,0.00012475898733233323,0.788005830156577,0.3517549457816734,0.3406193945163954,0.13131063299923432,0.8102401300739822,0.27685561236987005,0.8485106660245121,0.18156101967250612,0.8742402108440337,0.18085031952089722,0.7741874427700836,0.22942241543749226,0.8867204942443951,0.020403655245900154,0.12194696068763733,0.8576996326446533,0.0,10.840404510498047,34.590328216552734,-7.06772518157959,0.08562493324279785,0.0007,195.0,0.0,0.0,0.0,
105840.0,-0.05001299067549149,1.3737505299550852,-9.71749210357666,6.979665279388428,9.71749210357666,5.090925927162171,0.0,-0.00048385890161411886,0.007545629935519364,-0.057147248686317,0.03567677322454488,-0.0005126228525521618,0.007579660167076172,-0.05884515773138949,0.03505510019973605,-0.00012190923542507156,0.004986889674248678,-0.033876169719167286,0.026134552127488452,-0.024381847085014313,0.9973779348497357,-6.775233943833457,5.226910425497691,-0.02563114262760809,0.37898300835380855,-2.942257886569475,1.7527550099868026,6152.952559245199,631.1346463170612,5000.223934093246,7337.527287814295,0.4378361184414173,0.1525678317736472,0.08235769137629406,0.8168914315969549,5.563326531091615e-05,9.80207191415883e-06,3.771774832961974e-05,7.348585775965793e-05,0.8059062614009815,0.33777918113546956,0.32457648021795465,0.1450350332923629,0.7513912153300202,0.24497319519682917,0.8469858735609155,0.19195626935686463,0.7278918939749087,0.18643413074928544,0.8339459339624143,0.2316013714046579,0.8729688007352249,0.018949799239635468,0.0942777618765831,0.7547379732131958,0.0,-49.660919189453125,101.34744262695312,-7.066531658172607,0.05120193958282471,0.0007,196.0,0.0,0.0,0.0,
106380.0,0.09924069097086667,1.3692196654582311,-7.87005090713501,7.487161636352539,7.87005090713501,4.470135202407837,0.0,0.0007539960209520713,0.007366387032825399,-0.038012553699865274,0.04059487993995441,0.0007266384188099092,0.007357480771391495,-0.03875387798563666,0.03979254956593449,0.00031454384623881364,0.005015601761920504,-0.029661784402572,0.027487670423130942,0.06290876924776272,1.0031203523841008,-5.9323568805144,5.497534084626189,0.036331920940495456,0.3678740385695748,-1.937693899281833,1.9896274782967245,6253.741417954108,784.3744088529234,5181.9137762333285,7988.430617198238,0.42817674770041314,0.1553557360740353,0.08500938355350625,0.8441041644483847,5.5502165903683164e-05,8.77732901948264e-06,4.0822392883012104e-05,7.234985024526986e-05,0.8041531713860098,0.3372305243044263,0.3240320813626678,0.12678871295656574,0.6675799848192262,0.2533948908921123,0.9128444936082527,0.18843271737217862,0.8200336588396442,0.19050278418361527,0.7662904687309929,0.24088089459552808,0.9007969211031657,0.01730070263147354,0.11774396896362305,0.7958139777183533,0.0,50.17816162109375,82.17936706542969,-7.068325042724609,0.24599850177764893,0.0007,197.0,0.0,0.0,0.0,
106920.0,-0.07724334137822518,2.4386002580834116,-12.885356903076172,33.74616241455078,33.74616241455078,7.527766613960266,0.0,-0.0004556385801786478,0.019609425438393138,-0.16932374453905377,0.22605648815067506,-0.0006471389085165318,0.019565467631373918,-0.1855151443172177,0.20380291161627467,-0.00022443195059064004,0.007770449200933996,-0.04488144880717417,0.11778008947471116,-0.044886390118128006,1.554089840186799,-8.976289761434835,23.556017894942233,-0.032356945425826594,0.978273381568696,-9.275757215860885,10.190145580813734,7687.606443389204,1401.887933566318,4069.4607024259476,9721.956199430475,0.42941133104875556,0.16454401666300605,0.0556806412579173,0.8358648404191018,0.00019766633848089141,0.0002218092541720054,5.1158575346580424e-05,0.0006616133711288823,0.7973254172751826,0.34347276560121986,0.331259725038838,0.14636629417253932,0.7495849906542575,0.2531298459006654,0.8714102963718617,0.19080058225867574,0.9061548047145856,0.18374101892419528,0.8333998854042476,0.22596225874392425,0.8094767278717018,0.02421259880065918,0.10314631462097168,0.773446261882782,0.0,-64.45405578613281,196.98257446289062,-7.067378044128418,0.13495945930480957,0.0007,198.0,0.0,0.0,0.0,
107460.0,0.053554887020544374,1.0984050241527077,-7.867471694946289,4.484707832336426,7.867471694946289,3.2527942180633547,0.0,0.0005399918959134892,0.009229475240476005,-0.0501797064164342,0.037048000794037236,0.0004972074286342054,0.009239950010938441,-0.05148247693031746,0.03637821630923979,0.00014347258023810072,0.003224269511700825,-0.026466739130861956,0.013328985657174807,0.028694516047620147,0.6448539023401649,-5.293347826172392,2.6657971314349616,0.024860371431710267,0.46199750054692207,-2.574123846515873,1.8189108154619895,6240.237809757073,590.8745926820329,5244.456024467298,7576.601056491696,0.43978491953480314,0.1682673587561902,0.03139020541575073,0.8708575706061519,0.0002515135481918325,0.00012394186664087107,0.00011016354632394113,0.0005590716838122302,0.7831275255096737,0.35628884146218104,0.34141916178334597,0.1257885943042595,0.6353472119586822,0.2695464980203963,0.8877313893533723,0.1750696972847591,0.7901872621702614,0.19545901287978162,0.9152391842172463,0.23413619751080342,0.8690208815708819,0.017080562189221382,0.12074823677539825,0.7920458316802979,0.0,25.520612716674805,21.495006561279297,-7.067023754119873,0.2952631711959839,0.0007,199.0,0.0,0.0,0.0,
108000.0,-0.03817731338602715,1.2646238204753726,-13.98424243927002,3.547220230102539,13.98424243927002,3.6976320695877107,0.0,-0.00010201764366882752,0.007624603285201344,-0.0802491783658476,0.024500501401661497,-0.00013159778852847478,0.007724714714588775,-0.08365249167430099,0.02420517810778743,-0.00015798712461833887,0.004406645171913543,-0.04900808992650342,0.012189739668672449,-0.031597424923667766,0.8813290343827087,-9.801617985300684,2.4379479337344896,-0.0065798894264237386,0.38623573572943876,-4.182624583715049,1.2102589053893715,7066.227543350325,216.82463622357116,6396.283460711413,7585.645720434502,0.4327848134914173,0.16366764215983218,0.07232611830597675,0.8770496952372568,8.325965245026062e-05,2.4634774667424797e-05,4.220516175852951e-05,0.0001329673318367817,0.7878083025779244,0.35124926174712706,0.336654526409778,0.13396284028496147,0.8837175687730763,0.278676690902947,0.935546630373353,0.18263055169960052,0.9232099175302143,0.170120932404436,0.934146726714219,0.23460898470805508,0.8481588959106177,0.0180964358150959,0.12015204131603241,0.8484079837799072,0.0,-30.70443344116211,34.91805648803711,-7.067663669586182,0.23871678113937378,0.0007,200.0,0.0,0.0,0.0,
108540.0,0.0488057336998517,1.6902836021159224,-24.2989444732666,6.832289695739746,24.2989444732666,5.52182356834412,0.0,0.00044022710878699467,0.007014656041074822,-0.07161505813898317,0.04000787884667893,0.0004153093840210462,0.007063490681243054,-0.07430882416511861,0.03922828893869932,0.00014020133879600466,0.006744916571456769,-0.10291751295119733,0.024354377025586568,0.02804026775920092,1.3489833142913539,-20.583502590239465,4.870875405117314,0.02076546920105231,0.35317453406215266,-3.7154412082559305,1.961414446934966,7108.543775355361,582.4210091872462,6513.175852517067,8931.807721157576,0.42177095327786585,0.15304548448414212,0.08131883319073771,0.8635606804609913,3.582411840246067e-05,1.1955143014063369e-05,2.331329929059889e-05,7.983367266387048e-05,0.8079617389141188,0.33361454232085846,0.32347720477156816,0.1378919677774308,0.7544257315158971,0.2537563319203587,0.8711819579038542,0.19145785136429794,0.7188126283044711,0.18872767764875317,0.890803018005945,0.2281661712891594,0.7759871460218758,0.01662573404610157,0.11831144243478775,0.8285977840423584,0.0,22.61410140991211,59.667728424072266,-7.066783905029297,0.1192891001701355,0.0007,201.0,0.0,0.0,0.0,
109080.0,-0.031729880625573935,1.5226881160830734,-12.337206840515137,7.287987232208252,12.337206840515137,4.22952111721039,0.0,7.135919536689969e-05,0.008813431023767145,-0.058756755025053405,0.04535949053060895,3.234569311132917e-05,0.008843622318529608,-0.060553676547229214,0.04436083633601238,-0.00016673582251076799,0.005428753667808644,-0.048575918881110264,0.02534972788514728,-0.0333471645021536,1.085750733561729,-9.715183776222053,5.069945577029456,0.0016172846555664595,0.44218111592648046,-3.027683827361461,2.218041816800619,8809.348235999118,316.5895925075243,7938.422254834798,9943.121805749792,0.4295566757303975,0.15646296983281055,0.06815004200366917,0.9158427092820267,7.366082001997736e-05,1.9470748077626122e-05,4.874322521647146e-05,0.00010956263157169863,0.8018718017919488,0.3399828637114014,0.3272331048018979,0.1399407846487671,0.7855861772388368,0.2506503644455518,0.8938734982438222,0.1762387925865724,0.8779252104966284,0.19005309711648083,0.8050221221354769,0.24311696120262788,0.8895675276011624,0.020007874816656113,0.11151353269815445,0.8017699122428894,0.0,-31.567638397216797,47.34714126586914,-7.066452503204346,0.34400540590286255,0.0007,202.0,0.0,0.0,0.0,
109620.0,0.0013776948100173655,1.1690167576420045,-5.620523452758789,4.485929489135742,5.620523452758789,4.391858711242679,0.0,0.00013179593776290393,0.006227188438784634,-0.029940908157556997,0.024869584518856166,0.00011235252140755717,0.006238725463747033,-0.0303982899150224,0.024565369879611044,-2.1199666552718177e-05,0.00429688704956209,-0.020503045260570677,0.01628830448813447,-0.004239933310543636,0.859377409912418,-4.100609052114136,3.257660897626894,0.005617626070377853,0.3119362731873516,-1.51991449575112,1.2282684939805522,9109.218416302814,521.0345945952098,7916.4846628936975,10103.22563563505,0.43784725475942676,0.16587122650191846,0.03218190646322121,0.8842195450563959,5.654880476758529e-05,1.4437721767619587e-05,3.7943709991647335e-05,8.884550670224052e-05,0.7890791222925045,0.35077208586106695,0.3381124910628055,0.1323752324060756,0.8416200097099168,0.2495744690840823,0.851866017746376,0.17928468846803872,0.8086338332799415,0.18950957544713282,0.9078322643391151,0.24925603459467055,0.8826541323741044,0.01659885235130787,0.11963678151369095,0.796370267868042,0.0,-7.416907787322998,27.11520767211914,-7.067154884338379,0.24064701795578003,0.0007,203.0,0.0,0.0,0.0,
110160.0,0.062032054839356636,1.6130301948651586,-8.009819984436035,7.110489368438721,8.009819984436035,5.651670656204225,0.0,0.0006943612879015603,0.009407950111973392,-0.03804670665352184,0.04069057106590161,0.0006498189092936286,0.009418976010573302,-0.038789381109985935,0.0398845034360472,0.00014770554130288013,0.005729679393997513,-0.030351753097486927,0.02674442658379757,0.029541108260576012,1.1459358787995026,-6.070350619497385,5.348885316759514,0.03249094546468143,0.47094880052866506,-1.9394690554992968,1.99422517180236,11184.359120335048,1014.9146621089474,8958.366936083092,13479.40759155344,0.4142849011453924,0.15423320620819544,0.040520604159377055,0.8724001133683044,7.597364560114909e-05,1.7124760632607393e-05,4.04853482453223e-05,0.00010708299774675542,0.8015226163653155,0.3382420532233964,0.3302663562998725,0.12200315450915766,0.6583268735492307,0.2627867194824274,0.8893970059956455,0.19282727396970278,0.8409279714835556,0.1845517083846427,0.7919393618667141,0.2378311436540694,0.8622293335037989,0.02379853092133999,0.13533301651477814,0.9140223860740662,0.0,25.203855514526367,46.173683166503906,-7.0676069259643555,0.4275490641593933,0.0007,204.0,0.0,0.0,0.0,
110700.0,-0.0041810624448030635,1.9055309017017446,-9.909138679504395,6.145617485046387,9.909138679504395,6.616096134185802,0.0,0.000613159929552363,0.01411202853413709,-0.06493675958058089,0.051762875168895335,0.0005130722274618233,0.014151844714869218,-0.06714111516850314,0.05046768507640787,-0.0001491733760096681,0.006041797401781808,-0.03603440001574301,0.01858447244420859,-0.02983467520193362,1.2083594803563618,-7.206880003148602,3.716894488841718,0.025653611373091162,0.707592235743461,-3.3570557584251572,2.5233842538203937,17263.5365968514,1970.005903833602,13037.637171235692,21253.53457634177,0.43638127795531406,0.15611131160099007,0.06962635709788959,0.9128585695276452,0.00015702662545673068,5.7164422520964576e-05,7.464404667828321e-05,0.00023783050787206983,0.8024415146747769,0.339229023421672,0.32825753547809167,0.16144009871727405,0.7892405868033392,0.21339583366765147,0.9249426815557793,0.2028953535897175,0.8725082280000425,0.184187368741751,0.7895073274711426,0.23808134528360597,0.8609455114413043,0.026498179882764816,0.08747731149196625,0.774419903755188,0.0,2.1954355239868164,54.86563491821289,-7.066302299499512,0.1895086169242859,0.0007,205.0,0.0,0.0,0.0,
111240.0,0.07968439688405919,1.6475372325454491,-7.9214935302734375,6.038294315338135,7.9214935302734375,4.7545312118530285,0.0,0.0013462426320241952,0.013324396585259015,-0.048296654554817534,0.05482691407650912,0.0012568408106833932,0.013303138800405274,-0.049501904679186116,0.05337669098158666,8.421176648691328e-05,0.004927570290999064,-0.02723199191303073,0.017048664633071985,0.016842353297382665,0.9855140581998129,-5.446398382606146,3.409732926614397,0.06284204053416965,0.6651569400202637,-2.4750952339593058,2.668834549079333,29070.018837241678,4818.735251530376,17266.203751819852,36329.499848517145,0.44138022208419114,0.1602955947948444,0.07101265213393029,0.8640312853232118,0.00018642444206330177,2.609388595594394e-05,0.00014538265390025659,0.00023631470265663782,0.796301836653045,0.34395304406761007,0.33230992171763163,0.19209826410647177,0.8383832325737317,0.18921490589254858,0.9088802163451644,0.20553570844909616,0.9126908842744331,0.18504812463629916,0.865256211456134,0.2281029969155843,0.9394524993335707,0.02442972920835018,0.06508184969425201,0.91138756275177,0.0,46.852481842041016,167.69691467285156,-7.065647602081299,0.035226285457611084,0.0007,206.0,0.0,0.0,0.0,
111780.0,0.03671302928209857,1.5960036308999042,-9.598539352416992,7.570372104644775,9.598539352416992,4.945014548301699,0.0,0.0007566408786237822,0.01165366697696633,-0.05834275763896913,0.0628639891929677,0.0006885824558793732,0.011641796268014913,-0.06011393223196652,0.060967141213937676,1.1419533838421924e-05,0.005089473864467573,-0.032964214418689325,0.022610074074977254,0.0022839067676843797,1.0178947728935144,-6.592842883737865,4.522014814995451,0.034429122793968654,0.5820898134007457,-3.0056966115983257,3.0483570606968837,41126.85330768512,5228.15732639555,31711.5881064555,50939.04509625676,0.4344392384012412,0.16118400665462848,0.05169612319241755,0.8048961763424093,0.00013435996862940985,3.411433352062077e-05,8.758022812127233e-05,0.0002107377617130983,0.8024761810951897,0.33950214226552644,0.3263448730065103,0.21911854268127645,0.8301304070680099,0.16804555090054796,0.7781062877844017,0.20447644658977726,0.8925311486980848,0.1995910753280714,0.8601166671543615,0.20876838450032692,0.8803273392345818,0.022711874917149544,0.06462816894054413,0.9706882834434509,0.0,46.301490783691406,106.49864196777344,-7.066368103027344,0.1553857922554016,0.0007,207.0,0.0,0.0,0.0,
112320.0,-0.05107053274577656,2.059759666590683,-14.104997634887695,7.818610668182373,14.104997634887695,7.041553816795356,0.0,-0.00024440359576452216,0.019060422029116907,-0.10917570579003406,0.07540435666527426,-0.00042835187454703927,0.019240047181235637,-0.11560807162015052,0.07269673658969267,-0.00014826468365655186,0.0055609035281967535,-0.04638890243570867,0.020918870085207222,-0.029652936731310357,1.1121807056393507,-9.277780487141735,4.183774017041444,-0.02141759372735197,0.9620023590617818,-5.780403581007526,3.6348368294846334,46161.37344393109,9008.651834688842,31603.317991401498,64050.471570083726,0.4308826410710099,0.16038671369536942,0.02774294405398381,0.8636635177427867,0.00032427127170741096,0.00011334328017510392,0.0001585804698575186,0.0005084434310541475,0.8050633374868188,0.33739121591431537,0.3255000604304955,0.23383644612507695,0.8713789799237882,0.1498455495071047,0.7433301907197037,0.2188433421403679,0.9148993392238216,0.19635139751412212,0.8197501164135782,0.2011232647133284,0.8012280409061052,0.02374562993645668,0.0727120041847229,0.9486387968063354,0.0,-28.81962776184082,125.50920104980469,-7.065476894378662,0.18782120943069458,0.0007,208.0,0.0,0.0,0.0,
112860.0,0.014586473308413082,1.4706503385569636,-6.977208614349365,10.357754707336426,10.357754707336426,5.903339095115671,0.0,6.872545621123072e-05,0.012268233364867832,-0.05919677703005287,0.0839857744300052,-6.326586375585681e-06,0.012244866895808329,-0.06102127606776336,0.08064477971179186,7.451401558685604e-05,0.004315145826387621,-0.02248814078325803,0.03162757991636113,0.014902803117371206,0.8630291652775242,-4.497628156651606,6.325515983272226,-0.0003163293187792844,0.6122433447904164,-3.0510638033881676,4.0322389855895935,36596.48725468984,2020.3156968488483,28908.203751435736,40190.2367758028,0.41885783237593177,0.16554734377617836,0.06153686528314734,0.8650519790405503,0.00020498256243414744,5.986330241985089e-05,0.00012248064510714964,0.00031808251926795814,0.8109013919948013,0.33348962999568993,0.31814856297781435,0.2284864203678274,0.9183129534862589,0.17347165784977217,0.7768745335976447,0.1947348970140872,0.8844284837740306,0.19767481382958307,0.8464554189285206,0.20563221093873016,0.9212186131942869,0.027239913120865822,0.06682590395212173,0.8972682356834412,0.0,26.409038543701172,42.34162139892578,-7.0643110275268555,0.267208456993103,0.0007,209.0,0.0,0.0,0.0,
113400.0,0.017554363440177877,1.537550655049663,-13.695281028747559,8.887764930725098,13.695281028747559,4.702050132751467,0.0,0.0005457644051703868,0.009859578687891639,-0.06936080412446813,0.060381067129593236,0.0004969452607745808,0.009872827114443858,-0.07188362152934638,0.058628340812376126,-3.646449230648978e-05,0.005235613951119121,-0.05050549749595576,0.029781738516110767,-0.007292898461297956,1.047122790223824,-10.101099499191152,5.9563477032221535,0.024847263038729046,0.49364135572219286,-3.594181076467319,2.9314170406188063,48768.621592752424,4646.840883211323,38924.731715182796,58079.33412089412,0.4306751013991803,0.15998695055514112,0.0743471907873118,0.8586261466505353,9.922085164655382e-05,1.2665221607235854e-05,7.01854327614363e-05,0.00012463209046055816,0.8062995434777945,0.3358524485907076,0.3217238495929747,0.23074552104701726,0.8405485074554484,0.1679330311600372,0.7790604310772467,0.20529336918075172,0.9432463535401571,0.2138024483934391,0.9269112253882126,0.18222563021875476,0.7995101659882667,0.026556026190519333,0.07740357518196106,0.9679372906684875,0.0,22.66407585144043,70.25664520263672,-7.062315940856934,0.07478195428848267,0.0007,210.0,0.0,0.0,0.0,
113940.0,0.036333832877722606,1.3904200231766901,-9.428540229797363,7.160506248474121,9.428540229797363,5.095261850357058,0.0,0.0004690600275000827,0.009210831677254266,-0.06408758228638806,0.048038817625832606,0.00042646372179464833,0.009224454000853949,-0.06623337770135783,0.04692062493220288,7.50532563883089e-05,0.004654934024938915,-0.03058435485838645,0.024072375773253805,0.015010651277661784,0.930986804987783,-6.11687097167729,4.814475154650761,0.021323186089732413,0.4612227000426975,-3.3116688850678915,2.346031246610144,55486.595706715496,6219.103896860696,44994.552530294364,67191.04785929609,0.42658932489527535,0.15965647379145803,0.03263527537333915,0.8773101163840646,0.00010096554303727225,1.6389503690751975e-05,6.644234726118315e-05,0.00012980968441757949,0.8029633869776225,0.3410570485516933,0.3269148623027079,0.2572834289086836,0.9109127002754394,0.16645573518693457,0.8411086182942489,0.20459312823861894,0.8391788113277687,0.1972673126390251,0.8764056679058116,0.17440039502673774,0.8537195362305154,0.028517823666334152,0.08607935905456543,0.9494421482086182,0.0,46.2709846496582,98.61661529541016,-7.061716079711914,0.10154908895492554,0.0007,211.0,0.0,0.0,0.0,
114480.0,-0.054663954780402556,1.6204506817916167,-13.5863037109375,5.514739990234375,13.5863037109375,4.634358711242677,0.0,-0.00020456420415254932,0.00990260263202742,-0.06360100512140351,0.034117820941735794,-0.0002539636176091889,0.009954797974910185,-0.06571361675489754,0.03354871634696161,-0.00020982886218269873,0.0056450880649311485,-0.05274030721132521,0.01918652088121875,-0.04196577243653976,1.1290176129862297,-10.548061442265041,3.83730417624375,-0.012698180880459443,0.4977398987455093,-3.2856808377448767,1.6774358173480806,65487.77650154567,4835.66640711693,55249.6430882878,76410.21449440221,0.4255091950235213,0.15049709594448302,0.06100486729465282,0.813277753828298,8.406511629094952e-05,1.7820838349103895e-05,5.825116373651942e-05,0.00011938255868005753,0.8032366824789472,0.33854247265474363,0.3276482245948057,0.2803085281700475,0.8986480053538654,0.1499520224773717,0.8869295916976171,0.20658201209441676,0.8218870857036316,0.20981105808335096,0.863545142070256,0.15334637917481309,0.7541494691206372,0.021921727806329727,0.10742883384227753,0.9523448348045349,0.0,-21.525123596191406,44.11949920654297,-7.059943675994873,0.18550091981887817,0.0007,212.0,0.0,0.0,0.0,
115020.0,-0.02646972374916206,1.4668947048858887,-5.610975742340088,7.220184326171875,7.220184326171875,4.812454357147218,0.0,-0.0004008567726298411,0.00912711268496036,-0.03760053134308085,0.04155405236953771,-0.00044263238415842814,0.009132649019726392,-0.03832566642394092,0.040713878950733765,-2.16905254404172e-05,0.00506271433410186,-0.01903539666725675,0.025922451708501996,-0.0043381050880834495,1.012542866820372,-3.80707933345135,5.184490341700399,-0.022131619207921407,0.4566324509863196,-1.9162833211970458,2.0356939475366884,52468.870717708305,4350.807890293666,41092.3007928162,59294.8235644327,0.4222920782844218,0.15548862250531845,0.06569061661585229,0.8475360048133661,8.349452022411159e-05,1.731323824474346e-05,5.9839045818457e-05,0.00011811031689703295,0.8003983328917457,0.34014354977609845,0.33134528153130954,0.2640473310602615,0.9232940192667942,0.1542357121806945,0.8024725662302318,0.1989571044358026,0.8876341986520898,0.21736371704361923,0.8036478882914894,0.16539613527962213,0.8673907290251885,0.02401399426162243,0.106802798807621,0.9684053063392639,0.0,-13.316051483154297,31.916032791137695,-7.06049919128418,0.3849524259567261,0.0007,213.0,0.0,0.0,0.0,
115560.0,0.028273786285771402,1.4429988790655228,-7.581336498260498,6.980045318603516,7.581336498260498,4.501142072677614,0.0,0.0001938253306802246,0.009423233136027056,-0.05013260345082034,0.04312919734003527,0.00014938636427430955,0.009427938808177829,-0.05143288670991632,0.04222503923896248,0.00010402233534277757,0.004861235285421833,-0.02504846129735393,0.024343966376701415,0.02080446706855549,0.9722470570843665,-5.0096922594707864,4.868793275340283,0.007469318213715477,0.4713969404088915,-2.571644335495816,2.111251961948124,48288.70034620668,2220.321161226941,43013.70526520368,53078.189761372516,0.41794729961258564,0.1588787220022829,0.05967899276195401,0.8841648473659762,9.643694676841696e-05,9.904192846855005e-06,7.627514614653733e-05,0.00011419158472536962,0.810981055186935,0.3322678873025615,0.3199649565190818,0.2534208873502285,0.856191450646965,0.16809400892517556,0.83498251756464,0.19387549065835308,0.7797281551489976,0.20212264829647997,0.7961049917671632,0.18248696476976284,0.905884738225622,0.032980404794216156,0.09373734891414642,0.9823879599571228,0.0,15.301314353942871,38.85061264038086,-7.05921745300293,0.21649384498596191,0.0007,214.0,0.0,0.0,0.0,
116100.0,-0.010739560768167764,1.143600750208496,-5.86427116394043,3.7886829376220703,5.86427116394043,3.442868251800537,0.0,4.639692113646925e-05,0.006064345022224195,-0.03076272335991409,0.018732993667338084,2.798747255398863e-05,0.006069552982042591,-0.031245829532903745,0.01855969210092591,-6.0694676362471664e-05,0.004208533520705602,-0.02150989913005403,0.014303491949906244,-0.012138935272494336,0.8417067041411205,-4.301979826010806,2.860698389981249,0.0013993736276994282,0.3034776491021296,-1.5622914766451872,0.9279846050462954,52258.62190767103,3167.8995040981445,47133.50877572615,58752.48904127849,0.4426308865251601,0.1623148945791432,0.07265956706412706,0.8987450448929026,5.532921136932205e-05,1.3533219009319593e-05,3.887908323224909e-05,9.128681326421718e-05,0.7979151310940215,0.34326494597702323,0.33056193282250806,0.2569245753748322,0.9195353576289776,0.16576369439859748,0.8605880964880944,0.1956123356023614,0.8167807488443065,0.20588431239029367,0.8863990226309637,0.17581508223391523,0.7984149169501938,0.03152782469987869,0.11106494069099426,0.9861112833023071,0.0,-3.9072887897491455,55.770992279052734,-7.055598258972168,0.10738974809646606,0.0007,215.0,0.0,0.0,0.0,
116640.0,-0.02697562974774175,1.7309209095096159,-9.48542594909668,10.571172714233398,10.571172714233398,6.244876227378856,0.0,-0.00040912660853376575,0.010874270223963098,-0.04418955068835467,0.057958163291091505,-0.0004683778635453815,0.01087855307923927,-0.045195660368391996,0.05634078945112745,-1.7783656142882515e-05,0.005994208881339252,-0.03621573631939814,0.038770668574672595,-0.003556731228576497,1.1988417762678503,-7.243147263879628,7.754133714934519,-0.02341889317726907,0.5439276539619635,-2.2597830184195997,2.8170394725563725,42986.459568954895,3962.7760758032073,35792.843196925525,51610.42067201606,0.42221631352392774,0.16313559479041087,0.03732893635185926,0.8770312272898144,9.820754391572628e-05,3.8223089587537804e-05,3.954821262975398e-05,0.00015359353653885161,0.7991366530661339,0.3429897683517993,0.3317053032505545,0.2533348848629756,0.8719869086565165,0.17626589323800176,0.9084365704601651,0.17938511578745572,0.7190251599013878,0.21630635772929926,0.8890034540771378,0.17470774838226763,0.8256116833822605,0.03379448875784874,0.10128314793109894,0.9642067551612854,0.0,-22.762800216674805,36.70598220825195,-7.0581207275390625,0.4045528769493103,0.0007,216.0,0.0,0.0,0.0,
117180.0,-0.006099015692167018,1.6393319319461552,-7.725986480712891,7.57322359085083,7.725986480712891,5.323638143539429,0.0,-0.00027585599098593126,0.012233618933229811,-0.07175238055816957,0.05022804555011193,-0.00035097622880685787,0.01226359618610917,-0.07445675049399916,0.04900732682611713,5.7248979357065366e-05,0.005160708707132413,-0.020015745428162608,0.025614286745774918,0.011449795871413081,1.0321417414264829,-4.003149085632521,5.122857349154984,-0.017548811440342923,0.6131798093054585,-3.7228375246999583,2.4503663413058563,31095.643223634044,1976.3017710348288,26053.386478962606,37436.47720713506,0.4196609678629508,0.14983323225608558,0.050328241538633314,0.8296172504217284,0.00014357828370185956,3.2661227255256156e-05,9.589366603452853e-05,0.00020922240964282087,0.8060537841939389,0.3358888234894139,0.324015399756742,0.18383344422692666,0.8757104513444469,0.2381395104977691,0.8833589920353341,0.18110193508028158,0.8527204059834163,0.19743391656063586,0.8138569253724368,0.1994911936343868,0.7518139532705088,0.03601997718214989,0.08646947890520096,1.034142017364502,0.0,11.271146774291992,39.734840393066406,-7.0578718185424805,0.2409379482269287,0.0007,217.0,0.0,0.0,0.0,
117720.0,0.019702025519304528,1.358807387307496,-7.136231899261475,7.229781150817871,7.229781150817871,5.112081866264344,0.0,0.0002754334276587838,0.008528313517292094,-0.04104590039874164,0.049801020460561354,0.00023906026469363233,0.008524453232047764,-0.04191206801656835,0.048600641887944024,3.8745067686570733e-05,0.004670574915559003,-0.025203141629491513,0.023998744744227966,0.007749013537314153,0.9341149831118007,-5.040628325898303,4.799748948845593,0.011953013234681613,0.42622266160238825,-2.0956034008284172,2.4300320943972014,35807.47825205278,1761.1766510263296,31030.57357956662,40013.129650714596,0.4271749241485426,0.16129141092397936,0.04975660111949884,0.8765723318816251,8.696625067829365e-05,1.5764550956754608e-05,6.735636228781345e-05,0.00012744980849896083,0.7995165381649249,0.34083198919208973,0.330329711492641,0.1924512054547396,0.8244814926126732,0.24478995816010138,0.8584377313463032,0.19793552426207137,0.8541430502577633,0.19303352446872296,0.8440368911810107,0.1717897876543647,0.8709220850824385,0.03618127107620239,0.09277956187725067,0.9447640776634216,0.0,-14.73961353302002,39.22832489013672,-7.053440570831299,0.13861829042434692,0.0007,218.0,0.0,0.0,0.0,
118260.0,-0.012964325012634854,1.1520092591865856,-6.1063151359558105,4.560505390167236,6.1063151359558105,4.245306849479678,0.0,-0.00011909147490239447,0.006450416894229685,-0.036983118070385554,0.025049789273850327,-0.00013998584595772463,0.006469539634324289,-0.03768433677732268,0.024741186311966576,-2.982516455583472e-05,0.004151024816430062,-0.021110490962287166,0.01662282910717546,-0.005965032911166942,0.8302049632860123,-4.222098192457433,3.324565821435092,-0.00699929229788623,0.3234769817162145,-1.8842168388661338,1.2370593155983287,33377.05266684716,1176.2767661105072,30837.79661688435,36856.17307818534,0.42565422948164494,0.15316155031196294,0.06256612280158162,0.8292613642051768,5.703590024526975e-05,1.3715476305234293e-05,3.0439313682548836e-05,7.718513798555965e-05,0.8051289187334552,0.3387216296146496,0.3229319514023643,0.18040619401863556,0.7853957916178927,0.2508650039347579,0.9276563138389059,0.18213715858463528,0.8533487326578946,0.19651128361406675,0.7771367379969882,0.1900803598479045,0.7971336222794044,0.03229089826345444,0.08205334842205048,0.9885448813438416,0.0,-18.248523712158203,20.384353637695312,-7.054866790771484,0.40438956022262573,0.0007,219.0,0.0,0.0,0.0,
118800.0,0.01920243565303584,1.824398515987527,-19.133834838867188,16.193187713623047,19.133834838867188,6.611101541519171,0.0,0.00028345390988402904,0.010429403631268826,-0.08656489707680609,0.09365186560895765,0.0002294908404915564,0.010367083853495654,-0.09054294791736715,0.08952243179253934,3.863947649986273e-05,0.006597577415384013,-0.07303343375228945,0.05858532734570275,0.007727895299972545,1.3195154830768026,-14.60668675045789,11.71706546914055,0.011474542024577818,0.5183541926747827,-4.527147395868358,4.476121589626967,35628.36018578742,2013.2592502405446,29116.49648824662,38786.50991695777,0.42551117923506643,0.15712784289936718,0.05146836824593818,0.8322762211875111,9.0825852802819e-05,4.318831394613572e-05,2.8953754405894297e-05,0.00015123632546228135,0.8061179480887742,0.3347934974899344,0.32475054395695174,0.1710037700584026,0.8403135971452687,0.23327077348543634,0.871411439934688,0.193632518255756,0.9358177063064841,0.1980350422007968,0.7924781805477644,0.2040578959996083,0.8209687023028793,0.03291622921824455,0.08033942431211472,0.9125847816467285,0.0,3.4171934127807617,59.99549102783203,-7.054522514343262,0.25910598039627075,0.0007,220.0,0.0,0.0,0.0,
119340.0,0.042312767123803496,1.148343824783354,-8.047582626342773,6.3585920333862305,8.047582626342773,5.141081619262696,0.0,0.0003221660017843248,0.005876081515534294,-0.04327499477300616,0.04268421611741071,0.00030488065074986366,0.005869450119052471,-0.044239279682337304,0.041798365187962185,0.0001353436757448262,0.004294693757028741,-0.029178094607548048,0.021343369080012685,0.02706873514896524,0.8589387514057482,-5.835618921509609,4.268673816002537,0.01524403253749319,0.2934725059526236,-2.2119639841168652,2.089918259398109,37551.89368309087,3205.7925863042556,33914.481280692286,45146.66588535742,0.416920856049901,0.15560175569596976,0.07882181325337145,0.8844942337556871,4.7546853218597616e-05,1.4575160331135572e-05,2.7293140234797337e-05,7.865028982171928e-05,0.8016725757997857,0.3409330894971688,0.32877119153172873,0.164740155769678,0.8253814364342401,0.24286792925705208,0.9025356419301146,0.20541065117826218,0.7954028211664937,0.18433345808826013,0.8446109734879458,0.20264780570674756,0.8154991508973167,0.03347732126712799,0.09676605463027954,0.9841393828392029,0.0,34.48103332519531,111.86930847167969,-7.053240776062012,-0.09422707557678223,0.0007,221.0,0.0,0.0,0.0,
119880.0,-0.05184704245049808,1.2438302441122964,-8.586753845214844,4.77355432510376,8.586753845214844,4.5186481714248705,0.0,-3.448004619778885e-05,0.005829739370001088,-0.036984977534029906,0.026660879196265294,-5.150980691811738e-05,0.005839088967861485,-0.037686267652548684,0.026311671154989797,-0.0002463577626881156,0.004763512185530253,-0.03351220259759809,0.01728985420301441,-0.04927155253762313,0.9527024371060505,-6.702440519519618,3.4579708406028824,-0.0025754903459058696,0.2919544483930743,-1.8843133826274343,1.3155835577494899,45150.816408771025,1196.3639678079169,43023.85444807902,48305.95579309338,0.42072879404498376,0.1531840006521024,0.04227005773119187,0.7958746810446916,3.857085719767175e-05,4.106963341388941e-06,3.087126048150581e-05,4.678778816892837e-05,0.8129482070238585,0.332233405119053,0.31840959029156074,0.21384918510477935,0.8515522810652282,0.19687689072151762,0.8055331775383432,0.18762975178591773,0.8143077929719928,0.20359767196145395,0.8530681174040888,0.19804650042633132,0.7915586794893883,0.03388296067714691,0.07396584004163742,0.8649555444717407,0.0,-20.531156539916992,20.233972549438477,-7.052745819091797,0.4115482568740845,0.0007,222.0,0.0,0.0,0.0,
120420.0,0.005879578844447948,1.4522791189147681,-8.255941390991211,8.87256145477295,8.87256145477295,6.463904981613162,0.0,0.00011532620560294369,0.007582269420430574,-0.04367593988451225,0.047652740774322036,8.657406407985031e-05,0.007583128680754822,-0.044658448353586094,0.04655217676593463,7.75438739744196e-06,0.005383238341743311,-0.03275655782499913,0.032724764227460894,0.0015508774794883817,1.076647668348662,-6.551311564999826,6.544952845492179,0.004328703203992518,0.3791564340377411,-2.2329224176793048,2.3276088382967313,45683.07039719283,2290.32306341501,38643.82331610614,50335.91284548328,0.4058215718081383,0.15733599687757074,0.07532768399866346,0.8816918128140321,5.422091026926741e-05,1.4007626180438283e-05,2.9759204154819275e-05,7.759146148194512e-05,0.8208194912350167,0.3251605222094649,0.3093611869815535,0.23151375589487785,0.9064196332915436,0.19105636254740346,0.7430629024766512,0.19468798641900037,0.8559058863301925,0.19236731371395852,0.900848085718295,0.19037458142475983,0.7450696686833047,0.035354889929294586,0.08083224296569824,1.0301979780197144,0.0,13.705629348754883,49.331024169921875,-7.053762435913086,0.30092811584472656,0.0007,223.0,0.0,0.0,0.0,
120960.0,-0.006788428341624913,1.2248753205424017,-14.50464916229248,4.112997531890869,14.50464916229248,3.585904672145845,0.0,1.5096714673415612e-05,0.00524680098885355,-0.059316544678850155,0.022012730885651026,1.1794824503930177e-06,0.005290752256163319,-0.061148587783908845,0.02177394853920194,-3.423700064925281e-05,0.004813053767287558,-0.05723609755756895,0.015121501096408292,-0.006847400129850563,0.9626107534575115,-11.44721951151379,3.0243002192816584,5.897412251964763e-05,0.26453761280816596,-3.057429389195442,1.088697426960097,46325.39680514303,799.0041975537315,44146.61599588028,48799.40182522934,0.43139054811353633,0.16331893131749903,0.06813182854669807,0.8837509490144353,3.3520182251197916e-05,1.0206575329484095e-05,1.8871559126722233e-05,5.730098105389276e-05,0.7935513389424246,0.3462331074469885,0.3350911574262849,0.23085518688938342,0.8108846535116416,0.19992421917040376,0.9467526601946962,0.19277312198142035,0.8944369698702147,0.20445547528710575,0.8960869117459233,0.17199199667168674,0.8333437603392744,0.035743821412324905,0.09207141399383545,0.9890069961547852,0.0,-3.4625391960144043,7.351228713989258,-7.053898334503174,0.5528213381767273,0.0007,224.0,0.0,0.0,0.0,
121500.0,0.013863896034254813,1.3257290040968728,-9.112702369689941,7.621906757354736,9.112702369689941,5.262447586059571,0.0,2.8187577849038387e-05,0.006011727565456221,-0.04774256806361454,0.03089476851091861,1.0045666488161008e-05,0.006029768887140519,-0.04891986904754131,0.030427132425900397,6.680806721136511e-05,0.005129593910724041,-0.033333543057978365,0.030502751041687464,0.013361613442273018,1.0259187821448084,-6.6667086115956735,6.100550208337493,0.0005022833244080577,0.30148844435702593,-2.4459934523770652,1.5213566212950198,43893.98552757579,1919.6249464049613,39034.29801735151,47724.37658141872,0.43425001194290663,0.1593090284728412,0.06708322268054459,0.8616375498483319,3.419007671853307e-05,4.012869671102143e-06,2.305350354107915e-05,4.1204730134540834e-05,0.7974900256976991,0.3443008862460646,0.33077325389337353,0.22112961914493634,0.8898674888135162,0.18892641951605066,0.8585788625577153,0.1964088332844906,0.899419953761482,0.1946254188672588,0.8711640376499964,0.1989097091872636,0.8164121687954423,0.040794387459754944,0.09359979629516602,1.0104848146438599,0.0,19.769350051879883,50.197513580322266,-7.048421859741211,0.14674222469329834,0.0007,225.0,0.0,0.0,0.0,
122040.0,-0.011549171228048011,1.0166913347370958,-5.7301836013793945,9.562801361083984,9.562801361083984,4.124411902427676,0.0,-0.000370248251058848,0.006255687401198221,-0.11237847488165431,0.04143496368838656,-0.0003908120277155881,0.006477851892349039,-0.11920983729577128,0.040599534918803845,3.995714059373609e-05,0.004973359964336223,-0.02315500077675494,0.07761646504235266,0.007991428118747231,0.9946719928672445,-4.631000155350988,15.523293008470532,-0.019540601385779403,0.32389259461745196,-5.960491864788564,2.0299767459401923,41475.34245848503,3738.3350879349878,35836.042719920995,45716.86447042151,0.42207619632208887,0.15507914280823126,0.06685467582802844,0.8535043101949968,3.3528221600830827e-05,2.0772190981223414e-05,1.1018660235919717e-05,7.940885513219403e-05,0.8032288237679595,0.3374221768674101,0.3277661061150065,0.24006135883441046,0.8836270885295286,0.18418341504238372,0.8175920401851885,0.20453257142710568,0.8145703069255625,0.19504625591258815,0.829844493185644,0.17617639878351193,0.783578460301848,0.03656238317489624,0.09633520245552063,1.000632643699646,0.0,-8.428481101989746,12.670141220092773,-7.048440933227539,0.5271025896072388,0.0007,226.0,0.0,0.0,0.0,
122580.0,0.017526680917661804,0.9217712256377047,-3.355457305908203,7.049840450286865,7.049840450286865,3.073248374462128,0.0,2.6275497503665256e-05,0.00349858633431203,-0.013469144263496184,0.02512660234035046,2.016662468142863e-05,0.0034937218152097126,-0.013560676019252947,0.024816119441477054,8.259175093609428e-05,0.003743377898280908,-0.013960969049784736,0.029045173435632187,0.01651835018721886,0.7486755796561817,-2.792193809956947,5.809034687126437,0.0010083312340714325,0.17468609076048563,-0.6780338009626473,1.2408059720738527,36989.60719659556,619.5424198608001,34991.253591335946,38576.188607893586,0.42549418988140014,0.15980245198675325,0.06470133458643106,0.8269025806757099,2.362026810206664e-05,7.997583886023197e-06,1.2796488092633541e-05,4.342235054953473e-05,0.7984690713653787,0.3435483814126386,0.33073160148663444,0.20922068088224843,0.7950115505587371,0.2229272375462499,0.9007763590129932,0.17897843479725425,0.7805412767270411,0.19251226736060534,0.8459239799526355,0.19636137941364207,0.8657563331319387,0.041078824549913406,0.09601430594921112,0.9617138504981995,0.0,-3.5147275924682617,11.161087036132812,-7.051996231079102,0.1371745467185974,0.0007,227.0,0.0,0.0,0.0,
123120.0,0.03160410039773625,1.4356662020179025,-11.539709091186523,6.071594715118408,11.539709091186523,4.546971383094791,0.0,0.00033433246829240345,0.005516935590392578,-0.04627599034193236,0.029730015656070495,0.00031901911983690123,0.005528690101664254,-0.04738094744094459,0.029296647159641847,7.826571826562802e-05,0.0058131165220186975,-0.04585330626523196,0.023033811343153566,0.015653143653125607,1.1626233044037395,-9.170661253046392,4.606762268630713,0.015950955991845064,0.27643450508321266,-2.3690473720472296,1.4648323579820923,41981.83228697465,1655.0402796776227,37197.74697633406,45046.99043110054,0.441447962645148,0.15765164227648495,0.03978908426033899,0.8308642759678505,2.489318900145813e-05,7.01336234054289e-06,1.2611188483709545e-05,4.0725175346179756e-05,0.7918299015880451,0.34910145900765127,0.3362816777475343,0.21967133288923912,0.937603481479979,0.22217711220967162,0.9088962510178158,0.18542089301279707,0.9051752713702771,0.1829455869210379,0.8539915346057445,0.18978507496725427,0.8623857728156573,0.03593658655881882,0.09255486726760864,0.8044735193252563,0.0,-7.540970802307129,28.980331420898438,-7.046151638031006,0.21562141180038452,0.0007,228.0,0.0,0.0,0.0,
123660.0,-0.008540705445705465,1.3824476719938381,-6.3672614097595215,4.654868125915527,6.3672614097595215,4.3674033594131485,0.0,0.00015107535757528733,0.006006033503731197,-0.025894026271278382,0.021817677555902696,0.0001330199824938481,0.006008479873982024,-0.026235178661951696,0.021583078171939683,-7.595851656075247e-05,0.005415295080610227,-0.025592134447256196,0.017878570854445545,-0.015191703312150487,1.0830590161220455,-5.118426889451239,3.575714170889109,0.006650999124692404,0.30042399369910117,-1.3117589330975847,1.0791539085969841,47204.87123399828,1402.4790670284883,44056.927039631824,50742.46577145875,0.4305315559427261,0.15919956971637314,0.06775582044924411,0.9041736729211556,3.168716999164382e-05,5.221899350250122e-06,2.5775845016250552e-05,4.297975352058967e-05,0.7982844644852592,0.3413494355483994,0.3302202561320885,0.2531960936324311,0.8706213924810511,0.19748050835980097,0.82649243583107,0.17214780567791874,0.7960385391887034,0.21478184657549032,0.859775712040633,0.16239374575435886,0.916784023175802,0.0369638092815876,0.10950803756713867,0.8439996838569641,0.0,-13.916353225708008,20.37257957458496,-7.048274993896484,0.34378498792648315,0.0007,229.0,0.0,0.0,0.0,
124200.0,0.07207299911986209,1.248432521565097,-6.782169342041016,5.123443603515625,6.782169342041016,3.957126932144165,0.0,0.0004755057720309792,0.00545170075968991,-0.0328527034896207,0.022140840359610794,0.00046053322256358643,0.00545280963474505,-0.03340447195368006,0.0218992908578316,0.0002452316839522469,0.004888975092515588,-0.026074536843101164,0.02032916052628164,0.04904633679044938,0.9777950185031177,-5.214907368620233,4.0658321052563275,0.023026661128179325,0.2726404817372525,-1.6702235976840027,1.09496454289158,49185.962786443444,4224.670090490314,44008.37609586661,61161.292823086485,0.4158054690382912,0.15043955827557645,0.08076208410923791,0.8159174145200847,3.086741670836366e-05,5.171451881460523e-06,2.3382393483188172e-05,4.180759447684617e-05,0.8036612314956985,0.33784509599388973,0.32660812755267,0.2557724689595425,0.8328235923270833,0.20721273529606823,0.8219061478475469,0.17794230498462765,0.6833103628145774,0.19692837646607886,0.8306703605358433,0.16214411429368272,0.8536601594965484,0.03517085686326027,0.10982544720172882,0.773051381111145,0.0,53.478660583496094,99.36331939697266,-7.04696798324585,-0.13770389556884766,0.0007,230.0,0.0,0.0,0.0,
124740.0,-0.07031768733307857,1.716482634830732,-17.77201271057129,6.7481465339660645,17.77201271057129,6.059949994087221,0.0,5.842234183272917e-05,0.009228150965996747,-0.0596413059396544,0.04167633971816716,1.566533379564377e-05,0.009257493317141879,-0.06149388707891704,0.04083128060657976,-0.0003555047732715247,0.006327833419797831,-0.07348659128742623,0.02353291289482696,-0.07110095465430494,1.2655666839595663,-14.697318257485245,4.706582578965392,0.000783266689782199,0.46287466585709386,-3.0746943539458518,2.0415640303289884,66292.82389598078,3350.591298689975,57366.562538030455,72305.37911101754,0.40084356193477855,0.15033398840669857,0.06644812702612414,0.8314645166808574,6.84273226725308e-05,1.3411090911790781e-05,3.4038649716544395e-05,9.201784759691699e-05,0.8098167224790404,0.3335647423328362,0.3203930439524312,0.2713381524428341,0.8544828179857247,0.18170708885067816,0.940364198738606,0.17635472629195853,0.8815281007832783,0.2108717245536279,0.8016691587124899,0.15972830786090134,0.8308276119415956,0.025704285129904747,0.11736959218978882,0.8194594979286194,0.0,-24.864089965820312,53.992618560791016,-7.046353816986084,0.2702450752258301,0.0007,231.0,0.0,0.0,0.0,
125280.0,0.03140728729507558,1.1188800611650023,-6.459831714630127,4.61773681640625,6.459831714630127,4.246327199935915,0.0,0.00018086415295610862,0.006063926543113569,-0.03777973261782715,0.022375921265295445,0.00016240916518189504,0.006077739789425789,-0.03851188635290513,0.02212925317570841,0.00011643415291991897,0.004090145328977323,-0.022671186810183732,0.017606920070494393,0.023286830583983793,0.8180290657954646,-4.534237362036746,3.521384014098879,0.00812045825909475,0.30388698947128945,-1.9255943176452566,1.1064626587854205,63435.21623677582,2390.58832545626,58112.44112634909,68545.28559746752,0.42569202477457935,0.16418687381251915,0.06802510754462651,0.8474248480597292,5.473971707089917e-05,1.5796458887058255e-05,3.257873991575415e-05,8.831150260393208e-05,0.7999845531769785,0.3413750779056693,0.328167376933207,0.2913060842435914,0.8482482017505639,0.1614649974903337,0.9082145019633531,0.17170817120910312,0.8680891945062699,0.2142495696331373,0.8489467915752391,0.1612711774238345,0.8796552000646077,0.026357367634773254,0.14261868596076965,0.7972484827041626,0.0,26.680095672607422,26.828184127807617,-7.046655178070068,0.35423368215560913,0.0007,232.0,0.0,0.0,0.0,
125820.0,-0.013280847547920766,1.2933124357111168,-7.283897399902344,4.648026943206787,7.283897399902344,4.5048472499847465,0.0,-7.187808517046904e-05,0.0056960948494254255,-0.04067071804139298,0.018867727799190097,-8.818733406900799e-05,0.0057181059391492655,-0.041520903326576125,0.018691939926153818,-4.4357406926416875e-05,0.005047394290441387,-0.028649307180495204,0.018567150874193097,-0.008871481385283377,1.0094788580882774,-5.729861436099041,3.7134301748386194,-0.004409366703450398,0.28590529695746325,-2.0760451663288064,0.9345969963076909,64928.94526190035,3187.9785884772177,57004.66105698614,71033.35812872955,0.43926257774138533,0.16404830489448302,0.05406127673773634,0.8859736992432532,3.0679313408826176e-05,5.576357170041244e-06,2.253012718278569e-05,4.413434803660023e-05,0.7810138220556508,0.3561001985645,0.34778575858449207,0.30283015385465856,0.9842833918738602,0.1633120978346454,0.8789238720561806,0.17347369523587103,0.8111860360492285,0.2096120185301122,0.8248096715873544,0.15077203454471286,0.8100159681627376,0.0189768448472023,0.1488105207681656,0.7639212012290955,0.0,-15.810664176940918,41.29874038696289,-7.046935081481934,0.1925402283668518,0.0007,233.0,0.0,0.0,0.0,
126360.0,-0.0332413555873144,1.457757221217684,-9.769457817077637,7.536161422729492,9.769457817077637,5.474576687812816,0.0,-0.0002199525600650322,0.007835782681355506,-0.06728156672253287,0.037907166454788144,-0.0002508683677077265,0.007872189741362265,-0.06965191009362301,0.03720634572949254,-0.0001034896737509633,0.005352741657671872,-0.03143431333723171,0.028379220879986587,-0.020697934750192663,1.0705483315343745,-6.286862667446343,5.675844175997318,-0.01254341838538632,0.3936094870681133,-3.4825955046811505,1.860317286474627,61271.5173470048,4367.497679130224,52353.88153995844,68539.81142843286,0.4301351841867214,0.16157958956294796,0.0404518288008145,0.9232822435834709,5.478280559798484e-05,1.8851707676308466e-05,3.242938626784223e-05,8.845076999594081e-05,0.793415827193039,0.347194232934333,0.3348970749422085,0.296751339402166,0.9352088216526703,0.17600671924136066,0.8526277630380531,0.16391175745752715,0.8911101227850226,0.2067976590064,0.9386634511041103,0.1565325248925462,0.7093972937555175,0.025516266003251076,0.13292953372001648,0.7302392721176147,0.0,-27.067962646484375,57.55783462524414,-7.046187400817871,0.18541210889816284,0.0007,234.0,0.0,0.0,0.0,
126900.0,0.030389248552361366,1.1206025622150115,-4.831517219543457,5.913645267486572,5.913645267486572,3.4974010348320017,0.0,0.00013469364816922293,0.005465974316613668,-0.023967429062530833,0.028549581189443347,0.00011975998148464962,0.005462614487176953,-0.024259321263711737,0.028149636230850077,0.00012200624154081607,0.004245041798752834,-0.01920861994924386,0.022530816435906435,0.024401248308163207,0.8490083597505669,-3.841723989848772,4.506163287181287,0.005987999074232479,0.2731307243588476,-1.2129660631855868,1.4074818115425038,56890.52081724114,2438.9887388433694,51664.98478779748,61452.48035443076,0.4055625204428637,0.15971715439319495,0.020807944096942727,0.8629745733286855,4.109577119003937e-05,9.207478177784075e-06,2.462896501122841e-05,5.547020205686677e-05,0.8013462517893069,0.3404296258301414,0.32709008639684206,0.3019571431544493,0.8959257356050288,0.17263787528164687,0.8804680578930922,0.15130695639297057,0.8934088232228568,0.21542475995684132,0.891713362181021,0.15867326521409186,0.699460801283279,0.02406761609017849,0.13489645719528198,0.75185626745224,0.0,14.24186897277832,31.063230514526367,-7.046209335327148,0.2305898666381836,0.0007,235.0,0.0,0.0,0.0,
127440.0,0.022144777468336676,1.4928189655138009,-6.942543983459473,6.133510589599609,6.942543983459473,5.489118351936348,0.0,0.00045706522148989857,0.006755701047245656,-0.02857953418199663,0.03477701208261554,0.0004341737709186772,0.006750113535340917,-0.02899588091894263,0.03418595624206335,2.1804442601378524e-06,0.005805575732635723,-0.02746374912277394,0.022733035655818343,0.0004360888520275735,1.1611151465271445,-5.492749824554788,4.546607131163668,0.02170868854593386,0.3375056767670459,-1.4497940459471315,1.7092978121031677,69705.68177783633,5795.387753008144,59192.50681473854,80646.87002018803,0.4325835010369004,0.1595239378147423,0.03463390334620449,0.8717349278934015,3.377793307292886e-05,1.4089496516109869e-05,1.9599710857203833e-05,5.8125701301783346e-05,0.7944006522502358,0.3464823310764173,0.3325873955181043,0.2797159251395087,0.9040343920705455,0.1762785766725687,0.8815084681835416,0.1570247217459605,0.8432509043437344,0.20626627417089155,0.8079236679926263,0.18071450227107055,0.8625846981480332,0.02846023067831993,0.12182443588972092,0.7432587146759033,0.0,-4.270352840423584,40.30142593383789,-7.045271873474121,0.29536527395248413,0.0007,236.0,0.0,0.0,0.0,
127980.0,-0.009170252529697286,1.4241113550956777,-6.160240173339844,7.593372344970703,7.593372344970703,5.156573905944829,0.0,0.00011233113177502736,0.008170196797750327,-0.03730667580019909,0.044434595888158755,7.891616290276337e-05,0.008176895409936645,-0.038020376677644574,0.043475682426496944,-6.558030025683318e-05,0.005082608649904006,-0.02237061217798257,0.02709794113140634,-0.013116060051366648,1.0165217299808011,-4.474122435596514,5.4195882262812685,0.003945808145138173,0.4088447704968323,-1.9010188338822287,2.173784121324847,80235.34856686305,3074.360814321627,73465.80832035148,88162.61170189342,0.4133447683994925,0.15339632996607974,0.053340303963983954,0.82987226782013,6.730519852240815e-05,1.1021283407086e-05,4.959481120857647e-05,9.313107127151947e-05,0.7994777005631433,0.3413519255902566,0.3301810149831916,0.2909562030145303,0.8828314222771307,0.1635407691757035,0.8510871801191805,0.16104614095513578,0.7764752355885342,0.22329683657695143,0.918456319606403,0.16116005027767902,0.8158044819792137,0.02032613754272461,0.13562503457069397,0.7761897444725037,0.0,1.4619051218032837,23.255321502685547,-7.044823169708252,0.22885477542877197,0.0007,237.0,0.0,0.0,0.0,
128520.0,-0.0202752247491541,1.4971814598053383,-12.274323463439941,6.2493462562561035,12.274323463439941,4.64645813465119,0.0,-5.298750588402638e-05,0.008846952819800937,-0.07923149901019816,0.03710510562647076,-9.249625462588405e-05,0.008910676246324982,-0.08254663046778993,0.03643327958520643,-7.825205377313747e-05,0.005270597516506601,-0.0407349612002381,0.02213841222497303,-0.015650410754627506,1.0541195033013202,-8.14699224004762,4.4276824449946055,-0.004624812731294194,0.44553381231624906,-4.127331523389496,1.8216639792603215,80178.4309962362,3723.2966047134264,70272.55639412258,86731.48483965993,0.4295226391824339,0.15534543423816227,0.08002371253797541,0.8432473940975184,7.150164537283336e-05,1.4763438030840252e-05,4.997674757831283e-05,0.00010145711615611881,0.7844666304055248,0.3529105469566128,0.3443103716139832,0.3130435928346589,0.918032669578899,0.1467225396032363,0.8165479792311453,0.17305525472694536,0.8264081630064647,0.20941881863704265,0.8004513959135586,0.1577597941981168,0.7942490935113542,0.019624609500169754,0.1397053599357605,0.7522183060646057,0.0,-11.751486778259277,39.09512710571289,-7.043647766113281,0.267437219619751,0.0007,238.0,0.0,0.0,0.0,
129060.0,-0.03553941191531959,1.4367051114516471,-6.685494422912598,9.589940071105957,9.589940071105957,5.217282495498663,0.0,-0.00046043189351029724,0.008295880530198382,-0.034952595043688646,0.0476326540447698,-0.0004950484575996547,0.0083123093739261,-0.035578054542651984,0.04653300350237586,-5.393495068806503e-05,0.0051233845411753015,-0.024564068551857686,0.03631644848663363,-0.010786990137613018,1.0246769082350604,-4.9128137103715375,7.2632896973267265,-0.02475242287998274,0.41561546869630506,-1.7789027271325992,2.326650175118793,66556.11412457265,4644.4801138237735,53999.64639585819,76586.15229193152,0.42460113500113017,0.16660078200787778,0.04413002485432059,0.940529743946589,6.649619050292184e-05,1.666977719266343e-05,4.086035633411877e-05,9.624524066572781e-05,0.800569374952797,0.34028881454969073,0.3289628989348533,0.28536320503141527,0.9377299600026078,0.15527479422259216,0.8220350379062231,0.19538731260328235,0.8752765993369326,0.20184232358895848,0.7964928785567947,0.1621323645537517,0.8229267296783499,0.0202980637550354,0.12361152470111847,0.7106691598892212,0.0,-33.385520935058594,54.41487503051758,-7.043004035949707,0.1034659743309021,0.0007,239.0,0.0,0.0,0.0,
129600.0,0.0760737601234319,1.2437200641045434,-6.085465431213379,11.042272567749023,11.042272567749023,3.9234194731712377,0.0,0.0005012054546984677,0.006410793178136633,-0.028436900306565736,0.049785886153771566,0.00048060080703384505,0.006396196673904765,-0.02884906148287646,0.048586225426551194,0.00026021860117486737,0.0046283736244873966,-0.023564513756740183,0.043064806937572704,0.05204372023497349,0.9256747248974793,-4.712902751348037,8.612961387514542,0.02403004035169225,0.31980983369523824,-1.442453074143823,2.4293112713275598,63981.38949895636,5732.061542188166,56365.79947165932,74942.76855683862,0.4272311702582814,0.16360955320442147,0.062129249821655005,0.8584240192750286,5.3634348438194715e-05,8.863544227838594e-06,3.932612073041301e-05,7.911694745204872e-05,0.7957054212822237,0.3459477627744115,0.33360763018386264,0.28225700702410816,0.9257844867039502,0.2068749660643717,0.9169677036329755,0.16538527360719282,0.8510252015290497,0.18654403971594397,0.9034654622968094,0.15893871358838338,0.8234301714618734,0.023792358115315437,0.11363282799720764,0.6399459838867188,0.0,38.04057693481445,49.64247131347656,-7.0426926612854,0.4327903389930725,0.0007,240.0,0.0,0.0,0.0,
130140.0,-0.04584555067704059,2.8341718564039264,-14.330621719360352,15.695035934448242,15.695035934448242,11.488192071914684,0.0,4.0887456462588136e-05,0.024287335820661272,-0.09105508494863056,0.16314475369608988,-0.0002496783715943734,0.02402696796600514,-0.09547078614432628,0.15112733156610333,-0.000166808161926153,0.0087124217222599,-0.055642653148851334,0.04878074828757374,-0.03336163238523058,1.7424843444519797,-11.128530629770268,9.756149657514749,-0.012483918579718678,1.2013483983002569,-4.773539307216314,7.556366578305167,20633.529182907583,23785.662676195316,6111.600617554378,75912.80489593506,0.41260735854056996,0.14967861897726342,0.06089581530244483,0.8848154873725211,0.0003509839313421732,0.0002529788038406784,8.591330376968654e-07,0.0007124096161253106,0.8104454822678008,0.3325470329159173,0.3202940886478679,0.18205687600635867,0.9342970926641653,0.17449559270019854,0.8153727870726265,0.2326404447635339,0.9215723683900883,0.19317474875835547,0.7403164346706183,0.21763233777155344,0.7901275802902343,0.042701251804828644,0.11255793273448944,0.8328260779380798,0.0,-17.70863151550293,50.34690475463867,-7.043216228485107,0.3894999027252197,0.0007,241.0,0.0,0.0,0.0,
130680.0,-0.023269538144113203,1.449759074868009,-5.813075542449951,8.198751449584961,8.198751449584961,4.887457842826845,0.0,-9.700083036612223e-05,0.013206673814068304,-0.050339549443036424,0.06823830066574493,-0.00018419323087037778,0.01320450774499829,-0.05165077874382371,0.06601084361284182,-7.029939548816721e-05,0.003966223033552506,-0.01615268350622837,0.024491044391067876,-0.014059879097633435,0.7932446067105011,-3.230536701245674,4.898208878213575,-0.009209661543518896,0.6602253872499145,-2.5825389371911855,3.3005421806420907,9500.393069270314,732.7602727548397,7474.679701703796,10632.663817466846,0.40600575374373604,0.14973477473563904,0.08253707459563811,0.8775750180790796,0.0003315878346350209,0.00011574369834433267,0.00022332793828247474,0.0006519315269372127,0.8058215437597193,0.33473635319088774,0.32484054315019195,0.12469422424672195,0.72371931624837,0.17731838405271688,0.8352378979936848,0.23349806608150298,0.9203991597590292,0.19368308118151625,0.7231017761300856,0.2708062444375419,0.9003209492710984,0.020234864205121994,0.12529607117176056,0.7279168963432312,0.0,2.0350890159606934,29.968746185302734,-7.0446648597717285,0.13917887210845947,0.0007,242.0,0.0,0.0,0.0,
131220.0,0.044714066411230574,1.4056230057703791,-5.756048202514648,7.984687805175781,7.984687805175781,5.128346905708315,0.0,0.0005908020453177665,0.010704484284808621,-0.043793342295276386,0.06476535597203331,0.0005335144863034678,0.010683066601418788,-0.04478122014471885,0.06275445185574922,9.019171179244641e-05,0.004377641922511137,-0.019810047982082492,0.024234825232586844,0.01803834235848929,0.8755283845022273,-3.9620095964164985,4.846965046517369,0.026675724315173392,0.5341533300709395,-2.2390610072359425,3.137722592787461,9880.366208525837,1380.157314581669,7635.798327387175,12133.07291317091,0.4230882593276435,0.15796765571292795,0.05254255708358191,0.8689463163246741,0.0001582169058897248,4.378266673665718e-05,0.00010083573955070328,0.0002467513737697999,0.8040229024644444,0.33689787003089167,0.32556272849832213,0.12931160303755124,0.7159449532116141,0.19638203009403876,0.8588360543304521,0.2306720388341766,0.8752188831481155,0.19188651222979944,0.8675213634273513,0.25174781580443395,0.9158691376754926,0.02360529638826847,0.11580453813076019,0.7080196738243103,0.0,34.989532470703125,83.66514587402344,-7.040337085723877,0.2396121621131897,0.0007,243.0,0.0,0.0,0.0,
131760.0,-0.039177837334055866,1.6066004819917614,-9.826117515563965,11.831626892089844,11.831626892089844,5.649891362190256,0.0,-0.00037837577088014734,0.0106425399133544,-0.06373451490504169,0.07155848283973046,-0.0004351013063411851,0.010644685083560784,-0.06585620480021173,0.06911411478710058,-8.711386271282393e-05,0.005382371680458557,-0.032666535433205496,0.04187960784668275,-0.017422772542564784,1.0764743360917115,-6.533307086641099,8.37592156933655,-0.021755065317059247,0.5322342541780392,-3.2928102400105868,3.4557057393550292,9588.072944936488,694.5032945710476,8035.781616005976,11058.965598623656,0.4237323479800963,0.16334006257581243,0.08197938859853787,0.8388414973005528,0.00010458475229815949,1.2959149218853112e-05,7.86663959849376e-05,0.00014085078917103037,0.8002410120173157,0.340950431718303,0.32689381244642807,0.14013800346937547,0.8385110998546519,0.18093162125378637,0.8801718574924692,0.23965907635832895,0.9629631834387261,0.19220023539829795,0.7852434596286016,0.24707106352021135,0.9079287900347575,0.022951068356633186,0.10377009958028793,0.7432957887649536,0.0,-20.583454132080078,40.34736633300781,-7.039687156677246,0.32611584663391113,0.0007,244.0,0.0,0.0,0.0,
132300.0,-0.027731041495981455,1.2675248053906132,-7.421517372131348,8.603187561035156,8.603187561035156,4.7675079584121836,0.0,-0.00024629767515289147,0.007449614967629625,-0.04764550370218639,0.04514235168779965,-0.0002740752159275117,0.007448842964826552,-0.048817943442568144,0.04415309785025264,-7.01363925606851e-05,0.004491894583817166,-0.024903100329350288,0.03277795561165205,-0.014027278512137024,0.8983789167634334,-4.980620065870058,6.55559112233041,-0.01370376079637558,0.3724421482413276,-2.440897172128407,2.207654892512632,8494.136594380541,425.8488176860789,7061.153030082749,9146.901674133307,0.43044817649101474,0.1641404173244994,0.08092422101278617,0.8855294309388619,7.7169459573955e-05,2.4393219962121605e-05,4.839664818228897e-05,0.0001347047822068904,0.7983186895208502,0.3422974746856564,0.3295889001712291,0.15014231816262302,0.838615002842243,0.18833920759162856,0.8523924841512912,0.21565793400289338,0.8976029849478205,0.19046098927516378,0.7984081366725055,0.2553995509676913,0.9290579098124118,0.02646533213555813,0.09956195950508118,0.7014110088348389,0.0,-38.592864990234375,74.94953918457031,-7.038898468017578,0.0716443657875061,0.0007,245.0,0.0,0.0,0.0,
132840.0,0.007642288138460437,1.5726880579276585,-9.315918922424316,7.252220630645752,9.315918922424316,5.971547660827638,0.0,-0.0001959348003967504,0.011020197122224809,-0.08971063746782558,0.048908939650596936,-0.0002571429202238213,0.011083940645584428,-0.09399274921183545,0.04775051883078426,0.00010249716429841514,0.005127853703853117,-0.02805584973911383,0.024323472571848477,0.020499432859683017,1.0255707407706234,-5.611169947822766,4.864694514369695,-0.012857146011191074,0.5541970322792215,-4.699637460591773,2.387525941539213,6755.694775517639,521.7933825300385,5571.084883147973,7661.301479748866,0.40883230667370724,0.15432441737462102,0.06352690940612934,0.9330362326148084,0.0001102486771549559,1.3831372762266182e-05,7.059562329117381e-05,0.00014089737161540248,0.8125176441955687,0.33158142937934193,0.31715218797353056,0.14284105015918097,0.7993366993872878,0.22418416686633158,0.893612388316194,0.19956317150662026,0.9320394862020115,0.1975892918156362,0.8173761840833963,0.23582231965223094,0.8346066148568226,0.027279186993837357,0.102775439620018,0.7810242772102356,0.0,-11.101995468139648,70.8811264038086,-7.038520812988281,0.1665976643562317,0.0007,246.0,0.0,0.0,0.0,
133380.0,0.021403062371192154,1.065617917203064,-9.227401733398438,13.326637268066406,13.326637268066406,3.156681036949161,0.0,0.00013439743283937946,0.005771713378491618,-0.04828803988828076,0.06946775970561721,0.00011787052337129821,0.005736751478839853,-0.04949285288002102,0.06716110388315855,7.754769322930345e-05,0.0039096814519208245,-0.033763793805793633,0.049842911503137924,0.015509538645860686,0.7819362903841649,-6.752758761158726,9.968582300627585,0.005893526168564911,0.2868375739419927,-2.474642644001051,3.3580551941579273,6657.586547185322,165.40627065888103,6154.567444418411,7031.432827610247,0.42071103216019495,0.15947040646219385,0.07032897266565298,0.8350936150840462,6.0629015675083076e-05,2.089658929181009e-05,3.0378840020174916e-05,0.0001048140539379227,0.8129393268181382,0.3301558798357775,0.31896946974023305,0.1601300244541132,0.8171887305488117,0.20493523958021279,0.8446381388844219,0.19422634718666174,0.8148348552119278,0.20268583313734753,0.8378931290810991,0.23802255564166472,0.8743278049635932,0.024006525054574013,0.0868186503648758,0.7444009184837341,0.0,-10.076963424682617,22.76142692565918,-7.041581630706787,0.13656020164489746,0.0007,247.0,0.0,0.0,0.0,
133920.0,-0.04190511829349109,1.94730194117214,-7.7423481941223145,10.448022842407227,10.448022842407227,7.054480805397034,0.0,-0.0006683866064345689,0.01335971874570817,-0.058863683979913525,0.05460196266782419,-0.0007579729601030644,0.013369912137515903,-0.06066728695523705,0.053163409166762106,-2.0032359471872456e-05,0.00648379784020399,-0.03006256210163946,0.04082571170391451,-0.004006471894374507,1.2967595680407982,-6.012512420327892,8.165142340782902,-0.03789864800515324,0.6684956068757952,-3.0333643477618524,2.6581704583381054,4735.038753003636,869.0876631859037,3745.258440681226,6830.898670962454,0.4231229552920436,0.15128804378983998,0.050445416129224145,0.8731313499177747,0.0001222850194926392,4.799661635866136e-05,2.6622222195742525e-05,0.00018299057072458481,0.8105069707679627,0.33205488125647914,0.3209615678929001,0.16704971817011,0.7739304501626313,0.18337296187567947,0.8276771115286169,0.20342702725317838,0.8763593390490217,0.1976268563713038,0.8048235331983461,0.24852343632972831,0.8642611343261056,0.028979917988181114,0.07943153381347656,0.7608479261398315,0.0,-21.857189178466797,173.0678253173828,-7.039923191070557,-0.02734053134918213,0.0007,248.0,0.0,0.0,0.0,
134460.0,0.02273184984827552,1.2147880649712568,-7.233541965484619,6.6026105880737305,7.233541965484619,5.231054263114933,0.0,0.00018401331211612612,0.008717247681848854,-0.05601532324880645,0.047131086416295244,0.00014589162721489226,0.00873753574667631,-0.05764534522347242,0.046054125977076255,7.718634520467497e-05,0.003909961350241865,-0.021756372558295833,0.02156719365664582,0.015437269040934991,0.7819922700483731,-4.351274511659167,4.313438731329164,0.007294581360744614,0.43687678733381546,-2.882267261173621,2.3027062988538125,4572.51058299836,181.44423388954,4176.301716904851,5075.978114204994,0.42768755331269875,0.15744206345677045,0.05136668444495618,0.8203597203909592,0.00012064165015964297,4.044055730253338e-05,5.959175314212668e-05,0.0001993477578858682,0.8076225719046042,0.33718055934115954,0.3234866732056205,0.14561702066754548,0.7095443877842846,0.2165807190544863,0.8720496627781866,0.206073718094413,0.8679058658960973,0.1959206045091918,0.794882132459441,0.23580793767436342,0.8275206700304456,0.02198214828968048,0.08596368134021759,0.6851072907447815,0.0,-0.12561164796352386,39.83607864379883,-7.038961887359619,0.09844481945037842,0.0007,249.0,0.0,0.0,0.0,
135000.0,-0.011010178057821812,1.6240726621676442,-27.460071563720703,6.3595805168151855,27.460071563720703,4.542881078720095,0.0,0.00026548507366992724,0.00786488813536631,-0.1008653344985103,0.04151698081976937,0.0002339392341423247,0.007978692991799347,-0.1063224609550077,0.040678285781627584,-0.00011353569645026858,0.006184923683582909,-0.11071974220584492,0.022215381182151505,-0.022707139290053715,1.2369847367165818,-22.143948441168984,4.443076236430301,0.01169696170711623,0.3989346495899673,-5.316123047750385,2.033914289081379,5370.085143736185,225.32474889383673,4873.677222502748,5811.636069099907,0.43809567859399895,0.1557762520736867,0.10651787038878348,0.848498443415642,6.786887514815774e-05,1.6430902370059463e-05,4.356647810142124e-05,0.00010902261334970527,0.7937590393842265,0.3469188354629474,0.3335968113439323,0.11791574741115321,0.8340096282950656,0.2382659593117834,0.8743950875296895,0.1995186762672325,0.8721237430501231,0.18887162869832588,0.7674851379137553,0.255427988311505,0.9026141850716239,0.02091698721051216,0.12846136093139648,0.8054870963096619,0.0,-23.849937438964844,43.90243148803711,-7.046639919281006,0.22966337203979492,0.0007,250.0,0.0,0.0,0.0,
135540.0,0.00693066715547401,1.4861334216141842,-10.49524974822998,5.004055023193359,10.49524974822998,5.000529470443726,0.0,0.000335769600901942,0.00801475151964514,-0.05128814863962418,0.028602775070985912,0.0003034815540266954,0.008037632160943328,-0.052650160450543604,0.028201352265778204,-4.121706108148121e-05,0.00543218575005949,-0.03931370979786224,0.01880701732823116,-0.008243412216296233,1.0864371500118981,-7.862741959572447,3.761403465646232,0.015174077701334769,0.40188160804716644,-2.63250802252718,1.4100676132889103,6474.994089841143,375.03560138341993,5456.845951144745,7034.931968487237,0.4297641617962296,0.16109357564565627,0.054659917930599294,0.8703074970013758,5.972297530201504e-05,1.243527503600431e-05,3.507024269896867e-05,8.76871999890189e-05,0.7976952475312322,0.34318179414817207,0.33206120688329044,0.11752962379573494,0.7228372476584739,0.22792377616939832,0.9058155706640284,0.18707547093872975,0.7914309779659324,0.2181156774347314,0.8508345462174789,0.24935545166140557,0.9242355028529329,0.02199380099773407,0.12139005959033966,0.8163206577301025,0.0,-11.931172370910645,44.6010627746582,-7.044628143310547,0.14341193437576294,0.0007,251.0,0.0,0.0,0.0,
136080.0,0.0554593549235034,1.561124907130637,-9.021517753601074,6.483119010925293,9.021517753601074,5.596422605514531,0.0,0.0007366342591908399,0.009887638603987265,-0.05079460306771444,0.04375845742684663,0.0006874557236209987,0.009895474302152112,-0.05213006866732294,0.04282810007402459,0.00010543283992198079,0.005347438304263402,-0.03207507366621593,0.02170857050920175,0.021086567984396162,1.0694876608526804,-6.415014733243186,4.34171410184035,0.03437278618104995,0.4947737151076056,-2.606503433366147,2.1414050037012298,8359.007206709279,650.7635139774062,6504.666466759635,9646.44452955834,0.41437939398115836,0.15295022595011962,0.02970205552812285,0.8698801193102932,9.311570294082154e-05,1.6952263132496894e-05,5.510218141162026e-05,0.0001231241292348569,0.8040883146661094,0.33712234518144935,0.32700335741084247,0.1261589077646988,0.647343906678537,0.22804748343581313,0.8306328631462986,0.18807737888158668,0.8816048564147803,0.18916223439989582,0.8236024094039076,0.2685539955180056,0.9095673835739275,0.024105718359351158,0.12257501482963562,0.8128332495689392,0.0,23.732540130615234,46.19792175292969,-7.046446800231934,0.1405245065689087,0.0007,252.0,0.0,0.0,0.0,
136620.0,-0.06468796952286977,1.6539396477119812,-9.211526870727539,10.942262649536133,10.942262649536133,6.433907313346865,0.0,-0.000582669993137495,0.011267959660072798,-0.06393564021002587,0.07618069582567438,-0.0006465983093242355,0.011302448597842714,-0.06607104440906296,0.07341838056392694,-0.00016179026491820142,0.005473106682848898,-0.031039218697861613,0.03635671598705581,-0.032358052983640265,1.0946213365697797,-6.207843739572323,7.271343197411162,-0.03232991546621177,0.5651224298921357,-3.303552220453148,3.670919028196347,7464.177796221573,1000.688958176547,6240.977559557249,9962.112968514793,0.4386274655007606,0.1651787377272631,0.03312862262598075,0.875185466526781,0.0001161692992056147,3.2767152610264113e-05,6.192416163347151e-05,0.0001904192315114448,0.798827705746197,0.3434316226248966,0.32794878527537835,0.15320489674450133,0.8442225176547804,0.19525981743272922,0.9405364946245569,0.21816683774096066,0.8688888597969723,0.19457171696305994,0.9241177687378814,0.23879673111874877,0.8678338072887046,0.026569277048110962,0.1051272302865982,0.680972158908844,0.0,-28.734237670898438,66.29377746582031,-7.0471906661987305,0.2762542963027954,0.0007,253.0,0.0,0.0,0.0,
137160.0,0.010714831391858214,1.212686441914993,-7.372631549835205,5.299415588378906,7.372631549835205,4.136857748031617,0.0,-5.790173502778495e-05,0.0070055051020216225,-0.04548314332358689,0.03026782686409485,-8.24701149659606e-05,0.0070115446646919375,-0.046549975756021926,0.029818794522267607,7.419168243958228e-05,0.004319565933358004,-0.025225664822044715,0.019608399433055593,0.014838336487916454,0.8639131866716007,-5.045132964408943,3.921679886611119,-0.004123505748298026,0.3505772332345969,-2.327498787801096,1.4909397261133803,6163.474767993211,317.8003286700301,5510.40926584338,6878.699410422339,0.42162593144323296,0.16392324254299903,0.0741939887034074,0.8776124820269842,6.739307055565582e-05,1.4065346681363818e-05,4.635731302719731e-05,9.947120892999892e-05,0.8024324861702077,0.33975832572959014,0.3260717229231505,0.13924535387541387,0.7239407883968854,0.21376462201152105,0.9360362119776968,0.20998186673902638,0.8755433548399659,0.1938841477814321,0.819647183537808,0.2431240095926066,0.8764619007233684,0.0260467566549778,0.10124728083610535,0.7932342886924744,0.0,2.260154962539673,37.43098449707031,-7.047206878662109,0.10044622421264648,0.0007,254.0,0.0,0.0,0.0,
137700.0,0.015860816278425907,1.5236643259671467,-16.88020133972168,9.034632682800293,16.88020133972168,6.236816759109509,0.0,0.00013051130299524859,0.009354351193967828,-0.1080345486214092,0.05876169645941433,8.602474554889062e-05,0.009473780809343909,-0.11432787879056806,0.057100014346400475,5.7797901877462186e-05,0.005268347322399369,-0.05581903282759271,0.03296202567136356,0.011559580375492436,1.0536694644798739,-11.163806565518541,6.592405134272712,0.004301237277444537,0.47368904046719545,-5.716393939528404,2.855000717320024,5800.513550233648,378.03294854292324,5054.89166771781,6712.665598558756,0.41469923986741686,0.15889430753222,0.03970028002797269,0.8254898165837277,8.045677651004415e-05,2.114855324839643e-05,4.7040179326878295e-05,0.00012314644703497827,0.8037543019351102,0.3376803888415173,0.32621086211066175,0.1155762448405414,0.577918703577698,0.2316422267910732,0.8382470906625042,0.21289091250477443,0.8445024150418113,0.19429131016802884,0.8008147764327842,0.2455993056955821,0.8991459791263765,0.026432916522026062,0.11210489273071289,0.8806830048561096,0.0,18.455181121826172,50.92582321166992,-7.051637649536133,0.06463009119033813,0.0007,255.0,0.0,0.0,0.0,
138240.0,-0.0872841217643495,1.304371176304035,-7.394007682800293,5.664076328277588,7.394007682800293,5.4031328916549715,0.0,-0.0005944118730431755,0.00723426484024999,-0.04241604041727797,0.03116002756752754,-0.0006208965307744508,0.007261499145539003,-0.04334187552327669,0.03068440886547566,-0.00028119648186048933,0.004716505692652455,-0.026134570485429165,0.020649278583257435,-0.056239296372097874,0.9433011385304909,-5.226914097085833,4.1298557166514875,-0.031044826538722536,0.3630749572769501,-2.1670937761638345,1.534220443273783,5748.552565885436,572.9050330595264,4602.80578507174,6721.193711889905,0.42787576314569103,0.16567045633173347,0.06501381663368143,0.8501543797759128,5.7385539992701724e-05,9.971112955480969e-06,4.048887086829924e-05,7.928258404487601e-05,0.7983655959267969,0.34152962983551677,0.329610815496046,0.1287922668149497,0.7163943243929695,0.21810068778679254,0.8821280685381282,0.19710255636420346,0.7669045576245463,0.20335250576281005,0.8564487432397229,0.25265198327124433,0.8955425554626987,0.02327132038772106,0.10812641680240631,0.7330589890480042,0.0,-69.5583724975586,143.40020751953125,-7.051381587982178,0.05734199285507202,0.0007,256.0,0.0,0.0,0.0,
138780.0,0.08217558466130867,1.3809883888545282,-6.74324893951416,5.97693395614624,6.74324893951416,4.8905105495452945,0.0,0.0006296009472768196,0.007365535254700763,-0.03273063397477791,0.03517755314321398,0.0006023258293218681,0.007358148766315801,-0.03327826386483449,0.03457296093513875,0.00026029646353275745,0.005075187453813917,-0.025396678891714458,0.021342800806974864,0.05205929270655148,1.0150374907627835,-5.079335778342892,4.268560161394973,0.03011629146609341,0.36790743831579004,-1.6639131932417246,1.7286480467569376,5705.613168741171,702.1654022338087,4678.957644861191,6878.569825300086,0.41869154636421074,0.15643402878580445,0.04455412190975452,0.8672192721580481,5.416988997292046e-05,8.262052963621729e-06,4.116421637871578e-05,7.06180811100917e-05,0.7953612509910696,0.343941208247064,0.33398869439075246,0.1097282825067674,0.578834909719972,0.26712793964864745,0.9067240113097702,0.18749294975221364,0.8971953898691856,0.18496153058967368,0.8253960632583066,0.2506892975026978,0.852799074582766,0.021183757111430168,0.12625567615032196,0.8505027890205383,0.0,35.897605895996094,81.84772491455078,-7.051077365875244,0.1776924729347229,0.0007,257.0,0.0,0.0,0.0,
139320.0,-0.06845435116578032,2.1851507483227897,-11.318963050842285,21.85453224182129,21.85453224182129,8.448366689682025,0.0,-0.0005987612882156607,0.019462842977724756,-0.18672137555233786,0.16906021704107616,-0.0007929003729608958,0.019828888614005186,-0.20668151664875856,0.15620019274672506,-0.00014404667041205063,0.006618709804687323,-0.03893387677763988,0.07022260946533977,-0.028809334082410116,1.3237419609374645,-7.786775355527976,14.044521893067955,-0.0396450186480448,0.9914444307002594,-10.334075832437929,7.810009637336253,6382.096825548683,1402.499346064712,2969.2073711173675,8389.973960858613,0.40170197808226904,0.1538298134961964,0.053033803235136304,0.848076043042313,0.0001712200472550721,0.0002080707712004726,4.870165405893002e-05,0.0006625152753739616,0.8080245404367539,0.33449439946556797,0.31901359370453214,0.11736433342303416,0.8316392208976782,0.2333137519361864,0.8235197301402998,0.20710332632758738,0.9036535006338262,0.20597216237451182,0.8661364215888238,0.23624642593868023,0.8385473230576745,0.030316930264234543,0.11748400330543518,0.9072009325027466,0.0,-74.19922637939453,255.93199157714844,-7.05224609375,0.11089986562728882,0.0007,258.0,0.0,0.0,0.0,
139860.0,0.06639833367436142,1.1954752904539898,-8.913395881652832,7.12145471572876,8.913395881652832,4.087722277641298,0.0,0.0007556147183346992,0.010635366590456673,-0.05743975053931154,0.0667945715537272,0.0006989488210578167,0.01061559538926924,-0.05915543654586788,0.06465842478046131,0.00015725445202126036,0.0033744439721705853,-0.029778121925138196,0.020388929739897876,0.031450890404252065,0.674888794434117,-5.955624385027639,4.077785947979575,0.03494744105289084,0.5307797694634621,-2.957771827293394,3.2329212390230655,5160.25127827868,695.9244964049601,4050.5748411586796,6520.404404693269,0.4303157066616802,0.1601732701046836,0.04100505634046642,0.9060362625706231,0.00029194113901557633,0.00013784911133513954,0.00013168478616869698,0.0006182020927604212,0.7920880854378545,0.3470496643156672,0.33626566754890114,0.11739837820125623,0.7493168157556727,0.2738030112227891,0.9344390263645124,0.18612910861197765,0.9297006014351414,0.19098475277865953,0.7621646215883925,0.23168474918531756,0.903741949596275,0.02142873965203762,0.1297672986984253,0.8945663571357727,0.0,32.52176284790039,35.03810501098633,-7.052948474884033,0.3026387095451355,0.0007,259.0,0.0,0.0,0.0,
140400.0,-0.01026002298436921,1.2172741543563896,-15.054282188415527,4.345297336578369,15.054282188415527,3.57921287298203,0.0,0.0001844166158929858,0.007655667895136573,-0.08698423603745453,0.033131847829742544,0.00015464526847223757,0.007745409622690653,-0.09100213242171859,0.032594817839538034,-8.996143691362124e-05,0.004168432746853342,-0.05252087861492079,0.013577781299399289,-0.01799228738272424,0.8336865493706684,-10.504175722984158,2.715556259879858,0.007732263423611883,0.38727048113453266,-4.55010662108593,1.6297408919769016,6617.402686230519,343.32037604125344,5793.686710739603,7215.416256247899,0.4121917912037664,0.15644741174330803,0.012791003990868698,0.8538168250735586,9.17360502661178e-05,3.209922734786354e-05,4.227463249323964e-05,0.0001521558058666294,0.8040781799746531,0.33754477697080704,0.32569491236772247,0.12041582322320891,0.765827755702132,0.2414950673074714,0.9040662564242165,0.211502874338446,0.8793959876043449,0.19605878939228005,0.8433788212684907,0.23052744573859368,0.817971880454659,0.022533537819981575,0.11442852020263672,0.8735448122024536,0.0,-19.468595504760742,26.491228103637695,-7.053287982940674,0.2036246657371521,0.0007,260.0,0.0,0.0,0.0,
140940.0,0.05992188186291969,1.47565342949097,-16.23133087158203,6.663830757141113,16.23133087158203,5.305813765525826,0.0,0.0005254364805649997,0.006607214921647264,-0.053008683550096386,0.04317043945377072,0.0005034408361938292,0.0066161803802515014,-0.0544653553735759,0.04226457537558781,0.00017374919990720614,0.005760215158727078,-0.0675403155662732,0.024427790932865803,0.034749839981441245,1.1520430317454158,-13.50806311325464,4.885558186573161,0.02517204180969146,0.3308090190125751,-2.723267768678795,2.1132287687793907,7071.309634606521,644.610374194246,6392.585731134088,9206.100204678522,0.42514595928378107,0.16274788565427162,0.056265295540747114,0.8680450090317551,3.48670941024699e-05,7.051274157655837e-06,2.4564384980419807e-05,6.58771199540276e-05,0.789409260059203,0.3499581629193953,0.33666318100049264,0.11593837362117436,0.6615109239262793,0.2687766813204104,0.9207867206111224,0.18687562377956252,0.8590818989419052,0.20352737480232302,0.8680457948313755,0.22488194647652973,0.8459255966285201,0.022358734160661697,0.1347535103559494,0.9252356290817261,0.0,31.50922966003418,87.69710540771484,-7.053102493286133,-0.0014914274215698242,0.0007,261.0,0.0,0.0,0.0,
141480.0,-0.05072381197274404,1.5892173491280408,-10.679096221923828,8.95995807647705,10.679096221923828,5.129693350791932,0.0,-7.273780751487178e-06,0.00931757980994354,-0.05198895721947226,0.052555275525502654,-5.079604722208852e-05,0.00933630992298915,-0.053389128292292136,0.051220803509377834,-0.0002409200523469858,0.005636805469839516,-0.04122673543214192,0.031994588212690404,-0.04818401046939715,1.1273610939679033,-8.245347086428383,6.3989176425380805,-0.002539802361104426,0.4668154961494575,-2.669456414614607,2.5610401754688916,9069.521006469591,345.0377205389005,8082.3682866810905,9822.603390585451,0.43059148276051634,0.16505709139149957,0.019826475613721715,0.8644113103114339,7.225677484859514e-05,2.2581027194648452e-05,5.0060675905137786e-05,0.00011481105314660384,0.7907437612259269,0.34765712519593645,0.33746544439928583,0.11631203848253444,0.7174621920811121,0.25482576431735743,0.9527442816293898,0.1961261518283836,0.8601271722371023,0.19330574978581647,0.7606389146434576,0.23943029558590803,0.9047336738714922,0.02730584517121315,0.12175329029560089,0.8936797976493835,0.0,-44.68503189086914,66.2359390258789,-7.052875518798828,0.26211774349212646,0.0007,262.0,0.0,0.0,0.0,
142020.0,0.009326868783682584,1.2036326894527576,-7.42772912979126,7.239358901977539,7.42772912979126,3.690063486099244,0.0,6.086307076654182e-05,0.007003164204473248,-0.03963187568159234,0.04026017432477543,3.62774909219438e-05,0.007016770633306644,-0.04043860519166226,0.039470849486556464,3.7564964203583846e-05,0.004274141051011088,-0.02702899461042635,0.026329081126142028,0.007512992840716775,0.8548282102022176,-5.405798922085269,5.265816225228406,0.0018138745460971853,0.35083853166533224,-2.021930259583113,1.9735424743278231,8498.922800928658,333.5448488863559,7811.840677443427,9337.179483806643,0.4141954996224079,0.156838118113166,0.06858718550249177,0.817679190826385,7.00277909512201e-05,1.645472227842082e-05,4.786460560779907e-05,0.00010584788914104687,0.7946922855980385,0.3451515151998247,0.3344791264604994,0.10934673543763032,0.5790216967567229,0.26383576677309284,0.873482489513429,0.200645199286519,0.8448304044283405,0.19546175414296887,0.7991423202019277,0.23071054435978902,0.7792201426771973,0.023322829976677895,0.12257188558578491,0.9295517206192017,0.0,2.127647876739502,16.710229873657227,-7.05159854888916,0.19269269704818726,0.0007,263.0,0.0,0.0,0.0,
142560.0,0.013019000270610882,1.5373704766715441,-10.108025550842285,5.355489253997803,10.108025550842285,5.048131227493288,0.0,0.0003936207927121636,0.008747635284328143,-0.049608026173087835,0.03002657906367853,0.000355175490409665,0.00876799332860754,-0.05088077545685709,0.029584606824796026,-2.3698871747615537e-05,0.005509822295314791,-0.0378199315558858,0.01967375163912654,-0.004739774349523101,1.1019644590629583,-7.5639863111771595,3.934750327825308,0.01775877452048325,0.438399666430377,-2.5440387728428546,1.4792303412398013,10347.915297269798,1005.958370042745,8462.650729862136,12008.92098395074,0.4247271041083796,0.16711243486840713,0.030444877299680144,0.8870158341424189,6.959088233885706e-05,1.5596416830841393e-05,4.442523401751975e-05,9.611199900883497e-05,0.7844932755757938,0.35329592069814747,0.342147670083211,0.12161628675990967,0.8740222825004581,0.28943147985024403,0.8914720610699497,0.17439247706796657,0.8475971162745212,0.18141678499163855,0.8947597403844755,0.23314297133024117,0.8638593257686958,0.033757757395505905,0.16009914875030518,1.0565210580825806,0.0,-3.25093674659729,68.19590759277344,-7.049149036407471,0.2346971035003662,0.0007,264.0,0.0,0.0,0.0,
143100.0,0.04357160143511094,1.8340345902269108,-7.941720962524414,6.075479030609131,7.941720962524414,5.424296402931219,0.0,0.0008619029771703869,0.013048862740403361,-0.05035196588189264,0.048677333075540286,0.0007763865829280196,0.01305597476935694,-0.05166385343806804,0.04752968731695397,2.376134290353455e-05,0.005941926997506526,-0.026792642558970636,0.02003056692022217,0.004752268580706915,1.1883853995013052,-5.358528511794127,4.006113384044434,0.03881932914640097,0.6527987384678471,-2.583192671903402,2.3764843658476984,14711.832834598865,2208.4021195437317,10710.356307250699,18113.023643707642,0.42368832129901435,0.15787523502030765,0.016424759125345703,0.8107185094086653,0.00012986362825256323,4.5403661619352484e-05,6.497628914049972e-05,0.00019241792076319742,0.7953950230489829,0.345298041456837,0.33177551284387397,0.12023075450111557,0.8075963685949347,0.23193871389198045,0.8448871313955609,0.2081553367686723,0.8789207801800155,0.1873869357971806,0.8367824858491099,0.2522882590410511,0.8794596190224522,0.03904835134744644,0.13297516107559204,1.0318485498428345,0.0,25.775732040405273,102.16248321533203,-7.051332950592041,0.16265368461608887,0.0007,265.0,0.0,0.0,0.0,
143640.0,0.08107652189156161,1.6896407355888305,-6.302454948425293,8.270596504211426,8.270596504211426,5.150349001884462,0.0,0.0015207094623544456,0.013997152390438045,-0.042762419961599955,0.07781688970699163,0.001422158963562723,0.013948132667906352,-0.043703663335804284,0.07493759693353093,4.9842874450640026e-05,0.004988147072727046,-0.020731477955899195,0.0226185854085501,0.009968574890128002,0.9976294145454092,-4.146295591179839,4.52371708171002,0.07110794817813616,0.6974066333953177,-2.1851831667902144,3.7468798466765465,28969.63044385789,6296.706520565181,15952.944412963254,38834.53818594673,0.4403453549253836,0.15698589983625502,0.0788812323826587,0.8320372507661985,0.00019607137615470837,4.757631598999322e-05,0.00014390711784670424,0.0002909878571699639,0.7921339190355049,0.34724596579877476,0.33472262974215866,0.16438748112819368,0.8218994632794929,0.19520882599434783,0.9407727431837893,0.20553269848757402,0.8521558881661377,0.18562206549512075,0.8407132950018359,0.24924892889476372,0.9176141088022318,0.04140343517065048,0.11145548522472382,1.1105400323867798,0.0,51.98160934448242,213.1508331298828,-7.051914215087891,0.040266215801239014,0.0007,266.0,0.0,0.0,0.0,
144180.0,0.01638428548100853,1.6860067038194477,-10.994558334350586,5.947699069976807,10.994558334350586,5.766192917823792,0.0,0.0005883337959030157,0.012529417528135281,-0.06723767758849458,0.05181043698616505,0.0005095088918527534,0.01255297858075324,-0.06960485612760108,0.050512905099882204,-4.545578505378336e-05,0.005316609691181006,-0.037571575776436536,0.018227296848632675,-0.00909115701075667,1.0633219382362011,-7.514315155287307,3.645459369726535,0.02547544459263767,0.627648929037662,-3.480242806380054,2.52564525499411,41168.912460665175,4251.400551544989,32408.52199081497,48997.789449367076,0.4294858877051251,0.1558418708083335,0.08851006238336183,0.8273068012886502,0.00014603969786702102,4.137120575142799e-05,9.86605680991308e-05,0.00024071726713549715,0.8028753763362444,0.3376866808669666,0.3254923363195702,0.22787019701502212,0.8071529510019763,0.14804926014351688,0.8337312747170722,0.22597297048275022,0.868193001351986,0.20846144658652255,0.8340390586212962,0.18964612577218826,0.8716201072905196,0.03742484375834465,0.09975630044937134,1.1433385610580444,0.0,29.279987335205078,65.07872009277344,-7.053147792816162,0.1848708987236023,0.0007,267.0,0.0,0.0,0.0,
144720.0,-0.04733349313152117,1.989401528382875,-10.19997787475586,9.01823902130127,10.19997787475586,6.599314322471619,0.0,-0.0003263555308360252,0.018467384122361617,-0.09504609486086399,0.08152047542882114,-0.0004983367067482914,0.018581206089582105,-0.09987127012728414,0.07836789866710098,-0.00011208328373170601,0.0053492420275547065,-0.03251734410975654,0.025499218586503187,-0.022416656746341194,1.0698484055109412,-6.503468821951309,5.0998437173006375,-0.02491683533741457,0.9290603044791054,-4.993563506364207,3.918394933355049,44253.09601959643,9536.182599041827,30794.710224982602,62890.14180399427,0.4425162485426669,0.1634002673795034,0.06263094488852794,0.8763458381140774,0.00031046269497582343,0.0001018167036674685,0.00017531484422320505,0.0004864763547258258,0.7856403028867522,0.3533509068727648,0.3410992654601376,0.2524776211503808,0.9126718565501116,0.1457759942295437,0.8608605808008598,0.20985267642244448,0.9119612769877959,0.19262080531353815,0.7880005718056923,0.19927290288409283,0.8207909941840179,0.03445396572351456,0.11125591397285461,1.1633416414260864,0.0,-28.21796417236328,139.203125,-7.05194616317749,0.0704222321510315,0.0007,268.0,0.0,0.0,0.0,
145260.0,0.002799138846738195,1.454270041410778,-6.66643762588501,9.478055953979492,9.478055953979492,5.395118112564089,0.0,-0.00018408758865431996,0.01219836704463515,-0.06476319424817135,0.07566593528135489,-0.00025856328627220295,0.012205633063836744,-0.0669555135766483,0.07293994446472057,7.863651301617695e-05,0.004247155029942814,-0.017023078990490194,0.029155292353011213,0.01572730260323538,0.8494310059885628,-3.404615798098039,5.831058470602243,-0.012928164313610149,0.6102816531918371,-3.3477756788324156,3.6469972232360286,29728.872659018885,2393.019264797047,24889.869481635298,36690.95536340633,0.4371043121457298,0.16244204518010455,0.053838004386232256,0.8492853954834059,0.00020739974546390408,5.9243958616354714e-05,0.00012164047878526094,0.00030721793867676233,0.7866735513904035,0.3506700893001733,0.34079772910685185,0.24906632084851438,0.9231236131770234,0.1658719252573698,0.826302986253,0.18650638610205253,0.8489358696679883,0.2087049226320657,0.948645196852662,0.18985044515999766,0.8085815243351769,0.049975015223026276,0.12687206268310547,1.1350922584533691,0.0,23.531463623046875,47.34697341918945,-7.050173282623291,0.25662481784820557,0.0007,269.0,0.0,0.0,0.0,
145800.0,-0.0114492602818818,1.5802842084460245,-18.713163375854492,4.387984275817871,18.713163375854492,3.93438189983368,0.0,0.00030155861031020987,0.009784923692473892,-0.0956426352661495,0.03068008867356434,0.00025300054969734436,0.009885721294630482,-0.10053068173526379,0.030218864618032925,-0.00012049643015053335,0.005449650448408095,-0.06843314339788743,0.014385206200814408,-0.024099286030106647,1.089930089681619,-13.686628679577487,2.8770412401628818,0.01265002748486722,0.49428606473152403,-5.026534086763189,1.5109432309016462,37043.12399684966,3346.8267991401053,30695.340069521102,43630.509308585766,0.42287518542105473,0.15979379604342508,0.0634641573432638,0.889149692327563,9.839200118213328e-05,1.5240569678312114e-05,7.078918801915048e-05,0.00013604516709622176,0.7944535570631126,0.34461399101259566,0.3344059234786285,0.27610877950742446,0.9305699537872052,0.1694478778453067,0.8830318199291539,0.19255397725271306,0.7711649228460676,0.18396236992724233,0.922606279006099,0.17792699546731347,0.8180383119336592,0.03794097155332565,0.11807698011398315,1.14402437210083,0.0,9.658191680908203,87.78279876708984,-7.050151824951172,0.06632506847381592,0.0007,270.0,0.0,0.0,0.0,
146340.0,0.01712499906188222,1.5178646437466417,-17.51938247680664,10.250411033630371,17.51938247680664,4.910790891647341,0.0,0.00016066566692451108,0.010835270984471583,-0.12637269729438633,0.06876943954847028,0.00010066568644731978,0.011017597830340483,-0.13510142138277909,0.0665079301546144,6.0458582639995715e-05,0.004852390896827197,-0.053821553053481394,0.03462507318519553,0.012091716527999138,0.9704781793654396,-10.76431061069628,6.925014637039107,0.005033284322365993,0.5508798915170241,-6.755071069138954,3.3253965077307197,34592.17888840866,2964.7252078620068,29015.834547953986,40597.35819891769,0.430396315714434,0.16263964684981577,0.03689775299151689,0.8687721487698055,0.00013132814045363825,3.594352708287677e-05,7.368181915812785e-05,0.00022021641771661845,0.7946116071022133,0.34498986083920674,0.3323727934826376,0.2611926102153984,0.861155284135761,0.14276561398855842,0.7104131869994814,0.21260025642848518,0.9073893614346256,0.2176673945162551,0.903024671094099,0.16577412485130283,0.7928862150314976,0.030086001381278038,0.12958601117134094,1.1560505628585815,0.0,39.08024215698242,81.61882019042969,-7.053839206695557,0.09388715028762817,0.0007,271.0,0.0,0.0,0.0,
146880.0,-0.024907793965094578,1.7005128920893884,-17.128616333007812,6.645783424377441,17.128616333007812,5.167450227737431,0.0,5.168677123072282e-05,0.011047187064222733,-0.11733806456867416,0.04191160558574915,-1.040636429579368e-05,0.011195380493807765,-0.12481301076859824,0.041057108241177184,-0.00012193736345112562,0.005730647062320377,-0.054439828658107245,0.022964639310618335,-0.024387472690225134,1.1461294124640755,-10.887965731621449,4.592927862123667,-0.000520318214789676,0.5597690246903884,-6.240650538429912,2.052855412058859,42118.74505042419,2952.7835402619485,35440.77173620496,48332.10844360523,0.4281549768768754,0.16762158847298797,0.05809623153776818,0.858222819054669,9.578069862522017e-05,2.8733314467209214e-05,6.401311811184595e-05,0.00016824111163430292,0.7759461157522434,0.36226021529657776,0.3488586189397785,0.3082469659478768,0.9216651565837486,0.11288240430098016,0.6580016030309085,0.2040714764144759,0.8988122322692158,0.2190301269421909,0.9057303680611752,0.15576902639447626,0.825941487341448,0.01930123195052147,0.14793655276298523,1.1518025398254395,0.0,-6.778399467468262,65.91032409667969,-7.053701877593994,0.09577465057373047,0.0007,272.0,0.0,0.0,0.0,
147420.0,-0.03595048592736324,1.402817911434964,-6.142871856689453,7.581859111785889,7.581859111785889,4.604597215652466,0.0,-0.0004740735582709683,0.008952678193114069,-0.042398563633428504,0.04364008444085096,-0.0005143347770057377,0.008963182241782148,-0.04332362477440724,0.04271468331747493,-5.11687270659361e-05,0.0047931122201210225,-0.019883452743813878,0.02723062580529604,-0.010233745413187218,0.9586224440242046,-3.9766905487627757,5.446125161059208,-0.025716738850286882,0.44815911208910747,-2.166181238720362,2.1357341658737465,34062.43734115471,2970.304953229924,25804.376305998932,38444.96538713624,0.42393021570947476,0.1582719449679311,0.05118453646630963,0.8627405800425735,9.34162606430209e-05,2.7941786279826393e-05,5.851649376812421e-05,0.00015117061377078087,0.7926320617556694,0.3458080755599505,0.33629168923030406,0.3056375773960154,0.8703172110595497,0.13135128184224978,0.7748445868482167,0.1994255435598446,0.8348853661665097,0.19818958667865735,0.8906084840782458,0.16539601052323283,0.8817475590245721,0.022006763145327568,0.13881659507751465,1.0729879140853882,0.0,-10.272513389587402,27.06426429748535,-7.058579921722412,0.39737480878829956,0.0007,273.0,0.0,0.0,0.0,
147960.0,0.025533198154718977,1.4730767862040728,-9.137341499328613,7.511104583740234,9.137341499328613,4.810436654090886,0.0,0.0001419489968791463,0.009791337436209774,-0.059785644421836606,0.05011781725574462,9.38871761945387e-05,0.009810449300787253,-0.06164739186565572,0.0489023647849405,0.00010419419753583727,0.004917758262528692,-0.030274858889839534,0.025329931486022122,0.020838839507167473,0.9835516525057384,-6.054971777967907,5.065986297204424,0.004694358809726931,0.4905224650393627,-3.082369593282786,2.4451182392470248,29982.546659110838,1442.2487140055841,26922.737740844776,32959.378355824956,0.4244908872661592,0.16374925925341632,0.10557487346585413,0.9140298092979136,0.00010127922959730513,1.1796074649112365e-05,7.87818432336646e-05,0.00012658618881777257,0.7851926207289996,0.3520740147599244,0.34172407886075107,0.28309640392165797,0.9516928246082715,0.17297849009123398,0.9013477957085604,0.17373433293606763,0.8779638087691778,0.20103703105040055,0.8596971699779827,0.16915374200063985,0.6720532695149193,0.036200203001499176,0.12495338916778564,1.0728826522827148,0.0,17.5430908203125,44.6328125,-7.0584940910339355,0.1474379301071167,0.0007,274.0,0.0,0.0,0.0,
148500.0,-0.02587480066318272,1.1361376979792674,-6.146714687347412,4.667272567749023,6.146714687347412,3.406484293937683,0.0,-3.217547828635427e-05,0.006235781251831968,-0.032137394572808516,0.02781820373317357,-5.163943266569199e-05,0.006240802749642806,-0.032665138321661846,0.02743830677658476,-0.00011646414750556786,0.0041286776022829855,-0.022567289104096038,0.016476786419668037,-0.023292829501113572,0.8257355204565971,-4.513457820819208,3.2953572839336074,-0.0025819716332845973,0.3120401374821403,-1.6332569160830923,1.371915338829238,32024.14428565894,1750.1723287261207,28723.12049432336,35430.386185891366,0.42596870890982863,0.16389917693624534,0.03809853647182946,0.8264123155097631,6.036746512380168e-05,1.5721937733893734e-05,4.061751383950477e-05,0.00010162614119970486,0.7952734851068831,0.344241659055178,0.3313838142690103,0.2788379890805721,0.8861500344411634,0.16660404527651762,0.8072098870722973,0.19339479472098978,0.738162939814279,0.20827338949697916,0.9042533876935551,0.1528897814249413,0.8422505445447859,0.032725051045417786,0.14397867023944855,1.0401171445846558,0.0,-7.506583213806152,51.277442932128906,-7.056818962097168,0.07144391536712646,0.0007,275.0,0.0,0.0,0.0,
149040.0,-0.015930916368961334,1.7066676796051912,-7.979684829711914,11.245047569274902,11.245047569274902,5.520940132141116,0.0,-0.000520291361133951,0.01092110281023835,-0.05362820662206158,0.050540226613149226,-0.0005803340942156806,0.01095615302775278,-0.05511977088516919,0.04930453339522986,6.54289386198226e-05,0.005861032899583375,-0.026118480976221777,0.043899102179214514,0.013085787723964534,1.172206579916675,-5.223696195244355,8.779820435842902,-0.02901670471078402,0.547807651387639,-2.7559885442584595,2.465226669761493,23803.80655696118,3374.939756296312,19265.257566851913,30130.70855154401,0.41674216365635974,0.1629186996783443,0.06667821280325198,0.8694848314599708,9.689385501820647e-05,3.688888544925783e-05,4.2328010391324735e-05,0.00014808704914912358,0.7993052195496939,0.34243124086756527,0.32866262397142804,0.25493732113945067,0.8225713862396941,0.18698436170688812,0.9492412261110915,0.18340222789468283,0.7807951007546375,0.22025900483859362,0.8534081182927207,0.15441708442038476,0.7505066122106339,0.04153883457183838,0.1254071444272995,1.001173973083496,0.0,-12.615058898925781,60.812599182128906,-7.057863712310791,0.21494269371032715,0.0007,276.0,0.0,0.0,0.0,
149580.0,0.02184451795355589,1.6562693103953285,-7.700002193450928,10.159900665283203,10.159900665283203,5.183607378005983,0.0,-0.00010486289720223515,0.012587551440127461,-0.07565255541743635,0.05999011381433417,-0.00018431820561141404,0.012614937743903744,-0.07866725574360967,0.058259581490232075,0.00015530213295984345,0.005169245641320753,-0.01883319776517289,0.03623460782276583,0.0310604265919687,1.0338491282641504,-3.7666395530345778,7.2469215645531655,-0.009215910280570708,0.6307468871951871,-3.9333627871804833,2.9129790745116035,16431.66655868186,1755.8538346261498,13170.424735395878,20994.65723467097,0.43490751150406787,0.16480664462604308,0.06928643073168625,0.8223297467171704,0.00015084620299324661,3.336337123881873e-05,9.475658967655955e-05,0.00021513403010781773,0.7924211277688326,0.3478060935895107,0.3356713494286637,0.167194206212076,0.8031824568672241,0.2498847724329247,0.90558013507209,0.19346489603775532,0.8054762575675213,0.19169044949220962,0.8232426754327695,0.19776567582503432,0.8365527515325086,0.050040267407894135,0.11819668114185333,1.1158971786499023,0.0,30.575353622436523,98.0082778930664,-7.057348728179932,0.0028499364852905273,0.0007,277.0,0.0,0.0,0.0,
150120.0,-0.034216659346647145,1.3672256519687058,-7.052734375,6.551514625549316,7.052734375,5.17208561897278,0.0,-3.1912721805917854e-05,0.008850580208108626,-0.041176964674437135,0.051340186152737194,-7.105108607113958e-05,0.008846000535909837,-0.042048751548259884,0.05006571806906213,-0.00015332053014578163,0.004633640340812123,-0.02475148371738324,0.020241142431112344,-0.030664106029156337,0.9267280681624247,-4.950296743476648,4.0482284862224684,-0.0035525543035569702,0.4423000267954918,-2.1024375774129944,2.5032859034531065,20028.335122729193,1030.832619161006,17640.37272394753,22459.167285452837,0.4273823768351589,0.164937842680933,0.024884239565850362,0.8319180852651262,9.401187109527148e-05,1.6488513708928076e-05,7.258899698616207e-05,0.00013476985719756558,0.79356457262097,0.34688238714598535,0.3337209045047296,0.21737465321831514,0.8218950698470872,0.24926959750061775,0.9265678849609005,0.181185366475618,0.7677561217438579,0.19044920108845903,0.7777839204943683,0.16172118171699004,0.8384537779562325,0.04268665984272957,0.10681451857089996,1.032015085220337,0.0,-28.46944808959961,43.31880187988281,-7.056822776794434,0.26134824752807617,0.0007,278.0,0.0,0.0,0.0,
150660.0,0.010055851917800115,1.169515283111972,-9.926368713378906,4.493232727050781,9.926368713378906,4.055160396099092,0.0,7.377715394370168e-05,0.006660545650935174,-0.05336074806806971,0.026068916258879842,5.147717657208812e-05,0.006687149548998839,-0.054837196141155724,0.025734914335747712,3.740996500970354e-05,0.004183322627427731,-0.03592254383417774,0.01603243596254407,0.007481993001940705,0.8366645254855462,-7.184508766835548,3.206487192508814,0.002573858828604411,0.33435747744994193,-2.741859807057786,1.2867457167873857,19141.600648671698,527.531739654384,17787.40731107286,20808.557905114503,0.43106265494354534,0.16021216782576006,0.07061327376990251,0.891667610390611,6.184856746069106e-05,1.5692394100860464e-05,3.137128167802821e-05,8.4262898813342e-05,0.7989570696659335,0.3430264976413614,0.3278155558872487,0.19266353691994823,0.8219850130445603,0.23282699660077558,0.8900100315557508,0.18826915374572953,0.9227744442537612,0.19021723020091535,0.8204389047563557,0.19602308253263134,0.8397548745914465,0.04134514555335045,0.09236834943294525,1.0483002662658691,0.0,-14.38530445098877,15.649771690368652,-7.057088851928711,0.40095144510269165,0.0007,279.0,0.0,0.0,0.0,
151200.0,0.02740345893824404,1.7253781445893868,-17.284435272216797,13.531455993652344,17.284435272216797,7.022549586296087,0.0,0.0003359426648671482,0.009901713141303644,-0.07303099520044101,0.08680258576960123,0.00028707715217054873,0.009872951016787241,-0.07583515000595914,0.08323997781787043,6.524800076428102e-05,0.006227169407929565,-0.06746338785967569,0.04684728699294401,0.01304960015285622,1.2454338815859132,-13.492677571935138,9.369457398588802,0.014353857608527431,0.49364755083936207,-3.791757500297957,4.161998890893521,20932.884795972608,1138.2737093003195,17702.339041444728,23205.91347446709,0.4153404343927219,0.15585510772056946,0.06948426781968578,0.8670252242634915,8.221920139353586e-05,4.090687392710068e-05,2.7571858368987184e-05,0.00015097746212131127,0.8146862914443175,0.3293067301387209,0.3166837158991829,0.1700050664317882,0.6970857663386988,0.2393137954840692,0.9333994267269276,0.18358248115827636,0.8895978273818703,0.18982316821818881,0.7251433964553489,0.21727548870767752,0.868330704751779,0.04054189845919609,0.112860769033432,1.0568255186080933,0.0,1.9374936819076538,67.17742919921875,-7.058803558349609,0.20975130796432495,0.0007,280.0,0.0,0.0,0.0,
151740.0,0.03702437053833381,1.0571283614391243,-4.006021022796631,8.754786491394043,8.754786491394043,3.8782819104194646,0.0,0.000270959993954831,0.005123273179568026,-0.021109018215840575,0.04257163905427293,0.0002578875775907317,0.005098236401623453,-0.021334999358925927,0.041690390847098496,0.0001206499529325714,0.004032220218808158,-0.014745790798632112,0.03521578019165298,0.02412999058651427,0.8064440437616316,-2.9491581597264225,7.043156038330596,0.012894378879536586,0.25491182008117264,-1.0667499679462964,2.0845195423549248,22083.487934870696,1758.4684417649405,19970.707551468084,26063.747506622076,0.4324213001660378,0.15109882416484635,0.07475894278303952,0.8314592798384731,4.1020168712835e-05,1.2736850171099083e-05,2.5298137505701115e-05,7.387209432186324e-05,0.7891543312816675,0.3505388270929187,0.3394625176819658,0.15178425738908569,0.8207395242837645,0.25837184680215,0.9388922877627865,0.1852140554911579,0.7436920068377452,0.17354045447566585,0.8654009464656555,0.23108938584194066,0.8728341791901756,0.04108261689543724,0.1399695724248886,0.985916793346405,0.0,33.85677719116211,95.02372741699219,-7.0598368644714355,0.018458068370819092,0.0007,281.0,0.0,0.0,0.0,
152280.0,-0.028561096636285248,1.3024240197234742,-7.991683483123779,5.348146915435791,7.991683483123779,5.026508474349976,0.0,0.00017888496831857084,0.005952324125365696,-0.03306087515946075,0.029595948587570503,0.00016115039732833344,0.005953876250368553,-0.03361973810553952,0.029166442353780877,-0.00018309309002969255,0.005029782896518547,-0.0315534823474381,0.019449123176871634,-0.03661861800593851,1.0059565793037095,-6.31069646948762,3.889824635374327,0.008057519866416675,0.2976938125184276,-1.680986905276976,1.4583221176890437,27995.415863594386,1009.9167803084313,25324.870977665953,30189.337593691856,0.4310137613591266,0.16068291198515325,0.04296896643266792,0.8837503309622148,3.5928631081217746e-05,2.6869869975601387e-06,3.123153899839759e-05,4.4542764827013545e-05,0.7996463019598324,0.3419311152645865,0.32665226179297624,0.21640888371320363,0.9072649440215336,0.20874628351194688,0.9246054162953395,0.1807549539623079,0.8219858632368132,0.19375084424494232,0.8116139279258805,0.20033903456759927,0.882884370165931,0.04567078500986099,0.10020549595355988,1.0621910095214844,0.0,-14.166773796081543,17.736364364624023,-7.0587029457092285,0.44878530502319336,0.0007,282.0,0.0,0.0,0.0,
152820.0,0.02630198341578728,1.4132643850178443,-10.410213470458984,8.725425720214844,10.410213470458984,6.262728505134584,0.0,0.0002760697648174839,0.007840504903170661,-0.06777329149974193,0.04820071600030239,0.000245175170740497,0.007865238127710564,-0.07017924441310364,0.047075090461732916,7.021612228690412e-05,0.005122735263402944,-0.03450625686942687,0.03185835457317647,0.014043224457380835,1.0245470526805887,-6.901251373885374,6.371670914635294,0.01225875853702485,0.3932619063855282,-3.5089622206551816,2.353754523086646,29175.461375749863,2115.8107769339204,23499.78256564254,33211.733921527404,0.42175572698191927,0.16244382572335422,0.050496146329219324,0.8515962031130212,5.806595645980315e-05,1.6529690281631307e-05,3.0280597471578412e-05,8.55308864899845e-05,0.7995854557224753,0.34210752122378496,0.32948321706247496,0.23137904202632356,0.8228216070850503,0.21086108330681191,0.8816252616110285,0.1821959028872129,0.8049149972296484,0.18949471708769333,0.9198060201950767,0.18606925469195829,0.8275371508941723,0.04689140245318413,0.11425301432609558,1.1258059740066528,0.0,35.626346588134766,62.346988677978516,-7.0584588050842285,0.23464971780776978,0.0007,283.0,0.0,0.0,0.0,
153360.0,-0.022444980103022386,1.1508881409179643,-12.990066528320312,4.0238823890686035,12.990066528320312,3.6718763184547427,0.0,-0.00011374693749093728,0.005104590644601455,-0.05485594559651283,0.021621586433761993,-0.00012690292485937103,0.0051400966527613235,-0.05641792458375655,0.021391155538173945,-8.049917944506046e-05,0.004479066351936144,-0.050845853488951875,0.0147716230240478,-0.016099835889012096,0.8958132703872288,-10.169170697790374,2.95432460480956,-0.006345146242968551,0.25700483263806617,-2.8208962291878277,1.0695577769086972,29688.941926289357,664.9765559055784,28212.41691094864,31788.717920469593,0.4367904966179264,0.1616141675467761,0.0457775012628158,0.8895451443416863,3.41908073112917e-05,1.0228876991981805e-05,1.9430142443058368e-05,5.657503022947264e-05,0.7908375976595051,0.35009071379401685,0.33902139493278977,0.26440683832727735,0.9447369875718014,0.1864190668882963,0.8558447271376368,0.1809875899971327,0.8456861928304837,0.18959122409529938,0.8830633554272365,0.17859528069199423,0.7611336337400749,0.0446811281144619,0.11645714938640594,1.0944225788116455,0.0,-2.5576889514923096,9.586318016052246,-7.05890417098999,0.23256206512451172,0.0007,284.0,0.0,0.0,0.0,
153900.0,0.0015704195577806483,1.3672004107869988,-8.763603210449219,8.067426681518555,8.763603210449219,5.161031589508057,0.0,3.398201042020511e-05,0.006102607516512903,-0.04595998091789483,0.039939289509314586,1.5322725313828783e-05,0.006112252734572948,-0.04704965969029293,0.03916233597755424,4.021414979447013e-06,0.005317281052189012,-0.03258559439714665,0.030546551166139756,0.000804282995889411,1.0634562104378025,-6.51711887942933,6.109310233227951,0.0007661362656914384,0.3056126367286474,-2.3524829845146464,1.958116798877712,28711.577340530584,1666.6048866793612,25334.284762183936,31381.22866277638,0.4266690765277027,0.1671935316486938,0.056218336492720816,0.8631704244760677,3.3446050139349146e-05,5.471643454788504e-06,1.8609038847459948e-05,4.62655443698739e-05,0.7983755791614287,0.3426774392869348,0.3289091621434789,0.21156078025589203,0.8579443278912937,0.19367196668783035,0.8232438072971361,0.20764975388069581,0.8757491301400494,0.19150649211032678,0.9172775114131053,0.195611007065255,0.8982408572847893,0.04695529118180275,0.10577405989170074,1.09782874584198,0.0,21.140827178955078,59.30496597290039,-7.060367107391357,0.266681969165802,0.0007,285.0,0.0,0.0,0.0,
154440.0,-0.02686659528645342,1.2154922283625453,-7.084319591522217,12.967378616333008,12.967378616333008,5.15749101638795,0.0,-0.00021326829854339296,0.004238411504186029,-0.028414044619351014,0.038510812281019574,-0.00022227471533028262,0.004238667971633136,-0.028825537104078966,0.03778777572038936,-7.876430131241819e-05,0.005029113757884661,-0.02918584858258222,0.0553899470878611,-0.015752860262483626,1.0058227515769322,-5.837169716516444,11.07798941757222,-0.011113735766514133,0.2119333985816568,-1.4412768552039483,1.889388786019468,28004.979242081485,1163.4355431027502,25665.16714972515,29960.05733023218,0.435952587064184,0.162756071450645,0.03724389499968452,0.8838795339755415,2.0125925607566845e-05,4.590086663479818e-06,1.152566531273274e-05,2.9378897880865126e-05,0.7993261746770498,0.34196382559141153,0.3299093464469883,0.1957257618086025,0.8355095257253573,0.19269117705069227,0.889057702089785,0.20048210819564494,0.8224395222050205,0.21868426307113065,0.8497140188003904,0.19241668987392965,0.7315402117997553,0.03803453966975212,0.08449727296829224,1.0305736064910889,0.0,-15.025544166564941,26.809675216674805,-7.0619797706604,0.3455854058265686,0.0007,286.0,0.0,0.0,0.0,
154980.0,0.017715404687138895,1.0569481843743989,-6.89314079284668,7.2144293785095215,7.2144293785095215,3.5120755004882835,0.0,2.7943522982986192e-05,0.003427795977552979,-0.019824618207036362,0.022772624134991086,2.2071055570707845e-05,0.0034266404481150714,-0.020023762315903103,0.02251719846756824,8.305926644256774e-05,0.00443057246584242,-0.029459764271071005,0.030442847282564852,0.01661185328851355,0.886114493168484,-5.8919528542142015,6.08856945651297,0.0011035527785353916,0.17133202240575357,-1.0011881157951552,1.125859923378412,26586.26203968354,406.7374078744611,25306.63505876351,27863.59214673854,0.43350171580636704,0.15841532317246848,0.04194925123265916,0.8954458528407245,1.5919976705741788e-05,2.622664383488153e-06,1.197968960944698e-05,2.355090845771569e-05,0.7927801981925978,0.3479841435937435,0.33576396152325166,0.17908914744796237,0.7985431989721229,0.24798377676698605,0.9085331234835788,0.1819611218468822,0.9196030569050855,0.18889884432002063,0.8689832968872162,0.20206710961814875,0.9279305329061638,0.041049979627132416,0.09735466539859772,1.0280673503875732,0.0,-7.279211044311523,15.409153938293457,-7.059756755828857,0.258170485496521,0.0007,287.0,0.0,0.0,0.0,
155520.0,0.029184440746138098,1.4236770523588416,-8.028265953063965,5.572996139526367,8.028265953063965,5.204649839401248,0.0,0.0003613075296488969,0.00548396789537944,-0.023428460360859507,0.025655437937806943,0.0003462175820543089,0.0054816781393662835,-0.023707270069678148,0.025331859874923368,5.9367807716692077e-05,0.005766841702241204,-0.034708549054898334,0.02178857740217205,0.011873561543338407,1.1533683404482409,-6.941709810979667,4.357715480434409,0.01731087910271545,0.27408390696831414,-1.1853635034839074,1.2665929937461684,30538.7713215271,1642.9907522220806,26282.487879700275,33114.384464263945,0.4183619779621297,0.15558594358139372,0.04804026242170649,0.7902890343784114,2.416083766734971e-05,6.866157445931954e-06,1.1343106468361257e-05,3.704864633862615e-05,0.8009848874191128,0.34042444087691925,0.3273587482053675,0.2256795920221937,0.8333988296583072,0.23671470383573467,0.8994794084607141,0.16459702583822147,0.852709240645864,0.18564834998253987,0.8321339747969629,0.18736032832131028,0.806636614631464,0.03809584677219391,0.10908067226409912,0.9365555047988892,0.0,-1.6971447467803955,43.54513931274414,-7.060854434967041,0.1714053750038147,0.0007,288.0,0.0,0.0,0.0,
156060.0,0.019791856184824777,1.4017952599776151,-8.447684288024902,5.128410339355469,8.447684288024902,4.418731493949894,0.0,0.0003390759796472118,0.006101137464777503,-0.034707865066119004,0.023080687517187778,0.00032038998997308005,0.006106343817161708,-0.0353244929553524,0.022818357287480176,1.8861790160269976e-05,0.00548955154738914,-0.03437079550855821,0.019937462614354435,0.0037723580320540044,1.0979103094778278,-6.874159101711642,3.987492522870887,0.016019499498654007,0.3053171908580854,-1.76622464776762,1.1409178643740088,35276.66134295665,1553.4173789710755,32009.373684532828,39270.87422691427,0.41954042369568123,0.1577582377152658,0.06672796787557674,0.8439040284690685,3.2584143439246434e-05,5.258523113865994e-06,2.458050810415432e-05,4.26420456528702e-05,0.8084516557100351,0.3347158207179963,0.3206604948204571,0.2523800779432799,0.8247193788733862,0.21534524591824364,0.8565614730233619,0.17183112484206448,0.7969065731102714,0.19534087215261145,0.7962538724198622,0.16510267914380053,0.7719273107909657,0.03846936672925949,0.12326866388320923,0.9513118267059326,0.0,6.765725135803223,19.406322479248047,-7.058698654174805,0.3488374352455139,0.0007,289.0,0.0,0.0,0.0,
156600.0,0.05906752536582105,1.2080172492113472,-7.377262592315674,6.459951877593994,7.377262592315674,4.175155639648439,0.0,0.0004747952683399588,0.0052491226229230276,-0.03332426882377523,0.029750539881662118,0.0004609172818939809,0.005247225653767611,-0.03389217464079267,0.029316578618122594,0.00018010829668934513,0.00473492875387585,-0.028413270369949402,0.024970615845672808,0.03602165933786901,0.94698575077517,-5.68265407398988,4.994123169134562,0.023045864094699053,0.26236128268838055,-1.6946087320396337,1.4658289309061296,39746.76058258387,3287.04533121105,34884.86355538354,49281.87049059298,0.42826588606165217,0.1550031529109012,0.07142624123127193,0.8325148121943768,3.0685893340476485e-05,5.032557887493844e-06,2.3572706401527758e-05,4.1307786368085776e-05,0.795052184401282,0.3452216146976843,0.3355612075445109,0.28318592437440165,0.9506878244192034,0.2167524833097313,0.8873207289790841,0.1602843055613276,0.7958189074557779,0.18515194590272602,0.8122748875070086,0.15462534085181345,0.8135288121396725,0.032593343406915665,0.13786940276622772,0.908890426158905,0.0,47.32686996459961,94.33748626708984,-7.057226657867432,-0.052915215492248535,0.0007,290.0,0.0,0.0,0.0,
157140.0,-0.060593517369987374,1.9801484355076757,-29.613924026489258,6.023094654083252,29.613924026489258,5.165471744537357,0.0,0.0003525793700293681,0.009577086660836684,-0.07349862943498493,0.04335680420293955,0.00030641002018716315,0.009618180597414164,-0.07633975396476216,0.04244321167207614,-0.00037957010599152336,0.007700816816497393,-0.12898468560816478,0.019504670446919527,-0.07591402119830466,1.5401633632994784,-25.796937121632958,3.9009340893839055,0.015320501009358148,0.4809090298707081,-3.816987698238108,2.122160583603807,58891.42510709176,4051.3695058829826,48462.22232425176,65262.30748725875,0.43502535287121485,0.16434189549906025,0.052851095682765525,0.8707070920671489,7.433967665407258e-05,1.775095709207002e-05,3.218762155276462e-05,0.00010351025868657187,0.7859915690049613,0.3543311895235476,0.3395188579363464,0.3009411790383572,0.9236620565454721,0.18226580918264845,0.8083567706582131,0.17765268155661101,0.8338686398923988,0.1938402028200007,0.8376175139314487,0.14530012740238266,0.7317117506633474,0.028177257627248764,0.1522107869386673,0.9348458647727966,0.0,-20.44141387939453,32.83540344238281,-7.057065010070801,0.2310536503791809,0.0007,291.0,0.0,0.0,0.0,
157680.0,0.020873393101565954,1.166243632771086,-7.111820697784424,5.4126410484313965,7.111820697784424,4.623276553153994,0.0,0.0001959754788017584,0.0064846431916828215,-0.039612441151764724,0.029119612147790658,0.0001749115967270592,0.006489957120900014,-0.04041836885447622,0.02870369125074859,6.063906902646668e-05,0.004219492384618589,-0.025454511488620723,0.02040324291896651,0.012127813805293335,0.8438984769237178,-5.090902297724145,4.080648583793302,0.008745579836352964,0.32449785604500075,-2.020918442723811,1.4351845625374293,60843.942444055334,2350.1212549080005,55126.57587260393,66188.15115581249,0.43210406895964454,0.1672583638410044,0.06640948573280761,0.8700372076929237,5.823350348842329e-05,1.5297822916463362e-05,3.486590090783157e-05,8.879261355812016e-05,0.7814316195003532,0.3566125754670715,0.3449918011993392,0.2925572033530002,0.925819587220099,0.18544795453795737,0.9525642490409433,0.19103176888028417,0.8461260327024269,0.19279607942740637,0.7990953645594564,0.13816699380135197,0.7694039076936805,0.02856532856822014,0.15709777176380157,0.9462669491767883,0.0,17.676084518432617,16.229206085205078,-7.056656837463379,0.45797938108444214,0.0007,292.0,0.0,0.0,0.0,
158220.0,-0.03598593720752332,1.3051552964930004,-5.280735015869141,7.85986328125,7.85986328125,4.410460171699524,0.0,-0.0002680214829303827,0.005655600420906253,-0.02728063702714163,0.030764436978853237,-0.0002840788337800481,0.005662497032410328,-0.027659662886800784,0.03030069879235714,-0.0001089099753891108,0.005117074649569865,-0.020307301233115437,0.03172414165625496,-0.02178199507782216,1.023414929913973,-4.061460246623088,6.344828331250992,-0.014203941689002405,0.2831248516205164,-1.382983144340039,1.5150349396178568,59462.8595079406,3992.127135954345,50592.7223263514,67177.5074402751,0.4207795743969337,0.15859534466760136,0.056369450032572,0.8432158095950433,3.102378742978461e-05,4.033657129698144e-06,2.4453630726531043e-05,4.191925418858388e-05,0.7873604775994939,0.35056541202928543,0.3411366226985872,0.31095388775893423,0.9388876267838089,0.1639747063380329,0.7756595221929741,0.18087214378045127,0.8442677432139472,0.21365668625216427,0.857673899072836,0.1305425758704173,0.7982306767675877,0.02520770952105522,0.15625184774398804,0.9427672028541565,0.0,-25.86258316040039,39.75227355957031,-7.057093620300293,0.374708890914917,0.0007,293.0,0.0,0.0,0.0,
158760.0,0.0122451885687446,1.4159523177566473,-10.754283905029297,8.388042449951172,10.754283905029297,5.047124834060671,0.0,1.8008533202656433e-05,0.008211126191956,-0.0937732024805524,0.04448335799692728,-1.6170443771489793e-05,0.008297983863922078,-0.09846567587816947,0.043522368902322084,6.52685586653616e-05,0.005095138512848781,-0.02915500013567214,0.03105962064428805,0.013053711733072322,1.019027702569756,-5.831000027134428,6.21192412885761,-0.0008085221885744902,0.41489919319610385,-4.923283793908474,2.176118445116104,55129.3225612073,3749.481206156147,44487.31821773872,61562.686806111386,0.44342192821018983,0.17151392897423756,0.07881726982460446,0.9040074789920975,5.956534477798045e-05,2.6404327626214942e-05,3.05723263761921e-05,0.00010541186550572823,0.7828692932190117,0.3561104522110362,0.3415373559272643,0.29126059878961136,0.9611945709683547,0.18588413364002251,0.8378416104929229,0.17267131946218697,0.863899846752153,0.1981443312253511,0.8812551399930609,0.15203961688282813,0.8853791153393005,0.030483299866318703,0.15219205617904663,0.9328190684318542,0.0,-2.6288375854492188,64.54436492919922,-7.056514739990234,0.13872486352920532,0.0007,294.0,0.0,0.0,0.0,
159300.0,-0.02226989498594776,1.1515946584681218,-5.254971027374268,5.886111736297607,5.886111736297607,4.014523625373844,0.0,-0.00019428731696150825,0.005737335293754323,-0.029016269823329697,0.027244311546004096,-0.0002107902731751341,0.005743542623387861,-0.029445566570974534,0.026879791210444114,-5.865190405058508e-05,0.004330204645599557,-0.01891346253130599,0.022710610450620405,-0.011730380810117026,0.8660409291199114,-3.7826925062611982,4.542122090124081,-0.010539513658756704,0.28717713116939303,-1.4722783285487266,1.3439895605222056,49721.11283852418,1543.174955238548,46712.90176185882,53856.56647221655,0.42710743755085856,0.1604825759429874,0.06690449753154071,0.8821889709545594,4.391535498622256e-05,9.727554511572232e-06,2.863176053097088e-05,6.207107918468838e-05,0.7894276347256975,0.3498129133368694,0.3367262791999325,0.3061988841673199,0.9221160677743162,0.19242877647182124,0.9578214452912869,0.16139604537697835,0.8456244491546691,0.1983266704266978,0.8155914408847007,0.1416496235571827,0.7179995244633102,0.030397146940231323,0.1482931524515152,0.8956397771835327,0.0,-8.63175106048584,29.931608200073242,-7.053255081176758,0.09323859214782715,0.0007,295.0,0.0,0.0,0.0,
159840.0,0.0815457456521,1.4485584550555803,-6.608282566070557,6.040586471557617,6.608282566070557,5.0493797826767,0.0,0.0006486534890114812,0.006559356706726839,-0.02396192305748689,0.031358851748505216,0.0006269798755981726,0.00655032380726422,-0.0242536800692704,0.03087720630707725,0.00025098377665966885,0.005631856272240145,-0.026977992666407262,0.024592849196217625,0.05019675533193377,1.126371254448029,-5.3955985332814524,4.918569839243525,0.03134899377990862,0.327516190363211,-1.21268400346352,1.5438603153538626,55060.68607396575,5699.363029525459,48298.25665453044,68317.67759418319,0.4162514863881345,0.1590740757550921,0.05316866829310781,0.8244556418820695,3.325048875728868e-05,1.2322201123428053e-05,2.1253896141028064e-05,5.7578303457776766e-05,0.7947501333482829,0.3448400538829765,0.3360593590283984,0.28322982215493525,0.8982424727166376,0.22154256035576633,0.894488419858128,0.1612662333961255,0.8326421461788549,0.18134444754304455,0.7950709259057336,0.15261693655012834,0.7387222275575024,0.030554596334695816,0.15381623804569244,0.9020791053771973,0.0,39.63435363769531,89.19922637939453,-7.054312229156494,0.19848942756652832,0.0007,296.0,0.0,0.0,0.0,
160380.0,-0.05595311802915401,1.4916727803225067,-7.247696876525879,11.293968200683594,11.293968200683594,5.326167964935307,0.0,-8.842640094468855e-05,0.008859891079582695,-0.04468317949199486,0.06340500837278061,-0.00012762434885839425,0.008850776087975252,-0.04571224429497079,0.06147603185017224,-0.00024785949895928184,0.005259597169168452,-0.027155981488152164,0.04110083324572851,-0.04957189979185636,1.0519194338336906,-5.431196297630433,8.220166649145701,-0.006381217442919715,0.4425388043987626,-2.2856122147485394,3.073801592508612,68347.63887462491,3572.005917403342,59780.23264259983,75662.45561511531,0.4224263713007732,0.16362635429467984,0.08303336191514349,0.9104533392368082,7.547741265628566e-05,1.4449979040886482e-05,4.7346315895893574e-05,0.00010891608800554377,0.7976360273129066,0.344567740209668,0.3315325242467695,0.2935693404530579,0.9501860594103616,0.17314152094961083,0.8090837765751626,0.19494096145523188,0.8443676198942082,0.1854427366095984,0.8563854199630311,0.152905440532501,0.7988741282765182,0.025136485695838928,0.14315885305404663,0.9460080862045288,0.0,-16.782312393188477,26.915822982788086,-7.054088592529297,0.38632696866989136,0.0007,297.0,0.0,0.0,0.0,
160920.0,0.00015749968976403277,1.4889927717145313,-11.621981620788574,7.358188629150391,11.621981620788574,4.965372695922854,0.0,-3.1483531818212515e-06,0.009249590580528886,-0.08274877739962344,0.045447543540507666,-4.6267939321948764e-05,0.009305974184934309,-0.08637388284997619,0.04444506506541293,1.2354472969138737e-05,0.005137361985902829,-0.036516435917437105,0.02567967656410466,0.0024708945938277486,1.027472397180566,-7.303287183487421,5.135935312820932,-0.0023133969660974318,0.4652987092467154,-4.318694142498809,2.2222532532706465,63969.84950204725,2996.8271341523377,54909.97209096168,69067.35333235544,0.41850977995333594,0.15989400802465076,0.025053839024719735,0.8730890820696222,8.080673730143376e-05,1.9823421979562827e-05,5.721511511550699e-05,0.00012268187243799893,0.7954834711367021,0.34619824362199053,0.33240778333685433,0.29283466808294284,0.9155532866917026,0.16311176497795085,0.7968073360117397,0.18330027141007946,0.8556615354947625,0.22481846066823014,0.9423864698851796,0.13593483486079674,0.9314615016268547,0.02407068759202957,0.1501096487045288,0.9896923303604126,0.0,1.0050170421600342,29.874656677246094,-7.055805683135986,0.3654974102973938,0.0007,298.0,0.0,0.0,0.0,
161460.0,-0.05066541346238443,1.4409483704685664,-7.741751194000244,9.863127708435059,9.863127708435059,5.229757027626042,0.0,-0.0005917542822606185,0.008769539112447107,-0.0561447539720131,0.054337700110578376,-0.0006305656863889644,0.008798849039968222,-0.05778246566662833,0.052912797389390746,-9.568564623372197e-05,0.005027532492272761,-0.024263140727760365,0.03608743907147151,-0.019137129246744402,1.005506498454552,-4.852628145552073,7.2174878142943015,-0.03152828431944821,0.4399424519984111,-2.889123283331416,2.6456398694695373,50319.495265367186,3454.7067615476567,41573.06157919701,61990.19323863103,0.4397684177855602,0.16389469245208196,0.0842971152440514,0.872129315757545,7.760299768322967e-05,1.9438920685141243e-05,4.9471522773224017e-05,0.00011678185508560079,0.7934281123109409,0.3471146349669825,0.3387894079449774,0.2763726309122909,0.9085325635152111,0.1788685768809324,0.9565290804943961,0.1837820685893906,0.7962106906376312,0.21542899334195945,0.7918964297615937,0.1455477302754266,0.7425205791849067,0.028585057705640793,0.13617190718650818,0.9117562174797058,0.0,-25.78997039794922,41.5571403503418,-7.055498123168945,0.137628436088562,0.0007,299.0,0.0,0.0,0.0,
162000.0,0.06008572115916414,1.343189387614609,-5.8533148765563965,13.387736320495605,13.387736320495605,4.617167806625368,0.0,0.0004843521896293877,0.0072042482728794125,-0.03192337172029127,0.06874102065928563,0.00045846656787917954,0.00716849751439291,-0.03244403339268186,0.06648133951123242,0.00018581196058269897,0.004937059138621619,-0.02190963859146607,0.05031834501372877,0.03716239211653979,0.9874118277243238,-4.3819277182932135,10.063669002745753,0.022923328393958976,0.35842487571964554,-1.622201669634093,3.324066975561621,51962.877148805994,4149.053623991181,43215.582808383726,59138.8092001896,0.42278413185068725,0.1640008644989232,0.0710925085198684,0.8861533846875084,6.084780422283484e-05,1.660525348116711e-05,4.210693905687448e-05,0.00010058591225267237,0.7973834676186736,0.34387216811433013,0.32998864982752946,0.3100344082175747,0.9624510005750712,0.20191223535343045,0.9177753882880721,0.1616800466295738,0.7453245009102989,0.1791133726755425,0.8048368485598643,0.1472599371238786,0.7378832602508879,0.025410175323486328,0.13477075099945068,0.80409836769104,0.0,8.327779769897461,23.953474044799805,-7.055393695831299,0.4748154878616333,0.0007,300.0,0.0,0.0,0.0,
162540.0,-0.17630258527502451,3.399426950373271,-48.0670051574707,12.805501937866211,48.0670051574707,12.691666641235356,0.0,-0.0004115557918879703,0.02458495393346237,-0.12453128706157852,0.12181628259551153,-0.0007133307984511263,0.024558231360407964,-0.1329958641158907,0.11494905269126524,-0.0007031802420242129,0.013619969223108664,-0.25983392880173967,0.03542100089349174,-0.1406360484048426,2.723993844621733,-51.96678576034793,7.084200178698348,-0.03566653992255633,1.2279115680203982,-6.649793205794535,5.7474526345632615,19649.23369246019,18822.844464848957,5116.650515498002,57693.14946113037,0.43908058301435887,0.15819514215446667,0.07751572384061872,0.9233581032105159,0.0003452759100785275,0.00024388679111645014,1.5213939090133866e-07,0.0007434707086329895,0.7995467805299684,0.3422964878394837,0.32778892738745213,0.1676004890990591,0.9649513452649404,0.18302562928203076,0.8620308570895993,0.2280208058998745,0.8446068883136921,0.20242778234056555,0.9095059669485877,0.21892529337847008,0.9008666700476571,0.04586011916399002,0.11553773283958435,0.9076178073883057,0.0,-51.725120544433594,119.96959686279297,-7.053478240966797,0.38925355672836304,0.0007,301.0,0.0,0.0,0.0,
163080.0,0.014618342640137092,1.4355423704083947,-5.9644904136657715,5.943557262420654,5.9644904136657715,4.7033010530471815,0.0,0.00014982620234611207,0.013663625715079503,-0.053565470219014075,0.05142198287088928,5.656563880802364e-05,0.01365459173688449,-0.05505348158519921,0.050143517374564496,5.8950318562570294e-05,0.0037938285491388264,-0.016059082060217122,0.017181907513870796,0.011790063712514053,0.7587657098277651,-3.2118164120434245,3.436381502774159,0.002828281940401172,0.6827295868442246,-2.7526740792599607,2.5071758687282246,7302.519963773475,477.891764478526,6186.334828380591,8410.424875365145,0.44081126654434577,0.1485889088528755,0.08443525760095467,0.7946112406015317,0.00036844463141805835,0.00014054203789043754,0.00021829873641362432,0.0007192895783328517,0.7958535095957154,0.3438531277857417,0.33405546961355975,0.14714920233156772,0.8507174270092867,0.1666445913594724,0.8621088352771054,0.23922046034546499,0.7807225183260363,0.19759831265825722,0.8997206275074199,0.24938743330523766,0.895677323786821,0.02452952414751053,0.12112243473529816,0.7583776116371155,0.0,28.153284072875977,36.57510757446289,-7.053729057312012,0.29601794481277466,0.0007,302.0,0.0,0.0,0.0,
163620.0,0.011888136678047617,1.3961024234663837,-8.357136726379395,9.47769546508789,9.47769546508789,4.967469296455387,0.0,0.00036873130511903444,0.010433274816365065,-0.05111579290741777,0.07563741242316636,0.00031437300438296877,0.01041638671545812,-0.05246850352528535,0.07291342764809344,-1.9152576572942533e-05,0.004401616258122054,-0.028668558097131005,0.029160120632682137,-0.0038305153145885332,0.8803232516244107,-5.733711619426201,5.832024126536427,0.01571865021914843,0.520819335772906,-2.6234251762642673,3.645671382404672,8159.833849472402,926.6563184967193,6209.89131831583,9940.020615232885,0.42169939609808654,0.16207465394520668,0.03922458409603398,0.8085594443757707,0.0001513136202857553,4.745358983759391e-05,9.14506657823885e-05,0.00024047674210970498,0.8026880597675087,0.3382015124098133,0.3299024857215589,0.13548151120306037,0.8480514196913138,0.20012830917896762,0.8864767943341887,0.21196500895775244,0.8262733493491135,0.2004859941516838,0.813872500198697,0.25193917650853576,0.9037887492287262,0.029453333467245102,0.13086482882499695,0.8726103901863098,0.0,20.371458053588867,53.276676177978516,-7.054460525512695,0.3479529619216919,0.0007,303.0,0.0,0.0,0.0,
164160.0,-0.018048088972810312,1.614680235165358,-5.7840166091918945,13.601221084594727,13.601221084594727,5.529256334304813,0.0,-0.00011068150803130067,0.010414845802402803,-0.041163136734589933,0.0776967357650418,-0.00016468304335821678,0.010380651926185227,-0.04203432986706647,0.07482611172587147,-4.9069687024772556e-05,0.005488104455442368,-0.018957913619107224,0.04929957912329447,-0.009813937404954514,1.0976208910884733,-3.7915827238214446,9.859915824658893,-0.008234152167910836,0.5190325963092614,-2.1017164933533237,3.741305586293574,8697.85490690592,394.89143423507437,7171.390222116269,9432.657460025826,0.41796709095091844,0.16357032944193672,0.051262599992023664,0.8901743212842959,9.722424326812455e-05,1.0587179042319586e-05,7.460224011623546e-05,0.00013844492885954512,0.7926626682565842,0.34643171379649634,0.33683870286791723,0.13461840844972628,0.7370075189674874,0.17225264758108874,0.8159055385575719,0.23497841936316202,0.8085028495261491,0.1996127514069702,0.9092259855919992,0.25853777319905263,0.874614821380114,0.027765940874814987,0.12833420932292938,0.7722525596618652,0.0,-24.412137985229492,37.411643981933594,-7.054864883422852,0.27033430337905884,0.0007,304.0,0.0,0.0,0.0,
164700.0,-0.008068701346982616,1.2003661723460821,-5.315018177032471,6.942758083343506,6.942758083343506,4.599634275436402,0.0,-7.192398886478585e-05,0.007290922477951472,-0.02864625369968895,0.04359246164951562,-9.843269281659295e-05,0.007275945075138816,-0.02906456570722361,0.04266905084453098,-1.5735321687613793e-05,0.004195439827812091,-0.019308948338352967,0.02404652771891621,-0.003147064337522762,0.8390879655624182,-3.8617896676705934,4.809305543783242,-0.004921634640829646,0.36379725375694083,-1.4532282853611804,2.133452542226549,7826.200925056371,308.98770951617735,7189.645062040406,8493.010020554302,0.4227722240483039,0.15880596208603773,0.08197411684676982,0.8553452037908573,8.165001998861584e-05,2.3826581649288286e-05,5.176942968778455e-05,0.00013430497506477398,0.7937992101243102,0.3441869086449618,0.3359756817837147,0.13347446737208266,0.7217327498775566,0.2116362439889071,0.885253343549565,0.21897873443345486,0.9343402565969569,0.18814939325870203,0.9274334520055509,0.24776116094685338,0.8732332118139492,0.030499722808599472,0.1307172030210495,0.9477088451385498,0.0,-27.56376075744629,48.1527099609375,-7.054638862609863,0.15041881799697876,0.0007,305.0,0.0,0.0,0.0,
165240.0,0.010999530109283687,1.6236725575489672,-8.74345588684082,8.35616683959961,8.74345588684082,5.845726962089548,0.0,-0.00021532004740979673,0.010680518178470993,-0.06913004653551413,0.05173486209044945,-0.00027266694603255825,0.010720450072181115,-0.07163569624762772,0.05044105031664432,0.00012316437202606668,0.005456417141891892,-0.02627972376371051,0.031402426764993274,0.024632874405213338,1.0912834283783783,-5.255944752742102,6.280485352998655,-0.013633347301627912,0.5360225036090558,-3.581784812381386,2.522052515832216,6219.193699676177,464.9701631460747,5283.86684912858,7264.2041139885505,0.41705094498143247,0.15808178026017997,0.05731840435044628,0.8654814503230335,9.792217142438547e-05,1.1439007961367402e-05,5.6837931405678365e-05,0.00011888642850131142,0.7973044622446264,0.34390923834916515,0.33170106178681286,0.13276219829744607,0.8168825682499463,0.24044773908979739,0.8863734554783789,0.20534413412171398,0.838879281040053,0.17581857831110817,0.7997005119680456,0.24562735017993442,0.9070455648811265,0.03231993690133095,0.13649284839630127,0.9954725503921509,0.0,-6.708166599273682,64.91844940185547,-7.053950309753418,0.12607145309448242,0.0007,306.0,0.0,0.0,0.0,
165780.0,-0.005077452108229476,1.0317962728989736,-5.3037261962890625,8.57113265991211,8.57113265991211,4.415851364135743,0.0,-6.871361897850271e-05,0.005810864581808415,-0.035317293549707904,0.04445852450574976,-8.55795189410778e-05,0.0058058736900746324,-0.03595603331616597,0.04349859275863259,-3.99236834803531e-06,0.003739515192550343,-0.01916622868583525,0.03198101652166995,-0.0007984736696070557,0.7479030385100687,-3.83324573716705,6.39620330433399,-0.004278975947053893,0.2902936845037316,-1.7978016658082983,2.1749296379316294,5914.3110539848485,115.421607136682,5663.738627684888,6172.868725201439,0.41870392208114393,0.16227796795301688,0.061383345361152086,0.8610995285115265,6.03181072277002e-05,2.5893651877292954e-05,2.6013119306353083e-05,0.00010970862988326738,0.7892903243659481,0.35004786890887163,0.3386874173018217,0.12210083195157809,0.7977700499861874,0.19856769522689172,0.8688230830337149,0.21356989191611545,0.8373102226339069,0.18892562418410896,0.864157730487594,0.2768359567213058,0.8879249806983682,0.027687717229127884,0.12842479348182678,0.9091486930847168,0.0,-20.7796573638916,19.195571899414062,-7.05380392074585,0.18987369537353516,0.0007,307.0,0.0,0.0,0.0,
166320.0,-0.02634937344895055,2.0474149136869024,-8.191824913024902,17.448410034179688,17.448410034179688,6.871505556106573,0.0,-0.0006959674683524836,0.013581598094425164,-0.05931417823288874,0.08294335580077916,-0.0007881220340857633,0.013543174018493465,-0.0611460721204607,0.07968266360462957,6.528365183540552e-05,0.007021263520074061,-0.031941276204541735,0.07154823784180822,0.013056730367081104,1.4042527040148123,-6.388255240908347,14.309647568361644,-0.03940610170428817,0.6771587009246733,-3.057303606023035,3.9841331802314786,4029.9223892658206,931.8303272565317,2892.8673306332353,5985.334038506962,0.4390563272219381,0.1574806244446969,0.08279570417258642,0.8493877099652957,0.00013028593065254814,6.294503828725247e-05,2.318860851007511e-05,0.00021829234194442582,0.7902652818700033,0.34801512158704184,0.3368143408939109,0.13580525384950384,0.8416340812540853,0.22375472877028332,0.8838750701067024,0.21571302029463396,0.7970900726754164,0.18965851425860494,0.7909502246111457,0.23506848282697396,0.8333656409177329,0.030710911378264427,0.1211107075214386,1.0498665571212769,0.0,-22.586223602294922,210.62548828125,-7.053844451904297,-0.029427528381347656,0.0007,308.0,0.0,0.0,0.0,
166860.0,-0.0027375219856535463,1.3294514389705225,-9.891313552856445,9.329021453857422,9.891313552856445,5.630758614540103,0.0,9.073216220999293e-05,0.010209929703125911,-0.06832595197053797,0.07011430806834064,3.8689804525753304e-05,0.010199681119706113,-0.07077225934166777,0.0677654727383117,-2.336006866938634e-05,0.004115901142908482,-0.03176350266333898,0.030185082087162737,-0.004672013733877286,0.8231802285816964,-6.352700532667796,6.037016417432548,0.001934490226287668,0.5099840559853056,-3.5386129670833886,3.388273636915585,3926.1135308630714,170.00405733032204,3544.041941268588,4419.961219869719,0.4217925795761631,0.15346990144406028,0.05096307998971284,0.8632102019159151,0.00014434239969362623,4.7468725691806824e-05,6.471924886724225e-05,0.00023013005362760544,0.793155783288273,0.34781491678986826,0.3349119659484275,0.1272515699262442,0.680361868553733,0.25339090405526316,0.891500390698938,0.19454920723691682,0.8330760389475469,0.16708985871361326,0.8881389102589314,0.25771846006796256,0.8852491757673461,0.028055598959326744,0.15607613325119019,1.0398969650268555,0.0,-20.30663299560547,31.474275588989258,-7.051194667816162,0.2646319270133972,0.0007,309.0,0.0,0.0,0.0,
167400.0,0.03835448976897169,1.5964693939750987,-25.75693130493164,9.131073951721191,25.75693130493164,4.579337854385378,0.0,0.0006873961898567317,0.007817534766258186,-0.08866812046732231,0.062356779330128495,0.0006563377044734247,0.0078727104390158,-0.09284814561340589,0.06048981680606276,2.7688026302961575e-05,0.006089390663065557,-0.10557262448357235,0.030532915460279048,0.005537605260592327,1.2178781326131114,-21.11452489671447,6.10658309205581,0.03281688522367124,0.39363552195079,-4.6424072806702945,3.024490840303138,5051.838622306872,512.2142578631725,3965.964085899078,5845.643241774065,0.40496005460226164,0.1578768162320159,0.05875614402759837,0.7983943650894477,6.767193142562509e-05,1.1451423219735781e-05,4.718076167867417e-05,9.437275955763147e-05,0.7888125306717296,0.351212252823356,0.3390070252075054,0.12369264622892946,0.7543410113511979,0.25660252126882926,0.8627280344366646,0.19005545542712105,0.8331033019054443,0.15076550597061966,0.6503096669494136,0.2788838711045005,0.8819268169509787,0.027233516797423363,0.16108699142932892,1.0535626411437988,0.0,-2.478682518005371,53.746395111083984,-7.0524468421936035,0.18078523874282837,0.0007,310.0,0.0,0.0,0.0,
167940.0,0.00847746323625971,1.455900977106999,-13.715373039245605,9.481073379516602,13.715373039245605,5.243883366584789,0.0,0.00042873900741192196,0.007824157232807268,-0.05262449287120543,0.05786824000015874,0.0003980509120723477,0.007823962851477453,-0.054059741551188,0.05625578881889502,-5.7125409648049924e-05,0.0053475770525142205,-0.055061928416636874,0.03334141866169616,-0.01142508192961,1.0695154105028442,-11.012385683327375,6.6682837323392326,0.01990254560361739,0.3911981425738726,-2.7029870775594,2.812789440944751,6738.781548316516,421.31138729682755,5601.909408757001,7367.953808963755,0.42120494440897355,0.15478264628066252,0.02605335358481656,0.8294821456607735,6.008682247350082e-05,1.025846489752616e-05,4.204117673185625e-05,8.355008175504342e-05,0.794813011519442,0.34450881038969466,0.33309572568664986,0.13549275141178288,0.7414628279809446,0.2179620054137244,0.8367646336322591,0.19007036739861638,0.872165016018864,0.17439001373227261,0.8073943702236388,0.28208486204360367,0.8988929467042371,0.02875291369855404,0.14575839042663574,1.0590606927871704,0.0,-13.547107696533203,42.22257614135742,-7.051708221435547,0.2129005789756775,0.0007,311.0,0.0,0.0,0.0,
168480.0,0.07865724379145023,1.619186055537597,-11.613530158996582,7.690507411956787,11.613530158996582,5.559019298553471,0.0,0.0011105521011456896,0.010575615901546638,-0.06278395012577136,0.07208936893888217,0.0010541473283133891,0.010563449068480729,-0.06484144714917893,0.06960942572127746,0.00012974939923848404,0.005493373852017149,-0.04185728824043396,0.02105018098209906,0.02594987984769682,1.0986747704034296,-8.37145764808679,4.210036196419812,0.05270736641566946,0.5281724534240365,-3.2420723574589463,3.4804712860638727,10014.277473301476,1346.5861273511564,6684.0639787477385,12419.610417096641,0.42014207004167675,0.15475429783985403,0.06426309023854722,0.9410280527077493,0.0001030453851712875,2.4683108879173995e-05,4.972652666497588e-05,0.0001488280053908895,0.79672699412249,0.3450293485305113,0.32781587843973986,0.12840173367509988,0.9010101657030714,0.21872863092687375,0.958371659141878,0.2127181150702964,0.9238629249118397,0.17207286917801215,0.8947624511086927,0.26807865114971785,0.8851865386749207,0.03001941367983818,0.142543762922287,1.0615684986114502,0.0,37.30535125732422,89.80931091308594,-7.051041603088379,0.17460554838180542,0.0007,312.0,0.0,0.0,0.0,
169020.0,-0.04079711836486779,1.607940404970815,-7.958605766296387,8.524374008178711,8.524374008178711,6.469913063049325,0.0,-0.0001129568250101341,0.010850039319229772,-0.05477324579507942,0.05881844598542949,-0.00017184045697414522,0.010852356060222045,-0.05633042873256209,0.05715361281466267,-0.0001610254701815139,0.005345217821001367,-0.028640353691361246,0.02833346878939916,-0.032205094036302784,1.0690435642002734,-5.728070738272249,5.666693757879832,-0.008592022848707258,0.5426178030111023,-2.8165214366281046,2.8576806407331334,11328.564719001373,703.1244135612587,9912.40363879401,12919.549921124093,0.416531105711193,0.16387899296998856,0.04998174378476854,0.8423138380735882,0.00011175998092224424,2.3839873037975975e-05,6.603438679912821e-05,0.00016507540119236773,0.7956092762042789,0.34382421315584943,0.33119920851362006,0.12667046947470395,0.6954056266649302,0.19840541615602506,0.9301167467762934,0.22728813432653439,0.8855750048685032,0.18978929269791525,0.8825375735885043,0.2578466873448213,0.898439687731286,0.031176507472991943,0.13309147953987122,1.018794059753418,0.0,-21.201091766357422,42.105735778808594,-7.051753044128418,0.3229975700378418,0.0007,313.0,0.0,0.0,0.0,
169560.0,-0.027898572585373014,1.263345678057168,-10.27804946899414,6.2750115394592285,10.27804946899414,4.602118024826054,0.0,-0.0003055967720188554,0.007262671739144273,-0.06440641881355606,0.03538734801955257,-0.00033222909865296353,0.0073058668894017435,-0.06657410493433492,0.034775605997786826,-5.643559202490459e-05,0.004500680811603329,-0.03474672115333033,0.022681155020500162,-0.011287118404980914,0.9001361623206657,-6.949344230666066,4.536231004100032,-0.01661145493264818,0.36529334447008716,-3.3287052467167464,1.7387802998893414,9887.147301584324,767.9438671060749,8872.71298564467,11487.374182958181,0.41853073831819165,0.16697574114928077,0.045919458037329566,0.8697980062212477,6.614579882039594e-05,1.2656380832523442e-05,4.359128771055208e-05,9.135679288857024e-05,0.7962616528353523,0.34421126230715476,0.33172428781207847,0.1253615692264123,0.7901809269892378,0.20897286253658176,0.9027010579897452,0.20928410558172386,0.8668552898017775,0.19892838747461886,0.8901921458980747,0.2574530751806633,0.8711071595674302,0.03287738934159279,0.13486598432064056,1.0927543640136719,0.0,-27.483837127685547,60.433467864990234,-7.049574851989746,0.012851893901824951,0.0007,314.0,0.0,0.0,0.0,
170100.0,0.011137385700594341,1.3936999568751272,-11.7841157913208,9.577811241149902,11.7841157913208,4.525870003700262,0.0,-0.00011630494732043963,0.008353370900891919,-0.08811644336690638,0.05750682819513954,-0.00015148890717923768,0.008406005036456322,-0.09224297618985951,0.05591408883956792,9.355915029654374e-05,0.004902260953189834,-0.035859833987341536,0.03391053516622989,0.018711830059308758,0.9804521906379668,-7.171966797468307,6.782107033245978,-0.007574445358961881,0.42030025182281605,-4.612148809492975,2.7957044419783963,7959.03540561252,521.4517682999427,7278.231055951954,9433.721581819033,0.41843258868053984,0.16958931425342674,0.05871611544521514,0.8354992816294085,6.733389572060678e-05,1.7860298797301766e-05,4.087314033441859e-05,0.00010473779118538278,0.794651942215101,0.34568559620196343,0.3332701696744766,0.13054911421357376,0.7308817712593672,0.20792310862593968,0.9101327371805247,0.21645009065369508,0.7845829444829328,0.1873084625147162,0.8060399136737302,0.25776922399207536,0.9088058243898226,0.03308314457535744,0.13548949360847473,1.1028629541397095,0.0,12.93931770324707,61.326229095458984,-7.050148010253906,0.07167941331863403,0.0007,315.0,0.0,0.0,0.0,
170640.0,-0.06767993095272687,1.3800998511476426,-9.883724212646484,5.709345817565918,9.883724212646484,5.31130424976349,0.0,-0.0005056221039201807,0.007768147678203806,-0.057952260042372694,0.030509449013067732,-0.0005361194043707561,0.007804669372024018,-0.05969932632939086,0.030053290654293557,-0.00020436979971627455,0.004964905626194697,-0.03449378735691102,0.021570687757022505,-0.04087395994325491,0.9929811252389396,-6.898757471382204,4.314137551404501,-0.026805970218537804,0.39023346860120084,-2.984966316469543,1.502664532714678,7627.984552916746,755.4955900025459,6154.169773884176,8990.392594852014,0.4229584840696617,0.155432229380551,0.07330050666427675,0.8165829436146296,5.834973442497112e-05,1.3773104422025234e-05,3.690299537369982e-05,8.573054136321494e-05,0.8036739761159968,0.33849309602093763,0.3252428682179183,0.14825377457072103,0.794993345595034,0.19136898946153855,0.8813262182252517,0.2208220510541975,0.870198902551306,0.197175098465392,0.8256204730250913,0.2423800864481509,0.8318879777085498,0.0253384318202734,0.12140539288520813,0.8707861304283142,0.0,-59.237144470214844,127.17129516601562,-7.04813814163208,0.08973437547683716,0.0007,316.0,0.0,0.0,0.0,
171180.0,0.10165644843719848,1.3623344973772582,-7.215226650238037,8.12052059173584,8.12052059173584,4.869482307434093,0.0,0.0007472537534387743,0.007378322397462446,-0.0349849675190759,0.044092447448378876,0.0007198632777390474,0.007359246290694192,-0.03561160006404276,0.04314803673578649,0.00032831642770812623,0.004983947008053778,-0.027173232313766386,0.02981559197652539,0.06566328554162522,0.9967894016107556,-5.434646462753277,5.963118395305078,0.03599316388695237,0.36796231453470957,-1.780580003202138,2.157401836789324,7541.73670494474,886.279280339998,6455.214936445359,9600.252433967718,0.41380440526676104,0.15720959179622201,0.03399808806803248,0.9222918950869874,5.505940804184635e-05,1.0473129749111484e-05,3.958840609049642e-05,7.160159055720945e-05,0.8025142204208713,0.3370219366575675,0.3273563079273384,0.14188144427943145,0.73374369486763,0.23908586967289125,0.9405249798630253,0.19066753298904868,0.6721661237797742,0.17576622741473116,0.8375282376888128,0.2525989256438974,0.8426059690884548,0.0319678820669651,0.1449672281742096,1.0575737953186035,0.0,48.292293548583984,71.3738021850586,-7.048613548278809,0.2501491904258728,0.0007,317.0,0.0,0.0,0.0,
171720.0,-0.06827082131079536,2.575828215276335,-13.44598388671875,40.28034591674805,40.28034591674805,7.464080691337599,0.0,-0.0004155042677176569,0.019542317093601214,-0.15930356740067225,0.25818334632659456,-0.0006020555453414067,0.01922668743382512,-0.17352464421931002,0.22966889195635037,-0.0001908402057614115,0.00848691529204229,-0.0301805583696361,0.14398451074021626,-0.03816804115228229,1.6973830584084582,-6.03611167392722,28.79690214804325,-0.03010277726707032,0.9613343716912561,-8.676232210965502,11.483444597817519,9648.611526016104,1301.9528847446745,5334.462528165842,11699.70965035691,0.42339028350179814,0.15855963516271657,0.05795545975159529,0.8679089360629834,0.00015878184978342476,0.00021318429924938035,5.671985505079546e-05,0.000750880423370824,0.7981035073153909,0.34176889819836487,0.33246827377971105,0.1285347995977327,0.7265905044503717,0.20892976235793934,0.8457723214983737,0.2134247504546499,0.9059795123875053,0.1962850730342329,0.8264624334342873,0.2528256145554451,0.8441722623865175,0.034781165421009064,0.1291120946407318,1.0189894437789917,0.0,-59.88916778564453,151.91897583007812,-7.049020290374756,0.18175005912780762,0.0007,318.0,0.0,0.0,0.0,
172260.0,0.08855965240379898,1.0722454513703057,-4.928100109100342,5.3199334144592285,5.3199334144592285,3.6822301387786927,0.0,0.0009850318857818452,0.009890071990960033,-0.040435884148430946,0.059894739646796785,0.0009358398946422087,0.009865115321336777,-0.04127614361829595,0.058169600973180864,0.00020883828668851606,0.0029492547516942473,-0.01665972843947114,0.01501848027035611,0.04176765733770322,0.5898509503388495,-3.331945687894228,3.003696054071222,0.046791994732110445,0.49325576606683885,-2.0638071809147975,2.9084800486590434,9056.990708318739,1203.2638066255029,6900.991619376168,11692.824284366043,0.42382364873315836,0.15470338611460902,0.08355092647058263,0.8430522452898545,0.00030323016340018334,0.0001609998321396534,0.00011350892124983449,0.0006659482948695749,0.8084019185608317,0.3327048870095405,0.3206108842924046,0.13951950178882824,0.6797474505761077,0.23498068566942512,0.9018362807083345,0.19363551694660702,0.832590776795736,0.17755263490363515,0.9308563767132423,0.2543116606915045,0.8251711933343732,0.02839617058634758,0.1327035129070282,1.0443569421768188,0.0,35.75982666015625,34.848690032958984,-7.04925537109375,0.4027474522590637,0.0007,319.0,0.0,0.0,0.0,
172800.0,-0.022873793471457987,1.1725380696638839,-10.713414192199707,5.397479057312012,10.713414192199707,4.258878931999207,0.0,9.550324796523379e-05,0.00689407140435051,-0.0496394190962561,0.03302303213497095,7.161456778108332e-05,0.006920793930953177,-0.05091380755574128,0.032489486244189236,-0.00013227260704673207,0.0041489386091449745,-0.04083861692387856,0.01886502360562595,-0.026454521409346413,0.8297877218289949,-8.167723384775712,3.77300472112519,0.0035807283890541696,0.3460396965476588,-2.545690377787064,1.6244743122094618,11712.371991255814,462.396716960359,10699.611347502952,12774.951223770013,0.40516347030203703,0.15258353402942287,0.07021015044950354,0.8472497010522153,7.463107445966079e-05,2.0304604791495324e-05,4.023195995939311e-05,0.00011294274293179141,0.8047585870931264,0.3382287454681179,0.326212790910211,0.13338137020844182,0.7017796211703273,0.21039519476049337,0.9536701459606397,0.18959069986457172,0.752042150565751,0.19226388976052095,0.7759259929887136,0.2743688454059721,0.8970063993628186,0.027658026665449142,0.12128593772649765,0.9945858120918274,0.0,-25.65894317626953,31.3741455078125,-7.049376487731934,0.2968432307243347,0.0007,320.0,0.0,0.0,0.0,
173340.0,0.0713635521966757,1.1963455063468003,-5.660345077514648,5.333606719970703,5.660345077514648,4.678744554519653,0.0,0.0004676441999193547,0.0051096447286568675,-0.020855065066021194,0.02947926185327248,0.0004545196177519125,0.005099471706517446,-0.021075603554104337,0.029053103381186527,0.00024318785122745567,0.004719318286946057,-0.023032824236042904,0.019404756594339195,0.04863757024549112,0.9438636573892115,-4.606564847208581,3.880951318867839,0.02272598088759563,0.2549735853258723,-1.053780177705217,1.4526551690593263,12468.192675664555,895.8120052163779,11546.84916796837,15291.24305906433,0.42259442463963964,0.158864824447249,0.02212933449613578,0.8767313033486626,2.8186893781281412e-05,5.048400487971868e-06,2.0326220961007664e-05,4.0086841322271767e-05,0.7927480184980507,0.34820509067155886,0.3346475437077653,0.1457111494808967,0.8334948795603397,0.22829311006733605,0.9439912042927711,0.19340340415798313,0.8842286173306572,0.16233872409037467,0.7963366882113505,0.27025361220340943,0.9080653062208831,0.031916677951812744,0.1335318386554718,1.032749891281128,0.0,33.82536697387695,87.23507690429688,-7.050244331359863,-0.05429220199584961,0.0007,321.0,0.0,0.0,0.0,
173880.0,-0.025694915476035224,1.7933665703238395,-22.598974227905273,6.507458686828613,22.598974227905273,5.105162582397462,0.0,0.0003668844140600925,0.00872910896263442,-0.061734723351392025,0.03832579530035672,0.0003285559908736054,0.00875909352232947,-0.06372255903336269,0.03760960380212009,-0.00021061355964450268,0.006877305112824417,-0.0970642288814983,0.023134891773710663,-0.04212271192890057,1.3754610225648831,-19.41284577629966,4.626978354742133,0.01642779954368028,0.43795467611647354,-3.1861279516681345,1.8804801901060046,16527.150048066003,809.7210427457304,14807.878162559815,18744.58649228828,0.43154572200036334,0.15430077489914096,0.06399811552816363,0.8242914686786895,6.0169558518281665e-05,1.2217998095734942e-05,3.405894462795608e-05,8.4749880711221e-05,0.7913752506001148,0.3470713466735316,0.33551745044012776,0.146524921195054,0.7268001131381032,0.22032878786685037,0.8224597125653984,0.20761953844077333,0.9404331227145747,0.16640504472015333,0.7983409484787573,0.259121707777169,0.8556953891011337,0.03249224275350571,0.12949030101299286,1.0195080041885376,0.0,-19.6197452545166,50.42020034790039,-7.050501823425293,0.24392467737197876,0.0007,322.0,0.0,0.0,0.0,
174420.0,0.0032928389255647305,1.231268260089849,-7.131682872772217,4.81620454788208,7.131682872772217,4.553442916870118,0.0,0.00026453594551748266,0.00662935095777721,-0.03805585601699641,0.027714753936612095,0.000242492432023534,0.006638169432929043,-0.03879889238984641,0.027337651813828932,-4.415891170208856e-05,0.004505186312936054,-0.025958692076771737,0.017246610875089524,-0.00883178234041771,0.9010372625872108,-5.191738415354347,3.4493221750179046,0.012124621601176703,0.3319084716464521,-1.9399446194923202,1.3668825906914466,19232.689784498194,1376.4657800694583,16903.44235869027,21963.693110801523,0.4370592512720451,0.1613299859723946,0.06777358033418952,0.8410296867762593,5.68991688497932e-05,1.1202998452632317e-05,4.1051966830751476e-05,7.790303335227655e-05,0.7968118698402794,0.3445236472454588,0.3302278091612863,0.14235867090034152,0.8010417532337503,0.21544597127593954,0.8779284654007391,0.19026480186936967,0.8187012398605756,0.1811372234569957,0.7947442789303613,0.27079333249735366,0.8950500820855266,0.027941923588514328,0.12988021969795227,1.0401967763900757,0.0,-3.0444276332855225,21.94647216796875,-7.046576023101807,0.2239486575126648,0.0007,323.0,0.0,0.0,0.0,
174960.0,-0.003422239161941602,1.596753683019368,-11.858121871948242,6.088389873504639,11.858121871948242,5.80225712299347,0.0,0.0002236252215759759,0.008834784941955916,-0.057809471979568594,0.03297687390509154,0.00018440693172656872,0.008864398083263125,-0.05954776581233305,0.032444802573340904,-6.321291643457369e-05,0.005785384723562396,-0.044403665864452574,0.02324599539807846,-0.012642583286914734,1.1570769447124791,-8.880733172890515,4.649199079615692,0.00922034658632844,0.4432199041631562,-2.9773882906166524,1.6222401286670451,22666.217004367674,1563.9911174271012,19618.86365890543,26386.079302180904,0.40846571412167015,0.15858852079235347,0.04566533711134946,0.8536363900778451,6.570513925636722e-05,1.6593071266468128e-05,4.025877243876735e-05,9.398081995813422e-05,0.805571244908122,0.3355246657024667,0.32329906411148124,0.12727468208703496,0.5845450755065443,0.2283757433637695,0.8712099999035402,0.1965949973013424,0.8550359576295237,0.19173116621097397,0.8254860419218174,0.25602341103687914,0.9225773567703595,0.03557269275188446,0.134963259100914,1.0951980352401733,0.0,-13.057500839233398,50.83668899536133,-7.046090602874756,0.370965838432312,0.0007,324.0,0.0,0.0,0.0,
175500.0,0.04800227411394223,1.8928553196354514,-12.665483474731445,6.824051380157471,12.665483474731445,5.888369207382212,0.0,0.0009941871025081082,0.013699689152931084,-0.07856184068571782,0.05395091004273715,0.0008994912837373204,0.013747061947778477,-0.08181961284440807,0.052545874122511604,1.5138567885193868e-05,0.006083335395757604,-0.04287251499457232,0.02098378788915053,0.003027713577038781,1.2166670791515208,-8.574502998914465,4.196757577830106,0.044974564186866024,0.6873530973889238,-4.090980642220403,2.62729370612558,33542.157431813575,5824.99266092785,22711.269552701713,43120.68911892999,0.4232599935794168,0.15790579341971384,0.08017324525904151,0.8097243239763295,0.00014265905461780797,6.059549497257796e-05,6.735005288937812e-05,0.00023008588527848175,0.8032955276551962,0.33834575703947406,0.32636700115344847,0.15989521078216534,0.806405590766085,0.2100925962540334,0.8382971842838889,0.1982580963976517,0.8453677724201976,0.19179334609318005,0.8712430481522414,0.23996075047296955,0.8978000927938823,0.03860286995768547,0.11539296805858612,1.1513845920562744,0.0,30.24048614501953,124.22676086425781,-7.043650150299072,0.19995874166488647,0.0007,325.0,0.0,0.0,0.0,
176040.0,0.08160201742559568,1.7036616969757605,-6.310441970825195,6.693978309631348,6.693978309631348,5.257622804641724,0.0,0.001383339800192219,0.014114591523467035,-0.053584202374808036,0.06110403407112028,0.0012831003733748455,0.014090275382605549,-0.055073274122964457,0.05930990767240707,8.723501746249663e-05,0.0050124216665092085,-0.01778389164536517,0.01864241517922365,0.017447003492499336,1.0024843333018418,-3.556778329073034,3.7284830358447296,0.06415501866874226,0.7045137691302775,-2.753663706148223,2.9654953836203535,57904.20020607151,10938.720253459576,36897.32202009435,75003.68765796095,0.4235555724287687,0.15515490033561471,0.06871190266477417,0.8282084103237747,0.0002011624236530275,4.19173180836928e-05,0.000149485732160355,0.000285241383359014,0.8142941014194228,0.3295631864665835,0.31694155369649496,0.19166194318444524,0.8537455848765336,0.19166259264875324,0.7550460097425391,0.19290298300756017,0.7511668784884972,0.20251349163388657,0.9235340814258499,0.22125898952535472,0.8664649537346149,0.036311086267232895,0.07868722826242447,1.104061484336853,0.0,53.88496398925781,149.5974884033203,-7.042042255401611,0.06538361310958862,0.0007,326.0,0.0,0.0,0.0,
176580.0,0.022791007962465908,1.67035816482026,-10.017769813537598,5.810875415802002,10.017769813537598,4.991231346130378,0.0,0.0006912398480884606,0.012521792565376794,-0.06225074847202419,0.05164649438127986,0.0006125299161651749,0.012535571013538947,-0.06427268817777605,0.050357025887170614,-3.917744091810967e-05,0.005238877178098044,-0.03402067740539041,0.016465121695107526,-0.007835488183621925,1.047775435619609,-6.804135481078082,3.293024339021505,0.030626495808258745,0.6267785506769473,-3.2136344088888027,2.5178512943585307,84011.75453338715,13001.34588688748,62825.17211421457,106139.05782380245,0.4306678771316154,0.1594685562519207,0.04705066134050155,0.839831625750953,0.00014917781298091952,3.602408185981819e-05,0.00010562118206119001,0.00023246687487846288,0.8013609024004521,0.3396653093007804,0.32875058909356847,0.21966947357644792,0.8665602489538106,0.17112099888466623,0.8080175906159826,0.2118954852939266,0.8332527068524482,0.2224051967167095,0.8474484994279373,0.17490884552824978,0.8607013003141285,0.026427051052451134,0.08103916049003601,1.0999325513839722,0.0,46.88277816772461,110.74433898925781,-7.041684150695801,0.19247335195541382,0.0007,327.0,0.0,0.0,0.0,
177120.0,-0.07061864330036635,2.114636483867547,-16.286415100097656,8.863168716430664,16.286415100097656,7.72095109462739,0.0,-0.00042996263599446677,0.019517060755660637,-0.09962594410318254,0.07861582975196532,-0.0006228092330842703,0.019692435977855912,-0.10494498433979321,0.07567858001574775,-0.00019739090377904458,0.005765513566781567,-0.05589002427151114,0.025396200605397438,-0.03947818075580889,1.1531027133563134,-11.178004854302229,5.079240121079487,-0.03114046165421351,0.9846217988927957,-5.247249216989661,3.783929000787387,100259.73929302974,22047.330484608057,61927.55405946333,143246.9517764633,0.43689654136462613,0.1565304037228021,0.05524595806407265,0.9237104810322435,0.0003317146609610479,0.000142410927110927,0.0001500036594947527,0.0005705787313892255,0.8105264469092387,0.33282866794641075,0.3181720112074614,0.21926886462673997,0.9237570242402403,0.17345533649310016,0.867905316854037,0.20237643516808387,0.7988039363388024,0.22461789471869206,0.8996966636394154,0.18028146899338396,0.9307773589919583,0.029798155650496483,0.08628086000680923,1.0930743217468262,0.0,-38.81974792480469,173.36927795410156,-7.042471408843994,0.1314305067062378,0.0007,328.0,0.0,0.0,0.0,
177660.0,0.019449359240200095,1.4677411433784548,-6.066485404968262,12.746942520141602,12.746942520141602,5.208053231239319,0.0,6.46968337541881e-05,0.012556444530779243,-0.05976045549310714,0.10138101991640475,-1.3673901120063858e-05,0.012503211243914883,-0.06162060160110328,0.09656486500882254,0.00010066527866701604,0.004243207178534229,-0.015581063815172746,0.03959349598450217,0.02013305573340321,0.8486414357068456,-3.1162127630345493,7.918699196900433,-0.0006836950560031945,0.6251605621957441,-3.081030080055164,4.828243250441127,71414.9438401187,4803.8342164428805,54488.76918529882,81386.8380499259,0.41528063662519704,0.14727177644212172,0.08007577691901198,0.8277894017343539,0.00023297236748498284,6.95361953442668e-05,0.00012538279020150812,0.00034908613681624396,0.8161966344951089,0.32617069366278517,0.31540290114804526,0.21745350907603864,0.8744531599838223,0.1806645039746261,0.8591123208075175,0.19415975248043224,0.8714948243423258,0.22387799223573288,0.7983305606306431,0.18384424223317014,0.8298617217004681,0.04184027388691902,0.10568945109844208,1.126502513885498,0.0,19.802005767822266,40.337520599365234,-7.042783737182617,0.3225417733192444,0.0007,329.0,0.0,0.0,0.0,
178200.0,0.006019397234733872,1.6277765809887046,-21.418991088867188,4.746920585632324,21.418991088867188,4.150388822555543,0.0,0.0005182111350891997,0.01012254507937572,-0.10312841988534234,0.03452546529391472,0.00046615225743745623,0.010229266012046427,-0.10884259315399789,0.033942833941007805,-8.644107466161792e-05,0.005616106286788077,-0.07988430391638719,0.01524889363995382,-0.017288214932323583,1.1232212573576152,-15.976860783277438,3.049778727990764,0.023307612871872815,0.5114633006023213,-5.442129657699894,1.6971416970503903,94680.71228769505,10371.421847872003,74193.36048490154,113092.66238160868,0.4214165542798692,0.1503782494819389,0.08415437646478702,0.782530077658483,0.00010688811656350002,1.6333534424680644e-05,7.320647515967216e-05,0.0001402453184912578,0.8067228048083992,0.33580779337651845,0.32455981307829374,0.2572168339514778,0.8769954100750222,0.2006007022487608,0.8446951417251884,0.18478083269174883,0.8113228961023367,0.18915516567464544,0.7873729723343426,0.16824646543336708,0.7650129784559525,0.032357823103666306,0.10622985661029816,1.071871042251587,0.0,19.559415817260742,91.72988891601562,-7.040186405181885,0.07155090570449829,0.0007,330.0,0.0,0.0,0.0,
178740.0,0.04450895175967297,1.375271581989325,-7.732030391693115,7.730053901672363,7.732030391693115,5.143611245155338,0.0,0.00035488499889381383,0.009530752211281359,-0.057376921952624296,0.055582380111855186,0.00030939066911874835,0.009535280971555662,-0.05908878139801703,0.054092633684924646,0.00014519709671002436,0.004501047762611806,-0.02388795659430088,0.02623957270795327,0.02903941934200487,0.9002095525223612,-4.777591318860177,5.247914541590655,0.015469533455937417,0.47676404857778315,-2.9544390699008516,2.704631684246232,94868.2808415895,9598.800164376888,77661.32890963864,115558.60352454943,0.43079138875473394,0.15851472265208805,0.07236780535031347,0.8855645004122242,0.00011074224220675173,1.786509492367472e-05,7.363130394255096e-05,0.00014072190178550728,0.7999487478688925,0.3422491377446815,0.3288479832881472,0.24368557497219284,0.9138135448357769,0.19478082773429065,0.9116076883765829,0.20565179459103908,0.8504606745176,0.19246562832681532,0.8432856939608518,0.16341617437566208,0.7502868027735323,0.030658384785056114,0.11219552159309387,1.0536071062088013,0.0,53.976829528808594,114.69792938232422,-7.042569637298584,0.07986068725585938,0.0007,331.0,0.0,0.0,0.0,
179280.0,-0.034805972092026086,1.5532192614257303,-8.520877838134766,6.322665214538574,8.520877838134766,4.867170338630677,0.0,-3.7269343494878387e-06,0.009566451163735484,-0.05819977057335213,0.04339439462102764,-4.959001501225455e-05,0.009583278974478722,-0.05996209756828708,0.042479239367292844,-0.0001616323440380174,0.0053829275727762214,-0.030125955321486413,0.02099351711573699,-0.03232646880760348,1.0765855145552443,-6.025191064297283,4.198703423147398,-0.0024795007506127316,0.47916394872393614,-2.9981048784143542,2.1239619683646422,116908.40091176917,7085.435167941387,99347.38468701877,134892.98136890662,0.4229473528343418,0.1660846762765774,0.06617687193414715,0.898076774966206,7.917616472494606e-05,1.3609786489963352e-05,5.8037720239973544e-05,0.00011380246653890648,0.8070859784783545,0.3376273519304626,0.32035278537695033,0.2712563286713963,0.9078761365739578,0.18346406007426883,0.87743597577634,0.1909345562266344,0.9217433587972638,0.18868394931806642,0.8652759090182788,0.16566110570963397,0.8075816087532054,0.02688303217291832,0.10973266512155533,1.1067566871643066,0.0,-7.567784786224365,46.4754753112793,-7.042420387268066,0.11993461847305298,0.0007,332.0,0.0,0.0,0.0,
179820.0,-0.07054794772691955,1.4186296994187233,-6.684535503387451,6.507273197174072,6.684535503387451,4.610713891983037,0.0,-0.0006756689230775695,0.008887819392452838,-0.04178175353348507,0.0417725935881667,-0.0007155950537856871,0.00891899735766773,-0.04267971227389123,0.0409236791948334,-0.00017384097403970239,0.004876521525910136,-0.023668321881851355,0.02230544571307846,-0.03476819480794049,0.9753043051820272,-4.733664376370271,4.461089142615692,-0.03577975268928435,0.4459498678833866,-2.1339856136945614,2.0461839597416698,95502.82463249068,7301.114245269035,70707.4621834984,109128.5299370651,0.43294875626361007,0.1572280442904991,0.08327485879644164,0.8562603834323002,8.230798275333171e-05,1.8229941629613517e-05,5.736667169675243e-05,0.00011803316753359847,0.8013592685009265,0.3407315179881266,0.3278491306622467,0.27335220573101565,0.9235395510520499,0.17776205966893882,0.9102028719021359,0.19602151176944596,0.7647070519103019,0.20392219455846683,0.7994829463884155,0.1489420282721327,0.8256560581912522,0.030023634433746338,0.1220681369304657,1.0844436883926392,0.0,-22.107200622558594,49.125606536865234,-7.0441060066223145,0.23299479484558105,0.0007,333.0,0.0,0.0,0.0,
180360.0,0.04897798271116766,1.545744987165488,-6.747751235961914,8.42504596710205,8.42504596710205,5.025176672935489,0.0,0.00016481631619204727,0.010330716370419395,-0.05212789248298247,0.054910113380836414,0.00011144396138131417,0.010331591896469233,-0.053535693510446125,0.053455562711368726,0.00021702893123388793,0.005153353756074032,-0.020354832324944384,0.028761339114007085,0.043405786246777586,1.0306707512148063,-4.070966464988877,5.752267822801417,0.005572198069065704,0.5165795948234616,-2.676784675522306,2.672778135568436,76903.1683501995,4014.0100873203937,67820.90648572196,85795.46785676687,0.4207608057542542,0.15652466256650588,0.09467282600732392,0.8483275263963024,0.0001032486869530686,9.355180429026943e-06,8.58454351455653e-05,0.00012453081304464292,0.7992810482129598,0.34315155646701223,0.32852488726396206,0.24686313605979976,0.8256261322434054,0.2014458041942151,0.8664045392639095,0.19691426831776618,0.8245681059632806,0.1893985135149922,0.8572665214226228,0.16537827791322682,0.8323695437911419,0.040055882185697556,0.12058667838573456,1.1000465154647827,0.0,30.64828109741211,62.49393844604492,-7.045757293701172,0.19003713130950928,0.0007,334.0,0.0,0.0,0.0,
180900.0,-0.007435828120301098,1.115247382577336,-5.102499961853027,3.9620466232299805,5.102499961853027,3.5586065602302557,0.0,0.00010306184763205048,0.006131834608239773,-0.025521202564382044,0.02241659445810544,8.424922837745915e-05,0.006134080498316678,-0.025852517648725235,0.022169035395667263,-5.824144761885479e-05,0.004054856253047531,-0.019049369258479734,0.015116283834200992,-0.011648289523770967,0.8109712506095061,-3.8098738516959467,3.0232567668401984,0.004212461418872954,0.30670402491583393,-1.2926258824362618,1.1084517697833631,85045.51551927588,4495.800834689122,74946.37734214858,92886.01292503007,0.42467956674684487,0.15911154027573804,0.06924801452305396,0.818942110634511,6.183492850808681e-05,1.873212513637378e-05,4.103301095718512e-05,0.00010710720456493247,0.7951467399721156,0.3469109284006667,0.3335150317700214,0.2569453512130563,0.8296345953168622,0.2054994577096434,0.9103377530672464,0.19514612708667164,0.8562550535144956,0.17479361939344695,0.8309532208238186,0.1676154445971818,0.8210709359318796,0.03567386046051979,0.120596744120121,1.0556164979934692,0.0,7.991447925567627,41.428802490234375,-7.043866157531738,0.1259242296218872,0.0007,335.0,0.0,0.0,0.0,
181440.0,-0.031492571360259146,1.789611733971839,-8.16360855102539,13.48455810546875,13.48455810546875,5.866899485588075,0.0,-0.0004945287599172761,0.011543866119177478,-0.05461842076673218,0.07366674877353183,-0.00056130381291984,0.01154495389391317,-0.05616664544021642,0.07107965815427901,-1.7136879491183904e-05,0.006144691367527295,-0.030441076396345815,0.04965287802084516,-0.0034273758982367847,1.2289382735054588,-6.088215279269163,9.930575604169032,-0.028065190645992,0.5772476946956585,-2.808332272010821,3.5539829077139506,69143.07444219368,8138.367142167379,53307.7260816318,83285.69418509465,0.4334255923667258,0.16708178442818888,0.03870741489923033,0.8747080147208073,0.0001063958465424875,5.2636724730745796e-05,3.9598054271823685e-05,0.00018797462130992792,0.7907800007770963,0.3476220424363403,0.33935864626881673,0.2288373436179163,0.8840867622444357,0.1929312208268761,0.9119156368903995,0.20982484005271188,0.8435756075193092,0.20215551549447502,0.8472953386388858,0.16625108000802072,0.8040349251134496,0.04573081061244011,0.11548812687397003,1.0565228462219238,0.0,-20.403587341308594,41.50035858154297,-7.047147274017334,0.3569077253341675,0.0007,336.0,0.0,0.0,0.0,
181980.0,0.04053328117674768,1.6404698342173578,-6.48789644241333,11.880651473999023,11.880651473999023,5.424333662986756,0.0,6.574355819764988e-05,0.012223915441065205,-0.05754940403935862,0.06863544381311568,-8.7152186232558e-06,0.012193817435633598,-0.05927177911274182,0.0663825484484405,0.00020484521268252252,0.005188968495978423,-0.01762153714231216,0.04280761855194212,0.0409690425365045,1.0377936991956844,-3.5243074284624325,8.561523710388425,-0.00043576093116278706,0.6096908717816799,-2.963588955637091,3.3191274224220253,51035.54028079954,5134.589686014724,42069.23945412939,63868.96446807095,0.4250284386833713,0.15546015265121077,0.054737219302511075,0.8794374629578517,0.00014973867669711087,3.6238874636816546e-05,0.00010382236921668326,0.00022416694354684472,0.8031483140041124,0.33938665687141517,0.3251140936439028,0.18316454160567866,0.8699076024503927,0.21559634103126707,0.8741362408892359,0.18456868299460652,0.8497426418594475,0.1958989104829868,0.824016256963136,0.220771523885461,0.8591285251495325,0.052145011723041534,0.12421100586652756,1.0899559259414673,0.0,27.421375274658203,101.17314147949219,-7.045230388641357,-0.008024454116821289,0.0007,337.0,0.0,0.0,0.0,
182520.0,-0.04250351130031049,1.3394074822352549,-8.086627006530762,5.888784408569336,8.086627006530762,5.079089536666875,0.0,-0.0001032287870589952,0.008507910944072966,-0.047841415025155,0.04307278864385165,-0.00013947943525905384,0.008517175803601283,-0.04902367720789227,0.042170961353334584,-0.00017764768673597997,0.00457531068305127,-0.028177215962214407,0.01898272696850001,-0.035529537347196,0.915062136610254,-5.635443192442882,3.7965453937000024,-0.00697397176295269,0.4258587901800641,-2.4511838603946132,2.108548067666729,60593.8419271463,3433.9368010710905,54510.74909042126,67254.84954524088,0.4246430251178409,0.15589773854042405,0.02079237472947229,0.8945102397386674,8.809434813358205e-05,1.5247744148776123e-05,6.915109545597643e-05,0.0001195632835560151,0.7974808932492365,0.343775858090552,0.33292123531776985,0.20705968404729952,0.8681352487209849,0.2348561428899432,0.9288511891088386,0.18117376244449623,0.7818382780679801,0.18399905774787642,0.8608783235027175,0.1929113528703846,0.7695353669732707,0.04656685143709183,0.10859944671392441,1.0560559034347534,0.0,-26.08783721923828,40.88786697387695,-7.046239376068115,0.28406840562820435,0.0007,338.0,0.0,0.0,0.0,
183060.0,-0.004896227259477773,1.2097786444235934,-9.58497142791748,4.7983222007751465,9.58497142791748,3.823001890182496,0.0,-8.692548983664744e-05,0.006814431197901926,-0.051718134454490604,0.022056312461990555,-0.00011032114467592924,0.006852618424783811,-0.05310349439508791,0.02181659051990016,3.099147797315342e-06,0.004345374800639169,-0.034648984609064556,0.018739050812653476,0.0006198295594630715,0.8690749601278339,-6.929796921812911,3.747810162530695,-0.00551605723379646,0.3426309212391905,-2.6551747197543953,1.090829525995008,54319.39801512336,1965.8401345151271,50385.01420035465,59979.09606653893,0.4319044861263173,0.1605835164695921,0.024955888436600182,0.8329423384087927,5.978814920776124e-05,1.4368589382928904e-05,3.3142289117630975e-05,7.820426353754744e-05,0.7969795199807896,0.34458226104887424,0.3323752680861718,0.19028139507598893,0.8913702396743055,0.23068172587135807,0.8351223645286302,0.1904440073121231,0.8952745570045126,0.17901991013256643,0.879240955046736,0.20957296160796343,0.884032264534592,0.043260686099529266,0.1004815548658371,1.0401806831359863,0.0,-11.277376174926758,19.894432067871094,-7.04696798324585,0.29140573740005493,0.0007,339.0,0.0,0.0,0.0,
183600.0,0.028898948262428382,1.7071648462398505,-16.846158981323242,12.015589714050293,16.846158981323242,7.131582484245305,0.0,0.0003679811887798205,0.00961717226723233,-0.06849545176819022,0.08185230420571636,0.00032176245596089335,0.009605899175522601,-0.07095420625589272,0.07867466852444713,6.405413409638256e-05,0.0062072757900822765,-0.06649224350198384,0.04040928027047036,0.012810826819276522,1.2414551580164555,-13.298448700396767,8.081856054094072,0.016088122798044665,0.48029495877613004,-3.547710312794636,3.933733426222356,59573.10049970992,3391.7000273700814,52247.27845920119,65417.189431447776,0.4187235148735205,0.15662923987577446,0.05316622021046588,0.8651041360268579,7.801336957643971e-05,3.9392996079884575e-05,2.792300283100299e-05,0.00014540000268846518,0.809072787867553,0.3344189350416344,0.3205331366960541,0.1791624193084887,0.8807019492501608,0.23445689853458093,0.8826342398405377,0.17161337846927666,0.7603034487591807,0.1862623681782734,0.8286800327270072,0.2285049355093803,0.8536292606012728,0.03858421742916107,0.10510141402482986,1.0321205854415894,0.0,6.251664638519287,55.405826568603516,-7.048254013061523,0.2374643087387085,0.0007,340.0,0.0,0.0,0.0,
184140.0,0.043021050298853815,1.0746415706446375,-8.214951515197754,7.205918788909912,8.214951515197754,4.350066161155711,0.0,0.0002783261643574016,0.005334210328658512,-0.041426373738785764,0.044074755075703256,0.0002640894232898262,0.005327078249968881,-0.0423089054024435,0.043131091375611635,0.00014908289483233655,0.0040611130606463056,-0.030497529492172805,0.025246820084113716,0.029816578966467312,0.8122226121292612,-6.099505898434561,5.049364016822743,0.013204471164491315,0.2663539124984441,-2.115445270122175,2.1565545687805816,63096.59504556794,3574.522685417063,58753.98680623269,73085.66191048185,0.43222920388879454,0.16083298164789975,0.08083583335753992,0.9335067040383458,4.2535891231512925e-05,1.4779394342225141e-05,2.1906141333282774e-05,7.209128044620875e-05,0.7978263338049477,0.3433373132624973,0.33159832798285066,0.16320914721605828,0.847932231722819,0.22877125857866587,0.8966782467449184,0.18696358990601467,0.8655881848932082,0.17989047716621967,0.8213110158587363,0.24116552713304149,0.9703036539388469,0.03611626848578453,0.11702854186296463,0.9198848605155945,0.0,30.07204246520996,87.67304229736328,-7.045112609863281,-0.1440584659576416,0.0007,341.0,0.0,0.0,0.0,
184680.0,-0.045347513956949116,1.3136791294958696,-7.209107398986816,5.865091323852539,7.209107398986816,5.618826684951791,0.0,1.631417740090278e-05,0.006066581100073854,-0.032169662154982265,0.031889302051851205,-2.1188752702937832e-06,0.006074495056939812,-0.0326984778885481,0.03139139585238824,-0.00022620785002551896,0.005054761335804077,-0.027870917627913838,0.021477608748601707,-0.04524157000510379,1.0109522671608153,-5.574183525582767,4.295521749720342,-0.00010594376351468985,0.30372475284699063,-1.634923894427405,1.5695697926194119,74557.18717940792,2062.8265321233944,69776.77592671532,79142.9833726682,0.42564222115294004,0.1615032746619786,0.060213737756370136,0.8793171121357304,3.731685304553996e-05,3.0005271136145032e-06,3.167880557330476e-05,4.668782074857083e-05,0.8056381596712362,0.3377656909871319,0.3236902878983785,0.1973548230298003,0.841443368632276,0.2074619416201441,0.8873709363839131,0.2090360370909367,0.8916318994687253,0.187947235095706,0.8662282239671744,0.19819996316341287,0.8003758303155883,0.0387456975877285,0.08385521173477173,0.9944749474525452,0.0,-14.182476997375488,18.53369140625,-7.045002460479736,0.45340049266815186,0.0007,342.0,0.0,0.0,0.0,
185220.0,0.04923566860013159,1.3666294899238522,-7.742543697357178,7.4394211769104,7.742543697357178,5.360228238105774,0.0,0.0003429710300203295,0.007303538045719873,-0.040004472242595804,0.04206300443548334,0.0003162665353464067,0.007299932833073321,-0.040826653117143674,0.041202406412539264,0.0001671117112737556,0.005027545942585775,-0.02850605447780752,0.027908665466541225,0.033422342254751124,1.005509188517155,-5.701210895561504,5.581733093308245,0.015813326767320335,0.364996641653666,-2.041332655857184,2.060120320626963,76772.17520418238,4625.864181786432,62618.76357905641,85997.71941202407,0.4330548372774618,0.15640879595697135,0.05326589475809669,0.8276819490079186,5.313309550753842e-05,1.6712997621849644e-05,2.820999902462296e-05,7.86950705202933e-05,0.8003318674140631,0.3404956193068679,0.32856238228565887,0.22112031766368162,0.9030486758373121,0.2051462981107633,0.7985802710434297,0.2026591709031054,0.7677572043594031,0.18739646242882127,0.8183731107639155,0.18367775089362842,0.896061755960643,0.03846273198723793,0.08840695023536682,1.0143318176269531,0.0,40.62435531616211,65.97132110595703,-7.046083927154541,0.29242944717407227,0.0007,343.0,0.0,0.0,0.0,
185760.0,-0.02395262548083405,1.2173649333479342,-12.240701675415039,5.490922927856445,12.240701675415039,4.1574999642372195,0.0,-0.00011193775517180746,0.005261043333747402,-0.05043914282992172,0.02343277275897949,-0.00012589920455752514,0.005293972343906047,-0.05175565687105552,0.023162440287274284,-8.828832520873545e-05,0.0047699092070315145,-0.04826459530017723,0.022341713517894202,-0.017657665041747088,0.9539818414063027,-9.652919060035446,4.46834270357884,-0.006294960227876258,0.26469861719530235,-2.5877828435527763,1.158122014363714,77689.4236378441,2161.991826373785,73060.0530815924,85241.20656902475,0.4458632268925489,0.16530778532078538,0.03447078000689531,0.8662197183241236,3.21916743389792e-05,7.592390606653822e-06,1.9532639370064453e-05,5.009708525547988e-05,0.7988486299078313,0.34359147105707416,0.331626848094678,0.2117599367696912,0.8719243557918043,0.20174655430422958,0.8310978543651822,0.19568525082634564,0.8597587731958956,0.20743390855817645,0.909039188719131,0.1833743495415571,0.8162227483499638,0.03603760153055191,0.08313746005296707,1.0546067953109741,0.0,14.152216911315918,32.8237190246582,-7.046695232391357,0.10997176170349121,0.0007,344.0,0.0,0.0,0.0,
186300.0,-0.014514500486095332,1.4231699980618666,-8.829520225524902,7.014756679534912,8.829520225524902,6.515827541351335,0.0,8.597365586314198e-05,0.006331813848389207,-0.03707061035809287,0.04014885850838537,6.589049246600559e-05,0.006340281547421126,-0.03777519319326632,0.03936383609184466,-8.904511788558205e-05,0.005542167442583345,-0.03645217191172013,0.02799753234597236,-0.017809023577116414,1.108433488516669,-7.290434382344026,5.5995064691944725,0.0032945246233002765,0.3170140773710563,-1.8887596596633158,1.968191804592233,81269.15060697423,4723.46100030098,72218.22990125197,89211.71540633812,0.43226409999775994,0.1588535857264493,0.08285531288639236,0.8586964491002033,3.5219435988898504e-05,5.962037553882265e-06,1.9321571743268744e-05,4.7784468981659173e-05,0.8039755731590806,0.3381295954920624,0.3270382744823619,0.21154595550436672,0.7688261305420552,0.20396631526998976,0.8910571257782463,0.20570427039687847,0.8608333763773386,0.19263772073416563,0.8094902175703307,0.18614573809459936,0.8726669212756384,0.03475292772054672,0.07629084587097168,0.8758897185325623,0.0,6.47162389755249,39.96861267089844,-7.050518989562988,0.3347575068473816,0.0007,345.0,0.0,0.0,0.0,
186840.0,-0.012734712386736647,1.1577675017143232,-9.542452812194824,13.635841369628906,13.635841369628906,4.5168316817283785,0.0,-0.00019420719504181677,0.004879919873392887,-0.06264232432447163,0.044943619865957574,-0.00020624263101615706,0.004913743319190291,-0.06469034527504201,0.04396293167991733,-1.2112906335172527e-05,0.004614078944547102,-0.03153967926066402,0.05718847269862599,-0.0024225812670345035,0.9228157889094203,-6.307935852132804,11.437694539725198,-0.010312131550807851,0.2456871659595146,-3.2345172637521005,2.1981465839958663,77733.2126529284,4093.411146727993,70329.50403744014,84004.435927873,0.414029254257755,0.15474960787527733,0.07197252266464196,0.7987112853041418,2.456170620738633e-05,6.9440645998412945e-06,1.2004329468642495e-05,3.68112462619288e-05,0.8191889564610221,0.3261830441395245,0.31414417967647307,0.20256861397818676,0.7823221205141598,0.1933988518799022,0.7964767555438624,0.21438846335347134,0.8351192988090347,0.19560510834455758,0.8973335950812287,0.19403896244388205,0.8375411641670181,0.03212817385792732,0.06937605142593384,0.8451873660087585,0.0,-12.534210205078125,22.537273406982422,-7.047407150268555,0.3882462978363037,0.0007,346.0,0.0,0.0,0.0,
187380.0,-0.005225017601386989,0.9762812797031752,-4.242403030395508,5.195657253265381,5.195657253265381,3.5828538012504616,0.0,-3.5662980281541106e-05,0.0033997644434420812,-0.019172905765929844,0.017565757477163782,-4.144281699600889e-05,0.003399726190178218,-0.019359089554836312,0.017413262759592946,-1.576437593602909e-05,0.004037734204215301,-0.01637224178259148,0.02162497172162473,-0.0031528751872058162,0.80754684084306,-3.2744483565182962,4.324994344324946,-0.0020721408498004493,0.1699863095089109,-0.9679544777418156,0.8706631379796473,73366.19741066449,1368.5840995028905,69408.31120429844,77019.45394074611,0.4431747448571582,0.1648992299883678,0.03816542390107766,0.88254040998826,1.888665350538745e-05,5.3176770620342124e-06,1.2065601000327544e-05,3.36992918429062e-05,0.7971309334847585,0.34479474457530407,0.33108020960947504,0.18516205965962002,0.8802105190637888,0.21741533397503737,0.9130632862373506,0.19261084251778368,0.8227782965168458,0.1954575764378126,0.8711964423429929,0.20935418740974626,0.8967755338760606,0.03408142551779747,0.07448700070381165,0.9027534127235413,0.0,-9.950531959533691,15.74972152709961,-7.047782897949219,0.29038745164871216,0.0007,347.0,0.0,0.0,0.0,
187920.0,0.01808034111659422,1.5120496221059352,-12.659985542297363,5.759448528289795,12.659985542297363,4.981900625228884,0.0,0.00026669905079620423,0.005466351910423125,-0.03569947399086626,0.02230647580752361,0.0002516833988052274,0.005478060281552096,-0.036352283983074815,0.02206132530789094,2.7480847892301734e-05,0.006219663570511137,-0.055700037078990614,0.024471334733837984,0.005496169578460349,1.2439327141022274,-11.140007415798122,4.894266946767597,0.01258416994026137,0.27390301407760476,-1.8176141991537407,1.103066265394547,82289.53587964352,3838.6103553225294,72992.94758352147,88032.45631837276,0.42510712981401516,0.16269410034774356,0.05204085101937129,0.8910737706502063,2.2970464569959476e-05,7.018788740645008e-06,1.1183077018032503e-05,3.797621378236133e-05,0.8095061217564005,0.33382031951384544,0.31936130360174714,0.22330843290275407,0.9719557324441331,0.21507047627783432,0.8463799205287708,0.17551977659309645,0.8453807892341555,0.18542426992359382,0.8392388410833943,0.20067704430272137,0.9098681886629649,0.03403205797076225,0.09015960246324539,0.8325800895690918,0.0,-7.366245269775391,38.86680221557617,-7.045932769775391,0.19206827878952026,0.0007,348.0,0.0,0.0,0.0,
188460.0,0.03188871972400833,1.3797744546089248,-7.142892360687256,9.27054214477539,9.27054214477539,4.452060260772707,0.0,0.00037143181995586387,0.006107936413917588,-0.029026992958419054,0.042454231477499466,0.0003527473732786018,0.006099891036042482,-0.029456610210499504,0.04157777106759657,7.12567579399254e-05,0.005380280833492613,-0.028578957852584956,0.035958269858797784,0.014251351587985074,1.0760561666985224,-5.715791570516991,7.191653971759557,0.01763736866393009,0.3049945518021241,-1.4728305105249753,2.0788885533798283,93527.39036692657,5114.044636743992,82761.30996544243,105457.41084814114,0.4173840836768091,0.15198881876832027,0.05393386424584844,0.8304634589235084,3.291555419769779e-05,5.616625498080236e-06,2.5626056447801618e-05,4.3550520715627336e-05,0.8076453055204865,0.3349555756771122,0.3227489720278718,0.24716553186990148,0.8553639284984339,0.21231636249027633,0.8417857711313353,0.18488324289125896,0.8691161406046697,0.17420222476624106,0.7134567517147874,0.1814326379823222,0.68947970584035,0.035701654851436615,0.10359205305576324,0.8769608736038208,0.0,9.232809066772461,27.397254943847656,-7.04437780380249,0.2937934994697571,0.0007,349.0,0.0,0.0,0.0,
189000.0,0.04712935069875567,1.1717632048952635,-6.800004482269287,4.221889019012451,6.800004482269287,4.133534002304079,0.0,0.00037630086606929043,0.004999143359812665,-0.02899376223085874,0.01951350218906662,0.0003637164054022248,0.005005531629086183,-0.029422386644359595,0.019325554877057824,0.00014471765391685506,0.004614824081958312,-0.02836181113035011,0.01646663783535645,0.02894353078337102,0.9229648163916623,-5.672362226070022,3.29332756707129,0.018185820270111248,0.25027658145430914,-1.4711193322179799,0.9662777438528912,104722.31795352486,6864.242564715741,93723.2843312779,122892.63375004692,0.42171148921028734,0.1542364930240291,0.0336271466498226,0.8092741948482763,3.101868930057927e-05,5.953491846750298e-06,2.2407862040423237e-05,4.254974112519943e-05,0.8052249290862298,0.3373383908400347,0.3251433388506704,0.2592907280816724,0.9178070854463127,0.2179961316211885,0.7725892900214423,0.1746362667860387,0.7534490499299069,0.17548612219950147,0.7124069686700324,0.17259075131159893,0.8244140670487505,0.030105218291282654,0.1068887934088707,0.7648620009422302,0.0,32.27201843261719,50.193870544433594,-7.046884059906006,0.025838375091552734,0.0007,350.0,0.0,0.0,0.0,
189540.0,-0.010784357204533147,1.5050062176653585,-8.62942886352539,6.7502360343933105,8.62942886352539,5.48925580978394,0.0,0.0005129950414152503,0.008290503097128974,-0.03025998619580317,0.050737197842578644,0.00047860737215278806,0.008273012405495566,-0.030727270416348672,0.049492011000722494,-0.0001735736157637958,0.005501015841225388,-0.03554422446087169,0.0219408285784182,-0.03471472315275917,1.1002031682450775,-7.1088448921743375,4.38816571568364,0.023930368607639405,0.4136506202747783,-1.5363635208174335,2.474600550036125,151556.308505475,11074.097136554426,121988.5217603489,166431.88657120845,0.4298114009967385,0.15841061048722216,0.09963990294704923,0.8690231364494667,6.002769968598767e-05,1.622378764908039e-05,2.590031416551278e-05,8.726568733609967e-05,0.7980002811221861,0.34339311142326423,0.33192811841223835,0.26472870209823,0.887395216405761,0.2093592791157005,0.9548172475444144,0.17770898493126022,0.7523134591426516,0.17996317541436813,0.7917825091235655,0.16823985844044112,0.8905292037200168,0.025806313380599022,0.11508475244045258,0.6984369158744812,0.0,-6.566689968109131,34.868186950683594,-7.046437740325928,0.15658026933670044,0.0007,351.0,0.0,0.0,0.0,
190080.0,0.004163281931822119,1.3320840781525503,-7.146683216094971,7.534467697143555,7.534467697143555,5.022198734283451,0.0,7.1584273059878515e-06,0.007293866450446874,-0.04009893226250419,0.03761450028510335,-1.951725251293771e-05,0.007309655185502226,-0.04092505427083732,0.03692432875389119,2.5695727101217492e-05,0.00484122733766333,-0.025502152804111798,0.028441255422801476,0.005139145420243508,0.9682454675326659,-5.1004305608223595,5.688251084560295,-0.000975862625646888,0.36548275927511137,-2.046252713541866,1.8462164376945596,145949.1024896364,5780.919231755609,135223.9373856593,159417.60897467498,0.43105428271997687,0.16158446352650815,0.04134279313677107,0.835367360186314,5.6783477561744695e-05,1.1466011987874518e-05,3.755843595401938e-05,8.069604420494784e-05,0.7970020855550008,0.3435483582829542,0.33243898503254427,0.2470410645353113,0.8904877992174693,0.22338093728374955,0.8503564675196709,0.18872234723720807,0.8483787642166851,0.17184428906863586,0.7443101946241378,0.16901136187509522,0.9145388136086817,0.026276081800460815,0.10805945843458176,0.7651774287223816,0.0,23.543373107910156,37.18219757080078,-7.04818058013916,0.2610757350921631,0.0007,352.0,0.0,0.0,0.0,
190620.0,-0.03520368723698926,1.2916923096935287,-6.098039627075195,8.346598625183105,8.346598625183105,4.882905545234689,0.0,-0.00023709492129528063,0.005735586643083172,-0.03778537257550642,0.034937481534348176,-0.00025362595655037244,0.005749284379849562,-0.03851774776987955,0.03434102057827887,-0.00011261193881268049,0.005033547214147583,-0.023560488902354834,0.03314774014542686,-0.022522387762536122,1.0067094428295165,-4.712097780470967,6.629548029085372,-0.012681297827518617,0.2874642189924781,-1.9258873884939773,1.7170510289139433,145015.32917103908,9897.84186235476,120700.05529140495,162799.69839409014,0.40958211190894234,0.15400333966708782,0.05376232868373167,0.8204316904228164,3.1770408766655706e-05,5.551984824969452e-06,2.338015276378356e-05,4.6658842635910706e-05,0.8150967300443653,0.3306761779814685,0.31530712231229174,0.2615214794088212,0.8310967875422544,0.22129415215486026,0.8277034257279218,0.17861459790630232,0.773109900994713,0.17187666997320472,0.7604402726727103,0.1666931005568115,0.7791319870365903,0.02508617378771305,0.11187828332185745,0.6931972503662109,0.0,-23.45159149169922,49.81343078613281,-7.048012733459473,0.3132091164588928,0.0007,353.0,0.0,0.0,0.0,
191160.0,0.002669041310124427,1.4187347053843613,-11.373945236206055,7.12809419631958,11.373945236206055,5.262122197151186,0.0,-9.499526330469439e-07,0.00792750254348107,-0.08326033524259502,0.037850572230567855,-3.271887958072158e-05,0.007993955721731096,-0.08693174587946534,0.03715181699217451,2.1524932319565726e-05,0.005146040773218862,-0.035136787511438686,0.026352515832123294,0.004304986463913131,1.0292081546437726,-7.027357502287737,5.270503166424659,-0.0016359439790360783,0.3996977860865549,-4.346587293973267,1.8575908496087257,137736.6962951918,10096.555096176347,113636.46830810531,154709.75587854296,0.41409066164425257,0.16228645744671374,0.045476802967479316,0.891654612417305,5.676212724495932e-05,2.3515832485626476e-05,3.1233656452409904e-05,9.874601131822799e-05,0.8072940279827947,0.3355606592687236,0.32180163488607,0.2607741472462366,0.9463509000579341,0.22522979051944383,0.9123145849329458,0.1739605778570581,0.8307617844435656,0.1700109861084881,0.8460627315413669,0.17002449826877333,0.7974039949150427,0.027055498212575912,0.11352583020925522,0.7830749750137329,0.0,-10.731328964233398,82.15011596679688,-7.048242092132568,0.04078972339630127,0.0007,354.0,0.0,0.0,0.0,
191700.0,0.0033359519387077953,1.1607362988829477,-5.605853080749512,5.658750534057617,5.658750534057617,4.324374341964722,0.0,2.5818085645882756e-05,0.005865900269262035,-0.0303591287415956,0.02930628172368837,8.620119408665068e-06,0.005864354970456744,-0.030829511854987574,0.028885062440224197,1.4524723944159159e-05,0.004344966392385795,-0.020321888321942254,0.0210724860692969,0.002904944788831824,0.868993278477159,-4.06437766438845,4.21449721385938,0.00043100597043325425,0.2932177485228372,-1.5414755927493786,1.4442531220112098,130974.31861829835,5616.859747406008,119815.68299607612,142698.04677599878,0.41903907800388535,0.15759422282959318,0.04154527953945609,0.8766044123624759,4.540493904023674e-05,9.64853594488461e-06,2.897431561545209e-05,6.183209144247924e-05,0.8110180461288918,0.3320363954866552,0.3196985385595407,0.26739538969751475,0.8806592885516955,0.2159569908210002,0.788578488243832,0.1886913989556649,0.7962974577400066,0.16553472511565417,0.8830655609413064,0.16242149541016593,0.8131597006116289,0.02738582156598568,0.11807931959629059,0.6651774644851685,0.0,3.001248836517334,30.551467895507812,-7.047670841217041,0.19365012645721436,0.0007,355.0,0.0,0.0,0.0,
192240.0,0.0515949157646564,1.4866700196629985,-7.577349662780762,8.738889694213867,8.738889694213867,5.611107854843144,0.0,0.0004965968780532121,0.0069125397018353785,-0.029302374269319104,0.05528235199948834,0.00047269943561492465,0.006889020229562396,-0.029740264202168826,0.05380836334791714,0.00013979971434619065,0.0057329068478872095,-0.03045168190097631,0.030242359727616085,0.02795994286923813,1.1465813695774418,-6.090336380195262,6.048471945523217,0.02363497178074624,0.34445101147811985,-1.4870132101084412,2.690418167395857,146644.79846451603,11306.525746603169,130811.63677600514,174890.56223201077,0.4118675356211655,0.15518286156023817,0.07304458031293277,0.8415696772676518,3.5134926125846984e-05,1.111233121509081e-05,2.43686691543546e-05,6.878716696220165e-05,0.8010347596815005,0.3408104689044858,0.3259545333046107,0.265602692025149,0.8649962448911571,0.22855700222009634,0.874608263275065,0.17601479324429295,0.8894667562690179,0.16233255322261517,0.8064153450415743,0.16749295928784655,0.8861917813406086,0.026144642382860184,0.12659218907356262,0.7788445949554443,0.0,25.07356071472168,50.7232780456543,-7.046709060668945,0.2557178735733032,0.0007,356.0,0.0,0.0,0.0,
192780.0,-0.010696690847678972,1.4131035295533734,-5.538493633270264,8.71195125579834,8.71195125579834,4.356909270286562,0.0,0.00022745128480299002,0.008423125631530385,-0.033401098599664926,0.056851263186111306,0.0001920501886533852,0.008406727996892363,-0.03397165613259474,0.05529398098488829,-0.00010149600355351414,0.0049700866045358245,-0.019298067829398524,0.029736261465134563,-0.020299200710702833,0.9940173209071648,-3.859613565879705,5.947252293026913,0.00960250943266926,0.4203363998446181,-1.6985828066297368,2.7646990492444146,185889.69707734667,9934.699329645728,160604.59601705958,203383.345345196,0.4216823485390762,0.1599183531241328,0.05769313038105396,0.852190450642742,7.296553473842329e-05,1.0000181269160974e-05,5.40725144582164e-05,9.46950454849023e-05,0.7991849594438295,0.34232886484300445,0.3302718019016996,0.274763486771365,0.8907239774245971,0.20326589615030247,0.8511491057456588,0.18386510670744957,0.8777971268821508,0.1794910880627462,0.8222994678419788,0.1586144223081368,0.8317372360080204,0.022980501875281334,0.12223122268915176,0.7209235429763794,0.0,3.4793899059295654,34.877342224121094,-7.047208309173584,0.17453128099441528,0.0007,357.0,0.0,0.0,0.0,
193320.0,-0.010445987923864137,1.4936070089604137,-9.273690223693848,5.93121337890625,9.273690223693848,4.648808546066286,0.0,-2.400131534112316e-07,0.008888164187741054,-0.05788070694239531,0.03630833507863851,-3.993502154992412e-05,0.008921517321724883,-0.05962337435829913,0.03566472028930333,-4.224618846530666e-05,0.005249477372474664,-0.03464043633900959,0.02073988634346239,-0.008449237693061338,1.0498954744949327,-6.928087267801917,4.147977268692478,-0.0019967510774962114,0.44607586608624417,-2.9811687179149566,1.7832360144651664,188181.73845511972,7880.286809673335,168513.83142771514,209497.5718743587,0.4158902800427906,0.15917789990481127,0.08133946498156992,0.8392597346681815,7.515219555275581e-05,1.4926884715295338e-05,5.369079970362745e-05,0.0001091011886792166,0.8103343051685015,0.33243158249469734,0.3203967220337159,0.25640858336729644,0.8833042168974234,0.18811451016460437,0.8470027509626759,0.20072072049446157,0.770331755499314,0.19909165945995508,0.7824927230791151,0.15566452651368254,0.9367682131397572,0.022780274972319603,0.09668843448162079,0.789310097694397,0.0,-11.00125503540039,25.54640769958496,-7.047487258911133,0.29159677028656006,0.0007,358.0,0.0,0.0,0.0,
193860.0,-0.08858775321849087,1.3980408734987175,-7.628530502319336,5.216296672821045,7.628530502319336,5.011468157768257,0.0,-0.0007876083718190804,0.00858184828122343,-0.05394659443381957,0.031237580789662184,-0.0008250590914169481,0.00863397907863958,-0.05545625743685927,0.03075961572360713,-0.0002366740033834454,0.004847708830920212,-0.024278587906316942,0.01839157926918621,-0.04733480067668908,0.9695417661840424,-4.855717581263389,3.678315853837242,-0.04125295457084741,0.43169895393197893,-2.7728128718429637,1.5379807861803565,149459.432083422,14381.073975996867,119474.7187463324,191499.25249409644,0.42603830020300043,0.1616109855899101,0.045019074899333655,0.8653501624843808,7.490299507030714e-05,1.8237913626373644e-05,4.863309637960432e-05,0.00011038783101410861,0.8018096306519884,0.34122645818651565,0.3274011145936815,0.2549446408762236,0.8799309220963476,0.19449868851289603,0.8162237965569152,0.19720783948890658,0.8061689453728484,0.21316693827635674,0.9087028448890139,0.140181892845617,0.6619132915410414,0.0267210491001606,0.09884484112262726,0.7865821123123169,0.0,-51.48777389526367,90.7135009765625,-7.046005725860596,0.1054302453994751,0.0007,359.0,0.0,0.0,0.0,
194400.0,0.08127776560119215,1.3242362270347416,-5.805507183074951,8.240557670593262,8.240557670593262,4.295687718391425,0.0,0.00045737353264986146,0.006876583560716358,-0.02806081147748869,0.04186852553819417,0.00043364932289877297,0.006873059853112957,-0.02846203972730479,0.04101576026312743,0.00029797649403783113,0.0049121737101388155,-0.021912027092116777,0.030948846530471034,0.05959529880756623,0.9824347420277632,-4.382405418423355,6.189769306094207,0.021682466144938652,0.34365299265564786,-1.4231019863652394,2.0507880131563714,136163.53879035302,9893.05267771764,116999.32759844135,156081.22029092102,0.4098727915352217,0.1514734877666258,0.04164162705702663,0.8545670021423101,5.287011842469875e-05,1.0719171441191425e-05,3.881249201046914e-05,7.816612613095211e-05,0.8166775136771139,0.32731643521847736,0.3144149680565794,0.23881597293849097,0.8750561842110259,0.22310629393353645,0.9047310264833137,0.18523300685508534,0.7445085286882972,0.18055833281124697,0.8192883935775528,0.17228639346164018,0.7172191897747203,0.02299358695745468,0.09270013868808746,0.7258099317550659,0.0,22.126781463623047,33.039920806884766,-7.046678066253662,0.405850350856781,0.0007,360.0,0.0,0.0,0.0,
194940.0,-0.08632185215742706,2.7165609783922826,-17.05870819091797,16.933725357055664,17.05870819091797,11.245934953689591,0.0,-0.00016387420406830142,0.024346629677825467,-0.13236159095037953,0.18665722153370087,-0.00045603128235477457,0.0240967281456039,-0.14198023055102624,0.1711402967824406,-0.00031760143719381857,0.007955261773372892,-0.04979848539920883,0.041883556569263104,-0.0635202874387637,1.5910523546745785,-9.959697079841765,8.37671131385262,-0.022801564117738708,1.2048364072801947,-7.099011527551312,8.557014839122031,46140.52959177061,61205.61181821209,6583.791632384502,156662.58813347862,0.4375068255526286,0.16063856067646545,0.08560623461396948,0.9012185950900966,0.0003316707290816287,0.0002652782476900046,7.197675109898467e-08,0.0007641959076824888,0.8068732987917151,0.3367793929255957,0.321984447511002,0.1901757828569393,0.907547629962977,0.17986386967834653,0.7936920516017903,0.2044455358271838,0.9342991255890103,0.20788275396446315,0.868317235999334,0.21763205767306723,0.8052306818096993,0.038342349231243134,0.09112922102212906,0.904422402381897,0.0,-34.786258697509766,60.14397048950195,-7.04827880859375,0.47392910718917847,0.0007,361.0,0.0,0.0,0.0,
195480.0,-0.0020282997268993683,1.548751874174605,-8.243144035339355,10.356975555419922,10.356975555419922,4.955458283424377,0.0,1.1349459735717812e-05,0.015092241794927396,-0.07269661919007872,0.09081587889338859,-0.00010276698086662359,0.015116673111666241,-0.07547449531835046,0.08692592899132641,1.5550262396411906e-05,0.0040003474377272,-0.022347094245953127,0.030053395304918403,0.003110052479282377,0.8000694875454399,-4.4694188491906255,6.010679060983681,-0.005138349043331191,0.7558336555833121,-3.773724765917523,4.346296449566321,8642.656594257025,1049.3807439033142,6546.537396719801,10441.15968292016,0.43174764638295243,0.16302249841915797,0.06361231899122473,0.8774487266674982,0.00039899802369245877,0.00014151132981290247,0.0002513819963808975,0.0007256866819779181,0.7964106205377307,0.3454993617750996,0.33068372881411506,0.14897179038830313,0.8494692404901343,0.18899792084751987,0.9002924436527425,0.21822559376012418,0.9314474417576954,0.20414106462222215,0.8891063916262668,0.23966363038183067,0.9263447481168817,0.023072432726621628,0.09672306478023529,0.7162138819694519,0.0,10.071389198303223,46.903564453125,-7.048984527587891,0.22832363843917847,0.0007,362.0,0.0,0.0,0.0,
196020.0,0.0329183571233578,1.374665279875037,-4.3594489097595215,6.185111045837402,6.185111045837402,4.234131441116336,0.0,0.0002681907629650832,0.01076391020085937,-0.0354171390849978,0.04646333903805061,0.0002103393523534356,0.01074970430863307,-0.03605953957996706,0.04541623031517648,0.00011200694520002492,0.004207550806967881,-0.01474953895269712,0.019688188493451254,0.022401389040004983,0.8415101613935765,-2.949907790539424,3.937637698690251,0.010516967617671765,0.5374852154316535,-1.8029769789983532,2.270811515758824,7260.065947826181,855.7500237952981,5977.122794149019,9209.129400552833,0.426953776457951,0.14717796462861113,0.09517830921919253,0.8173322032892384,0.00016801459561277857,4.888399068904192e-05,0.00010952872517190531,0.0002532985464418044,0.8083426287967319,0.3344004838578612,0.32262246085277263,0.14232544216489698,0.867964969567042,0.19496357964799307,0.9192018608801645,0.20719672564081787,0.8306618623070583,0.20388309461622534,0.7983536226705018,0.2516311579300667,0.8725942021687875,0.025471022352576256,0.10662131011486053,0.7339605689048767,0.0,47.424320220947266,91.06687927246094,-7.049707889556885,0.12532389163970947,0.0007,363.0,0.0,0.0,0.0,
196560.0,-0.06811125561599275,1.5084318073851462,-9.422767639160156,6.685043811798096,9.422767639160156,5.680065665245058,0.0,-0.000489934511589291,0.010193607642653623,-0.06023304020139695,0.044827511365395124,-0.0005423274267668812,0.010238398151871162,-0.06212334956198698,0.043851810898366955,-0.0002049744126070533,0.004985968085507719,-0.03158300081330252,0.02246226663183645,-0.04099488252141066,0.9971936171015438,-6.316600162660505,4.49245332636729,-0.027116371338344054,0.5119199075935581,-3.106167478099349,2.192590544918348,7500.401192918378,510.81578867691513,6362.797140092981,8725.20158411654,0.41355358962516436,0.16073242867882842,0.06800729143604128,0.9062111108982727,0.0001074885304078701,1.1166556119101327e-05,8.132279201484531e-05,0.00013185955217472287,0.8067840150529574,0.3359382365305133,0.3235064227066311,0.1464797402302937,0.7653360615341412,0.1707475889777304,0.8464297310353629,0.22201903792082273,0.8582474430595322,0.21330780241112,0.8932775509048019,0.24744583046003318,0.909659687412259,0.02345852740108967,0.10610149800777435,0.6979835629463196,0.0,-30.035106658935547,36.66599655151367,-7.049962997436523,0.34186816215515137,0.0007,364.0,0.0,0.0,0.0,
197100.0,-0.015776832318537076,1.3135580686811452,-6.381046295166016,9.849945068359375,9.849945068359375,5.43516070365906,0.0,-0.0001508681404040171,0.008105797699423314,-0.04665551423328404,0.059721742757767045,-0.000183639652777248,0.008088710771313404,-0.04777896554807865,0.05800636683073108,-3.297424667631149e-05,0.004559910995958923,-0.02085690715876456,0.03474813465102687,-0.006594849335262292,0.9119821991917847,-4.171381431752912,6.949626930205374,-0.009181982638862394,0.40443553856567027,-2.388948277403933,2.900318341536554,6530.446144502589,219.29772480631118,5762.103909427374,7001.588764986776,0.4189370691714481,0.15543315537101193,0.05898079215088792,0.8448257848306169,8.175399546481868e-05,2.3787227337491254e-05,5.2562870102144275e-05,0.00012947124837895375,0.8078951338916026,0.3351080973896575,0.3238157462650216,0.1603425948774314,0.762750922916567,0.18184604674328617,0.8531432797802264,0.19852806448056332,0.8234131204746,0.20157593933765358,0.8009754353671765,0.2577073545610655,0.8791764429659781,0.027166128158569336,0.10742300003767014,0.8180850744247437,0.0,-30.75396728515625,47.978485107421875,-7.05037784576416,0.18048256635665894,0.0007,365.0,0.0,0.0,0.0,
197640.0,0.018566285721498668,1.532228578614042,-10.508898735046387,8.039867401123047,10.508898735046387,4.795494256019594,0.0,-0.00026723338875284005,0.01127549587890643,-0.12575632526520863,0.04173363513645888,-0.0003323526637545153,0.011478248424237574,-0.134396138140843,0.04088628218475946,0.00017591960087236412,0.004927224805889376,-0.028185575253509187,0.03011149647145463,0.035183920174472826,0.9854449611778752,-5.637115050701837,6.022299294290926,-0.01661763318772576,0.5739124212118788,-6.71980690704215,2.044314109237973,4717.726165267656,348.3383229303468,4148.247656251223,5824.87587200713,0.410097750438266,0.1554252275834715,0.05489010861393223,0.8289820604432896,0.00011207053580849724,2.7368742410287048e-05,5.7614257982343e-05,0.0001703666632783407,0.7988807533536487,0.34211368896437394,0.32995934853273656,0.14665348744222811,0.8289113105075577,0.20138302994888352,0.9128354950247453,0.19254140626669433,0.8696509347872419,0.199023221782683,0.8017187248449578,0.26039885455951106,0.8929608639628092,0.03048635646700859,0.11245743930339813,0.8658763766288757,0.0,3.631110429763794,41.058406829833984,-7.050534248352051,0.0862533450126648,0.0007,366.0,0.0,0.0,0.0,
198180.0,0.010746519534020789,1.0325338137609308,-7.43010950088501,9.300013542175293,9.300013542175293,3.276623120307924,0.0,6.111631399173778e-06,0.005600883439860397,-0.0375282324529954,0.04804124212834224,-9.528593472432558e-06,0.00558915570555853,-0.038250545669098086,0.04692293830043359,5.611475258309055e-05,0.003785145813543256,-0.027587911097161223,0.034769335131130154,0.011222950516618117,0.7570291627086512,-5.517582219432245,6.953867026226031,-0.0004764296736216264,0.27945778527792653,-1.9125272834549043,2.34614691502168,4614.77880634636,106.86112851887823,4423.043987399452,4921.940118408653,0.4239493225171273,0.15851727124111206,0.05420161451778623,0.8590135796311961,5.701797150055922e-05,2.049148983489675e-05,2.5802426335614196e-05,9.814582813021787e-05,0.8019464009515919,0.33915372355965534,0.3283017341351374,0.1345470930373213,0.6834193103806607,0.18854116759127948,0.8672086844032689,0.2036808737873843,0.8556701314697954,0.21007104132633414,0.8357365761124163,0.26315982425768075,0.8862774730150321,0.02212444134056568,0.11882950365543365,0.7935818433761597,0.0,-9.3051118850708,25.000534057617188,-7.056836128234863,0.17758798599243164,0.0007,367.0,0.0,0.0,0.0,
198720.0,-0.043002283082481614,1.8892580009770024,-7.334524631500244,14.964994430541992,14.964994430541992,6.305022830963142,0.0,-0.0007031269108537982,0.012059554400440403,-0.04490637548745711,0.08695052320128244,-0.0007757778063661637,0.012017456564305152,-0.045945907167846634,0.08337609026900307,-2.1066968458504914e-05,0.006529574394898983,-0.028207249189215158,0.05398095062663863,-0.004213393691700997,1.3059148789797965,-5.641449837843031,10.796190125327726,-0.03878889031830819,0.6008728282152577,-2.297295358392332,4.168804513450153,3324.933701801238,751.5647868654746,2473.6562993567354,4851.371423584021,0.420477300004583,0.1493412334035808,0.075335237844123,0.8305910237253873,0.0001026863090816349,5.118928312106643e-05,2.3311777752672372e-05,0.0001816258615658514,0.8087229133871736,0.33301571373214706,0.3220526408682378,0.14568964202300622,0.7869876849185751,0.18712672267667538,0.7700298203135241,0.19786957317034712,0.8037074000726405,0.20278982492999412,0.8524571415087935,0.2665242371999772,0.9252754318412495,0.022978857159614563,0.11633995175361633,0.8113880157470703,0.0,-25.46106719970703,272.03900146484375,-7.0587158203125,0.013097882270812988,0.0007,368.0,0.0,0.0,0.0,
199260.0,-0.02540647896239534,1.3984704960711765,-9.985943794250488,7.9199700355529785,9.985943794250488,6.887651638984684,0.0,-0.00015184486957178984,0.010262015335617596,-0.06536188642122555,0.0653215065291959,-0.00020504868129539666,0.010340959268268876,-0.06759586891520387,0.06327663766853532,-7.577022049024912e-05,0.004419607326067796,-0.033030751630020755,0.023780689694906838,-0.015154044098049836,0.8839214652135593,-6.606150326004151,4.756137938981367,-0.010252434064769838,0.5170479634134438,-3.379793445760194,3.163831883426766,2996.6845827047655,233.87295605193538,2589.3095085844134,3621.912541098984,0.42213630762746,0.1632010443023714,0.06710720151228199,0.8861745763943225,0.0001310537941127721,3.385121573871973e-05,7.365808743603281e-05,0.0001910913133144435,0.806624694070557,0.3361976513909944,0.32367135950695436,0.13947114461067728,0.9215388038232463,0.2080062964164696,0.809182476611511,0.17943537424260056,0.803827199310735,0.19197082835096685,0.826329820511756,0.2811163563792857,0.899615734271438,0.021073857322335243,0.12503023445606232,0.8320237398147583,0.0,-34.6565055847168,72.45123291015625,-7.061429977416992,0.1707448959350586,0.0007,369.0,0.0,0.0,0.0,
199800.0,0.051384740721658564,1.2477839230134122,-11.149099349975586,7.860816478729248,11.149099349975586,4.799290232658389,0.0,0.0006586268152033203,0.007044130154318431,-0.050703198354338626,0.051965851771358776,0.0006337263340286252,0.007019983497278323,-0.05203377727138471,0.0506606534952862,9.849211625397086e-05,0.0044983528535656415,-0.04273705327557592,0.02663891966693827,0.019698423250794177,0.8996705707131282,-8.547410655115184,5.3277839333876535,0.03168631670143127,0.3509991748639162,-2.6016888635692355,2.53303267476431,3614.341133135187,373.69008859320246,2808.9837779402237,4177.951051951474,0.4136928597644291,0.15707677377848753,0.07673101236579744,0.8142148901350668,6.243611850465308e-05,1.2051836969629852e-05,3.835146910701845e-05,8.570121543802042e-05,0.802340648975403,0.3403670242856208,0.32643053147624507,0.13377593936630955,0.6722617011441981,0.21427375413057853,0.8580183182490627,0.17672201759456665,0.8286348342590776,0.1866846984649594,0.8283711226988912,0.28854359044358585,0.9159082896715753,0.02306283824145794,0.13547611236572266,0.8403207659721375,0.0,8.026853561401367,40.671241760253906,-7.061468601226807,0.20296096801757812,0.0007,370.0,0.0,0.0,0.0,
200340.0,0.010524419631379985,1.479653397998494,-10.866848945617676,12.890355110168457,12.890355110168457,5.819278378486634,0.0,0.0003934744227807436,0.008900598081575098,-0.0519357072071763,0.07811172784166556,0.00035410414877301403,0.008850081380068073,-0.05333295962503414,0.07521111075408334,-3.590393018579444e-05,0.005206724122626038,-0.041001003253996776,0.047025984203292744,-0.0071807860371588764,1.0413448245252075,-8.200200650799355,9.405196840658549,0.0177052074386507,0.4425040690034036,-2.666647981251707,3.7605555377041666,4687.222083255533,296.2413020347221,3955.615482607472,5341.415997953214,0.40124987238028254,0.15293891363581327,0.06674836663996173,0.8316118870874174,7.181974412057336e-05,1.7513208319583412e-05,3.5574146401332336e-05,0.00010208386874760423,0.8002580853693156,0.3404087990173809,0.328363241621261,0.12686537335291959,0.8661184226159224,0.20053176229173963,0.8316504370720913,0.18641951596686762,0.8924887694753328,0.18091017079588917,0.7086177558328173,0.305273177592584,0.9100802977325089,0.022598404437303543,0.14245298504829407,0.8946375846862793,0.0,-11.976290702819824,35.51437759399414,-7.061039447784424,0.2459658980369568,0.0007,371.0,0.0,0.0,0.0,
200880.0,0.05544658433732197,1.5737370590156516,-7.455423831939697,8.22204875946045,8.22204875946045,6.4923444700241095,0.0,0.0008297423149717447,0.010530180529854197,-0.044116364644348594,0.05880395479308878,0.0007741701264608584,0.010504753499770338,-0.045119093678534214,0.05713992652919874,8.369038845519614e-05,0.005264860976400454,-0.02599734560174784,0.02694272439497609,0.01673807769103923,1.0529721952800908,-5.199469120349568,5.388544878995218,0.03870850632304293,0.5252376749885168,-2.255954683926711,2.856996326459937,6394.814917082465,718.4146582313566,4644.043949373481,7346.07966666257,0.43106893068206936,0.163714318584089,0.05752955575737318,0.8554025553046423,0.00010388362789853176,2.3898883707355797e-05,5.7969321668129e-05,0.00015021120204686782,0.7865006697168594,0.3515716355653385,0.34158641846831167,0.14248299579983695,0.8026783807854797,0.18644586549727224,0.8185212283863192,0.2015127297039199,0.8563900213653397,0.18240694477419234,0.8830403715569863,0.2871514642247786,0.8850796158024281,0.024476822465658188,0.13298079371452332,0.836006224155426,0.0,25.50882911682129,73.57125854492188,-7.061410427093506,0.2347748875617981,0.0007,372.0,0.0,0.0,0.0,
201420.0,-0.011759548545793492,1.59891292956097,-10.857783317565918,7.139947891235352,10.857783317565918,6.304014911651618,0.0,0.00020337659411845955,0.010667276237086623,-0.07144187451324983,0.05109902737714838,0.00014624983741652882,0.010698904895438349,-0.07412229865523015,0.04983630950866759,-9.536019886343427e-05,0.00534358611275818,-0.03899507155225937,0.023240662240913784,-0.01907203977268686,1.0687172225516361,-7.799014310451874,4.648132448182757,0.007312491870826444,0.5349452447719174,-3.7061149327615075,2.4918154754333797,7875.108321851497,339.34396296319926,7009.640987279941,8621.548288278966,0.4314555374512537,0.16111912535258419,0.08449374377241275,0.8585068142308373,0.00010936216842838841,2.3167818614910617e-05,6.36249984798025e-05,0.00015950660650646968,0.7931464366330602,0.3467511442570424,0.33314109384533075,0.15331481551228188,0.804249582967627,0.18783645187031067,0.9287750550875491,0.1980511074265674,0.886966374997349,0.19151757250791565,0.8218405772015404,0.26928005268292443,0.9565010230549399,0.02460259571671486,0.12780031561851501,0.8427596688270569,0.0,-15.497782707214355,32.974159240722656,-7.061335563659668,0.0777444839477539,0.0007,373.0,0.0,0.0,0.0,
201960.0,-0.008968048027923538,1.2229266788714357,-11.477882385253906,5.759835720062256,11.477882385253906,4.272199144363405,0.0,-0.00013754644713340048,0.0068951381733988164,-0.06478002625944555,0.03151500417544136,-0.00016151029572505834,0.006934875691645506,-0.06697351133148467,0.031028599400538558,-4.462660563104534e-06,0.0043851351593115016,-0.04064603274964202,0.02104202766453949,-0.0008925321126209071,0.8770270318623004,-8.129206549928405,4.208405532907898,-0.00807551478625291,0.3467437845822753,-3.348675566574234,1.5514299700269278,7294.88838189558,478.63131846809625,6568.797197509769,8328.982931425266,0.43680695517141965,0.1630327678043238,0.07233202448282226,0.8304941886648824,6.366309354974998e-05,1.0099721428404785e-05,4.499085992071663e-05,8.933021322374363e-05,0.7890584273395287,0.3497995722291243,0.33839168135785413,0.14459120896239763,0.6651884763267009,0.17648820455480438,0.9107821741795903,0.19721795952036308,0.8498393103235231,0.19346662820806598,0.8197583590144149,0.2882359987543689,0.8771363831720808,0.025159653276205063,0.13123831152915955,0.8476957678794861,0.0,-18.688032150268555,53.108768463134766,-7.059633731842041,0.09028178453445435,0.0007,374.0,0.0,0.0,0.0,
202500.0,-0.02058046208198734,1.4570669410020354,-17.938810348510742,8.565229415893555,17.938810348510742,4.230388092994691,0.0,-0.0002567960124818983,0.009136325757399057,-0.12770057713585928,0.048802932442121014,-0.00029999676112984304,0.009372744421812218,-0.13662253916860928,0.047649449460889906,-2.790313243766809e-05,0.004981831099589219,-0.05553842031219014,0.030913784302966162,-0.0055806264875336185,0.9963662199178438,-11.107684062438029,6.182756860593233,-0.014999838056492147,0.46863722109061084,-6.831126958430464,2.3824724730444955,6000.727444092122,475.78068477798,5339.973310100685,7349.911453148905,0.42901493310452693,0.16566401340918335,0.038486015588592076,0.8956428648298402,7.470804789702442e-05,2.4747220664236187e-05,4.147230578376183e-05,0.0001289600492596997,0.7910072401090967,0.3479034139914183,0.33858444405838317,0.15693991712840302,0.7327290176533336,0.1827700627322409,0.8904684143470175,0.18880303734489753,0.7799547883794568,0.17415157433023132,0.7489963697533785,0.29733540846422724,0.9051486921005836,0.028650805354118347,0.14012795686721802,0.8898658752441406,0.0,-6.210783004760742,84.62353515625,-7.059223651885986,0.07818573713302612,0.0007,375.0,0.0,0.0,0.0,
203040.0,-0.07563923435128446,1.195005683977358,-7.297801494598389,4.587625980377197,7.297801494598389,4.5513152790069595,0.0,-0.0005387167936012854,0.00641905442047651,-0.03974866869439216,0.022561231823834155,-0.0005595902750442221,0.0064469648340818525,-0.040560225341454856,0.022310491566106885,-0.0002382986039928245,0.0043731670070588004,-0.026348951679940395,0.0173605066958761,-0.0476597207985649,0.87463340141176,-5.269790335988079,3.4721013391752202,-0.027979513752211114,0.3223482417040926,-2.028011267072743,1.1155245783053442,5524.903907014286,555.9988695653684,4539.101499632451,6376.839603786892,0.4184722549021436,0.16679451875194543,0.030751716706912263,0.8993400971193977,5.120892397768669e-05,1.003715749818578e-05,3.404012367971959e-05,6.941385300878804e-05,0.7967835056027368,0.3440693511354672,0.33249790319104294,0.16095342948508778,0.8508587687713957,0.1535604655954077,0.8417114690022421,0.20229005153151683,0.8223282417400788,0.19647602542516213,0.8709058265256094,0.2867200279628256,0.9262505935164841,0.026871059089899063,0.13186395168304443,0.9206176996231079,0.0,-62.13556671142578,115.39356994628906,-7.061290740966797,0.029481709003448486,0.0007,376.0,0.0,0.0,0.0,
203580.0,0.10052568760174499,1.4193338372349515,-6.616684913635254,9.116291046142578,9.116291046142578,4.948718276023867,0.0,0.00062138704026807,0.006985550802373853,-0.029742484216968474,0.036780296297393704,0.0005968780757172897,0.006970048142858571,-0.030193762529645795,0.036120042092496814,0.00035340893513919046,0.005365474935362585,-0.02553498284792506,0.03655144592541538,0.0706817870278381,1.073094987072517,-5.106996569585013,7.310289185083076,0.02984390378586448,0.3485024071429285,-1.5096881264822897,1.8060021046248407,5292.7368545874015,500.33572872935275,4482.53795417457,6411.382171142368,0.4336769187123716,0.1604367905503539,0.052749061450412846,0.8694710401204749,4.513232784395006e-05,7.72851489418758e-06,3.2403376378159225e-05,6.038931774309942e-05,0.7873644232902015,0.3497400079426348,0.34158677070989896,0.14137945956849862,0.7328672435056188,0.2157742723184054,0.9187210405428141,0.17435492401550276,0.7516863814069351,0.17131918675757357,0.9152634258754315,0.2971721573400196,0.8489018123959386,0.029056578874588013,0.16328898072242737,0.9287737607955933,0.0,40.893714904785156,60.425479888916016,-7.061779022216797,0.1978517770767212,0.0007,377.0,0.0,0.0,0.0,
204120.0,-0.10170933385164029,2.3223709285836285,-12.211172103881836,31.550640106201172,31.550640106201172,7.27850744724274,0.0,-0.0008715012918927054,0.019469768385855197,-0.1774863541837795,0.23444879990189468,-0.0010629579599207596,0.019616158949580492,-0.1953902058222147,0.21062455458245694,-0.00024280716872024366,0.007332088036072372,-0.028085490768599754,0.10509706076686526,-0.04856143374404872,1.4664176072144743,-5.617098153719951,21.01941215337305,-0.053147897996038,0.9808079474790246,-9.769510291110734,10.531227729122847,6377.746626362718,1016.1393059920083,2938.8209932941245,7745.886261696868,0.4317667613596064,0.1553847932085505,0.06894876018415509,0.8828160517646795,0.00012273127610706088,0.00019132780619421133,4.090978989336678e-05,0.0007680965040396504,0.786880021296233,0.35263885566711145,0.34136236728621316,0.1460065818172938,0.8228548233299741,0.18484151901826282,0.8864022049678897,0.19080148668111419,0.7847774839866267,0.17322732674763264,0.8750334636468944,0.3051230857356965,0.9216132986433195,0.03513607755303383,0.1457323133945465,0.941019594669342,0.0,-82.19221496582031,214.3329315185547,-7.062349796295166,0.0970069169998169,0.0007,378.0,0.0,0.0,0.0,
204660.0,0.07354813545165666,1.1359342297936346,-5.696693420410156,7.25285530090332,7.25285530090332,3.781622228622437,0.0,0.0006838940012179617,0.010753804236880472,-0.03960622942702122,0.08093902544983132,0.0006262279271783827,0.010703916681485329,-0.04041190093993709,0.07783013137687778,0.00021118369263369718,0.0030662528806245067,-0.01882742699619943,0.01680674353817356,0.04223673852673945,0.6132505761249013,-3.765485399239886,3.361348707634712,0.03131139635891914,0.5351958340742664,-2.0205950469968545,3.891506568843889,4297.649879994675,303.64087892337665,3578.345605656939,5288.415730264118,0.4249128875248483,0.16897147070913168,0.05279596053540596,0.902439765990273,0.0003421836297112437,0.0001829229807706409,0.00012046246218919895,0.0007437188945928631,0.7877084124533575,0.351086236463762,0.3398746457365159,0.14703434665726714,0.8793769839721962,0.23929291425076604,0.9298300246925272,0.15493824546574494,0.8328344034944405,0.16023010256671932,0.7984507409451737,0.2985043910595026,0.9405304271228829,0.02576730214059353,0.16878554224967957,0.9493234753608704,0.0,26.613842010498047,25.12776756286621,-7.062280178070068,0.33796143531799316,0.0007,379.0,0.0,0.0,0.0,
205200.0,-0.029080448847660725,1.2116436234303425,-13.060839653015137,3.9919369220733643,13.060839653015137,3.7734933686256467,0.0,-3.3008947209150334e-05,0.007293032676157199,-0.07710791050537913,0.028217732277550915,-6.004965391450717e-05,0.007385210846734651,-0.08024296410434445,0.027826946432544564,-0.00013038982579519832,0.004233430698444889,-0.0461836863702766,0.013002948399413435,-0.02607796515903967,0.846686139688978,-9.23673727405532,2.600589679882687,-0.0030024826957253557,0.36926054233673256,-4.012148205217223,1.3913473216272283,4915.738062503919,158.73474145238873,4473.221788800958,5302.2337839618485,0.4290698241111808,0.15831386113269616,0.03163140060848252,0.8294645505619748,8.616345954038937e-05,2.582574723942671e-05,4.5104230637760484e-05,0.00013387657991712293,0.788609469130009,0.3502214456087474,0.34013233512728724,0.14870392526131307,0.7512563841522747,0.21551434505099176,0.8942584192883416,0.16046742197970615,0.8150034345686833,0.1673990852417404,0.8943051212499955,0.3079152224662486,0.885672572944709,0.026938680559396744,0.16020017862319946,0.9200149178504944,0.0,-27.105045318603516,31.6568603515625,-7.062742233276367,0.24713194370269775,0.0007,380.0,0.0,0.0,0.0,
205740.0,0.051528091732998965,1.1999101450619265,-6.999477863311768,8.319968223571777,8.319968223571777,4.312975287437439,0.0,0.00023923981812146104,0.005123815249968112,-0.02646140970123776,0.037576644054907314,0.00022611711132399355,0.005114993544327431,-0.026817814176140826,0.036887844182044896,0.00020111117642038307,0.0047326703017134585,-0.028292935333087844,0.03393522748708979,0.040222235284076584,0.9465340603426918,-5.658587066617569,6.787045497417958,0.011305855566199674,0.25574967721637154,-1.3408907088070414,1.8443922091022449,4757.135177412089,242.5274195635494,4451.151508803247,5525.596081834319,0.4230123170028487,0.1658355246862128,0.03056955571722735,0.8003895447824327,2.9278550428705476e-05,6.006100517017485e-06,1.991800014166947e-05,4.5636612754539296e-05,0.7847956641309494,0.3546195060954001,0.3432691311027064,0.15098251034326257,0.7789958281706837,0.2076215335367016,0.813549048096188,0.16786396065662915,0.7567919462621495,0.16015204333634378,0.8642141148860232,0.31337995212706293,0.8905880671747082,0.027490699663758278,0.15963564813137054,0.9095317125320435,0.0,26.424413681030273,70.34368896484375,-7.061659812927246,0.015264034271240234,0.0007,381.0,0.0,0.0,0.0,
206280.0,-0.0044108419795520605,1.7665228136125504,-21.07708740234375,5.556719779968262,21.07708740234375,5.373580932617192,0.0,0.0003795075449479127,0.008644467838056974,-0.06325841699158657,0.03466898878105345,0.00034185274777259544,0.00868468935344432,-0.06534782666131757,0.034081557961929326,-0.00010751740293960293,0.00674076935561182,-0.0890484807035116,0.019680864569367126,-0.021503480587920593,1.3481538711223642,-17.809696140702318,3.936172913873425,0.017092637388629775,0.43423446767221596,-3.2673913330658784,1.7040778980964664,5968.376215578043,219.07113918370214,5297.38042701121,6532.95928618825,0.42216636636067556,0.1631983924969577,0.045246138815906535,0.8353804402285218,5.715981211697219e-05,1.4603492366930043e-05,3.45502831061749e-05,8.711149233324659e-05,0.7911056954992048,0.34869950496336755,0.3363780422762979,0.1588820501012164,0.809252946084044,0.21629886476106666,0.8613032740863148,0.16137847621721302,0.8818683754385979,0.17496347482656976,0.8089534990852439,0.2884771340939342,0.9182903644310487,0.030482683330774307,0.15079310536384583,0.9094641208648682,0.0,-15.862011909484863,50.47126770019531,-7.062924385070801,0.21870315074920654,0.0007,382.0,0.0,0.0,0.0,
206820.0,0.030483627477143373,1.1606260504847752,-6.112923622131348,6.583700180053711,6.583700180053711,4.517663011550911,0.0,0.0002825453110693678,0.006518521566652503,-0.03493673499506821,0.04071510188630786,0.00026126298437791106,0.006518929088724429,-0.035561620201484276,0.03990807483370999,8.710240185969168e-05,0.004188538750214903,-0.02167421366469645,0.024433233621814585,0.017420480371938354,0.8377077500429805,-4.33484273293929,4.886646724362917,0.013063149218895554,0.32594645443622144,-1.7780810100742137,1.9954037416854995,6490.6797424754,349.0801324336281,5960.780750754825,7522.827279931259,0.4291500811821807,0.15995934354091085,0.07241371541634609,0.8724858067718078,6.009017573884331e-05,1.8460585571047556e-05,3.428296439868932e-05,0.00010024644459566512,0.7862188027454228,0.3531033136079413,0.34135988403352563,0.14125564009181873,0.7912093146209521,0.22563554177585418,0.8501706202134711,0.17903128645371574,0.7480795205683272,0.15835632121228777,0.851899988976821,0.2957212104663236,0.9097200410525557,0.02657819166779518,0.1631140112876892,0.9288386106491089,0.0,18.89202117919922,45.78963851928711,-7.060856342315674,0.025972425937652588,0.0007,383.0,0.0,0.0,0.0,
207360.0,-0.022221097640296512,1.5921668001120535,-7.050330638885498,6.101862907409668,7.050330638885498,5.661161885261536,0.0,0.00023756350592573557,0.008619392495772307,-0.03495853918174087,0.04360988896303185,0.00020035883355720482,0.008625794323434865,-0.03558421398759532,0.04268575005293453,-0.00016119519229626798,0.005826148146047527,-0.026840265374838145,0.019837877757385172,-0.03223903845925361,1.1652296292095055,-5.368053074967629,3.9675755514770343,0.010017941677860236,0.4312897161717433,-1.779210699379766,2.1342875026467265,7807.54345148133,620.7180289143469,6864.458956382333,9030.913293872618,0.4251917521782903,0.15922621284279564,0.032739183045229096,0.8842052959196416,5.9079956582375785e-05,1.791298787066954e-05,3.414623530781804e-05,9.089050238027591e-05,0.7906889412953312,0.34809003206198597,0.33873977521124427,0.15006585317525914,0.7982392444132607,0.21785441104197958,0.8629343454265332,0.18002843160031437,0.853563273291877,0.16847830334936928,0.8418457110576878,0.2835730008330776,0.879300252993735,0.03330332413315773,0.1511552333831787,0.9520536065101624,0.0,-2.381556510925293,30.333152770996094,-7.061956405639648,0.2828108072280884,0.0007,384.0,0.0,0.0,0.0,
207900.0,0.018296806631325227,1.8683844468636788,-13.093255043029785,4.763850212097168,13.093255043029785,5.3024416637420675,0.0,0.0006674202679768143,0.013232723065369408,-0.08031261910197879,0.039270870403654824,0.000579099832280756,0.013299952748780144,-0.08372147005701479,0.038519381127127494,-5.329093047731634e-05,0.006077063697992404,-0.04453590914861331,0.014208886167962032,-0.01065818609546327,1.2154127395984808,-8.907181829722662,2.8417772335924063,0.0289549916140378,0.6649976374390072,-4.186073502850739,1.9259690563563747,11215.848971297979,1455.4852808782923,8403.06355942998,14408.533800327394,0.43546164627399686,0.15851846077606568,0.06628917368078022,0.8895768124603962,0.00013037824294057407,6.347223729411623e-05,6.43861373444941e-05,0.00023559687248409446,0.796869212426158,0.34432015602888183,0.33252897586089464,0.16958462526550186,0.9106148388119385,0.21993754465310994,0.8408475991231293,0.1901097595260192,0.7907594282511134,0.1716640616489642,0.7320913041813838,0.2487040089064048,0.9396180459032539,0.03777966648340225,0.1167653352022171,1.0916147232055664,0.0,5.785015106201172,82.04789733886719,-7.065394401550293,0.23578619956970215,0.0007,385.0,0.0,0.0,0.0,
208440.0,0.0681758258888429,1.7814380752098946,-7.3311262130737305,6.648139953613281,7.3311262130737305,6.108828711509705,0.0,0.0010868075326037274,0.01472632498950173,-0.05696500929992517,0.0593956661471645,0.0009776569117203868,0.014748336318870242,-0.05865189131059556,0.057698619263931966,9.646489936381103e-05,0.005247416069727287,-0.023500153997340695,0.018816045712169972,0.019292979872762215,1.0494832139454573,-4.700030799468139,3.7632091424339946,0.048882845586019345,0.7374168159435122,-2.932594565529778,2.8849309631965983,15752.595766562814,2692.419681655974,11030.579931485217,21538.59281637579,0.41418916731225125,0.15306788627757945,0.08388157944057711,0.8006120823086544,0.00020487590188877713,5.8641619277563796e-05,0.000144750385245811,0.00031183309711173025,0.8171588285145913,0.32792700064295294,0.3134875359179011,0.1969083600665918,0.813299477132766,0.18238079504745072,0.8304448319983821,0.22022587204975197,0.9112067334307921,0.20057474098846484,0.7488617683890787,0.1999102318477407,0.7254914053460015,0.0354737862944603,0.07656607031822205,1.0349056720733643,0.0,53.976829528808594,198.47239685058594,-7.065478801727295,0.09117364883422852,0.0007,386.0,0.0,0.0,0.0,
208980.0,0.014989069772019758,1.6582585477031495,-9.20693302154541,5.578644275665283,9.20693302154541,5.19251964092255,0.0,0.0005804280188068743,0.012675089208247671,-0.056637725720569486,0.04959716259026215,0.000499949129979901,0.012677179064309435,-0.058304898035408524,0.0484064358792071,-5.004193159996944e-05,0.005145253834248643,-0.03145844059964883,0.01628354878849341,-0.010008386319993906,1.0290507668497286,-6.291688119929765,3.2567097576986823,0.024997456498995048,0.6338589532154718,-2.9152449017704263,2.420321793960355,22006.523205632857,2844.4274673523605,17330.211893769512,28396.06238315439,0.431571219447956,0.16114886812672344,0.0510667029834658,0.8633702244221695,0.000158251805548745,4.066280217800354e-05,0.0001015569090151669,0.0002412646531148312,0.806593201152933,0.3354622419670613,0.3245341726603602,0.20221937227939293,0.861135625834801,0.18652624297452436,0.8357394126239504,0.2220706823660766,0.927767193089501,0.23107086953207998,0.8664995428105344,0.15811283284792613,0.747950386074388,0.023582616820931435,0.08371470868587494,1.0170263051986694,0.0,37.39044189453125,92.22146606445312,-7.06617546081543,0.10096871852874756,0.0007,387.0,0.0,0.0,0.0,
209520.0,-0.06649115492732058,2.0688576501901594,-11.228379249572754,7.0990495681762695,11.228379249572754,7.024683427810672,0.0,-0.0005324666652792525,0.01954704348845768,-0.11326880019920782,0.06866289939551613,-0.000726582995522764,0.019769746047038936,-0.12021338679274686,0.06640824030609735,-0.0001508100358993398,0.005474282440193167,-0.034280153164785505,0.018893187822108432,-0.030162007179867938,1.0948564880386336,-6.8560306329571015,3.7786375644216865,-0.03632914977613819,0.9884873023519467,-6.010669339637343,3.3204120153048673,24096.887581165614,5716.025344620386,15798.951460770177,33936.879716447984,0.42750711086293397,0.163060854640495,0.03947468844283629,0.870089283366402,0.0003305016168088327,0.00013574549557726607,0.0001731661042709195,0.0005521389197051949,0.8080152501030747,0.3350911945151653,0.3205578159973041,0.2043996062476152,0.8736377413512996,0.1828629134926406,0.8269079465399574,0.23461264914543278,0.8950534057213084,0.2139432898539568,0.900844655444894,0.16418154126035456,0.8004453690223496,0.02593771182000637,0.0828637182712555,0.976707935333252,0.0,-34.49001693725586,143.01898193359375,-7.0658440589904785,0.06982511281967163,0.0007,388.0,0.0,0.0,0.0,
210060.0,0.010045883088821062,1.3769456981530104,-6.134860992431641,7.607789039611816,7.607789039611816,4.245927743911745,0.0,-7.531039758200807e-05,0.01177734908040098,-0.05811135252444475,0.06327763179459597,-0.0001445518319756754,0.011763136750511757,-0.05986822001764006,0.061356242864330016,8.636737681578362e-05,0.003962753282045398,-0.015707250305043843,0.02269988549053377,0.017273475363156723,0.7925506564090795,-3.1414500610087686,4.539977098106754,-0.007227591598783765,0.5881568375255878,-2.993411000882003,3.067812143216501,15799.019125633524,979.6201721506127,13294.145158475692,17978.745526806913,0.424161193927047,0.15989783822417106,0.03813765846556088,0.880314006367169,0.0002286764580133475,6.489021152211619e-05,0.0001310266115539486,0.00037365487327372277,0.8049949633023311,0.3365349869921522,0.3227586036788589,0.21951977944457368,0.8484190519376127,0.1732702851930966,0.8341108378045645,0.2086233433846054,0.8377995820837072,0.2173757056105188,0.9235783844249739,0.18121088636720556,0.7256955472550737,0.03611479699611664,0.09701436758041382,1.0642625093460083,0.0,19.570173263549805,27.679046630859375,-7.06641149520874,0.4170079231262207,0.0007,389.0,0.0,0.0,0.0,
210600.0,0.02865802808449155,1.651985238487087,-17.32903289794922,8.05629825592041,17.32903289794922,4.990910863876345,0.0,0.0006817923837826639,0.010895739599113803,-0.0915113726820833,0.060759818350985456,0.0006218346793615373,0.01095136277679539,-0.09597290931131129,0.05898546110364027,-1.2168545476076708e-05,0.005542651874985735,-0.06265194089011196,0.02553512480844408,-0.0024337090952153417,1.108530374997147,-12.530388178022392,5.107024961688816,0.03109173396807687,0.5475681388397695,-4.798645465565564,2.9492730551820134,20743.390423617977,2309.5270234315262,15770.295610994424,25924.147904158213,0.43094089885961856,0.15679097073202908,0.05205754177843173,0.8688984567188544,0.00011292056114250849,1.5362826981987585e-05,8.474235885916322e-05,0.00014814929598218807,0.8015695201451255,0.33964761240549357,0.32865873712887805,0.24096595536881754,0.9251096747883064,0.20433299025422758,0.9151662785889596,0.1988043072696533,0.803949917519809,0.20493021185262145,0.7957309572595586,0.15096653525468018,0.7654680343996139,0.03053971752524376,0.08854340016841888,1.0164061784744263,0.0,34.356571197509766,77.22076416015625,-7.0676703453063965,0.14305192232131958,0.0007,390.0,0.0,0.0,0.0,
211140.0,0.01012902149533922,1.5892071859236108,-15.324250221252441,13.28804874420166,15.324250221252441,5.980163440704371,0.0,0.00011048089357685505,0.011939066635419689,-0.11117733283279117,0.09667583710406505,3.8805410969933274e-05,0.011993694598132213,-0.11785753786849441,0.09228363817517983,4.0943742734438146e-05,0.004957381455095068,-0.0471568681412122,0.04336933365446141,0.008188748546887626,0.9914762910190136,-9.43137362824244,8.673866730892282,0.0019402705484966546,0.5996847299066107,-5.892876893424721,4.614181908758992,20510.10603104442,1598.9583932715752,16998.238429787263,23973.170246318885,0.42304924995761906,0.1585478135687232,0.05880922705887313,0.7837389618412185,0.00015754166470089288,3.0913169288829456e-05,0.00010554984867475318,0.00023849459377314525,0.8109086909284994,0.33323002305549787,0.3178606467944926,0.2177266488422764,0.826590887607451,0.17580218228981856,0.8824652091267857,0.23382688894053283,0.8645257486514472,0.2236982857388411,0.8750323023715251,0.1489459941885311,0.7356393360207004,0.028267282992601395,0.09630341827869415,0.9670829176902771,0.0,35.610450744628906,76.14314270019531,-7.068902015686035,0.023770511150360107,0.0007,391.0,0.0,0.0,0.0,
211680.0,-0.048659367004142105,1.6035891725914249,-12.249293327331543,8.033529281616211,12.249293327331543,5.0003131008148225,0.0,-0.00018039613431288957,0.010478218887669005,-0.08517818652061762,0.05614006451903158,-0.0002358486616399804,0.010555646158093518,-0.08902597203758353,0.05462081334372333,-0.00018433466293455106,0.005402772612895111,-0.04580988988233361,0.02651244356998399,-0.03686693258691023,1.080554522579022,-9.161977976466721,5.302488713996798,-0.011792433081999018,0.527782307904676,-4.451298601879176,2.7310406671861664,23529.353719348583,1590.9400189755133,18668.409313452383,27193.751115836058,0.4273838525717105,0.1596120153397521,0.11363902645515987,0.8559698329136715,9.67737067333563e-05,1.5107203511957255e-05,7.078503098108958e-05,0.00014415079395152338,0.7960509124395883,0.34438149471327895,0.3320498770059531,0.2201824941868567,0.9007543896194048,0.17278900867919042,0.8556377978642474,0.22357591339266694,0.8960380078764139,0.23841597998788766,0.8801306653885254,0.14503660375339822,0.7313987994646699,0.021981792524456978,0.10784494876861572,0.9355011582374573,0.0,-13.459474563598633,56.91777801513672,-7.068408489227295,0.12213331460952759,0.0007,392.0,0.0,0.0,0.0,
212220.0,-0.03545869822717375,1.3306957825906718,-5.391263484954834,6.680545330047607,6.680545330047607,4.493666028976442,0.0,-0.00043615424221287087,0.00875534575380807,-0.03380861248299707,0.045275955404272296,-0.00047467928904417964,0.00877112944988516,-0.03439334066992653,0.044280922713057655,-5.862367759919428e-05,0.00447297903184202,-0.0186029522304268,0.022332497032816034,-0.011724735519838865,0.8945958063684039,-3.7205904460853603,4.466499406563207,-0.02373396445220898,0.438556472494258,-1.7196670334963267,2.214046135652883,18444.965059133934,1206.1285381152795,15477.768840306637,20838.67102996123,0.4148212049355782,0.15326734714598497,0.0725570714064643,0.8628989334094275,9.794022235018648e-05,2.4560182115580366e-05,6.72701326903523e-05,0.00014045167738920255,0.8077283662914719,0.33416220294077986,0.323774892669057,0.22292766621861396,0.8252199985909803,0.1759595672180027,0.8231116217817029,0.23377421263674836,0.8730290004082144,0.232745916826182,0.9439333359099276,0.134592637100453,0.8028378438904928,0.02293854020535946,0.11034911870956421,0.9271360635757446,0.0,-4.838018894195557,26.725950241088867,-7.066346168518066,0.33105528354644775,0.0007,393.0,0.0,0.0,0.0,
212760.0,0.021649471507407723,1.630805380723614,-8.901247024536133,7.014044761657715,8.901247024536133,5.483201642036447,0.0,1.1782722491380428e-05,0.01117043626662561,-0.0627494432785426,0.045125914751688326,-5.07694312186434e-05,0.011192963457552309,-0.06480462937167226,0.044137370743473514,0.00012093971481624149,0.005367662646249924,-0.02830507580922271,0.02465058780982818,0.0241879429632483,1.0735325292499849,-5.661015161844542,4.930117561965636,-0.002538471560932174,0.5596481728776154,-3.2402314685836133,2.206868537173676,15516.867486138095,1084.0474803682107,13064.906706792495,17929.168563843607,0.432765922547375,0.15521522528221365,0.06947455954717327,0.8218829933924974,0.00011365059866889119,1.2342893981220221e-05,8.251107827797531e-05,0.00013818202716769375,0.8005087634399274,0.34167383380274063,0.32947948870399063,0.22765967676014465,0.8452658143477404,0.18493903826623873,0.8614283033074772,0.2216808352900128,0.7977833659181983,0.21289459643563508,0.8643063655461245,0.15282585324796874,0.7957992349276685,0.03211003541946411,0.10043416917324066,1.008737325668335,0.0,21.992639541625977,74.42070007324219,-7.067355632781982,0.18021756410598755,0.0007,394.0,0.0,0.0,0.0,
213300.0,0.022887923786334727,1.1717336979948516,-4.975372791290283,5.519716739654541,5.519716739654541,4.066301460266114,0.0,0.00025259897669663837,0.007013825202181665,-0.03504410509518139,0.038723430596091415,0.0002279931738582984,0.007009974813585704,-0.03567288344949158,0.037992488613548564,5.7441322843961106e-05,0.004123767400698546,-0.017728827193116154,0.018100461906179408,0.011488264568792232,0.8247534801397093,-3.545765438623231,3.6200923812358816,0.011399658692914915,0.3504987406792852,-1.7836441724745788,1.8996244306774281,16695.588192391708,1059.3117515717333,14350.620266827975,18772.469196722126,0.4273777989616752,0.1628130420187257,0.03088238852482794,0.9094720334215778,7.350109781171333e-05,2.3537767474165324e-05,4.4819338416386317e-05,0.00012487675852038618,0.800146227552757,0.3428212090552265,0.3302487770101616,0.23623393498462206,0.9639728057348693,0.2088946696169725,0.8461675796089386,0.20389658309913286,0.9006666438039775,0.2039078788007519,0.9141424544179648,0.14706693349852068,0.8495170295857752,0.02992984652519226,0.10387943685054779,1.0464692115783691,0.0,16.321151733398438,54.79276657104492,-7.069929122924805,0.1492592692375183,0.0007,395.0,0.0,0.0,0.0,
213840.0,-0.04742924119647661,1.6900432257073865,-9.382383346557617,9.926656723022461,9.926656723022461,6.235853638649,0.0,-0.0005396854846856835,0.01069060877689337,-0.05963583928444685,0.055081965858659016,-0.000597063694487243,0.0107007943088804,-0.061488073723489696,0.05361845666712665,-8.788029703022246e-05,0.005848404532170199,-0.034870556720717406,0.038680327845336836,-0.017576059406044477,1.1696809064340399,-6.974111344143481,7.736065569067367,-0.029853184724362145,0.53503971544402,-3.074403686174485,2.680922833356332,13902.367241315427,1567.0230361630668,10864.52634827127,16865.103009638067,0.43479761702887354,0.1552765681662586,0.04911806283606205,0.8822134669195242,9.537477357918127e-05,4.4632241313014495e-05,4.143352432565914e-05,0.0001659726366588737,0.801193719216612,0.34054142504930957,0.3282714232541708,0.22233465259878626,0.9096995768018726,0.19617386272573142,0.892978132504864,0.19737559374418495,0.8474659830997845,0.19691269150556506,0.7511816359064979,0.18720319942573233,0.8879933879726168,0.03801647573709488,0.09371931850910187,1.0244380235671997,0.0,-20.603330612182617,44.41160202026367,-7.071619033813477,0.3204258680343628,0.0007,396.0,0.0,0.0,0.0,
214380.0,0.02269336551307114,1.5999814146499614,-7.563505172729492,7.742682933807373,7.742682933807373,4.906192746162415,0.0,-0.00011928284540999846,0.011927836405393027,-0.07241787932986953,0.04888604628740467,-0.00019066016737864495,0.011957312780983644,-0.07517394861389354,0.04772869271017035,0.0001611318446469697,0.005046702351796213,-0.019024039894856657,0.026781240701165877,0.03222636892939395,1.0093404703592426,-3.8048079789713314,5.356248140233175,-0.00953300836893224,0.5978656390491821,-3.758697430694677,2.3864346355085173,9960.753101273602,1186.205340947248,7730.146589303033,12947.351221500046,0.42893531164425275,0.16453103285546908,0.05886046403741607,0.8429393048038654,0.00013817243123272004,3.62438341389507e-05,8.800347836391854e-05,0.00021017978689503883,0.806445297663528,0.33648815746077493,0.3226237328591271,0.18305337958159082,0.8024487611404483,0.2136861207502686,0.8396522816494092,0.19323980592891174,0.8795859608069845,0.1869187570115356,0.850804327893922,0.22310193672769318,0.8912239504718126,0.039267320185899734,0.09690621495246887,0.983335554599762,0.0,15.118642807006836,129.2085418701172,-7.068550109863281,-0.003999590873718262,0.0007,397.0,0.0,0.0,0.0,
214920.0,-0.02054212379174445,1.3675988848738958,-6.665957450866699,8.685790061950684,8.685790061950684,5.1438861608505375,0.0,3.355425489744566e-05,0.008802748568111196,-0.03862933144477729,0.06098189207530651,-5.02271165433176e-06,0.008774845317689333,-0.03939523308356685,0.05919479263918082,-0.00010145494057129134,0.004653833037046374,-0.02348097820498625,0.028630253258514714,-0.02029098811425826,0.9307666074092749,-4.69619564099725,5.726050651702943,-0.00025113558271658266,0.4387422658844667,-1.9697616541783425,2.959739631959041,11543.87609604598,690.1470155158262,10184.128555472811,12821.86979604156,0.4353666214314684,0.16838517515249266,0.05396358076670069,0.8957848711234104,8.990745764899318e-05,1.6148152004048273e-05,6.792543170190873e-05,0.00012960569926817803,0.8005372726275779,0.34232358706553717,0.3270244427156476,0.18774535987777152,0.9134987521168029,0.22851770274101452,0.8403572378507943,0.19004465152060365,0.8816877011166455,0.1890836232233466,0.9293745156062793,0.20460866263726374,0.8785981610899409,0.039596378803253174,0.0904165655374527,1.1174529790878296,0.0,-17.009517669677734,45.44926834106445,-7.070791721343994,0.21975743770599365,0.0007,398.0,0.0,0.0,0.0,
215460.0,-0.026722174151196938,1.273690503591847,-8.9127779006958,4.26893949508667,8.9127779006958,4.850260996818545,0.0,-0.000270004489258209,0.0075556106769485406,-0.04525659438397968,0.0255083934231671,-0.0002988672989137905,0.007610952116903508,-0.04631265982257402,0.025188483209789624,-5.889404942425183e-05,0.0044777769439438885,-0.032985723595170005,0.015047576138806836,-0.011778809884850375,0.8955553887887777,-6.597144719034001,3.009515227761367,-0.014943364945689529,0.3805476058451754,-2.3156329911287012,1.2594241604894811,10208.982586229697,872.4455764320444,9087.31731798259,12366.769264238763,0.4363100056851039,0.16097553487086105,0.05718043295660007,0.8676670625318557,6.908234791007446e-05,1.4181248226000652e-05,4.08445473528029e-05,9.74419693239357e-05,0.8015050723220964,0.34074761524831665,0.3278809811051207,0.19367238762714126,0.8990023574208369,0.226447818940936,0.8832750257960934,0.1839528247387827,0.7333758698107367,0.1782173018891102,0.8556460484359293,0.21770966680402978,0.8594705635552438,0.035872094333171844,0.08700347691774368,1.0340766906738281,0.0,-30.79741668701172,55.257781982421875,-7.069806098937988,0.19991552829742432,0.0007,399.0,0.0,0.0,0.0,
216000.0,0.016646639025000493,1.6959382484054466,-17.29667091369629,13.146883964538574,17.29667091369629,6.470305242538456,0.0,0.00010517531515949649,0.009517607381426636,-0.07872774945987843,0.07869280630236068,5.988403390016713e-05,0.009518698649860532,-0.0819996832165313,0.07574994351853222,6.826219015974969e-05,0.006155845745070015,-0.06598342991463767,0.04679693344484456,0.013652438031949926,1.231169149014003,-13.196685982927534,9.359386688968913,0.0029942016950083605,0.47593493249302665,-4.099984160826565,3.7874971759266107,9602.271635325926,595.0157042760537,8397.06752265793,11166.632791429423,0.42329496834564007,0.16725572341942752,0.06642664099242775,0.867343555057126,7.462818683177061e-05,3.852293439357615e-05,3.0336849591476397e-05,0.00013719862765428065,0.8046332142582842,0.33890560197645964,0.3249107468019405,0.19865530497306194,0.8267130606509479,0.22351326822067683,0.8627756962902223,0.20002819065273617,0.8446160706543113,0.1797127397352021,0.8037329467794381,0.198090496418323,0.8922525799207609,0.036717627197504044,0.09794479608535767,1.08877694606781,0.0,2.0060770511627197,74.1216049194336,-7.068588733673096,0.22386932373046875,0.0007,400.0,0.0,0.0,0.0,
216540.0,0.04933146064081315,1.0779541706366955,-5.537573337554932,5.9986677169799805,5.9986677169799805,4.748060417175294,0.0,0.0002781542211213492,0.005427871721166426,-0.029195443913042636,0.04053128825363806,0.0002634402908708493,0.0054134184790776045,-0.02963011201445974,0.03973143680178974,0.00018079723095320901,0.004057735301547615,-0.020280338924882128,0.023369929590754977,0.0361594461906418,0.8115470603095231,-4.056067784976426,4.673985918150995,0.013172014543542459,0.2706709239538802,-1.481505600722987,1.986571840089487,9573.812196735802,653.5012312562292,8760.328187795629,11614.193567430293,0.4329664394972281,0.1565702915786567,0.041052664345333896,0.903769318785298,4.49100427399112e-05,1.577011905229598e-05,2.2997549703264177e-05,8.35745221645187e-05,0.8049219841002822,0.3378689604580514,0.3245123153272289,0.20242518331254894,0.7567735177920853,0.2128239873301597,0.9457154894149616,0.18124087249636875,0.8878284257575387,0.17035005143617496,0.8785058372279804,0.23315990542474757,0.8440192144541534,0.03610380366444588,0.10885824263095856,0.9904294013977051,0.0,34.94510269165039,112.9263687133789,-7.068134307861328,-0.01855611801147461,0.0007,401.0,0.0,0.0,0.0,
217080.0,-0.03513756503252807,1.2420250915403346,-6.199021339416504,4.641684055328369,6.199021339416504,4.472761478424074,0.0,9.860142343228167e-05,0.005743624631543207,-0.026387669026700113,0.024573823118118877,8.209616140928156e-05,0.005745501988376315,-0.026742072050795217,0.024276743805147733,-0.000196211851643115,0.004777374363291764,-0.024309589322708818,0.01749300678457672,-0.03924237032862299,0.9554748726583528,-4.861917864541764,3.4986013569153442,0.004104808070464083,0.28727509941881574,-1.337103602539761,1.2138371902573866,11728.117361325963,320.9397149635957,10945.842447767915,12475.868008579535,0.4190567696094507,0.15988351307906573,0.0775577974167839,0.8273484082603735,3.70848196726893e-05,2.9222295026986876e-06,3.049888010324951e-05,4.33046327888228e-05,0.8062444631752735,0.3364405909808464,0.3239865865929963,0.20612923408794462,0.7880634274860857,0.18930764952779258,0.8511243331596395,0.2001742895907201,0.880883922622277,0.19367335587928863,0.8149633621704666,0.21071547091425408,0.8016881334020177,0.0397426038980484,0.08910095691680908,1.0264240503311157,0.0,-8.912736892700195,11.701091766357422,-7.068171501159668,0.49268150329589844,0.0007,402.0,0.0,0.0,0.0,
217620.0,0.028928922085281184,1.3745821559696543,-10.57951545715332,8.075340270996094,10.57951545715332,5.210005989074708,0.0,0.00026313548007684417,0.0073254916987658195,-0.05806444854772204,0.04685724578226848,0.00023626929810813269,0.0073270024194967715,-0.059818423463631365,0.04579257663472598,8.55772795412868e-05,0.00505701323325674,-0.03794297197995565,0.029021141025811936,0.017115455908257367,1.0114026466513482,-7.58859439599113,5.804228205162387,0.011813464905406634,0.36635012097483854,-2.9909211731815684,2.289628831736299,12241.11895091444,801.8564971372587,9910.906190603127,13475.022549918747,0.42518244615277256,0.1480075264595126,0.03921046943784714,0.9023463862779526,5.159532956220771e-05,1.5580081875808427e-05,2.7446855827264574e-05,7.574633793185938e-05,0.8131343573734923,0.33206945799069915,0.3166960294216187,0.2076484880539925,0.921294603958389,0.20484782387429443,0.9168816050056666,0.19524421190839347,0.8344140214131797,0.1930272656482291,0.8686809307535792,0.19923221051509052,0.7848202567675235,0.03980701416730881,0.09192723035812378,1.076886773109436,0.0,29.034713745117188,68.70185089111328,-7.067087173461914,0.2442643642425537,0.0007,403.0,0.0,0.0,0.0,
218160.0,-0.020319036535349572,1.1821877426489722,-10.021464347839355,3.9553675651550293,10.021464347839355,3.9727053475379948,0.0,-4.694006766262813e-05,0.005079169123662651,-0.04131607943924289,0.016584869256519107,-5.9909780623039474e-05,0.005099720561860183,-0.04219385116797472,0.016448842245417646,-8.661773036468033e-05,0.00464114933741159,-0.03955885799206652,0.015664627250886597,-0.01732354607293605,0.928229867482318,-7.911771598413305,3.132925450177319,-0.002995489031151974,0.25498602809300913,-2.109692558398736,0.8224421122708823,12773.906500017625,301.8240518803496,11997.380895542257,13642.96555619359,0.4202620013130684,0.15397613946608824,0.03994591728276524,0.8419646723237205,3.137048331927495e-05,6.129708198740087e-06,1.955753515460054e-05,4.442607344846439e-05,0.8088199500847403,0.3346751714689907,0.3210954179588676,0.21274078346362013,0.8880168783048327,0.18802506412259565,0.9054999252812974,0.20553803805689452,0.8425402279439415,0.21035193649030995,0.9114693208520737,0.18334417786657972,0.7957645751229943,0.037752822041511536,0.08747275918722153,1.167358160018921,0.0,0.605171263217926,13.05505657196045,-7.065709114074707,0.487920880317688,0.0007,404.0,0.0,0.0,0.0,
218700.0,0.0037511660710960212,1.4195391724094344,-9.987977981567383,7.741947650909424,9.987977981567383,6.791498289108282,0.0,4.335379865383313e-05,0.006237140176601875,-0.044880657225392195,0.03958193525930439,2.3872044625598465e-05,0.006244753912479019,-0.04591898005290511,0.03881864700792847,1.2787821992624811e-05,0.005546859557723521,-0.038460144357587545,0.029398070558944646,0.0025575643985249674,1.109371911544704,-7.692028871517509,5.879614111788929,0.001193602231279921,0.31223769562395093,-2.2959490026452554,1.9409323503964233,12542.977021221688,547.5303531653867,11185.316884289634,13598.741380248659,0.4216327369020919,0.15456898263716798,0.09832463285404633,0.8646771083894655,3.3283203558097115e-05,7.417785292037056e-06,1.7676788197344508e-05,5.018493745291418e-05,0.8088180492580633,0.33523765104165737,0.32044529984156866,0.19934698905718629,0.8359522588784677,0.19754411670209268,0.8182308040176735,0.2020228585391578,0.8773399031383319,0.19826100857242882,0.8654142336612406,0.2028250271291344,0.8270783913940488,0.03722944110631943,0.08139145374298096,0.9974265694618225,0.0,9.864679336547852,52.92551803588867,-7.065377712249756,0.1524810791015625,0.0007,405.0,0.0,0.0,0.0,
219240.0,-0.048349273051307706,1.0076313873563583,-9.205957412719727,5.209951877593994,9.205957412719727,4.075896303653719,0.0,-0.000265621300025875,0.004190540450945328,-0.053236638818619036,0.0181396200173328,-0.0002745467203728029,0.004229447412676395,-0.054706099618135356,0.017977060017992225,-0.00017310967335438002,0.0040101411014233515,-0.03235326151376057,0.02155549343322152,-0.03462193467087601,0.8020282202846702,-6.470652302752114,4.3110986866443035,-0.013727336018640143,0.21147237063381974,-2.735304980906768,0.8988530008996113,12356.340364063492,644.5015010347555,11059.619168361582,13157.72608809235,0.4107097358501779,0.14708312004783472,0.07577162491082337,0.8579860265596424,2.288294968696856e-05,6.1929447507157195e-06,1.2105672245900468e-05,3.5798951824952655e-05,0.8225356900795358,0.32257920790510974,0.30793958605334715,0.19165447329560006,0.8104461727468159,0.19088596972313523,0.7649098316653827,0.20939119087960617,0.8719526970929129,0.21128766732429763,0.8725891381647168,0.1967806987773609,0.8042498035048082,0.033840686082839966,0.07569734007120132,0.9992573261260986,0.0,-30.406705856323242,42.69443130493164,-7.065217971801758,0.28060173988342285,0.0007,406.0,0.0,0.0,0.0,
219780.0,0.01791257092446796,1.221647140738512,-4.902445316314697,14.526899337768555,14.526899337768555,4.046593403816225,0.0,-1.1550220797499338e-05,0.004223980721591241,-0.017812915827197268,0.044516309637663246,-2.0418139169429568e-05,0.004205201569650155,-0.01797347535878768,0.04355391667252925,9.466737797120613e-05,0.005064770547547793,-0.020630865960887694,0.061746016073218994,0.018933475594241234,1.0129541095095587,-4.126173192177538,12.349203214643799,-0.0010209069584714767,0.21026007848250775,-0.8986737679393839,2.1776958336264625,11283.200321399006,229.048343514115,10647.772761625121,11942.896635224206,0.4239608500467966,0.1613533670465353,0.05571148966342865,0.833889683442246,2.0178999907063922e-05,4.503316015577241e-06,1.468845664162502e-05,3.201701026634221e-05,0.8062070937224265,0.33833906356617177,0.3233113448755083,0.1905097621021307,0.9083554393231535,0.206534843986421,0.8355024323972046,0.20934801080153215,0.8654536270065258,0.18240286800253486,0.7772004201143191,0.21120451510738125,0.8712149848732963,0.0363323949277401,0.07962007820606232,1.0680233240127563,0.0,-8.801961898803711,20.22941017150879,-7.064973831176758,0.1816781759262085,0.0007,407.0,0.0,0.0,0.0,
220320.0,0.030924536224726278,1.3577393065054149,-7.427861213684082,7.253006458282471,7.427861213684082,5.2075024700164905,0.0,0.00034116141334155877,0.0055054196321244805,-0.023612819805255623,0.048418822425941054,0.0003260106093518116,0.005489570376541379,-0.02389607021488493,0.04728314578357652,7.31200419841454e-05,0.0054502921608303905,-0.031820995024666655,0.0244442448036366,0.014624008396829086,1.0900584321660782,-6.364199004933331,4.888848960727319,0.016300530467590578,0.274478518827069,-1.1948035107442465,2.3641572891788263,12756.506315646742,879.1206667704843,11115.495867968888,14125.98892896818,0.4380640840237834,0.16556637309920222,0.04773938694182095,0.9431203880501368,2.4708143261106003e-05,7.956599813930229e-06,1.2421833714213016e-05,3.6687237969564975e-05,0.8029901991670824,0.33889879419538815,0.32693982167646246,0.2302625549112305,0.9068195195155625,0.2390008693854671,0.8784210755629744,0.16324275052203327,0.8888895108086867,0.1817926307017059,0.8310677543820226,0.18570119447956324,0.8181175691023113,0.034252721816301346,0.10415921360254288,1.091190218925476,0.0,5.983762264251709,43.48979949951172,-7.064523696899414,0.1684975028038025,0.0007,408.0,0.0,0.0,0.0,
220860.0,0.015425725262590546,1.390170572741501,-9.922563552856445,4.9937238693237305,9.922563552856445,4.151614780426034,0.0,0.0002604668102645258,0.005983443181215545,-0.03418869205425833,0.02271642759988581,0.00024248752247948044,0.005995488097721387,-0.03478679723917164,0.022462251671278372,1.6506729079045096e-05,0.005458632931203728,-0.04091612065666136,0.019353057223979904,0.0033013458158090256,1.0917265862407457,-8.183224131332272,3.8706114447959807,0.012124376123974028,0.2997744048860693,-1.739339861958582,1.1231125835639186,14496.29033859809,546.1349861447587,13217.382371358925,15848.227207121698,0.4344301782045993,0.1553950294467958,0.032902357799457736,0.8232938027955049,3.236815331772978e-05,4.5688334680334375e-06,2.4717300104595763e-05,4.269040937303317e-05,0.8023400782185264,0.3405143816749584,0.3270298943092336,0.23678798831470094,0.8875330575031499,0.2163188378507426,0.89382164608779,0.18975133582905465,0.7968906746550537,0.19727491936516445,0.8548386278030697,0.15986691864033734,0.8308414966395005,0.036803171038627625,0.11243213713169098,1.0353267192840576,0.0,-6.553206443786621,27.407480239868164,-7.065585136413574,0.2611038088798523,0.0007,409.0,0.0,0.0,0.0,
221400.0,0.02052467992072235,1.220456546546993,-7.546670913696289,5.788052082061768,7.546670913696289,4.549654803276068,0.0,0.00016357683419507534,0.0053368889017357275,-0.030517260461895724,0.026694932674732122,0.00014929297846500298,0.005345635381208645,-0.0309926079255735,0.026344839764417424,6.530015106703998e-05,0.004773624100893124,-0.031201258026047535,0.0223540513244493,0.013060030213407996,0.9547248201786249,-6.240251605209507,4.47081026488986,0.007464648923250152,0.2672817690604322,-1.549630396278675,1.3172419882208712,14758.444214060682,921.0059244854172,13312.702275293683,16632.555844041275,0.4264092577144732,0.16066295808739414,0.02202536888889367,0.8775560811988887,3.245357057463621e-05,5.303701452393139e-06,2.354578901957038e-05,4.2160408254502297e-05,0.7986933320772763,0.3425852539312502,0.3327739897642672,0.24379256278361836,0.8426592033579478,0.22119653202449632,0.7766711279237793,0.16572565452144317,0.8536950464228749,0.21552682850405383,0.9163772129270337,0.1537584221663883,0.7674044704137515,0.033825766295194626,0.11801756173372269,0.8994861245155334,0.0,26.859363555908203,50.72396469116211,-7.065698146820068,0.1546773910522461,0.0007,410.0,0.0,0.0,0.0,
221940.0,0.006025386209754894,1.622810587415831,-13.737419128417969,7.490846157073975,13.737419128417969,5.624133305549624,0.0,0.0005784355371097522,0.008927696414372936,-0.04679253698159944,0.05371041280868709,0.0005384856314208061,0.008919081905343247,-0.04792270435219425,0.05231766171239965,-0.0001044944717774722,0.005940728343154016,-0.056706419394018916,0.024374814524396358,-0.02089889435549444,1.188145668630803,-11.341283878803782,4.874962904879272,0.02692428157104031,0.44595409526716234,-2.3961352176097126,2.6158830856199824,20994.812565165586,1819.450522937437,16439.511313881492,23970.841386810574,0.42733265581423013,0.1691968546722825,0.04118046422439747,0.8707425770425669,6.66324744046979e-05,1.919525948041749e-05,2.74832108316791e-05,9.691240186352776e-05,0.7961904571658166,0.3447176767355159,0.3327310916570795,0.24801035687216028,0.8314298269879604,0.20581766922307768,0.8649413737890945,0.18486191239816147,0.8755184836887442,0.20813482281522785,0.8441323285581135,0.15317523869137273,0.7876431751379199,0.031785473227500916,0.11559857428073883,0.8621419072151184,0.0,-4.29284143447876,35.6878547668457,-7.065077781677246,0.1891137957572937,0.0007,411.0,0.0,0.0,0.0,
222480.0,0.005678344894126726,1.2954806461777788,-6.200656890869141,7.251561641693115,7.251561641693115,4.90847398281098,0.0,-9.823341456257208e-06,0.00736849909262847,-0.03671926644826565,0.03479090450236183,-3.702463904855467e-05,0.007379664555526433,-0.037410389883914846,0.03419938167220765,3.764787640091009e-05,0.004644121414296324,-0.02233619149306971,0.027707962988232797,0.007529575280182022,0.928824282859265,-4.467238298613942,5.541592597646559,-0.0018512319524277303,0.36898322777632164,-1.8705194941957424,1.7099690836103827,20422.517506860895,858.5960647821554,18718.956960055362,22967.5909828551,0.4185687879768893,0.16069679860888988,0.04625091665202687,0.8088757227644021,6.235813432340063e-05,1.5542547540969397e-05,3.689320820921689e-05,9.157759240567108e-05,0.801770512232053,0.34075080159873056,0.32739986880786814,0.2301280853041811,0.8223710831419416,0.20179339222600237,0.8986394133353843,0.19293252655047655,0.8893001567976107,0.22513284794304428,0.8707117172368514,0.15001314797629572,0.723979888116195,0.031853627413511276,0.10965102910995483,0.943571150302887,0.0,15.156706809997559,39.71763610839844,-7.0612592697143555,0.19517511129379272,0.0007,412.0,0.0,0.0,0.0,
223020.0,-0.059190918557470905,1.2894518053778636,-8.609257698059082,5.554403781890869,8.609257698059082,5.139911317825322,0.0,-0.00038155283290351613,0.005971820823430944,-0.04290003297312242,0.022324787324352332,-0.0003995852442193454,0.006003030592017363,-0.04384743423135034,0.022079237111509907,-0.00019605827324864922,0.0049653701275371425,-0.03382106836990596,0.022252209585696285,-0.039211654649729845,0.9930740255074284,-6.764213673981192,4.450441917139257,-0.019979262210967273,0.30015152960086816,-2.192371711567517,1.1039618555754953,19800.7759673664,1602.7447174021784,15948.925229319138,22339.9209274572,0.4256647207725242,0.15756086916823991,0.04945480831393873,0.8795371634681891,3.378646617029144e-05,5.443006057163768e-06,2.5073347011839e-05,4.836252178703881e-05,0.8031155652316245,0.3381321050632579,0.3275153997582519,0.22933794654446846,0.8530355742804566,0.1624783128397446,0.8778015549776653,0.20512709884763503,0.9136610493085807,0.2428814354260771,0.8606904392999299,0.16017520634207477,0.7175385205958192,0.025880003347992897,0.10807687044143677,0.9259433746337891,0.0,-38.63666915893555,63.257877349853516,-7.062343597412109,0.3880709409713745,0.0007,413.0,0.0,0.0,0.0,
223560.0,0.0067560545403803525,1.4400261242618497,-11.483860969543457,8.187673568725586,11.483860969543457,4.877910585403442,0.0,-6.759260584123575e-05,0.008257319788627227,-0.09045761436882353,0.043688399863306145,-0.0001021645060455142,0.008345040026283716,-0.09481367888701273,0.042760977346255856,5.932141013295634e-05,0.005177866767570656,-0.035368391229428545,0.03024812212917389,0.011864282026591236,1.0355733535141312,-7.073678245885709,6.049624425834778,-0.005108225302275703,0.4172520013141858,-4.740683944350637,2.1380488673127926,17501.698786312416,1230.749024415072,14393.544035521034,19514.81241288026,0.43532005553710224,0.16426091882123658,0.07181447830490553,0.9120479351661689,5.967594201313525e-05,2.5758606850610317e-05,3.164652025898745e-05,0.00010490095038017289,0.7945006637517198,0.3469907416759833,0.331517188908679,0.2364904793591951,0.9081390576652457,0.21853530848061886,0.9174933954866054,0.16745710370095096,0.912307090735311,0.21874615719014445,0.8468911387788741,0.15877095126909063,0.7627513024509731,0.031794678419828415,0.11163536459207535,0.8574158549308777,0.0,-13.085598945617676,60.3538703918457,-7.0628461837768555,0.051382601261138916,0.0007,414.0,0.0,0.0,0.0,
224100.0,0.012781225991676803,1.1175717979584416,-5.234400749206543,4.391406536102295,5.234400749206543,4.075905292034152,0.0,3.160299197144459e-05,0.005670692530911639,-0.0297290109594793,0.021646908200736205,1.551219157364735e-05,0.005674018185360793,-0.03017987635641423,0.021415941088425417,6.0028079267681945e-05,0.004178776940553417,-0.018627034818472072,0.016751749077311275,0.012005615853536395,0.8357553881106834,-3.7254069636944145,3.350349815462255,0.0007756095786823672,0.2837009092680396,-1.5089938178207114,1.0707970544212708,16149.373777741332,512.0076294841019,15107.297282055162,17335.119629615394,0.4395916134908616,0.16387200947118089,0.07776616463849041,0.8720898518956752,4.695159901451553e-05,1.1498401761453315e-05,2.890833979564829e-05,6.996215673548851e-05,0.7935654104482267,0.3456234661432177,0.33476582006148925,0.2523118271537746,0.9441084341801419,0.19291247671913897,0.7836310456275669,0.1781602727178845,0.8454765583995084,0.2247193814371607,0.9192159741658539,0.1518960419720412,0.7084453566117344,0.03737276419997215,0.12894174456596375,0.9493470191955566,0.0,1.0822211503982544,23.066631317138672,-7.063389778137207,0.15108835697174072,0.0007,415.0,0.0,0.0,0.0,
224640.0,0.06141253287302485,1.4396780827241697,-5.619203567504883,5.962784767150879,5.962784767150879,5.235599193572999,0.0,0.0005931893431620162,0.006550961787427893,-0.021950282573408607,0.027746070244650478,0.0005716156171339872,0.006539329383722533,-0.02219477442490532,0.027368123139453228,0.00016415875247289614,0.005583922697008269,-0.022845319488283812,0.022971892287290886,0.03283175049457921,1.1167845394016538,-4.569063897656762,4.594378457458177,0.02858078085669935,0.32696646918612665,-1.109738721245266,1.3684061569726613,18484.68381401719,1852.609926473616,15933.810712733148,22598.994741988066,0.44791792383620793,0.16677395034485618,0.055443392361592285,0.8615975705220974,3.316726428311141e-05,1.0295510458865112e-05,2.2465452411692496e-05,5.83386353536843e-05,0.7833752984410967,0.3553498748469714,0.3432585489119353,0.26034774281130263,0.9125960882926225,0.2152261375206954,0.7744191257732679,0.1707503030011882,0.8177027872384125,0.20594540537567177,0.8656905897435805,0.14773041129114203,0.896083564058448,0.03602979704737663,0.13442759215831757,1.0183212757110596,0.0,36.0482063293457,78.18806457519531,-7.063296794891357,0.1799963116645813,0.0007,416.0,0.0,0.0,0.0,
225180.0,-0.02881705719057074,1.5846038138422005,-13.61351203918457,7.503748416900635,13.61351203918457,5.948335390090945,0.0,0.00016845908430818186,0.009522455883090065,-0.06555508567956796,0.0489374528585563,0.00012291725222926306,0.009553718137184228,-0.06780260051154995,0.04777770214416977,-0.00017481459681316123,0.005562920385601646,-0.051116908504911206,0.025574317689013235,-0.034962919362632225,1.1125840771203293,-10.223381700982241,5.114863537802647,0.006145862611463147,0.4776859068592114,-3.390130025577497,2.3888851072084885,23971.44049339502,1141.6194596379967,21181.973683093594,26757.693794006384,0.43365062943935523,0.15611104552580596,0.041936856459208124,0.8629342253996743,8.413280293606178e-05,2.256230712860563e-05,4.878133236606047e-05,0.00012734243973011377,0.8009365177129258,0.3400047783875927,0.3284808146344346,0.2563560309953959,0.8922626909729152,0.18792070927564622,0.8566631477525023,0.18644904417456717,0.8357069119734695,0.223137207777547,0.8764838627756817,0.14613700777684377,0.786721070347748,0.02956671081483364,0.10998135805130005,1.0485221147537231,0.0,-14.693438529968262,30.92978858947754,-7.064248561859131,0.3787234425544739,0.0007,417.0,0.0,0.0,0.0,
225720.0,-0.004537528313705008,1.494389797300114,-11.847105026245117,6.166015148162842,11.847105026245117,5.060138649940495,0.0,-2.7617907244306258e-05,0.009371714321537904,-0.08000687702870915,0.03918754701737662,-7.183453166239373e-05,0.009420697142858092,-0.08338908399819484,0.03843920306282325,-4.729018774032944e-06,0.005127583040823752,-0.03838825470096296,0.021220273835047886,-0.0009458037548065808,1.0255166081647504,-7.677650940192591,4.244054767009577,-0.0035917265831196827,0.4710348571429045,-4.169454199909742,1.9219601531411625,22706.90203126453,1129.9666389719944,19855.93132044721,24985.617810153097,0.42618268560464656,0.16145970881565494,0.06089086413128257,0.9006638058879387,8.376236552089034e-05,1.67098655271708e-05,6.324371062269841e-05,0.00011892923224719623,0.8020463079119405,0.34007639245168175,0.3274703879184087,0.2319185508915202,0.909750718687571,0.1595388686319157,0.8517405761987672,0.21537004548224106,0.8839382296163045,0.24165517960392024,0.8551175109806818,0.1515173553904028,0.730283210217525,0.026309195905923843,0.12265978753566742,1.114802598953247,0.0,3.863107681274414,32.557106018066406,-7.063904762268066,0.32859647274017334,0.0007,418.0,0.0,0.0,0.0,
226260.0,-0.04465881780617767,1.2857517318666816,-6.382546901702881,9.74016284942627,9.74016284942627,4.169524288177494,0.0,-0.0003804568232136078,0.007717896950431039,-0.04293304561404223,0.058299420834844476,-0.00041034824247289104,0.007723802209519612,-0.04388192719071954,0.05666329985748882,-0.0001207070349476718,0.004510901882708686,-0.02094225302548208,0.03453498790092787,-0.02414140698953435,0.9021803765417371,-4.188450605096416,6.906997580185574,-0.02051741212364455,0.3861901104759806,-2.194096359535977,2.8331649928744413,20297.707788915588,1178.043987654207,18558.684363867553,23258.027686402584,0.4173446885393989,0.15465627599861007,0.04963014137336521,0.8066066071901464,7.282738839360403e-05,1.8611492817652594e-05,4.335824475686705e-05,0.00010640834254818605,0.8108719654638963,0.3323980852549249,0.3197692299714281,0.22823348231653845,0.8440299675393473,0.16415512377163063,0.771314932640753,0.21128483206803714,0.8093094535597358,0.23395522178146091,0.8840577668573546,0.1623713400623329,0.8467324847803978,0.029544776305556297,0.11626854538917542,1.0558832883834839,0.0,-31.345361709594727,31.52712631225586,-7.064043045043945,0.4530647397041321,0.0007,419.0,0.0,0.0,0.0,
226800.0,0.040527141882813776,1.4071614260440435,-7.084935188293457,10.680574417114258,10.680574417114258,5.082096362113956,0.0,0.0002362473375111988,0.007336412807913897,-0.03060384875474654,0.05014728271184628,0.00020936463080312615,0.007325938144923325,-0.031081925822962538,0.0489304235819981,0.0001502945488423758,0.005214170259623715,-0.027654194617904793,0.04117026659343571,0.030058909768475153,1.0428340519247428,-5.5308389235809585,8.234053318687142,0.010468231540156307,0.36629690724616626,-1.5540962911481269,2.4465211790999053,18961.747644433726,1521.3517142010458,16517.78162378871,22187.030442438212,0.43213083703789124,0.15477365563729206,0.07133215098082929,0.8293925905108412,5.22417382655828e-05,7.910998519571659e-06,3.632679374628487e-05,6.80511518226904e-05,0.7985362117548462,0.34222647418653185,0.3320509372418183,0.23196918983526896,0.8592460271035355,0.2014844470197782,0.9440285987207074,0.18869608915041866,0.9526621354765485,0.22743725227774084,0.8310244945865052,0.15041302171679338,0.7765238382018607,0.03474528342485428,0.11938851326704025,1.0283821821212769,0.0,15.761075019836426,30.879426956176758,-7.064460277557373,0.4322322607040405,0.0007,420.0,0.0,0.0,0.0,
227340.0,-0.11492234144308087,2.831535894931953,-24.592151641845703,14.51496410369873,24.592151641845703,11.489425163269052,0.0,7.707922215067734e-05,0.022746807266502852,-0.1077022195505078,0.14553014219613458,-0.00017946371368021758,0.02261435320856993,-0.11395536752786174,0.1358675361367009,-0.0005297457808461173,0.009813166663706352,-0.13524273101790654,0.03860793583863101,-0.10594915616922347,1.9626333327412702,-27.04854620358131,7.721587167726201,-0.008973185684010891,1.1307176604284965,-5.697768376393087,6.793376806835045,14355.768701107696,4668.544725563492,8468.452737082918,22224.93744906259,0.4432315573183683,0.16656973645017267,0.0716817152062603,0.8965431013784073,0.00031524677666991104,0.0002588411674549539,3.924571920333902e-08,0.0007289835043902515,0.793461849627734,0.34681323903334343,0.33501748360159034,0.17720573684636398,0.8408263211799198,0.18416111744014288,0.8649616727420567,0.21981600201764545,0.8533777970928631,0.21271091049456137,0.8662508609485905,0.2061062332012863,0.8380667267797292,0.046105798333883286,0.11728699505329132,0.9588193893432617,0.0,-44.43239974975586,73.50528717041016,-7.0648956298828125,0.43560463190078735,0.0007,421.0,0.0,0.0,0.0,
227880.0,-0.012878481284564326,1.703281903158537,-6.558383464813232,9.927210807800293,9.927210807800293,5.899938139915468,0.0,-4.6579334577354594e-05,0.01720939633355999,-0.06174906401218673,0.10846995957123276,-0.00019365553676932028,0.017124076021320822,-0.06373784337857476,0.10298064963595804,-1.5978521701483973e-05,0.004280024392790325,-0.01780399080600427,0.02729694673291208,-0.0031957043402967957,0.8560048785580651,-3.5607981612008537,5.459389346582416,-0.009682776838466012,0.8562038010660411,-3.186892168928738,5.149032481797902,9908.732411267569,1177.703714136556,7209.715826742175,12234.842295615217,0.4267536319470403,0.15877730039820423,0.05174770728100995,0.8556528951545749,0.0004112746547810475,0.00015301324522254008,0.00024707248322205545,0.0007247496327085463,0.802337180125031,0.33809651985947603,0.329698384240484,0.14733614666571276,0.833578658682546,0.18765252975090707,0.83259502651002,0.2367785388536133,0.93003819440592,0.1720708470001337,0.8799070342882562,0.25616193772963314,0.8604453460682383,0.02701559104025364,0.13011783361434937,0.9810718297958374,0.0,-0.8752204775810242,47.57975387573242,-7.062477111816406,0.2769979238510132,0.0007,422.0,0.0,0.0,0.0,
228420.0,0.0528660850333162,1.396881487942218,-5.075130462646484,8.97286319732666,8.97286319732666,4.320052471160889,0.0,0.0003758824950633105,0.011057190474874773,-0.04449609559072589,0.0663619491252432,0.00031486896327631683,0.011034377431791807,-0.04551642906288003,0.0642528076302695,0.00018561318272822228,0.004248594475015259,-0.016746872094535892,0.02880111375682396,0.03712263654564444,0.8497188950030518,-3.3493744189071784,5.760222751364792,0.015743448163815836,0.5517188715895903,-2.2758214531440015,3.212640381513475,7876.0520603617015,1150.6746500984575,6256.6724625722545,10310.792756390467,0.41415447995894195,0.16130580197358618,0.07465225389681987,0.8751943682084466,0.0001729178790962506,4.581030938515136e-05,0.0001049080978621104,0.00024609548565580143,0.804213180456297,0.33754637813583066,0.32597767800337873,0.1515890956055871,0.9556561520709572,0.2050112883607941,0.8380033839165619,0.22298765792470376,0.8423718906503213,0.17598372128183828,0.8566168359374693,0.24442823682707673,0.8442911336954186,0.03329555690288544,0.1327580362558365,0.9400176405906677,0.0,60.70397186279297,144.91116333007812,-7.063488006591797,0.14776724576950073,0.0007,423.0,0.0,0.0,0.0,
228960.0,-0.04920685808821064,1.4885508726335421,-8.315308570861816,7.890799522399902,8.315308570861816,5.440968780517594,0.0,-0.00033221910538949316,0.009785924695151473,-0.0506636740989094,0.05116020781589851,-0.000380365386985859,0.009816803243928465,-0.051992142839896616,0.049894513975313005,-0.00015094294204212445,0.0049937603758385355,-0.028578506712865465,0.026980369260643646,-0.03018858840842491,0.998752075167707,-5.715701342573093,5.396073852128729,-0.019018269349292953,0.49084016219642324,-2.599607141994831,2.49472569876565,8527.810889044213,646.5032839038638,7287.530194036413,9937.258823738652,0.4208416198163556,0.1607350027946801,0.06631991274560596,0.8603029278922351,9.90653535210964e-05,1.2146992101336207e-05,7.082287717876531e-05,0.00013033661750188436,0.8019497388475689,0.33960421826185616,0.3248757667804023,0.14697436300093217,0.7883238022261652,0.19035834771571383,0.8803222645303546,0.2267514345730049,0.8739507307158676,0.18230321335014812,0.931353548002134,0.2536126413602009,0.9216206724013406,0.03153010085225105,0.13792163133621216,0.9556308388710022,0.0,-18.761516571044922,42.06499099731445,-7.063763618469238,0.3226414918899536,0.0007,424.0,0.0,0.0,0.0,
229500.0,-0.006478584601211844,1.2715086524736183,-5.310797691345215,8.043243408203125,8.043243408203125,5.036296849250794,0.0,-0.0001079596611536695,0.00801492603321717,-0.03997829386801901,0.049907954158052936,-0.00014004891988990867,0.008008140225700431,-0.04079938422172299,0.04870249762021612,2.6192992539452233e-06,0.004374421370399386,-0.018402284874629894,0.028040590623740667,0.0005238598507890361,0.8748842740798772,-3.680456974925979,5.608118124748134,-0.007002445994495433,0.4004070112850216,-2.0399692110861496,2.435124881010806,7330.532918690112,299.42492817169045,6593.938827331283,7959.960251005208,0.42805332377309724,0.16109891811117805,0.08295203207632576,0.8857768265572135,8.309368720053594e-05,2.528620732000821e-05,4.8472545733564404e-05,0.00013039158746333112,0.7978168869808789,0.342740870443795,0.32976907410121925,0.16193806107855538,0.7680892987962342,0.20533141576127006,0.9317190516212726,0.1975457702039684,0.8055197993345958,0.16241796265531933,0.8855629500387452,0.27276679030088685,0.9114937614386326,0.03353623300790787,0.1335211545228958,1.0790698528289795,0.0,-5.1916399002075195,24.0139217376709,-7.064604759216309,0.22269213199615479,0.0007,425.0,0.0,0.0,0.0,
230040.0,-0.05338251945172993,1.5680197375472575,-9.19399356842041,8.357151985168457,9.19399356842041,5.596019992828372,0.0,-0.000636459601253139,0.01025373863499582,-0.08618684999095622,0.04595683276402258,-0.0006898332122535117,0.01033930397668266,-0.0901291594891803,0.04493209592310075,-9.44542846782189e-05,0.005302106255799675,-0.025754378599669336,0.03055273598119235,-0.018890856935643786,1.060421251159935,-5.150875719933867,6.11054719623847,-0.034491660612675584,0.5169651988341329,-4.506457974459015,2.2466047961550375,5932.667175167542,566.6729183092175,4860.947172489608,7394.599052516764,0.42319294656088624,0.16072115207516874,0.09046467215115402,0.8729513100250463,9.045882049156192e-05,1.7903568486005826e-05,4.708606167643976e-05,0.00012110238099137372,0.8057552410164998,0.3358481484400266,0.3244320239306782,0.16034910691594845,0.8779614343664602,0.21042252929269262,0.8261963262708337,0.19723940112987484,0.9539008921292929,0.18189915531344247,0.7752732137970747,0.2500898073480416,0.9173205745135034,0.035688064992427826,0.13305746018886566,1.1196699142456055,0.0,-38.20916748046875,88.63838958740234,-7.063083171844482,0.1484992504119873,0.0007,426.0,0.0,0.0,0.0,
230580.0,0.024254179342339435,1.2689035672590188,-11.496167182922363,18.06300163269043,18.06300163269043,3.2444924807548525,0.0,6.572491657441163e-05,0.006867257340708992,-0.06059932766657848,0.08402440352124287,4.2401604865344195e-05,0.006812246144752368,-0.0625131896843446,0.08068041523752383,0.00011067049269473704,0.004664748988052061,-0.04185253912056174,0.0701449036513441,0.022134098538947402,0.9329497976104122,-8.370507824112348,14.02898073026882,0.0021200802432672135,0.34061230723761843,-3.1256594842172305,4.034020761876191,5307.64802924971,179.6966031711119,4934.19476365538,5620.494695152054,0.427998393705384,0.15741466081349964,0.07843654760287624,0.8480353612245008,6.692804906347543e-05,1.6917079269239753e-05,3.426912998891129e-05,9.708270516862251e-05,0.7964844884256974,0.34401972532837793,0.3326534415334974,0.16586024801720126,0.8803675807319317,0.2233195340470547,0.8637455424189989,0.17053012056751587,0.8397290833781861,0.17313897268507564,0.7751076916089279,0.26715112468315255,0.8709126451473288,0.032063402235507965,0.14142049849033356,1.140490174293518,0.0,-19.166112899780273,29.62831687927246,-7.062623977661133,0.12841159105300903,0.0007,427.0,0.0,0.0,0.0,
231120.0,-0.006163620856521582,2.126168216240944,-7.220719337463379,25.271808624267578,25.271808624267578,6.772853889465333,0.0,-0.0004567773562851138,0.013082994172165721,-0.05198378871004554,0.1074147540409246,-0.0005414786190594043,0.01296906864479389,-0.053383676356497815,0.1020282484540843,0.00010455155219394497,0.007609523149689324,-0.023233200912084615,0.105781022972202,0.020910310438788996,1.521904629937865,-4.646640182416923,21.1562045944404,-0.027073930952970216,0.6484534322396945,-2.669183817824891,5.101412422704215,4128.371528264735,655.1441116986202,3238.718596425623,5334.705562372568,0.40781670702483747,0.15320264144120185,0.040921465968372796,0.7742230673297612,0.00011975808107103042,6.732999073750472e-05,2.7598624535504884e-05,0.0002297002699201662,0.8025797308756853,0.33950796722016574,0.3284270565243847,0.15131045894838752,0.7806119094895311,0.21544357079311677,0.8804097055629496,0.192551827882439,0.8390246285649141,0.17388109134797752,0.8496788484747526,0.26681305102807923,0.820076115756961,0.03413908928632736,0.13663426041603088,1.1576789617538452,0.0,-23.535017013549805,91.5909652709961,-7.0623931884765625,0.10298663377761841,0.0007,428.0,0.0,0.0,0.0,
231660.0,0.020832790302315347,1.267231201297169,-7.626892566680908,7.794661998748779,7.794661998748779,4.3717900562286385,0.0,0.0003790932893615924,0.009803595138507221,-0.051201050277986396,0.07087504091507131,0.00033121811959586743,0.009767728656340117,-0.0525583576933216,0.06847610950921049,2.1359414835583514e-05,0.003914402791732366,-0.024994874365371674,0.021854281613495927,0.0042718829671167,0.7828805583464733,-4.998974873074335,4.3708563226991854,0.016560905979793376,0.4883864328170059,-2.62791788466608,3.4238054754605245,4539.311678741479,201.64492370913476,3757.3929922888483,4919.606712923175,0.426004913870876,0.15866407628004947,0.08641080062583191,0.9104860407567837,0.00013801412483023398,4.749220738651494e-05,5.99290687655036e-05,0.00021920302282732996,0.7914395025713507,0.3491872058047554,0.3369151876925222,0.16842908917294966,0.7632856035225988,0.25189230348255087,0.9208759641055786,0.14957462500084182,0.7444976645464311,0.15969278925087252,0.8404108976007757,0.2704111930927852,0.8932674907005999,0.02991003915667534,0.1614988148212433,1.1211719512939453,0.0,-18.83136558532715,29.875919342041016,-7.064496994018555,0.11952400207519531,0.0007,429.0,0.0,0.0,0.0,
232200.0,0.05547998061541606,1.3836174786246722,-16.60889434814453,7.741726875305176,16.60889434814453,4.728022179603588,0.0,0.0007473247662713766,0.0073057617155072654,-0.06502558724610946,0.05266771010476671,0.0007203367666101601,0.007313677310739306,-0.06723611610652666,0.05132761839800332,9.731569988829504e-05,0.005120025263025954,-0.06623544449185917,0.025876729016226514,0.019463139977659017,1.0240050526051907,-13.247088898371834,5.175345803245303,0.036016838330508005,0.3656838655369653,-3.361805805326333,2.5663809199001664,5788.665891857054,727.9127546997775,4563.082487609662,6933.049337625952,0.43417905061112855,0.1626378077804776,0.040038389297994144,0.8394106687531314,5.8776611564956704e-05,8.291821135646877e-06,4.435849511734399e-05,7.995428547702308e-05,0.7822674103119539,0.35483081485769463,0.3441192570514219,0.15142878253046016,0.8322704973605237,0.2735951488333386,0.9707935521590091,0.15188341631366756,0.7545786149418513,0.15213324263860595,0.7883252307250661,0.27095940968392784,0.8880734947279372,0.0281345434486866,0.17644640803337097,1.153085470199585,0.0,19.383268356323242,38.60471725463867,-7.065686225891113,0.2085113525390625,0.0007,430.0,0.0,0.0,0.0,
232740.0,0.017818767207467723,1.2979649412722334,-7.337127685546875,8.827022552490234,8.827022552490234,5.377003607749947,0.0,0.0005140400715623445,0.0075150115744952945,-0.034198320407224266,0.0751563711734094,0.00048587340417663346,0.00747704195205583,-0.03479676647527446,0.07246611255777963,-3.237450959637552e-05,0.0046562783731590816,-0.027986446687052375,0.02601858690381042,-0.006474901919275095,0.9312556746318165,-5.597289337410475,5.203717380762083,0.024293670208831677,0.37385209760279153,-1.739838323763723,3.6233056278889815,7993.664531594587,665.2650593753393,6697.771738446939,8819.399023402702,0.42408307261357037,0.15842464243319998,0.059114066679821976,0.8512754845029206,5.587012305760876e-05,1.556672990288554e-05,2.8220727044285145e-05,8.073003697126667e-05,0.7910920290676544,0.34847402135904226,0.3369597624041367,0.15819092097130086,0.85084684971261,0.25485771130126533,0.9056955154914874,0.1606009934534895,0.7665025838538431,0.15118053658516853,0.7674685711640299,0.27516983768877584,0.8934042483956995,0.030005235224962234,0.16432860493659973,1.0963656902313232,0.0,1.7116122245788574,30.460248947143555,-7.066478729248047,0.2747493386268616,0.0007,431.0,0.0,0.0,0.0,
233280.0,0.02602477588268273,1.626413372412826,-8.708502769470215,7.022078514099121,8.708502769470215,6.060391559600837,0.0,0.0006177669881918691,0.010325230546854988,-0.053942362530082125,0.054607685713780704,0.0005642555810628746,0.010331343436527196,-0.055451784228214326,0.05316883588758232,-1.0940012981985475e-05,0.005580991802034984,-0.02967956852273013,0.02181818341369268,-0.0021880025963970998,1.1161983604069967,-5.935913704546026,4.3636366827385356,0.028212779053143736,0.5165671718263598,-2.7725892114107165,2.658441794379116,10319.188515376176,1145.076187380505,8242.803147617542,12242.8093124548,0.43117199501747056,0.1616809802744288,0.03794225091462267,0.860768718984062,9.542967260347355e-05,2.876332855472773e-05,4.4277328454479174e-05,0.0001404420504269847,0.7858453461823859,0.35243668881670787,0.339891464569234,0.17446616857566014,0.7127244372388026,0.23780197164119893,0.888988716891411,0.16137298940368566,0.8580065541080253,0.14464022229000761,0.7161804235707296,0.2817186480894476,0.9457727179077782,0.032001614570617676,0.1553313434123993,1.0826042890548706,0.0,26.842052459716797,37.994407653808594,-7.068363666534424,0.3841019868850708,0.0007,432.0,0.0,0.0,0.0,
233820.0,-0.017425237074321896,1.64328429564503,-7.434528827667236,12.097260475158691,12.097260475158691,5.886244664192205,0.0,9.641376149137953e-05,0.010858196254917065,-0.04573455737409717,0.08770253347409775,3.782757928682299e-05,0.010808902892443784,-0.04681340448967697,0.08406770431795002,-9.65830749549409e-05,0.005536244234469463,-0.028393757924146733,0.03946937734567302,-0.019316614990988173,1.1072488468938928,-5.678751584829347,7.893875469134604,0.0018913789643411555,0.5404451446221892,-2.3406702244838486,4.203385215897501,12494.828535542267,638.2573945154519,10611.76845521909,13901.318236755287,0.43000748414984025,0.15404219918424714,0.04848989696992321,0.8169815886484723,0.00010653672378532646,3.052169844155346e-05,6.173519014236318e-05,0.0001781832109850081,0.7938100720428576,0.3460626860984207,0.3352206289034778,0.166467256247668,0.7856778771788413,0.1909533061901671,0.8767262814391882,0.1883376547722329,0.7989373386430318,0.18256546184369712,0.859147704274045,0.27167632094623484,0.9225562826470634,0.03422998636960983,0.13174866139888763,0.9840574264526367,0.0,-18.679712295532227,33.45149230957031,-7.0690717697143555,0.370006799697876,0.0007,433.0,0.0,0.0,0.0,
234360.0,-0.04432013402585182,1.0860301168971438,-6.664560317993164,4.357491970062256,6.664560317993164,3.959343996047977,0.0,-0.0003548594697521311,0.006103969387451097,-0.03946608113626582,0.023260588588024773,-0.0003736341447096281,0.006123253416452271,-0.04026598363990049,0.022994184333927553,-0.00012819212793476316,0.003911508824225628,-0.02325630453226383,0.017188890649818885,-0.02563842558695263,0.7823017648451256,-4.651260906452766,3.437778129963777,-0.0186817072354814,0.3061626708226135,-2.013299181995025,1.1497092166963776,11200.09602000239,802.9758053651788,9894.820220653679,12563.291324992322,0.4213201585709128,0.15700464162132566,0.03529457881554888,0.8359239867317523,6.319470892997045e-05,1.8663219437957308e-05,3.5175436923473646e-05,0.00010755136022956165,0.8018619199008061,0.3391572708649975,0.327516732001433,0.17936720567325415,0.8442808996522749,0.21412909362359495,0.8691704493016317,0.1686875181610404,0.8136509586377467,0.16890317836665802,0.8302235192682594,0.26891300417545244,0.8996187802147133,0.034396685659885406,0.14591757953166962,1.0452131032943726,0.0,-39.817203521728516,52.310176849365234,-7.068971633911133,0.06923848390579224,0.0007,434.0,0.0,0.0,0.0,
234900.0,0.028438941356661314,1.4592396085215005,-12.540010452270508,11.064706802368164,12.540010452270508,5.381896333694458,0.0,-4.7072727606801076e-05,0.009103409823746963,-0.10957171496529018,0.05448232662038014,-8.934345944159615e-05,0.009242689165453715,-0.11605271286462635,0.05304996083453567,0.00016453056097597287,0.005073409013683579,-0.033686874653937084,0.04206104317166017,0.03290611219519458,1.0146818027367157,-6.737374930787417,8.412208634332034,-0.004467172972079806,0.4621344582726858,-5.8026356432313175,2.6524980417267834,9056.1509678968,645.9439437220535,8058.462381000041,10580.744183070085,0.42403419775982576,0.15786606415543886,0.07809422231466201,0.8613545235820583,6.953162116879257e-05,2.4112807461878297e-05,3.538561153268234e-05,0.00011722950033459817,0.7891714614189769,0.3484773953695105,0.3387648902760889,0.17452853933030196,0.7269342009131968,0.22765580792540127,0.860602544617861,0.1586770403029417,0.8539345816850445,0.15610889981964568,0.7522773849257435,0.2830297126217094,0.9334406398503582,0.035557664930820465,0.15906542539596558,1.1260875463485718,0.0,5.417496681213379,61.235965728759766,-7.069348335266113,0.14243966341018677,0.0007,435.0,0.0,0.0,0.0,
235440.0,-0.04993809152144456,1.1879207994288317,-6.955802917480469,4.557135105133057,6.955802917480469,4.60919571876526,0.0,-0.0003672013705881858,0.006564775907142614,-0.0381195881888801,0.025932296942712495,-0.00038891440080349025,0.006586025317853495,-0.03886514809046636,0.02560175718604403,-0.00015246186169282883,0.004304589809448245,-0.02516622980268813,0.016483087123986166,-0.030492372338565783,0.8609179618896489,-5.033245960537626,3.2966174247972333,-0.019445720040174523,0.3293012658926747,-1.943257404523318,1.2800878593022016,8615.612524381797,781.4114546965142,7150.948325319297,9738.287404563447,0.41833314520066855,0.15798505169277022,0.0935273025165665,0.8716721614376893,5.543019598364561e-05,1.1391937661157772e-05,3.6237703397995014e-05,7.611349205967649e-05,0.7995030726563229,0.34101452797267257,0.32809485453000176,0.17608627206440097,0.897933247546609,0.21562613155049848,0.9268656628817364,0.1761654466413484,0.8419951323739066,0.16477610819634944,0.825255109220142,0.26734604154740277,0.8892284722217769,0.032648827880620956,0.1341874748468399,1.0574216842651367,0.0,-49.741268157958984,104.72544860839844,-7.069333076477051,0.0690651535987854,0.0007,436.0,0.0,0.0,0.0,
235980.0,0.06214234601475591,1.3792732721822483,-7.940563201904297,4.755321025848389,7.940563201904297,4.498749070167542,0.0,0.0003384566464743705,0.006930466364718122,-0.04343108334204482,0.025725942341561385,0.0003143351823250801,0.006942332130237116,-0.04440244182653223,0.02540059834009614,0.00023212795598503966,0.005169267564285875,-0.030751729398083467,0.017426456642229967,0.04642559119700793,1.0338535128571749,-6.150345879616694,3.485291328445993,0.015716759116254007,0.34711660651185583,-2.2201220913266115,1.2700299170048068,7780.22501564505,657.5116650857137,6900.028531415256,9187.31110410428,0.42586075179828853,0.16137113960502855,0.07096610769378445,0.884904546458107,4.486863663684982e-05,6.526831222415933e-06,3.395564222672306e-05,5.808746682151184e-05,0.7932026420885088,0.3466190380783338,0.3355774588076218,0.17463855757835312,0.8733148965892484,0.23723779610558005,0.8668062655193975,0.15440970952609398,0.8983316464067799,0.15953107643260261,0.8924233969087878,0.27418286035737033,0.8468352170456129,0.03328670561313629,0.15631906688213348,1.130102515220642,0.0,36.04707717895508,54.36442184448242,-7.067391872406006,0.16613459587097168,0.0007,437.0,0.0,0.0,0.0,
236520.0,-0.0728987711991606,2.3043250381132285,-11.581315994262695,30.836669921875,30.836669921875,7.299258012771622,0.0,-0.0004369514452113972,0.017014817686424172,-0.14037530215419167,0.207605443398478,-0.0005813182696045434,0.016990768394324184,-0.1512593828375503,0.18863942645754375,-0.0002191642687944205,0.007647330795477988,-0.03583926320256246,0.1070234964244905,-0.04383285375888409,1.5294661590955976,-7.167852640512493,21.4046992848981,-0.02906591348022716,0.849538419716209,-7.562969141877515,9.431971322877187,9866.903475824289,1000.2608941718564,5201.644600996148,11367.124912765585,0.42868405198803344,0.1576289651084256,0.08093532106906853,0.886012745052869,8.684605126226055e-05,0.00011019302581554674,4.125461689129609e-05,0.0006107449713229253,0.799115243848855,0.34216277371074655,0.32951164797650806,0.16888157990119776,0.8284760509180493,0.23638779053569037,0.8966195873033704,0.17517901811686537,0.8530698705202625,0.16442653941403015,0.7542059518929014,0.25512507203221635,0.9347351235626628,0.039166998118162155,0.14810751378536224,1.1197679042816162,0.0,-64.43690490722656,155.8889617919922,-7.0676069259643555,0.10914337635040283,0.0007,438.0,0.0,0.0,0.0,
237060.0,0.073699744941809,1.244685429949384,-4.863884925842285,7.080113887786865,7.080113887786865,4.6878748369216945,0.0,0.0008309578429832316,0.012089936128639423,-0.053789103764057905,0.07708850120917984,0.0007581089789721975,0.012024151537822967,-0.05528980006621045,0.07426156862284726,0.00017897146976144428,0.0032656063264725563,-0.010703969390508643,0.02097306894483184,0.03579429395228886,0.6531212652945112,-2.1407938781017286,4.194613788966368,0.03790544894860989,0.6012075768911483,-2.7644900033105224,3.713078431142363,8764.479061080152,896.2473787195578,6189.107302235023,10105.13978598684,0.43323123785384765,0.1587809340131456,0.057871950359595255,0.8265148428828831,0.0003208883363617305,0.0001535987709493927,0.00012446409150110383,0.0006120771614234647,0.7939520184833716,0.345788781812553,0.33610868678130956,0.16656132064947968,0.7476566804356976,0.26413175411841583,0.8971828615911072,0.15032802567753734,0.8564133301342474,0.1538075733652645,0.7006586482947649,0.2651713261893028,0.9177349366575247,0.030589735135436058,0.16099786758422852,1.159212589263916,0.0,21.113248825073242,26.173925399780273,-7.067193508148193,0.3175058364868164,0.0007,439.0,0.0,0.0,0.0,
237600.0,-0.00436110695488794,1.3264772254792039,-14.948912620544434,5.173289775848389,14.948912620544434,4.38038812160492,0.0,0.0002209033162493527,0.007980199743052604,-0.06712657519640337,0.032177461966136085,0.00018871111901110134,0.00804286885593695,-0.06948575207163689,0.03167061154558224,-6.898331016218279e-05,0.004652595598781638,-0.05737312403600885,0.017948795147575896,-0.013796662032436572,0.9305191197563275,-11.47462480720177,3.589759029515179,0.009435555950555079,0.40214344279684744,-3.4742876035818444,1.583530577279112,10754.206473760289,509.07723429516034,9604.588438077615,11981.39087683729,0.40562648092759057,0.15681499914054406,0.032993766872128134,0.804917078172811,8.87808071928677e-05,2.331661373103951e-05,5.6226961911064256e-05,0.00013784895065810918,0.7985110398680724,0.3417307444807032,0.3313554412032779,0.17794345800276234,0.855323842728294,0.25330218226057366,0.8978504206884903,0.1474698650277815,0.7540604436903056,0.14947827066358085,0.8350325263008915,0.27180622404530164,0.8809105983459308,0.03135507553815842,0.1625167280435562,1.1509565114974976,0.0,-18.198266983032227,18.686817169189453,-7.066918849945068,0.36543846130371094,0.0007,440.0,0.0,0.0,0.0,
238140.0,0.05707293155848876,1.1833112987488472,-7.352740287780762,6.293638229370117,7.352740287780762,5.231116533279425,0.0,0.0003586424057107036,0.005213195861354797,-0.025311023494823098,0.034134072091553884,0.00034502445640515356,0.005204161448199386,-0.02563685733134925,0.03356443121213173,0.00019910854109295587,0.004631554381857131,-0.030354488100386788,0.025091385920586722,0.0398217082185912,0.9263108763714263,-6.070897620077358,5.018277184117345,0.017251222820257678,0.2602080724099693,-1.2818428665674624,1.6782215606065864,11243.425810947507,546.1321188041885,10611.575931361438,13605.506993764377,0.4136423272426657,0.16724129476716892,0.06370406484901624,0.8712594649564878,3.291302759074254e-05,8.560663065821673e-06,2.1015298190095996e-05,5.604317872310795e-05,0.8005020624429143,0.34226251627727683,0.3267304765361475,0.18158050408077506,0.8358833575390789,0.26154796999591123,0.9623999037742393,0.14079232722073,0.7920570458059101,0.16125240045654243,0.8744523665936971,0.25482679824604126,0.9286868449736166,0.03086686134338379,0.15234729647636414,1.157665491104126,0.0,22.18636131286621,57.72972869873047,-7.066956520080566,-0.021650314331054688,0.0007,441.0,0.0,0.0,0.0,
238680.0,-0.07592669399024021,1.7688906636401234,-22.289321899414062,4.869106769561768,22.289321899414062,5.0550970363616985,0.0,-3.9325606979808836e-05,0.00880097472855944,-0.066038294826995,0.032903520826756696,-7.840399727342545e-05,0.008860797650143951,-0.06831984247928732,0.03237378870578814,-0.00036003246809457047,0.006722144463045566,-0.09436665083743545,0.016252085926191196,-0.07200649361891409,1.3444288926091132,-18.87333016748709,3.250417185238239,-0.0039201998636712665,0.44303988250719756,-3.415992123964366,1.6186894352894068,14489.0573662709,771.038091565316,12442.018151451179,15884.592300593513,0.4229963292937939,0.16644948511831142,0.042044216091282116,0.8483172625558363,6.0049286160937184e-05,1.4112043770548131e-05,3.8845187292025264e-05,9.115706707584508e-05,0.780561669473038,0.3573874197606736,0.3448543786797958,0.17632639383850054,0.8884961088848963,0.2542250832164381,0.9211489499794824,0.14695284166838876,0.8354299597440135,0.15409489183503566,0.8301995734994296,0.2684007894416369,0.8940452220703343,0.03591474890708923,0.1505248099565506,1.0840017795562744,0.0,-60.3028450012207,100.68821716308594,-7.064857006072998,0.22196835279464722,0.0007,442.0,0.0,0.0,0.0,
239220.0,0.032659391203412304,1.141782800908258,-6.266684055328369,4.667978286743164,6.266684055328369,3.935123200416567,0.0,0.00014985797411788188,0.006183246242878033,-0.03349157276363554,0.02237204857138179,0.00013069745628151587,0.006191811623761665,-0.03406526103770933,0.02212546523316411,0.00013062258955112837,0.0041719668325990505,-0.022817105981669784,0.017949844570228645,0.02612451791022568,0.83439336651981,-4.563421196333957,3.589968914045729,0.006534872814075792,0.3095905811880832,-1.7032630518854663,1.1062732616582056,13102.722397858663,409.3647212778553,12053.359083004683,14076.480526768597,0.4088161923299344,0.1630831268608735,0.05580486645125144,0.8621909369849525,5.68363612736243e-05,1.477337996978419e-05,3.6784004095999234e-05,8.728386751259103e-05,0.7967367703252511,0.3438316035939281,0.32990635385609834,0.18958591829001364,0.8733725486858401,0.2770259323348352,0.8978300348832978,0.13660060309612604,0.6482601412833159,0.14428789844773157,0.854429533281371,0.2524996478312936,0.8978197101649867,0.0288702305406332,0.15780621767044067,1.1019679307937622,0.0,5.980796813964844,9.25041675567627,-7.064358234405518,0.48335015773773193,0.0007,443.0,0.0,0.0,0.0,
239760.0,0.00574906048369249,1.6242168696406571,-11.519782066345215,6.395802974700928,11.519782066345215,5.695297579765323,0.0,0.00030503071030954347,0.008930530538529666,-0.05721777756081131,0.043881352671030265,0.0002650327101100615,0.008944786642515095,-0.05891996422947521,0.04294583613532325,-3.751287511127342e-05,0.005909281853606791,-0.042868919201232744,0.021630494768959282,-0.0075025750222547085,1.1818563707213583,-8.573783840246548,4.326098953791856,0.013251635505503073,0.44723933212575473,-2.9459982114737606,2.1472918067661624,15017.78949216695,1317.5901349713,12984.72349154379,17596.739640592292,0.4258997288794943,0.15177913034006058,0.06551311740886001,0.8379382370542193,6.339898063872377e-05,2.100967790333336e-05,3.6200756140608364e-05,0.00010413925486643338,0.7984788310489771,0.3416940792810718,0.3304566800013816,0.18411296309225014,0.7922905728455524,0.25134645223638075,0.8756598371376364,0.15646986948197703,0.8262834655113859,0.1486860266977304,0.8435549703728163,0.2593846884916617,0.8989172559210098,0.03657648712396622,0.14240483939647675,1.1454378366470337,0.0,4.66660213470459,38.66510772705078,-7.063321590423584,0.36472606658935547,0.0007,444.0,0.0,0.0,0.0,
240300.0,0.05038626551546191,1.8784132655944707,-12.466015815734863,6.341085433959961,12.466015815734863,6.1233392381668095,0.0,0.0009418409176922397,0.013100713557862282,-0.07601284400208994,0.04529991044300088,0.0008551069461166875,0.013162290334657554,-0.07905710787222711,0.04430383988063906,3.8154589671877686e-05,0.0061584314112384485,-0.04256580149537271,0.020629466547581063,0.007630917934375537,1.2316862822476895,-8.513160299074542,4.125893309516212,0.042755347305834364,0.6581145167328777,-3.9528553936113555,2.215191994031953,21203.445856435763,3323.4570528008317,15340.886469222898,27413.232461933218,0.41885101533239094,0.16662678489483143,0.07093521915005441,0.8247909812340203,0.0001255792640207024,5.7870454246060396e-05,6.491422086757897e-05,0.00022107109264381445,0.8016330513941324,0.3401896184471928,0.32500642199045215,0.1953211443263528,0.874687226603887,0.22858501904825182,0.856548541270418,0.17983685306133998,0.7971087449627595,0.16692319203912684,0.7023849780312129,0.22933379152492855,0.8591989740521225,0.043483588844537735,0.11744742095470428,1.1296147108078003,0.0,32.62238693237305,80.1395492553711,-7.062705993652344,0.32225579023361206,0.0007,445.0,0.0,0.0,0.0,
240840.0,0.08268710005752467,1.7150737478253455,-6.14121150970459,5.878402233123779,6.14121150970459,5.129361639022828,0.0,0.001463253654349179,0.014166999137043832,-0.04385790066850969,0.053639715621183005,0.0013621224852720952,0.014147191881734128,-0.04484873750840086,0.05225056589706565,7.290488005375705e-05,0.0050553555737079155,-0.020203303228135787,0.01632937064424898,0.014580976010751395,1.0110711147415832,-4.040660645627157,3.265874128849796,0.06810612426360475,0.7073595940867065,-2.242436875420043,2.6125282948532824,38650.49527395488,9112.836150859412,23757.87798945901,53752.178123803285,0.4161349276541287,0.16119187411069777,0.043685652735703254,0.8367115102489304,0.00020030552481101126,3.632625782871651e-05,0.00016139384269067456,0.0002755803622399958,0.8108017027407283,0.3340628521028591,0.31804720711594264,0.18921959289690163,0.8838506910402031,0.20679587425384613,0.9087843592625857,0.21764636158171907,0.8801396496418069,0.17595147588070847,0.8091363977635736,0.2103866953868247,0.8397498256009017,0.041471898555755615,0.09741169214248657,1.0274875164031982,0.0,67.59172058105469,217.52236938476562,-7.062828063964844,0.0689319372177124,0.0007,446.0,0.0,0.0,0.0,
241380.0,-0.02089263923138518,1.6658634091190945,-11.09416389465332,4.9412102699279785,11.09416389465332,5.506892790794375,0.0,0.0003763732392748594,0.012227785629756521,-0.06701011189695659,0.03754197609699701,0.0003011522921149248,0.012278732988617338,-0.06936091623956664,0.036854431192949365,-0.0001797512601746498,0.00528563466341823,-0.03813059269462023,0.015492443389774024,-0.03595025203492997,1.057126932683646,-7.626118538924046,3.098488677954805,0.015057614605746244,0.6139366494308669,-3.4680458119783317,1.8427215596474682,61612.43272522901,7751.887347845702,50078.505989789126,77649.03315035805,0.4195120056090225,0.16052609714841462,0.034310447977824246,0.8628468601465266,0.00014279531589492318,3.646761834885522e-05,9.448806722768907e-05,0.0002271280558435873,0.8085259117440244,0.33588753693118484,0.31932439719248257,0.17881976763297464,0.846139138545705,0.17826727276290075,0.8051377826260279,0.2441171908970964,0.9091620493524778,0.204070750268043,0.9091976669616215,0.19472501843898518,0.8330801427795623,0.030425798147916794,0.08712610602378845,1.1433188915252686,0.0,15.088929176330566,102.07621002197266,-7.062264919281006,0.16373956203460693,0.0007,447.0,0.0,0.0,0.0,
241920.0,-0.03533520995622018,2.0877438675963993,-12.992291450500488,7.408599853515625,12.992291450500488,6.438494496345523,0.0,-0.0002190984693984378,0.019414764819460726,-0.11298347880609508,0.06702101028720728,-0.00041008517348555353,0.019608990829703073,-0.119891670922788,0.06487066311657348,-7.415476108097745e-05,0.00560945083052886,-0.04192871007170928,0.020825332820741047,-0.014830952216195474,1.1218901661057723,-8.385742014341856,4.165066564148209,-0.02050425867427769,0.9804495414851536,-5.9945835461394,3.243533155828674,65354.801535540806,12300.009046290357,43630.334095341896,86918.800896992,0.43133139023280354,0.15731857401869034,0.06790362477681489,0.8727033138402758,0.0003173621527408005,0.00013343213466114704,0.000164587693885308,0.0005301629168054883,0.8092568800406839,0.33360429995041907,0.31973823013142744,0.17770177230205111,0.8814707881318082,0.17241775007351925,0.9208479787335636,0.23840493351752454,0.9334354434819986,0.22608953471056314,0.8139360495845045,0.1853860093963419,0.7731122265441741,0.03217676654458046,0.0972345769405365,1.119994044303894,0.0,-16.801952362060547,124.73263549804688,-7.061542510986328,0.09121650457382202,0.0007,448.0,0.0,0.0,0.0,
242460.0,-0.017441918718180172,1.435660832084558,-5.959530830383301,12.039292335510254,12.039292335510254,4.31230531692505,0.0,-0.00032708468229369664,0.01254249940892167,-0.05676541620308365,0.0973537287395783,-0.00040557985541123337,0.012516068697863678,-0.058440263979820564,0.0929015803101791,1.4185370340135171e-05,0.004072144484270959,-0.015187586967496395,0.03697106762233566,0.0028370740680270347,0.8144288968541918,-3.037517393499279,7.394213524467132,-0.020278992770561673,0.6258034348931839,-2.9220131989910283,4.645079015508955,44408.33139060764,4002.0038653340525,35989.32407048208,53733.09413521447,0.42161874889646317,0.16223641537459726,0.057137272259551994,0.8334987253917188,0.00024783175790512083,6.858034099160814e-05,0.00013891380665621936,0.0003885765539019875,0.8086626686555451,0.3341798997546443,0.32039119241150227,0.1910275289368107,0.7797873807600058,0.1650420367539696,0.7902691623528915,0.23875992723129127,0.8530566632034664,0.21752187586182878,0.8812665519206672,0.18764863121609968,0.8165433926704343,0.04069717600941658,0.11292335391044617,1.22738778591156,0.0,-4.318007469177246,16.705106735229492,-7.064101219177246,0.21430742740631104,0.0007,449.0,0.0,0.0,0.0,
243000.0,0.07956072474933333,1.3876413208518175,-4.944825649261475,7.782668113708496,7.782668113708496,4.1219422531127945,0.0,0.0009163838295718147,0.009474462122147389,-0.03480193769080618,0.05774023603565674,0.0008712525958895819,0.009451986150952787,-0.03542195278694956,0.05613477969446757,0.00017999048031004932,0.004580899865640201,-0.01763745853825563,0.024879645164696446,0.03599809606200985,0.9161799731280402,-3.5274917076511256,4.975929032939289,0.0435626297944791,0.4725993075476394,-1.771097639347478,2.8067389847233786,53638.95820233528,6286.898457890369,39601.21636109016,65564.28581968688,0.4277835245909166,0.16240788758958133,0.07655712222169067,0.9001554379010042,0.00010931441852301044,1.6218879571511518e-05,8.397794119130396e-05,0.00014571133836843985,0.8070859010471515,0.33446510438438776,0.3237756310474602,0.21107940634260805,0.8727527227040827,0.20625671562955064,0.9273769357750109,0.20861723482401923,0.8661328022233765,0.2096722663335681,0.7667991384752822,0.16437437687025394,0.8272288531061355,0.0400610975921154,0.10307092219591141,1.184945821762085,0.0,60.735870361328125,102.392333984375,-7.065560817718506,0.15995746850967407,0.0007,450.0,0.0,0.0,0.0,
243540.0,-0.003011562056942946,1.6357734164007915,-16.6236572265625,8.131016731262207,16.6236572265625,6.251270084381114,0.0,9.285583959574233e-05,0.010997016239724901,-0.09436693319419817,0.058184228922362385,3.190133316827036e-05,0.01106509098098432,-0.09912105850084132,0.05655444769356208,-2.303314640332635e-05,0.005427709067712116,-0.05833801864616166,0.02651647154146147,-0.0046066292806652516,1.085541813542423,-11.667603729232331,5.303294308292294,0.0015950666584135082,0.553254549049216,-4.956052925042067,2.8277223846781037,55615.28233692761,4493.339350745661,46588.74319663671,67449.68487204971,0.4363641570814448,0.1564231426586443,0.03404934091756678,0.861239596511074,0.00011874842532196175,1.5574543617292535e-05,8.409679573765975e-05,0.00014993918697615738,0.8014867163501476,0.34126297898248587,0.3281385722670271,0.208373211488291,0.9411859604270697,0.17350860398819487,0.889790140147765,0.22926299684245383,0.883588543943746,0.22734920000779552,0.812628998506499,0.16150598767326474,0.7453710804080684,0.03605474531650543,0.1130426824092865,1.2027579545974731,0.0,50.509246826171875,113.97502899169922,-7.065536975860596,0.06968742609024048,0.0007,451.0,0.0,0.0,0.0,
244080.0,-0.06623953114720751,1.6212174411001228,-11.714435577392578,6.54518461227417,11.714435577392578,5.20092612266541,0.0,-0.0002507886422121952,0.010254177540910901,-0.07817041740407571,0.039344433623688745,-0.0003038024264928243,0.01031346047941242,-0.08139490700420272,0.03859016211283669,-0.00025524704032907797,0.00555721110616605,-0.04502890580438436,0.023078382592874983,-0.05104940806581559,1.1114422212332102,-9.005781160876872,4.615676518574997,-0.015190121324641218,0.515673023970621,-4.069745350210137,1.9295081056418344,66177.95247391313,4432.029192612333,54083.322518016175,79297.15584219708,0.41728663512961484,0.16637401284072492,0.04469220970213481,0.8704128427874936,8.780565080322705e-05,1.7415092796950024e-05,6.050431112912308e-05,0.00013919304438721587,0.7967429733341013,0.3438834294782255,0.33056410389876606,0.21251109662407072,0.8397256146491302,0.15754433304653415,0.7457707089622665,0.23810999224669008,0.871054684774679,0.24804578550429351,0.9568337472406941,0.1437887925784115,0.7574383709308867,0.027971435338258743,0.11387088894844055,1.1557270288467407,0.0,-11.30374526977539,68.62162780761719,-7.065762996673584,0.10186970233917236,0.0007,452.0,0.0,0.0,0.0,
244620.0,-0.008922846346696907,1.2643058406613623,-5.006444931030273,6.514954090118408,6.514954090118408,4.116777510643008,0.0,-0.0002421530235421824,0.008289996713671264,-0.03241473868218999,0.04342069451432,-0.00027659279147674155,0.008297964064072655,-0.032951732567929236,0.04250444513988924,2.4533962223774465e-05,0.00426034338108146,-0.016794290665244148,0.02194865849213963,0.004906792444754894,0.852068676216292,-3.3588581330488294,4.389731698427926,-0.013829639573837073,0.4148982032036328,-1.6475866283964617,2.125222256994462,52710.17294815657,3191.891629264574,45449.6296252879,58217.351323553856,0.4088354501572956,0.16133444699787616,0.03244480792773227,0.8368088548647648,9.583216906157301e-05,2.5133363310003357e-05,6.41153701160148e-05,0.0001409730509115292,0.8018208547653589,0.3388569582766402,0.3290942023716588,0.19569718361921337,0.8180358086604945,0.14354983329091778,0.8773858770300675,0.2531547012654768,0.9364954239495745,0.24770914181490425,0.9138423276455153,0.15988914000948784,0.767589918939078,0.029532600194215775,0.1283922791481018,1.1722699403762817,0.0,8.57150650024414,18.776573181152344,-7.061307430267334,0.3432791829109192,0.0007,453.0,0.0,0.0,0.0,
245160.0,0.005588654266601359,1.6978405869239166,-6.8043293952941895,9.827500343322754,9.827500343322754,6.203861746788031,0.0,-4.2122095307342335e-05,0.011434043716519413,-0.04779305232794979,0.0654351232610394,-0.00010751213775937038,0.011437174965298332,-0.04897288580636087,0.06338328216313663,5.4821313099442446e-05,0.005641347205042776,-0.02211088801354004,0.033291679180609046,0.010964262619888476,1.1282694410085552,-4.4221776027080075,6.658335836121809,-0.005375606887968523,0.5718587482649166,-2.448644290318043,3.1691641081568314,46448.39556559688,3389.5006594710426,37835.88332273031,52804.24899237841,0.4402700105772776,0.166102187379749,0.0604485151677025,0.8803260710113856,0.00010885537882400938,1.6150978736888982e-05,6.353298685595809e-05,0.00013842025697885027,0.7824979643864196,0.35627772930361934,0.3433812562536375,0.20695418464892434,0.8828605226446244,0.1810785572978246,0.8541358033727875,0.2265151286268399,0.9049555071144741,0.22248333126432712,0.9228509584835644,0.162968798162084,0.7216582307047095,0.04769400507211685,0.12660470604896545,1.2131328582763672,0.0,21.915712356567383,75.30339813232422,-7.062436103820801,0.23897141218185425,0.0007,454.0,0.0,0.0,0.0,
245700.0,0.019176639222401988,1.1519333050405114,-5.4612956047058105,4.492318153381348,5.4612956047058105,3.8016282200813327,0.0,0.00025192402739195773,0.006855460752687719,-0.031177465587002427,0.031471287244078265,0.00022840860751072213,0.006853169995827953,-0.031673826884744065,0.03098621721743684,3.8781038186305016e-05,0.004061326978075111,-0.019917212585289053,0.014715035715931126,0.0077562076372610055,0.812265395615022,-3.9834425170578105,2.9430071431862252,0.011420430375536106,0.3426584997913977,-1.5836913442372031,1.549310860871842,50329.37913477548,3449.283431523058,43319.574051159674,56428.628368586425,0.43149829185612965,0.1654388047319121,0.05890512310179102,0.8664866573111949,7.494840719460012e-05,2.310095071363807e-05,4.821605521356905e-05,0.00012400739626020836,0.7863483616744787,0.35230650271401226,0.3410491880320415,0.21073210789719835,0.9007845862388674,0.17253490748616385,0.8877428742556828,0.22401911168627212,0.9421464714605925,0.2465981697284373,0.9030147311205582,0.14611570320192843,0.7788425064544748,0.04197721928358078,0.13013386726379395,1.2256677150726318,0.0,17.26772117614746,54.356590270996094,-7.062883377075195,0.21102392673492432,0.0007,455.0,0.0,0.0,0.0,
246240.0,-0.056960759142896646,1.7637438820043114,-8.566620826721191,15.913604736328125,15.913604736328125,5.47896098136902,0.0,-0.0007587813669760167,0.011072842850367939,-0.05064037807342974,0.0799883423948256,-0.0008202971493815435,0.011059345611421707,-0.05196760386565223,0.07695024699900666,-7.972951049355462e-05,0.006142686445458639,-0.03066760704377384,0.06033045973160475,-0.015945902098710947,1.2285372890917279,-6.133521408754769,12.06609194632095,-0.041014857469077175,0.5529672805710854,-2.5983801932826114,3.8475123499503328,39309.945739822266,6305.474299966358,29520.701079044353,51266.26929143891,0.4165055503876633,0.16077683405805418,0.03495588381904084,0.8669272521587003,0.00010054906393522967,5.002003955519455e-05,4.305269568572471e-05,0.00018187860407374042,0.8002196115920667,0.3429192866011889,0.32876105093560876,0.2021767960706751,0.8720205055077372,0.18504517065728576,0.8215015353675718,0.22520474716093167,0.9156874728669482,0.21561057646548606,0.8204529103958135,0.17196270964562144,0.8211031380726702,0.04801935702562332,0.12232818454504013,1.1903692483901978,0.0,-23.812803268432617,56.392723083496094,-7.065471649169922,0.3413345217704773,0.0007,456.0,0.0,0.0,0.0,
246780.0,0.052596202323049374,1.657249183513898,-7.300756454467773,14.084060668945312,14.084060668945312,5.835363225936892,0.0,0.00023120590016588547,0.012209135957498628,-0.0641744038273433,0.07961857642637311,0.00015705344631734508,0.012161855903534871,-0.06632614874129332,0.07660780878134464,0.00022371764501478433,0.005291699342932117,-0.0199222442650532,0.05126834959622979,0.044743529002956854,1.0583398685864234,-3.98444885301064,10.253669919245958,0.007852672315867263,0.6080927951767435,-3.316307437064666,3.830390439067232,30705.573667215598,2225.722190950092,24820.303451912132,35393.80622680505,0.42558098211400475,0.1598867413440963,0.05121547517573501,0.8368593311098331,0.0001489783321609628,4.333584475801393e-05,9.406709223922856e-05,0.00023405267977375755,0.8009408976971412,0.3410669523128349,0.3291885305394491,0.18942215624839548,0.7868387633262479,0.22408735025825,0.9498799879388047,0.17894648626519383,0.913636901797122,0.18562131453542183,0.8376107626829198,0.2219226926927389,0.8566104246047731,0.051472313702106476,0.11941222846508026,1.2056444883346558,0.0,15.60696029663086,60.277095794677734,-7.0666961669921875,0.13713562488555908,0.0007,457.0,0.0,0.0,0.0,
247320.0,-0.03439446713740903,1.3773161492950328,-7.752762794494629,7.434327602386475,7.752762794494629,5.068319864273082,0.0,2.3461698324381585e-05,0.009031242902709555,-0.0443658715274704,0.05762766928557721,-1.7180733162866296e-05,0.009008731537785974,-0.04538014998599863,0.05602835210813366,-0.00016767714257955656,0.0046473294555893436,-0.027418775888805324,0.02471298707819485,-0.033535428515911306,0.9294658911178686,-5.483755177761065,4.94259741563897,-0.0008590366581433084,0.45043657688929867,-2.2690074992999314,2.801417605406683,37727.14156961293,1757.1289255678923,33572.69048486941,41890.04723981207,0.4230970617753748,0.15440672835433095,0.061173437414817844,0.8451710833931227,9.423203856901643e-05,1.9833646736265793e-05,6.657249693615351e-05,0.00012981601597674748,0.7992521458894628,0.34199960103917865,0.3311845069563499,0.20801779696755648,0.8869363739540395,0.2395849293236965,0.9476262458424617,0.16859103354612245,0.8924236828076209,0.17963437957374023,0.9198796418493296,0.2041718605888843,0.8434081293877167,0.04801043123006821,0.11647622287273407,1.2544842958450317,0.0,-26.46315574645996,40.348472595214844,-7.069974899291992,0.19404619932174683,0.0007,458.0,0.0,0.0,0.0,
247860.0,0.001654378171251328,1.285509629398397,-11.34782886505127,4.315378665924072,11.34782886505127,4.592074041366583,0.0,-2.556463954844918e-05,0.007420779247796803,-0.05707249794383752,0.02504436767297058,-5.335651756705055e-05,0.007473060142436346,-0.05876587941422072,0.024735897188185224,2.1611024364950125e-05,0.00456770225259449,-0.04204767662734063,0.01539291899354162,0.004322204872990031,0.9135404505188981,-8.409535325468125,3.078583798708324,-0.002667825878352532,0.37365300712181726,-2.938293970711036,1.2367948594092613,34663.451100107224,1430.8987899117196,31425.372261723373,39018.90316219892,0.42936454355935316,0.1660048302041645,0.04444837250733088,0.8624240115311399,6.699789209143169e-05,1.2185976012970428e-05,4.105160955672159e-05,8.960923920412373e-05,0.7949918672474431,0.34627189699268096,0.3336579402007612,0.20447781007258584,0.9037959199257095,0.24391609588479954,0.9024786025596183,0.16401098707827058,0.7745779012979465,0.16814181664065111,0.8434155945853835,0.21945329032369298,0.9316359078862011,0.04195687919855118,0.1101909875869751,1.1809958219528198,0.0,-12.246883392333984,23.890209197998047,-7.072524070739746,0.38131844997406006,0.0007,459.0,0.0,0.0,0.0,
248400.0,0.03231585442252388,1.8056168692627392,-20.433013916015625,10.874526023864746,20.433013916015625,7.725875172615051,0.0,0.0004289551899003753,0.010330924404305776,-0.08447298090502695,0.07236038215282203,0.000375552027997372,0.01032773605282545,-0.08825540236481419,0.06986218353501941,6.769125257139757e-05,0.006528866818881065,-0.08010121539804425,0.03690708260607438,0.013538250514279516,1.305773363776213,-16.02024307960885,7.3814165212148755,0.018777601399868598,0.5163868026412726,-4.41277011824071,3.4931091767509708,37992.563858253336,2404.3935379666937,33125.51023562937,42847.432336225604,0.42443190386229757,0.16334661224380476,0.05425165873371348,0.8376719058050361,8.092490581280816e-05,4.5501166834485385e-05,3.0175361703197438e-05,0.00014807128227786368,0.7977571375533281,0.3442873586178946,0.3308732469836693,0.20016146764928103,0.964045043630179,0.25120228548192103,0.8381175822545582,0.16813736081423925,0.8362182418549052,0.1640613513982091,0.8808015321252993,0.2164375346563496,0.8721355255305304,0.042531151324510574,0.12118147313594818,1.192495584487915,0.0,4.417751312255859,71.01617431640625,-7.073312759399414,0.29336458444595337,0.0007,460.0,0.0,0.0,0.0,
248940.0,0.032109996555502424,0.9982805023522926,-8.16076946258545,5.822939395904541,8.16076946258545,3.9477456307411196,0.0,0.0001622734242309049,0.005037514744031627,-0.04372460591892367,0.03115620115672294,0.00014956370749883035,0.0050405875578821814,-0.04470933829221401,0.030680698075877727,0.00012315904559108393,0.0037519191778210403,-0.029626512446497052,0.02238378028687633,0.0246318091182168,0.750383835564208,-5.92530248929941,4.476756057375266,0.007478185374941519,0.25202937789410906,-2.2354669146107007,1.5340349037938863,39907.72323750236,1760.775491109367,37115.04557743467,45761.870529487394,0.4232926896197533,0.16279832054332774,0.06589848557192934,0.9363954554529125,5.277049551502242e-05,2.3315247752382025e-05,2.3423989801786302e-05,0.0001105981428197476,0.7920619645584506,0.34770247826056244,0.3355980255658133,0.19688077897641026,0.9016777843593932,0.26295948217755705,0.8691334827259584,0.1542286508174651,0.8914899569581919,0.1536931803051762,0.7825200160075472,0.2322379077233914,0.9504074014023045,0.041472189128398895,0.13792601227760315,1.2111302614212036,0.0,22.84545135498047,83.54180908203125,-7.073642730712891,-0.16804718971252441,0.0007,461.0,0.0,0.0,0.0,
249480.0,-0.02570309118019159,1.2974015330549569,-6.721444129943848,5.196297645568848,6.721444129943848,4.786637191772461,0.0,0.00014636381191675783,0.005808610666203364,-0.027258166214200356,0.025938501679517917,0.00012947778892702784,0.005810517198770117,-0.02763656213004479,0.025607805068600383,-0.00016088490128315805,0.0050392748853192604,-0.026845300134732627,0.01968036462006812,-0.03217698025663161,1.0078549770638519,-5.369060026946525,3.936072924013624,0.0064738894463513925,0.2905258599385058,-1.3818281065022395,1.280390253430019,47044.99647476542,1713.8960975605485,43558.06471166221,50907.07009190355,0.4181654086602118,0.15186075792864018,0.08954494853490066,0.8140190887853467,3.448415126716998e-05,4.290498415479229e-06,2.7754516041155576e-05,4.6536480544879594e-05,0.8026075405932417,0.33924219617385165,0.3278940941718367,0.21020584938120554,0.8134252630780103,0.19521822463173488,0.8571799580113478,0.18371827565668594,0.839601020038023,0.20177534476726747,0.9217406694896217,0.20908230556310614,0.8737195089511495,0.048946868628263474,0.11075752228498459,1.2582221031188965,0.0,-1.922400712966919,17.725374221801758,-7.074005126953125,0.4483014941215515,0.0007,462.0,0.0,0.0,0.0,
250020.0,0.023849395782626407,1.3792814453935782,-11.394129753112793,6.547554969787598,11.394129753112793,5.638794889450074,0.0,0.00028534714240106303,0.0069986749799525495,-0.047020422706477605,0.031312602169644786,0.00026077745182192055,0.007008169429863002,-0.048161805469917246,0.0308323619584726,5.405263244206861e-05,0.005158860873193502,-0.04493019704726679,0.025803300740799603,0.01081052648841373,1.0317721746387003,-8.986039409453358,5.160660148159921,0.013038872591096028,0.3504084714931501,-2.4080902734958625,1.54161809792363,50571.42079982316,3691.565440653266,41383.549910629416,57133.15818742577,0.4401345589613394,0.1644402799821847,0.047009229128304894,0.8645934128553844,4.901374988515442e-05,1.0974472748772455e-05,3.195262158168844e-05,6.691353376797402e-05,0.7961152587698502,0.3442145244575985,0.3325169789687091,0.21589808676922204,0.8918911561367395,0.19965797989582354,0.8573701333480184,0.18960516632002508,0.8312118377020296,0.20059067085451435,0.9370300529397989,0.19424809616041497,0.9083843506093973,0.04986972361803055,0.11255411803722382,1.3004523515701294,0.0,30.446056365966797,62.31553649902344,-7.080612659454346,0.223646342754364,0.0007,463.0,0.0,0.0,0.0,
250560.0,-0.030142439432071382,1.2018506958654067,-11.198888778686523,4.566189765930176,11.198888778686523,3.958138329982761,0.0,-0.00011909114258495367,0.005058063334696174,-0.04465037732477385,0.02223153379351393,-0.00013197118709571188,0.005081897274618648,-0.04567790845645616,0.021988015823116068,-0.00011771940531683872,0.004743425192802125,-0.04457496776603807,0.017333943930318875,-0.023543881063367737,0.9486850385604247,-8.914993553207614,3.466788786063775,-0.006598559354785593,0.25409486373093243,-2.283895422822808,1.0994007911558035,52854.13458068097,1898.4824782760818,49269.722938825245,57930.4095827632,0.4285618679754908,0.15830997956123566,0.033636742350227615,0.8773330629866185,3.0427288036897273e-05,5.4353408185677585e-06,2.0325446283548287e-05,4.4318253045514235e-05,0.8005046103450645,0.3415269683366712,0.328127884018059,0.22021491697867057,0.907632978582605,0.18269593575604828,0.8264835716310308,0.193805084272701,0.8373229690094623,0.2148728637891784,0.9192668524684846,0.18841119920340182,0.8038851849812522,0.04549133777618408,0.10445086658000946,1.3018535375595093,0.0,-11.406651496887207,20.633193969726562,-7.083271026611328,0.3982387185096741,0.0007,464.0,0.0,0.0,0.0,
251100.0,0.011010488794892337,1.3668348128788788,-12.90614128112793,6.3100666999816895,12.90614128112793,4.852403588294984,0.0,3.75115772601869e-05,0.005864939724443036,-0.04664307463906084,0.028437523518208826,2.0231391598129313e-05,0.005885896594795594,-0.04776591726044349,0.0280406830234246,4.9994587946523325e-05,0.005372490325727809,-0.052589229395003934,0.024540161717803457,0.009998917589304667,1.074498065145562,-10.517845879000786,4.908032343560691,0.0010115695799064626,0.29429482973977966,-2.3882958630221744,1.40203415117123,49607.06413009013,2299.6969613728775,44989.663391794806,53321.527279418086,0.4266798362926725,0.16518362542568368,0.033025892630512546,0.8622051886262765,3.140700583576103e-05,5.362605295062326e-06,1.8545526891381534e-05,3.8956066932762654e-05,0.8071381000198349,0.3355164468320194,0.3214484147752625,0.21466276757183347,0.8376312465555825,0.20105322023025402,0.9238455016148354,0.21068932733822435,0.8479576322976438,0.18466710378029386,0.8506753966393765,0.18892758107939425,0.81537828478895,0.04605858400464058,0.10059453547000885,1.1470979452133179,0.0,13.706748962402344,54.63787078857422,-7.0843915939331055,0.24840039014816284,0.0007,465.0,0.0,0.0,0.0,
251640.0,-0.05727166962007889,1.0912223057916903,-8.850568771362305,4.6188645362854,8.850568771362305,4.565776124000551,0.0,-0.0003269355334699013,0.0049595443131432385,-0.06444519046734465,0.02116177469219681,-0.0003394983258005759,0.005022723032094339,-0.066615546493953,0.02094097393000055,-0.00020148376716005423,0.0042583243205511255,-0.02977065045956784,0.018154404839288128,-0.04029675343201085,0.8516648641102251,-5.9541300919135685,3.6308809678576255,-0.01697491629002879,0.251136151604717,-3.33077732469765,1.0470486965000276,48269.24273142185,2728.3542737633175,42753.629794446046,54276.0913506379,0.4293168288247681,0.16236552724371262,0.08602861965050049,0.8912730907541591,2.5501667687868094e-05,7.362128903575171e-06,1.288090689436494e-05,3.824605622680459e-05,0.8012048735342645,0.3411065344196029,0.3271543210592949,0.19875400428902998,0.827611416413408,0.19498510326564436,0.9044393968494933,0.22136390961989377,0.8045493832468805,0.20456707049217754,0.8398650663089726,0.18032991233325432,0.8765717164595263,0.041114360094070435,0.0911293774843216,1.0972027778625488,0.0,-26.63054084777832,31.376924514770508,-7.081050872802734,0.45173972845077515,0.0007,466.0,0.0,0.0,0.0,
252180.0,0.0055909578603287055,1.0505028644865824,-4.326201438903809,6.741456508636475,6.741456508636475,4.0208605289459225,0.0,-2.908274811954286e-05,0.003521780536936662,-0.013713039636881955,0.020554269162222017,-3.527601891931629e-05,0.0035180851202493593,-0.013807931870896177,0.020345880846678138,3.6773807183643e-05,0.004378733342834308,-0.01844489317832307,0.02864142044363521,0.007354761436728604,0.8757466685668617,-3.688978635664614,5.728284088727042,-0.0017638009459658153,0.17590425601246795,-0.6903965935448089,1.017294042333907,43825.40063769968,806.7532012012861,41790.588985395356,45887.92596166566,0.4259829238976142,0.1482924002219941,0.08668285788768712,0.794349958608968,1.7462241122985798e-05,4.37571699903266e-06,1.1680566669707743e-05,2.7318775279425722e-05,0.8132938193155826,0.3300307790868337,0.3179487549051091,0.19669035996821843,0.8449306446401047,0.21895684779321137,0.7730949237329588,0.1710948796169945,0.7903983483151548,0.18401220924079215,0.8143834488036886,0.2292457033807836,0.8119017103744123,0.038057949393987656,0.09951220452785492,1.1604100465774536,0.0,-10.889881134033203,20.59885025024414,-7.081525802612305,0.2789776921272278,0.0007,467.0,0.0,0.0,0.0,
252720.0,0.04281440851132006,1.4964550695577,-9.727148056030273,7.424984931945801,9.727148056030273,5.548493623733536,0.0,0.0003989640344435366,0.005682218231933737,-0.04085898085308266,0.025440911169228544,0.0003827099339898371,0.005691634945238858,-0.04171716678938346,0.025122677337541293,0.00011839455840518378,0.006083622569664866,-0.04179454502815684,0.03211612704852712,0.02367891168103677,1.2167245139329732,-8.358909005631368,6.423225409705424,0.01913549669949185,0.28458174726194285,-2.085858339469173,1.2561338668770647,49698.266984205045,4040.617029535727,42378.57684974643,55598.00506581729,0.43023029857497214,0.1621070348562977,0.061653219988738454,0.8575646970873849,2.322303398309941e-05,7.713951267233584e-06,1.1257475161096504e-05,4.1663154177638745e-05,0.7995048476685518,0.34169723730662005,0.32861866170204157,0.23477811901864046,0.8563005159711784,0.23367334285735902,0.839179064403734,0.16508525186072912,0.7597803504722341,0.17460537648061017,0.9042874859652417,0.19185790978266126,0.767353563149278,0.040017664432525635,0.10870873928070068,1.097115159034729,0.0,9.146350860595703,80.75004577636719,-7.081494331359863,0.14316058158874512,0.0007,468.0,0.0,0.0,0.0,
253260.0,0.024707900212336056,1.3565964962497443,-12.820084571838379,7.226905345916748,12.820084571838379,4.198695712089539,0.0,0.0004158059747456062,0.005836277274781155,-0.04537760544715572,0.03753700056911615,0.00039867357602464313,0.005841518273774663,-0.04643941506594055,0.03684963568594764,2.3871115169776418e-05,0.005332703889203289,-0.05249056943387991,0.026922117109909115,0.004774223033955283,1.066540777840658,-10.498113886775982,5.384423421981823,0.019933678801232157,0.2920759136887332,-2.3219707532970273,1.842481784297382,60138.11634445977,4376.112391606594,51590.30700878507,68068.94108750873,0.4306669633842162,0.1555517593399382,0.08077594046981067,0.8716969439279793,3.2784388652665596e-05,4.5777643833620495e-06,2.695539401100874e-05,4.4860565987142774e-05,0.8008841473329635,0.34066647526449845,0.3285091748314615,0.23830142228466325,0.8581591015525235,0.19302085140933334,0.8236546214916187,0.18021154904312786,0.8587873594375818,0.2004792545487581,0.8303000702780869,0.18798692271411743,0.676911155827823,0.04089413583278656,0.10622203350067139,1.1005666255950928,0.0,6.4516472816467285,27.069114685058594,-7.085050106048584,0.2627943158149719,0.0007,469.0,0.0,0.0,0.0,
253800.0,0.010178311232798647,1.1874231722668338,-6.350987911224365,4.081305503845215,6.350987911224365,3.7960436725616455,0.0,0.0001763149192227251,0.005279815130886021,-0.029339730420239574,0.018107948906662997,0.0001623340723016444,0.0052880346514048455,-0.02977874876085357,0.017945952689830652,1.0308043606550969e-05,0.004624652282063744,-0.026284704034762123,0.016133029191672806,0.0020616087213101977,0.9249304564127487,-5.256940806952424,3.226605838334561,0.008116703615082219,0.26440173257024224,-1.4889374380426785,0.8972976344915327,66784.96153583529,2973.8441616652517,60992.48201000998,72390.19384212565,0.42397178081454007,0.1539159641718784,0.06745647089031326,0.8603363750415911,3.348856608066245e-05,7.425867433760361e-06,2.3675362560211992e-05,4.606876221373043e-05,0.809016298964361,0.33493098681311323,0.31964070543712014,0.23348116987773454,0.9017212417284648,0.18897848627470942,0.8709791348635569,0.20179556514495608,0.847729976710255,0.20640042435008815,0.7635774113261872,0.16934435435251188,0.8558269356912036,0.03584709390997887,0.10402290523052216,0.9243603944778442,0.0,3.418531656265259,36.38454055786133,-7.083664417266846,0.2052028775215149,0.0007,470.0,0.0,0.0,0.0,
254340.0,0.011369641958218482,1.8013691270883072,-24.057361602783203,6.219841480255127,24.057361602783203,5.525022835731515,0.0,0.0005021314197714733,0.008999190370913481,-0.07823950396053865,0.039737539843099697,0.0004612180375300013,0.009051359527278405,-0.08146985485437387,0.03896831576825989,-5.845629671570516e-05,0.0068369153018535975,-0.09991934763508095,0.021357128469690435,-0.011691259343141027,1.3673830603707195,-19.98386952701619,4.271425693938087,0.02306090187650007,0.45256797636392027,-4.0734927427186935,1.9484157884129945,84326.46048267873,4708.999713828826,71387.58227709636,92710.56822504704,0.4335868993673319,0.16425411358885272,0.05530561551882372,0.8917531124563256,6.616182398205567e-05,2.1296456513951998e-05,2.3101485287896634e-05,9.694652764690114e-05,0.7930743865292277,0.3468521403363499,0.3363052292804873,0.2400935628438651,0.9511372376042019,0.15947747076352417,0.866326324744779,0.21087684005241533,0.7853685689086191,0.23142869570243135,0.8090098204706936,0.15812343063776402,0.7986936582871674,0.03563243895769119,0.11470237374305725,1.090599536895752,0.0,1.5076130628585815,42.39942169189453,-7.085162162780762,0.29659754037857056,0.0007,471.0,0.0,0.0,0.0,
254880.0,-0.011103872660788949,1.28580422421048,-6.867526531219482,6.488581657409668,6.867526531219482,5.061179451942449,0.0,-5.3473367842351943e-05,0.0071284726955927556,-0.03971580489935977,0.03137184835737803,-7.897949478913686e-05,0.00714892944140894,-0.04052600176726552,0.030889807669797372,-3.577450447790859e-05,0.004652669625930634,-0.025376568468305914,0.024720455466991156,-0.007154900895581714,0.9305339251861268,-5.075313693661183,4.944091093398232,-0.003948974739456841,0.357446472070447,-2.0263000883632762,1.5444903834898687,83815.54309607322,3281.1321080872776,77741.48688815418,92447.26098840857,0.4159835342647454,0.15467849857092206,0.0757783806887714,0.8369298905195253,5.941574812378333e-05,1.2869581617211636e-05,3.615164683794539e-05,8.262339794611139e-05,0.7947276266399593,0.3446949219411488,0.33563915789202964,0.23014253402569504,0.8840537064885934,0.14712055410779534,0.7965938920902075,0.23368483829816075,0.8779110423593519,0.23536229501135383,0.8358458119465799,0.15368977855699503,0.828976366975959,0.03647980839014053,0.1335197538137436,1.0854378938674927,0.0,0.6130668520927429,26.510753631591797,-7.083247184753418,0.3258790969848633,0.0007,472.0,0.0,0.0,0.0,
255420.0,-0.06263868181698921,1.2437313893304849,-7.768016338348389,6.243522644042969,7.768016338348389,5.191639409065255,0.0,-0.00036308502712046426,0.005507733033218531,-0.0366720122928779,0.023896916357408763,-0.0003783997964892452,0.00552897559891977,-0.03736133565211801,0.02361585393027313,-0.00021859346730356954,0.004847673683851778,-0.029738743123332367,0.025313649884724912,-0.04371869346071392,0.9695347367703556,-5.947748624666473,5.062729976944983,-0.018919989824462257,0.27644877994598854,-1.8680667826059003,1.1807926965136564,82384.11476103155,5421.311132679459,67846.36832803006,91536.16925012232,0.4320226497187041,0.1529207536345531,0.09667250222117116,0.882193048839246,3.1800740948357425e-05,4.27865260678069e-06,2.452459298119248e-05,4.252699333229066e-05,0.7969264223506928,0.34238759574482913,0.3329348158927646,0.2188213720052269,0.819646520602383,0.14721724801570937,0.8459717613315382,0.2363095670200412,0.8278527810424462,0.23978613656891737,0.930930717965646,0.15786567639010515,0.8443580746748961,0.030359920114278793,0.13656386733055115,1.06768000125885,0.0,-38.07866287231445,50.88822937011719,-7.083110809326172,0.3910982608795166,0.0007,473.0,0.0,0.0,0.0,
255960.0,0.028185738411331034,1.4963390821155536,-9.76479434967041,9.351981163024902,9.76479434967041,5.249482483863833,0.0,7.520711899866818e-05,0.008211500687916323,-0.07517015269644015,0.04604985327983393,4.129894181033824e-05,0.008247510892583024,-0.07814550725139502,0.04502102538636987,0.00013060396875545479,0.005470218530529043,-0.029287593598335264,0.035504650343554905,0.026120793751090957,1.0940437061058088,-5.857518719667053,7.100930068710981,0.002064947090516907,0.4123755446291512,-3.907275362569751,2.2510512693184936,75672.103249715,4612.646922804664,62278.71988717826,83763.30122361716,0.424499743163022,0.1613398994968535,0.0572267842535332,0.8843905873334714,5.578712549747526e-05,2.290571261424803e-05,3.251473438885853e-05,9.75435300471237e-05,0.7982056564054605,0.34366476764779347,0.32966105336904183,0.22281729669083689,0.8789398903788663,0.19955944618035854,0.9319986373164488,0.2153876031684226,0.8640494458205625,0.21958561497445536,0.93133945197201,0.14265003898592665,0.810020945494931,0.04085320234298706,0.12125878036022186,0.9727640748023987,0.0,-8.951815605163574,62.62397003173828,-7.083731174468994,0.16032880544662476,0.0007,474.0,0.0,0.0,0.0,
256500.0,0.019981769891132393,1.1200883017408934,-5.584937572479248,4.524553298950195,5.584937572479248,3.6806973242759717,0.0,0.00016454416767933271,0.0057433767131045655,-0.02954478699214102,0.02259780741962557,0.00014803750681470422,0.0057439186570807385,-0.029990025806968173,0.02234625953827285,6.289946889975416e-05,0.004172566440241503,-0.020427181435685726,0.017036201528675746,0.012579893779950817,0.8345132880483008,-4.085436287137146,3.4072403057351495,0.007401875340735211,0.2871959328540369,-1.4995012903484086,1.1173129769136425,75526.64321977577,3268.2125785500307,69162.45910387489,82744.40010673829,0.4292020103362003,0.1667013437821893,0.059660033158677336,0.8989631942747942,4.782241287673455e-05,1.1132437664683831e-05,2.9899893361235976e-05,7.21153939055533e-05,0.7962746411796123,0.3442311163041239,0.33130556419639706,0.231761359095008,0.8375210918630649,0.16825778076992184,0.8214280794759462,0.19573544948441615,0.7839460953858675,0.24838751256860778,0.8510984035043655,0.1558578980820462,0.8504677641091931,0.0396818146109581,0.12716436386108398,1.044440746307373,0.0,3.395408868789673,25.989694595336914,-7.08536958694458,0.16641765832901,0.0007,475.0,0.0,0.0,0.0,
257040.0,0.034366544736312114,1.429359160230598,-6.722118854522705,6.736330986022949,6.736330986022949,5.131422219276431,0.0,0.0004617764062397465,0.006169038708351597,-0.026675976214958198,0.030415011620740826,0.000442663900845462,0.0061650642505429185,-0.02703823703806954,0.029961644993138213,6.116675846595224e-05,0.005623124799583545,-0.026851033873391463,0.02619124434630705,0.01223335169319045,1.124624959916709,-5.370206774678293,5.23824886926141,0.0221331950422731,0.3082532125271459,-1.351911851903477,1.4980822496569106,88433.2539354782,7370.110127518839,77687.49200721868,104402.48229483594,0.4186178043706166,0.16047640919543268,0.04029356195588022,0.8228240922257879,2.944199557698299e-05,8.563553858941021e-06,2.1016080594578056e-05,5.4413686535648395e-05,0.7955638175253693,0.3457950624351964,0.33260191102831804,0.2515794644733999,0.8395077714660616,0.14948825780432737,0.7273582467307517,0.2074756719102661,0.8428907106743144,0.24660966560590858,0.8803351359973823,0.14484694020609815,0.7815614864648551,0.03832511231303215,0.14210915565490723,1.0595741271972656,0.0,12.758145332336426,34.78367233276367,-7.087426662445068,0.31068891286849976,0.0007,476.0,0.0,0.0,0.0,
257580.0,-0.026610171548263343,1.6062808486860478,-12.91858196258545,8.108288764953613,12.91858196258545,5.923855075836195,0.0,6.996892921250936e-05,0.0095925724876625,-0.0585318385655268,0.04988098351217943,2.379827335236636e-05,0.009618398229558121,-0.06031474830806214,0.04867680870892495,-0.0001390004304615215,0.005652446430661692,-0.0495142243812445,0.028372242303712804,-0.0278000860923043,1.1304892861323386,-9.9028448762489,5.6744484607425605,0.0011899136676183208,0.480919911477906,-3.015737415403107,2.4338404354462475,105690.16612192009,5601.033637759192,92171.62556154173,116466.55973843178,0.43875387299131663,0.15705020319290436,0.07031618179345608,0.8199470306745289,8.299904564943638e-05,2.0347162331115384e-05,5.037780551396422e-05,0.00011764186759503577,0.7849416369398657,0.3521428577349938,0.34384545211866574,0.19394206268766115,0.8448664978062607,0.1280103323697975,0.7974512839532524,0.24377626747219575,0.9520550171103253,0.27769429909832133,0.8585858044391668,0.15657703837202416,0.7372045739693996,0.024688562378287315,0.160413458943367,1.1230636835098267,0.0,-17.5596923828125,26.027944564819336,-7.086428165435791,0.456040620803833,0.0007,477.0,0.0,0.0,0.0,
258120.0,0.027647181271782353,1.570319141206766,-12.57913589477539,7.396918296813965,12.57913589477539,5.816652779579163,0.0,0.00030245680236563394,0.009945658557466465,-0.0824274609916743,0.049594028028666,0.00025266076156227254,0.00999231111877124,-0.08602364058915866,0.04840344943222679,7.507070660320204e-05,0.005370896300388684,-0.04138976988876676,0.025874494390899255,0.015014141320640394,1.074179260077737,-8.277953977753352,5.174898878179851,0.012633038078113631,0.49961555593856205,-4.301182029457933,2.4201724716113393,104973.58529110589,6125.538857604792,91192.06437049336,120715.70151288083,0.4186666005857787,0.16394558003382495,0.05590836846916007,0.8291828080498163,8.972763083293098e-05,2.546836979769546e-05,6.271251927308325e-05,0.000141286125716279,0.7911194315508112,0.3460837759516478,0.33730141958542703,0.20346340485253306,0.9355513708352576,0.12639631379358623,0.7521594250029218,0.2562440050710315,0.8394069271958746,0.2733744922720638,0.8623634122024362,0.14052178401078536,0.6576874163975109,0.024976756423711777,0.16604287922382355,1.2180583477020264,0.0,18.67698860168457,23.071575164794922,-7.085732936859131,0.5358530282974243,0.0007,478.0,0.0,0.0,0.0,
258660.0,-0.05125490750907812,1.297919256859106,-6.406670570373535,9.527647018432617,9.527647018432617,4.303818283081056,0.0,-0.00040585188912661726,0.008277850169084187,-0.04480273886957427,0.0595782669232329,-0.0004402823796814353,0.00829228778391855,-0.0458374036736789,0.05787096756295593,-0.00014620394569157767,0.004429350788275641,-0.020574000989054,0.0331704909489072,-0.029240789138315522,0.8858701576551282,-4.1148001978108,6.63409818978144,-0.02201411898407176,0.41461438919592747,-2.2918701836839452,2.893548378147796,100326.07481690968,7665.683059686676,89909.7140569207,119273.83251512497,0.43479512370122037,0.16343387989194394,0.06904157629226573,0.8599365475318725,8.63878068841065e-05,2.052120274405403e-05,5.103316853091188e-05,0.00012401618459159829,0.7813471822764994,0.3558500268529172,0.34542152248768504,0.180810003160734,0.8849115452935156,0.13434712916147593,0.7903492227863327,0.2593005679485942,0.9322493818941178,0.2717719906695421,0.9619617051223219,0.15377030905965375,0.7562350661451797,0.026545602828264236,0.16111162304878235,1.1841598749160767,0.0,-39.85126495361328,50.9981689453125,-7.084580898284912,0.43432188034057617,0.0007,479.0,0.0,0.0,0.0,
259200.0,0.05466326478140049,1.3244456744668103,-5.622480869293213,8.52854061126709,8.52854061126709,5.0887744951248255,0.0,0.0003512878453116169,0.007115403028333556,-0.0331592187959738,0.045859761633414146,0.0003259345496829416,0.007112073439889735,-0.03372144940814478,0.044839285558235964,0.00019183267537761689,0.004858019260628707,-0.02198268584649732,0.03143288069670918,0.03836653507552337,0.9716038521257414,-4.396537169299464,6.286576139341836,0.016296727484147074,0.3556036719944868,-1.6860724704072392,2.2419642779117983,95733.77619635298,8680.022421313026,79840.42350511164,113464.98710556148,0.4147843852364725,0.1463556347992204,0.08589500360615468,0.7906743322915402,5.491708853950416e-05,1.3050666400436183e-05,3.86969528367832e-05,8.612326713763083e-05,0.791578945928785,0.3467250530818337,0.3377281124192868,0.2375185134917477,0.9269112250928747,0.1360769741418008,0.6916596838794128,0.22120393962067197,0.8493981762809675,0.26623597332975696,0.9278061179115945,0.13896459941602252,0.6981768926342853,0.03609343245625496,0.15835848450660706,1.1111211776733398,0.0,19.517414093017578,35.76594543457031,-7.084039211273193,0.3151548504829407,0.0007,480.0,0.0,0.0,0.0,
259740.0,-0.09527235958031034,2.6473925658074986,-16.319820404052734,13.615912437438965,16.319820404052734,11.489933938980103,0.0,0.0003310131240016424,0.022472154023393826,-0.11316756784126501,0.15775904988226136,8.184751296812335e-05,0.02225952666554696,-0.12009922978565837,0.14648628313267897,-0.0004968236330659889,0.00866888770002836,-0.09383055945279187,0.03200498318098583,-0.09936472661319778,1.733777540005672,-18.766111890558374,6.400996636197166,0.004092375648406167,1.1129763332773477,-6.004961489282919,7.324314156633949,45157.68691518911,45636.04287463335,9132.934879659264,113613.33183039713,0.40900452039849006,0.15443113045728776,0.0345567931195487,0.8125005879577816,0.00030342149250673153,0.00027388252915884476,4.573142149706027e-09,0.0008016351788352846,0.8042900778305809,0.3372734955351541,0.32562883758191014,0.16896086391837165,0.8376263743633708,0.1536522272077369,0.737423938284114,0.2357018937328946,0.8430022557215087,0.22719592087511714,0.9536662928970486,0.21448909426587964,0.8420045336687414,0.046308644115924835,0.11793386936187744,1.0017889738082886,0.0,-32.3402214050293,51.92391586303711,-7.084295272827148,0.3178060054779053,0.0007,481.0,0.0,0.0,0.0,
260280.0,-0.008206260902914908,1.8293854628570967,-6.842236042022705,14.379698753356934,14.379698753356934,6.092273445129396,0.0,5.647525973296499e-05,0.018206941035568688,-0.06342799790387701,0.11770895471148979,-0.00010790045231139982,0.01809781237360932,-0.06552887580770936,0.11128101410811234,-1.4056183925094956e-05,0.00467805570606459,-0.01884564812999805,0.044078240901446165,-0.0028112367850189886,0.9356111412129179,-3.76912962599961,8.815648180289234,-0.005395022615569999,0.9048906186804659,-3.2764437903854677,5.5640507054056165,11702.251729794078,1284.5657946645558,7995.437396284723,14050.643769140459,0.4252718541254142,0.15779521946872638,0.05590132170415237,0.8180364838285448,0.00041867888706268266,0.0001384253861571576,0.0002570419918313848,0.0006927913482940135,0.8022764419832381,0.3387713182385124,0.327007728507632,0.15914647883848018,0.7817164133669262,0.19250273921782957,0.8903110171469741,0.23687428585029388,0.8491820230543483,0.17484771982197675,0.8568552072269457,0.23662877627141965,0.9248457890273263,0.030367013067007065,0.10170555114746094,1.0199345350265503,0.0,11.643916130065918,53.55093765258789,-7.085024356842041,0.33443397283554077,0.0007,482.0,0.0,0.0,0.0,
260820.0,0.061866885712704434,1.3815393671791354,-7.017894744873047,11.014212608337402,11.014212608337402,4.937904047966014,0.0,0.000491293388857662,0.011296930839992154,-0.048252295129592594,0.08493948500911802,0.000427649504503846,0.011262623314182539,-0.04945529520611811,0.08152421125184049,0.0002024220460374777,0.00411278373940901,-0.023133455492341217,0.03469000855716575,0.04048440920749555,0.822556747881802,-4.6266910984682434,6.9380017114331505,0.021382475225192307,0.5631311657091269,-2.4727647603059055,4.076210562592024,10036.166199322317,1328.6929819986567,7895.201162062111,12989.19481990936,0.4298359547542236,0.1730776054860002,0.08671576289383727,0.8870578939376018,0.00019891134424682413,5.286549780718365e-05,0.00011763279059288193,0.0003108284255249726,0.7901432925163283,0.34909797931938596,0.3376390732825355,0.18511806570173164,0.917362716933251,0.232043477210207,0.8549327075691475,0.18631533792553362,0.8845215501366057,0.14435289815847174,0.752767224268821,0.25217022100405595,0.9227030235741264,0.03400687873363495,0.12436597049236298,1.0171170234680176,0.0,62.270442962646484,135.9300537109375,-7.087763786315918,0.1368200182914734,0.0007,483.0,0.0,0.0,0.0,
261360.0,-0.052835750964004544,1.5177894217823922,-6.872661590576172,9.08739185333252,9.08739185333252,4.927764854431153,0.0,-0.00030191334307204837,0.010095096495373617,-0.047707267565013825,0.058176798621194445,-0.00035297473914177777,0.010103054456665924,-0.048882799403207305,0.05654742592263428,-0.00017593508143847253,0.005067947513258902,-0.022142608352820146,0.031300101881662004,-0.03518701628769453,1.0135895026517805,-4.428521670564029,6.260020376332401,-0.017648736957088875,0.5051527228332963,-2.444139970160365,2.827371296131714,11350.202844267824,752.4585769257478,9763.756576460997,13062.81770142682,0.417555528974287,0.16665310783903828,0.05747377498556666,0.8997745412233585,0.00010406489395942997,1.2180536943565287e-05,7.497997725654376e-05,0.00013248450594917577,0.7924660621409793,0.34683370119215623,0.33432521080885497,0.1563111267914536,0.9273991090067071,0.23529078134331374,0.9279696449426302,0.19823719977124732,0.8183524280006449,0.15843161138446044,0.7534093313849787,0.25172928070952494,0.8485788124633037,0.033798594027757645,0.13217994570732117,1.0764412879943848,0.0,-16.575429916381836,33.64899444580078,-7.088159084320068,0.41343188285827637,0.0007,484.0,0.0,0.0,0.0,
261900.0,-0.010959714546333998,1.2214190190570446,-4.487518787384033,10.059168815612793,10.059168815612793,4.4742950820922855,0.0,-0.00016914267990963982,0.00762935543743188,-0.032217896441503316,0.061831404118704254,-0.00019814353370418132,0.0076061208986572945,-0.03274831667393642,0.05999515703323227,-5.262698598554443e-06,0.004221286517180379,-0.014369373658182465,0.03529705572021323,-0.0010525397197108893,0.8442573034360757,-2.873874731636493,7.059411144042646,-0.009907176685209072,0.38030604493286474,-1.637415833696821,2.9997578516616135,9721.436207398323,364.23897929762427,8962.818045106047,10754.39043911421,0.42631514401206694,0.16042260319238635,0.047329382067775275,0.9050303147480545,8.272888146230787e-05,2.4778945497217577e-05,4.597573140301593e-05,0.0001314644984013835,0.7937642166582808,0.3443636228348433,0.3335291081450606,0.20028336017340392,0.9481897522513774,0.2552776958174505,0.8337413795109339,0.15347777777892826,0.7654439708457418,0.12736039964873486,0.8079334996514744,0.26360076658148246,0.8824537445572995,0.030907029286026955,0.16134601831436157,1.1258243322372437,0.0,-10.05665111541748,17.939823150634766,-7.087916851043701,0.416276752948761,0.0007,485.0,0.0,0.0,0.0,
262440.0,-0.042768875864459446,1.6137854319983693,-8.316524505615234,8.664712905883789,8.664712905883789,6.2052382850647,0.0,-0.0005442981818840143,0.010025521760656938,-0.05976841180640758,0.03954810686656182,-0.0005950931131597225,0.010081787475006782,-0.061629063643579896,0.03878610609700886,-6.507108296585695e-05,0.005573286312661409,-0.02937776473323644,0.03362704012793493,-0.013014216593171382,1.114657262532282,-5.875552946647288,6.725408025586986,-0.029754655657986125,0.5040893737503391,-3.0814531821789948,1.939305304850443,7799.050414656231,609.1471718265909,6468.204841164437,9521.950469063218,0.40541484141348333,0.1527764312321299,0.040341881246729064,0.7705581075304202,8.208140958415825e-05,1.5800153105019942e-05,4.3687202172397005e-05,9.95127206465772e-05,0.7991517101584588,0.34046738200228543,0.3293095259210249,0.18349782555990576,0.8613395501306605,0.26147350365362115,0.9412427851561966,0.15265536447294734,0.7609281229590085,0.13542983977222867,0.7360547870099775,0.26694346654129714,0.9298706462926545,0.0286883357912302,0.1646943986415863,1.0794117450714111,0.0,-26.375858306884766,66.96392822265625,-7.087139129638672,0.18612831830978394,0.0007,486.0,0.0,0.0,0.0,
262980.0,0.012604565357065035,1.1599065458146323,-7.287081718444824,16.704362869262695,16.704362869262695,3.590322327613832,0.0,-4.092506591203682e-05,0.006165656267039472,-0.03935201191027714,0.07282615372297965,-5.974750561749758e-05,0.006120862654275759,-0.04014723462846137,0.07029643162457934,7.795970782654007e-05,0.004297746151744565,-0.02639860055751836,0.06594771082617863,0.01559194156530801,0.8595492303489128,-5.279720111503671,13.189542165235727,-0.0029873752808748763,0.30604313271378797,-2.0073617314230683,3.514821581228967,6896.5302709393545,224.89626571043857,6266.578064644661,7593.385835660605,0.41655389817228317,0.16077141355014327,0.03568801885115619,0.8322632715025643,6.19547890432474e-05,1.6895669865604473e-05,3.101751000396852e-05,9.685227535029835e-05,0.7812573289199282,0.3558328732591903,0.34503234815252626,0.19819111743380755,0.7853417726333323,0.27666536089081056,0.89312403605382,0.1329888717610987,0.8275527320409526,0.11856957447655209,0.7311726805998306,0.2735850754377312,0.8996981817951235,0.023205792531371117,0.1795773059129715,1.0580272674560547,0.0,-19.11870765686035,22.066781997680664,-7.087820529937744,0.33019334077835083,0.0007,487.0,0.0,0.0,0.0,
263520.0,-0.018734261309253743,1.9488107365207274,-7.486578941345215,14.513912200927734,14.513912200927734,6.93461920261384,0.0,-0.0005201533699929858,0.011991460092665728,-0.05750189032973088,0.08808081240130596,-0.0005916800142221858,0.011926205264032888,-0.059221365316869425,0.08441542177955914,5.424869933197294e-05,0.006892471761965771,-0.02856627087770523,0.06020302390931624,0.01084973986639456,1.3784943523931539,-5.713254175541046,12.040604781863248,-0.029584000711109292,0.5963102632016445,-2.9610682658434713,4.2207710889779575,5428.11175971797,949.3102992659735,4215.839129681074,7039.930928099514,0.4166030027243195,0.16478208824292456,0.06382263670785294,0.8356446483676012,9.544979317885003e-05,5.885226450852605e-05,2.2141534396397475e-05,0.0002015469179805044,0.7895874642710897,0.34616784868596384,0.33910140991855037,0.18025720593770148,0.9580087139897494,0.2713028666583168,0.8818551791735432,0.14299145429952048,0.7880517288416077,0.12952182498608195,0.7660105431257092,0.2759266481183792,0.8661132828936287,0.02509933151304722,0.173103466629982,1.0449819564819336,0.0,-36.71186828613281,155.4629669189453,-7.0876898765563965,0.09581959247589111,0.0007,488.0,0.0,0.0,0.0,
264060.0,-0.0014671595707315848,1.3434864541043143,-6.989218711853027,9.057089805603027,9.057089805603027,5.671868085861213,0.0,0.00012636899208272136,0.010175163920445256,-0.05310697494359943,0.06345480911301185,7.462705475737567e-05,0.010171970433659397,-0.05456915410239703,0.06152286214884158,-2.5992562231547676e-05,0.0041878630237531245,-0.02160751345179309,0.02990473377673726,-0.005198512446309531,0.8375726047506249,-4.321502690358618,5.9809467553474525,0.0037313527378687833,0.5085985216829698,-2.7284577051198515,3.0761431074420793,5293.086808050385,228.93653192870113,4825.894247364323,6164.505048927582,0.42750781976968355,0.1645944851075331,0.05237135515368887,0.8544942137941152,0.00013807878124666743,3.844986957448103e-05,6.771576737149229e-05,0.00020412828756293335,0.7862455791382428,0.35190213818855165,0.3419125474932317,0.18495524062653895,0.7847540379672816,0.2761733385347751,0.8791639791587331,0.14394183226621346,0.8418831546911975,0.12206904490940092,0.6805709049734243,0.27286054366307155,0.9423365250404949,0.02077941596508026,0.18152131140232086,1.0335001945495605,0.0,-25.85309600830078,37.04648208618164,-7.087135314941406,0.15337008237838745,0.0007,489.0,0.0,0.0,0.0,
264600.0,0.07456507871134413,1.6056872281966725,-26.96387481689453,7.065123558044434,26.96387481689453,4.861128845214855,0.0,0.0008194951018301239,0.0074949627714093895,-0.08907682190630854,0.0427349380471692,0.0007907580861145674,0.007562326844937987,-0.0932967122881189,0.04184700953810848,0.0001751358681944029,0.006216637707281783,-0.11149519907095294,0.024863866087623747,0.03502717363888059,1.2433275414563567,-22.29903981419059,4.972773217524749,0.03953790430572836,0.3781163422468994,-4.664835614405945,2.0923504769054238,6353.554046142438,770.9065823703485,5035.86431487678,7824.768635854678,0.42301149450874354,0.16799840199556687,0.05278733422660303,0.8887254312383792,6.322973832996927e-05,1.2331686857811903e-05,4.659612972715733e-05,9.509776307745746e-05,0.7687833719612998,0.3634588043312307,0.3561202085961428,0.19213739837666358,0.8908828531494126,0.28552610576831977,0.9154702138854748,0.12372858854379731,0.7054307972057634,0.11994680596532976,0.6079981251598836,0.2786611013458896,0.9223612381458726,0.01836281642317772,0.1927063912153244,1.0814906358718872,0.0,30.670564651489258,56.00472640991211,-7.086452007293701,0.20071887969970703,0.0007,490.0,0.0,0.0,0.0,
265140.0,0.0038464939573141575,1.3629968488133433,-7.3503217697143555,7.23546838760376,7.3503217697143555,5.709248013496407,0.0,0.0005234234183945798,0.007273263771746264,-0.03183318795077129,0.0410542472020508,0.000496911156720239,0.007259993538982056,-0.03235088005492814,0.04023389893991255,-0.00010499531443728972,0.005014863677943764,-0.028663887887347913,0.026118867460081175,-0.02099906288745796,1.0029727355887528,-5.732777577469583,5.223773492016235,0.02484555783601195,0.3629996769491028,-1.6175440027464068,2.0116949469956276,9134.206599875894,1055.2459221592285,7446.937611308047,10679.377868928323,0.41649607578146136,0.16200878615963935,0.0442929122015651,0.8295729219989074,5.297442419634199e-05,9.524581736946287e-06,3.2233030700906154e-05,6.858764975064279e-05,0.7759061118016481,0.3596478515341245,0.35114525086909065,0.1788410863589604,0.7783905189726575,0.2709227403643018,0.8651929048431678,0.13590162053463048,0.7637660284093262,0.12389865041815355,0.7258504113709011,0.29043590232395367,0.9510851238677929,0.02087312564253807,0.19518330693244934,1.0931850671768188,0.0,4.7347283363342285,36.377323150634766,-7.086960315704346,0.19679826498031616,0.0007,491.0,0.0,0.0,0.0,
265680.0,0.06529944768374628,1.6362088053194497,-9.335955619812012,6.401956081390381,9.335955619812012,5.574241113662725,0.0,0.0010409849752332117,0.010600553174204344,-0.05460669113487603,0.05730968057456693,0.0009844008184055,0.010586492249768237,-0.05615423821825665,0.055727644653676446,8.039704404913088e-05,0.005583078787237004,-0.03264122026864362,0.018407820771758822,0.01607940880982617,1.1166157574474007,-6.528244053728724,3.6815641543517645,0.04922004092027499,0.5293246124884118,-2.8077119109128326,2.786382232683822,13782.241818861012,2026.6719388302224,10107.634567521696,17588.71399433265,0.42486323466065756,0.1685278015944513,0.05359466236895908,0.872286298933483,9.821525805253811e-05,3.1769464947054585e-05,4.567675169420811e-05,0.0001490617744242148,0.79175926243691,0.3478119349958616,0.3343249076844052,0.20185508384566,0.9347956017569985,0.25857755517366593,0.9249054495872199,0.16556264544470126,0.8387892486433648,0.13110080655547557,0.8670648627917212,0.24290390898049727,0.8673570179243943,0.026399333029985428,0.159464031457901,1.0264586210250854,0.0,37.37735366821289,58.3624153137207,-7.088032245635986,0.34152787923812866,0.0007,492.0,0.0,0.0,0.0,
266220.0,-0.068064686211033,1.7661063321435,-15.987081527709961,8.22047233581543,15.987081527709961,7.251625933647173,0.0,-0.00020364287362191014,0.011844998725348487,-0.0878396810223196,0.06373416193901606,-0.0002745571397199373,0.011939253969227863,-0.09193951600404793,0.0617855119006142,-0.0002716841377765913,0.0059391002619347665,-0.06413094900034416,0.025655985970708645,-0.05433682755531824,1.1878200523869533,-12.826189800068832,5.131197194141729,-0.01372785698599687,0.5969626984613932,-4.596975800202396,3.0892755950307103,17618.358251736052,2061.7233872081088,13700.230880253937,21989.536515454543,0.43376288201821916,0.15910405488653923,0.05490021786078278,0.8590063984270218,0.0001233042948027848,4.121257546863077e-05,6.604441547941073e-05,0.0002167051651770777,0.7904038046028432,0.3500378818289309,0.33717367096256096,0.17563769079055003,0.7884194821171944,0.24322463158238022,0.9140621099143679,0.18328427526141386,0.8199723031928189,0.1383867216334035,0.8338503633278528,0.25946668073225243,0.9145462713520524,0.031184682622551918,0.13639718294143677,0.9948776960372925,0.0,-48.828006744384766,120.37358093261719,-7.088483810424805,0.1604630947113037,0.0007,493.0,0.0,0.0,0.0,
266760.0,0.011140944141273697,1.1617054331599306,-10.152936935424805,4.4965362548828125,10.152936935424805,3.62732234954834,0.0,-3.254792657026586e-05,0.007181706141164726,-0.06418847515334547,0.028246354609000518,-5.8539352413547796e-05,0.0072243042421008576,-0.0663411851239814,0.027854782884086774,7.033956666995646e-05,0.004012634920789884,-0.034179387404447883,0.015518986391443716,0.014067913333991286,0.8025269841579766,-6.835877480889577,3.1037972782887433,-0.0029269676206773914,0.36121521210504287,-3.3170592561990704,1.3927391442043386,14648.611767423594,892.4766803522899,13123.482357405352,16633.969270225192,0.41618249297188165,0.1571344656532411,0.07020284031405083,0.7973450567839768,8.23179533441571e-05,2.1459357358259306e-05,4.887057180027321e-05,0.00013370453347028518,0.7863412636914747,0.35025665087385366,0.34475657750241495,0.17245165146778732,0.8323034289925867,0.27396451097304686,0.8539898368595801,0.1574601687690719,0.8088378860479248,0.13090684790483897,0.8329733140301562,0.2652168208852549,0.9181947328472682,0.028554191812872887,0.1648285686969757,1.0272358655929565,0.0,-13.330111503601074,35.63301086425781,-7.087973117828369,0.18206775188446045,0.0007,494.0,0.0,0.0,0.0,
267300.0,0.00550974314683117,1.6997693684526454,-23.336570739746094,12.27261734008789,23.336570739746094,5.263549013137825,0.0,0.00011643138824962368,0.009746767737686374,-0.12080681271522888,0.06797141772720378,6.80493077384014e-05,0.009885764204104785,-0.1287506246889312,0.06576097775217112,1.053638644937012e-05,0.006051766422140385,-0.08449519718422506,0.045928562804045746,0.0021072772898740174,1.2103532844280769,-16.899039436845012,9.185712560809149,0.0034024653869200666,0.49428821020523933,-6.43753123444656,3.288048887608556,13973.652453278202,811.0230512135716,12564.655532948189,15695.8605879023,0.4187431807431949,0.15939727306514914,0.10259004021329435,0.8720196222616607,7.625163899572294e-05,2.8125806940210035e-05,4.255321104403624e-05,0.00013416955795615953,0.7957264284586081,0.3426854755872125,0.332447945189345,0.17742309319536687,0.8893737543998262,0.2453492623552739,0.8905582796695072,0.15160099122880805,0.8488132753231665,0.14979186063993136,0.8195322661354562,0.27583479258061977,0.9406062285406714,0.031308867037296295,0.16887857019901276,1.0100957155227661,0.0,-8.793027877807617,87.96345520019531,-7.086462020874023,0.12790298461914062,0.0007,495.0,0.0,0.0,0.0,
267840.0,-0.04527056466322392,1.161677029610343,-5.932317733764648,6.44929313659668,6.44929313659668,5.252729964256298,0.0,-0.00034073963991406884,0.006484068147750109,-0.03496208062581768,0.034379165956317494,-0.0003618646861463601,0.006493673055444565,-0.035587883726895336,0.03380140708581954,-0.00013588664894676435,0.004195316050738251,-0.021036133826270998,0.023796112961473045,-0.027177329789352857,0.8390632101476504,-4.2072267652542,4.759222592294609,-0.018093234307318004,0.32468365277222827,-1.7793941863447669,1.690070354290977,13639.41955822939,1167.1595413120494,11619.98026901266,15429.374234194493,0.4265400179686377,0.15467961051902804,0.05611979985328016,0.8693082786279778,6.254485598675339e-05,1.4160538712035806e-05,3.934104134858997e-05,9.942326342099912e-05,0.7846535806933422,0.3523066097891728,0.3426870014953233,0.17953810675859547,0.686749243032079,0.2578914863076249,0.8392736352258929,0.15926843777926347,0.7397436082285602,0.12643499774081574,0.7315166745574747,0.2768669714137004,0.9156798735240915,0.025434494018554688,0.1705579161643982,1.0330305099487305,0.0,-40.994022369384766,74.12527465820312,-7.086719036102295,0.12438929080963135,0.0007,496.0,0.0,0.0,0.0,
268380.0,0.06046099380624515,1.3689482209781403,-10.144451141357422,6.565328598022461,10.144451141357422,5.2704747247695956,0.0,0.00043887372750633246,0.006896300528888554,-0.05471770200043053,0.030028086028531714,0.0004149224748843225,0.006914558716809304,-0.05627166805685933,0.029586069858645297,0.00019857434207281398,0.005125298467488969,-0.03665433936237488,0.025745474114876373,0.039714868414562815,1.0250596934977938,-7.330867872474976,5.149094822975274,0.020746123744216135,0.34572793584046524,-2.8135834028429665,1.4793034929322648,13121.134848560807,1438.2604360202342,11102.719988694156,15658.1778723171,0.4334948837251119,0.16821782437755994,0.03472834914685631,0.874649056490598,4.634510624419144e-05,5.727353605603959e-06,3.526156573242794e-05,5.775582922711848e-05,0.781004469288696,0.35636966022295163,0.34637654390850997,0.1874898354797164,0.8615504833902238,0.2737530617792213,0.9199446250138096,0.13335073810365586,0.7020726538601586,0.1290627727721818,0.7489854982905957,0.27634359186522467,0.9062509238640816,0.024232719093561172,0.17507264018058777,1.018723964691162,0.0,34.445499420166016,71.1966552734375,-7.086635589599609,0.14487725496292114,0.0007,497.0,0.0,0.0,0.0,
268920.0,-0.14869291619742633,1.7636423901213107,-12.17879867553711,4.6402363777160645,12.17879867553711,6.316045427322389,0.0,-0.0009597157894245029,0.012420057461522643,-0.14062022078125805,0.033810459440064174,-0.0010405735070703737,0.01281051936901892,-0.15154433686994684,0.0332514511982126,-0.0004833212061925206,0.005985411215633967,-0.04568388622676905,0.01621794532320536,-0.09666424123850413,1.1970822431267933,-9.136777245353809,3.2435890646410717,-0.052028675353518676,0.640525968450946,-7.577216843497342,1.66257255991063,17286.566702518267,1818.6009952102909,8853.551409919113,20626.632813202883,0.42779725760078313,0.16189990980546784,0.03098492440757135,0.8285560868928574,6.472985780837836e-05,2.339547601624598e-05,4.246008585299021e-05,0.00028373351171147825,0.7809422925874321,0.3553245633853103,0.346954234356775,0.1889474604781565,0.8847529210198163,0.26604972972053437,0.943265383177168,0.14472870334976215,0.865040055745064,0.13169320685418212,0.8071665170901904,0.26858089959736486,0.9277198470715643,0.03164411336183548,0.1626497209072113,1.0633788108825684,0.0,-119.22161102294922,435.52496337890625,-7.087274551391602,-0.06663727760314941,0.0007,498.0,0.0,0.0,0.0,
269460.0,0.15486018883292907,1.968490890553079,-6.786757946014404,32.3990364074707,32.3990364074707,5.746574964523316,0.0,0.0013211964522426112,0.0159717141091431,-0.07331483479232556,0.19599610997311379,0.0011977618933886264,0.015520071468213393,-0.0761413987104862,0.1789794029923092,0.0004748604672331683,0.006213809025655668,-0.014898440279978928,0.11725032922685946,0.09497209344663368,1.2427618051311335,-2.9796880559957857,23.450065845371892,0.05988809466943131,0.7760035734106697,-3.80706993552431,8.948970149615459,14242.434521745927,1540.1546236437814,10228.859416122543,16905.011056739942,0.4243520602091739,0.15504053095817413,0.032527204512000904,0.832766634835059,0.0003167087364073781,0.00014526090114280738,0.00012814363287775478,0.0005748305896579941,0.7844102800417257,0.35204656336089823,0.3439345016283577,0.20500395896489793,0.7923513495635044,0.2745331068711291,0.8394358836757438,0.13899854951915336,0.8869337559788524,0.12100715292795872,0.6493202413856598,0.2604572317168609,0.933484554948214,0.025555793195962906,0.17199429869651794,1.0644819736480713,0.0,29.90724754333496,37.902618408203125,-7.086444854736328,0.3256520628929138,0.0007,499.0,0.0,0.0,0.0,
270000.0,0.009561630880246716,1.2923654911193998,-12.28431510925293,4.955746650695801,12.28431510925293,4.700865812301645,0.0,0.0003318699036578342,0.00794597614936041,-0.05929064623606993,0.03325318906966024,0.00029993656576492454,0.008006139724415884,-0.061121056645640645,0.0327122608502939,-2.7175988557798852e-05,0.004483313092045515,-0.04687073676551458,0.017234136264260968,-0.005435197711559758,0.896662618409103,-9.374147353102916,3.4468272528521937,0.014996828288246224,0.4003069862207942,-3.0560528322820324,1.6356130425146949,18302.897344527333,980.7975540747947,16391.894188558017,20394.706953872064,0.4195386570190455,0.1645733269005208,0.05923023125541532,0.905481115221849,9.084691562987229e-05,2.3339106905825878e-05,5.2936478623907024e-05,0.00013604862618831238,0.7893498007594512,0.34950695720309255,0.3380804454174136,0.19598867753779248,0.7688505962949198,0.28142454908749664,0.936314356933714,0.136853071525097,0.7765282493631996,0.120235446135902,0.7645448138343911,0.26549825571371183,0.9282374961168836,0.02239924669265747,0.17401222884655,1.0241889953613281,0.0,-7.849441051483154,12.577449798583984,-7.08558464050293,0.37836623191833496,0.0007,500.0,0.0,0.0,0.0,
270540.0,0.040623923197778855,1.1331026498112864,-7.932666778564453,7.871924877166748,7.932666778564453,4.33721653461457,0.0,0.0002607541810260365,0.004876376232746773,-0.027330801046522038,0.03400400660207422,0.00024884423602205164,0.0048729330567056925,-0.027711235123189234,0.03343865093566847,0.0001409085638086225,0.004457237852555469,-0.03273552434989208,0.03099996150319981,0.02818171276172451,0.8914475705110939,-6.5471048699784165,6.199992300639963,0.012442211801102589,0.24364665283528464,-1.3855617561594618,1.6719325467834234,19562.303412773024,781.3409965826603,18524.784189856884,22838.898548143316,0.42119480354261235,0.16124493436297338,0.056222335128748455,0.8961468390321652,3.2277875960734825e-05,8.502649254224347e-06,2.179377970168855e-05,5.385911702770481e-05,0.789536189460237,0.34948322202311843,0.3386828986669289,0.1902405832066531,0.8102920136283044,0.2739565501547598,0.8641538520902046,0.14424232741485393,0.843602492578994,0.1247137243096794,0.8367415928495562,0.26684681491405376,0.8895709029548661,0.02182038500905037,0.16958299279212952,1.0374027490615845,0.0,19.840152740478516,47.61701202392578,-7.086315155029297,-0.017258524894714355,0.0007,501.0,0.0,0.0,0.0,
271080.0,-0.07564663257400281,1.96091219450865,-29.562286376953125,5.95142126083374,29.562286376953125,5.604314079284669,0.0,-4.040467568296899e-06,0.008735394901323941,-0.07359858312918388,0.035636320262835613,-4.2495322964306075e-05,0.008787726154552195,-0.07644764272716639,0.03501603999020848,-0.00036760932201485274,0.007763135067286149,-0.12869952421761888,0.02201418847197554,-0.07352186440297054,1.5526270134572293,-25.739904843523775,4.4028376943951075,-0.002124766148215309,0.4393863077276098,-3.8223821363583195,1.7508019995104243,24660.259988266982,1181.2500029712605,21026.14334172834,27052.995467758818,0.40675400103758247,0.1510187017629702,0.04711637134233829,0.8306333165447837,5.588522670361273e-05,1.289258875367913e-05,3.0094893289416734e-05,8.507365011750823e-05,0.7994497340165826,0.34049499001701095,0.32991861180017157,0.19688861561101909,0.896387062649249,0.26902299744434754,0.8533393912606546,0.13827339828947027,0.7332196717189028,0.13095109227721663,0.7103609717061362,0.26486389637794655,0.8044396672334556,0.030054783448576927,0.1648259311914444,1.0541670322418213,0.0,-55.87452697753906,93.44893646240234,-7.086609840393066,0.38685983419418335,0.0007,502.0,0.0,0.0,0.0,
271620.0,0.05401821243447355,1.2067057293630614,-6.04908561706543,6.912189960479736,6.912189960479736,4.01254638671875,0.0,0.00034765574199286807,0.00661135142754455,-0.03405315022106274,0.03623130405822048,0.00032574885214318967,0.006610723458916841,-0.03464646721610327,0.03559038538250697,0.00018865384682201992,0.004387971788862366,-0.021583811082831257,0.025663352417980085,0.03773076936440399,0.8775943577724732,-4.316762216566252,5.132670483596017,0.01628744260715948,0.33053617294584203,-1.7323233608051634,1.7795192691253487,23808.039869224118,1019.8397822450947,21472.24884379277,26998.17241431082,0.4217943580426444,0.15948241823426784,0.05071739077345265,0.902398239365495,5.829395821816803e-05,1.2840889514609088e-05,3.9892035308746104e-05,8.473583987410025e-05,0.7759414981198499,0.3615152366089355,0.3514570295236653,0.1823868416748924,0.8596819341438877,0.3048958064370367,0.9187578019730646,0.151898636894449,0.7980229030527751,0.1140901440614759,0.681638273429002,0.24672857093214598,0.9352838160965353,0.024676550179719925,0.17479221522808075,1.1102296113967896,0.0,13.715174674987793,23.34686279296875,-7.087863445281982,0.26537108421325684,0.0007,503.0,0.0,0.0,0.0,
272160.0,0.006017007050535607,1.571589389438589,-8.71743392944336,7.300130844116211,8.71743392944336,5.693293695449834,0.0,0.0003526210248356966,0.008621942737009345,-0.043939157552424474,0.038998095880651944,0.00031528536660283734,0.008641899836197307,-0.04493372522825877,0.03825687946926277,-4.873631824090788e-05,0.005712066295633459,-0.03235374061882438,0.026936435397496888,-0.009747263648181584,1.1424132591266916,-6.470748123764876,5.3872870794993775,0.015764268330141867,0.4320949918098654,-2.2466862614129384,1.9128439734631384,28063.913474178546,2228.4049280965014,24655.306910741972,32325.959176211123,0.4206379206470518,0.15527716117298632,0.0928903997952595,0.8660720326867949,6.154059033830015e-05,1.628347611204466e-05,4.106538189878642e-05,9.328269433609903e-05,0.7888994488073591,0.3482958421543154,0.3377787043018416,0.1977655446810194,0.8858476828358572,0.28174233389151915,0.8999408796876736,0.15635106213586955,0.8410887920490407,0.1273041000706993,0.6704964090255827,0.23683695922089262,0.8535036471596726,0.030605796724557877,0.16561178863048553,1.1546331644058228,0.0,8.316057205200195,22.52774429321289,-7.088476657867432,0.4707035422325134,0.0007,504.0,0.0,0.0,0.0,
272700.0,0.050261862034892184,1.879966850427471,-9.644646644592285,5.482461452484131,9.644646644592285,5.606740016937259,0.0,0.001119860775745973,0.013314642331474164,-0.059677589797495954,0.04412676116889205,0.0010304697508331131,0.013336819937621393,-0.061532472948434,0.04318090083393735,-6.308126361245048e-06,0.006119421968452745,-0.03494463209045115,0.017919158397294743,-0.0012616252722490024,1.223884393690549,-6.98892641809023,3.5838316794589486,0.051523487541655644,0.6668409968810697,-3.0766236474217,2.1590450416968676,43758.69287215717,10210.165940623107,28636.935177178737,62496.62009027464,0.41702119932778847,0.15622041506557835,0.06921730913412721,0.8135107408242512,0.00012318693540153735,5.384708846105741e-05,6.781877333737529e-05,0.00022624038449435617,0.8037835295279591,0.33834882407597017,0.3276066274629747,0.21472786711362735,0.8173480694695928,0.23850328943019133,0.8093674728454243,0.17238617511501697,0.8468173482424366,0.15129186696184496,0.8195106084508588,0.2230908013793194,0.820719933471648,0.04826103895902634,0.12334102392196655,1.0804245471954346,0.0,49.74449920654297,131.37925720214844,-7.089395999908447,0.3262476921081543,0.0007,505.0,0.0,0.0,0.0,
273240.0,0.06000532900819693,1.7588980699266121,-6.764301776885986,6.437124729156494,6.764301776885986,5.4857803106308,0.0,0.0013184893614326145,0.014731250100694905,-0.04652759886019182,0.06272193144229175,0.0012095250177832778,0.014700076697332854,-0.047644799153641455,0.060833476656313015,-2.3546084781020483e-06,0.005143953102258489,-0.022917119494459758,0.0169772550405225,-0.0004709216956204056,1.028790620451698,-4.583423898891952,3.3954510081044997,0.060476250889163904,0.7350038348666427,-2.382239957682073,3.041673832815651,85373.87640948693,20778.3282711647,53380.48004057093,120925.52659887902,0.44787613710324825,0.15838988162710907,0.0553193738056559,0.8828328964836264,0.00021048249570497707,4.4256959827335536e-05,0.00015610252365676064,0.0003012676721982303,0.7903526274613263,0.3485840262175525,0.33780511288486803,0.20672107530020087,0.8672952092870009,0.17812853894565797,0.8190986523949358,0.2216090531471715,0.831106929372186,0.19258600198307826,0.8602711776325502,0.20095533062389137,0.8663198690215694,0.04503628611564636,0.1001981645822525,1.1362096071243286,0.0,51.00653839111328,206.89598083496094,-7.0869927406311035,0.024615466594696045,0.0007,506.0,0.0,0.0,0.0,
273780.0,0.058799802733658535,1.5399725251204115,-6.453710079193115,5.396306991577148,6.453710079193115,4.989004378318788,0.0,0.0009855402782688652,0.011682349210865806,-0.04487202344639038,0.047712903329827513,0.0009169989381157342,0.011665047115551826,-0.04590994061710586,0.04660960116409758,6.474927740842304e-05,0.0047998692791179475,-0.02079106452763304,0.01608558361748788,0.012949855481684595,0.9599738558235896,-4.158212905526608,3.2171167234975764,0.0458499469057867,0.5832523557775914,-2.295497030855293,2.3304800582048792,131325.60671450436,17421.1943664878,105488.88530939222,173763.16799927925,0.4203640145078441,0.15316350990002267,0.09758698883052272,0.7902757632327454,0.0001553310859577626,3.9489475323028774e-05,0.0001040609145574506,0.00024252307606268292,0.8058702180811886,0.33689731541781615,0.3235787487487021,0.2112409480632557,0.8544440533547571,0.14023843190790244,0.7506907441075878,0.22791854699851374,0.8064915830007772,0.2479196091923163,0.9191321802112687,0.17268246383801192,0.7622070916021073,0.03241425007581711,0.1160331591963768,1.1335636377334595,0.0,56.16579055786133,105.1772232055664,-7.0877485275268555,0.14285790920257568,0.0007,507.0,0.0,0.0,0.0,
274320.0,-0.07691981954310366,2.1306405660692116,-13.408499717712402,7.568368434906006,13.408499717712402,6.942394957542432,0.0,-0.000496433949521377,0.019891163514183782,-0.12830578969680204,0.06811514959065204,-0.0006967301082171945,0.020066970935549173,-0.13731659283225528,0.06589555269483897,-0.00021041656439431462,0.005700841204624407,-0.032713351303461126,0.02136795305196452,-0.04208331287886292,1.1401682409248814,-6.542670260692225,4.273590610392905,-0.03483650541085972,1.0033485467774585,-6.865829641612764,3.2947776347419486,151153.62094839927,30310.27459517498,92246.35673564898,205029.5839591232,0.42694839288515,0.1556674908295833,0.08880479135134356,0.8669629693369059,0.00031641985360435367,0.00013027707719334773,0.00018022155542176798,0.0005297948878481222,0.7987569232992789,0.3420500962043396,0.32910664339582474,0.19683745752388904,0.9397567140167155,0.1437755912759352,0.8441057548566171,0.23872273923621604,0.8384354356213078,0.2503788962508977,0.9151122097537804,0.17028531571306202,0.7792359015439315,0.0342540368437767,0.12433881312608719,1.1691980361938477,0.0,-15.43658447265625,145.18600463867188,-7.087665557861328,0.1373003125190735,0.0007,508.0,0.0,0.0,0.0,
274860.0,-0.04054466390473492,1.4710560125161896,-8.051899909973145,11.008801460266113,11.008801460266113,4.694198451042176,0.0,-0.000588303024314373,0.013203963715630502,-0.08145877815248212,0.0896292125940722,-0.0006758716349086675,0.013227144636917694,-0.0849684958048696,0.08583746643741223,-3.375541549966553e-05,0.004074935915832265,-0.01901737639119161,0.03358463866113263,-0.0067510830999331015,0.8149871831664531,-3.803475278238322,6.716927732226526,-0.033793581745433385,0.6613572318458847,-4.24842479024348,4.291873321870612,94718.56524821816,9775.004655271357,75246.72385405534,121311.33530959312,0.41697847891494516,0.15090197601555924,0.0791131150374489,0.9062242821658191,0.00026760087433169694,7.082943865801383e-05,0.00014920580453496975,0.00040531285531972657,0.799619452265904,0.34130916705750547,0.3297673477816551,0.18808200739116238,0.8892030960766554,0.16482093853276655,0.849837001656596,0.2266842872172114,0.8484829342698043,0.24030270102787768,0.9154726543729199,0.18011006583098202,0.8267784260375505,0.042585913091897964,0.13435763120651245,1.1899707317352295,0.0,1.533945918083191,18.158716201782227,-7.089615821838379,0.38274121284484863,0.0007,509.0,0.0,0.0,0.0,
275400.0,0.08201104130561429,1.355049933738386,-7.231759071350098,5.562808513641357,7.231759071350098,4.011190674304964,0.0,0.0009014579877456943,0.009419539207807224,-0.05080150234459589,0.041491341547284545,0.000856714452981752,0.009419871328618766,-0.05213733716998579,0.04065366823957476,0.00019587659063077765,0.004426017302267584,-0.02312446135074871,0.017650626665747893,0.039175318126155545,0.8852034604535167,-4.624892270149742,3.5301253331495785,0.0428357226490876,0.47099356643093826,-2.6068668584992896,2.032683411978738,110471.32706916619,12962.21540020739,83022.6933613516,132836.0169221185,0.42859025974341564,0.16205544719248338,0.05781603688240984,0.9012901790332347,0.00011557273126695619,1.9130834190907633e-05,8.172026287898599e-05,0.00015463943461260424,0.7929130182775175,0.3473522889389926,0.33530886046810837,0.2561625764379931,0.962703519925713,0.16711526912091954,0.8197069965402256,0.20020593000450995,0.9148234908106228,0.22494027188511043,0.954082027799472,0.151575952551467,0.7912321349922323,0.044835690408945084,0.13725289702415466,1.2932302951812744,0.0,64.69563293457031,112.38932037353516,-7.093714714050293,0.18906080722808838,0.0007,510.0,0.0,0.0,0.0,
275940.0,0.004986796808144491,1.5664379949730238,-15.575061798095703,7.087091445922852,15.575061798095703,5.88307871341706,0.0,0.00024218680603816436,0.010223036982563268,-0.08216587058728192,0.049793910259930574,0.0001896648437314576,0.010260218007344593,-0.08573859160174414,0.048593868961865024,-2.248221662103598e-05,0.005282696951049058,-0.056440660201271566,0.023286988848246083,-0.004496443324207194,1.0565393902098115,-11.288132040254313,4.657397769649217,0.009483242186572875,0.5130109003672297,-4.286929580087207,2.4296934480932513,126178.8328282277,9599.145841461064,108354.35705427271,145612.58656078955,0.4279498004291873,0.15647858713559076,0.0891357956539044,0.8549965932970669,0.00010608624234942203,1.4423971011284737e-05,7.598399910286761e-05,0.0001386533892838594,0.7890635285322488,0.34853583367650404,0.3394477715000138,0.23282690042971352,0.87288464675496,0.14010063240019838,0.8861792596099017,0.2257742883038433,0.8913557556771123,0.24767545500280408,0.9095223601138368,0.1536227238634407,0.7671552056837301,0.03857586532831192,0.1405542492866516,1.1916673183441162,0.0,42.837982177734375,84.3109359741211,-7.093381881713867,0.20615649223327637,0.0007,511.0,0.0,0.0,0.0,
276480.0,-0.03606562511995435,1.5488481084581929,-11.302239418029785,5.369339942932129,11.302239418029785,4.935169343948366,0.0,-1.7113366902101992e-06,0.009231023472344122,-0.05004453217377371,0.03448410512295184,-4.4408034292192694e-05,0.00924608467352276,-0.051340171458656644,0.03390285329368768,-0.00016922611967084633,0.005452536068845565,-0.043676152101931,0.01884180864438,-0.03384522393416926,1.090507213769113,-8.7352304203862,3.7683617288759996,-0.0022204017146096365,0.4623042336761381,-2.5670085729328322,1.6951426646843841,151932.68109814555,10026.068573803153,136777.07601380837,181026.93173977814,0.4178588227291853,0.16263194200883344,0.03136626778762669,0.9030743079743576,7.779053309543741e-05,1.538524103309871e-05,5.451580242712604e-05,0.00010536608388739397,0.7891775012624865,0.3492382518093986,0.33798578527859163,0.2151943241934036,0.8685623492034082,0.13438281296411447,0.71935553436531,0.23173238243829522,0.8384672772492077,0.26870124028044584,0.8557294618424487,0.1499892401237409,0.852167278212392,0.03227316960692406,0.15529784560203552,1.2535479068756104,0.0,4.628764629364014,62.12631607055664,-7.093868255615234,0.13186007738113403,0.0007,512.0,0.0,0.0,0.0,
277020.0,-0.01936491973201218,1.396322276904895,-11.832514762878418,6.834474086761475,11.832514762878418,4.183764128685,0.0,-0.00030184435877563334,0.009564972230185948,-0.09063892818401117,0.0461428622118955,-0.0003481225420625874,0.00964120490824064,-0.09501304495566892,0.0451099358690746,-9.79395310556914e-06,0.004591985965826234,-0.03540931099150062,0.02289488665669346,-0.001958790621113828,0.9183971931652468,-7.081862198300123,4.578977331338692,-0.017406127103129367,0.48206024541203196,-4.750652247783446,2.25549679345373,123550.58243318358,6195.849686988794,107942.28331060818,138684.41020191487,0.4292974992892645,0.15564876704167033,0.05186357914409886,0.8192916059642733,0.00010253303914234613,2.7381131570200706e-05,6.601869628581417e-05,0.00014942880912689605,0.7885995768437781,0.3484872292120173,0.3415501291484971,0.2151381076003906,0.8259190929735596,0.13373854219643566,0.6986790055172606,0.2400216624118002,0.8067605258303508,0.26040038667133086,0.8965922279179216,0.15070130112004276,0.6861336198531971,0.030310219153761864,0.14416927099227905,1.2373504638671875,0.0,12.992923736572266,24.264339447021484,-7.0960187911987305,0.3825887441635132,0.0007,513.0,0.0,0.0,0.0,
277560.0,-0.00013336006689954687,1.6890425648493357,-7.6617045402526855,9.564536094665527,9.564536094665527,5.522281794548037,0.0,-0.0001767862232839602,0.01124977676643076,-0.055083584686130824,0.06393183246668505,-0.0002400628423009003,0.011247099831185867,-0.05665880480358648,0.06197132163650079,5.9348908381716054e-05,0.0056449650823989245,-0.02414382254619247,0.032329851859330544,0.011869781676343215,1.1289930164797848,-4.828764509238494,6.465970371866109,-0.012003142115045015,0.5623549915592934,-2.832940240179324,3.0985660818250396,102015.80599064977,7419.017169177514,86288.52362572,118552.94381359249,0.4327068083227119,0.1628452547927164,0.0904550283767458,0.8879753704739284,0.00010403000068397525,1.592681846402085e-05,6.500404174979186e-05,0.00013692896738797984,0.7939655026010844,0.34729219441859593,0.3347155565173522,0.22621850142548255,0.9638112290134063,0.1658824900428398,0.8358723607016655,0.21558526285845842,0.8367817370741699,0.23210300821352475,0.8668234150160624,0.16021073745969447,0.8156198623452913,0.0473364032804966,0.13434427976608276,1.2410908937454224,0.0,20.132776260375977,79.55996704101562,-7.094395637512207,0.20157068967819214,0.0007,514.0,0.0,0.0,0.0,
278100.0,-0.0033780091123103546,1.130199799502046,-6.0135178565979,4.831084251403809,6.0135178565979,3.7619383716583252,0.0,3.687580695989385e-05,0.006871925914303912,-0.042050293596993284,0.03349706581387558,1.323300227133985e-05,0.006878861801287367,-0.04296000092485645,0.032948261058612247,-2.019829638461419e-05,0.003948813193098645,-0.019327588586212148,0.01591835715646975,-0.004039659276922835,0.7897626386197293,-3.8655177172424295,3.1836714312939502,0.0006616501135669929,0.34394309006436835,-2.148000046242822,1.6474130529306124,103474.41686889181,5454.890118481578,93431.98366268806,114843.39865749214,0.42340778315495836,0.16513192509793012,0.06662365204741232,0.8384932324768899,7.745470705990372e-05,2.5109769167225385e-05,4.536638703426209e-05,0.00012697207413397036,0.7960367866718018,0.3436308536664109,0.33082776009433135,0.2147973514100371,0.8745554013113858,0.1504993885948087,0.771503668548899,0.23008636951933512,0.9212454215451674,0.24723785537091977,0.9496531155332595,0.1573790351048993,0.7468130275767421,0.044268831610679626,0.14522001147270203,1.2082045078277588,0.0,14.465707778930664,41.513206481933594,-7.094058513641357,0.15293139219284058,0.0007,515.0,0.0,0.0,0.0,
278640.0,-0.03889890404944136,1.725149907608624,-9.521754264831543,9.829338073730469,9.829338073730469,5.6530011510849025,0.0,-0.0005180657323566246,0.010878314510783532,-0.05459921610605431,0.054248235872107885,-0.0005774534618195301,0.010887822589906197,-0.0561463314569119,0.05282794029440829,-5.0131160075888754e-05,0.0059721898101424125,-0.03498928128480619,0.0359397045574467,-0.01002623201517777,1.1944379620284824,-6.997856256961238,7.18794091148934,-0.02887267309097652,0.5443911294953099,-2.807316572845595,2.6413970147204147,87569.97321725068,11768.913624284667,66638.01412909402,107919.73336807388,0.4208815669210017,0.15850849439748688,0.04116744582824797,0.8362931088297325,9.165075534968881e-05,4.671353653246828e-05,4.217515993602398e-05,0.00016805836919914755,0.8032246822447314,0.33791034643204365,0.32564630803649747,0.20362764608525097,0.9155391531557616,0.1822317600436872,0.8152693231777259,0.20977171345387707,0.8095058416552501,0.2479162622489271,0.913247865335273,0.15645261816825756,0.8187444483992722,0.047237977385520935,0.12301899492740631,1.13235342502594,0.0,-25.323925018310547,52.29890060424805,-7.0948710441589355,0.3558245897293091,0.0007,516.0,0.0,0.0,0.0,
279180.0,-0.013763424929412496,1.5980489913137053,-8.030993461608887,8.736527442932129,8.736527442932129,5.773201279640201,0.0,-0.0004509457523457685,0.011893333951784603,-0.06979298942146381,0.05404239077472843,-0.0005219393719547461,0.011912565427517102,-0.07234812558483206,0.05263266826176549,6.166771629075309e-05,0.005040320008071806,-0.02649874159444892,0.030524472256951693,0.012333543258150627,1.0080640016143614,-5.299748318889784,6.104894451390338,-0.026096968597737313,0.5956282713758551,-3.617406279241603,2.6316334130882746,60961.87571852993,8659.009547076645,50201.40266806968,79708.91568427249,0.44382284480577844,0.1614719274709623,0.06132531059046698,0.9054071305499939,0.000143376693121204,3.473283901881018e-05,9.797166674666072e-05,0.0002092205461220113,0.7898693149555663,0.3500878251005065,0.33641647389449864,0.18386249246128258,0.8048350720813954,0.2237397461032771,0.9325409062673898,0.19412821136479372,0.9291189090135807,0.17683477124707914,0.8671754744575367,0.22143477882356744,0.8710504694294479,0.04686296731233597,0.11331310123205185,1.1879175901412964,0.0,-27.103065490722656,80.74359893798828,-7.095917224884033,-0.0003514289855957031,0.0007,517.0,0.0,0.0,0.0,
279720.0,-0.002074808009826854,1.425705849312455,-7.126021862030029,7.329763889312744,7.329763889312744,5.278514823913576,0.0,0.0002016206222465397,0.009464732525842146,-0.042037543712246786,0.05615106310645328,0.00015690990549424558,0.009450282991598134,-0.04294669145796651,0.0546312272372231,-4.960152681567546e-05,0.00477430796112204,-0.024893437565116246,0.02299101284963187,-0.009920305363135101,0.9548615922244078,-4.9786875130232495,4.598202569926374,0.007845495274712282,0.4725141495799066,-2.1473345728983255,2.731561361861155,66033.79599110769,4181.851584681903,56783.22235377495,74421.40310173894,0.42228562570873496,0.16129959142301947,0.02649321111130563,0.8232936525373131,9.946802420303133e-05,1.7360487431563075e-05,7.25570715142409e-05,0.00013626919874612902,0.7959882241628548,0.3452786556330591,0.3314357897723652,0.21123891164090197,0.9141697108744136,0.23537397878263014,0.9384373904314717,0.18692362727637055,0.7652394838567053,0.18253670678402556,0.8112708077728473,0.1839267755160718,0.83396637857592,0.04333103448152542,0.1091599389910698,1.1502583026885986,0.0,-11.598320960998535,47.3286247253418,-7.091164588928223,0.08406782150268555,0.0007,518.0,0.0,0.0,0.0,
280260.0,0.0007837658661797091,1.2254472207331708,-7.686108112335205,5.259565353393555,7.686108112335205,4.8739759302139305,0.0,2.689510665478659e-05,0.007032626759627052,-0.044165115160944936,0.02958276020694193,2.0718259756295895e-06,0.007052964385544085,-0.045170095451119385,0.029153632993842927,3.400872999837031e-06,0.004370711760410661,-0.02713801586088954,0.020282269613276057,0.0006801745999674026,0.8741423520821322,-5.427603172177909,4.056453922655211,0.00010359129878147281,0.35264821927720424,-2.2585047725559693,1.4576816496921463,64515.116429337475,2088.9748929077364,60444.187259524515,70691.71574009048,0.434764322977425,0.1577484866155559,0.07155127059119547,0.824874407798933,6.526768610366439e-05,1.2764424107623845e-05,3.806813665481933e-05,8.705234684883537e-05,0.7905185111864035,0.34916899137316315,0.3387975457210103,0.19229230464289682,0.8488541180058579,0.24383607230076262,0.8848779899298397,0.15837453413145702,0.7585534331118516,0.17086824581036672,0.791993632224689,0.23462884311451684,0.8806777097472607,0.035375554114580154,0.12024324387311935,1.0915218591690063,0.0,-16.63519859313965,23.408294677734375,-7.090726375579834,0.27375173568725586,0.0007,519.0,0.0,0.0,0.0,
280800.0,-0.008687181497872289,1.6698767275171669,-17.88609504699707,11.310786247253418,17.88609504699707,6.407116360664375,0.0,-3.8368699407558815e-05,0.009162238652811872,-0.08204782889682752,0.0693624409296432,-8.061090413631812e-05,0.009207475838970972,-0.0856099909137622,0.06706262128643081,-2.328318967073002e-05,0.006115566380139547,-0.06802798078646069,0.039788277464813025,-0.0046566379341459775,1.2231132760279093,-13.605596157292139,7.957655492962605,-0.004030545206815901,0.46037379194854855,-4.2804995456881105,3.3531310643215404,63721.21271788403,5127.324969941988,55136.03160760162,74339.23161406838,0.4228397558492154,0.15622751951624012,0.04095945753461696,0.8540587588349828,6.694961880182128e-05,3.97358194660364e-05,2.6640169755312972e-05,0.00013578813484217318,0.8053693161603348,0.3370054064042467,0.3247135455149933,0.19716749006844364,0.8361443569589864,0.24621531589331008,0.9016481826583277,0.16846587475185792,0.7735631583065178,0.16128994103147104,0.7468149353168654,0.2268613782549172,0.8383435428566669,0.03667030856013298,0.12702929973602295,1.1016709804534912,0.0,-13.38117504119873,119.65237426757812,-7.088445663452148,0.2000907063484192,0.0007,520.0,0.0,0.0,0.0,
281340.0,0.02647185189325009,0.9938028112194411,-8.719158172607422,5.8908371925354,8.719158172607422,4.001821341514592,0.0,2.7099799519213207e-05,0.004876404825158764,-0.045755709287953035,0.03215572810674599,1.517090182377751e-05,0.004888637682586397,-0.046835570385388416,0.03164955500345482,0.0001285665360970612,0.0037695828148804835,-0.03188689900039479,0.023273846573458074,0.025713307219412243,0.7539165629760968,-6.377379800078958,4.654769314691615,0.0007585450911888801,0.24443188412931988,-2.341778519269421,1.5824777501727412,57664.28766983438,2666.5559510341027,53969.83853851179,62360.13867175068,0.42634538302342195,0.1700322114637128,0.05300732817288646,0.8534483063244043,4.60212839034984e-05,1.8502311388353443e-05,2.1079776608831882e-05,8.731532151566336e-05,0.7902709907730763,0.35075069656950336,0.3369993985162744,0.21558404343615162,0.8922370614110257,0.24151937609940244,0.9147969474782218,0.1549765549725177,0.7830096080948257,0.14145566202041368,0.804188890653739,0.2464643634715146,0.9661151550770417,0.03624173253774643,0.136581689119339,1.080175757408142,0.0,13.424140930175781,47.090885162353516,-7.089375972747803,-0.055673956871032715,0.0007,521.0,0.0,0.0,0.0,
281880.0,-0.007688547190897494,1.3351869753210965,-8.464658737182617,7.685486793518066,8.464658737182617,4.939773116111756,0.0,0.00020070734807543875,0.006057264561003966,-0.03453819266483364,0.04423713121516494,0.00018236802340093348,0.006051604816192963,-0.035148735290942056,0.04328660084798007,-8.40347361269649e-05,0.005169403027421071,-0.03353611092280074,0.0276057838975738,-0.01680694722539299,1.0338806054842142,-6.707222184560148,5.52115677951476,0.009118401170046676,0.3025802408096482,-1.7574367645471027,2.1643300423990035,65963.05254435186,1853.808281655144,60074.48913981467,69515.98167565833,0.43062404321962416,0.16302365902585578,0.06384981229076837,0.8887854568680906,3.460623541357378e-05,2.5944377221854904e-06,2.6118663870014157e-05,4.125133676048555e-05,0.8003614903679177,0.34164076496033335,0.32745783515139504,0.21858391405271024,0.9027993544195767,0.20466991689272646,0.8731269682387969,0.17750021591943296,0.8186207519769944,0.18588945708332905,0.8422716885148974,0.21335649605180126,0.7915110878451175,0.04106321185827255,0.09503336250782013,1.0455859899520874,0.0,1.329736351966858,11.1171236038208,-7.090442180633545,0.4615820646286011,0.0007,522.0,0.0,0.0,0.0,
282420.0,0.0138485928401131,1.339265351743284,-11.641570091247559,6.850053310394287,11.641570091247559,5.4646849393844645,0.0,0.00019284799046491604,0.006623389243633395,-0.04661421106385071,0.035572750707320924,0.00017084809316664226,0.00663487315727613,-0.04773564199048084,0.03495465598371138,2.6530938024587284e-05,0.005050351809680865,-0.046273937813271104,0.02551160153969831,0.005306187604917463,1.0100703619361728,-9.25478756265422,5.102320307939662,0.008542404658332113,0.3317436578638065,-2.386782099524042,1.747732799185569,68917.02284140763,3961.854249305429,57434.76724039362,74207.6454801643,0.4309909252532226,0.16026348333486787,0.08088864097149728,0.8402344791039149,4.4730172038368645e-05,1.0201607571187827e-05,2.9707779174727494e-05,6.435315859522282e-05,0.8034683734613527,0.33902925798706873,0.3267382505745913,0.23100954586331732,0.9272745514633985,0.20409803318643488,0.8507361593610885,0.1777409976460777,0.8900208859340261,0.1842546726629836,0.9527535565151313,0.20289675064118656,0.8566465779353315,0.039149753749370575,0.08831734955310822,1.1357473134994507,0.0,19.933185577392578,48.18959045410156,-7.089295387268066,0.21421247720718384,0.0007,523.0,0.0,0.0,0.0,
282960.0,-0.021975503289744396,1.2705838904600304,-14.678969383239746,5.600244998931885,14.678969383239746,4.136727523803714,0.0,1.3616240321378783e-06,0.005317023830200356,-0.05285641618694317,0.026967197790240417,-1.2882967976050129e-05,0.005348056366971387,-0.0543045776343979,0.02660999060209858,-0.000106656763921449,0.005024323559611773,-0.0598187021994639,0.02134872713212124,-0.021331352784289808,1.0048647119223548,-11.96374043989278,4.269745426424247,-0.000644148398802509,0.2674028183485693,-2.715228881719895,1.330499530104929,74198.82902596355,1692.5644903551104,70627.14676834189,78855.01456370103,0.4302536884876331,0.16215137315592124,0.04630249687992376,0.8684554068196279,3.178157173490831e-05,6.094778107562545e-06,2.0581085689078705e-05,4.651495672657873e-05,0.8003513183412586,0.34090765617724605,0.3272356939559143,0.21744837907469147,0.8864016883005348,0.19358787372010042,0.7825485006938238,0.20259276372084054,0.940234456289119,0.20097498163835842,0.916337531176104,0.18539600184600918,0.7694927564529147,0.04133034870028496,0.0913718044757843,1.1689441204071045,0.0,-13.497581481933594,12.466480255126953,-7.090057849884033,0.5104978084564209,0.0007,524.0,0.0,0.0,0.0,
283500.0,-0.013995340787719383,1.3968261996068148,-17.881019592285156,4.461346626281738,17.881019592285156,4.182668666839601,0.0,-9.670113325225861e-05,0.006022001732487316,-0.06302687158946592,0.020590436537429244,-0.00011510498989184823,0.006088520387112321,-0.06510067547881557,0.02038131917215307,-4.120046804673196e-05,0.0054848381387983805,-0.07312993066835305,0.017211402921190635,-0.008240093609346383,1.096967627759676,-14.62598613367061,3.442280584238127,-0.00575524949459241,0.3044260193556161,-3.255033773940778,1.0190659586076536,68591.6754487847,3298.0779827459505,62455.37471598351,74679.78592737282,0.43411254405978567,0.15992224059773774,0.05061217990822289,0.8673841248926255,3.3132850544929464e-05,8.40987619984957e-06,1.6083035629044953e-05,4.886249161340491e-05,0.7967649507106712,0.3447849115771239,0.33153327061060756,0.2123592000265933,0.8587351571136684,0.19155406575707498,0.841928019280354,0.1994520645190115,0.8914232055128916,0.18239786195208169,0.909954378576612,0.2142368077452385,0.845675091955829,0.04305373877286911,0.09681279212236404,1.1292623281478882,0.0,-3.0500948429107666,51.11330032348633,-7.088926315307617,0.3038095235824585,0.0007,525.0,0.0,0.0,0.0,
284040.0,-0.03264462136533068,0.9781489451676088,-7.201645374298096,3.9177663326263428,7.201645374298096,3.7266677236557073,0.0,-0.00041268066567688895,0.005862817691834634,-0.10048088022188308,0.020023361523894556,-0.00043065686935003165,0.006042241997810277,-0.1058949698106546,0.019825530488698184,-5.5558889567706856e-05,0.004144740002691046,-0.028466371382848722,0.03217538934134978,-0.011111777913541367,0.8289480005382093,-5.693274276569745,6.435077868269956,-0.021532843467501582,0.3021120998905139,-5.29474849053273,0.9912765244349092,62488.89806866923,3996.118227688103,53221.17844691821,69834.43125238073,0.43086410260492186,0.15670333864094324,0.03348817449841261,0.8737861264551291,2.733705600948985e-05,1.4518624131423964e-05,1.1530542525973624e-05,6.533747494049844e-05,0.8107648889274939,0.333015103097926,0.3202688605392938,0.18614411952708454,0.8470625754534605,0.19533414964961346,0.8395938642809087,0.2099445077660079,0.9186551500534434,0.20045982950011254,0.7158692589037944,0.20811739355718153,0.8753186948791375,0.039482586085796356,0.08692379295825958,1.0950193405151367,0.0,-12.583858489990234,13.467617988586426,-7.090697288513184,0.37635332345962524,0.0007,526.0,0.0,0.0,0.0,
284580.0,0.030072926631045348,1.0007085776661784,-4.07192850112915,10.524343490600586,10.524343490600586,3.5262630462646523,0.0,5.579982302229107e-05,0.0038905370582437604,-0.014237963696319888,0.04244470938543618,4.828605701101621e-05,0.0038691681765729044,-0.014340295998483915,0.041568636723598666,0.00013829312273082225,0.004044083580595828,-0.017025843962881735,0.04222955686369889,0.027658624546164457,0.8088167161191655,-3.405168792576347,8.44591137273978,0.0024143028505508118,0.1934584088286452,-0.7170147999241957,2.0784318361799334,54764.332073028476,1329.0612106700707,51634.79482988389,58456.38998801662,0.41788043910483447,0.15447386482674264,0.03326493329835071,0.8267162384894339,2.6986612955432737e-05,9.690837494565253e-06,1.564965493489071e-05,4.777429320799914e-05,0.803031942257308,0.33892126353098945,0.325917796439687,0.19921138024922674,0.857871326832673,0.236327760262994,0.9067381286997541,0.16412585873590727,0.8482348715457181,0.15986476983070216,0.8126604839333145,0.24047023092116981,0.917264155325874,0.03876926749944687,0.11407279968261719,1.221992015838623,0.0,4.832554340362549,13.821820259094238,-7.093429088592529,0.26040899753570557,0.0007,527.0,0.0,0.0,0.0,
285120.0,0.024711630215838172,1.3998788255960872,-9.912323951721191,5.771031856536865,9.912323951721191,4.540336847305301,0.0,0.0002851756516157104,0.005091065571076069,-0.026181040615857926,0.021910785698748707,0.0002721713664727508,0.005093073783487466,-0.026529865938424844,0.021674194134343173,5.551531642710635e-05,0.005740411312706632,-0.04292915200673485,0.024417985594146638,0.01110306328542127,1.1480822625413265,-8.58583040134697,4.883597118829328,0.013608568323637538,0.2546536891743733,-1.3264932969212422,1.0837097067171586,60549.57788403564,4203.685767862642,53926.56545827062,67817.81681138833,0.4223630803282755,0.15715467064559177,0.06064451064894258,0.864622631847164,2.0775265047253544e-05,4.954736714113677e-06,1.2349515677408998e-05,3.0429858801235654e-05,0.8029228179173983,0.33894088013105955,0.3283908879309896,0.21940962681471513,0.8315073439706332,0.24356540809767266,0.9461508417600926,0.14758576110777494,0.7896582566267176,0.19748137963844384,0.8322136396026375,0.1919578243413934,0.916852485943083,0.045370470732450485,0.11888813972473145,1.1878494024276733,0.0,7.260238170623779,45.225337982177734,-7.093494892120361,0.1841452717781067,0.0007,528.0,0.0,0.0,0.0,
285660.0,0.026568706884885347,1.3342106783408993,-6.74906587600708,9.793622016906738,9.793622016906738,4.348157496452332,0.0,0.0003535612068189843,0.0056026473449639165,-0.02455998851896797,0.04791316030788051,0.00033785122376360716,0.005591130602876822,-0.02486661596002198,0.04680072016393951,4.838074300283828e-05,0.005282434972159559,-0.028130284601607512,0.03726792912046366,0.009676148600567636,1.056486994431912,-5.626056920321503,7.453585824092731,0.016892561188180357,0.27955653014384113,-1.243330798001099,2.3400360081969755,70482.90833875524,4527.875712693615,62840.32008890971,79625.80900359283,0.4248713315682165,0.16036817348578794,0.07760882573484319,0.8488299112143599,2.8334873707017478e-05,6.130299601044531e-06,2.110929654454877e-05,4.285166873715136e-05,0.8019122696941883,0.34065737994717676,0.328088432281043,0.23798966920458117,0.8608954780068921,0.20028874525387588,0.9262365951582973,0.16950454342562093,0.6996112525876218,0.215296478270777,0.842774227150018,0.17692056384514496,0.738695866409176,0.04285171255469322,0.11042025685310364,1.1000462770462036,0.0,11.651232719421387,25.404094696044922,-7.095294952392578,0.2613150477409363,0.0007,529.0,0.0,0.0,0.0,
286200.0,0.030178308507634533,1.2239155178579086,-7.597442626953125,5.962522983551025,7.597442626953125,3.699561228752137,0.0,0.0003475423934380792,0.005506708702509635,-0.033083510960691655,0.026968167256251677,0.00033232987236775775,0.005505089648817243,-0.033643148127538554,0.026610934610393835,6.780907297808705e-05,0.004749169093323157,-0.029576425291208356,0.023159880351551032,0.013561814595617411,0.9498338186646313,-5.915285058241671,4.631976070310206,0.016616493618387882,0.27525448244086215,-1.6821574063769278,1.3305467305196919,82249.06039694123,4583.410373304443,75151.66020031013,93920.96425116059,0.42160608982811454,0.15860217183479,0.07474871267894408,0.842557337572168,3.354941535201723e-05,5.94819220064776e-06,2.357138368958671e-05,4.3895279388080785e-05,0.795589569821,0.3457963225731291,0.33223650453772435,0.23983490940347402,0.9006875015095814,0.22121482104710766,0.9064679185852907,0.1688179406182389,0.8162127712955899,0.21186266233542259,0.8134848259519015,0.15826966659575686,0.8694725304449095,0.042631976306438446,0.11988888680934906,1.1384142637252808,0.0,9.33815860748291,42.47716522216797,-7.09554386138916,0.14913946390151978,0.0007,530.0,0.0,0.0,0.0,
286740.0,0.0011468084151770367,1.8153410568688126,-25.109493255615234,6.704142093658447,25.109493255615234,5.458618197441109,0.0,0.0006076363031604562,0.00913392497107213,-0.07621029881440616,0.045418499216747246,0.0005656216136085513,0.009156606166587406,-0.07927082936386738,0.04441728296635126,-0.00013567136894350283,0.00691543695862453,-0.1057297627358006,0.022416388558594735,-0.027134273788700574,1.383087391724906,-21.14595254716012,4.483277711718947,0.02828108068042757,0.45783030832937033,-3.963541468193369,2.220864148317563,114136.97139620243,11205.454138898547,90794.31112243168,129262.63951208169,0.4323021561888451,0.16646255882331573,0.05728400794222739,0.8577825641281563,6.902895307512272e-05,2.5125119867413054e-05,2.7195282414997336e-05,0.0001072737267658976,0.7917885393251217,0.34772889232223275,0.33599350272906187,0.22413307276060962,0.8496046935772882,0.18069850272796703,0.8460518323642551,0.2002447306194069,0.9334565684257902,0.24893886350400163,0.8880308940625744,0.14598483038801477,0.7277297274659059,0.04054999351501465,0.1263980269432068,1.0968097448349,0.0,1.893341064453125,32.193294525146484,-7.094057559967041,0.18104976415634155,0.0007,531.0,0.0,0.0,0.0,
287280.0,0.018126324429694148,1.278550123919733,-6.472081184387207,4.661906719207764,6.472081184387207,4.6090496301651,0.0,0.00020251282186555254,0.0073150526755149,-0.03680881079132355,0.028717452392343454,0.00017570964353196268,0.007321673509036644,-0.03750335188565956,0.028312834493916996,4.670420696547068e-05,0.004569376537864687,-0.022984566950480716,0.01760188536377768,0.009340841393094126,0.9138753075729373,-4.596913390096144,3.5203770727555357,0.008785482176598136,0.36608367545183224,-1.8751675942829777,1.4156417246958497,124991.25849966101,4723.252802356814,110250.33621465281,138150.39481752054,0.4254702645426611,0.16845254684201189,0.04227518159732708,0.9066668884944886,6.33162781704027e-05,1.3708968945310199e-05,3.721226866578004e-05,9.161123525557912e-05,0.7908489837408567,0.3487453123787888,0.3378429268487782,0.1983801643754242,0.7764705740707885,0.1465543145684411,0.7735273109291996,0.23182766843281963,0.9048201136063626,0.270489708853818,0.8834021823787144,0.15274814376949705,0.8761576407138288,0.03738696128129959,0.14362439513206482,1.1057839393615723,0.0,11.696479797363281,26.985755920410156,-7.093552112579346,0.330801784992218,0.0007,532.0,0.0,0.0,0.0,
287820.0,-0.09388320484005683,1.2755760483409937,-6.6215057373046875,5.112714767456055,6.6215057373046875,5.031500968933108,0.0,-0.00048685814176765285,0.005953664520197622,-0.05197783736931403,0.021378515481943052,-0.0005048459865819873,0.005989223382105297,-0.05337739869797214,0.021153200627904527,-0.00034320454090356977,0.004914653950781124,-0.02597818099536553,0.020275273242554348,-0.06864090818071397,0.9829307901562246,-5.195636199073106,4.05505464851087,-0.025242299329099365,0.2994611691052649,-2.668869934898607,1.0576600313952265,128161.69415356423,8481.15066198108,100224.63775348288,141786.79160968753,0.41716217568886166,0.15843569665922527,0.06365494444922466,0.886627400054109,3.294031681860586e-05,4.635778785184021e-06,2.5473912929470767e-05,4.847040159044401e-05,0.7862357672265561,0.35155756240131864,0.3398706321593117,0.19590930447724644,0.8701783235379673,0.1369404776211023,0.8251611091840781,0.24901511007361243,0.9429299020831013,0.28024813976823637,0.9335455321374967,0.1378869680598025,0.8770755753742471,0.029357105493545532,0.157174214720726,1.1164990663528442,0.0,-55.90235900878906,83.56922149658203,-7.094407558441162,0.19088411331176758,0.0007,533.0,0.0,0.0,0.0,
288360.0,0.04559106954752847,1.4205161737437635,-12.229869842529297,6.523941993713379,12.229869842529297,5.228002772331241,0.0,0.0001256557039738033,0.008126537085428518,-0.09330976057612905,0.03600723624279481,9.213565540103924e-05,0.008219083266690281,-0.09795440933361782,0.03537412860324026,0.00020492143249713833,0.005105199057415025,-0.03666074847706669,0.024562172001111184,0.04098428649942767,1.021039811483005,-7.332149695413339,4.912434400222237,0.004606782770051954,0.410954163334514,-4.897720466680891,1.768706430162013,111273.28517352192,6715.973678594256,91784.38590598763,121849.29555594843,0.4269587111910373,0.1640955488013799,0.05314376644220688,0.8283471417654708,5.791070060537342e-05,2.2706199170382294e-05,3.31328792276409e-05,0.00010493062334718333,0.7964269064755711,0.34401449285292734,0.3347642591071293,0.22292107690099686,0.8742988830912113,0.1561070741243704,0.8436783244249831,0.19962778917967974,0.8696232480114876,0.2636390411849885,0.8485743812496335,0.15770501860996447,0.80972513991072,0.03872860223054886,0.1261947751045227,1.0387908220291138,0.0,0.321348637342453,65.1613540649414,-7.09412956237793,0.12378084659576416,0.0007,534.0,0.0,0.0,0.0,
288900.0,-0.010547010462161981,1.1756031689531639,-4.947176933288574,5.784987926483154,5.784987926483154,4.125725333690649,0.0,2.699028388745631e-05,0.0060914369435212164,-0.025984793807563668,0.02989456873911855,8.460399659236839e-06,0.006085885950279517,-0.02632836335424547,0.029456436554898557,-5.485015942484509e-05,0.004363557082345774,-0.01902833247611802,0.021560829631092873,-0.010970031884969013,0.8727114164691546,-3.805666495223604,4.312165926218574,0.000423019982961843,0.3042942975139758,-1.3164181677122735,1.4728218277449279,112220.71881762666,4937.659502355951,102645.4299574821,122317.08547649573,0.41172744322080246,0.1600019240577635,0.06725939700074743,0.8433485944933387,5.0142456394238966e-05,1.0307098277383552e-05,3.176216090173317e-05,7.165127371449444e-05,0.8031627521973668,0.3393515663035502,0.32437290298244065,0.22707707890690304,0.8538063730435179,0.17569317971486964,0.7598903305812211,0.215252559508218,0.856695550309085,0.24657859415806205,0.9036532219040138,0.13539858771194727,0.7758203530061469,0.040499888360500336,0.13537806272506714,1.0858243703842163,0.0,-17.465312957763672,43.11683654785156,-7.0937418937683105,0.17351806163787842,0.0007,535.0,0.0,0.0,0.0,
289440.0,0.07307684485826435,1.3600203842977203,-5.654419422149658,6.105491638183594,6.105491638183594,5.173022437095645,0.0,0.0005571030157526607,0.0059772575742688665,-0.023309621972441852,0.03249530679795976,0.0005391245791836987,0.005968855685144132,-0.023585588089919642,0.03197850036858908,0.00023060308151331732,0.005319215868112068,-0.022593414775002065,0.023471260980318247,0.04612061630266347,1.0638431736224134,-4.518682955000413,4.694252196063649,0.026956228959184935,0.2984427842572066,-1.179279404495982,1.5989250184294541,124459.67722548812,9359.308646550899,110982.5927420567,148950.6213987417,0.4234015455513591,0.15857235477967874,0.06320325385220896,0.7967938900194507,3.080699574547556e-05,5.91975695434574e-06,2.3706648777798106e-05,4.910686077230385e-05,0.7940205306716716,0.34707155149346103,0.3327970801239864,0.2427786295217225,0.8987031622434658,0.17999489079053824,0.8193060943612132,0.20082031041848597,0.8440911831443827,0.2372244846470433,0.8816286556455137,0.13918168462221003,0.7324065539993357,0.04232432693243027,0.13686811923980713,1.122859239578247,0.0,27.591564178466797,49.02987289428711,-7.094132423400879,0.2258392572402954,0.0007,536.0,0.0,0.0,0.0,
289980.0,-0.01687543403564228,1.6034629038453627,-6.811470985412598,6.970480918884277,6.970480918884277,6.050143022537239,0.0,0.0003368730431846913,0.009633470904659925,-0.04199109128520846,0.04319091659837149,0.000290431288106296,0.009632845682765095,-0.04289820176976351,0.04228420490384956,-0.00015698499455390593,0.005633353364078815,-0.025389340654892595,0.02436840307359562,-0.03139699891078118,1.126670672815763,-5.077868130978519,4.873680614719124,0.014521564405314798,0.48164228413825483,-2.1449100884881753,2.114210245192478,167056.43136218356,12265.771076079476,143290.1480412185,195942.1551052855,0.41397796011344046,0.1615349228851969,0.05903797574919521,0.8226955229235682,7.831755092891581e-05,2.252512886621124e-05,4.796776964427862e-05,0.00011944149289865011,0.7965999346027327,0.3447813581641194,0.333619207734844,0.2176937583824987,0.9006622746566573,0.1503754045554656,0.7336687203258149,0.22470891148226008,0.8642131374144052,0.27164514198634954,0.890458650545552,0.13557678359342604,0.7451158326893795,0.030663128942251205,0.14765116572380066,1.147400975227356,0.0,-5.812201499938965,27.184553146362305,-7.093245506286621,0.2677896022796631,0.0007,537.0,0.0,0.0,0.0,
290520.0,-0.01018599050498947,1.5762101264936141,-17.56793785095215,6.899216651916504,17.56793785095215,4.530837574005132,0.0,2.5998193523791018e-05,0.009758435031578848,-0.1058550132092581,0.04787846025298972,-2.2440448776634474e-05,0.009887017897078737,-0.11188733933971164,0.04676760613241697,-4.531982042062609e-05,0.005426252883001361,-0.05986784998576098,0.022804182476780628,-0.00906396408412522,1.085250576600272,-11.973569997152197,4.560836495356126,-0.0011220224388317252,0.4943508948539369,-5.594366966985582,2.3383803066208486,172322.9848353645,8234.105914398493,152706.62681503914,190333.62300310095,0.42686709229872727,0.16161683387332584,0.09310331068559512,0.8430647730577145,8.687167661797728e-05,2.814229071948764e-05,6.048644744490682e-05,0.00014727170432006265,0.7832845934592193,0.35231887790711125,0.34486410477828067,0.20590997317462428,0.8467532840376364,0.13544072180090724,0.8252016822202737,0.2515606851367824,0.8854400801229877,0.2610793197311368,0.8650344520795619,0.14600930015654925,0.8517440241756904,0.032359529286623,0.15333054959774017,1.2223724126815796,0.0,-14.195272445678711,32.59722137451172,-7.096503734588623,0.360120952129364,0.0007,538.0,0.0,0.0,0.0,
291060.0,-0.038524846479305305,1.2526946578226277,-5.875325679779053,6.342932224273682,6.342932224273682,4.50816192150116,0.0,-0.0003160162973834644,0.008078808613629392,-0.040227755375007515,0.041391973700282074,-0.00034884574581015346,0.008104870616495839,-0.041059267849644816,0.04055825449618314,-0.00010541280437281213,0.004245831697856009,-0.01973570154820227,0.021575096891769355,-0.021082560874562423,0.8491663395712018,-3.947140309640454,4.315019378353871,-0.01744228729050767,0.40524353082479186,-2.052963392482241,2.027912724809157,156196.70619587213,10528.74864797472,136585.8575103134,179256.6927013785,0.42600309337647224,0.15655649585724973,0.02282291037939731,0.8357221749604349,8.692818477454467e-05,1.8491908201079293e-05,5.007947657660538e-05,0.0001171185923860859,0.7903291036000507,0.34750784974090115,0.33875287062309184,0.20633212922714708,0.786067128546795,0.1376359868872602,0.7446590217918808,0.24676395922137367,0.8524840115094888,0.26059306387834025,0.8211545447713009,0.1486748607858788,0.7177674680358624,0.028081227093935013,0.14654220640659332,1.1933023929595947,0.0,-32.85466003417969,37.43378829956055,-7.094910621643066,0.3701465129852295,0.0007,539.0,0.0,0.0,0.0,
291600.0,0.05143985824435259,1.3675396828202893,-5.873436450958252,8.210981369018555,8.210981369018555,4.685916113853454,0.0,0.0002567516537334452,0.007383891041920103,-0.03313496808336921,0.039480436059844436,0.00022947808719131285,0.007380922235616784,-0.033696367296438524,0.038721007609572,0.0001998297741968284,0.005002507634298928,-0.02094309096171557,0.03137465631689637,0.039965954839365686,1.0005015268597857,-4.188618192343114,6.274931263379274,0.011473904359565641,0.3690461117808392,-1.6848183648219262,1.9360503804786,140153.3671934083,11706.88671103562,119547.73080637146,167005.13726002758,0.4238507956882022,0.1638113634464792,0.07259401152067962,0.8701631904060672,5.494305188878553e-05,8.856259251804953e-06,4.001977719442199e-05,7.695057489002155e-05,0.7935612755163233,0.3440289495810532,0.33582618745200565,0.22457858685847046,0.8260078118323629,0.15777781699531293,0.8653446651628017,0.21789627080110074,0.8725266591676208,0.2489181940294955,0.9630062453356752,0.1508291313156204,0.8222871877204607,0.03732067346572876,0.1328885555267334,1.1353840827941895,0.0,21.60022735595703,39.2490234375,-7.0947346687316895,0.3681333661079407,0.0007,540.0,0.0,0.0,0.0,
292140.0,-0.08315865573714729,2.294259924257672,-13.395270347595215,11.663921356201172,13.395270347595215,8.961516075134282,0.0,5.813794694184595e-05,0.02049194826066835,-0.11682869072488182,0.12728986842513573,-0.0001508339921868525,0.02042791526839755,-0.12423608895624977,0.1198164055580202,-0.0003780848016907437,0.007024855850996262,-0.04486573923157191,0.02836550426491608,-0.07561696033814877,1.4049711701992524,-8.973147846314381,5.673100852983215,-0.007541699609342628,1.0213957634198776,-6.211804447812488,5.99082027790101,67533.70492392132,71048.53836473952,8282.18777093853,164927.44074965912,0.4305162578533015,0.16383184644661766,0.051856618434340335,0.8925461614213634,0.000263346914410371,0.00022969165308892758,6.229511309287533e-07,0.0006901721465813229,0.7954060780828982,0.3457033719116687,0.33262004107834847,0.19759915066224415,0.8509968657303498,0.15074010234031704,0.7686006097414826,0.24482039851657275,0.914117935019551,0.209172731099236,0.8481458159786595,0.19766761738163008,0.8007777539951485,0.04360143095254898,0.11506374180316925,1.1998839378356934,0.0,-35.671077728271484,51.564090728759766,-7.094812393188477,0.5486152172088623,0.0007,541.0,0.0,0.0,0.0,
292680.0,0.034173485704835645,1.915912649678196,-5.9516143798828125,14.059712409973145,14.059712409973145,5.918236927986146,0.0,0.0006414544137974619,0.019660423037324338,-0.06009570891478127,0.13832205932654446,0.0004515266580976292,0.019400882750413705,-0.0619772268963395,0.12955530034648743,5.7985756885268315e-05,0.004771827303105943,-0.016258980867340483,0.03790973868862745,0.011597151377053664,0.9543654606211885,-3.2517961734680965,7.58194773772549,0.02257633290488144,0.9700441375206852,-3.098861344816975,6.477765017324372,12334.211662915575,1410.0885627471039,7809.107741420009,14146.442079112103,0.4327020523659244,0.1570561148726283,0.043980226862414915,0.8279472028675611,0.00044303792237303805,0.00015803060150372511,0.00025293949243267736,0.0007612550687843712,0.7979460060146215,0.34481212119619403,0.33069067200876956,0.17559880456772556,0.8062639221014863,0.1908428917989347,0.8348082965769207,0.23126796566632582,0.8980121829433018,0.1769281808923068,0.9020535765691785,0.22536215707470705,0.921301044421404,0.032721079885959625,0.10827142000198364,1.2651526927947998,0.0,29.852514266967773,66.03421783447266,-7.093866348266602,0.39621639251708984,0.0007,542.0,0.0,0.0,0.0,
293220.0,0.06705833093383935,1.43526580464792,-6.026615619659424,11.426599502563477,11.426599502563477,4.555963735580449,0.0,0.0006881078127386086,0.011611711776191722,-0.0475252709097512,0.0885226826239228,0.0006208686324874957,0.011563285257085599,-0.04869170347208432,0.08482143989879583,0.0001800745019543379,0.004300295470589849,-0.019404011489161425,0.03592763641969788,0.036014900390867584,0.8600590941179699,-3.880802297832285,7.185527283939576,0.031043431624374788,0.5781642628542799,-2.434585173604216,4.241071994939792,12906.794711762012,1803.3947755469214,9991.383458035183,16788.405306361044,0.4287874660748411,0.16187424051810775,0.047962860141590354,0.8115960522609809,0.0001899068658224771,4.176226874356495e-05,0.00011991972936578968,0.00027955415674775323,0.7897185991038822,0.34814754560682276,0.33825759078294515,0.1698956551760811,0.7462758505216904,0.25724301774430713,0.8847277115119219,0.19084605639009297,0.8623790306772187,0.15086685858707422,0.7718372945378614,0.2311484121024446,0.891433566047101,0.03957657888531685,0.13719503581523895,1.222838282585144,0.0,51.50621032714844,120.41126251220703,-7.092740058898926,0.14742231369018555,0.0007,543.0,0.0,0.0,0.0,
293760.0,-0.08104956448196726,1.5514330439785806,-8.666119575500488,13.409525871276855,13.409525871276855,4.774012880325326,0.0,-0.0005990933438599473,0.01033031292055314,-0.05656720797778833,0.07625715688737154,-0.0006527348749502512,0.010343270085857195,-0.058230149331563105,0.07348942657497246,-0.0002420641121150397,0.005185789601030683,-0.028773060708833707,0.04867527331258577,-0.048412822423007935,1.0371579202061365,-5.754612141766741,9.735054662517154,-0.03263674374751256,0.5171635042928597,-2.911507466578155,3.6744713287486226,14029.379715231227,1569.396132361833,10897.557370393453,17402.224985657882,0.4222685560934488,0.1645897967608418,0.049507128478863294,0.873783373834301,0.00010855452560646336,1.2679322183942331e-05,7.92815557916546e-05,0.00014028675788567297,0.794552510630267,0.3455451757820427,0.33259797649447986,0.15678876267458877,0.6840196219669382,0.23371795723126415,0.9156319292852657,0.21225309656647381,0.8400220651503943,0.16765891293208438,0.9059031502452685,0.2295812705955889,0.8379975019773036,0.041847001761198044,0.13731609284877777,1.2146936655044556,0.0,-37.97959899902344,56.56203842163086,-7.092116355895996,0.469316303730011,0.0007,544.0,0.0,0.0,0.0,
294300.0,0.004263528299310969,1.2535121957458017,-5.267979621887207,7.946868419647217,7.946868419647217,5.032459197044381,0.0,-7.699198911805101e-05,0.00797127818635947,-0.03972514584035425,0.04920143852792412,-0.00010867360109641665,0.007954004037374254,-0.040535729081818184,0.04802934008086173,4.848605532131331e-05,0.004293938180660202,-0.017041574792052195,0.02772700694455268,0.009697211064262662,0.8587876361320405,-3.408314958410439,5.545401388910536,-0.00543368005482083,0.39770020186871263,-2.0267864540909093,2.4014670040430866,11205.188145583723,492.06288286562506,10193.60559416245,12187.067555265266,0.4115322966542923,0.15547688832668838,0.03409643437101933,0.8528257583850842,8.894672612665369e-05,2.2914617996683356e-05,5.498300363404956e-05,0.00012919297681333883,0.7899908396812434,0.34773227767816345,0.3384098204625281,0.16965022772921276,0.7720755080895891,0.2691941094531502,0.9384913576694668,0.15625845314711442,0.7539756054189704,0.14601902544780102,0.6979946041089321,0.25887818422272163,0.86398403359922,0.040198199450969696,0.17315509915351868,1.3227245807647705,0.0,-3.8278274536132812,19.221942901611328,-7.091752052307129,0.3831290006637573,0.0007,545.0,0.0,0.0,0.0,
294840.0,0.002010750851574509,1.5658743647167017,-7.36472225189209,7.76088809967041,7.76088809967041,4.847045221328736,0.0,-7.039695747193267e-05,0.009372366007210737,-0.043686590192043975,0.03976355474503225,-0.00011441232340444045,0.009387116010371191,-0.04466958512958187,0.03899333609837813,3.86568181909062e-05,0.005490973041310888,-0.0268173574783643,0.029056107278169273,0.0077313636381812325,1.0981946082621776,-5.36347149567286,5.811221455633855,-0.005720616170222018,0.4693558005185596,-2.2334792564790935,1.9496668049189063,10510.644591567103,444.3512654927183,9353.555566122246,11331.915825415335,0.4160186959339265,0.16386468248005687,0.0601646086428814,0.9387495139048652,7.604789654162374e-05,1.2629736416046728e-05,4.9095844584310255e-05,9.702147268352138e-05,0.7816241573477386,0.35700302229848085,0.3448771064848835,0.16909649053039166,0.7362952073454039,0.27649170593334105,0.9627767029915842,0.14487409452473166,0.7413647490264332,0.13458010610272522,0.7034118248113106,0.2749576029088105,0.9641050001113832,0.041316013783216476,0.18039757013320923,1.34403395652771,0.0,-20.117584228515625,35.87880325317383,-7.093605041503906,0.2649233341217041,0.0007,546.0,0.0,0.0,0.0,
295380.0,-0.027410674562000806,1.1778418450752848,-7.022467136383057,12.442651748657227,12.442651748657227,4.4323759698867855,0.0,-0.0001783967312673716,0.006735216967075474,-0.03655589558481175,0.06013964708590055,-0.00020099069078316506,0.0067119655399447585,-0.037240805872097354,0.05840064198055871,-8.680570063845251e-05,0.004226783657775221,-0.02580213435975082,0.04761309601596081,-0.017361140127690487,0.8453567315550442,-5.160426871950164,9.522619203192162,-0.010049534539158252,0.33559827699723793,-1.8620402936048677,2.920032099027935,10203.257315507932,471.83862796530303,9259.978205349405,11324.808604320899,0.4091599125070859,0.16221691476506028,0.04737387504967002,0.8665499664180774,6.498122948218702e-05,1.635636259183443e-05,3.333866627241893e-05,8.81452230144932e-05,0.7887486265014696,0.35051695074704214,0.335910896264097,0.17396050238123245,0.9269961341059016,0.2828368488702952,0.9096487469810685,0.14769102634576461,0.8209307856250937,0.13364808268670159,0.795255546966283,0.2618635397160061,0.8762300861969159,0.03576936945319176,0.19069904088974,1.3160496950149536,0.0,-37.65340042114258,39.620975494384766,-7.093923568725586,0.44467729330062866,0.0007,547.0,0.0,0.0,0.0,
295920.0,-0.059221594768610816,1.8764778112966394,-5.969873428344727,15.484230041503906,15.484230041503906,6.51412298679353,0.0,-0.0010023391018397106,0.012223891400133035,-0.05368232935664245,0.09468945657402623,-0.0010772792913210684,0.012185750405531343,-0.055176962237078166,0.09047072174375075,-2.6788146868511044e-05,0.006461866080544399,-0.021420342653176605,0.05480346938230619,-0.005357629373702221,1.29237321610888,-4.284068530635321,10.960693876461237,-0.05386396456605341,0.6092875202765671,-2.7588481118539083,4.523536087187537,7353.706273365254,1661.1209132021957,5134.359370816334,9878.326735197514,0.4151811518318802,0.16252315593414546,0.028607057988975275,0.8540323085410102,0.00010072009646532097,6.72804179025526e-05,2.365097117526846e-05,0.00021711013109808596,0.7866130492617208,0.3523113782688892,0.3415463077510633,0.16697453112017752,0.7082261734028763,0.25768336592708907,0.9460061150515395,0.14168885878646814,0.7950606451429935,0.15076827568861126,0.8066486196761621,0.282884968477654,0.9069519935526429,0.03674812987446785,0.17688092589378357,1.336081624031067,0.0,-62.0550537109375,192.61363220214844,-7.0946946144104,0.07810533046722412,0.0007,548.0,0.0,0.0,0.0,
296460.0,0.023225823721737402,1.4142475686946132,-7.100959777832031,7.338511943817139,7.338511943817139,6.421797680854802,0.0,0.00020216574333902328,0.010913516795284725,-0.05372425435314354,0.06043392396923465,0.0001425627272613114,0.010919764209854329,-0.0552212665193895,0.058678186593242636,8.048843471837667e-05,0.004351703508928406,-0.022464554864066847,0.02318659808951696,0.016097686943675357,0.8703407017856811,-4.49291097281337,4.637319617903392,0.007128136363065566,0.5459882104927164,-2.761063325969475,2.9339093296621317,6017.101445327788,327.20592554264675,5152.5445647608285,6774.598364633103,0.42104162649845506,0.16129007587049293,0.0568221085961236,0.8576393887813603,0.0001510135341570509,3.746959465177445e-05,7.984469783595153e-05,0.0002155956789395194,0.7722973524415749,0.36307701286921246,0.3530262347638963,0.1778291285574704,0.8096222886760168,0.3198048181383989,0.8896389236088477,0.12914443535688153,0.6595398924848421,0.1301494587395661,0.8456218443435419,0.2430721592076831,0.8374195071143982,0.033668242394924164,0.21062535047531128,1.3731821775436401,0.0,-16.79060935974121,44.485713958740234,-7.095091819763184,0.055948615074157715,0.0007,549.0,0.0,0.0,0.0,
297000.0,0.038473342460821625,1.5613785819290433,-24.692960739135742,7.228036880493164,24.692960739135742,4.521188240051284,0.0,0.00048195243349172164,0.007785914140163899,-0.0893351426041745,0.04336305287263762,0.0004511107226288948,0.007869040501203885,-0.09358033371575764,0.04244920065969889,7.958902901023313e-05,0.005901441474081319,-0.10006971791562672,0.025527884436102894,0.01591780580204663,1.1802882948162636,-20.013943583125343,5.105576887220579,0.02255553613144474,0.3934520250601942,-4.679016685787881,2.122460032984945,6629.234197177403,576.7758188982588,5586.423300474405,7794.093370240693,0.4111372709784099,0.17136630548853402,0.05514020297889165,0.8404741928581531,7.038190807163715e-05,1.3486412660223627e-05,5.157347962054439e-05,0.00010687455019311015,0.7611358921581183,0.37128582014312106,0.36405455678313386,0.16345006181309132,0.6670954519759184,0.3531129410443562,0.953198520538685,0.13020533823804847,0.7396892559362679,0.12120422794155085,0.8344223401266067,0.2320274309629532,0.9328339977086297,0.029412388801574707,0.22352002561092377,1.4030706882476807,0.0,6.365270614624023,63.53972625732422,-7.095080852508545,0.10812211036682129,0.0007,550.0,0.0,0.0,0.0,
297540.0,-0.025517068998198267,1.432022578228878,-13.763083457946777,7.228731155395508,13.763083457946777,5.853939976692215,0.0,9.464901306288451e-05,0.00735732887248482,-0.050939445312259996,0.037059226729308975,6.745494046764581e-05,0.007383419969047979,-0.05228267346403548,0.03638904114522019,-0.00014444907291120073,0.005339721945936483,-0.0557447501871189,0.027207758259943024,-0.028889814582240138,1.0679443891872966,-11.14895003742378,5.441551651988605,0.0033727470233822945,0.369170998452399,-2.614133673201774,1.8194520572610093,7837.9154874459655,477.0855964391108,7061.44758394461,9062.853309807124,0.41875830120349,0.16626868972821113,0.08285531151958189,0.9124898640466953,5.500674594035483e-05,1.2982545872060477e-05,3.131579444894996e-05,8.029655388626681e-05,0.770640046366895,0.36458538709677785,0.35516781480952536,0.1830172164548185,0.8836722325747304,0.30994354467262253,0.9143302130192164,0.13222368967110276,0.9670370510339424,0.11404151094642107,0.6813914496077639,0.26077403825503515,0.9431812758161008,0.029543709009885788,0.20015519857406616,1.2896243333816528,0.0,-21.412263870239258,53.61629104614258,-7.09436559677124,0.2402847409248352,0.0007,551.0,0.0,0.0,0.0,
298080.0,0.05808865403534448,1.6811812014872958,-8.770033836364746,9.011980056762695,9.011980056762695,6.619202976226808,0.0,0.000757153428364031,0.011076360155849445,-0.05378733269858953,0.060192807035487565,0.0006956324437260443,0.011066716763419292,-0.05528792832301035,0.058450785013076864,0.00011653517371414408,0.00568380038459256,-0.030369979981552074,0.03325290134166805,0.023307034742828813,1.1367600769185122,-6.073995996310415,6.65058026833361,0.034781622186302215,0.5533358381709645,-2.7643964161505172,2.922539250653843,9836.560704438712,1369.6066422634797,7425.1325014540735,11902.84232848074,0.421902580897449,0.1652552433843601,0.033202599104810986,0.8478451801263953,0.00010531884675854914,3.566941672238852e-05,4.5693153674683226e-05,0.00015283168222553204,0.7764629346712587,0.3591127478914041,0.3481388295267963,0.18204837933327003,0.8951507708355378,0.32458622410702864,0.9728690109544033,0.14409663893399788,0.6690561246037003,0.12497251271992826,0.6753848291602746,0.22429624490577516,0.795273290706516,0.033476684242486954,0.1816888451576233,1.262182593345642,0.0,26.632070541381836,94.75152587890625,-7.094316005706787,0.17725485563278198,0.0007,552.0,0.0,0.0,0.0,
298620.0,-0.03206634329161952,1.658961979295978,-11.858473777770996,6.504847049713135,11.858473777770996,6.046172871589664,0.0,-1.592159137135067e-05,0.011159936836040397,-0.06861709608884775,0.04632518912269711,-7.853681924406985e-05,0.011206812980276657,-0.07108480386198052,0.04528420558960559,-0.00014069751251156857,0.005522453264100458,-0.041521170158080316,0.021203184222264946,-0.02813950250231372,1.1044906528200915,-8.304234031616064,4.24063684445299,-0.003926840962203495,0.5603406490138327,-3.5542401930990257,2.264210279480279,11872.188083417976,835.8728654545936,10273.319073693012,13528.960551332751,0.4263263656830866,0.16269022205160183,0.06517953950517943,0.8655414856366062,0.00011348927292961811,2.789852382700511e-05,6.745881228249865e-05,0.00017385867515230645,0.7911698270024226,0.3484206357172673,0.33735172884042963,0.16872161056047766,0.844239499628784,0.2511555046864804,0.8802198796459256,0.18076267253429545,0.7973712933648358,0.14582159991283408,0.7472312844784631,0.2535386123059124,0.9290478784299135,0.03980017825961113,0.14128780364990234,1.17703115940094,0.0,-26.571990966796875,62.680850982666016,-7.094758033752441,0.00027561187744140625,0.0007,553.0,0.0,0.0,0.0,
299160.0,0.006821397422377399,1.1409823241818784,-9.681498527526855,3.862157106399536,9.681498527526855,3.724836170673371,0.0,-5.4094219029329295e-05,0.006898781474724448,-0.05912279583341148,0.02295271809187135,-7.809150337654029e-05,0.006942261864428532,-0.06094264295279591,0.02269326702733831,5.362986499417131e-05,0.003977344274673905,-0.03317182984039226,0.01448761815279978,0.010725972998834273,0.7954688549347809,-6.634365968078453,2.897523630559956,-0.003904575168827017,0.3471130932214266,-3.0471321476397955,1.1346633513669153,10328.570959383696,694.5847656255788,9170.703335760136,11821.777520883983,0.4245881576685124,0.1527468436642001,0.03908631216388296,0.8773502574103544,7.686690668941844e-05,1.883746130280683e-05,4.694537632877297e-05,0.0001269655923551554,0.7893338825958738,0.34838249137400945,0.3384395687196287,0.1806314164523158,0.8850546972524769,0.26291225257035405,0.868716448510781,0.15864996257793706,0.7665745669191297,0.13368950318706307,0.6983978432114932,0.26411686521232997,0.9558543936223001,0.037181369960308075,0.15409991145133972,1.1664574146270752,0.0,-12.211478233337402,42.62413787841797,-7.093715667724609,0.16067343950271606,0.0007,554.0,0.0,0.0,0.0,
299700.0,-0.005638183755757011,1.5603662905361284,-18.985620498657227,10.946695327758789,18.985620498657227,5.886677780151378,0.0,-0.00013865356450978655,0.009098056642238284,-0.11846617576185724,0.05377878688137805,-0.00018112713572732806,0.00927744516494322,-0.1260919066516193,0.05238254847217522,1.7090871147506658e-05,0.005509265616040947,-0.06340512161761315,0.0416378414906418,0.0034181742295013515,1.1018531232081894,-12.68102432352263,8.32756829812836,-0.009056356786366404,0.463872258247161,-6.3045953325809645,2.6191274236087607,8984.76050836089,855.7330985271465,7874.373579035249,10938.809186495335,0.43486431111837626,0.16034611826726122,0.08166421408942832,0.8772396424721595,6.96579150723897e-05,2.4955880275534998e-05,4.1610442446991286e-05,0.00012400248346090655,0.7886865354888372,0.35003846640786135,0.3373043136407706,0.17306101855482667,0.8670310489619917,0.2524741430723221,0.9051478697971784,0.16993693472790777,0.9254535246404695,0.13960444465813757,0.7382679098588746,0.2649234589868059,0.8983958156038425,0.03597920387983322,0.15358418226242065,1.1546411514282227,0.0,-17.4228572845459,107.86019897460938,-7.093385696411133,0.11540418863296509,0.0007,555.0,0.0,0.0,0.0,
300240.0,-0.032924019345470394,1.2246602082622877,-6.300226211547852,6.103799819946289,6.300226211547852,4.695020990371707,0.0,-0.00026226267916656335,0.006583318937867123,-0.03204961346697083,0.03218957928870194,-0.0002839724679650067,0.006583826926846901,-0.03257444660065116,0.03168235104957919,-9.362698001266461e-05,0.004486250303730482,-0.02335752035237589,0.022598411801035063,-0.01872539600253292,0.8972500607460964,-4.671504070475177,4.519682360207013,-0.01419862339825033,0.32919134634234504,-1.628722330032558,1.5841175524789597,8296.456723182908,414.48405418482656,7264.770821325175,9132.4627142613,0.420170530880524,0.16121102475905938,0.02810790646217145,0.8944973067050371,5.683282775368306e-05,1.1994622790155695e-05,3.439390917746725e-05,8.290495399219442e-05,0.7939902319684972,0.34653351177511743,0.3354035929269776,0.18750647766609158,0.9149293166694221,0.24407783915823478,0.903348410528664,0.16513381616337022,0.9316809903025606,0.1411666477170246,0.8039021854714098,0.26211521929527876,0.881166248176873,0.03160007670521736,0.14198489487171173,1.024082064628601,0.0,-24.520532608032227,30.606534957885742,-7.091763496398926,0.2885298728942871,0.0007,556.0,0.0,0.0,0.0,
