timesteps,reward_mean,reward_std,reward_min,reward_max,reward_abs_max,reward_abs_p99,reward_zero_fraction,portfolio_return_mean,portfolio_return_std,portfolio_return_min,portfolio_return_max,dsr_mean,dsr_std,dsr_min,dsr_max,portfolio_value_mean,portfolio_value_std,portfolio_value_min,portfolio_value_max,turnover_mean,turnover_std,turnover_min,turnover_max,dsr_variance_mean,dsr_variance_std,dsr_variance_min,dsr_variance_max,allocation_entropy_mean,allocation_hhi_mean,allocation_equal_weight_l1_mean,weight_btc_mean,weight_btc_max,weight_eth_mean,weight_eth_max,weight_ltc_mean,weight_ltc_max,weight_bnb_mean,weight_bnb_max,weight_usdt_mean,weight_usdt_max,dirichlet_alpha_mean,dirichlet_alpha_min,dirichlet_alpha_max,dirichlet_total_concentration_mean,dirichlet_alpha_below_one_fraction,policy_weight_temporal_std_mean,policy_equal_weight_l1_mean,policy_loss,value_loss,entropy_loss,explained_variance,learning_rate,n_updates,mfn_parameter_norm,mfn_gradient_norm,mfn_gradient_abs_max,mfn_near_zero_gradient_fraction
100540.0,-1.206833718896464,27.96885733294921,-649.644287109375,7.868072986602783,649.644287109375,6.7119213247299205,0.009259259259259259,0.00034042737223965254,0.024948740441282098,-0.1223544243173984,0.11904391275452167,-1.2068337738761934,27.968858581648472,-649.6443161914558,7.868073120982558,9928.646846956235,1628.1578893027995,5749.3274280068445,13265.759095232808,0.5057530453487691,0.17833617322819587,0.06669429001139511,0.9393912609948587,0.000444737163551778,0.00018380711916492993,4.45428665430341e-08,0.0006848294995073032,0.7166936046723691,0.3893898378057799,0.3920628844098258,0.22819543008609722,0.8541064929486918,0.1703807625800258,0.8897539746737725,0.20433246524519602,0.8937768818425316,0.17626036171101067,0.9616696816651715,0.22083098037767027,0.8917572564609733,0.6647046208381653,0.5163208842277527,0.8167518973350525,3.3235232830047607,1.0,0.006512029562145472,0.04252592474222183,20.491989135742188,5085.2861328125,3.529473066329956,0.009997904300689697,0.0007,186.0,35.24492119842237,0.21744790213193016,0.028184257447719574,0.18958577283372366
101080.0,-0.031208287445285046,0.87228917716571,-4.842887878417969,6.887228488922119,6.887228488922119,2.901580908298494,0.0,-0.0006781778706400044,0.015069292177720999,-0.07548071517366318,0.11082088372013761,-0.031208286946146333,0.872289178090507,-4.842887861494274,6.887228686429316,8570.997354644955,1008.03560733945,6497.362513701496,10248.40801597913,0.5123241594651451,0.17469308576084883,0.05191045365018413,0.9595929731460752,0.0003198814841633562,5.8322889993054136e-05,0.00022943773941805324,0.00047831350860218783,0.7294040574261643,0.3780607728335674,0.38070122663252987,0.2549672696434815,0.8458563117557947,0.17240178619518576,0.8678568883445705,0.20806399567186612,0.7980496883392334,0.1769468075506994,0.9024472063973341,0.18762014093876725,0.9373769517241297,0.660015344619751,0.5124529004096985,0.8311960697174072,3.300076723098755,1.0,0.006105063948780298,0.04521133750677109,-0.413772314786911,11.218432426452637,3.540882110595703,0.0964018702507019,0.0007,187.0,35.24326463531798,0.40979622068049654,0.06813741475343704,0.24368779274004684
101620.0,0.016491755348454682,0.8627202739213897,-3.560368537902832,5.461634635925293,5.461634635925293,3.1044196534156803,0.0,0.00037922715487832056,0.010330287009460483,-0.03839572012197612,0.06593183763539097,0.0164917560092585,0.8627202772565788,-3.5603686129331473,5.461634849789943,8023.639616544433,732.7416454750879,6445.509529894976,9563.6196520346,0.5113426182868233,0.183071824818681,0.08087161975749187,0.940471970805982,0.00015245231595128436,3.177926190791025e-05,0.00010583670325911969,0.00022909741693600375,0.7266933261671957,0.38259124488466506,0.3815641156895916,0.25486294475580873,0.8646997755051372,0.15795486400920813,0.8373058819536487,0.19230896786511262,0.8784449655635052,0.20222976225870168,0.9389831877700269,0.19264346111116878,0.9181361273244872,0.6596623659133911,0.5412994623184204,0.8594645857810974,3.298311233520508,1.0,0.004260429181158543,0.05362696573138237,-9.729909896850586,37.497100830078125,3.5582780838012695,0.1067044734954834,0.0007,188.0,35.24328248637755,0.40233162170318837,0.03930448368191719,0.2857874707259953
102160.0,0.0006233556808351919,1.0894897065906661,-5.586302280426025,9.119141578674316,9.119141578674316,3.938578591346742,0.0,-0.0002376278765261344,0.01119626857233532,-0.05433852133352063,0.0815000298298791,0.0006233541088898821,1.0894896971254537,-5.586302132824029,9.119141354535357,7087.378750929928,384.7007886830057,6159.072017818772,7996.641610983423,0.5142815832346093,0.17578063687013282,0.08117489305800069,0.945881797662789,0.00011879373090816616,1.95399688786041e-05,8.59387877145734e-05,0.00016637078185027928,0.7307462749114424,0.37799142303087535,0.38143650006598906,0.23284057273546294,0.9561194766358013,0.17867087810569185,0.825437663063785,0.19498381236329165,0.8590621128179023,0.20637390185480306,0.9090579194438547,0.18713083494075047,0.8682706796431815,0.6753672957420349,0.5739837884902954,0.8355346918106079,3.3768365383148193,1.0,0.005810610018670559,0.03583337739109993,-7.251719951629639,18.645061492919922,3.4773526191711426,0.26604634523391724,0.0007,189.0,35.24716753697114,0.47182094489204185,0.04933677986264229,0.33110119047619047
102700.0,-0.005327299788411808,0.990093738557021,-3.740783452987671,8.087688446044922,8.087688446044922,3.1757064819335947,0.0,-0.00031866574476208044,0.008540443060389064,-0.03432983547266238,0.05075342060835912,-0.005327300410249696,0.9900937353471664,-3.7407834275674774,8.087688469067237,6286.812299400804,575.1145484071455,4982.869682136938,7166.981360163553,0.5149323453182231,0.17615681203606032,0.08551742035462154,0.9115130023625022,8.145928993003149e-05,1.6978137189329147e-05,5.8244465220100494e-05,0.00012287866057802111,0.7229747900336465,0.38403410762014073,0.38425025564807436,0.21598677971474836,0.8344809531907064,0.20008740083612073,0.8906138462590257,0.18473941046734063,0.9330421373625284,0.19960950423264665,0.8898789609167672,0.19957690474914364,0.8676839725395515,0.6877666711807251,0.5926557779312134,0.820280909538269,3.438833475112915,1.0,0.006275297608226538,0.022221114486455917,3.2035109996795654,22.40052032470703,3.4272329807281494,0.3516300320625305,0.0007,190.0,35.25440714857757,0.43759379543718596,0.04452436789870262,0.30261392466822795
103240.0,0.0027980354921493455,0.934590164528634,-4.194962501525879,4.919159412384033,4.919159412384033,3.2249771189689675,0.0,-9.792839972009654e-05,0.008527575034081525,-0.03917707603138497,0.0406371754296198,0.0027980352560384187,0.9345901615849574,-4.194962638722708,4.919159259455612,5475.136550127357,297.6402477342876,4998.189289002987,6301.223180275336,0.5025134868548611,0.18089691371945749,0.0485244564104922,0.9355386207900511,8.504046481777007e-05,7.2453429058940306e-06,6.660340986575674e-05,0.0001000712451312296,0.7319005276810336,0.3774993174303838,0.3782310232067629,0.21796187716224932,0.9213731713337233,0.20137720239676826,0.826695167402414,0.19521621694851257,0.8104576415875463,0.1821099936807444,0.915126185156137,0.2033347098117254,0.9238593085753308,0.6893042922019958,0.6096379160881042,0.8011043667793274,3.446521520614624,1.0,0.005918229930102825,0.020098645240068436,3.1284773349761963,14.990612030029297,3.4199633598327637,0.28165632486343384,0.0007,191.0,35.25246758105075,0.47274713297993853,0.05035814642906189,0.3210687451209992
103780.0,-0.03163939476435189,0.9010819092922975,-5.935667037963867,7.573413372039795,7.573413372039795,3.531242983341221,0.0,-0.00036346189415825534,0.00573793225535795,-0.03754525295185949,0.04636659294658772,-0.031639393781860585,0.9010819071226661,-5.935667142988218,7.57341317503406,4957.875084290039,254.57458237269907,4127.401986317431,5331.905427242795,0.49205594199012703,0.17302224432809446,0.07570657064893203,0.93001673836325,4.221254330452226e-05,1.2802746578388943e-05,2.2963336931684786e-05,6.694706772143625e-05,0.7405051532238998,0.3729006927850358,0.3733475867163922,0.21500252990153834,0.9203789806322167,0.20300494309206973,0.8339543396957967,0.19650836483915435,0.8472268388395348,0.20795530568343812,0.8646710450599264,0.17752885648379943,0.8279199561666699,0.6955256462097168,0.6082268953323364,0.8083944320678711,3.477628469467163,1.0,0.0060738809406757355,0.016671374440193176,13.742310523986816,40.41061019897461,3.4030613899230957,0.17610514163970947,0.0007,192.0,35.25180629925659,0.48376172504246134,0.050364479422569275,0.34420130757220924
104320.0,0.05477925439589416,1.2652629699027023,-3.5571086406707764,8.066341400146484,8.066341400146484,4.21020241260529,0.0,-0.00037204132388782735,0.015201888220782427,-0.04803184801367231,0.0768776072728906,0.05477925281495554,1.2652629636193802,-3.557108758317767,8.066341207613329,2914.492368257212,348.31905880932277,2339.6088674883845,4227.334473200502,0.5006288028948637,0.18125320672502745,0.07501755614497936,0.9136881233210631,0.0001694264484782925,4.4404235236745214e-05,3.995372435413196e-05,0.00023720020228240067,0.7344546639565657,0.37778959436664605,0.3778401632002635,0.21587749573723286,0.9562441827361162,0.20293068119231383,0.8019359752644001,0.1920921603079804,0.8544316676981382,0.19943060324825473,0.8315102303119334,0.1896690595142182,0.860697458073072,0.7032173871994019,0.5935018062591553,0.8381249904632568,3.516087532043457,1.0,0.007107545621693134,0.01597825065255165,-14.238035202026367,37.813499450683594,3.388415575027466,0.27179980278015137,0.0007,193.0,35.25817029941742,0.46712363995085093,0.05027752369642258,0.2861716920374707
104860.0,0.01552475696996596,0.808778264530276,-6.333571910858154,3.7200725078582764,6.333571910858154,3.284730083942417,0.0,0.00033511712677669565,0.008444660284960975,-0.06820217722104598,0.04592870201157119,0.015524758111808593,0.8087782667005579,-6.33357202312621,3.720072609724102,3295.686950449031,237.7259129110487,2967.1807254463647,3879.671138689219,0.5131520777920296,0.17426926685418145,0.0663226589189542,0.9173912090196719,0.00011946386398626371,4.017843748600599e-05,6.787976982768994e-05,0.00020485062543447306,0.7364430065342054,0.37433597335691227,0.37523220247276257,0.19985237309399248,0.8275550827375588,0.2003637656250704,0.868783998948194,0.19372072978473606,0.9313394431089783,0.19946072106095042,0.8485036531859248,0.2066024104352506,0.8365336087840112,0.6999915242195129,0.6004562973976135,0.8218449354171753,3.49995756149292,1.0,0.006439873483031988,0.015380213037133217,-0.17549237608909607,29.52031135559082,3.3930225372314453,0.05305838584899902,0.0007,194.0,35.25411808477138,0.4885457034095787,0.09322971105575562,0.3155859679937549
105400.0,-0.0038177018808373425,1.3762871822203684,-26.683835983276367,7.312252521514893,26.683835983276367,2.6963332653045655,0.0,0.0007302896069962846,0.008840673811632418,-0.11695024450491004,0.07291899792862597,-0.0038177022585815816,1.3762871871486178,-26.683836056663292,7.312252749847106,4549.928267456769,467.08626607938976,3733.1522770665456,5511.634007380323,0.4932755250255904,0.1833979334473875,0.0673445234750487,0.937408816120904,8.442845842285122e-05,2.0448384770142598e-05,5.423401964102888e-05,0.00013306713347429166,0.729601426342656,0.3795805011322122,0.3805578677245762,0.22860597229499965,0.9126069616895602,0.18637306829260494,0.8434605289123108,0.18653579041757712,0.8817587891755154,0.1952432443151962,0.8503526110541633,0.20324192467962204,0.9360641751000456,0.6833227872848511,0.5846807360649109,0.8203927278518677,3.416613817214966,1.0,0.005509583745151758,0.024388238787651062,2.4479949474334717,44.16511154174805,3.439479351043701,0.1985042691230774,0.0007,195.0,35.257802521391255,0.47073781125959696,0.0975053533911705,0.3084199355971897
105940.0,-0.03119310948944379,1.2252628487677573,-10.279677391052246,3.540494441986084,10.279677391052246,4.217263832092286,0.0,0.0003514381647309557,0.009831335122214116,-0.0542067181142207,0.03342109425286302,-0.03119310859802767,1.2252628427630898,-10.279677361211474,3.5404944955716355,5901.2651377955035,424.2453542093927,5214.030396119096,7555.207044923516,0.5150740688245653,0.1811292064540707,0.043884517729321386,0.9305792811023287,7.262709811662466e-05,1.2488962211429915e-05,5.459870592800815e-05,0.00012323936813805512,0.7224780353341115,0.3846896360012049,0.38578216146296174,0.2256148450531887,0.912428129077092,0.1852739752696639,0.8906931636574662,0.2018997192603445,0.9443066143233374,0.2024098063013635,0.8918380137204225,0.18480165411543936,0.7999744942413978,0.6728777885437012,0.5557804703712463,0.8695622682571411,3.364388942718506,1.0,0.006162083707749844,0.039000265300273895,-1.1995559930801392,15.099762916564941,3.4932663440704346,0.3061521053314209,0.0007,196.0,35.25523863816509,0.48408032257597694,0.05704261735081673,0.2692110655737705
106480.0,-0.020088015530361897,1.0502006889183837,-9.262324333190918,4.250960826873779,9.262324333190918,3.8527594923973156,0.0,0.00040843382926690285,0.010482111183057249,-0.06050254340925077,0.05601679109540602,-0.020088015366529217,1.0502006879383743,-9.262324384183529,4.250960893417143,7956.12814880627,615.512674049737,6576.894945892919,9575.182962708443,0.512441878080948,0.1802546999425477,0.09972302864571797,0.9248329906990967,0.00011199452617090621,1.6920506423727356e-05,7.461088530259438e-05,0.0001426330078916841,0.7186462446983316,0.3861703037706469,0.39190918049424756,0.2496193485852698,0.9113912174973837,0.18428306615554804,0.9045666324046442,0.2000142996897504,0.8495236536616457,0.17885490605699542,0.8392989289551654,0.18722837951243632,0.9018354625586129,0.6647812128067017,0.536749541759491,0.8656452298164368,3.3239059448242188,1.0,0.006995351053774357,0.05438888072967529,0.5341194868087769,24.432483673095703,3.5515260696411133,0.15328913927078247,0.0007,197.0,35.25044911098857,0.46789436937594114,0.05163482576608658,0.2704857045277127
107020.0,0.0007214552099429527,0.9584230772723413,-5.464132308959961,4.767861366271973,5.464132308959961,3.8558068060874953,0.0,-0.00011007010369268787,0.011097095263381828,-0.0731342370504774,0.05801284575379649,0.0007214573579176135,0.9584230778213053,-5.464132187611715,4.767861515090764,7367.1467369335,489.41352236950155,6591.649904496283,8495.951741191973,0.5285787792932014,0.17848604931786477,0.08741777866911289,0.9216658970618139,0.0001341430381302786,2.9747623837092557e-05,8.637572396865957e-05,0.0001974963718347827,0.718748501866499,0.3916494216314883,0.3916309664791448,0.234362792080426,0.9229973598972925,0.2012261038438968,0.8704993011222781,0.19606972819248175,0.8657990834511368,0.1789502933385469,0.8605094487422633,0.18939108254464848,0.8608224866726062,0.6763138175010681,0.5384711027145386,0.8794171810150146,3.3815689086914062,1.0,0.009614359587430954,0.03741975128650665,-4.318724632263184,13.561803817749023,3.4912495613098145,0.07060766220092773,0.0007,198.0,35.2495947586674,0.4470913496064627,0.04083086922764778,0.30299814597970337
107560.0,-0.028399087321897106,0.974896204764476,-8.564322471618652,3.7130954265594482,8.564322471618652,3.2689923763275166,0.0,-0.00043432006650138597,0.008434502240820204,-0.09155158484208038,0.030228421559235646,-0.02839908561437904,0.9748961961166159,-8.564322018495282,3.713095528367687,6665.9364147100305,465.04891905971294,5478.856642187477,7562.316102653826,0.5032834487153026,0.18015184591096098,0.06928884166086154,0.9169182971469366,6.911399558355489e-05,1.6009967380277885e-05,4.6657345916890446e-05,0.00010132715474353458,0.7317906665398406,0.378651112425165,0.38092651780584097,0.2104200056879633,0.8472241418212001,0.19147837462264347,0.8533636731399077,0.2193817562843438,0.8436186840035504,0.1956347636321284,0.8530956345675382,0.18308509977292103,0.8829612234565752,0.6904570460319519,0.5659812688827515,0.8565652966499329,3.4522852897644043,1.0,0.00862308032810688,0.023463886231184006,11.936295509338379,29.31591033935547,3.426429033279419,0.26844537258148193,0.0007,199.0,35.247932144567386,0.4836822168204237,0.05314619094133377,0.3100117096018735
108100.0,0.038892027533384624,0.947488973061011,-7.433563232421875,10.829561233520508,10.829561233520508,3.070309612751008,0.0,0.0003389936699384998,0.008151086588629624,-0.05821176010084933,0.09512354209371233,0.03889202691188026,0.947488979206238,-7.433563380771017,10.829561382545501,6150.045993571425,336.337952144716,5407.706669241312,6726.880891786336,0.5071223673539166,0.18007944831511152,0.06835568766929334,0.8930188649682819,7.69226655511958e-05,2.0268897926314798e-05,4.4940900304269016e-05,0.00011975618416399496,0.7323744874775573,0.3783615311530729,0.378300946143006,0.22584419023710472,0.8500980574502743,0.1880378967886227,0.8509320324107871,0.19901288719707064,0.8686005222363247,0.1907686597800968,0.8268297106731662,0.19633636599710508,0.8687280268194354,0.6882113218307495,0.580621600151062,0.8368933796882629,3.441056728363037,1.0,0.006721152924001217,0.021790748462080956,-4.0428996086120605,14.1032133102417,3.4278736114501953,0.3422545790672302,0.0007,200.0,35.25277455428477,0.46876907283560115,0.05063379555940628,0.31023126463700235
108640.0,-0.016803296032621463,0.9654849692027688,-8.032442092895508,6.054985046386719,8.032442092895508,3.3981421947479262,0.0,-0.00038082643495628373,0.007739750659949449,-0.06786941609362775,0.039498066433166994,-0.01680329637526892,0.9654849723683174,-8.032442405603971,6.054984981671196,5587.829668001553,421.92231407489606,4730.0389018949545,6565.284932633613,0.5171886211445315,0.18728920430450907,0.07803860340684549,0.9376015206457521,6.348036396485505e-05,1.0082058127226017e-05,4.2537488091547956e-05,8.511609824105756e-05,0.7198900884227607,0.3879704462206988,0.3892634197660322,0.19844260686286114,0.8933392044373292,0.21263351864855953,0.9561340168298501,0.19201594366291075,0.8498678779698875,0.19156936874435107,0.8040161181484393,0.20533856208131748,0.9503450196746954,0.7042022943496704,0.6039535999298096,0.8458658456802368,3.5210113525390625,1.0,0.006122936960309744,0.015444746240973473,12.05582046508789,34.95203399658203,3.384053945541382,0.07955163717269897,0.0007,201.0,35.24844764568255,0.46662693474537464,0.04922570288181305,0.33757196526151445
109180.0,0.06704121579769654,1.0145496079866336,-7.1181960105896,3.9370312690734863,7.1181960105896,3.3891533064842227,0.0,0.0011806794213744913,0.007763309047781123,-0.04217644877596029,0.035488050848615,0.06704121583741639,1.01454961026201,-7.118196046500969,3.9370312130866214,7089.7941279726365,1223.7732876955124,5195.319558513094,9762.261090856,0.5167267832585819,0.1757878696040486,0.05760568411907897,0.9488087411321688,5.9483611098829146e-05,7.41391211261356e-06,4.685809043890299e-05,7.649671738645095e-05,0.7211597066513769,0.3873897906662639,0.38684112875897353,0.2260559281274349,0.926743574326225,0.19300693294047064,0.8955714936144666,0.21111389498883074,0.9692654317730378,0.19446088050402796,0.8703929546085064,0.17536236343923572,0.903180427969083,0.6786295771598816,0.5628308057785034,0.8523955345153809,3.3931479454040527,1.0,0.007768289651721716,0.031421732157468796,-14.776640892028809,33.345794677734375,3.467241048812866,0.37928271293640137,0.0007,202.0,35.2494220310837,0.4881590826928542,0.06574385613203049,0.3204161787665886
109720.0,-0.0505679546722806,1.5579089487161093,-7.647937297821045,23.986034393310547,23.986034393310547,3.6055477213859564,0.0,-0.0003436944783542261,0.017862814351963116,-0.11825295054699218,0.1917567570413169,-0.05056795274420733,1.5579089644215507,-7.6479371650641825,23.98603513316377,8394.145287869746,1113.4594575344,5259.77266314339,10266.864756091822,0.49671170944164467,0.17769823288729203,0.04475931192465519,0.8954582927059558,0.00020345957786628043,0.00017095894918531365,5.636477141923654e-05,0.00047892223977325876,0.7280656622158873,0.3823102020612919,0.3834623523612116,0.22523017596951392,0.8788217304757716,0.18854682305895748,0.8849065707627889,0.19769465720989352,0.8818474737911687,0.19166710160968406,0.8744794838354857,0.19686124215195108,0.8313909943114881,0.6955889463424683,0.5589204430580139,0.8734086751937866,3.477944850921631,1.0,0.01013864018023014,0.02262253686785698,13.227507591247559,57.60219955444336,3.4150390625,0.3966939449310303,0.0007,203.0,35.24808841362528,0.48454513598542315,0.056778863072395325,0.22053693403590943
110260.0,-0.008594449902604403,0.8591103651779205,-10.43100357055664,2.890092372894287,10.43100357055664,2.540895428657533,0.0,0.0002677380215266377,0.010104682464676927,-0.09099096436369208,0.03821934256438047,-0.00859444927991745,0.8591103544758859,-10.431003212291717,2.890092257428485,8561.924904698886,612.210479213544,7108.0944722691875,9882.069882940415,0.5011198467701489,0.17868079321877986,0.06383145237600674,0.9720943012648229,0.0001867619455244021,7.399462637663244e-05,0.00010097338031365737,0.0003699349404728106,0.7269661081141887,0.380993618554957,0.38194278373503016,0.2061566295858711,0.9150156579007096,0.19691087014581998,0.8762709292342504,0.2064242407039954,0.8389604357300837,0.19694867763782853,0.9464684343573081,0.19355958192648498,0.8757405702779492,0.6900626420974731,0.5693135261535645,0.8326507210731506,3.450312852859497,1.0,0.00698146503418684,0.01977255567908287,8.014642715454102,15.315058708190918,3.4198997020721436,0.3190011978149414,0.0007,204.0,35.2461719168659,0.48664851907547807,0.06370070576667786,0.28382367291178767
110800.0,0.0022887786242386534,0.7959886258355209,-10.459294319152832,2.86185622215271,10.459294319152832,2.5646344256401066,0.0,0.00022863425144887276,0.0065103646590629624,-0.07059762133628644,0.02684156508035772,0.00228877792122584,0.7959886154267308,-10.459293994040145,2.861856211754403,9324.117282056211,358.69196888606683,8296.820423000598,10090.785896564228,0.5203607690299115,0.18060601959380934,0.04967574323370505,0.9400892648242334,7.979237405796822e-05,2.636777777741582e-05,4.008876395873117e-05,0.00014086994288656568,0.7134029099860981,0.39434159618231845,0.3942179275592604,0.2265075221056821,0.9088524825467933,0.19265593243030912,0.8789671544865331,0.18076838989030464,0.8554399488568359,0.1928322158756123,0.9094295070822122,0.20723593969809187,0.8540970571736257,0.6891326308250427,0.597266435623169,0.816473662853241,3.4456632137298584,1.0,0.0054416595958173275,0.01843607798218727,5.68217658996582,8.383058547973633,3.4181206226348877,0.3450397253036499,0.0007,205.0,35.2447966669802,0.4844746574298178,0.0604851208627224,0.33904176424668225
111340.0,0.03283926562990355,1.177413508160071,-13.682173728942871,8.0847806930542,13.682173728942871,4.213521251678478,0.0,0.000678265645169345,0.007106559719704645,-0.06268538691931003,0.06289945736137441,0.03283926489535718,1.1774135190232475,-13.682173957162473,8.084780892327325,10790.890240538662,1310.7428837563791,9027.702919179717,13523.474941619643,0.5146270551962357,0.18073777263739194,0.08774854663244284,0.9657192316963968,4.19175806587995e-05,1.6303784036568815e-05,2.559202811201494e-05,7.795563884169883e-05,0.7249819639785142,0.3841771417657352,0.38406824158983416,0.21475690107492587,0.9103602275244024,0.19777412529324007,0.8995730159396225,0.20348659925357881,0.8291753014574701,0.18484684898778075,0.9085966568659182,0.19913552539047452,0.9319714450321334,0.6814191937446594,0.5563516020774841,0.8663296699523926,3.4070959091186523,1.0,0.006562602706253529,0.02705029398202896,-8.51641845703125,21.511144638061523,3.4510223865509033,0.21543800830841064,0.0007,206.0,35.24540750122,0.48553707588584155,0.0592251680791378,0.31087163348946134
111880.0,-0.04951678424522807,1.1392448788448672,-10.323583602905273,10.33876895904541,10.33876895904541,3.3311708116531404,0.0,-6.59988602018441e-05,0.009778640060302157,-0.08028641942959369,0.09067712312468118,-0.049516784457676245,1.1392448837502442,-10.323583877280857,10.338769069661934,13644.799423056427,609.4704616264474,11831.74758063195,15194.40221156155,0.510082651772483,0.167362723159431,0.07940691036947117,0.9209826254502973,8.62192391174655e-05,3.0067145860476816e-05,5.353816138710134e-05,0.00014722447376104295,0.7305791775039299,0.3808087423526675,0.37940829961642436,0.21591374396818258,0.8958492316050086,0.1938287958724021,0.8237496491707914,0.1951870852439059,0.9058435822380676,0.1821592933226463,0.9021720503933465,0.21291108159286312,0.8297016418676672,0.6889273524284363,0.5773429870605469,0.8333028554916382,3.444636821746826,1.0,0.007312600966542959,0.02123793214559555,15.74837589263916,34.81399917602539,3.4234964847564697,0.4448533058166504,0.0007,207.0,35.24453160425977,0.4834134887395784,0.05811700597405434,0.3286007025761124
112420.0,0.034706323292899736,0.9741871594219151,-5.100359916687012,4.409114360809326,5.100359916687012,3.3405489134788517,0.0,0.0006095748086266773,0.007320512871611608,-0.03644880711494851,0.03880436737687087,0.03470632434685777,0.974187160344517,-5.100359843838464,4.409114349522766,14959.07012428269,1163.789217011099,12779.325076488554,17714.867932626,0.5030130503496233,0.172387517529655,0.08178094863762261,0.9194493130326596,6.025029181592185e-05,1.2281505099164637e-05,4.540678068184897e-05,9.049675565598494e-05,0.7268427077925818,0.38170129436980965,0.3836467471639115,0.22265495746605646,0.9535814616861285,0.20281896202798702,0.9497285344740558,0.20204845390579468,0.9244679759110409,0.190289710675973,0.808116270737809,0.18218791592418887,0.8622111593987434,0.6819437742233276,0.5732774138450623,0.8504564166069031,3.4097189903259277,1.0,0.005818577948957682,0.02529377117753029,-5.75628137588501,12.264071464538574,3.444204807281494,0.3682800531387329,0.0007,208.0,35.24597461780672,0.48539200005267075,0.056621380150318146,0.3367974238875878
112960.0,0.005604916392972141,1.1098997735633305,-6.178455829620361,3.8942325115203857,6.178455829620361,3.6681253314018263,0.0,0.0008259205433980088,0.01021003524233862,-0.04817301122456734,0.04130328339063141,0.0056049154854520885,1.1098997671154958,-6.178455604138745,3.894232448812877,21216.33152936369,2515.5562770208853,17052.982053209602,27473.37779480991,0.49574286790956695,0.1785962165231149,0.08257243876026163,0.9543093870437116,9.209101741462531e-05,1.726679661518918e-05,6.423246917612494e-05,0.0001255408187342829,0.7309671001221852,0.3788937077423948,0.3808981725128894,0.2328194918603505,0.8826239742680767,0.18624166985816235,0.8272280921530752,0.19718749057874632,0.8905492016491031,0.19727671170844016,0.8696467669150278,0.1864746359943007,0.8886320830977805,0.6725624799728394,0.5435695648193359,0.8701303601264954,3.3628125190734863,1.0,0.008279139176011086,0.038167573511600494,-3.3781213760375977,21.113954544067383,3.495668411254883,0.3642139434814453,0.0007,209.0,35.24841904571162,0.47745167138885114,0.0545174703001976,0.280731606167057
113500.0,-0.006579107365973026,1.2179572622937447,-12.337265014648438,3.4748458862304688,12.337265014648438,3.8293916320800863,0.0,0.0011477808878264909,0.015153304233331558,-0.10918211697698975,0.05184760930587587,-0.006579110006238106,1.2179572670426084,-12.337265101804144,3.4748458091844947,36229.72956794019,4991.763369367541,24796.791347077564,46131.590103607996,0.5132922928556881,0.18188159827971956,0.10589837234451493,0.9608090367689879,0.0001992113966041797,6.79804636321542e-05,9.508116822894673e-05,0.0003023649086447861,0.7112862815570307,0.39162251346224547,0.3937374684521384,0.2699478576727569,0.9206408992949981,0.18133163629466903,0.9231223678943321,0.2065405693141065,0.8880630314944543,0.15609025742712854,0.864556887672768,0.18608967929133904,0.8956130290524971,0.6581748723983765,0.5131542682647705,0.9046681523323059,3.2908742427825928,1.0,0.007772847078740597,0.057830631732940674,-4.4440765380859375,33.3063850402832,3.5897216796875,0.15600359439849854,0.0007,210.0,35.24626444833835,0.4333904889982785,0.041695937514305115,0.22856898907103826
114040.0,-0.023028974195174804,0.9793602875426515,-4.920334815979004,3.4009625911712646,4.920334815979004,3.2117452979087844,0.0,0.000730929846812248,0.013962968027194676,-0.058412561741162904,0.06048495514039058,-0.023028973880535694,0.9793602843370023,-4.920334666115905,3.4009625688249856,61165.1301774023,6574.0690809272455,43399.0169412073,73141.52779660032,0.5272125253601625,0.18206434021366266,0.06579030565772581,0.9579291337205429,0.00020678545496071024,3.7215598053398845e-05,0.0001523999201343578,0.00027537873547118076,0.7045427838416852,0.3982305742564403,0.398444714945685,0.2593935932765263,0.9323480926115009,0.17867607660430912,0.9522596136871344,0.1917625589009631,0.9810007185138798,0.1665991261952052,0.9339143833890844,0.2035686450229962,0.8600458531487515,0.6446129679679871,0.46617844700813293,0.9227200150489807,3.22306489944458,1.0,0.008521748706698418,0.06913703680038452,-0.7978712320327759,32.663238525390625,3.6903209686279297,0.16001206636428833,0.0007,211.0,35.24599261379534,0.4561146993059828,0.07945819199085236,0.1911348555815769
114580.0,0.02105820353134294,1.063790910944886,-7.567838668823242,3.663759708404541,7.567838668823242,3.3653691601753266,0.0,0.0011059606310902192,0.012865846478666426,-0.0644940178012124,0.06135219196644405,0.021058202519138387,1.063790912324743,-7.567838639828065,3.6637598198216237,83635.19347459225,15110.856085627547,59277.97197738433,115304.49297028233,0.5123292476770068,0.18049114889860682,0.11252161501781292,0.9384780713572716,0.00015191665191797727,3.95634071171028e-05,0.00010150379022837152,0.00022740049485516504,0.6990310390947329,0.40122164435578944,0.40493579842974875,0.2754355927377894,0.9166045470609796,0.1493850259119575,0.7906364312950023,0.18533873767439557,0.8857849134090535,0.18728554006455156,0.894635754470615,0.20255510361130605,0.8922333903107572,0.6346983909606934,0.44392624497413635,0.9282037019729614,3.1734917163848877,1.0,0.008555023930966854,0.08009763807058334,-21.474613189697266,65.0746841430664,3.793081760406494,0.1516994833946228,0.0007,212.0,35.24713361822499,0.2761030214019144,0.043122731149196625,0.18529225214676034
115120.0,-0.06188944926123238,1.0691118564603426,-7.79233980178833,3.9239041805267334,7.79233980178833,3.1652726912498537,0.0,-0.001048470170577634,0.018581749216490966,-0.12612077652024428,0.06199282584547686,-0.06188944865115932,1.0691118576955836,-7.7923399515462615,3.923904187378704,81490.22949042417,15709.008682402917,57402.00718007668,118295.59788833992,0.5165680199140666,0.1739400144873842,0.04467425051515894,0.9551496571761159,0.00032451652681299027,0.00010272771250973929,0.00016867091180540413,0.0005113356516105607,0.7141976634774483,0.38937202845395624,0.393676151223707,0.25894547142062735,0.9069232143449227,0.16012782006974308,0.8665430159588516,0.2090412657569827,0.8607827974953679,0.1715147750481166,0.9239248278270431,0.20037066770453024,0.946942239011059,0.6550687551498413,0.42938491702079773,0.9300556182861328,3.275343894958496,1.0,0.013524678535759449,0.05564126372337341,3.4038403034210205,19.651714324951172,3.6391496658325195,0.43812352418899536,0.0007,213.0,35.248773728177305,0.35703017075165117,0.12433404475450516,0.07511831576893052
115660.0,0.04346241466938173,0.8381890110398535,-3.367481231689453,3.879999876022339,3.879999876022339,3.0923167824745192,0.0,0.0004092766280296058,0.01145536213558295,-0.06509149788952302,0.05478538888284386,0.043462414381417985,0.8381890110221365,-3.367481174666722,3.8799997586049395,61760.911462036864,3924.7679596846865,51857.495982759014,72168.83330005276,0.5166298765421897,0.18229486019405208,0.06511142174234069,0.9690807224755749,0.00018317127508371819,6.128243538194083e-05,0.0001074459993301384,0.0002968918998630102,0.70490192337126,0.3980145648397341,0.4019806402919349,0.2581446384669012,0.8860376999021142,0.16185611569839992,0.8538206563373423,0.1963722454930153,0.9700016090273378,0.1865021655095416,0.8348162043324531,0.19712483483214197,0.8898208273509566,0.6515006422996521,0.45978084206581116,0.9134817123413086,3.2575035095214844,1.0,0.011460164561867714,0.05678723752498627,-16.35077667236328,29.36784553527832,3.6427488327026367,0.44008392095565796,0.0007,214.0,35.25248611270582,0.4170875271347117,0.05329032987356186,0.20242364363778298
116200.0,-0.027376072095810538,1.0722440525750876,-11.58755111694336,4.583841800689697,11.58755111694336,2.936752438545228,0.0,0.00025045013274004193,0.009816439724310514,-0.0765710346129705,0.04479140831049989,-0.02737607149390233,1.0722440483756361,-11.587551061314885,4.583841616688642,81928.26493121576,4648.924849262417,67969.00702722726,95287.60501760757,0.5071885026204167,0.18749320609513206,0.04565157219726412,0.9280434190706309,9.738685023230288e-05,1.4499582635902738e-05,6.980538303194611e-05,0.0001361852756357838,0.7002133825683681,0.4001136132943323,0.40283942386319177,0.25235067512313497,0.982116572883854,0.17469103884944154,0.8168366285140793,0.18841446106148013,0.9300299780573891,0.16420809532209413,0.8158859625754616,0.2203357296438492,0.9286792023144322,0.6305447816848755,0.4350156784057617,0.9317919015884399,3.152723789215088,1.0,0.008610566146671772,0.07980284094810486,1.4353209733963013,20.928062438964844,3.813920497894287,0.06852024793624878,0.0007,215.0,35.252018257664425,0.489759743215447,0.1426931619644165,0.20719896565183452
116740.0,0.02853200633566033,0.913039843854235,-5.949036598205566,6.1388959884643555,6.1388959884643555,3.323129286766053,0.0,0.0004681220659032263,0.009004208661392078,-0.07245901023951927,0.06496236141900814,0.028532006818113718,0.9130398449160061,-5.949036811637512,6.138895957109534,82902.8751990168,10563.15040110334,64299.81332953226,99276.17003448484,0.5182831978733619,0.18252594177054543,0.09024032078256758,0.939291345250109,9.595313703773102e-05,2.1427728928539853e-05,6.112672671891891e-05,0.00013384708323637372,0.7108870928570371,0.39183180455724853,0.3931400657900796,0.2578023977077036,0.9243401263160441,0.16257383225572886,0.9405556777036834,0.20356428749218955,0.9279429994928887,0.16426004694456217,0.9205875081468754,0.21179943559981584,0.9319856377030953,0.6416562795639038,0.45429036021232605,0.9048267602920532,3.2082815170288086,1.0,0.007623090408742428,0.07258762419223785,-24.7763671875,69.36465454101562,3.7262184619903564,0.20908164978027344,0.0007,216.0,35.25250825503389,0.34735476711602115,0.040425628423690796,0.22596482240437157
117280.0,-0.03558560037377497,1.1112868646721799,-7.937828540802002,4.81821346282959,7.937828540802002,3.9259652662277245,0.0,-0.00036458783757277517,0.009899617247358996,-0.05646058154296199,0.04429489420612952,-0.03558560101137898,1.1112868702778043,-7.937828630566317,4.81821353457696,88793.91370413006,8977.347289963125,75441.13780944166,110213.95178924591,0.5143800600497589,0.18301888203539107,0.049268651765243865,0.9509456353693508,8.525095970238882e-05,1.6412473958380472e-05,5.5521377225342725e-05,0.00011354194917242115,0.7056742487780377,0.39494183498193053,0.40036364417191783,0.25588387395178475,0.9122148802263279,0.14618198875725805,0.8412133839793863,0.2080652285407122,0.8720114308261393,0.17038774909656415,0.9123718422914583,0.21948115965368084,0.9386894569046029,0.6429875493049622,0.44000422954559326,0.9063067436218262,3.214937686920166,1.0,0.00833624042570591,0.07618674635887146,-0.7337769269943237,23.775501251220703,3.7403523921966553,0.24535566568374634,0.0007,217.0,35.25521234333986,0.4589609464783355,0.07103325426578522,0.1874512099921936
117820.0,0.0012390630358519654,1.0153219908979587,-3.9822909832000732,4.965898036956787,4.965898036956787,3.682365472316743,0.0,-0.0003420598377116843,0.00928777617121786,-0.04789205701547545,0.03880103191166599,0.0012390647809300919,1.01532198777522,-3.982290866411687,4.965897901946385,72548.15721404151,8621.80991439664,54562.18371442582,86366.69305829555,0.5172519626626133,0.18492312971896968,0.06443239191199698,0.9637701266808627,8.243641593556883e-05,2.0144657988864812e-05,5.917993730037241e-05,0.00012679217482769117,0.7036859900825532,0.40032397846645257,0.3990420977573634,0.23171841652771,0.9418925458205755,0.1922113216776383,0.8382131011556855,0.21429559960505426,0.9274835080153117,0.1790427142135106,0.8950887419333743,0.18273194797608677,0.9775197820887668,0.6621489524841309,0.47850707173347473,0.8738620281219482,3.3107447624206543,1.0,0.011648730374872684,0.05509147047996521,-1.842235803604126,14.625397682189941,3.5858733654022217,0.5186101198196411,0.0007,218.0,35.26458484153397,0.4065173711467829,0.06073286011815071,0.17802254098360656
118360.0,0.009152121604913393,0.9406495633385137,-5.321099758148193,5.589672088623047,5.589672088623047,3.2984244894981405,0.0,-9.757898843591579e-05,0.009493302374863635,-0.0625835066777055,0.05164744176526439,0.009152122553231758,0.9406495661212089,-5.321099749451697,5.589672120098755,61165.013283728185,4929.449083653372,53228.74822257143,72589.55904980664,0.5235769418470069,0.1842445776769379,0.08253066451569943,0.9399754855764194,0.00010208628389697982,1.1087781440643058e-05,7.578371062435612e-05,0.00012281811664708494,0.7075448180890004,0.3963244356061764,0.40000711058565763,0.23412394381618729,0.9346054109315816,0.17602413751382606,0.8582565182413046,0.19563239006324495,0.8794125351287891,0.1741273730327535,0.8616335855639036,0.22009215557398826,0.859556500346094,0.6643893122673035,0.474843829870224,0.8649575710296631,3.321946620941162,1.0,0.012501155026257038,0.046116799116134644,-0.8789161443710327,12.649198532104492,3.5609025955200195,0.38628828525543213,0.0007,219.0,35.26938466242017,0.4862053258146757,0.1210814043879509,0.22939232045277128
118900.0,-0.007783318279904995,0.9059154269729335,-3.7235798835754395,3.4999325275421143,3.7235798835754395,3.0638387060165413,0.0,-4.19060652131409e-05,0.0064036377537915155,-0.026024658032706174,0.028401880475532597,-0.007783318697042976,0.9059154228242277,-3.723579779203202,3.499932619176113,60189.96289876379,3158.495125481238,54437.53942501607,66570.07547167399,0.509669031603318,0.18275956316240674,0.10190137359239475,0.9435343308557725,5.2178479589021925e-05,9.048481643373582e-06,4.1660070643653515e-05,7.542074494465737e-05,0.7188932769616351,0.3853443524367369,0.38781733301538573,0.2385254703008667,0.9764352848184927,0.18320758256273229,0.8709232318585113,0.19569101285354454,0.8461582798583153,0.1651165720740345,0.9225638143634777,0.217459362208822,0.9077110203348381,0.6586664915084839,0.4965376555919647,0.8327571153640747,3.293332576751709,1.0,0.00711521040648222,0.05137151479721069,0.47980380058288574,14.1253080368042,3.5695526599884033,0.19650107622146606,0.0007,220.0,35.27123642157164,0.48456477507351553,0.07554058730602264,0.250701356362217
119440.0,-0.014572005171147692,1.3102006388325766,-5.5540056228637695,9.01164722442627,9.01164722442627,4.67861061573029,0.0,-0.0010192529087570724,0.013860586980475226,-0.07670433251529232,0.07483323882010724,-0.014572005468851719,1.3102006423612556,-5.554005788522464,9.011647538795119,42191.32327869729,6158.981411359894,27360.960872576354,57405.0275350663,0.5000981477986945,0.1802540989800204,0.03467250747425774,0.9362457746180717,0.0001214495621189183,4.5065829328046025e-05,4.310715813041791e-05,0.0002421620949799398,0.7315745990663964,0.3793815227717695,0.37613234868115775,0.19161585048423302,0.8959425695576229,0.2174771533373076,0.9043923571136697,0.1792438186543471,0.9691626397966694,0.20755173404147714,0.8924551737086559,0.2041114434826351,0.9175965833004032,0.7055972218513489,0.5467007160186768,0.9120503664016724,3.5279860496520996,1.0,0.01203934382647276,0.02620059624314308,6.521505832672119,18.346607208251953,3.4054412841796875,0.4804787039756775,0.0007,221.0,35.266257358236416,0.4752230027098694,0.05528134107589722,0.18060231264637003
119980.0,0.04674187320062494,0.8713614137313931,-3.2344865798950195,4.3401899337768555,4.3401899337768555,3.1038683605194097,0.0,0.0005904879332542363,0.01110571844798995,-0.037949911578256106,0.05096718929495522,0.04674187290539908,0.8713614165987209,-3.2344865380141634,4.3401899244985485,34890.52454038075,3425.8432407657065,28165.821750053852,42313.24579380865,0.5094407535185873,0.18557740439178552,0.0975310269503163,0.9616246805047481,0.00016748124082844977,4.327242596267464e-05,0.00011746790676408624,0.0002530449987300196,0.7294030947759814,0.3813257809863572,0.38123787052726166,0.2131359584778319,0.927916014525521,0.1938073567992799,0.885931458848288,0.19707607187865278,0.9206438993012533,0.20034896815770176,0.9275207090850116,0.19563164468653363,0.9276927025075502,0.6925088763237,0.5572084188461304,0.8501325845718384,3.4625444412231445,1.0,0.010120218619704247,0.024081304669380188,-7.489633083343506,12.980195045471191,3.4246180057525635,0.513748288154602,0.0007,222.0,35.27460221295204,0.4386040892829665,0.06022322550415993,0.23195379586260734
120520.0,-0.02311688108882798,0.9476681930611182,-7.319692134857178,3.974085569381714,7.319692134857178,3.258355941772462,0.0,-0.0001313873844742738,0.008224797095689533,-0.05329526891193973,0.039820813264211684,-0.02311687875434449,0.9476681888016053,-7.319691901742023,3.9740855626051688,39210.768614585286,2381.6700905158928,34911.20848798352,44062.82122097118,0.5179340906350987,0.18064113894300396,0.07196140823298469,0.9436220238861193,8.232435717698473e-05,1.2277785753472744e-05,6.545087426326361e-05,0.00011794311142140665,0.7301911351333752,0.37846995760131363,0.3810798670865183,0.18908236179061155,0.8895533315745714,0.21392392691530582,0.8976689777747313,0.202257634509927,0.9552463039555448,0.1972375801924152,0.8958450841556248,0.19749849659174037,0.8216058035832718,0.6981546878814697,0.5932304263114929,0.831548273563385,3.4907732009887695,1.0,0.008539572358131409,0.01915949210524559,9.569183349609375,27.253339767456055,3.4030630588531494,0.24312341213226318,0.0007,223.0,35.26975022806211,0.456150329502919,0.056463342159986496,0.24062621975019516
121060.0,0.0289304659655129,0.8618984055888378,-3.7632288932800293,6.929775238037109,6.929775238037109,3.0802946901321455,0.0,6.16539936763447e-05,0.006732074173112506,-0.03753490902730115,0.042298145364739935,0.028930466754165943,0.8618984073654797,-3.7632289883545007,6.929775172386936,34717.55480635136,1365.9517820878164,31618.27386761522,38382.500428826475,0.4943920460311614,0.17177416480543395,0.0350252697064247,0.9402151920601081,5.9582906302407464e-05,1.9064270025135778e-05,3.118840318148065e-05,9.21363654671351e-05,0.7370510079900612,0.37614001243106393,0.37451422106784266,0.20786363476963818,0.8755997168991894,0.20852109540040242,0.884317031231847,0.19179685716206418,0.9114719688421097,0.211963779892939,0.9062594707071284,0.17985463277495625,0.9433321202984841,0.7012288570404053,0.5805639624595642,0.8092571496963501,3.5061445236206055,1.0,0.0065650916658341885,0.014755248092114925,-5.6584672927856445,26.870162963867188,3.3904101848602295,-0.026124954223632812,0.0007,224.0,35.2730905330601,0.47509164733801945,0.07214759290218353,0.2732301424668228
121600.0,-0.03113673656264803,1.1189717345151093,-7.762467861175537,10.221208572387695,10.221208572387695,4.414126524925237,0.0,-0.00016199432617185837,0.009215962303314583,-0.06260150956803726,0.0888004682671597,-0.031136735780685675,1.1189717403786397,-7.762467850596961,10.221208781987713,35888.35535643262,2069.7952085773272,32064.430701000143,41581.032929245965,0.506067959175163,0.17206781536745047,0.04721726182023734,0.9708473259824738,7.998318760601808e-05,2.9055953232560247e-05,3.871036118226623e-05,0.00013699502488215956,0.7438307062002396,0.3693304355465137,0.3692527067401014,0.19789474611612384,0.9393816214073107,0.18504861857431543,0.9098046311852893,0.20690077715998392,0.8203862225319044,0.2061972941601121,0.9030789183144775,0.20395856398946471,0.9528578294638848,0.692154586315155,0.5490448474884033,0.863655149936676,3.460773229598999,1.0,0.009482813067734241,0.022706225514411926,11.683162689208984,36.387107849121094,3.4227287769317627,0.1737149953842163,0.0007,225.0,35.268563817121134,0.4582911121456283,0.06059836968779564,0.21275492779078845
122140.0,0.03456296734727436,0.9191306490773393,-4.6621222496032715,7.339354991912842,7.339354991912842,3.65566781520844,0.0,0.0003846749339153629,0.005654429863183369,-0.02892262920453389,0.04474624519632949,0.03456296603995731,0.9191306489823519,-4.6621224227240825,7.339354815044926,36040.23548278173,3922.434664900754,31279.415746178616,43128.18317807191,0.5148208556381711,0.17874207821510094,0.09669773710290919,0.9681794571693423,3.726586680243335e-05,7.33216267876903e-06,2.6486465743974498e-05,5.2942991708973577e-05,0.7210835289698461,0.3872037419330939,0.38749865994192095,0.2258618517385698,0.9098465252001334,0.19303525560926432,0.9766584736312047,0.1792149407714515,0.8985386339863982,0.18918380351534614,0.8831483216161202,0.21270414836536825,0.9556446502383348,0.6784151792526245,0.5595073699951172,0.8312865495681763,3.392076015472412,1.0,0.007138194981962442,0.029796229675412178,-14.514566421508789,50.48921203613281,3.4656028747558594,0.1809048056602478,0.0007,226.0,35.26989211954227,0.46630332930490886,0.07188185304403305,0.2701990632318501
122680.0,-0.025619676760484086,1.158255864421609,-10.057693481445312,5.464975357055664,10.057693481445312,4.251069107055666,0.0,-2.9494118251511985e-05,0.007310170894309298,-0.05891387623880628,0.030404900309617712,-0.02561967667480447,1.1582558681615187,-10.057693646642766,5.46497528880365,40937.72772104427,1810.5165665098418,35528.472797798284,44179.44567655058,0.5033726823399718,0.17800780075454412,0.0746309284855155,0.9199245654944649,4.202501386617131e-05,6.926472527165525e-06,3.14817072904303e-05,7.100043357639831e-05,0.7273502574398051,0.3795806236446641,0.3836316233028035,0.22788618972473837,0.8899429216715891,0.1875054657829963,0.9233887927079326,0.1974024848797341,0.8504671848500955,0.18695550440975667,0.8404098827430037,0.20025035520277454,0.8029728783742102,0.6769072413444519,0.5354793071746826,0.8441425561904907,3.3845362663269043,1.0,0.007405465003103018,0.0334099605679512,7.644386291503906,23.013652801513672,3.4777672290802,0.41887789964675903,0.0007,227.0,35.273226651981055,0.4212758648317153,0.05533682927489281,0.24493193793911008
123220.0,-0.00011350462699300368,1.0325391294207147,-12.83487319946289,4.354770183563232,12.83487319946289,4.058363580703737,0.0,0.00027041579533738295,0.006745369922954522,-0.057184635037445024,0.03875438614061758,-0.00011350657145927563,1.0325391273591498,-12.834873180903696,4.354770021855983,44123.75305009304,1708.0229890189717,39675.92654910321,48155.28864053061,0.5031608901980662,0.1848092293144744,0.08754499039771914,0.9556660203578197,5.274946412529951e-05,1.5951113311310056e-05,3.1229974787778405e-05,7.857083299258314e-05,0.726284116116731,0.38298735696835773,0.38456650407492077,0.24203580930211296,0.8646923065604927,0.18801704554380974,0.9396687939532432,0.19798230339706333,0.9255510080320645,0.1748977981078286,0.9393587225005557,0.19706704364918542,0.9165064029613482,0.6712032556533813,0.5263516902923584,0.8581878542900085,3.356016159057617,1.0,0.006007230840623379,0.03777513653039932,-0.7741389870643616,9.190045356750488,3.500889301300049,0.17620760202407837,0.0007,228.0,35.27337844656625,0.4823369186866983,0.07178683578968048,0.2552083333333333
123760.0,-0.04421267623418114,0.9616852478085305,-10.671515464782715,3.8519859313964844,10.671515464782715,3.29669302940369,0.0,-0.00020641869369214996,0.005061222408628645,-0.047268983570583935,0.020705564118779232,-0.04421267528475982,0.9616852429778572,-10.671515172198628,3.8519859917177244,46148.64153565073,1419.210914442945,40813.440780269215,48143.02657438042,0.5129844811638768,0.18477537123472884,0.08696718610293258,0.9821693705329595,2.9368401166645497e-05,8.626655017234957e-06,1.724518248053678e-05,4.9575937493505995e-05,0.7246239559474671,0.38324059840110924,0.38558419064224936,0.21970305153213032,0.9513194738423031,0.19767580410434524,0.9319237078541956,0.19122553536353668,0.8830080837287335,0.19218854221507864,0.9188086864911444,0.19920706678490915,0.9034932209138807,0.6802932620048523,0.5855095386505127,0.8027384281158447,3.4014663696289062,1.0,0.005380786955356598,0.02721904218196869,12.038362503051758,22.17913055419922,3.451956272125244,0.3589775562286377,0.0007,229.0,35.27298771210069,0.46107163499076714,0.059031061828136444,0.2812926912568306
124300.0,0.022049132138258924,0.9317131630615556,-4.736896514892578,5.377364635467529,5.377364635467529,4.134873833656313,0.0,0.0002216741804159388,0.005893070332006456,-0.03158002235903766,0.039950450427926186,0.02204913195887839,0.9317131644554231,-4.736896467555927,5.377364687849598,45980.55750485917,2958.1633421779234,39523.73993151619,50632.0828433515,0.49656108601256177,0.17958186942557894,0.0836070608172168,0.9584576969061621,3.940728107834732e-05,6.014182531449827e-06,2.688731260849143e-05,5.473432545990834e-05,0.736436741921846,0.37533534257540824,0.37518790423087117,0.22814946005036016,0.8601103897639671,0.1753951206624979,0.9001896719659529,0.20064801369993795,0.8805534749421401,0.20139062053204754,0.9419516877180353,0.1944167850551564,0.8346475879634058,0.6745794415473938,0.5296818017959595,0.8502247929573059,3.372897148132324,1.0,0.005984126590192318,0.034132830798625946,-4.487919807434082,41.5854377746582,3.4811952114105225,0.16050100326538086,0.0007,230.0,35.27714529649642,0.4676266214557664,0.053858011960983276,0.28656201209992194
124840.0,-0.005564435246762716,0.9673597732602308,-6.4422430992126465,12.711685180664062,12.711685180664062,3.7909843015670805,0.0,-0.0002365181288102889,0.004458111567561467,-0.04714908811809036,0.043289094855634355,-0.005564433458425715,0.9673597779572305,-6.442243286060699,12.711685211633208,42916.79138363202,2319.208626770039,39410.41906945506,46580.42803853418,0.5068508723401514,0.1760932847907474,0.052787070575307266,0.9364483197008909,2.242324150556882e-05,4.022158631230021e-06,1.361301184307763e-05,2.9531471290128985e-05,0.7243821709687874,0.3832082765235722,0.3882210428291588,0.2385716378358721,0.9465148490815848,0.18527087405677006,0.8295470142011453,0.1873600942925749,0.9132437690577895,0.18792512526651664,0.8673700706425497,0.2008722685482663,0.9208661467907581,0.688136637210846,0.5946449041366577,0.7949715256690979,3.440683364868164,1.0,0.006440883968025446,0.019711973145604134,3.245616912841797,13.585915565490723,3.4229190349578857,0.4185234308242798,0.0007,231.0,35.28230540058996,0.43981384648777966,0.054968107491731644,0.2805913348946136
125380.0,0.057071734512390795,1.0078616503976723,-5.579403877258301,4.930527687072754,5.579403877258301,3.9437519860267685,0.0,0.0002579525593611248,0.0040029469648323835,-0.018184512606785223,0.021569928559559977,0.05707173581701519,1.0078616474301685,-5.579403837515133,4.930527851300702,41340.504878467065,1093.4549251117635,38645.023025748975,46402.30910398097,0.4899803905785349,0.16999494245530922,0.058065034442865524,0.9536480336584627,1.6058146075496034e-05,3.1056133420231937e-06,1.1482911322770954e-05,2.245475131308698e-05,0.7369844275767394,0.37390454733885503,0.37711872214390574,0.20998769656703703,0.8795384445209062,0.1954047157174568,0.9195650306896608,0.2119282388199918,0.9254149674995498,0.19344728904991004,0.9364713263313835,0.18923205984560434,0.8686074469470094,0.6920474171638489,0.5954900979995728,0.7850882411003113,3.4602367877960205,1.0,0.00481701735407114,0.014060981571674347,-10.172852516174316,37.334815979003906,3.4059462547302246,0.06819957494735718,0.0007,232.0,35.28695733528428,0.47454498412431273,0.06684873253107071,0.3010892369242779
125920.0,-0.0017430889628249806,1.0257206519891482,-4.633456230163574,3.9509406089782715,4.633456230163574,3.5223621416091944,0.0,0.00033635183374150545,0.004917719328342183,-0.018566805339531894,0.024512816112232137,-0.0017430886529293456,1.025720653891975,-4.633456429561801,3.9509405633984547,49093.01686263268,2234.447060754407,44718.81841522023,55113.07091382059,0.5052275907396129,0.17469156459456872,0.025304509899371462,0.9258221575533617,2.3432979561772383e-05,2.50388181585605e-06,1.975565867698373e-05,2.960402535943043e-05,0.7224059972971167,0.3871179267696723,0.38463499123318906,0.21997745513754252,0.881184535267208,0.20426607985551792,0.8943442573696837,0.19800777948679066,0.9023329350353374,0.1833824146599648,0.9633319570791321,0.1943662708601841,0.832388317482418,0.6872315406799316,0.6018284559249878,0.7895168662071228,3.436157703399658,1.0,0.005571605637669563,0.017723701894283295,0.7525289058685303,28.95880699157715,3.4202680587768555,0.056177616119384766,0.0007,233.0,35.284889457008646,0.49079597371197176,0.055838748812675476,0.2959662861046058
126460.0,-0.03578241241285233,1.1416239699437711,-7.358399868011475,9.303921699523926,9.303921699523926,3.4673073458671593,0.0,0.00015087211305717024,0.0064818124034133,-0.040031900914116354,0.055001973072151454,-0.03578241119632531,1.141623966382545,-7.358399745269388,9.303921632456637,57082.45545451226,2777.157927691641,52003.18363508122,61891.6681893585,0.5071783821110147,0.1789141619745791,0.065053133166834,0.9088439527878953,3.612728740657208e-05,7.811489656457076e-06,2.146385545384502e-05,4.669043929382763e-05,0.733554495874578,0.3769148206743603,0.3796496842803934,0.20274113909704988,0.8240121750740654,0.1778182966506469,0.9117146238391326,0.2099096062998222,0.8700190363746755,0.20326294479162188,0.901294557812564,0.20626801316085916,0.8684629034059074,0.6867045164108276,0.5602898001670837,0.8113646507263184,3.4335227012634277,1.0,0.0067829168401658535,0.0212513729929924,7.2240424156188965,15.28789234161377,3.4270856380462646,0.37682998180389404,0.0007,234.0,35.28511767515215,0.4848002706782175,0.061096712946891785,0.2786824258391881
127000.0,0.014694850138793871,1.3773514655670176,-21.714433670043945,4.705682277679443,21.714433670043945,4.089567871093751,0.0,0.000576762908450042,0.006646582712565938,-0.07211964594156119,0.045534814633341344,0.014694850188632902,1.377351445990904,-21.714432949567563,4.705682261190955,65797.98487935973,6552.233217700805,57531.21011753079,80742.12229682044,0.5149448893131728,0.1830178517541092,0.06015187528045651,0.940591076858884,3.2161819665704735e-05,9.965935241755593e-06,2.3802848840325368e-05,7.319469092986496e-05,0.7229009502670033,0.3857165507717595,0.38584249845360896,0.20484103763071748,0.9463333593960224,0.20471483164312157,0.9513152432192841,0.19922202687319734,0.9483454739712528,0.17909845123010676,0.9114811951162921,0.21212365262285685,0.8653539427903774,0.6794028878211975,0.5206803679466248,0.8200835585594177,3.3970143795013428,1.0,0.008368391543626785,0.027924172580242157,-3.920870304107666,26.44327163696289,3.457092761993408,0.3534201383590698,0.0007,235.0,35.28749610650873,0.4822875488249158,0.05950266495347023,0.24464529664324747
127540.0,-0.03783590378632114,1.0248642548650824,-5.784749507904053,3.567749261856079,5.784749507904053,3.8964672660827686,0.0,-6.848866850750895e-05,0.008723204832122987,-0.039357260910247056,0.034365192576754106,-0.03783590231410429,1.0248642497365945,-5.784749316977527,3.5677493416717723,80152.94944041684,4830.591584310133,69385.62096996109,89891.77700495331,0.5100012485206509,0.17514466879666854,0.08706287051811391,0.921556295588482,7.580836009042647e-05,8.219011886782554e-06,5.790919038977285e-05,9.54174091366754e-05,0.7229238034422906,0.3845725630062491,0.386147838382748,0.24085006734534198,0.9368869836793651,0.1722412941146703,0.9232530116724325,0.2165092994180107,0.9140719319919666,0.17241994975488323,0.7797361643182846,0.1979793893670938,0.9160132756221909,0.6670939326286316,0.5068147778511047,0.8327051401138306,3.3354694843292236,1.0,0.007485850248485804,0.05237358435988426,4.346009731292725,16.59332847595215,3.5475552082061768,0.4181920289993286,0.0007,236.0,35.28817418957393,0.45814506381455977,0.10937076807022095,0.22301912568306012
128080.0,0.003608032734633458,0.7729810175082946,-5.309980392456055,3.9713804721832275,5.309980392456055,2.6411067652702336,0.0,-5.675615550356172e-06,0.004995239827630811,-0.028169311527942106,0.028373170378860217,0.0036080323665091045,0.7729810153262522,-5.309980186921236,3.9713804884285437,74967.83606060623,1497.203317081157,71649.40976082435,78153.40026356284,0.519778794719973,0.17495450681001634,0.10034625526090186,0.9491507471311993,4.264505251350745e-05,1.338044264969387e-05,2.296627380671159e-05,7.088287319796663e-05,0.7182247034912657,0.38989139708232873,0.39002665008846066,0.21926690289467046,0.908715642490124,0.172172793088025,0.8686014431482151,0.20528644089502573,0.8722421173541508,0.18307375569151826,0.9528853060601791,0.22020010743076054,0.9552914816032334,0.671329140663147,0.4995221793651581,0.8312534093856812,3.3566455841064453,1.0,0.007920635864138603,0.046915315091609955,-7.551942825317383,8.129551887512207,3.520167350769043,0.37440598011016846,0.0007,237.0,35.286284548570634,0.47729133121129047,0.06689201295375824,0.20890661592505855
128620.0,0.008746389648877084,1.0199757156982039,-5.501264572143555,6.078703880310059,6.078703880310059,3.8487894511222858,0.0,-0.00021989186825249486,0.0060920024196527344,-0.05345314877223238,0.03175484449328935,0.00874638989257309,1.0199757117340469,-5.501264408021721,6.078703849028032,64092.90460665535,4190.974586818883,54278.675503032944,74694.02487228512,0.5015201513547254,0.18039293543924242,0.07674631281474267,0.9115047247258046,3.150451205126202e-05,9.050771111276752e-06,2.0866699734228815e-05,5.037843800737753e-05,0.7304093688502753,0.3775607631691518,0.3818051265904541,0.2000839501097707,0.952555796711892,0.20511848798210186,0.8273770265932378,0.19481393730383686,0.8918709522370373,0.19394132225817795,0.8833232567257042,0.20604230234611262,0.8923925092276067,0.6887879371643066,0.5223104953765869,0.8952799439430237,3.443939685821533,1.0,0.010636008344590664,0.029926614835858345,-9.813270568847656,31.972293853759766,3.4381189346313477,0.38107168674468994,0.0007,238.0,35.287840035248195,0.4946826624914835,0.06376470625400543,0.19303156713505074
129160.0,-0.02523562873188725,0.9397407317066219,-4.5020036697387695,6.839450359344482,6.839450359344482,3.4862677145004275,0.0,-0.0004104722569195026,0.00836778945327242,-0.10621735125740749,0.050526763750942144,-0.025235628540121124,0.9397407336038766,-4.502003906574881,6.839450316781838,55918.28910851295,4309.736161252643,47682.36316708516,66018.11975664095,0.506110684286302,0.1794823978772896,0.07392016136410129,0.9660952917580176,6.474156503468848e-05,2.593545013988173e-05,3.176294787259744e-05,0.00011657699936938314,0.7381627341577525,0.3739255733929526,0.37620580481127835,0.19624515995824585,0.8306971200096395,0.21305657659342603,0.8850717429155442,0.1989236495692772,0.9661273909286437,0.196314195079563,0.9287320929635392,0.19546041879948797,0.8536080988527115,0.714420735836029,0.6103394627571106,0.9257621765136719,3.572103500366211,1.0,0.009013484232127666,0.024341240525245667,10.672656059265137,24.830129623413086,3.381514310836792,0.3691145181655884,0.0007,239.0,35.28535390090275,0.49479300584890207,0.06589289009571075,0.2347348263075722
129700.0,0.033277880614898295,0.9002405865376796,-5.278936862945557,5.267077922821045,5.278936862945557,2.8286647367477444,0.0,0.00021780700362014535,0.005202803013665258,-0.024499913253899,0.024969324790943593,0.033277880795582485,0.9002405871408531,-5.278936877446279,5.267077993500549,53645.52391161185,2400.0092386060896,47937.79919148853,57859.18013165234,0.5058568800504011,0.17760600958843553,0.06375416084599309,0.954137117201856,3.551308799171124e-05,8.209827012272346e-06,2.3653341813893598e-05,5.210597026462416e-05,0.7325477660492138,0.37954138224852024,0.38132465641336394,0.1889693271479337,0.9163286839555169,0.2091136127903613,0.8777767263469474,0.20187686988936174,0.8205095911640519,0.20090799154996294,0.9057428059645223,0.1991321986223803,0.8754964324096816,0.7087006568908691,0.6243408918380737,0.8481206893920898,3.5435032844543457,1.0,0.007949474267661572,0.020080389454960823,-2.5117909908294678,25.670856475830078,3.3835911750793457,0.20490795373916626,0.0007,240.0,35.29038516158811,0.4894199660902749,0.06868867576122284,0.2935206869633099
130240.0,0.02568113959784602,1.1499236954207417,-6.151252746582031,4.3007049560546875,6.151252746582031,3.928075375556946,0.0,0.0006563532218863853,0.007282399991497025,-0.030431558209102347,0.04099125908035099,0.025681140269605107,1.1499236958001868,-6.151252855062278,4.300704977539917,62925.870106269846,7342.391879077762,53718.785316384914,81554.16151848587,0.49634116909201154,0.1808142350307877,0.06896783754500443,0.971833565547714,4.007777844141411e-05,1.708272715090507e-05,2.1529420114354478e-05,6.739882118943731e-05,0.7323648621533161,0.38050156512553,0.376606796137622,0.20577219750327314,0.9246540474020386,0.1995981346597023,0.9363197398508585,0.19172576368520272,0.9357468379075651,0.19650583436873834,0.8252535462379456,0.20639806978308353,0.9351025737044639,0.6937381625175476,0.5074246525764465,0.8559874892234802,3.468690872192383,1.0,0.013354713097214699,0.029228778555989265,-5.5524001121521,22.350263595581055,3.4334146976470947,0.29927271604537964,0.0007,241.0,35.29124144211096,0.4959220252255208,0.09611418098211288,0.20895540593286496
130780.0,-0.03583948888602511,1.0358485862906754,-6.992313385009766,7.197997570037842,7.197997570037842,3.7797845864296034,0.0,-0.00010400073565945839,0.009425683740043123,-0.051926617507683494,0.0724292467780868,-0.03583948977665378,1.0358485944824045,-6.992313608988518,7.197997592363236,74373.41582314554,4198.710714229463,65762.13821787754,86254.7114476281,0.5156354080606386,0.18290999546203232,0.06650171049142654,0.9402556466782516,8.848740810183284e-05,2.1736261182282802e-05,6.060160878593325e-05,0.00014123492626814518,0.7156811678039248,0.39159954232724803,0.3905583270310678,0.21156544198521934,0.8258092038093844,0.1679625985572608,0.9091374839188604,0.21766375238014105,0.8555099861310556,0.18029260580108428,0.8598834412340247,0.22251560127629452,0.892674812063187,0.6719805002212524,0.47228625416755676,0.8391856551170349,3.3599021434783936,1.0,0.009680097922682762,0.04314218461513519,2.6436519622802734,16.400541305541992,3.5133652687072754,0.4857438802719116,0.0007,242.0,35.292133217234834,0.47471360757021797,0.07492094486951828,0.18296862802498048
131320.0,0.002020860279703306,1.0648590152892565,-9.571037292480469,3.7313055992126465,9.571037292480469,3.61614111661911,0.0,0.0003463482690758003,0.00953282889983089,-0.08146275043179381,0.035663498291438125,0.00202086052182937,1.064859008771177,-9.571037107845205,3.7313055312851686,81096.11539430777,4509.2218680276665,69279.63151397425,89983.93823268909,0.5053126859300718,0.17811653862471838,0.06109081069791854,0.9419814541022494,8.551067480345076e-05,1.67630782896451e-05,6.0279970280948784e-05,0.00012094160092206185,0.7237264966354172,0.38418506807116937,0.38598453750392814,0.22293222113512146,0.908741836284468,0.16998773861113153,0.8654688452056193,0.18831112729409566,0.9362439668920634,0.2020848714341944,0.9163488940375011,0.21668404152545695,0.8703423040834074,0.6815452575683594,0.5067834854125977,0.8865584135055542,3.407726287841797,1.0,0.011796379461884499,0.035153117030858994,0.9981704950332642,6.510805130004883,3.4694252014160156,0.5803288221359253,0.0007,243.0,35.2916547992284,0.49804235839429,0.10698731988668442,0.16523955893832942
131860.0,-0.02935942926032348,1.042390467885249,-6.561848163604736,10.43295669555664,10.43295669555664,3.4024821662902864,0.0,-0.0004782606076688676,0.008445073438841948,-0.057074647943586056,0.06770656513859344,-0.029359427212820883,1.042390477662149,-6.561848264635582,10.432956986188874,74367.35222182238,4665.817761179253,62517.80398301596,87063.83823660838,0.5164344993776847,0.17841864431842563,0.08670721138486853,0.947867470556731,7.263737694314255e-05,1.811227397815794e-05,4.467702435188929e-05,0.0001018131635663305,0.7298458509127902,0.38079822747291153,0.38057107579722355,0.19954117266617927,0.8973129142530809,0.2125108421817098,0.9061600204137158,0.19850052522098507,0.9206989377527998,0.20839473490128455,0.8949421517517696,0.18105272502984132,0.8018306181482631,0.7129442095756531,0.6139820218086243,0.9082554578781128,3.564720869064331,1.0,0.008991074748337269,0.024707380682229996,12.507011413574219,26.64812469482422,3.3841378688812256,0.3601974844932556,0.0007,244.0,35.28756828020749,0.4908182171051906,0.08636944741010666,0.20848580210772832
132400.0,0.02593893442697461,0.8893462611778287,-3.928313970565796,5.0998854637146,5.0998854637146,2.760664324760437,0.0,0.00045043590518415664,0.006134464917281704,-0.026491088811295374,0.03380571007233288,0.025938933470105858,0.8893462593093431,-3.9283139115400107,5.099885395578104,78136.1176413907,6579.310108137626,66104.06837251045,87849.41879063372,0.4937089868625155,0.17867328050875364,0.06223231343743799,0.9479102658452682,5.0946399376204345e-05,7.857376538678646e-06,4.0357345370746454e-05,7.6654835066071e-05,0.7283901014057557,0.38037480869205037,0.3810030465329348,0.20806687382820657,0.940019895499359,0.20127003911837774,0.8164127240959725,0.20486874565638843,0.9620322381274463,0.18696260949349258,0.8180491494783007,0.19883173190353468,0.9737149744320961,0.6931390762329102,0.5232367515563965,0.8197339773178101,3.465695381164551,1.0,0.009678536094725132,0.020294982939958572,-1.7101644277572632,11.048229217529297,3.415433883666992,0.5479601621627808,0.0007,245.0,35.294382820809226,0.4773700410663785,0.1017354354262352,0.2388880757220921
132940.0,-0.046105454959561705,1.703164244070014,-13.313888549804688,6.272838592529297,13.313888549804688,7.65345446586612,0.009259259259259259,0.000367264151055637,0.025992632049101405,-0.13080767656072922,0.13196723112986658,-0.046105455541910374,1.703164250932037,-13.313888852288175,6.2728384907602805,13211.475180965028,15065.783035432703,6394.903956036468,86070.3113138599,0.5018972795938973,0.18303503548482683,0.06539411082845521,0.9053137398713984,0.0004669066071463242,0.0002260351727859104,6.065529210261257e-10,0.0007859297788135683,0.7151403441788418,0.3895707551306918,0.3939336633148833,0.24988701762064627,0.930904777537823,0.16417145101991246,0.8837340950834152,0.2011052095048494,0.8778644530386412,0.1745638867623438,0.8353577984507033,0.21027243509224808,0.9318494974060559,0.6606373190879822,0.47804024815559387,0.8763200640678406,3.3031868934631348,1.0,0.011194365099072456,0.05783376097679138,-0.5224689245223999,33.98461151123047,3.605376720428467,0.3724820613861084,0.0007,246.0,35.31119816701998,0.4300678144879977,0.0621231384575367,0.14211309523809523
133480.0,-0.014314532408025115,0.8442769925422767,-4.88578987121582,5.831447601318359,5.831447601318359,2.545173857212069,0.0,-0.00041955497195330586,0.01428927920510093,-0.07781967509384706,0.08492733414370227,-0.014314532120367469,0.8442769893522587,-4.885789812942104,5.8314473695035485,8739.11039815721,1109.67475224306,6447.52756747348,10411.819748837914,0.5209652327693733,0.17875651206371682,0.05082986093005813,0.9069865267667416,0.00032650506985472757,8.464641194546392e-05,0.0002306973919333306,0.0005693270997362899,0.7150563008850829,0.38857279896037666,0.3911071891238785,0.24181048431499946,0.9569981302060953,0.17062396811682476,0.8491224836361964,0.21777431509584727,0.8790930587345586,0.17103534103239246,0.8606971299035097,0.19875589143993605,0.8929892547610665,0.6617833375930786,0.45663923025131226,0.9194828867912292,3.3089165687561035,1.0,0.009674601256847382,0.06295940279960632,-0.46508902311325073,4.9420857429504395,3.6246066093444824,0.5227841138839722,0.0007,247.0,35.2979217843211,0.4217374690586679,0.06984039396047592,0.22460480093676816
134020.0,0.008565242932053041,0.886750751765024,-4.710264682769775,6.456646919250488,6.456646919250488,2.9686451220512406,0.0,0.000246087555631847,0.010799437947552776,-0.0494634101101451,0.0792721589954409,0.008565243541401712,0.8867507519735423,-4.710264682717278,6.456646755705072,8126.371583522434,659.063368241725,6821.681367628983,9452.791677058374,0.5040563677151724,0.18935798984412736,0.04136379901909698,0.9383156828670454,0.00015944573336609715,3.763940415982884e-05,0.00011169503502444391,0.0002432947956983966,0.7137485556115436,0.39266447385274666,0.3920790912821135,0.2597847396270616,0.9234104700941007,0.1470768332202182,0.8572903943393506,0.2195503316236772,0.9277213841034655,0.1752126668842033,0.8806687677016604,0.19837542864483965,0.9440477677637513,0.6623870134353638,0.4774712026119232,0.9149408936500549,3.31193470954895,1.0,0.006195482797920704,0.06239711120724678,-9.059409141540527,22.968299865722656,3.6167356967926025,0.2761802077293396,0.0007,248.0,35.3014138587624,0.45793333764756927,0.05185917392373085,0.2716627634660422
134560.0,-0.012692278976707409,1.046972084161386,-6.203334808349609,8.62185287475586,8.62185287475586,4.047807865142834,0.0,-0.0004915481322797876,0.0108821997343853,-0.06577807920709332,0.07146087035980943,-0.012692279268093635,1.0469720881179347,-6.20333482847938,8.621853085082567,7049.732902572822,749.5989364010253,5582.643517558734,8406.511448774352,0.5067512261104323,0.18403605770347325,0.05720881548709226,0.9254790439775217,0.00011740392421233683,1.2413012362670898e-05,9.104954259749843e-05,0.00014812911511256688,0.7263235124047142,0.38203566288118973,0.38145197399958697,0.22766447369027984,0.9663166678474235,0.16941359355713684,0.8659654163661001,0.20539356006354173,0.9388810627910757,0.1891973999995225,0.9515846407099986,0.20833097268951908,0.9125079495696017,0.6801297664642334,0.5290948748588562,0.8713176250457764,3.400648832321167,1.0,0.009843078441917896,0.03815265744924545,3.7570958137512207,11.205809593200684,3.488399028778076,0.45567822456359863,0.0007,249.0,35.2961606749972,0.45279951294070997,0.056275781244039536,0.2656128024980484
135100.0,0.008631020296188244,1.0659419573062827,-5.480765342712402,7.790143013000488,7.790143013000488,3.982320120334628,0.0,-0.00013486291725095322,0.009756339401694252,-0.0788961074150731,0.05899874167572533,0.008631021512327081,1.0659419562040118,-5.480765128544056,7.790143040656341,5913.937722089316,400.42979664638466,4652.42459152387,6574.0814445279,0.5119844128101537,0.17478034823747432,0.03546886238461297,0.9305789220906011,8.488809265570561e-05,2.6245521028958927e-05,5.515770555034995e-05,0.00016012052221811582,0.7298476420469834,0.37882683143600404,0.3824012387646102,0.2107642077627374,0.9004174507982261,0.21053366514823169,0.93628155356769,0.19116019716000432,0.9100032703020592,0.19651111708433763,0.8398457247749505,0.19103081284468895,0.9438072757796366,0.6958712339401245,0.5760320425033569,0.8477318286895752,3.479356050491333,1.0,0.00995989702641964,0.024087578058242798,3.12744140625,30.660940170288086,3.41707181930542,0.1878114938735962,0.0007,250.0,35.295552361875316,0.4919082054806132,0.04522478207945824,0.2560011709601874
135640.0,0.008105771516717073,0.923485791579473,-3.884939193725586,5.59730863571167,5.59730863571167,3.2485107827186623,0.0,1.6680605637216806e-05,0.009734416774296251,-0.038793596682484804,0.05059977651130632,0.00810577143562497,0.9234857913474022,-3.8849391545355068,5.597308570932022,5368.666280083551,276.61828927948363,4583.224133505955,5860.48454667653,0.5056451391074328,0.17323285937324934,0.09130165758689698,0.9466247191487742,0.00011591178888102414,1.345085401848085e-05,9.227621004857156e-05,0.0001528857578890513,0.739974466686134,0.3730998875218727,0.37514696777897993,0.203852442294144,0.8032129526617073,0.2131544482095418,0.8825676515168593,0.19625848388291092,0.9530633116335833,0.20494151342978764,0.9187323749755043,0.1817931121836156,0.8370140650623914,0.7001064419746399,0.6272274255752563,0.8285301923751831,3.5005321502685547,1.0,0.006978851743042469,0.02031809650361538,5.376333236694336,13.481406211853027,3.3984880447387695,0.4159046411514282,0.0007,251.0,35.294271141385174,0.4911153190418466,0.054602134972810745,0.27515734777517564
136180.0,-0.02879162493531853,0.8416595422256556,-5.866431713104248,8.941401481628418,8.941401481628418,2.706174499988556,0.0,-0.0002686364510082263,0.00580872493692697,-0.04472647598663013,0.06348965907258461,-0.02879162480474102,0.841659534770159,-5.866431653130328,8.94140121502444,5181.671896833202,198.36647628863034,4621.481406561049,5603.877835487659,0.49827946408045676,0.18000126705520283,0.07869431222538943,0.9140039839215953,5.422889736140867e-05,1.9484311803109477e-05,2.6899116560900856e-05,9.182440894229975e-05,0.7335318918066405,0.3763527310524212,0.3785265321925051,0.21101028396601398,0.9468415635250559,0.21304223382707124,0.9497226290924705,0.20145929858747405,0.9154578821715853,0.20102370507079567,0.8953449752322573,0.17346447854864505,0.7742415027269637,0.701797366142273,0.6130350232124329,0.8158138394355774,3.508986711502075,1.0,0.005296629853546619,0.01568339392542839,15.694907188415527,33.322242736816406,3.388873338699341,0.27049165964126587,0.0007,252.0,35.29162195671513,0.4849933060088274,0.053826432675123215,0.2993632903981265
136720.0,0.031258455748859514,1.2653689742511485,-4.27817964553833,6.559708595275879,6.559708595275879,4.7797101545333955,0.0,-0.0006437777861276764,0.0150550843975351,-0.06482545228283408,0.07212910141131294,0.03125845712888536,1.2653689736597944,-4.278179593533128,6.559708578526696,3112.628486338925,493.42636508140674,2485.8381612319554,4670.69211005781,0.5047712344492797,0.17431026432896043,0.10431046381151163,0.9251705622012389,0.00015979649045932246,4.5959988589538056e-05,3.506480756299878e-05,0.0002279024379020937,0.7340803966859801,0.3790135472329908,0.377094538478221,0.1931685434772959,0.9108272756977853,0.20807544590567081,0.8568647764206057,0.20167375244593744,0.9130291392448151,0.21149013243395254,0.8688243676803479,0.18559212573714332,0.829180995850001,0.714333713054657,0.6054327487945557,0.8596035838127136,3.5716683864593506,1.0,0.005503299180418253,0.027805861085653305,-3.319566488265991,32.21548080444336,3.384660005569458,0.1498875617980957,0.0007,253.0,35.30239810131917,0.286109934851958,0.03737638145685196,0.2590383489461358
137260.0,0.02030468039188741,0.8377034802899682,-5.336732387542725,6.315749168395996,6.315749168395996,3.31610034942627,0.0,0.00031314752720768463,0.00886730696488378,-0.05284745631043838,0.06048412715371801,0.020304680578132037,0.8377034830333046,-5.336732468038251,6.315749088364417,3172.010295223687,220.5485696178102,2858.3527014812885,3829.2984865283765,0.5015802210147171,0.17678001411263675,0.08227437259020587,0.9061320398578612,0.00012218952097147836,3.915904669895348e-05,6.738059568096747e-05,0.00021508865755952687,0.7349310226274105,0.3753119005231947,0.37510698028437406,0.19125193201175034,0.8157034738541828,0.20386820929934008,0.8898066898000342,0.2086754256047539,0.8804913382021696,0.20151396159198556,0.8473350602978622,0.1946904714921701,0.8968237493974472,0.7086577415466309,0.6112227439880371,0.8094702363014221,3.5432887077331543,1.0,0.00633236113935709,0.021076448261737823,4.748775482177734,25.358003616333008,3.3828976154327393,0.09076404571533203,0.0007,254.0,35.29838379771683,0.4833756664492033,0.04937984421849251,0.27252268735363
137800.0,-0.00028146043230124095,0.8372584973531857,-7.994472026824951,3.544015884399414,7.994472026824951,2.741062257289889,0.0,0.0005015378332965206,0.006820812836690708,-0.054207147470631545,0.037231323525873376,-0.0002814605052031937,0.8372584978669174,-7.994471938126401,3.544015989072005,4279.611741742961,283.54176175388307,3567.9759203452677,4675.535171720595,0.5109522006032813,0.1796223875801991,0.04442810591238162,0.9482261193033699,6.84794289162146e-05,1.6594868085600084e-05,3.784782736823747e-05,9.710006870236236e-05,0.7247358677176442,0.382364233080002,0.3855008243882842,0.21693012330625963,0.9393030887299418,0.1837277520204019,0.8819893503574192,0.2028481840412094,0.9353673553923526,0.1898356679711707,0.8467962643271747,0.20665827266095832,0.9435327731103942,0.687443733215332,0.6012595891952515,0.8084989786148071,3.43721866607666,1.0,0.0054266611114144325,0.02411588840186596,6.025106430053711,8.271193504333496,3.4282491207122803,0.4763033986091614,0.0007,255.0,35.298129040631316,0.48878163425143045,0.06029782071709633,0.2851592993754879
138340.0,0.013193668525922544,1.1871753005381989,-5.605895519256592,6.718739032745361,6.718739032745361,4.815361013412479,0.0,0.0005389678230711601,0.009834589882792405,-0.03713361514416474,0.06196171785531709,0.013193669007028244,1.1871753003501473,-5.605895520479094,6.718738944922404,5039.563382415738,229.8187518167647,4591.357070728731,6093.577818856673,0.5128323237763132,0.1802445061221443,0.07614617658180091,0.9706075894353032,7.062142382906036e-05,1.2800975269670537e-05,3.506739725848222e-05,0.0001088298275276398,0.7155820574691939,0.3891297994870517,0.3923889705947933,0.23457109726167494,0.8719678618606314,0.17766708574204534,0.8942733321098998,0.2016423043351984,0.8772317099610554,0.19805432360902417,0.9082938997018131,0.18806518905205713,0.9018875376971065,0.67548006772995,0.5610734820365906,0.8638915419578552,3.3774003982543945,1.0,0.005197783932089806,0.038686901330947876,-4.728791236877441,36.6783561706543,3.4865803718566895,0.13398480415344238,0.0007,256.0,35.298625194134054,0.4847582901883339,0.0454387441277504,0.26892442427790786
138880.0,-0.000899222782485325,0.9923617468686834,-4.6197075843811035,4.6002326011657715,4.6197075843811035,3.8380834698677067,0.0,0.0007213418308337661,0.010603555357157807,-0.040658388070968485,0.06770788120099348,-0.0008992231070902014,0.9923617497720301,-4.619707815196388,4.600232800240781,7011.914149813865,647.2392909202488,5810.641949849426,8768.538654403164,0.5155057034403701,0.17227419519607345,0.0926865214579412,0.9904363883829439,0.00011491111947039214,2.4497237699561595e-05,6.930697826206907e-05,0.00016237381900946477,0.7226229434631567,0.38424578524775255,0.38961040245650214,0.246718574071899,0.8626152614409486,0.1788195199107554,0.8106886314555536,0.2097114649762926,0.9014841880543958,0.17359374610890263,0.9392609778857538,0.19115669493215035,0.9531448990745014,0.6687585711479187,0.5513069033622742,0.8729278445243835,3.3437929153442383,1.0,0.005166987888514996,0.048952266573905945,-7.9391655921936035,20.372039794921875,3.534769296646118,0.03921717405319214,0.0007,257.0,35.30140990908702,0.4195479899684699,0.04178939387202263,0.25997755659640903
139420.0,-0.03660530051802872,1.0491852723493686,-10.950552940368652,5.466270923614502,10.950552940368652,3.5845100164413517,0.0,-0.00027963521625330067,0.011383560809297191,-0.08343028763418565,0.06804029078655952,-0.03660530197535016,1.0491852799966526,-10.950553307054962,5.466270812732853,7446.241237646551,642.504119471343,6524.986492553876,8979.514417535544,0.5225460091945466,0.1788283074357722,0.07827272096078369,0.9246222199173585,0.00013386245495759452,2.9863564671286138e-05,9.03804584605871e-05,0.00020656402716787319,0.7258522665464743,0.3825102361230853,0.38658600509740426,0.21804139288930963,0.8581856428480844,0.18075105404280836,0.9007052940505726,0.19920385661372497,0.8182529639438119,0.19131612811918025,0.8182156041915428,0.21068756833497682,0.8775592479018839,0.678430438041687,0.5799313187599182,0.8354177474975586,3.392152786254883,1.0,0.004691573791205883,0.035360321402549744,3.7847530841827393,26.561107635498047,3.4701693058013916,0.22262585163116455,0.0007,258.0,35.29332899576596,0.4322579394260111,0.05285681039094925,0.27290690866510536
139960.0,-0.037302834948921504,0.9929158040683083,-8.159066200256348,3.6795437335968018,8.159066200256348,3.6848066020011903,0.0,-0.0005314417542959924,0.008989383792215483,-0.10724859418798187,0.03253613582487818,-0.03730283590863695,0.9929158056973395,-8.159066158815907,3.6795436868164835,6559.401813973521,453.964044356524,5046.2194757542375,7241.509348003488,0.506700786616748,0.18124290705729504,0.026780990081299742,0.9634806287298392,6.953352432960184e-05,1.8942017269399726e-05,4.699935755341331e-05,0.00012298833133242572,0.7283994685631632,0.38159709791537066,0.3834923547398794,0.21892767139310734,0.8779414210297308,0.18981372021788423,0.9397498222619206,0.2009000178658444,0.9259530741354732,0.1909968362294159,0.8950291204083467,0.1993617542937481,0.9651153654934536,0.6898028254508972,0.5898827910423279,0.830784261226654,3.449014186859131,1.0,0.006319216452538967,0.025320323184132576,12.280609130859375,44.17525863647461,3.425846815109253,0.23629945516586304,0.0007,259.0,35.29272237991655,0.48485200936990797,0.04600675776600838,0.27100409836065575
140500.0,0.03638876296016086,0.9144487267201998,-6.9580254554748535,9.332751274108887,9.332751274108887,2.8162282633781452,0.0,0.00021227032590954019,0.008184138781759555,-0.06085325153469937,0.06708288968860666,0.03638876219182392,0.9144487284271399,-6.958025469647718,9.332751423776187,5570.222856502899,284.29661228333225,4941.444439391406,6131.348729378171,0.5051488206006068,0.18152129292507344,0.038199305813028495,0.965618321047307,8.659710013063542e-05,1.9457640233376192e-05,5.257209029107669e-05,0.00012172075790576608,0.7274586649439584,0.3823312512804323,0.38332423617261446,0.22453400225902423,0.9781743260710286,0.20075510484361886,0.9122596092907208,0.20055559415119706,0.8448130454956969,0.18327521220015192,0.8042706832773419,0.19088008654600797,0.8066116716743444,0.6881583333015442,0.596167802810669,0.8144375085830688,3.440791606903076,1.0,0.004957986995577812,0.025178179144859314,-5.347384452819824,16.000511169433594,3.4278531074523926,0.3266156315803528,0.0007,260.0,35.29609554222322,0.4830944215791452,0.0456494577229023,0.30391905737704916
141040.0,-0.01999318759146802,0.9845891916241741,-7.4243035316467285,6.622792720794678,7.4243035316467285,3.659267973899844,0.0,-0.00037931885544927003,0.007728522599294635,-0.05767165705387696,0.04246259228494197,-0.019993188810266526,0.9845891939888655,-7.424303767262146,6.622792492996347,5138.418588666485,344.85607140294263,4480.534110053868,5902.689716298201,0.5120621997006898,0.17432521250143512,0.09028586750124531,0.9210481018220289,6.339325960316624e-05,9.945714876546006e-06,4.461070492474991e-05,8.35845856896868e-05,0.7315339562485591,0.3793585439844688,0.38084812024416376,0.2050629895992851,0.8990646658288963,0.19805427383376073,0.8157760987148344,0.21033104404842765,0.927632836296627,0.18952972537169288,0.8783968098046535,0.19702196714683362,0.8588637813601915,0.7045422792434692,0.6184070706367493,0.7934989929199219,3.5227115154266357,1.0,0.005902804899960756,0.015253611840307713,12.912296295166016,31.255048751831055,3.382887840270996,0.28126978874206543,0.0007,261.0,35.29299136145346,0.48406943373334993,0.049857642501592636,0.29508806596409054
141580.0,0.04676970518668424,1.0029901278637368,-5.908176898956299,5.097469329833984,5.908176898956299,3.7694917774200514,0.0,0.0007026691258504252,0.0077222656034429005,-0.03971781418972906,0.0392934842874558,0.04676970504129151,1.0029901190956236,-5.908176696696838,5.097469105465504,5689.340895498367,606.7092500268323,4552.067416336768,6845.081898858364,0.5119973845445077,0.17421575619583357,0.06793173994228278,0.9114672630178119,6.138123794015258e-05,7.745857193674023e-06,4.696335915393388e-05,7.80462446445476e-05,0.7297842274041404,0.38073351958891133,0.3817657153101116,0.22550710644658783,0.8334385795368926,0.18476441667546503,0.8572867624480414,0.19635485591610008,0.921377028627499,0.20524427009413668,0.919802865297738,0.1881293508677104,0.8764263612704253,0.683393120765686,0.5893183946609497,0.82804274559021,3.4169654846191406,1.0,0.006361242383718491,0.02898785099387169,-8.017606735229492,22.785737991333008,3.4479546546936035,0.3429937958717346,0.0007,262.0,35.29435740773697,0.4886009929972124,0.05769676715135574,0.304809475019516
142120.0,-0.03789855419395112,1.3238696563411023,-7.007697105407715,14.317597389221191,14.317597389221191,4.056842691898348,0.0,-0.0007177203349298756,0.020385048964379034,-0.18372448814211564,0.17617422245187236,-0.037898552734987705,1.323869656640675,-7.007697062399429,14.317597612204285,5848.269274610721,1351.8621339939064,3179.3868992977364,7515.1022930734125,0.49562330588116493,0.1819964023905662,0.050371878952622726,0.9185658708503399,0.00024634833205326967,0.00024209390707069937,5.255465931458273e-05,0.0006861076670795658,0.7387575701040564,0.3718848805912167,0.37317401228623354,0.21507223911098125,0.8990950911460167,0.20230783752606973,0.9608755793702713,0.18768474259798892,0.8654967433460184,0.20466553130418644,0.8232079155959263,0.19026964946077368,0.8200037224519772,0.6974269151687622,0.5795040726661682,0.844951868057251,3.4871349334716797,1.0,0.009689009748399258,0.025233088061213493,16.906646728515625,52.88758850097656,3.4141762256622314,0.4374549388885498,0.0007,263.0,35.29147230885061,0.4838798337031937,0.04733504354953766,0.2117669301327088
142660.0,-0.0006646340513489795,0.7687630288603191,-8.71191120147705,3.5046000480651855,8.71191120147705,2.437829120159152,0.0,0.0001547095947282124,0.010246774831849579,-0.08827405175595347,0.052788174359554636,-0.0006646340209274031,0.7687630268084217,-8.711911079357693,3.5046001337127963,4469.139757293271,281.25748437495986,3757.7266571791547,5186.182212438032,0.5033217396102074,0.1729742099959141,0.10756574002268088,0.9536373617807079,0.00023884423104074209,0.0001080520553308529,0.00011348923305484952,0.0005094982044710293,0.7336918565497382,0.3757865897517747,0.3780182816342231,0.2177824683028505,0.8934922829937961,0.22000373413485994,0.8394299038170409,0.17875390065558738,0.8691988056093365,0.19515000058363402,0.82115285250342,0.1883098963230682,0.937978071400376,0.6929067969322205,0.6008837819099426,0.8201184868812561,3.464534044265747,1.0,0.005730342585593462,0.020568065345287323,5.48435115814209,9.890560150146484,3.4136719703674316,0.31284821033477783,0.0007,264.0,35.289533512862356,0.4879267490917009,0.05678153783082962,0.29799107142857145
143200.0,0.007536484587372224,0.7625792927380624,-7.967406749725342,3.412428855895996,7.967406749725342,2.8156539607048052,0.0,0.0001277345199850714,0.006936576726352217,-0.06074320741897285,0.03867918476616908,0.007536483732054739,0.7625792944333194,-7.967406890294898,3.4124288025499383,4502.659587043893,139.290277046619,4082.6067214779428,4805.049168404759,0.5131429459458587,0.19166246600611206,0.05806731831290574,0.9671000496049104,8.737436815750934e-05,3.163815444984947e-05,3.945021441132986e-05,0.0001574467007860249,0.7253115179746542,0.38295682339789405,0.3838626804989682,0.21020959188347368,0.9114482689554447,0.2074255135541558,0.8663738975065487,0.20298384152364637,0.8775603564843545,0.20297375243451585,0.9067841146883068,0.17640730060420828,0.8704326981366926,0.6918743252754211,0.6056548357009888,0.819330632686615,3.459371566772461,1.0,0.005127910990267992,0.020862720906734467,4.001606464385986,4.923642635345459,3.4148077964782715,0.3438212275505066,0.0007,265.0,35.28816736666883,0.4878244730771454,0.05291024595499039,0.3165861631537861
143740.0,0.0003303397089136221,1.5676737832072423,-28.788671493530273,3.622349262237549,28.788671493530273,3.439310381412506,0.0,0.0003574740056654109,0.007204500177001,-0.08912573138727564,0.028870522169123298,0.0003303378363357417,1.5676738001251687,-28.788671941608523,3.622349164466502,4775.923536362518,388.78495682054466,4285.47402091505,5731.477313332139,0.49511759761658775,0.1772611817756429,0.05999120567040414,0.9421638939157666,4.021306523179503e-05,1.7073526900582685e-05,2.4795065885635735e-05,8.601955415930409e-05,0.7297535210199777,0.3804121026763912,0.38022454259724303,0.23352630588851794,0.9095804598132288,0.18030988778285673,0.8320703096077949,0.20573774915653967,0.7848975397086823,0.1887120296588999,0.948806081294206,0.1917140275131858,0.8847615630519222,0.6834381818771362,0.5778252482414246,0.8477760553359985,3.4171905517578125,1.0,0.005401430651545525,0.02947557531297207,0.15347889065742493,32.97796630859375,3.446855306625366,0.22028934955596924,0.0007,266.0,35.28989309506038,0.47082429432521894,0.052883394062519073,0.30553522638563624
144280.0,-0.03413555504219538,1.0750362950943373,-8.848430633544922,5.9871649742126465,8.848430633544922,3.561779718399053,0.0,-0.0001550589875645935,0.009652852474385026,-0.08972861808242356,0.05499479689539635,-0.03413555238823611,1.0750362834128266,-8.848430209635623,5.9871650949538875,5342.089125388409,375.6214053368126,4333.507940236376,6051.212100734286,0.5195206955915789,0.1730176108005197,0.09662601201036347,0.9432028103667587,8.548321458459792e-05,2.7500056830225487e-05,5.032755577680187e-05,0.00013761753461263057,0.7279339380003137,0.380586656410901,0.38549748641916537,0.21588188484206144,0.8072376176040842,0.18792110146474628,0.7448480918992411,0.20260861524811588,0.9200947417518762,0.19123215165201768,0.8252377783320968,0.2023562467930587,0.8639576521020361,0.6887598037719727,0.6005715727806091,0.8363873958587646,3.4437990188598633,1.0,0.006113523617386818,0.026774568483233452,11.596312522888184,35.258724212646484,3.431281566619873,0.37777918577194214,0.0007,267.0,35.290371175470426,0.4837085960803399,0.05231223255395889,0.2940390807962529
144820.0,0.03611661817315811,0.9145453111489451,-4.600733280181885,5.260558128356934,5.260558128356934,3.100998065471658,0.0,0.0004630220139803727,0.006679354067267691,-0.028159089172867625,0.03972140122825728,0.03611661927990297,0.9145453097816034,-4.600733055768185,5.260558149248735,5423.057331239102,313.7610043188554,4718.28372211433,6322.394150228285,0.501082753922036,0.18732546618900606,0.04641740848838535,0.9590522085204567,5.8462681439040914e-05,1.4696749039888882e-05,4.166379329693584e-05,9.430138316426981e-05,0.7251660484331679,0.3832354263342123,0.3856229846861924,0.23357206164776956,0.9242323957583587,0.1896866050458572,0.8422993091104009,0.17855997388788403,0.8476659712817496,0.19589624409022746,0.8446491346080889,0.20228511532826177,0.8739882411516064,0.6858659982681274,0.5946239233016968,0.8427910804748535,3.4293298721313477,1.0,0.005225192289799452,0.02808147296309471,-5.724628448486328,8.519636154174805,3.4391794204711914,0.3537832498550415,0.0007,268.0,35.291264244708444,0.48880321586314046,0.052532486617565155,0.3204161787665886
145360.0,-0.006933240323484858,1.1446564061074722,-8.719125747680664,2.9060378074645996,8.719125747680664,3.6175065588951125,0.0,0.000556799102343995,0.009485304740449448,-0.057080183842838694,0.02864078900166276,-0.0069332397252843,1.1446564011465528,-8.719125577899716,2.9060377366934484,7098.27645287828,623.5611663096344,6072.265332647972,8657.9774569081,0.5254968928407472,0.18022027526518017,0.10895308501267069,0.9325851768798765,7.794761240598465e-05,1.6383741626647737e-05,5.468685647936345e-05,0.00010369470102677165,0.7078835412289699,0.39743408672458597,0.39754050466438673,0.24239756914916463,0.9710530006756386,0.18014609814482377,0.9131361870857279,0.19810085844180203,0.8808228120994337,0.18053916518110413,0.7966335373179588,0.19881630908310546,0.9110600726665515,0.6754099726676941,0.5564325451850891,0.8730951547622681,3.3770499229431152,1.0,0.007619504816830158,0.04187566414475441,-1.0075244903564453,20.420385360717773,3.4977176189422607,0.3440762162208557,0.0007,269.0,35.29210998787348,0.4774351755108278,0.047944147139787674,0.2583369925839188
145900.0,0.0005056936276593695,1.1517896133935646,-6.563238143920898,4.381377696990967,6.563238143920898,4.090862092971802,0.0,0.0009362707794693647,0.013995255091275454,-0.06302682720004094,0.04776102936065157,0.0005056943562015449,1.1517896142639483,-6.563238219948786,4.381377734811884,10411.425541585251,1281.2418834379134,8002.661314941698,12909.833401981217,0.5148484273499706,0.18106734167310343,0.04986849122253215,0.9285385118201367,0.000165858187826174,5.5213958171199855e-05,8.921692663387752e-05,0.0002415116150574531,0.7134229734288371,0.39105037873039605,0.39365263006601586,0.2540775581661859,0.9760207792349191,0.17611068064397267,0.8952855305205398,0.18394704031127687,0.8895354209235261,0.17662863036887874,0.873417329913082,0.2092360905096859,0.9256811687567447,0.6650528311729431,0.5240217447280884,0.9400920867919922,3.3252642154693604,1.0,0.00729172071442008,0.0639929473400116,-6.565494060516357,10.67565631866455,3.603559970855713,0.40572816133499146,0.0007,270.0,35.29524992064799,0.4126390034072225,0.04770693928003311,0.22341554449648712
146440.0,-0.01597259683465516,0.9635334044516223,-6.155391216278076,3.647935152053833,6.155391216278076,3.0413816571235657,0.0,0.0009070631316532364,0.014664574909448282,-0.07136619690152571,0.10445883127656914,-0.0159725984750382,0.9635334012873698,-6.155391133004478,3.6479350339293295,18466.984828078588,2160.1282802523947,12730.09727724712,23246.446731550895,0.526592364885749,0.18070520826704864,0.042515095568140426,0.9688654248371698,0.00022006865823436076,5.772551512797067e-05,0.0001503345837375031,0.0003320314637287417,0.7028854052720389,0.40085378313264936,0.4012975652833902,0.28950735181782794,0.8963673918937882,0.1707388114372958,0.8441469081157325,0.18144758659166765,0.9369948103381416,0.15545251148122421,0.92796796804631,0.20285373867198442,0.9017298375064395,0.6522202491760254,0.46602556109428406,0.9623714089393616,3.261101245880127,1.0,0.008409039117395878,0.0833325982093811,-1.126883864402771,21.530807495117188,3.7212371826171875,0.1551496386528015,0.0007,271.0,35.29297570362124,0.4570440021551439,0.09841249138116837,0.179138612412178
146980.0,0.02036269981774105,1.0414962205143465,-5.987985610961914,4.178925514221191,5.987985610961914,3.5796286988258457,0.0,0.0007271885879255997,0.012003712433557403,-0.05626126163742192,0.0605881205872224,0.02036269793327085,1.0414962208904937,-5.987985726543795,4.178925430081661,21971.358550180183,1965.4957682770191,17952.24966855163,28246.403640785586,0.5226450548207311,0.18387988618260237,0.08862288241368832,0.9381921559912109,0.00013561937953516173,3.175244391786617e-05,8.764925380667205e-05,0.00019472064411488408,0.6946364048001021,0.40546273944466915,0.4073803144472461,0.26436875286229167,0.9361794176469573,0.16327901824352167,0.840826153755188,0.19427572140347932,0.951564265648863,0.16313817747225573,0.842055863157773,0.2149383300184516,0.9411545987514991,0.6374661326408386,0.4393762946128845,0.9010236263275146,3.187330484390259,1.0,0.008098010905086994,0.09383247792720795,-23.95892333984375,51.6674919128418,3.8186662197113037,0.23518913984298706,0.0007,272.0,35.29477950371505,0.2704979910951217,0.04157711938023567,0.15864680913348947
147520.0,-0.048574084145635694,1.0887803771976035,-9.045536041259766,4.240828990936279,9.045536041259766,3.5333652973175087,0.0,-0.0007780873349788907,0.018526645225306403,-0.08958478396183829,0.06637630446037689,-0.04857408381748893,1.0887803787846537,-9.045536066547696,4.240828954612609,21058.960256810184,4020.42086031286,14270.80959403216,29951.8043698298,0.5165699384927113,0.18119320248912452,0.07037271100663692,0.9112124612700925,0.0003226607469214488,0.000114601629666726,0.00014781056898036216,0.0005088792994992272,0.7156236024436297,0.38884596595555865,0.3909858050246111,0.2493582961002134,0.9321473466633944,0.19121001940223056,0.8951094510045549,0.18953863227929693,0.9436272085489008,0.16729305427111424,0.9284181482443251,0.20259999794714487,0.9197354832113691,0.6466718912124634,0.4352974593639374,0.8853254318237305,3.2333593368530273,1.0,0.01326035987585783,0.07288950681686401,1.0452009439468384,18.51421356201172,3.700540065765381,0.4871549606323242,0.0007,273.0,35.29950839453504,0.4474233793647394,0.1330750435590744,0.07330088797814208
148060.0,0.02709640951296832,0.8792659077512368,-3.1976592540740967,5.041353225708008,5.041353225708008,2.9162247085571296,0.0,8.246753252748295e-05,0.012320575967409035,-0.05480834859689427,0.06840078903408656,0.02709640774225683,0.8792659111353535,-3.197659150152666,5.041353274044408,15415.98185312308,1045.988158324046,12754.333107476055,18017.74063102284,0.523757157993508,0.18209486378121473,0.05758960898723649,0.9301621039547731,0.00019436032437379768,5.8133042255115857e-05,0.00012022814851075385,0.00030813878313263313,0.7156620175940749,0.39000731943869776,0.39166416546504984,0.24196295618966965,0.9365916474564812,0.16058900142731752,0.8362874530119775,0.20924792581928875,0.8649588561577652,0.19074336634673067,0.945316985315074,0.19745675021699338,0.9375987810507207,0.6584376692771912,0.4838498532772064,0.8519197702407837,3.2921881675720215,1.0,0.011592800728976727,0.05816676840186119,-15.130168914794922,29.333311080932617,3.5939488410949707,0.411035418510437,0.0007,274.0,35.30548754330468,0.44978640194506625,0.055100999772548676,0.1913483118657299
148600.0,-0.02429160429854636,1.0624631019426833,-9.685365676879883,5.122039318084717,9.685365676879883,3.8466775512695346,0.0,0.00021323088044615337,0.010892215822628733,-0.10889742409458995,0.04915569283057975,-0.02429160490228769,1.0624630922537703,-9.68536524282905,5.12203918858023,20156.817216069965,1392.0333126582857,16834.589502763953,22855.594019191863,0.519401621451208,0.18446098360235785,0.053503664572300616,0.9555776071236364,0.00011033519129903676,1.9790759514124413e-05,7.72432025032081e-05,0.00017182158004937632,0.7106754989828498,0.3952000693126803,0.393522588233947,0.2515149872261375,0.9630717425200677,0.16505950277069995,0.902614579425385,0.20086284341641616,0.8776650632471563,0.15707020825086682,0.8158976649401232,0.22549245833587955,0.961669397454156,0.6362031102180481,0.4505781829357147,0.8614593148231506,3.1810154914855957,1.0,0.007668637670576572,0.0846957266330719,1.9495116472244263,20.556398391723633,3.770139217376709,0.1767694354057312,0.0007,275.0,35.30443098330654,0.43862759598338585,0.10537555068731308,0.20804059328649493
149140.0,0.027243156947359373,0.8594938551423791,-5.126043319702148,5.41313362121582,5.41313362121582,3.3142122602462836,0.0,0.00040473155125386723,0.00894505401536831,-0.06517912455030751,0.053237050959039085,0.02724315477272375,0.8594938535121062,-5.126043484138128,5.413133428911005,19439.508458011416,2132.964683095068,15191.91402828302,22503.774367272483,0.512598257360837,0.17892530628141526,0.06519744119289012,0.9681203225388699,0.00010729769581220074,2.5269363604889617e-05,6.689225358362661e-05,0.00015044759031684917,0.7124127753904145,0.39133978366417593,0.393562936352245,0.23577893670356656,0.9488494212430876,0.16035953230688665,0.8562419095583319,0.18872018790672826,0.900955039841133,0.1674908418961988,0.8435660633121478,0.24765050118661971,0.8760038363564602,0.6405640840530396,0.4523702561855316,0.8176956176757812,3.202820301055908,1.0,0.007238783873617649,0.08240638673305511,-22.908023834228516,57.670406341552734,3.7323546409606934,0.2948545217514038,0.0007,276.0,35.306109569880604,0.381144668963642,0.04839868098497391,0.21268784153005466
149680.0,-0.03283692492081577,1.1310099266108944,-8.76994514465332,3.985065221786499,8.76994514465332,3.81726667404175,0.0,-0.0001023409940967471,0.010251588679213337,-0.06647513219969871,0.039164201428164146,-0.032836925604460984,1.1310099241133067,-8.769945062802,3.985065176062763,23207.214943056802,1779.2989499201701,19973.872987118353,27531.060234247256,0.5101230385197,0.1854191882548429,0.03887593887385174,0.9255853919560867,8.76142247216891e-05,1.7763678291619722e-05,5.814411703163928e-05,0.00012087289405203692,0.7131146149262783,0.3922697869072288,0.3916775137344059,0.22989678605197542,0.8671723983782369,0.1619925072099526,0.9119699196660036,0.20839869099339656,0.8608048126534547,0.15728116966079186,0.8990136488053068,0.24243084608388354,0.8832523974630707,0.6410459280014038,0.4465937316417694,0.8439429998397827,3.205230236053467,1.0,0.008369764313101768,0.08365356922149658,1.8540083169937134,20.211957931518555,3.740168809890747,0.2502143979072571,0.0007,277.0,35.30988889563726,0.3652109127110821,0.061912402510643005,0.17545496682279468
150220.0,-0.007375544346157565,0.9776741944452569,-4.812016487121582,4.3154144287109375,4.812016487121582,3.069720849990846,0.0,-0.000430431070697717,0.008715146223506423,-0.046302164552221026,0.032830500748530944,-0.0073755442004297634,0.9776741910098927,-4.812016291692954,4.315414194700353,18619.635816433434,1794.4677483396856,14451.643114668337,21397.14336222175,0.5164968772895596,0.1734821307690634,0.11339344113326653,0.9676484697934108,8.051613105693462e-05,1.865226659332298e-05,5.557177610031092e-05,0.00011449657317089053,0.7248990601816856,0.3833104738485562,0.3860566603550931,0.2180158541866025,0.8308286597230864,0.186056896366973,0.8643802531696975,0.20509652645695253,0.9470656888881422,0.17502666959358493,0.8899078081135672,0.215804053395887,0.9383181210106766,0.6634361147880554,0.5091285705566406,0.8136420845985413,3.317180633544922,1.0,0.009790239855647087,0.04021858423948288,-3.180119276046753,15.413020133972168,3.5149457454681396,0.41386789083480835,0.0007,278.0,35.311566464847274,0.4797806204567733,0.1326237916946411,0.16441012880562061
150760.0,0.011232653230386119,0.9707435558283671,-6.194734573364258,6.338685035705566,6.338685035705566,3.513732018470766,0.0,4.2606871856966144e-05,0.009210100764387563,-0.0621112364293003,0.06162350812286516,0.011232654662158987,0.9707435505681311,-6.194734339183231,6.338684903405533,16839.224087340164,845.9429535213606,14684.031085269718,18580.561893565093,0.5216861042083694,0.18173146747922964,0.050286968016891115,0.9686358928307228,9.28759060491291e-05,1.2673509652071902e-05,7.21734313266445e-05,0.0001236653634342474,0.7225122421936602,0.38544410122632006,0.38884757788154983,0.218017573782731,0.9503732537991865,0.19154596117594988,0.8729684635397551,0.1915742056186982,0.9660772719755939,0.17378795374285025,0.8524045733191276,0.2250743056797707,0.9066290245926033,0.6731318235397339,0.5155435800552368,0.784227192401886,3.36565899848938,1.0,0.008554174564778805,0.03003184124827385,2.139960289001465,16.3929500579834,3.470045804977417,0.13622111082077026,0.0007,279.0,35.30825540269606,0.48777566313529236,0.08536851406097412,0.21921350507416082
151300.0,-0.02165370362215779,0.865352265843245,-3.683196783065796,3.9582338333129883,3.9582338333129883,2.9419763946533237,0.0,-0.00010180885808681892,0.005958552845549722,-0.025053671378903745,0.03074413870132292,-0.0216537011500162,0.8653522665780221,-3.683196858322332,3.958233881712294,16929.660573213452,831.3200736583807,14908.578148372788,18544.992047533746,0.5178423719183439,0.18555284823427756,0.05301910870055046,0.9426106201298783,4.999821559228224e-05,1.0997438805605751e-05,3.575751950686205e-05,7.986547508765404e-05,0.7168327195225048,0.3884708787188531,0.38880066988132495,0.2064256295066707,0.9184451379066851,0.2025272337789384,0.8392367569199454,0.2032968627632123,0.8815258397785197,0.1723851669044888,0.8761831711200041,0.21536510704668982,0.913551942055062,0.6631070971488953,0.5358201265335083,0.7608510255813599,3.315535545349121,1.0,0.0057000815868377686,0.03335192799568176,4.287338733673096,20.517419815063477,3.492184638977051,-0.05323970317840576,0.0007,280.0,35.30804172816282,0.48500595669156316,0.05988846719264984,0.2421509074941452
151840.0,-0.013168826045822007,1.293929312144731,-5.263944149017334,9.87662124633789,9.87662124633789,4.6753566217422495,0.0,-0.0008531073698315091,0.0127562076534694,-0.06296478228775061,0.07146730903659863,-0.013168828136387069,1.2939293054977572,-5.263944376110111,9.876621035300309,12829.704617838062,1233.9357603998017,8948.825315078715,15501.275699982782,0.5151710173197126,0.17605532824286255,0.05610300332747338,0.9144257798117068,0.00011705588719611407,4.5173404911028795e-05,3.9654698013546475e-05,0.0001951674905318651,0.727633456351781,0.38147944820454366,0.38466901140182524,0.204729372674636,0.9253486590941269,0.19071561231144224,0.8804177905834089,0.20622996241981495,0.8723807959382728,0.20108483420207385,0.8783260942702584,0.19724021839203296,0.8750550088622636,0.7035958170890808,0.5760837197303772,0.8422664403915405,3.517979145050049,1.0,0.007634366862475872,0.019979378208518028,11.840959548950195,51.17329788208008,3.393380641937256,0.1177625060081482,0.0007,281.0,35.29797486531503,0.4499023903118346,0.054892443120479584,0.17740656713505074
152380.0,0.05074979973853462,0.9628442260680437,-3.9287972450256348,5.579593658447266,5.579593658447266,3.1154885387420665,0.0,0.00021230084929044216,0.011402267476223124,-0.05213102495162714,0.054676379990197206,0.0507497996034445,0.962844222286682,-3.928797165273929,5.579593558291022,9263.746764823032,406.3396083822308,7904.207226819512,10045.633488250538,0.5176997046767019,0.18025085358069545,0.0617722659670021,0.9296076033447077,0.00014733225887290347,3.252164268225687e-05,0.0001079068255615392,0.00021235511447721076,0.7258437877069847,0.382958148508816,0.3858744648132075,0.22752775113285323,0.9038695043880335,0.19070876216009724,0.8688424266034652,0.1967435364137017,0.894208384963995,0.18964548163691164,0.8691386843537979,0.19537446865643615,0.8193201132731844,0.6961667537689209,0.5661947727203369,0.8133845925331116,3.4808337688446045,1.0,0.008042283356189728,0.022209376096725464,-3.1587796211242676,8.020709991455078,3.411947011947632,0.5605383515357971,0.0007,282.0,35.30884805311883,0.4037484849205306,0.045754607766866684,0.20965676229508196
152920.0,-0.0014260868822155452,0.8744931596090575,-4.338348388671875,4.3935866355896,4.3935866355896,2.8498596048355123,0.0,-5.1878408744575195e-05,0.007664201834806326,-0.03655529714278653,0.04235341850149104,-0.0014260856507878118,0.874493156213865,-4.338348151455573,4.3935866665474395,9473.75929518964,612.9118774594815,8412.211270934782,10697.944757065417,0.5060854623626558,0.17968318341023753,0.0543921146467418,0.9733617264451832,7.99974913803158e-05,1.44151104268255e-05,5.990764510149221e-05,0.0001172585437247129,0.7342178433260186,0.3756373443661062,0.3795756182387799,0.22923051493194455,0.8899746340355859,0.19549893624016207,0.8818863317166302,0.18922858937769843,0.8353754493031269,0.20505723427209946,0.8570169025439495,0.1809847251780955,0.8704939107441675,0.6978542804718018,0.5913732051849365,0.7866598963737488,3.489271402359009,1.0,0.006402626633644104,0.018177900463342667,6.252686977386475,27.014680862426758,3.3993210792541504,0.15059268474578857,0.0007,283.0,35.30384713306826,0.4623603513895387,0.061056897044181824,0.23937597580015613
153460.0,0.011950873525347561,0.9243177617420352,-6.951079845428467,5.808653831481934,6.951079845428467,3.2608102130889907,0.0,0.00012570848328762133,0.006768278832063749,-0.04879105498389338,0.03593772051098663,0.011950873836748714,0.9243177674843477,-6.951080036343262,5.808653759897306,9293.890053938989,281.7049058702522,8634.358430960867,10168.81033076907,0.5044374775017659,0.18469529819484845,0.08001029911996492,0.9417660969372422,5.4523644520246025e-05,1.3807733919892504e-05,3.0310557611330234e-05,7.477407918528436e-05,0.7295655750460963,0.382183067919436,0.38141595660614086,0.21977284757664883,0.9230034706703414,0.18459140411702196,0.8730323420366463,0.20331959853630388,0.8783244291235153,0.19746869675375064,0.9455740354942955,0.19484745301627476,0.9173850600829151,0.7031213641166687,0.59681236743927,0.798626720905304,3.5156068801879883,1.0,0.00522907730191946,0.01699349656701088,1.806002140045166,12.86710262298584,3.38746976852417,0.12836813926696777,0.0007,284.0,35.29814242011979,0.4631585797576281,0.055504705756902695,0.26710699648711944
154000.0,-0.03614821733407788,1.2095760715153505,-17.10457420349121,7.394353866577148,17.10457420349121,4.223926963806153,0.0,-7.125124333110846e-05,0.009785285502346284,-0.0935672631285211,0.07606525416912324,-0.036148218581003415,1.2095760786445484,-17.10457447434202,7.394353832917821,10041.690205725014,787.0989168342999,8727.10518994325,12170.536628653666,0.5138793540479043,0.18054959333502693,0.10467967043493884,0.9495817133386004,8.931792287256739e-05,3.920494749337177e-05,3.602346840396658e-05,0.00016264048263877487,0.7310707869935277,0.37843389094109164,0.3800095657659833,0.20924989215396822,0.8509679460459425,0.2023051308949921,0.8844542328318092,0.2104792608451063,0.8760647449422874,0.18782642362581392,0.8558657659998281,0.19013929248011946,0.8989827982027832,0.6886526346206665,0.5498558878898621,0.8016600012779236,3.443263053894043,1.0,0.0073296078480780125,0.021211985498666763,16.294647216796875,85.8910140991211,3.422039031982422,0.08794301748275757,0.0007,285.0,35.295259535122376,0.46352783623889604,0.05412944033741951,0.219024443793911
154540.0,0.02935751125031082,0.9044509269551253,-4.458011627197266,5.246525764465332,5.246525764465332,3.6427546024322512,0.0,0.0002879691672915773,0.005940559920818007,-0.03396162686217375,0.058499298449639484,0.029357511391371008,0.9044509263848899,-4.458011447115029,5.2465256031776875,9704.29984983407,794.5090121174788,8585.388691954015,11171.826778131139,0.5186954104797902,0.18261566150093428,0.04526362925921071,0.9635689524138273,3.909064164631229e-05,9.517178370103275e-06,2.38850939653328e-05,5.3955497316926045e-05,0.7195839591991922,0.38944861068475856,0.38673775615634703,0.21732440366443947,0.9105563127405165,0.1951787648039029,0.8963870353974225,0.19194097485273864,0.9136844434804863,0.19617608051719182,0.8800899761147524,0.19937977616172717,0.9220854713001535,0.6776795387268066,0.5637384653091431,0.7989711761474609,3.3883979320526123,1.0,0.005967333912849426,0.025742923840880394,-11.06627368927002,34.36088943481445,3.4522359371185303,0.19486230611801147,0.0007,286.0,35.29571642503829,0.4633483037596062,0.06401637196540833,0.28584845823575333
155080.0,-0.038919201265175445,1.1172055835945067,-12.33873176574707,4.879242897033691,12.33873176574707,3.746674077510835,0.0,-4.089544720156528e-05,0.0065858355723664936,-0.058294217005437604,0.028141290328921872,-0.038919199637687925,1.1172055794848854,-12.338731550165594,4.87924308551665,11244.502881002343,445.4071666714596,10136.145460532709,12157.47269958603,0.5158854124204564,0.1721424062996273,0.07027303897155937,0.9326507727583623,3.794201350729093e-05,5.022685678186881e-06,3.0473661472585244e-05,5.902710417709383e-05,0.7277187201684546,0.37943118873138487,0.3841427615473005,0.2138493836383555,0.9021665663461554,0.18586214051144534,0.8520464047179698,0.19733755633695063,0.8468814922640926,0.18751477942526076,0.8507106678375055,0.21543614008798773,0.8546741155765603,0.6762458682060242,0.5505611896514893,0.7950159311294556,3.3812294006347656,1.0,0.0057784137316048145,0.026029029861092567,9.678157806396484,28.726215362548828,3.4529573917388916,0.2203724980354309,0.0007,287.0,35.29635554089569,0.4193995901423756,0.059117309749126434,0.2531164617486339
155620.0,0.015335755510669615,0.9135160315822096,-5.2220139503479,4.651429653167725,5.2220139503479,3.6003060007095398,0.0,0.0004386681211348984,0.006845686931610562,-0.03169201576394607,0.040256310265495955,0.01533575504137007,0.9135160345818574,-5.222013972947893,4.651429822176212,13067.10041925141,618.9475114559473,10330.281373635571,14230.717924906945,0.5077107595851608,0.18036794100902256,0.06472594886311082,0.9562107833312092,5.503568593534915e-05,1.4622957301110615e-05,3.414918852819313e-05,7.805357140488083e-05,0.7239899889483402,0.38552011117525364,0.38568854999393715,0.21486296542734218,0.9837617166493096,0.1915041099697167,0.9283176496270715,0.19838420984738178,0.8418036275940054,0.1873758892141921,0.906777720312408,0.20787282554136724,0.9002468943064692,0.6711941361427307,0.5376216173171997,0.7908697724342346,3.3559703826904297,1.0,0.005747944116592407,0.02854497916996479,2.940200090408325,21.94318199157715,3.4670937061309814,0.17892903089523315,0.0007,288.0,35.29983396621048,0.43638595189651885,0.057644642889499664,0.2676802790788447
156160.0,-0.03239830817048507,1.1082064357856698,-14.709399223327637,3.401156425476074,14.709399223327637,2.9148154830932618,0.0,-0.00012375782266177193,0.005710165621777572,-0.058163299159288064,0.023427990686455596,-0.03239830922593964,1.1082064367241566,-14.709399024043151,3.4011565092314755,13039.594270463633,319.5820698046679,12070.164748999074,13665.325650694871,0.5005635408950864,0.18110190482667354,0.09292764468342696,0.9433358679293515,3.247479134723876e-05,8.997790084852174e-06,1.8586873842888475e-05,5.340710644883527e-05,0.7247434115702815,0.38357871980977143,0.385757109381775,0.2246836656695283,0.9721317452433607,0.19571628897823484,0.904183442491967,0.21244386177895044,0.895813498812836,0.17337155507078514,0.9099520421564876,0.19378462850250128,0.9129579756805093,0.6748067736625671,0.5669268369674683,0.7705143094062805,3.3740339279174805,1.0,0.005343798082321882,0.025108449161052704,7.419387340545654,28.45431900024414,3.453821897506714,0.16420847177505493,0.0007,289.0,35.30077989130412,0.4434330314281696,0.05513881891965866,0.2930754781420765
156700.0,0.006182433358750401,0.928422816138844,-6.954117774963379,7.7095046043396,7.7095046043396,3.4443920254707345,0.0,-3.9755939567944316e-05,0.006300235709919011,-0.05859428917698648,0.05473150327396329,0.006182433517271992,0.9284228151284246,-6.95411769677424,7.709504429370055,12161.337299260167,537.4065988016321,11035.305972883962,13291.886589204047,0.5055197891418813,0.17536573340429723,0.07044799326157546,0.9742181066511677,4.282308132158316e-05,7.490208584724444e-06,2.703515051903214e-05,5.865527403290256e-05,0.7307985321757694,0.37926228216841534,0.3805526523795931,0.23292282609863976,0.8230710989757228,0.17894784867625713,0.7834513132685005,0.1905164604391813,0.8493986164646089,0.18707856906061673,0.8586273506725759,0.21053429572530505,0.9486264962478683,0.671528697013855,0.5207337141036987,0.7950801849365234,3.3576436042785645,1.0,0.006996174342930317,0.029495831578969955,-4.07857084274292,24.957225799560547,3.471587657928467,0.31268376111984253,0.0007,290.0,35.30482162400568,0.4710824493816003,0.0533568449318409,0.2709858021077283
157240.0,0.010471605844321418,0.7818089882234047,-5.177163600921631,9.420201301574707,9.420201301574707,2.2572045588493355,0.0,-0.00021508497842072597,0.005381491707892185,-0.08741779749870171,0.0446777810613207,0.010471604826688857,0.7818089817998259,-5.177163822282932,9.420200980982907,10994.167130853875,671.2325637954187,10029.677141058475,11819.714416526172,0.49138638114918,0.1712369114940407,0.04341209882364781,0.9872247015386172,2.8244896620223142e-05,1.2532276024904515e-05,1.132468817065733e-05,5.489194232219418e-05,0.737274638095177,0.37167896717688703,0.37599628412251807,0.22933318559212812,0.9221034939362219,0.19923395726988996,0.9889455344927879,0.19215966965734296,0.8506575115870636,0.17733625504908448,0.8328613808554064,0.20193693243155447,0.7994301289341221,0.684795081615448,0.5807430148124695,0.7928115725517273,3.4239754676818848,1.0,0.005618534050881863,0.020078379660844803,-1.3702811002731323,8.354996681213379,3.426924228668213,0.41233301162719727,0.0007,291.0,35.30968528405699,0.47254280928047926,0.053821075707674026,0.28727556596409054
157780.0,0.04224585940402768,0.8764128605109021,-4.4394965171813965,5.638988494873047,5.638988494873047,3.2578066873550418,0.0,0.0001458288885619688,0.0037771654726137588,-0.017906163898561794,0.024652497481595797,0.04224585962255192,0.8764128574349874,-4.439496608887631,5.638988311189003,10406.834029306689,189.10715827245315,9837.055832080407,11125.25595936042,0.5118195009838844,0.17464151399950206,0.06524446516812325,0.9361748402105116,1.9315191158135586e-05,3.898423956162647e-06,1.3689654901922794e-05,2.87585713456436e-05,0.7295184300202918,0.3803517192338541,0.3806269474036648,0.2249943308472811,0.9284363048047488,0.19016954908322198,0.9869662896121869,0.1981611673206561,0.8379437587861143,0.19260010398782904,0.8974252592870776,0.19407484876101178,0.8430049968342949,0.692031741142273,0.6083935499191284,0.7675996422767639,3.4601588249206543,1.0,0.005337894428521395,0.016470231115818024,-6.12680721282959,20.21819496154785,3.4087791442871094,0.1559317708015442,0.0007,292.0,35.31476012520952,0.4799081591197087,0.06346959620714188,0.30888953942232633
158320.0,-0.012539226396216286,1.1563999292775708,-10.601320266723633,4.167304992675781,10.601320266723633,3.4191712093353304,0.0,0.0002462688444920637,0.00548482561621659,-0.03561185038638933,0.02366026250115899,-0.012539228620493127,1.1563999332743404,-10.601320102612158,4.167305021573048,11876.066632868673,363.417585872468,11038.17431145701,12721.797187117,0.5032210675358053,0.185956532255501,0.08342768310931847,0.9795368526462855,2.5974222713204076e-05,3.121718258667333e-06,1.508032491339181e-05,3.440868303900957e-05,0.7306288164805314,0.3798366257719117,0.3811811842730669,0.21740258020659026,0.8386929453534405,0.20055296840257447,0.8648387084459519,0.19397077279653496,0.9752979341542372,0.20756450616549366,0.8572166028622256,0.18050917242880662,0.8910787319861151,0.6842800378799438,0.5582197308540344,0.7765042781829834,3.421400547027588,1.0,0.006568250246345997,0.020717840641736984,7.033145904541016,21.07149887084961,3.4299869537353516,0.21739798784255981,0.0007,293.0,35.30976050073879,0.482512835258306,0.07031150162220001,0.28632416081186574
158860.0,-0.010214239458501752,1.0978464860914867,-9.711519241333008,5.203458786010742,9.711519241333008,3.5850294566154575,0.0,0.0002650166141828157,0.006305702102674732,-0.0485450029907001,0.04038489276220506,-0.010214240422161696,1.097846479634709,-9.711519006922124,5.203458698080624,13623.463446868313,712.2116704942358,12243.350428965943,14839.245861690304,0.5057824993532769,0.1758891617421862,0.05710845499418022,0.9155881286649008,3.5472865141877166e-05,8.60402261924352e-06,2.428894646268513e-05,5.1061853163000335e-05,0.7281751086108126,0.3813279012934585,0.3812489452240589,0.2117587016134753,0.8896534426843198,0.19992121783582745,0.8149161293269165,0.2002630015939747,0.8622207206156239,0.19389369952728666,0.8826512242168155,0.19416337942943593,0.8953920790425705,0.6819618940353394,0.5437201261520386,0.7668139934539795,3.4098095893859863,1.0,0.0070231095887720585,0.02218332141637802,4.656816005706787,16.05240821838379,3.4362263679504395,0.3595348000526428,0.0007,294.0,35.30799699964676,0.48557507985596615,0.061537642031908035,0.2648748536299766
159400.0,0.012869733010194506,1.217081565754029,-16.551372528076172,4.1117730140686035,16.551372528076172,3.3720320558547976,0.0,0.0005636741360822435,0.006696426496635687,-0.06693369997035417,0.05550039408242369,0.012869732842714048,1.217081576595112,-16.551373059325133,4.111772919967846,15760.70309830522,1740.427483399491,13597.451107434847,20293.372195299165,0.526031249768384,0.17002408491201226,0.034127520788081504,0.9105207507949156,3.0921123112378464e-05,8.115099496872178e-06,2.2036449840389717e-05,7.582838913653078e-05,0.7205981556432333,0.3860925194498675,0.38903389511120723,0.2019886758187476,0.8166135014341287,0.19986908054569183,0.9412330398098503,0.17729124318885542,0.9117548631841359,0.19192996220888012,0.9043420443716956,0.22892103823782503,0.8939091321794643,0.6707436442375183,0.5445541143417358,0.7651584148406982,3.3537180423736572,1.0,0.007410923484712839,0.030328664928674698,-8.84913158416748,32.01972961425781,3.471212148666382,0.32557034492492676,0.0007,295.0,35.3082927397246,0.4890342274916692,0.06245594099164009,0.24923765612802498
159940.0,-0.044265532159032,1.0190581213427325,-5.047389030456543,4.00270414352417,5.047389030456543,3.739757709503174,0.0,0.00013685658707093056,0.008813333927985095,-0.041919321070024274,0.043534711190845475,-0.044265530054575,1.0190581228509512,-5.047388991144531,4.00270429081431,22058.973010739966,1251.1106336842224,19531.761885124197,24290.111817676112,0.512979436856247,0.17657685544291196,0.06984274458378083,0.9592692370937477,7.52919501576306e-05,9.41869901848077e-06,5.470638444137317e-05,9.37835304004005e-05,0.7162231822658022,0.3900222445786113,0.3912881285780065,0.1957467270816439,0.8844772564929763,0.17805487698202274,0.8624624778625667,0.2078995221346143,0.9430441552280412,0.18978442708224638,0.9216797510369429,0.2285144467194727,0.9397616832578379,0.6662708520889282,0.5218289494514465,0.8230559825897217,3.3313541412353516,1.0,0.010140863247215748,0.03629555553197861,11.889650344848633,28.509536743164062,3.499789237976074,0.3933771848678589,0.0007,296.0,35.30798832040018,0.4809345077250532,0.06113769859075546,0.19687378024980484
160480.0,0.020288259637783523,0.7566915931935796,-4.736138820648193,4.558799743652344,4.736138820648193,2.929276666641242,0.0,0.00010723119773037908,0.00528975976404709,-0.040243138890649656,0.027237377656153958,0.020288259146450476,0.7566915970789322,-4.736138870274475,4.558799774451988,20631.80227252156,493.6589523433851,19196.946401202884,21492.45209631069,0.5062675090591087,0.17729383561221648,0.1000970899638355,0.9472852617739256,4.8659181290511286e-05,1.4891503643796092e-05,2.5115422140587635e-05,8.099655218145474e-05,0.7245949362287918,0.38320978659505717,0.38587683795712074,0.21077789210884706,0.9173415559388886,0.19255614133214338,0.858105847023474,0.17978916558861824,0.8679494855662231,0.19208526765188003,0.9246843880712226,0.22479153331851132,0.8973073461496842,0.6604979634284973,0.5327171087265015,0.7872413992881775,3.302489757537842,1.0,0.0057409279979765415,0.036809928715229034,-13.8817720413208,19.618213653564453,3.5055325031280518,0.5184866189956665,0.0007,297.0,35.30619460013786,0.4775177778646435,0.0649900734424591,0.24071770101483217
161020.0,0.002183526956596998,1.0170518301392748,-5.015476226806641,4.256319046020508,5.015476226806641,3.560085651874548,0.0,-8.205625798162745e-05,0.005733894854599602,-0.04773232048405567,0.02226625505671299,0.0021835262259212052,1.017051836400684,-5.0154763597565575,4.256319022658115,19891.277426811437,1356.5123242624754,16837.229530307275,22777.193558998624,0.5056508881637287,0.17257941172406915,0.10437662223218289,0.9025242752978367,2.8900346376257884e-05,6.101335877275386e-06,2.0987847147918645e-05,4.253444494357067e-05,0.7249221511727332,0.384817543763187,0.3853530891076933,0.20185721642492416,0.9641433603112135,0.20230108019541934,0.9394612567136167,0.19113277845081464,0.821618444940702,0.18705466915493182,0.9047754467900462,0.21765425577391004,0.9355707349377617,0.6768601536750793,0.5567668080329895,0.8228298425674438,3.384300708770752,1.0,0.008086787536740303,0.0267468374222517,-3.9876296520233154,43.72977066040039,3.4535231590270996,0.33736294507980347,0.0007,298.0,35.30904516305521,0.4888952336117155,0.058562975376844406,0.1881891588602654
161560.0,-0.013386645463416008,1.073733193370964,-5.064562797546387,9.646008491516113,9.646008491516113,4.459030952453617,0.0,-0.0001323182916648835,0.007460623833730068,-0.0516052250886715,0.051266534333561625,-0.013386646810683784,1.0737332014322098,-5.06456302551276,9.646008912344467,18755.614304543527,1038.5436500340961,15654.201682465124,20639.448682979186,0.49941124609064136,0.17224051792000208,0.12273317849440399,0.9113468428939323,5.241824866040534e-05,1.8191818214223628e-05,2.883900456550916e-05,8.594951340743725e-05,0.7401511259732517,0.37082406650197236,0.3748223869599879,0.19694076673347502,0.8796116896154503,0.20520018084514455,0.9111060797131739,0.19437512174747396,0.8685011808078132,0.20109581767490478,0.9239256098032509,0.2023881129990017,0.8536683443996436,0.7008146047592163,0.6197992563247681,0.8276646137237549,3.504072904586792,1.0,0.007263798266649246,0.014949344098567963,4.880876541137695,21.56804656982422,3.3918662071228027,0.4405866265296936,0.0007,299.0,35.308897942706686,0.49688107149592053,0.0714159607887268,0.20976044106167058
162100.0,0.01298453977603155,0.9363583648610151,-4.469728469848633,5.069025993347168,5.069025993347168,3.4590994882583637,0.0,0.00011371781495971893,0.0054801212109727646,-0.027208223533100383,0.02491172713720547,0.012984538820761091,0.9363583639011126,-4.469728314264029,5.069026152571846,18835.935290781996,632.1144321662789,17460.112898517444,20204.210471942824,0.5024625693579148,0.17869372397329036,0.09163408098953069,0.9261551508403478,3.533421487221369e-05,6.215415420970912e-06,2.4806961406558618e-05,4.545783939781223e-05,0.7354635743238618,0.3778568575373088,0.3763801266139129,0.19958405892329467,0.8425166181519036,0.19879746855851105,0.8726101076040342,0.18652063683741005,0.7978164867339409,0.21121631482530048,0.8725278878860145,0.2038815208554838,0.8915803954817578,0.6985164880752563,0.6136946082115173,0.7963683605194092,3.492582321166992,1.0,0.0067640645429492,0.014225211925804615,2.1691784858703613,16.608741760253906,3.3937771320343018,0.3273472189903259,0.0007,300.0,35.309975836181756,0.49637288000185664,0.054185785353183746,0.2928925156128025
162640.0,0.017913324338237377,1.0947245775635321,-6.750638008117676,6.25986909866333,6.750638008117676,4.099448697566993,0.0,0.0005050227745128198,0.006593994646938672,-0.03164039187456356,0.03646183020703973,0.017913324190935782,1.0947245718835177,-6.750638080791127,6.2598688787575325,21719.02743729452,2241.5176202034,18845.01520586596,25603.347161611506,0.5145969374421273,0.17791883261933084,0.07295682113803621,0.9327999202640815,3.6814677842786624e-05,1.4975685707754022e-05,2.0167184263731157e-05,5.9942383444693826e-05,0.7249716967692418,0.38491559718785384,0.383549609679652,0.19855013449052855,0.9563249726901425,0.18444922573115172,0.9689589279461043,0.1861229059097453,0.891454543993639,0.19741522588786284,0.9182378510307007,0.2334625079807116,0.8855074314211521,0.6727622151374817,0.5377501845359802,0.8159923553466797,3.3638110160827637,1.0,0.008618107065558434,0.026791831478476524,-9.272809982299805,24.27850914001465,3.466951370239258,0.4900302290916443,0.0007,301.0,35.3102302020532,0.49702709250039867,0.06239405274391174,0.23223433840749413
163180.0,-0.036106089497399,1.015332134668119,-5.33882474899292,5.548158645629883,5.548158645629883,3.8703664898872403,0.0,4.095332240782366e-05,0.008948230137566175,-0.040687342448215966,0.0682282650502268,-0.036106090393471166,1.0153321353076987,-5.338824620697775,5.548158632914387,27070.88365761163,1348.0412245217951,24052.910404091253,29991.34964769652,0.5172686301700781,0.18189490417280316,0.0615017868735596,0.9593451243880191,7.657061498282596e-05,1.3466120560681436e-05,4.6944027830491475e-05,0.00010110066943562056,0.7109561721901699,0.3931800652987617,0.3944931109897493,0.2155133192901181,0.9221359545023644,0.18317629101459917,0.8939439760500432,0.18925407449829704,0.8276122570819873,0.18536136791244642,0.8485035777766688,0.22669494728453926,0.9381719647212619,0.6572619676589966,0.4963180720806122,0.851662814617157,3.2863097190856934,1.0,0.008624386042356491,0.040400102734565735,2.57190203666687,14.525407791137695,3.530372142791748,0.32928454875946045,0.0007,302.0,35.307943066271726,0.4598105431597702,0.10014695674180984,0.17762612217017953
163720.0,-0.014808776955410226,1.075066997482198,-6.619393348693848,5.6473188400268555,6.619393348693848,3.9349967718124423,0.0,-0.00012555835383802288,0.00951821254516083,-0.06542196407174343,0.04607185121551756,-0.014808775383744758,1.0750669905846353,-6.619393206334893,5.647318690718394,26786.393348483576,1772.3095451207466,21863.305391422877,29874.256772538578,0.5017134485674785,0.18265085278790097,0.06310970084968373,0.9501148901962737,8.019169300457143e-05,1.3567346818102022e-05,5.633531577329377e-05,0.00011020799149715441,0.7133461816471947,0.3927430761223606,0.39293218454392015,0.20771890938243304,0.8634988037366464,0.18524689558858567,0.9152407499142895,0.18876101633613757,0.9403741489300492,0.18674468388080068,0.8490436633627692,0.23152849481204307,0.8484740646932063,0.663131594657898,0.5228896737098694,0.8215870261192322,3.3156580924987793,1.0,0.009519107639789581,0.04133560135960579,2.8301291465759277,9.790031433105469,3.5130746364593506,0.5037697553634644,0.0007,303.0,35.31028873683312,0.4783965120890689,0.08767761290073395,0.16034226190476192
164260.0,0.026458369062230404,1.0898770182139048,-4.240545749664307,12.210470199584961,12.210470199584961,3.3419392609596255,0.0,-8.391158398317379e-05,0.008840795940505691,-0.03885548564983505,0.08148555804260106,0.026458369231280875,1.0898770228050028,-4.240545894619773,12.21047054226462,21762.830954615325,885.5607238093103,18860.967759929743,24210.39445375497,0.49903636252586553,0.18043234202288594,0.050386737133018875,0.9599865377387486,7.752837723841632e-05,1.9982203795040752e-05,4.753415072697921e-05,0.00010924797259010751,0.7379834714142456,0.3750309973496252,0.37683038281978476,0.19885544280849834,0.8583189805116552,0.2016129732285289,0.8730529847582433,0.20198924850876612,0.8219819901202307,0.19848042837855015,0.9267008153024054,0.19906190707565646,0.935260575190468,0.6946995854377747,0.5783665180206299,0.824292004108429,3.4734978675842285,1.0,0.008351055905222893,0.0186426043510437,-4.457353591918945,10.333932876586914,3.4060800075531006,0.505332350730896,0.0007,304.0,35.31293384804607,0.49192959670545044,0.08616264164447784,0.2070830893832943
164800.0,0.009786067694895555,0.8747505386586373,-6.3172125816345215,3.6852917671203613,6.3172125816345215,2.9157068777084354,0.0,0.00028238014821290646,0.006048963800910405,-0.035467023061655806,0.027217598691484362,0.009786067644090951,0.8747505391262882,-6.317212641208368,3.6852917193295682,23253.066744504325,1602.886779484983,20785.041468218395,25791.163504827917,0.4907149726340805,0.18051824648977952,0.06881910200285528,0.9239889236312934,5.3131325116012024e-05,1.1414109343502527e-05,4.146222504233229e-05,8.60742897427977e-05,0.7281671869294513,0.38213023337451396,0.38397385987792143,0.2066658597147418,0.9213567795957344,0.2022264897905951,0.8743872624957957,0.19024035856508983,0.9262717036251978,0.19775524114718204,0.8438328842491042,0.2031120507823912,0.9273788540224475,0.6964111328125,0.5246179103851318,0.798283576965332,3.4820556640625,1.0,0.009820830076932907,0.01923191174864769,2.888845920562744,9.720491409301758,3.4074339866638184,0.5411680936813354,0.0007,305.0,35.31212740300416,0.49755256370504414,0.08491545915603638,0.2295996779859485
165340.0,-0.10399044011109153,1.843207438498093,-15.170462608337402,7.994666576385498,15.170462608337402,7.392932009696981,0.009259259259259259,-0.000632470326239684,0.025153911074651147,-0.13852330314267566,0.11861525889024546,-0.1039904401238751,1.8432074354600971,-15.170463060093814,7.994666515591103,9871.256249249682,4907.9826451439385,4512.779931214275,25086.7191243987,0.5179924188470201,0.18440274696165596,0.08531495279056288,0.9367221070246672,0.00042797269602657,0.0002445615026662506,3.320487694661932e-08,0.0007097658930761554,0.7149696642111549,0.39320135299820413,0.3914602980539073,0.23273647335498782,0.9117816704674959,0.1725663069320707,0.8641056716180499,0.20361197383094073,0.8957194044008323,0.17609601142564865,0.8829789472263576,0.21498923445635212,0.8794805448643799,0.6518118977546692,0.445951908826828,0.8540418148040771,3.259059190750122,1.0,0.014127388596534729,0.056463971734046936,6.925387382507324,49.04351043701172,3.6090879440307617,0.31991541385650635,0.0007,306.0,35.30895587499684,0.3576209123331352,0.0694250762462616,0.15132220921155348
165880.0,-0.006617783801414556,0.9066826902561581,-4.419681072235107,9.041008949279785,9.041008949279785,2.8657977938652075,0.0,-0.0004868198087859543,0.01564853474966184,-0.07385345363408563,0.12064203163392,-0.006617782638190449,0.9066826969586831,-4.4196809599752696,9.041009371448485,5617.259417373215,727.5035317898587,4059.699083459897,6765.275545989084,0.5068277939615661,0.1844255931448471,0.0715739568214574,0.9328873324418442,0.00034746076549634633,7.514173287152312e-05,0.0002656027853738418,0.0005548346541851526,0.7164373690166069,0.3898866081021554,0.3921247284911039,0.2472212303596501,0.9858034724147332,0.1777556799338268,0.975151600558976,0.18391289774261785,0.8042013986568455,0.17900049943279095,0.866102413085679,0.21210969253111434,0.949556298150473,0.6492549180984497,0.4728832542896271,0.8448659777641296,3.246274709701538,1.0,0.01040864922106266,0.057378776371479034,-4.733999252319336,10.435379028320312,3.6071228981018066,0.1818997859954834,0.0007,307.0,35.31751467633918,0.3863091164846271,0.08382492512464523,0.2226227068696331
166420.0,0.0027508605672024984,0.8377193756871023,-4.53481912612915,3.4058656692504883,4.53481912612915,2.8266759371757546,0.0,0.00033918774388495723,0.010088265688690805,-0.04379242054393516,0.045803213333303616,0.0027508597693929565,0.8377193774265129,-4.534819137950396,3.405865675227282,5466.768862992799,558.0730436847766,4391.995894513321,6559.8365658232,0.5150715003934639,0.182600697372487,0.05679532875953358,0.9325812307143386,0.0001614728486175318,4.6900939067607436e-05,0.00011124233158115742,0.00027658218619191105,0.715459840204793,0.3897843010080083,0.3930526809217481,0.23525421998186005,0.967416883950886,0.18955471059273277,0.8888069055950433,0.18467332712272383,0.8961499331295141,0.17309700423425617,0.8841816893088912,0.21742073806842727,0.8630050706087425,0.647468090057373,0.500983715057373,0.8506677150726318,3.2373404502868652,1.0,0.007593193557113409,0.06042125076055527,-3.9270358085632324,33.610565185546875,3.6198675632476807,0.11123895645141602,0.0007,308.0,35.31505696160596,0.45200716932145907,0.0452299565076828,0.2580381537861046
166960.0,-0.012393950071418658,1.076454835400572,-4.180171489715576,9.264283180236816,9.264283180236816,3.4842921900749206,0.0,-0.000539264342802509,0.011028162048257233,-0.04847095102602668,0.07400904329467092,-0.012393949756976306,1.0764548378465388,-4.180171325637058,9.264283370136965,4764.980122999932,544.4075334869096,3457.170617209507,5437.647241933623,0.5189250656463121,0.18105114592487814,0.0789943399842665,0.9531470505593832,0.00011384046714857016,1.590907166303765e-05,8.932632321081738e-05,0.000158230660140607,0.7172532680764063,0.38901791407301634,0.38800823405473844,0.22856139616636104,0.9077746690593026,0.1733140141211259,0.8566803743044837,0.21174190118401628,0.9412184950402408,0.20093470343217812,0.8811631458175643,0.18544798509631863,0.8277711619154572,0.671347439289093,0.5402781963348389,0.8453578352928162,3.3567371368408203,1.0,0.009137661196291447,0.04156433045864105,5.9414496421813965,20.720706939697266,3.5081615447998047,0.24485844373703003,0.0007,309.0,35.31251818978468,0.46616460994257936,0.044977959245443344,0.27610875292740045
167500.0,-0.002991304854984062,1.000979234133051,-4.655828475952148,8.526994705200195,8.526994705200195,3.4790524935722353,0.0,-0.0006024699326681992,0.009942469718069143,-0.09976835688668219,0.054670073243180684,-0.0029913037298828385,1.0009792340939287,-4.655828584146775,8.52699452335564,3430.0445135605514,340.3918602786856,2399.3288537621506,3932.522444572316,0.5211623625615983,0.17679635411659655,0.06057108488767984,0.9321001370425328,8.742339742704557e-05,2.364401948903755e-05,5.805947768266795e-05,0.00016720749324546316,0.7320105385749001,0.3784687774920586,0.38007292501329193,0.20596994032315694,0.8635037086078104,0.21516385719610856,0.9616525825116119,0.1964516865775343,0.9380468761305202,0.18122327497502289,0.8439905314666015,0.20119124092817733,0.8564366618503196,0.6837033629417419,0.5451503992080688,0.8513636589050293,3.4185168743133545,1.0,0.009411819279193878,0.03368289768695831,2.828493595123291,21.926544189453125,3.4607534408569336,0.30695319175720215,0.0007,310.0,35.314961435919365,0.477857621727638,0.060301024466753006,0.2580320550351288
168040.0,0.03335513184838756,0.9125935176408853,-4.941584587097168,4.819833755493164,4.941584587097168,3.297416203022005,0.0,0.00011381668342963021,0.009820966308125487,-0.06133902652261669,0.044730232207516936,0.03335513199571895,0.9125935167508853,-4.941584374447386,4.8198337202699735,2654.1269045462245,158.9781877024027,2216.499443305927,2965.5629023850697,0.5156663398042295,0.1718392814501883,0.06486853823590477,0.9511648318231144,0.00012067656648107577,1.755370777321271e-05,9.148556262544518e-05,0.00016642748771688814,0.7296889632421238,0.3810144643949843,0.37903962799132734,0.20770589757559402,0.9246090639155501,0.19366710613952964,0.9627101001454585,0.18228196566877652,0.8563663058267987,0.2164391777570212,0.9592185403746278,0.19990585285907855,0.8311151819572472,0.6871747970581055,0.5662677884101868,0.8298942446708679,3.4358739852905273,1.0,0.00873434916138649,0.029369577765464783,-1.413339614868164,13.674603462219238,3.444037914276123,0.3983757495880127,0.0007,311.0,35.3201932672387,0.48440701652459456,0.04702306538820267,0.2792374121779859
168580.0,-0.0059446970457901005,0.7790489888659627,-6.178472995758057,10.508362770080566,10.508362770080566,2.2459202551841746,0.0,-0.00012854157824909287,0.0056145957970453126,-0.047277350991141484,0.07038028720375028,-0.005944696294680012,0.7790490013004775,-6.178473174047686,10.508363203822277,2546.5699163404897,79.77931338587737,2408.3436051952253,2702.9404078494335,0.5160921618939291,0.17383733884820887,0.06354880324012233,0.9209508402368941,5.8952056011266765e-05,2.1049741162194187e-05,2.755706702532794e-05,0.00010147706702036051,0.7272842144823704,0.38311481138770087,0.3838628066366268,0.21791811290452215,0.883157211221277,0.2074476765414936,0.9274902566206142,0.19768843943841594,0.9437555360347544,0.20124228349151602,0.8721200027803329,0.17570348762405236,0.7457308909496388,0.7011602520942688,0.6012002825737,0.8181074261665344,3.505801200866699,1.0,0.0075243813917040825,0.02091461420059204,7.772657871246338,12.265213966369629,3.399784803390503,0.3448585867881775,0.0007,312.0,35.31801566126295,0.4903354389997435,0.05304195359349251,0.31853166471506633
169120.0,0.022967395409890474,1.6702187073192203,-5.329399108886719,26.04993438720703,26.04993438720703,4.498293380737312,0.0,-0.0007328327763020695,0.015229011662978008,-0.05301230233093339,0.09661280807557364,0.022967395094227187,1.6702186984174474,-5.3293990809398215,26.049934021034836,1640.8471465913638,285.19944582827503,1253.8135279671699,2472.7127200254936,0.49301450383076734,0.1794499642089358,0.048372656964756205,0.9412059350485129,0.00015768422078289043,5.105584007129906e-05,2.7682918092138866e-05,0.00023493605427581785,0.7341351671857701,0.37759955520961164,0.3801931407824412,0.20190717956657622,0.9625251502647092,0.19279556553637847,0.8845194859124065,0.20389267845615264,0.8877432379415007,0.20809787328629095,0.9080064262896537,0.1933067031546017,0.8363175466346782,0.7269853949546814,0.6024750471115112,0.8611830472946167,3.6349267959594727,1.0,0.00872278492897749,0.029166540130972862,-1.6913918256759644,29.661142349243164,3.368619680404663,0.0871725082397461,0.0007,313.0,35.31956602214564,0.48086705347173914,0.08563607931137085,0.23351507611241218
169660.0,0.017192592663599904,0.8147330206147282,-6.012395858764648,4.28805685043335,6.012395858764648,3.3387392878532425,0.0,0.00020140559609805486,0.00953851406419434,-0.07008432595983315,0.05203204832871096,0.017192593069801983,0.814733025054326,-6.012396042848376,4.288057000324937,1538.7379004546149,88.55801924652854,1386.822999552034,1779.3861558179003,0.5052910533598657,0.17802444576799603,0.03672256520444179,0.9338125982064812,0.00014297188305306783,4.674840458910801e-05,7.782291380352478e-05,0.0002394934201469163,0.7321331389555483,0.37824418018657513,0.3802200336300568,0.18555829567354337,0.8590125180512194,0.21532751416470378,0.8335541988768115,0.19920696980527589,0.8520378517536211,0.21740781594841715,0.8798436270593035,0.18249940440805976,0.9016006068587755,0.7156607508659363,0.5440270900726318,0.8645728826522827,3.578303813934326,1.0,0.009686536155641079,0.03140087425708771,5.7820563316345215,18.729801177978516,3.394831418991089,0.1532542109489441,0.0007,314.0,35.31598278944013,0.48900789099812647,0.05070790275931358,0.2805730386416862
170200.0,-0.0027869837841501943,1.0073066134346247,-15.250988006591797,5.387768745422363,15.250988006591797,2.787528128623966,0.0,0.00047324194081000516,0.00762418192233841,-0.08580467429849627,0.045072283193123376,-0.002786984709361899,1.0073066089961862,-15.250987836146809,5.387768544953088,1943.6974007495057,167.4001530336991,1644.1305839988054,2193.6459382019916,0.52867809038657,0.1815968943814783,0.042632741849681056,0.9370366725737089,7.261855442304365e-05,1.5091374372289376e-05,4.711011000590077e-05,0.0001084277170566685,0.7134152898373202,0.39200546082713783,0.39275262171622705,0.2415066254301282,0.9306806977361362,0.184012790686884,0.8813579562593428,0.19188331206412576,0.9013283068042036,0.19292988734316044,0.8596211760894261,0.1896673844757016,0.9084345195375194,0.6772946119308472,0.5194511413574219,0.8613333702087402,3.3864731788635254,1.0,0.00917988084256649,0.037794992327690125,3.1518187522888184,13.940333366394043,3.481930732727051,0.34891176223754883,0.0007,315.0,35.319258175652585,0.479246697278231,0.07954183220863342,0.2927644418423107
170740.0,-0.008958787223996801,1.0817053254308613,-5.60501766204834,4.641453266143799,5.60501766204834,3.9837573552131706,0.0,0.00026285106422319705,0.008490329412237508,-0.03329136066784082,0.04328364367598273,-0.008958788592612843,1.0817053270308206,-5.605017875991792,4.641453228722274,2357.0872437565536,130.35660505176813,2148.9010398894293,2688.7445952350704,0.5049409011861679,0.17137946073691823,0.1309968778122204,0.9331938245785261,6.381078407939573e-05,1.0529410076619243e-05,4.012547262278454e-05,8.576333287036304e-05,0.7274460509115788,0.3802924682084486,0.3836391931106505,0.25503654143833826,0.8924880882710702,0.17607109602890206,0.8657290613602736,0.18480168978833178,0.9376514498217229,0.18471742410242123,0.8558153430389674,0.19937324864200662,0.8801203914643163,0.6609587669372559,0.4773854911327362,0.8970820903778076,3.3047935962677,1.0,0.009522254578769207,0.05406845733523369,1.952525019645691,31.845703125,3.5703318119049072,0.19331151247024536,0.0007,316.0,35.31531613121931,0.43977713229426346,0.050855252891778946,0.27052839578454335
171280.0,-0.016468455363334484,1.1246614254480314,-10.071537971496582,4.0611162185668945,10.071537971496582,3.6183172202110296,0.0,0.0006951026956322229,0.010545879961733022,-0.057221812175666034,0.052668542267406894,-0.01646845591394629,1.1246614297549928,-10.071538088553666,4.061116306083844,3315.0103597153357,384.27203852277484,2533.3564893182725,4035.9419755863287,0.5060060073896306,0.18396019743884945,0.05973406212932246,0.9235527904536281,9.980404846774979e-05,2.1394256622754245e-05,6.172886685558815e-05,0.00014146015375913752,0.7117337574926981,0.3905046286722572,0.39574788360274404,0.2669889731680556,0.9358478001125831,0.17872483107185383,0.8776089156232043,0.16592429251488336,0.899443066377241,0.16534145639176728,0.8655131717179171,0.22302044685343997,0.8906442955227337,0.645478367805481,0.44020986557006836,0.9422916769981384,3.227391481399536,1.0,0.012511380016803741,0.08428514003753662,-1.8426222801208496,18.432432174682617,3.738635301589966,0.2874804735183716,0.0007,317.0,35.318522472940096,0.4836005910005832,0.059735007584095,0.2612034055425449
171820.0,0.0014619605990851092,1.0294962784305381,-5.527839660644531,8.488476753234863,8.488476753234863,3.9275520563125665,0.0,0.000127076351134091,0.01228356644642917,-0.07565885744294601,0.10344558688518471,0.0014619589046793518,1.02949627733568,-5.527839840177948,8.48847659098098,3606.6663346384844,200.11565794537435,2957.0796769374288,4089.3942915954663,0.5027019649954825,0.1803208759313718,0.09124530347909285,0.9365457085913704,0.00015086806049486565,3.559258995292001e-05,9.966550412047094e-05,0.00024317658945900028,0.721076014999275,0.38510621538224615,0.38686168448073,0.24802166311176949,0.8819970854596063,0.19017301284741864,0.8845559715739235,0.18565967988228177,0.8614361697686539,0.18081218728440643,0.8229418534906147,0.19533345687412365,0.9041015867855104,0.6680212616920471,0.4581511616706848,0.928891658782959,3.3401060104370117,1.0,0.014882626011967659,0.05635622888803482,0.413902223110199,9.676656723022461,3.57768177986145,0.42902517318725586,0.0007,318.0,35.31498260770406,0.47680877608311023,0.08148621022701263,0.2575441549570648
172360.0,-0.03725661093895151,0.9453921236184406,-8.300782203674316,5.243258953094482,8.300782203674316,3.0704652309417724,0.0,-0.000489731664835839,0.008142272459031702,-0.091965758536245,0.038972018924175116,-0.037256611206064126,0.945392126635083,-8.300782254914896,5.243259004496394,3243.3626482962986,139.05866172837202,2642.0094556294002,3598.962536682656,0.5080154328965613,0.17695340237729582,0.02844339248192542,0.9216464141066972,6.687739435730745e-05,1.9570758765025055e-05,4.084252591245827e-05,0.00010152789053658265,0.7221962745584232,0.3857750428232396,0.3863482475260052,0.23218534950532188,0.8353014295171736,0.1870372547675296,0.9627934999158411,0.20948620261867823,0.8839341909603285,0.18483287746354574,0.8988706387914822,0.18645831564492452,0.9190185689621615,0.687000572681427,0.4613196551799774,0.9474576711654663,3.4350028038024902,1.0,0.014225798659026623,0.04220965504646301,10.463603973388672,23.872037887573242,3.4903383255004883,0.32085251808166504,0.0007,319.0,35.3139640565604,0.49090119058642695,0.0497705452144146,0.2698697306791569
172900.0,0.03837391525777531,0.9584247060879973,-6.5937628746032715,9.747464179992676,9.747464179992676,3.0676921916008,0.0,0.00013837581032710537,0.008223310541576514,-0.05688969405412974,0.06377085815354903,0.03837391830121779,0.9584247057298032,-6.593762907225396,9.747464127576423,2737.631349673621,104.57778739581622,2444.5654937415397,2975.4607857481606,0.5021660442767248,0.17630418699342743,0.08345071472362517,0.9402246793736831,7.864091630824255e-05,2.0126747574064722e-05,4.5335472363335206e-05,0.0001119744299908731,0.7270833843925156,0.3807777902625478,0.3849465766912526,0.23753998141812688,0.8812784898290467,0.1888963402211054,0.9178678107193747,0.18655541768875625,0.906768140115743,0.19075952441318755,0.9089032039123206,0.1962487362588239,0.933670442572726,0.6891005039215088,0.48911193013191223,0.9414792656898499,3.445502519607544,1.0,0.013170908205211163,0.03907110542058945,-6.084007740020752,13.393243789672852,3.472738027572632,0.4062690734863281,0.0007,320.0,35.316734770780656,0.48821143381355897,0.05315941944718361,0.272858118657299
173440.0,-0.030283817263746945,0.9160566678390617,-5.676192760467529,4.021618366241455,5.676192760467529,3.439056191444399,0.0,-0.0006727341119020458,0.007617198530508752,-0.05381709968747069,0.03164660786506342,-0.030283818621581755,0.9160566707670498,-5.6761928888005855,4.021618520309807,2284.911185851691,288.97816422354015,1883.5516765665132,2880.1251709694147,0.49202533108922836,0.1771621355608696,0.07554901077640933,0.9196445325477327,6.446626117407968e-05,1.2995172250333089e-05,4.62838447244456e-05,9.367335723846103e-05,0.7402741712903167,0.37211789705569026,0.37393377156005386,0.19194167701561063,0.844513423368913,0.20981512528999957,0.9014186569506125,0.20494941552919393,0.8916225084586578,0.20303751306856513,0.8981062711339967,0.1902562690966307,0.8204501385863424,0.7260252833366394,0.5358068943023682,0.9996918439865112,3.630126476287842,1.0,0.011200934648513794,0.03398936986923218,16.59466552734375,47.45974349975586,3.3832757472991943,0.22778576612472534,0.0007,321.0,35.31320580776039,0.4865752828773361,0.05017741769552231,0.2935633782201405
173980.0,0.06667205636881085,1.0428259062639442,-8.100589752197266,4.910953044891357,8.100589752197266,3.89232792377472,0.0,0.0008331440645954842,0.0077659229306158255,-0.050999844771998426,0.03928529553083103,0.06667205860241526,1.0428259076983826,-8.100589663060417,4.910953228900638,2383.4202300505926,311.47270449712306,1903.1294949965577,3040.883308502472,0.5004831948382696,0.18808415991025937,0.08955043205503194,0.9394851591923259,5.869674759304218e-05,1.2068798550304175e-05,3.9725856542316224e-05,8.404933609951841e-05,0.7249812630824883,0.3817291824879861,0.38370801697466245,0.2357029048335953,0.9696306238636373,0.19366101113961162,0.9024385533071404,0.2025087444240801,0.903118041881468,0.18575373057787062,0.8064026832580566,0.18237360902484237,0.9607380909401299,0.6773095726966858,0.4604018032550812,0.9385942220687866,3.3865480422973633,1.0,0.015799272805452347,0.04897128418087959,-13.025806427001953,31.664697647094727,3.541762113571167,0.4253199100494385,0.0007,322.0,35.314867602398785,0.49311139821465344,0.06083749979734421,0.2866169008587041
174520.0,-0.03249888320376528,1.5260016461034887,-6.458802223205566,22.509187698364258,22.509187698364258,4.497619528770456,0.0,-0.0002696849189704724,0.020042226920100097,-0.15155270239366259,0.21678493239828464,-0.03249888228913705,1.5260016618214756,-6.458802126417735,22.509188370488264,2745.665350921876,465.9453670612519,1500.8580531298487,3411.7812450853544,0.49917992229494823,0.1746858985606655,0.07551715756886607,0.964628309607924,0.0002195873790857618,0.00024029313370119357,5.195917011226718e-05,0.0006850559459395237,0.7288018067331511,0.38011849086005883,0.38185012203187957,0.23585245224604953,0.9629865535929025,0.19863731402966087,0.9008523641449159,0.18591774667836133,0.8121780489905124,0.18446953981829525,0.8943101940714676,0.19512294722763304,0.7836494602124393,0.7092047929763794,0.445555716753006,1.079337239265442,3.5460238456726074,0.99375,0.021704871207475662,0.04999565705657005,15.037460327148438,63.99409484863281,3.4818036556243896,0.4538188576698303,0.0007,323.0,35.31357357591331,0.4895470176445661,0.05283128097653389,0.1789007611241218
175060.0,0.02205764903294578,0.6842606612848898,-5.854274272918701,2.8809382915496826,5.854274272918701,2.346319179534912,0.0,0.000662720146097814,0.009826130287826456,-0.05715908230936168,0.04531933849760316,0.02205764848588016,0.6842606618614375,-5.854274242997215,2.8809383208169046,2738.09488285425,249.61865335463585,2238.2664077223785,3286.0547369114047,0.5001045056962817,0.16694127228271466,0.10333096917950471,0.9303455562194913,0.0002540233649197811,0.00011621533722827923,0.00012242755342754713,0.0005474867382515819,0.7403283745327057,0.3703759343792799,0.3709671207917017,0.23264671334176978,0.8847262971504273,0.186092543705973,0.8922262880880641,0.1993366688586448,0.9489235215597819,0.20055793288597726,0.8534246929449155,0.1813661412076352,0.7737192180090733,0.6983212828636169,0.4774959087371826,0.9246683120727539,3.4916062355041504,1.0,0.012673390097916126,0.03498775511980057,1.7363686561584473,3.5563392639160156,3.4408328533172607,0.33558768033981323,0.0007,324.0,35.30879563410843,0.4830799210103278,0.042506348341703415,0.2786824258391881
175600.0,-0.02480238193314074,0.8588546126634733,-8.994089126586914,2.794501781463623,8.994089126586914,2.640457177162171,0.0,9.14757018517477e-05,0.007636647871481141,-0.07844265783966894,0.025373413335030556,-0.02480238344980276,0.8588546172650624,-8.99408900567388,2.7945017397514604,3363.110912576586,163.54486173548315,2911.991240571281,3709.267390170804,0.5012025788285309,0.16671239103699215,0.12312639180362256,0.9295778907579466,8.797037941168108e-05,3.0281645740603513e-05,4.2040398300607676e-05,0.00015178556609049003,0.7377081817334883,0.37525083097098644,0.37600689201610926,0.24045255637254034,0.9316136554933797,0.19015835380462195,0.8715422830688049,0.19595247551069253,0.8405661535976483,0.195592328754237,0.9167229889642305,0.17784428555790815,0.8482539121425219,0.6954041123390198,0.4979446232318878,0.9189023375511169,3.477020502090454,1.0,0.01002194918692112,0.03064512275159359,12.546414375305176,21.821672439575195,3.4351449012756348,0.39335525035858154,0.0007,325.0,35.30768559952821,0.4927025973577228,0.05847899615764618,0.3008086943793911
176140.0,-0.0005474823906465813,2.027810568128902,-41.58032989501953,4.524553298950195,41.58032989501953,3.4749336171150236,0.0,0.0005964124574921527,0.007875042629610644,-0.10868087776863608,0.04479002581383156,-0.0005474811850057661,2.0278105439056895,-41.580329242729036,4.524553249722593,3606.2724118329766,436.1589757485753,3164.708674751224,4741.041854451227,0.5098790510740423,0.1873161561236358,0.03805130405581212,0.9383925629370259,4.1099127667506104e-05,2.271339704168461e-05,2.3871429881502705e-05,0.00011112975666044642,0.720684361879736,0.38662236276538564,0.38908276307007555,0.24133652505959588,0.8910479296010463,0.194691823619258,0.9570529849720356,0.20177595432231893,0.8300759977864325,0.17688728625126304,0.8534048597051231,0.18530841074756413,0.8656204717712029,0.6734749674797058,0.4494297206401825,0.948445200920105,3.367375135421753,1.0,0.012402327731251717,0.047039713710546494,1.1086151599884033,78.03656005859375,3.536055326461792,0.20806795358657837,0.0007,326.0,35.31098531614065,0.46816890720913423,0.053811974823474884,0.2772431206088993
176680.0,-0.04483098091743024,1.0175242535894653,-10.04695987701416,5.038427352905273,10.04695987701416,3.2020783185958934,0.0,-0.0001562253841973539,0.008851343790660948,-0.061782097566142516,0.044619157172971435,-0.04483098082281576,1.0175242521724304,-10.046960241344818,5.038427140156499,4413.416762103034,278.2110387337942,3726.9110489163027,5019.950385625082,0.5133170060918906,0.18676012260852942,0.06773146534355733,0.9498671932073077,8.433112780774978e-05,1.7613776516539524e-05,5.422461757324053e-05,0.00011638268739655184,0.7196288013145988,0.3882399261166121,0.38903402185959113,0.23080200765870806,0.9286739627276537,0.19343024705518128,0.909576326306965,0.2021240653668063,0.9636669099136236,0.18091070956439897,0.9275711567520183,0.19273297035490544,0.884100755887329,0.6819363832473755,0.4457390010356903,0.984836995601654,3.409681797027588,1.0,0.015339875593781471,0.04659752547740936,13.375428199768066,36.54360580444336,3.5207550525665283,0.3590659499168396,0.0007,327.0,35.31079460752246,0.49049449230499526,0.05441170558333397,0.2686987704918033
177220.0,0.010538285703768014,0.897509255425306,-3.603102684020996,4.84139347076416,4.84139347076416,2.996419241428377,0.0,4.339152664088933e-05,0.006744558603016889,-0.03026030702008656,0.03512870283713018,0.010538284482248353,0.8975092533845903,-3.603102657106121,4.841393340751778,4042.2960984148845,135.58804313086404,3762.2109280156496,4390.768777851853,0.5009761721345121,0.18254395612599023,0.06660845989295625,0.9482448947159123,5.84928807635264e-05,1.1585981249608636e-05,4.496624648852073e-05,8.496388187829525e-05,0.7278393538733855,0.3800425852808333,0.38351671362853845,0.24407254926613645,0.9021968551671211,0.18610792512536783,0.8705762357180791,0.19720781227181522,0.8747609698954425,0.18502334909228613,0.8951392219618575,0.18758836424439437,0.8677820433996739,0.6796168684959412,0.4539111256599426,0.9699097871780396,3.3980841636657715,1.0,0.014091809280216694,0.04606383293867111,-2.872023344039917,7.566277503967285,3.524315595626831,0.38059669733047485,0.0007,328.0,35.31183196718333,0.4945146482176389,0.05199911445379257,0.29310597189695553
177760.0,0.04018608893664485,1.1110557967137045,-5.576573848724365,3.540132522583008,5.576573848724365,3.2428429579734823,0.0,0.000746383703788958,0.009169022707149478,-0.04069916930785532,0.03400125421663939,0.040186088435411015,1.1110557958028144,-5.576574007799742,3.540132486414733,4801.245845058807,361.432448355829,4157.090115467853,6086.077624647924,0.5298545476553099,0.18373217641809275,0.09348156706675612,0.953143815840648,7.112264883466476e-05,1.2205823381192333e-05,4.5906905718341645e-05,9.07830335080403e-05,0.7114003694545655,0.3927983986121655,0.3933431359123606,0.26952295421766825,0.9463993542296654,0.18118302323605393,0.8924552625804705,0.18399531155608778,0.9061265686218151,0.1726716210918674,0.9458661371540449,0.19262708989832264,0.8029806219790846,0.6547077894210815,0.3989018201828003,1.0218753814697266,3.273538589477539,0.9921875,0.01856052502989769,0.07395648956298828,-11.704951286315918,33.6921501159668,3.727168321609497,0.31327152252197266,0.0007,329.0,35.313051039298145,0.48707643168793135,0.05279284715652466,0.2549277907884465
178300.0,-0.02584720535669476,1.1875074679956008,-8.553712844848633,4.7442307472229,8.553712844848633,3.719748504161837,0.0,0.0008100088075339571,0.01382984849419356,-0.06916272055144301,0.06764017890276494,-0.02584720785011187,1.187507472486167,-8.553713298211438,4.744230622027409,7600.2363959519835,985.6530839889689,5593.40892093358,9048.407684508524,0.49748051114950265,0.18532372800926844,0.09298308507333343,0.974330697391157,0.0001529109811006476,5.24768417926897e-05,8.13539751613823e-05,0.00022526958285717667,0.7038310958710156,0.39568849426133823,0.40190697789425583,0.28275375193674496,0.9479845537118556,0.1588403636880945,0.7818418813006809,0.1964745071750029,0.8932887006722952,0.15057166560834126,0.8556926722980697,0.21135971159181635,0.8850703680433936,0.6347328424453735,0.3756833076477051,1.0311665534973145,3.173664093017578,0.98984375,0.01626417599618435,0.09385097771883011,-2.1797890663146973,20.810632705688477,3.883106231689453,0.16360843181610107,0.0007,330.0,35.306479297610785,0.4662437231457183,0.09839747846126556,0.20946770101483217
178840.0,0.005668408316085805,0.9764855781723355,-3.879314661026001,3.6947021484375,3.879314661026001,3.108741695880891,0.0,0.0012307905154326907,0.013659804614083677,-0.056736131943371036,0.05833780328922145,0.005668407854028167,0.9764855759859089,-3.8793145837054546,3.6947021867507335,13478.527799402813,2031.861643237346,8938.260092090995,17021.420816905666,0.5141158288362455,0.1816735493103301,0.09501264178303881,0.9599859985328039,0.0001964049547488844,3.289291035792712e-05,0.0001525391159168091,0.00026970272603566494,0.6973192116227163,0.401398968204245,0.3997568478022618,0.28454031288969767,0.9449545944998478,0.180961996724401,0.8877505055742799,0.17775577234047577,0.8728696516938489,0.13482750094839127,0.8924581472916069,0.2219144170970342,0.9560758791506735,0.6161621809005737,0.35405421257019043,0.9700701236724854,3.080811023712158,1.0,0.01647755689918995,0.10762845724821091,-11.799802780151367,44.955867767333984,4.013729572296143,0.09573870897293091,0.0007,331.0,35.307560034295,0.33802428271073903,0.04771671071648598,0.1685206869633099
179380.0,0.006143530240687714,0.9760016957881817,-7.537271499633789,5.9818572998046875,7.537271499633789,2.7184357142448436,0.0,0.0008766314609113611,0.011747024265658806,-0.06898964140337407,0.10183531125168704,0.006143528349682011,0.9760016984535275,-7.537271492375089,5.981857390918576,19316.27711739849,3043.6177459347405,14562.68297774465,25725.96554074162,0.5139773888502058,0.19316524383759368,0.03310138615442809,0.9475271019329541,0.00013758837368837244,3.8349507701826376e-05,8.499581951313454e-05,0.00021205981694624601,0.6869676482758255,0.4098125879215225,0.41212847184947865,0.28838832726007824,0.9481559718094439,0.15869762199875928,0.8203955709941879,0.18975149998869917,0.9232186454744286,0.1386320870364999,0.8460804195308966,0.22453046371596339,0.8509964936391198,0.6071478724479675,0.3578842282295227,0.9765515327453613,3.0357391834259033,1.0,0.013751965947449207,0.12171507626771927,-23.220348358154297,41.351524353027344,4.138899326324463,0.217806875705719,0.0007,332.0,35.30828859461467,0.2620690756135036,0.04196843504905701,0.19376951600312256
179920.0,-0.050232600790655446,1.080839069345395,-6.453471660614014,3.836838722229004,6.453471660614014,3.847819962501526,0.0,-0.0007441471199324674,0.017997161104722995,-0.11634674848291399,0.0684551454897741,-0.050232601515234586,1.0808390741815619,-6.4534718406278255,3.8368386938240633,20276.612187966013,4228.7517694760045,14504.236284932023,27703.572132784237,0.5163397242389407,0.18954911588846712,0.07108619321639235,0.9665541068419091,0.0002965280089332523,0.0001091880247255313,0.0001419899530341862,0.000468909084207001,0.6971444874653404,0.4027873242874189,0.4052016165124793,0.2620308199206307,0.9475395229034146,0.17853479307659367,0.8461528804708657,0.19643441743446616,0.9300568562533121,0.14817408197884968,0.8176433979150399,0.21482588758945984,0.9350619358010456,0.6296043395996094,0.3608703017234802,0.9679867625236511,3.148021697998047,1.0,0.021226108074188232,0.09173008054494858,1.805898904800415,18.09174919128418,3.890698194503784,0.4606938362121582,0.0007,333.0,35.310582563800416,0.43350043265558996,0.1266491562128067,0.07775297619047619
180460.0,0.026444141385016134,0.8817788814193567,-3.7249057292938232,5.662960529327393,5.662960529327393,3.019184985160829,0.0,3.4199672711839356e-06,0.012426780047558546,-0.07517440086790037,0.07263809057478596,0.026444139976233058,0.8817788871942882,-3.7249056912599268,5.662960568493486,13931.318628587665,865.4804891173175,11553.902243783246,15965.810059781448,0.5160071984912468,0.18004992199160905,0.07864058533295162,0.9316394004885972,0.00019563134424442017,5.959801396544269e-05,0.00011882236295371532,0.0003054326250317408,0.702545602898537,0.3994152172194664,0.4012887694857634,0.2584390969694745,0.9089498330183252,0.161818614734398,0.8508356100415931,0.19633052863918438,0.8624020967498792,0.1816589134045564,0.92419193152477,0.2017528462523868,0.9049279479093861,0.6431163549423218,0.39318060874938965,1.0046334266662598,3.2155821323394775,0.9984375,0.02117888443171978,0.0824027955532074,-16.85502815246582,31.165180206298828,3.8036611080169678,0.3725883364677429,0.0007,334.0,35.31492330553815,0.4446579987666215,0.05870292708277702,0.19781298790007806
181000.0,-0.003153721485890586,1.071913405997969,-12.882659912109375,5.9652628898620605,12.882659912109375,3.279711451530461,0.0,0.000503655494095829,0.00950316690805847,-0.08148377021234199,0.06045603950104551,-0.0031537217626711137,1.071913418340867,-12.88266029294903,5.965263100977682,17840.942567413134,1401.2905033358074,14711.394397756194,20897.186731787257,0.517873700316386,0.18396246021201232,0.055197838961555,0.9778961473920371,9.51613777371874e-05,1.4297971771254822e-05,6.539353638687516e-05,0.0001231917939431255,0.6986566467553861,0.40012529063975166,0.40440476778556106,0.2979059049334176,0.9333692061876547,0.13784346060703453,0.8410125897860825,0.18377502827444048,0.911309451850314,0.16282593426234812,0.8913897343376107,0.21764967192275927,0.9788543124438721,0.6129876971244812,0.4017687141895294,0.9670417308807373,3.064938545227051,1.0,0.013695222325623035,0.10921650379896164,-10.591835021972656,27.309480667114258,4.022359371185303,0.20075106620788574,0.0007,335.0,35.316560309331464,0.36676882591997906,0.040248241275548935,0.21187670765027322
181540.0,0.0012815039472318151,0.9146258992556663,-6.101099967956543,6.7359089851379395,6.7359089851379395,3.1005799317359934,0.0,0.0002452909594898541,0.008728877876380355,-0.06118669953703722,0.06215813395404241,0.0012815031368679486,0.9146259050635536,-6.101100097470311,6.735909190621222,19622.586420820895,1752.2266610834645,16136.025505901562,22755.212019954277,0.5083283523029635,0.1865247752525471,0.055693413392307246,0.9783512838723262,9.285879907559169e-05,1.830608548693552e-05,6.345765592273315e-05,0.00012913059349698838,0.692212260478666,0.4089039584885289,0.4061256585495264,0.3103850256679884,0.948104098546129,0.144929644510881,0.7285095600937176,0.16969569871652432,0.9214250180777547,0.1352266117725993,0.7880204288763116,0.23976301933200703,0.9459836780085186,0.6129278540611267,0.3789675235748291,1.0372810363769531,3.0646393299102783,0.99140625,0.01504150964319706,0.11711665242910385,-16.38431739807129,36.31937789916992,4.094197750091553,0.30265504121780396,0.0007,336.0,35.31877036309388,0.4094109019047178,0.06872477382421494,0.21284031030444964
182080.0,-0.029273140942246687,1.0895895384311265,-7.732147216796875,4.623312473297119,7.732147216796875,3.608068838119508,0.0,-9.364888736651671e-05,0.009572221871710578,-0.07566067246582993,0.04144514455849288,-0.02927314128335888,1.0895895420150359,-7.7321472481370055,4.623312542123075,22867.430322584558,1717.6464238569927,19040.231657138625,26178.512177580804,0.5145660067863271,0.17929118438022976,0.10182462871412494,0.9204904931944483,7.575552360949895e-05,1.7533762156633472e-05,5.139421365838935e-05,0.00010891500613065937,0.7052567395477406,0.39676532954232424,0.3980172937420877,0.2680332417347369,0.9759626758816019,0.1513598844366966,0.8376081195842419,0.1960843884347064,0.9767799857306706,0.1573730346043865,0.9267972975324059,0.22714945078947352,0.8766285315684887,0.6176396608352661,0.3828480541706085,0.9976640939712524,3.088198184967041,1.0,0.015833118930459023,0.11374896764755249,-0.528766393661499,23.93911361694336,4.04391622543335,0.18548375368118286,0.0007,337.0,35.31910899822818,0.4653893261914813,0.06399226933717728,0.187743950039032
182620.0,-0.007496568860747006,1.020418161958539,-4.3868794441223145,4.814767837524414,4.814767837524414,3.409271824359894,0.0,-0.0004806544281452046,0.008932467032820163,-0.054472522258960314,0.04193415696546256,-0.00749656981804556,1.020418166127112,-4.386879394230494,4.814767722921201,18481.030559700073,1955.0906051305656,13524.420117363557,21094.761632443264,0.5198287456020844,0.18377507193189374,0.04773446211259781,0.9748408263643202,7.616541101280543e-05,1.9363210347050115e-05,5.128871591379596e-05,0.0001209569231206858,0.700133216599769,0.40059908269859507,0.40262317915529844,0.27172355333959575,0.9660513191990567,0.1662046921897656,0.8401434144339004,0.1682514935318394,0.7729489077692103,0.17310261424352993,0.8704964003744335,0.22071764669526925,0.9391887590314103,0.655551552772522,0.37731295824050903,1.1255329847335815,3.2777576446533203,0.98046875,0.028374547138810158,0.08974635601043701,0.6244819760322571,9.342782020568848,3.845737934112549,0.5402743816375732,0.0007,338.0,35.32055978048728,0.47916133728060994,0.12337297946214676,0.16683743169398907
183160.0,0.023456992176188914,0.9424965079310155,-3.6344873905181885,4.682214260101318,4.682214260101318,3.4854456949234023,0.0,0.00020173588422926327,0.00904478027345791,-0.033646430817988904,0.04356343651370777,0.023456992264814864,0.9424965103426435,-3.634487456174638,4.682214110843578,16436.85789927218,642.3053840940493,14793.088699313848,17829.94761252918,0.5029313795027093,0.18285102765488592,0.05429058668154038,0.922400578996942,9.537078698861734e-05,9.472173004081679e-06,7.586824848472338e-05,0.00011547696569399111,0.7051876536031926,0.4008241014937598,0.39849854297407794,0.25678086019076013,0.9520175645583936,0.16678930953839965,0.8942713241383954,0.18492453603457235,0.8392012201357752,0.1775796250508286,0.8523720057635271,0.21392566918543932,0.8891195737674793,0.6578860282897949,0.38207748532295227,0.9975506663322449,3.2894301414489746,1.0,0.02107439935207367,0.06434034556150436,-7.311176776885986,16.0101318359375,3.688974618911743,0.13548588752746582,0.0007,339.0,35.325192793553214,0.42816032711712515,0.05083228647708893,0.2258550448868072
183700.0,-0.006663508167979739,0.8711143743316506,-3.354588270187378,3.8435091972351074,3.8435091972351074,3.07278745174408,0.0,8.50974509817483e-05,0.006012748561086994,-0.021546671849246364,0.03094320451888996,-0.006663509583174529,0.8711143760654724,-3.354588231681435,3.8435091755714446,17818.753600861597,777.3013338745884,16381.691393151063,19489.860567745633,0.501757245864571,0.17156017725093786,0.035967146470468565,0.8948286836668728,5.047673279513742e-05,1.059461802847796e-05,3.546336836671161e-05,7.883499123719446e-05,0.7174804673929088,0.38708292492783286,0.3893429494482852,0.2671423757859432,0.953350166975222,0.1685011986657102,0.824315728016202,0.1761598846048919,0.9671358273849607,0.18518525630390095,0.9178235033107645,0.2030112846395537,0.8928623884479059,0.6441578269004822,0.4043695330619812,1.0018407106399536,3.2207891941070557,0.99921875,0.016442354768514633,0.07125208526849747,1.5137401819229126,13.889277458190918,3.7458837032318115,0.21124637126922607,0.0007,340.0,35.32542782290585,0.44311926371797233,0.05797481909394264,0.2545740632318501
184240.0,-0.043674125641686073,1.1916625255705497,-7.076266765594482,6.551882743835449,7.076266765594482,3.8935999584198044,0.0,-0.0010378507795234051,0.011407595908284498,-0.05392618092786418,0.04793722489149018,-0.04367412574597729,1.191662532717515,-7.076266833642874,6.55188283111803,13222.618260182215,1661.0741439636138,9403.802305284209,17068.447718292464,0.4923457388806465,0.17470779584035256,0.0541650642497101,0.9166391207171545,0.00010302879040648673,3.802064667417935e-05,3.924603419593247e-05,0.00015750184833036033,0.7400719808909648,0.3708885408352785,0.3714933839074045,0.1858202682906305,0.9086353520738164,0.21893984409160552,0.8428736713178557,0.20184718763366247,0.8233179041848412,0.2134904543366744,0.8856506429107861,0.17990224564742707,0.7623114391525503,0.7387403249740601,0.4460461139678955,1.2043395042419434,3.69370174407959,0.96953125,0.023811863735318184,0.05491265282034874,14.617631912231445,37.52855682373047,3.476797580718994,0.27920013666152954,0.0007,341.0,35.316771863863835,0.45841396589732647,0.05494707077741623,0.18893930523028885
184780.0,0.06502065824633636,1.0272607164704444,-4.4066996574401855,6.98958683013916,6.98958683013916,3.326634950637819,0.0,0.00017579930102285863,0.01219530061244238,-0.06267766038824242,0.06284620178829821,0.06502065782694756,1.0272607139146017,-4.406699696870652,6.989586690763627,8792.390716239242,505.38004682318353,7741.51209899368,10026.471871589216,0.5006409309569364,0.17302070089573485,0.06318840358016314,0.9387154695300607,0.00014845603539474645,3.696760993910502e-05,0.0001042673004314232,0.00022590969686182806,0.7330437132186083,0.37664462028565693,0.3772901529522222,0.19406703222241126,0.9444836946312287,0.2106878519388857,0.8560552551111323,0.2119665593161943,0.8935931741070549,0.1945115825122698,0.9172165521963018,0.18876697401023898,0.8039620111696802,0.7334913015365601,0.434820294380188,1.1931495666503906,3.6674561500549316,0.96640625,0.027808289974927902,0.06381075084209442,-9.76568603515625,15.371015548706055,3.5352792739868164,0.4915255904197693,0.0007,342.0,35.32543594583104,0.43814670023069346,0.06037108227610588,0.2022772736143638
185320.0,0.007462270246253832,0.9105315857670837,-6.060313701629639,3.944398880004883,6.060313701629639,2.9858387470245367,0.0,0.00025635720605953133,0.008217228001154746,-0.05047115357983451,0.03939456745209129,0.007462270411347401,0.9105315853659968,-6.060313498981321,3.9443988952664157,10244.545498883486,426.1913316896897,9327.741561870323,11225.142116288718,0.48906752846036916,0.18122303573827162,0.051464741519889244,0.9527647394474617,8.479537838303387e-05,1.2000845143248694e-05,6.73916898470584e-05,0.00012021956161842459,0.7377751927223541,0.37494859064140107,0.37328772889732137,0.1958020484251642,0.8517810670592596,0.21090325854046563,0.901974253666791,0.2121107795729305,0.9180696358680545,0.1992593166363107,0.8910810908603449,0.18192459682512893,0.9287559673312399,0.7216795682907104,0.4306136965751648,1.1003894805908203,3.6083977222442627,0.98203125,0.023953650146722794,0.05230078846216202,5.137637138366699,19.703420639038086,3.491224527359009,0.2476879358291626,0.0007,343.0,35.32107248103489,0.47009238248515306,0.06297226995229721,0.2349421838407494
185860.0,-0.00950533402372255,0.900201967519575,-6.000759124755859,6.072543621063232,6.072543621063232,3.404393446445468,0.0,-0.00013869647050192797,0.007073516440832876,-0.04119205486787889,0.03540708648995363,-0.009505333641927925,0.9002019655983374,-6.000758972661327,6.07254342681461,9886.829522475673,412.9567324476239,9311.767839069598,11533.015149728231,0.49306560754727663,0.1788117642800216,0.06397446483278518,0.9666757996554852,6.153382361603833e-05,1.738889742815276e-05,3.0615188285867e-05,8.810347917214193e-05,0.7372082635990409,0.3767121107401005,0.3731244892563233,0.1826502138774425,0.8105586592945876,0.21199867268624187,0.8926246324180328,0.21502933185994133,0.8830488915903781,0.21263386787359304,0.894946405738107,0.17768791370278128,0.8627910695796568,0.7445222735404968,0.499943345785141,1.0266715288162231,3.722611427307129,0.9984375,0.014802878722548485,0.044805221259593964,5.733527660369873,21.182249069213867,3.4007012844085693,0.10989880561828613,0.0007,344.0,35.31372279225403,0.45170245354091293,0.053976476192474365,0.27484021272443404
186400.0,-0.02987016927131831,1.4171602558728063,-23.981550216674805,8.154982566833496,23.981550216674805,3.67229938745499,0.0,-1.647236198844245e-07,0.010019984257022337,-0.10705909185725035,0.0821588112555381,-0.02987017279831475,1.4171602683245956,-23.981550775427202,8.154982155757764,10193.242560438583,651.5159133444672,8669.488280493642,11860.854967682526,0.5052395059865437,0.17679188940964605,0.0747088576695226,0.9349077404999314,9.069080119185029e-05,4.284114036391856e-05,3.457642978747967e-05,0.0001748297840728934,0.7276995417918948,0.3815594795034457,0.3825643320427959,0.22594490732433442,0.9442361569063278,0.18635872866147346,0.8937217596249315,0.19542574992976572,0.9278158103904758,0.1960317867753057,0.8757895998578348,0.19623882730912073,0.8937475641767486,0.6897988319396973,0.430799275636673,1.076560139656067,3.4489941596984863,0.9953125,0.02159632183611393,0.04960217326879501,12.93077564239502,73.67414093017578,3.53778338432312,0.10103851556777954,0.0007,345.0,35.31121848651603,0.46526544340698917,0.057248733937740326,0.22483655347384857
186940.0,0.03884206612683893,0.8838764007407943,-4.887267589569092,5.160149574279785,5.160149574279785,3.794698054790499,0.0,0.0003655784342866182,0.005563354169501341,-0.030332624349696285,0.043808017174388765,0.038842066903299236,0.8838764031436879,-4.887267655011056,5.16014958563713,10177.735288151813,831.5933654196252,9046.18873176173,12076.138904984571,0.5093101005672268,0.18403615498236614,0.022485552552518776,0.9344826094058238,3.966913560859501e-05,1.0953755748369738e-05,2.2243428346596346e-05,6.220960066386305e-05,0.7206089388803978,0.3868882018842674,0.3863981682170455,0.2559124772207329,0.9661792516708374,0.16586333536004103,0.8295544795378925,0.2002826528790193,0.8801988256698616,0.183166555893559,0.8469848923688456,0.19477497864664783,0.896493793043823,0.6618230938911438,0.45409563183784485,1.0029021501541138,3.309115409851074,0.99921875,0.016898784786462784,0.05799378454685211,-16.077245712280273,38.0391845703125,3.6254117488861084,0.09247702360153198,0.0007,346.0,35.31157940432967,0.4581814540841687,0.06732315570116043,0.2771821330991413
187480.0,-0.06448833722625515,1.0473096193859421,-11.421488761901855,4.077116966247559,11.421488761901855,3.4341928243637105,0.0,-0.00016282705126517826,0.006129241713265457,-0.05348309743166056,0.029592327986675084,-0.06448833626963096,1.0473096251635945,-11.42148901923308,4.077117108413181,11837.82414806701,418.7446809069849,10876.624071195307,12660.153110784637,0.5223133986986834,0.18661532310877388,0.08298531330995315,0.9357383581808606,3.824667640343808e-05,3.5096993481999267e-06,3.0145904958311907e-05,4.558291457700068e-05,0.7068372659883112,0.3973872310861285,0.39711085931037116,0.24775128447330047,0.9471586529055228,0.17965001001104128,0.9674650723511491,0.1837794572452888,0.94944554047846,0.19485875110955012,0.9247619140906562,0.19396049716081926,0.9800835150262069,0.6611717939376831,0.42583394050598145,1.0247756242752075,3.305859088897705,0.996875,0.014085276052355766,0.053454264998435974,12.58813190460205,36.1671028137207,3.604459047317505,0.14932090044021606,0.0007,347.0,35.31232338313895,0.4129354761993319,0.05322642996907234,0.2688573380171741
188020.0,0.017661677267945684,1.0360618459351512,-8.127045631408691,6.876166820526123,8.127045631408691,4.371771850585944,0.0,0.0004492393061770078,0.007346574843252335,-0.03965192181183679,0.050349972198838584,0.017661677213946497,1.0360618447826673,-8.127045765796558,6.876166785727733,13953.212258319902,891.1291581071229,10663.29885055504,15280.093559333733,0.5191258895062378,0.1823720561105445,0.03970558554746421,0.9822541848480181,5.363864541536298e-05,1.3770407577595553e-05,3.4470582810242395e-05,7.862268442472686e-05,0.714609427368322,0.3911023156499562,0.3905080735327158,0.25424697503550514,0.8719919773788605,0.18529505435990137,0.8705822287281055,0.18498596027285666,0.9452721894722702,0.17079318033042146,0.9056831117496478,0.20467883000131543,0.871176204289431,0.6569222211837769,0.4185440242290497,1.0518025159835815,3.284611225128174,0.996875,0.01742725819349289,0.06414951384067535,4.1031293869018555,37.435726165771484,3.661574125289917,0.2167235016822815,0.0007,348.0,35.317501605387335,0.45702947085819723,0.0744948610663414,0.26025200039032004
188560.0,-0.01332703838933311,0.9483096963370153,-6.940324783325195,4.085502624511719,6.940324783325195,3.5438322973251406,0.0,-0.0001414646377116896,0.005008395323655646,-0.03345811479296447,0.020452823541977114,-0.013327039362851527,0.9483097020469354,-6.940324945459626,4.085502531344346,13330.64422553165,400.57978401910395,12454.284713258863,14218.787515472426,0.5152051137218546,0.1804163444322322,0.06461622035575246,0.9541558451851311,2.8818164185928942e-05,6.092784399916361e-06,1.9100232091753416e-05,4.2950985730136005e-05,0.7205651484604558,0.38657375372125974,0.3874174379958827,0.22953613427300246,0.9589758737691243,0.17865907354493393,0.79150425376515,0.1905337846345052,0.8547886666773545,0.19994237358675546,0.8691540781371407,0.20132863396080292,0.8823401484206617,0.6654893159866333,0.46194517612457275,0.9820241928100586,3.327446460723877,1.0,0.015170295722782612,0.05304688215255737,1.0931389331817627,11.854323387145996,3.587489604949951,0.26732468605041504,0.0007,349.0,35.319665391755336,0.46367608531474613,0.07559099048376083,0.2848482630757221
189100.0,0.015206186567579775,1.0072618728681852,-7.748710632324219,8.171309471130371,8.171309471130371,4.265605046749123,0.0,3.897746073086214e-05,0.0063069269843957715,-0.049340252052985555,0.05601325089624263,0.01520618664014728,1.0072618650240923,-7.748710541174393,8.171309287879204,12578.643881751217,463.78351104852305,11416.746476079852,13521.459179369886,0.5144986264896427,0.17415020086939378,0.08730016988286522,0.9477482736211125,3.9653658238098645e-05,7.062637054445632e-06,2.621129975364418e-05,5.953565207791519e-05,0.7100904918939734,0.3943734345501908,0.39331214344559356,0.246257489021986,0.8754973714073139,0.18390649887161867,0.873268799124284,0.1742257718562685,0.8948502857278202,0.17629635799824966,0.795817570858495,0.21931388225187717,0.9022916841115032,0.6655176281929016,0.4160320460796356,1.0436692237854004,3.3275880813598633,0.99140625,0.021497905254364014,0.06143870949745178,-7.767973899841309,21.292924880981445,3.653689384460449,0.3103940486907959,0.0007,350.0,35.32308211147558,0.4698778927438837,0.061520766466856,0.28043886612021857
189640.0,-0.01173324568371754,0.9246521212415929,-5.799360752105713,11.329338073730469,11.329338073730469,3.333454632759098,0.0,-0.00022089948550433217,0.005106686387174512,-0.06711596670613927,0.046890007239518264,-0.011733246693850806,0.9246521055961111,-5.799360570777991,11.329337629744963,12048.238576486636,678.863584787286,10932.78390500876,12901.484765117377,0.5101526603684405,0.17618972415366116,0.10560633866897014,0.9228506772474658,2.5400901455059054e-05,8.4355187698942e-06,1.2293310607679043e-05,3.9767140035457074e-05,0.7322488126748831,0.3775408136546167,0.37721641208843626,0.2148297755028292,0.9617192034673334,0.18749678156945027,0.8619348874399828,0.2058824693706441,0.9577177868903602,0.1895167175111778,0.7978292131490545,0.20227425604589863,0.9257748170093392,0.701520562171936,0.4872989356517792,0.9800392985343933,3.5076029300689697,1.0,0.018107276409864426,0.03947756439447403,5.235228538513184,18.486074447631836,3.4659857749938965,0.40110522508621216,0.0007,351.0,35.326915965468736,0.4531965200556443,0.06994566321372986,0.298338700234192
190180.0,0.014112558248409726,0.8760493449758296,-4.90330696105957,5.019503593444824,5.019503593444824,3.2068835139274605,0.0,2.4650143141993146e-06,0.0037129765678811286,-0.019407509162344513,0.01803385960471277,0.01411255694954205,0.8760493388539137,-4.903306891962966,5.019503486953544,11290.171202516936,255.85661769348167,10756.417505790485,11907.883100019593,0.5062985547781089,0.17734954564859767,0.03578393634834497,0.9291714611919856,1.9313402655814595e-05,3.978512610761367e-06,1.3556275757901587e-05,2.9547316697317974e-05,0.7304154441066236,0.3788116117341894,0.38127799354226544,0.21220180059979235,0.8957991178667117,0.19970630518101684,0.8502097910168496,0.2019096595013583,0.8980857378620645,0.18937959515886654,0.8759584161232373,0.19680263955896596,0.8257659335306835,0.7102900743484497,0.535678505897522,0.899628758430481,3.551450252532959,1.0,0.014359241351485252,0.031826749444007874,2.951462507247925,16.531553268432617,3.4180712699890137,0.23838484287261963,0.0007,352.0,35.32667197536326,0.48850782590873787,0.07096236199140549,0.33330893832943015
190720.0,0.01390026476605002,1.119796642130729,-8.927492141723633,6.059730052947998,8.927492141723633,4.062052116394043,0.0,0.00030765155820654087,0.005476406875277146,-0.030046894416914608,0.031345784079068885,0.013900263456516043,1.119796641200638,-8.927492412642952,6.059730056287636,12562.306925533656,448.50626267533335,11267.14539317621,13456.663782878168,0.5101566087117326,0.18737476799994685,0.05019436958734107,0.9411463349194436,2.649645643557234e-05,4.654652419192473e-06,1.418867458524007e-05,3.782787289053535e-05,0.723588250007005,0.3855439980854763,0.3837999444997162,0.2392255665687463,0.8891407909341333,0.17446467566122004,0.8573398929433389,0.19459492980579565,0.854027869703326,0.18652415644578915,0.914958337573092,0.20519067151844886,0.9192629697272431,0.6697314977645874,0.4471651613712311,1.0150893926620483,3.3486576080322266,0.996875,0.017809545621275902,0.05002022162079811,3.0767107009887695,18.425443649291992,3.579848289489746,0.1536913514137268,0.0007,353.0,35.3226965793244,0.48055896374600926,0.06331010162830353,0.29874121779859486
191260.0,0.0014082365029834262,1.0923527624766594,-7.848721027374268,4.172843933105469,7.848721027374268,3.1641983127594004,0.0,0.00034780080473398024,0.005841126878024483,-0.03329611471191346,0.027299722008661056,0.0014082380260495143,1.0923527587588944,-7.848720809571424,4.1728439683708896,14463.305246221791,839.8522489378588,12994.72758554507,16538.569175227218,0.5087275945795643,0.17546994013864575,0.08023560008903051,0.9621938675086776,2.9973675341007447e-05,4.5189726800458925e-06,2.4298940078411898e-05,3.97260819777226e-05,0.7207258388007833,0.38496534625042833,0.3860523306889877,0.236366908515172,0.9063824599737814,0.1877621205630186,0.8869246379974777,0.18481140665559972,0.9244433548342961,0.1831608120455371,0.9697905178322501,0.20789875222067256,0.9196992237389752,0.6670835018157959,0.4473474323749542,0.9879815578460693,3.3354175090789795,1.0,0.0162780974060297,0.04741225391626358,-0.46860870718955994,6.78084135055542,3.570298910140991,0.518486738204956,0.0007,354.0,35.32701012394171,0.47542259477426835,0.056535959243774414,0.30174180327868855
191800.0,0.04529402788590502,0.9788492904150798,-5.5491509437561035,4.072768688201904,5.5491509437561035,3.5463402581214973,0.0,0.000635986571686932,0.00543682836799548,-0.03065546974134428,0.02735405042470382,0.045294030625317144,0.9788492892183137,-5.549150748649695,4.072768904240107,16842.262359574397,2053.183502038667,14364.397222217143,21990.051550332602,0.4944681278606556,0.17538533427059094,0.06637961879662158,0.9695315384245188,2.941832722251163e-05,3.8992240865731256e-06,2.2580382829719627e-05,3.7802930076226805e-05,0.7231765384136466,0.38397443647977025,0.3859864393076055,0.2620473006324219,0.9716516885239063,0.17567000229067803,0.9411619757021235,0.18395762032076993,0.8123180171846094,0.19305238877785943,0.9690482603874219,0.18527268797827073,0.8828198230425008,0.6565682291984558,0.4507419466972351,0.9677267670631409,3.282841444015503,1.0,0.018127942457795143,0.059573642909526825,-20.613422393798828,64.1364517211914,3.6407079696655273,0.07937383651733398,0.0007,355.0,35.32769018222889,0.4849281162500501,0.05698215961456299,0.28284787275565965
192340.0,-0.09084839401292373,1.854675399717997,-35.968231201171875,4.22952127456665,35.968231201171875,3.9024165511131366,0.0,0.00018624507965598415,0.010195808179763568,-0.09458804364422542,0.04876723721731745,-0.09084839141374682,1.8546753433307217,-35.96822960886178,4.229521110331756,23685.523338204464,1319.4442283000674,20545.804974254872,26828.18609940639,0.513639238285608,0.18565559357556494,0.05796612737606384,0.9350089464810258,8.656487062227208e-05,1.589075851024648e-05,3.5191068102835094e-05,0.0001185833853827147,0.703830271125214,0.39833188892939864,0.39898406794004576,0.23195333153382042,0.9650356342734877,0.18242312496059773,0.9175602513828588,0.18734608265939348,0.841541057443458,0.19153611216374325,0.9035073322456963,0.20674134868244512,0.9378804846442811,0.6579409837722778,0.4400971829891205,0.9553345441818237,3.2897050380706787,1.0,0.02220189943909645,0.06662319600582123,7.918944358825684,45.20325469970703,3.6693174839019775,0.18141615390777588,0.0007,356.0,35.32599172174435,0.48130361589994375,0.07038437575101852,0.1830662080405933
192880.0,0.019518472422916804,0.7873923874570987,-5.058263301849365,4.51082181930542,5.058263301849365,2.679407629966736,0.0,0.0003012177636008196,0.005518271888575013,-0.029836412224732635,0.031037838275152985,0.019518471540713407,0.7873923839166921,-5.058263180508746,4.510821598598196,25477.75556047221,1293.8940490508398,22951.632036710776,27941.918554114378,0.5191735007329199,0.17525048373473426,0.0388225485871303,0.9078894101784867,5.0115784733906915e-05,1.402236257494413e-05,2.9122987170678548e-05,8.229672158696986e-05,0.7171503151845511,0.3867291791577104,0.38996715775366314,0.24444219235118128,0.8875326927286048,0.18564518475444372,0.7905958162334518,0.1757398550742441,0.8485632433463001,0.18455930678096472,0.8197040443349995,0.2096134610391662,0.7751024577873529,0.6507169008255005,0.43536460399627686,0.9337302446365356,3.253584384918213,1.0,0.013103661127388477,0.05557016283273697,-11.358319282531738,18.679433822631836,3.615466356277466,0.46784573793411255,0.0007,357.0,35.3249683405082,0.4868867443459498,0.06860499083995819,0.2498048399687744
193420.0,-0.009181815679120417,1.0414184823090393,-6.5661301612854,4.875799655914307,6.5661301612854,4.044312613010412,0.0,-8.687746450236931e-05,0.006223680211453415,-0.0570615016044838,0.02862418003881403,-0.0091818159026789,1.0414184836440321,-6.566130338232714,4.875799894073466,25848.96879553009,1657.3085564009777,21760.26675699495,28948.782060672922,0.5036854463580348,0.17670824016242115,0.07231063342933629,0.9198254135107966,3.270055381622396e-05,8.664925991395499e-06,2.240649758467878e-05,5.214484392578106e-05,0.7204106095364043,0.38670693879031875,0.38539629257047886,0.21440318186192195,0.9308688155108563,0.18108224493362238,0.7686260319222533,0.19066086044509767,0.9365558560110561,0.19746708938916666,0.9505197175652602,0.21638662337019135,0.8691748283523154,0.684909462928772,0.48900729417800903,0.9970396757125854,3.4245474338531494,1.0,0.015625130385160446,0.03913020342588425,1.5298676490783691,30.66796112060547,3.486443281173706,0.3387863039970398,0.0007,358.0,35.32889797760382,0.4853407940452969,0.08072701841592789,0.19030542544886808
193960.0,-0.019891386953423972,1.0172996291107648,-5.905381679534912,6.752559185028076,6.752559185028076,4.0655766487121605,0.0,-0.00023108165657737356,0.0077936935009242985,-0.0671860519829102,0.043453815611835825,-0.019891386013730937,1.0172996248617316,-5.905381473823796,6.752558997157907,23757.62792300716,1617.0047345713513,19446.26102948857,26792.415439739867,0.5106082491768538,0.1744617168265652,0.040112228387797724,0.9677586216350895,5.7954396893118476e-05,1.894032788273555e-05,3.399185949042046e-05,9.521924279796455e-05,0.7361169417651277,0.3757395773127523,0.3764809059589966,0.20420374483344156,0.8458863121315993,0.18952212914073965,0.894588189098764,0.2064274712942525,0.8694252434540966,0.1958999427825344,0.9110173534244767,0.20394671194903188,0.8252762373916628,0.7004673480987549,0.5081579685211182,0.9842531681060791,3.5023367404937744,1.0,0.013681751675903797,0.028835322707891464,5.13142204284668,18.154369354248047,3.4293556213378906,0.5328652858734131,0.0007,359.0,35.3298218666565,0.49360439118793903,0.07334313541650772,0.2113095238095238
194500.0,0.022703931979507347,0.8535590210302502,-3.885261297225952,4.776538848876953,4.776538848876953,2.6218650078773513,0.0,0.00011692271429973288,0.005089611511427609,-0.019896914971713676,0.028210906132876738,0.02270393225817857,0.8535590208074239,-3.8852612663190462,4.776538726191611,22479.5013412308,840.6805743003208,20276.464911821262,24102.389360358447,0.5128205043134371,0.17522112896217604,0.06143693669814021,0.9555189156103742,3.635828741737045e-05,8.229958262699833e-06,2.371747206930158e-05,5.2623922345955574e-05,0.7228839355883588,0.38512574100696373,0.385403820328606,0.21322873113195437,0.8943731441228723,0.19402616387717259,0.9049052907912952,0.20670096252005093,0.9260076213259596,0.2030812467509374,0.9484671187565505,0.18296289571988467,0.9369457000897221,0.7010530829429626,0.5399600863456726,0.8619331121444702,3.505265474319458,1.0,0.011469568125903606,0.02494589053094387,-5.921995639801025,11.777243614196777,3.415651798248291,0.44107645750045776,0.0007,360.0,35.33206599407072,0.4947552719070597,0.06525638699531555,0.3123292349726776
195040.0,0.001998155274810011,1.1645965783394736,-4.398475646972656,5.822554111480713,5.822554111480713,4.181682949066162,0.0,0.00032041513562833067,0.007039270482861635,-0.02661562244544504,0.04632870587633405,0.0019981551575034414,1.1645965851310498,-4.398475816940554,5.822554336094026,25745.059764692025,1324.4578298548975,22816.802077729986,28366.78082905877,0.5129006393996,0.18383910719029228,0.08199977168213236,0.9668400808651578,3.695480522982228e-05,1.501499824815366e-05,2.1571500403112834e-05,6.504247764220237e-05,0.7243331235090752,0.3849789631050209,0.3823566418903816,0.229975565393125,0.9390915051279766,0.19618118068488707,0.8938319224382069,0.19162669731738774,0.85977555127022,0.1871280165719393,0.8496574670243129,0.19508854003266085,0.9200400477416464,0.6769284009933472,0.4710771143436432,0.8977447748184204,3.3846421241760254,1.0,0.01585673913359642,0.038089726120233536,1.7883377075195312,20.904802322387695,3.504209041595459,0.30765020847320557,0.0007,361.0,35.331838223032435,0.49725865724646007,0.07196768373250961,0.24448063036690085
195580.0,-0.026201572586001864,0.988205335867486,-7.082240581512451,7.354083061218262,7.354083061218262,3.561693999767304,0.0,-2.980221652965307e-06,0.009140503899731636,-0.05571091685922932,0.08342568465306377,-0.026201571534472907,0.9882053354025416,-7.082240547827461,7.354083149749255,29406.049050563313,1516.2757469775765,26977.917221296753,32789.69790200665,0.5261183132004313,0.18348455675722464,0.09081466631105359,0.962177179031541,8.4284436844339e-05,1.738358847285241e-05,5.2350427107354846e-05,0.00011105333698576256,0.7056166036415291,0.3979711115394493,0.39827316622356496,0.2538703512912554,0.9303474458401928,0.17818736805855195,0.8716198939993401,0.1775016478646679,0.9530791769819327,0.1805625929051547,0.8152365961671462,0.20987803988037,0.8789862738153185,0.6356358528137207,0.42497017979621887,0.9145364165306091,3.1781792640686035,1.0,0.014553162269294262,0.06909045577049255,-0.3650597631931305,11.251450538635254,3.7135562896728516,0.2711613178253174,0.0007,362.0,35.32719583379984,0.4920890457493811,0.1084272563457489,0.1766076307572209
196120.0,-0.0024314120627456793,1.049958238057022,-5.175189018249512,4.779933929443359,5.175189018249512,3.4165078878402726,0.0,6.111819342287178e-06,0.008606518897307637,-0.03769366041802356,0.04174300762680485,-0.002431412168546414,1.04995824119898,-5.1751892248067755,4.779934106237852,28741.947011272772,924.4510243947906,25889.07254405859,30507.572751621614,0.5037453286569867,0.1812146414050048,0.09054950754216033,0.9456067901857536,7.001347441750948e-05,9.378977573800225e-06,5.5974872460267934e-05,9.347595285445565e-05,0.712372183511673,0.3924536282867434,0.39533466047480487,0.25709418929546884,0.9361625049022727,0.1715314143003039,0.9088673371537116,0.18968623859576522,0.8928940462487572,0.16960888496152196,0.9294077416445111,0.21207927284693998,0.9785412522891926,0.6469508409500122,0.41904062032699585,0.9753417372703552,3.2347543239593506,1.0,0.018950950354337692,0.07008480280637741,-2.353309154510498,9.313249588012695,3.7016866207122803,0.36448919773101807,0.0007,363.0,35.327339490104166,0.4815524043484251,0.0932496190071106,0.18972604410616706
196660.0,0.008979796056411471,1.0894818026584294,-5.4826531410217285,10.702889442443848,10.702889442443848,3.6014972305297874,0.0,-0.00022030497690920292,0.00874952939501999,-0.03897563964322087,0.06596343299070653,0.00897979678495378,1.0894818053171351,-5.482653113740173,10.702889523488482,24727.518096937125,1467.2379872192441,20935.857778700833,28577.142241733898,0.500969572027578,0.16549930547056535,0.1288597094386869,0.8972207390520486,7.226952271960524e-05,1.7200891947470897e-05,4.729155029579013e-05,0.00010461902120672035,0.7399333306411966,0.37401667900182467,0.36966653015619233,0.207832092896055,0.9121520819037185,0.19827223763900337,0.8770733659473721,0.19870952387758764,0.8814088197734367,0.20740867680329472,0.9294872426731781,0.1877774687840593,0.8433747197310472,0.7192896604537964,0.4741407334804535,1.0281147956848145,3.5964484214782715,0.9984375,0.015828486531972885,0.033762939274311066,4.3736066818237305,16.247425079345703,3.418534517288208,0.42420750856399536,0.0007,364.0,35.32594537270297,0.4955675527867451,0.09588904678821564,0.20858338212334113
197200.0,0.017272290928479008,0.9044941741587573,-5.255599021911621,5.048730850219727,5.255599021911621,3.199074568748479,0.0,0.0003527780454360289,0.00605528619950023,-0.030736099717256146,0.032187062472122226,0.017272289745323303,0.9044941702182341,-5.255599112656285,5.048730747063048,25910.119537946135,2114.7894112396007,22973.48956576021,29582.894730235672,0.5019221952136839,0.17717185457003728,0.05223726482719905,0.9429482195778135,4.9708635681575133e-05,1.0878227939378718e-05,3.50909535870566e-05,7.907915375578441e-05,0.7243516564790607,0.38293409428495284,0.3831120785236957,0.2372033721291646,0.9211151318773421,0.1857352026769436,0.9505546061449212,0.1774814566286414,0.9363869468423216,0.19202755566363608,0.8785398726530663,0.2075524129016143,0.8619580468546659,0.6722576022148132,0.4159628748893738,0.9946783781051636,3.361288070678711,1.0,0.01594960317015648,0.03985530138015747,-2.023709297180176,17.626380920410156,3.5284340381622314,0.47208940982818604,0.0007,365.0,35.32973337716009,0.4847743109448889,0.1437290906906128,0.2676009953161593
197740.0,-0.06451443825790193,1.5837614851281174,-9.425924301147461,10.61641788482666,10.61641788482666,6.001244153976443,0.009259259259259259,-0.0002913327668499605,0.02676420051968689,-0.1502075976496403,0.1472562922202361,-0.06451443853703967,1.5837614818806431,-9.425924068466442,10.61641793117881,11294.710692324044,6379.624838146373,4763.410427319245,28350.77731135567,0.4998171454690344,0.18220618364350397,0.08429403306599774,0.9609673795839585,0.00046063519440885537,0.0002994181261035735,1.1652802712482807e-07,0.0008349587458050413,0.6978054252171466,0.3996646917988813,0.40440072235711655,0.28806047912657873,0.9915711003404463,0.17158924270468937,0.9099659230470423,0.16130458811850718,0.8839981462900809,0.17314368264184135,0.8972046386812939,0.20590200740838335,0.8258452113611431,0.6409941911697388,0.3716703951358795,1.0992599725723267,3.2049713134765625,0.92734375,0.02892843447625637,0.09690523147583008,8.157251358032227,25.905502319335938,3.97684645652771,0.508743166923523,0.0007,366.0,35.327158187806866,0.3706682119221727,0.06135683134198189,0.15701234387197502
198280.0,-0.01408471695505324,0.8249993093273603,-3.9599087238311768,7.2719316482543945,7.2719316482543945,2.688462569713593,0.0,9.71906510826938e-05,0.015332367600139727,-0.06490703313986187,0.10755464632657735,-0.01408471619754767,0.8249993095501494,-3.959908639701753,7.2719314785636735,9071.956581089345,964.6970080636924,6956.228268498663,10801.07687476613,0.506586822658506,0.19127348241561032,0.040758933557642325,0.9536269780192759,0.0003945211060037201,0.00012134736235718177,0.0002621289233782718,0.0007079136942057347,0.68719841475172,0.40976029126195285,0.4085526792666873,0.3245797565119745,0.9843377282763772,0.1494249406079201,0.8487663366638553,0.17323065367865856,0.8874574874878186,0.16476014814620324,0.879494094980887,0.18800450105524355,0.8694732713498122,0.6255866289138794,0.3648052215576172,1.1476858854293823,3.1279335021972656,0.90703125,0.023349545896053314,0.11263088136911392,0.24449928104877472,14.510917663574219,4.079250812530518,0.08004254102706909,0.0007,367.0,35.323436300114444,0.46835323061486434,0.11924198269844055,0.20901639344262296
198820.0,0.02708590287387509,0.8606562677386287,-4.418704986572266,3.8328919410705566,4.418704986572266,3.536324656009674,0.0,0.0005548586215513242,0.01068315948258432,-0.044394532793591554,0.05418334390180301,0.027085902636179982,0.8606562664714217,-4.418705026932484,3.8328918489207875,8409.527807279517,861.4257109682087,6707.028745748743,10041.126965847021,0.5273986990717394,0.17851721340422122,0.10154743154300744,0.9614032562834518,0.00016724237744764013,4.4688240770689074e-05,0.00011116237353944256,0.00026525888403001855,0.6761084349621238,0.41673255482611815,0.41993772390776907,0.33556554646379894,0.9756124579553658,0.15477966412226338,0.9184466863811949,0.16277599093130624,0.9768367326861377,0.17722443623070214,0.8735110303004052,0.16965436225192934,0.9486829414699598,0.6126953363418579,0.38026392459869385,1.1595402956008911,3.0634765625,0.87890625,0.015900466591119766,0.1328456997871399,-17.449575424194336,34.04453659057617,4.221680641174316,0.1528797745704651,0.0007,368.0,35.32561531211493,0.4061399874017308,0.055033132433891296,0.2623926619828259
199360.0,-0.025469977980160534,1.0854364279440547,-6.426397323608398,10.593523979187012,10.593523979187012,3.228880128860478,0.0,-0.0004083502332502487,0.01076617551826178,-0.05597182545740058,0.08481916739960017,-0.025469976500942838,1.0854364345699021,-6.426397239732509,10.593524210624453,8475.072967465672,600.0107098273586,6951.523992733223,9690.210600091516,0.5243402289136706,0.19169117559211593,0.07651789513009465,0.9616345410123676,0.00010972410860309922,1.6708993371760517e-05,7.761413491016243e-05,0.00015395031795740468,0.6997104375037607,0.4020017603345131,0.4029189876230598,0.267860585103548,0.9311478532698398,0.17892890068470366,0.9367609093226672,0.20205973724406132,0.9340498873018287,0.17501707936276656,0.9390846436198065,0.1761336976049205,0.930998762858106,0.6469520330429077,0.41363850235939026,1.1193231344223022,3.23475980758667,0.9421875,0.020809445530176163,0.0872749462723732,1.1020760536193848,13.044062614440918,3.822908401489258,0.26001274585723877,0.0007,369.0,35.32498610807159,0.46182430000441177,0.04535706713795662,0.29401468579234974
199900.0,-0.018629029295321002,0.9787934703125809,-6.416574478149414,6.295568943023682,6.416574478149414,3.8247856307029755,0.0,-0.00022511947956517498,0.009508425959882749,-0.09169732133105232,0.056169788292145036,-0.018629029603945496,0.9787934650914137,-6.416574318448969,6.295568782088394,8019.944372789374,478.82167557530084,6229.954842949412,8934.329153770577,0.5085345017194295,0.1691626640598022,0.06761820310688649,0.9263648587099093,9.148818632677801e-05,2.1570342982278644e-05,6.657365176431202e-05,0.00014917396390839248,0.7127848353222838,0.39005716884955877,0.3924046252193447,0.2766214455014691,0.957331973849692,0.1704054392221097,0.8441301037332165,0.19321881469500107,0.8915239384361668,0.16863962850130673,0.8342107060723204,0.1911146720801134,0.919316266625152,0.6503920555114746,0.38667479157447815,1.1239451169967651,3.251960277557373,0.95546875,0.022319184616208076,0.08474172651767731,7.7942681312561035,35.8017463684082,3.8196678161621094,-0.05267751216888428,0.0007,370.0,35.322565201282615,0.4860539522108781,0.05495627596974373,0.2995645491803279
200440.0,0.03836291890571981,0.9233164417113896,-5.010861396789551,4.525262832641602,5.010861396789551,3.2504699683189395,0.0,7.059859050047754e-05,0.009640704472613356,-0.045075501964468995,0.04059116244144592,0.03836291743646148,0.9233164395329957,-5.0108614691886,4.525262666026882,6365.067112325729,435.71885087175025,5500.512789938104,7254.894445509557,0.5230996649199231,0.18464395393013094,0.07685755143019185,0.9748271899733605,0.00011098283441507137,1.8632533770661992e-05,8.180305330337647e-05,0.00014930409282490418,0.7063804873853078,0.39943352408446614,0.39902905686179924,0.26013646416059005,0.9338635792745511,0.17478698410948568,0.8566156474168437,0.1759799566735351,0.8159287298345619,0.18772974027667558,0.9194918605642143,0.20136685477971358,0.8626733786838346,0.6628958582878113,0.4142184555530548,1.1042226552963257,3.314479351043701,0.97265625,0.0217011459171772,0.07198524475097656,-3.1196129322052,17.208541870117188,3.7081077098846436,0.324521005153656,0.0007,371.0,35.325465372677634,0.49191282646035533,0.053148239850997925,0.2982106264637002
200980.0,-0.0060460501400316224,0.7987190672792681,-8.026388168334961,8.929647445678711,8.929647445678711,2.2994098806381236,0.0,-0.00015442638870996375,0.0055934420084145335,-0.05704875399235187,0.05958446171905176,-0.006046051473879025,0.7987190677337924,-8.02638864392481,8.929646975311698,5868.174379206729,188.6160215841757,5513.955035833886,6341.657486000675,0.5048779504270211,0.17727180696233663,0.07895351121952898,0.96859727165974,5.2584148839591324e-05,1.7348085738022968e-05,2.577928129854331e-05,8.519461005983046e-05,0.7252882874414989,0.38094579011149526,0.38514000346064575,0.23485003211163355,0.9168474953870805,0.18149039429675803,0.916013049630272,0.20874102509915016,0.9683673593292111,0.18839729944222572,0.8770108921105378,0.1865212490502325,0.9719540829572212,0.6747432947158813,0.46166348457336426,1.0221141576766968,3.373716354370117,0.9984375,0.016713928431272507,0.05303028225898743,2.4920265674591064,5.6273722648620605,3.574141263961792,0.49086225032806396,0.0007,372.0,35.32708062391653,0.4927258069301381,0.06008116528391838,0.3271004098360656
201520.0,0.012546014410650565,1.5055293376949246,-5.915524005889893,19.139692306518555,19.139692306518555,5.050856108665467,0.0,-0.000752751184546575,0.014524360504526752,-0.06248646225564001,0.07440889873116982,0.01254601205146254,1.5055293201690536,-5.915523887236468,19.13969176425793,3828.9760799556298,719.3084224458697,2859.079847623717,5755.008246267329,0.4923097290677532,0.1825165452797353,0.07454904842355198,0.9280386797331817,0.00014816201842382748,5.57749541383772e-05,2.4570444823635554e-05,0.00021519690367597361,0.7358238199835336,0.3748459745656469,0.37723060187808527,0.18842835562807156,0.8260316448717885,0.20337850930064108,0.9043541021969475,0.19788220459065037,0.8033407502591957,0.2170441989398422,0.9108589297934847,0.1932667315407948,0.8522261854172629,0.7451105117797852,0.45680442452430725,1.0882021188735962,3.7255523204803467,0.98359375,0.0214704442769289,0.05058901757001877,-3.0906460285186768,41.67155456542969,3.4549813270568848,0.1780625581741333,0.0007,373.0,35.33331783069598,0.4712055268582527,0.09591181576251984,0.26033128415300544
202060.0,0.015732445839913217,0.8254975089436787,-6.313262462615967,4.962307453155518,6.313262462615967,3.4765770697593696,0.0,0.0002301540467602077,0.009269737513977763,-0.06493706550218663,0.06665945785022893,0.015732444587644504,0.8254975091031934,-6.313262609126641,4.962307423810409,3733.428875357661,174.02040873074196,3399.4884698510796,4265.661157880022,0.5063264402862211,0.17178450669480796,0.1121493550729884,0.9635237022959269,0.00013010894582757832,4.431143931294818e-05,6.513721022906073e-05,0.00021668410887094535,0.7375179666814825,0.3751308239095695,0.37506175391350055,0.21471915987120807,0.9276275358252403,0.19984359932654688,0.8324686613526165,0.1942529317597597,0.7813345058065339,0.20113010118992936,0.8050922554604041,0.190054207852556,0.9104734916063587,0.7117664217948914,0.42054620385169983,1.0722910165786743,3.5588321685791016,0.996875,0.01477801613509655,0.03128822147846222,8.296791076660156,17.815044403076172,3.4232144355773926,0.2105768918991089,0.0007,374.0,35.33034874335807,0.49427689576566225,0.05533449351787567,0.2924899980483997
202600.0,-0.0014133404573874065,0.9873986027982242,-13.59921932220459,3.37207293510437,13.59921932220459,3.21248822450638,0.0,0.000463894315836161,0.007041660736584957,-0.07044654556674669,0.03201274767511712,-0.0014133418748192837,0.9873986128169894,-13.599219748133157,3.372073001282901,4654.196979769046,337.57442836251363,3974.035861603515,5128.33061529796,0.5227380430739175,0.18034238014866777,0.09760072779127599,0.9116898969909687,6.278663880014076e-05,1.2682438345956641e-05,3.86275737880665e-05,8.728856029783093e-05,0.7015534447595194,0.4020653082753269,0.3991440639280655,0.30307716518210975,0.9620661240287534,0.16032257567436425,0.9166305084968365,0.17929758988342265,0.8635256830186772,0.1794401575816941,0.82351820975524,0.1778625116784092,0.8047050057548357,0.6360771059989929,0.41488489508628845,1.0785707235336304,3.1803855895996094,0.95703125,0.014563314616680145,0.09764258563518524,1.4496625661849976,13.831114768981934,3.8813250064849854,0.29886043071746826,0.0007,375.0,35.33210670834864,0.48144179136002646,0.0786931961774826,0.29397809328649493
203140.0,0.017849383698248185,1.0653635589578871,-5.6436448097229,5.651804447174072,5.651804447174072,4.027702879905701,0.0,0.0007647322128147743,0.008591632411457455,-0.037850499559211985,0.057179874276985676,0.017849384094900802,1.0653635495105354,-5.643644642534137,5.65180423911417,6318.818169784708,483.791420684671,5040.108135016168,7522.436468970255,0.4903141413348359,0.18078011186575693,0.04847906747078717,0.984371351828442,6.396481305547898e-05,1.2865115904316612e-05,3.080456930314554e-05,8.697031196959045e-05,0.6926638148707635,0.40382691922575864,0.40445946198033056,0.3234605499774003,0.9737667206710076,0.14386670293932305,0.9104646472633562,0.1920354112681317,0.8944942331726057,0.1650884103346241,0.8354932529654988,0.17554892548052078,0.8915555894409248,0.6164445281028748,0.3492683172225952,1.1539846658706665,3.0822229385375977,0.91484375,0.012509127147495747,0.12194108963012695,-6.6225433349609375,37.690452575683594,4.115612030029297,0.09116697311401367,0.0007,376.0,35.32904641258757,0.4848716285534437,0.05640629678964615,0.2885197111631538
203680.0,0.007485543342772872,1.0301367500274812,-5.988479137420654,3.523627996444702,5.988479137420654,3.4282670187950144,0.0,0.0010661400954865825,0.010486794530412114,-0.041434376275184516,0.0494210462310962,0.007485545667487128,1.0301367459630584,-5.988479049116683,3.523627921125482,10084.105025581599,1364.3777405430758,7187.670155207416,12983.678081510267,0.4986777204042253,0.19195272222781118,0.02592586935125512,0.9792499912659749,0.00010810260716390851,2.1508595538894178e-05,6.71594895552612e-05,0.0001487549673112881,0.6665261510477598,0.42372753631322535,0.42735425804522365,0.3572267968825052,0.9765491802777654,0.13659815200279624,0.8951877893317607,0.16789713274004897,0.8443558322254603,0.16797383678979674,0.9241238976675042,0.1703040815848528,0.8792946889660127,0.6011921167373657,0.3405514657497406,1.1533678770065308,3.005960702896118,0.84609375,0.013383668847382069,0.14659997820854187,-13.919790267944336,19.12065887451172,4.40010404586792,0.16666758060455322,0.0007,377.0,35.33121649418925,0.41032667392574584,0.049831170588731766,0.27444989266198283
204220.0,-0.054019943388131514,1.1137745286804221,-6.497934818267822,4.579667568206787,6.497934818267822,4.534128093719484,0.0,-0.00020369509511399922,0.012318167318150913,-0.08138415030258363,0.05919657940350009,-0.0540199445205988,1.1137745320425918,-6.497934877706129,4.579667794980266,12124.608050774432,1042.560235223106,10611.687856912555,14163.540105237651,0.5208228842920192,0.18446646872855776,0.09670005679644911,0.9288925442880053,0.00013971171548108198,2.8865175652514444e-05,7.083675036709222e-05,0.0002072753074374432,0.6937133690986558,0.40524515890288537,0.40464677252102466,0.31007731699414853,0.9456940481950022,0.15348384646898466,0.8949993295472781,0.18153577260752202,0.8425213102387995,0.17605688931280203,0.8710588389169428,0.17884617461654279,0.8457784487294523,0.6299402713775635,0.38480013608932495,1.1168895959854126,3.1497013568878174,0.91640625,0.017596259713172913,0.10949835181236267,9.758544921875,27.95697021484375,4.007544040679932,0.159986674785614,0.0007,378.0,35.32453260670019,0.46422837050601007,0.069296695291996,0.29275224434035907
204760.0,-0.009646905617814304,0.8595215283021984,-5.462411403656006,4.375463962554932,5.462411403656006,3.018453874588016,0.0,-0.00030724301501953603,0.00725080009836791,-0.05275003843849031,0.03213303236055249,-0.009646906342353852,0.859521526948981,-5.4624115082345055,4.375463765320722,9901.777052580937,495.85117140024397,8970.568028149015,11295.297189879826,0.49998505479416094,0.19452698703560675,0.059618698821665095,0.967962502516855,7.243406736251416e-05,1.5681001035296145e-05,5.0095867969008916e-05,0.00010675488118187493,0.7088767371609095,0.396009126419471,0.395560813318593,0.2823236772084451,0.9286645469237533,0.16848958850549733,0.853114848135681,0.17706090233297786,0.86989205530551,0.18982288877746192,0.9015770974372094,0.18230294317561785,0.8911350054078454,0.6468117833137512,0.42122694849967957,1.0866605043411255,3.2340590953826904,0.97734375,0.014962712302803993,0.08387629687786102,-0.6083180904388428,9.676031112670898,3.772273540496826,0.29775530099868774,0.0007,379.0,35.32766104906088,0.4935513955948585,0.07888419926166534,0.3259172521467603
205300.0,0.0015719145218436434,0.9789870599621648,-10.17502498626709,4.876847267150879,10.17502498626709,3.4140930080413856,0.0,-0.00016639057062805906,0.009365463932434759,-0.11691033151858267,0.04422778046807201,0.001571913129949524,0.9789870640427679,-10.17502505519126,4.87684732905367,8493.116929145433,299.35878378557203,7874.750078249361,9301.086007505042,0.49626232421526123,0.1767537445566399,0.09584384079898167,0.9432697999999178,8.3855447368218e-05,2.3366927463353218e-05,4.948166015580767e-05,0.00013709134227601674,0.7220056366309248,0.3846652929925861,0.3863284050230794,0.2508059660393681,0.9047722043467534,0.16023043241712676,0.8875207675761162,0.1916487295532356,0.8289814180653114,0.18710802012694758,0.888317822996379,0.21020685186332194,0.9601018729774637,0.6762855648994446,0.4286799728870392,1.0693455934524536,3.38142728805542,0.98046875,0.02177109383046627,0.06238676235079765,1.6821391582489014,10.660881996154785,3.61989426612854,0.2503312826156616,0.0007,380.0,35.326366536551994,0.49440217273858983,0.04811038449406624,0.26760709406713507
205840.0,0.0053660345374804885,0.9481164443676188,-5.010128974914551,4.857714653015137,5.010128974914551,4.010539140701296,0.0,-0.000242971300201989,0.007463626774972513,-0.045470750244940586,0.03410286986958343,0.005366034760049384,0.9481164394486491,-5.010128922839,4.857714433061935,7418.889532807744,560.3380631013298,6487.254976091704,8586.790713308354,0.5024315216016834,0.1845514663202651,0.04589698575899806,0.9356208833943616,5.993198341695013e-05,1.2942986450148963e-05,4.0663819406866923e-05,8.946682938235527e-05,0.7292231254938989,0.37972170527051313,0.380683401836546,0.2051118159212206,0.9199210433193886,0.20017415847515704,0.814188045173895,0.18771667282434418,0.8694141852186623,0.19922557489401646,0.8613112175071871,0.20777177788526174,0.9654185285295566,0.7018763422966003,0.4919406473636627,0.9695079326629639,3.5093817710876465,1.0,0.01698487065732479,0.03818623349070549,5.9264817237854,19.956693649291992,3.461477756500244,0.38540011644363403,0.0007,381.0,35.3263184583355,0.4952142477342391,0.05394021421670914,0.32569769711163155
206380.0,0.03169192636678754,1.032539461915541,-6.692401885986328,4.4948906898498535,6.692401885986328,3.8073640489578313,0.0,0.0006064073330127079,0.007397139307463399,-0.040811964188109444,0.037970705037524116,0.03169192679374014,1.0325394596521533,-6.692401726512647,4.494890834225051,8241.045408231834,931.9420623366995,6859.165793262129,9843.902626468082,0.5060381868952212,0.1940501143533575,0.0739622304089588,0.9605019823006594,5.3077384040251145e-05,9.851298513484438e-06,3.731210377553253e-05,7.242239855173666e-05,0.69554954440634,0.4041066178539916,0.4063420629320926,0.2986819339141339,0.9312653391683203,0.15591265657471923,0.93243605364139,0.18772335718031272,0.9104582618594775,0.174043921999773,0.8986260422020061,0.18363813033106116,0.8418405608924822,0.6413310766220093,0.4074450135231018,1.0929762125015259,3.206655502319336,0.94921875,0.018795926123857498,0.08933894336223602,-8.464971542358398,19.041452407836914,3.8495795726776123,0.40758955478668213,0.0007,382.0,35.32743802822884,0.49480259089891265,0.0626278668642044,0.3292715651834504
206920.0,-0.03707613529922027,1.381966354511738,-7.339461803436279,15.712072372436523,15.712072372436523,3.960884215831758,0.0,-0.0006229551549394425,0.01911267665491377,-0.1629085670993397,0.17447849158588355,-0.037076137703986024,1.3819663680496197,-7.339462028903785,15.712072693148285,8635.453987766141,1715.9107485749846,4579.053079017182,11016.780449442405,0.490277162733599,0.17857204797506232,0.0630899016112878,0.9316735603073777,0.00018381478079159202,0.0002075542164560654,4.860876946671271e-05,0.0006295406847991517,0.722124623879872,0.38363917205678383,0.3866852842738624,0.25770009268034916,0.927191523743725,0.18557298165666677,0.9266744341797886,0.18294676774517862,0.860829280499664,0.19398010256309714,0.7875517249171188,0.17980005535470833,0.844840677364311,0.6761809587478638,0.3889574706554413,1.1230051517486572,3.3809051513671875,0.94453125,0.031089168041944504,0.08350072056055069,15.02760124206543,48.739768981933594,3.7674267292022705,0.49818867444992065,0.0007,383.0,35.32748817348537,0.47318978956815505,0.05184386298060417,0.22319598946135832
207460.0,0.03177881623161267,0.6787888442073617,-5.337418556213379,3.5338754653930664,5.337418556213379,2.509688248634339,0.0,0.0006789887626600695,0.010435286416188438,-0.052630050331175154,0.07346317104537269,0.03177881459501333,0.6787888431580047,-5.337418716161628,3.533875392293804,7366.670988404885,703.8390621318362,6084.292458873966,8975.50142231823,0.5026391689127626,0.17599541109828856,0.04674134610512863,0.936679801774723,0.0002658066662504922,0.00012321917788948248,0.00011998158268742263,0.0005573533464617722,0.7201492232194796,0.3875148931889883,0.3873795502685398,0.25892225852874823,0.953905702525662,0.17976114270635293,0.8136149177975877,0.1741318925768314,0.8376210324115856,0.19676910338501255,0.9105471591284977,0.19041560280305486,0.9605503305585076,0.6647082567214966,0.42442619800567627,1.067152500152588,3.3235411643981934,0.99296875,0.017939310520887375,0.061872392892837524,-4.642873764038086,5.563625812530518,3.631722927093506,0.28014683723449707,0.0007,384.0,35.32840352392522,0.4969506108150533,0.065506212413311,0.3177876170960187
208000.0,-0.028455605018125087,0.8864401706843937,-11.258319854736328,3.2137441635131836,11.258319854736328,2.558234763145448,0.0,3.889345689772388e-05,0.008041673951455053,-0.0924987493764928,0.030524564564989958,-0.02845560480127195,0.8864401689457257,-11.258319695191448,3.2137442215026377,8896.57061480439,339.1763281479366,7836.621735750323,9598.53812736941,0.4897894626787693,0.1769554103030243,0.07751606880551332,0.9482458869276058,9.23690916376527e-05,2.9401120675972557e-05,4.501478338088778e-05,0.00015288822608914326,0.7399011379205824,0.3697378330557112,0.3716957720284053,0.23133053152517344,0.8772898814385025,0.17875044495611897,0.79534628865763,0.18443850139932452,0.9127846936147316,0.20501467955195815,0.9443044055767935,0.20046584256742495,0.8996370034948427,0.7004532217979431,0.4849805533885956,0.9898865818977356,3.5022659301757812,1.0,0.014394593425095081,0.032257188111543655,12.923382759094238,20.803197860717773,3.4427108764648438,0.3509098291397095,0.0007,385.0,35.32574892218619,0.4947212528174124,0.05875137820839882,0.33035714285714285
208540.0,0.030161310693721237,1.221880176417318,-16.88543128967285,5.340162754058838,16.88543128967285,3.423643429279333,0.0,0.0004918007847037539,0.00683855514115446,-0.06854775274089539,0.048438437167130685,0.030161311591988843,1.2218801690574415,-16.885430955455313,5.340162886484946,9342.271913027196,830.227992949946,8449.92945956384,11763.18967280157,0.5035304264357258,0.18969767485649594,0.07480176061130367,0.9387931108862385,3.5587667335320145e-05,1.2576852669444938e-05,2.167103840815218e-05,7.797537037612926e-05,0.7069272639361244,0.3963110411857884,0.39827318532160055,0.2560402267839389,0.966297381271027,0.16898393115849178,0.8713844954665588,0.17676529022819995,0.8677387688129229,0.19039191058182897,0.9402749779238943,0.20781864124754046,0.9664948234697194,0.6590442657470703,0.39741215109825134,1.103861689567566,3.2952213287353516,0.97421875,0.019652124494314194,0.06590832024812698,-6.91533088684082,23.413131713867188,3.68621826171875,0.2284337282180786,0.0007,386.0,35.327053207824044,0.49604812783400376,0.060220975428819656,0.3154213017174083
209080.0,-0.03821972186754768,1.0385193986394377,-7.303550720214844,3.903662919998169,7.303550720214844,3.017053427696229,0.0,-5.618085004973284e-05,0.008901392411741016,-0.06943232618538209,0.03456709890751339,-0.03821972171662413,1.0385193971570115,-7.3035506987033605,3.903662815965139,11354.20123865136,602.5596193788023,9658.245678950501,12474.334430645948,0.5163315004541407,0.1822720603830532,0.03141131056326171,0.9513550840389192,7.502254657993297e-05,1.9314068128617417e-05,5.410458555683899e-05,0.00011308495199932412,0.7100645942811689,0.39627841814017734,0.3934970395780002,0.2558458311836358,0.9447680638055945,0.1677991578241933,0.9120398148528508,0.19606613202015577,0.9000644843994144,0.20069522117099392,0.881081542138594,0.17959365780102118,0.9355105831770598,0.6658780574798584,0.4162726402282715,1.0689576864242554,3.329390525817871,0.98984375,0.018703460693359375,0.06363271176815033,14.809552192687988,31.846660614013672,3.64212965965271,0.41398394107818604,0.0007,387.0,35.32642946957345,0.4935941991001784,0.05920198932290077,0.3044191549570648
209620.0,0.021427548833995995,0.8851646084649204,-3.884258985519409,3.987100124359131,3.987100124359131,3.1644163584709175,0.0,0.00039463431598161917,0.006694537631976928,-0.02852252752752286,0.030958041368290334,0.02142754968794036,0.8851646089932492,-3.8842589973808073,3.9871000839736292,11786.317982746988,1016.3841074344382,10040.245961350434,13969.72867435502,0.5229749277094798,0.1880740964585947,0.045407862506309495,0.9888634682496669,5.9230621727600915e-05,1.0868174351139244e-05,4.395331949280581e-05,8.611677209350465e-05,0.7043502697971878,0.39887427989599067,0.3997534026407334,0.26975909016433386,0.9622846583725982,0.17513016037564075,0.9328918084706777,0.18354831755950937,0.9069935245796737,0.18406650218428708,0.9421130598396351,0.18749592971622892,0.9695350945377705,0.6661607027053833,0.4316544532775879,1.0440212488174438,3.330803394317627,0.99375,0.01597687602043152,0.056703291833400726,-3.4609124660491943,9.624360084533691,3.6068615913391113,0.3567763566970825,0.0007,388.0,35.32919061530726,0.49413399304089156,0.05515527352690697,0.3254049570647931
210160.0,0.01906801557526234,1.1438428370830658,-8.341400146484375,3.634945869445801,8.341400146484375,3.6027109956741343,0.0,0.0010768983724305028,0.009624172146728513,-0.05236203185708,0.04594654180043039,0.01906801670906881,1.1438428360524462,-8.341400249953983,3.634945934862486,17901.68391202632,2886.035912792525,13010.011408742981,23774.763456489745,0.5142093158494209,0.19072971756656584,0.0795637665768993,0.9721146409026622,8.007653731867416e-05,1.869548533159288e-05,4.679350561179511e-05,0.00011482897956465081,0.6949525309782233,0.40380740221642125,0.4073022179818001,0.2871069453221558,0.9350716554891216,0.1705685740630991,0.921925626237973,0.17816920237315345,0.9729024776370228,0.17351099765107925,0.8169008470599516,0.19064428059051233,0.8908993034792576,0.6340062022209167,0.36563026905059814,1.1472123861312866,3.1700310707092285,0.92890625,0.023355411365628242,0.10166913270950317,-3.8109383583068848,23.475303649902344,3.9833288192749023,0.37647324800491333,0.0007,389.0,35.331317763402325,0.49310291923747973,0.058402169495821,0.29022126268540205
210700.0,-0.02743046988595139,1.1889514276588948,-6.059112071990967,5.954708099365234,6.059112071990967,3.7689467859268238,0.0,0.0010494134359335984,0.014751553211077358,-0.05606286121497442,0.09966715969460631,-0.02743046910967612,1.1889514265591428,-6.059112076591182,5.954708295823917,33290.90968708667,5186.780734229995,23097.097584005303,41785.043629980435,0.5202486533912827,0.19079569141914526,0.06647633593339314,0.947627254547916,0.0001636146357230642,6.199577712015e-05,8.080034362352604e-05,0.00025054236453520695,0.6596155474676624,0.42910001201491454,0.4318138883593175,0.36105315681403893,0.9702273695028485,0.13864512711748436,0.9048046558168241,0.16447676605513226,0.9440895578442808,0.15897414647569305,0.9506864692224097,0.1768508035376514,0.878600885674977,0.5956723690032959,0.3123624920845032,1.2208417654037476,2.9783618450164795,0.853125,0.019237635657191277,0.15352016687393188,3.3298583030700684,16.116092681884766,4.541617393493652,0.30484598875045776,0.0007,390.0,35.32443744511125,0.3997728751899477,0.06280838698148727,0.22966676424668228
211240.0,-0.0026698608830985097,0.9708107896442427,-4.699900150299072,3.6221485137939453,4.699900150299072,3.1398837566375737,0.0,0.0009028378700795683,0.013531607244387801,-0.06561881680568253,0.05375604301295887,-0.0026698607295861493,0.9708107876791926,-4.699900040886402,3.622148429257212,55584.041498289356,5854.043002028822,38856.6381738945,68579.46552132812,0.5122041591023615,0.1843090909873687,0.04951859435565026,0.9255868806603313,0.00020102556865831582,2.9441258955182802e-05,0.00015249891222817753,0.0002570508952563593,0.667467393900048,0.4231156967338834,0.4227549543139324,0.36694895834908947,0.9893070235455063,0.13015632747617153,0.9286989785893582,0.153133966214429,0.9529155966465697,0.14800879537726466,0.8344244354624859,0.2017519525830453,0.9206515687801178,0.6024792194366455,0.2928696274757385,1.298003077507019,3.0123963356018066,0.83203125,0.022028690204024315,0.17692440748214722,-7.350910663604736,35.62377166748047,4.845792770385742,0.02200525999069214,0.0007,391.0,35.321875324418436,0.3926506100922566,0.1334092766046524,0.1721311475409836
211780.0,0.008128747282791194,0.9707009565789965,-3.878086566925049,4.233388900756836,4.233388900756836,3.090156095027926,0.0,0.0005888100399799183,0.010906505314350735,-0.038108793321075064,0.04933909012209651,0.008128747551072546,0.9707009553207682,-3.8780865612898143,4.233388747141755,65647.20809631728,7957.354217255325,52727.85802413036,80726.16386128587,0.5005352279007863,0.18732666873906145,0.06391682413909242,0.966655574770077,0.00013054528174519762,2.9181707554185053e-05,8.727091724702364e-05,0.0001868680791762657,0.6543058950382176,0.43104752549496966,0.43338381132511944,0.39172847501340435,0.9887279285452543,0.12729202980600438,0.8212589381809022,0.15240507873849599,0.8354326401517903,0.14794977293791856,0.8748732152957008,0.1806246435041767,0.8679383936060454,0.588968813419342,0.3076869249343872,1.241755723953247,2.9448440074920654,0.81875,0.01680685579776764,0.1836540400981903,-26.62946891784668,43.75751495361328,4.940985679626465,0.20119881629943848,0.0007,392.0,35.322919384063056,0.2887950211449294,0.052771881222724915,0.19700185402029663
212320.0,-0.019846489905601766,1.124878736840524,-7.961981773376465,4.286813735961914,7.961981773376465,3.7172672891616836,0.0,-9.686875706729503e-05,0.01735664751591997,-0.10152736840134917,0.0712599824449161,-0.019846488601718188,1.1248787378543792,-7.961981611230677,4.286813830673216,71408.0045228997,7501.068547567032,53916.92535575294,86678.27729367428,0.4995999564384093,0.19017845562426378,0.07639611262269876,0.9707621619536445,0.0002654533787223715,9.949664327836903e-05,0.0001285737776032421,0.0004283145643647317,0.6582793727626793,0.4308737028899573,0.4306656051327769,0.3659050714566312,0.9846877782944027,0.12916719863741002,0.9417527455934099,0.16390507911912244,0.8967603385252104,0.13826011434325855,0.8319086788853624,0.2027625364435777,0.8773398530086853,0.6093648076057434,0.3087911307811737,1.2910772562026978,3.0468239784240723,0.85703125,0.02926851250231266,0.1580055058002472,-5.8206634521484375,12.49067211151123,4.61531400680542,0.5918704271316528,0.0007,393.0,35.32902026027794,0.46226032457297084,0.0950799211859703,0.08773663153786104
212860.0,0.00914139364936596,0.8623491059637167,-4.11327600479126,3.5441715717315674,4.11327600479126,3.102318437099461,0.0,-8.053129797899664e-05,0.011762087817347016,-0.062331193399388446,0.04798021459364422,0.009141393597465026,0.8623491054560227,-4.113276077293228,3.5441716539409938,59511.355735249694,3569.816690923141,50057.748936672375,69819.29729601889,0.5015151604764514,0.18467775125414593,0.11010713819620853,0.9371514236096394,0.00018448623841098145,5.1907594343817e-05,0.0001151945006565567,0.0002710230628874042,0.6908382203003997,0.40548272722275375,0.4087568561920147,0.3171431158602471,0.9405996811514018,0.15285938245652653,0.9092840052611246,0.1755658664868599,0.8116428050051756,0.16123362158345958,0.9188016076234304,0.19319801361290684,0.9391219672786936,0.6361508369445801,0.3579104542732239,1.2304807901382446,3.1807541847229004,0.9046875,0.02470036782324314,0.11653174459934235,-13.092564582824707,19.058767318725586,4.098177909851074,0.36740875244140625,0.0007,394.0,35.33373913141045,0.4390987727820661,0.06499171257019043,0.2226532006245121
213400.0,-0.026989848254554628,1.10406582797142,-10.581941604614258,5.360206127166748,10.581941604614258,3.165294392108924,0.0,0.0001495147111964809,0.010208462599207333,-0.0839664803651044,0.05112693729578984,-0.0269898492622889,1.104065833552003,-10.581941965134295,5.360206002218666,71556.13652556122,4792.075610575567,59871.98439097666,81436.98866771083,0.4999328885269935,0.1866360353175624,0.07009082723678742,0.9610812098115719,9.468094762485983e-05,1.3124469180054991e-05,6.773475284109476e-05,0.00014769636491866414,0.6736530734065975,0.41781136047478606,0.418812221265127,0.34995727912104246,0.9900501713333102,0.14262860480038655,0.9198277579809151,0.16807801318019297,0.8710829491875927,0.14949676352014948,0.7665586214548812,0.1898393393782285,0.7711065081219195,0.6085828542709351,0.34060022234916687,1.2362563610076904,3.042914390563965,0.84921875,0.01817912980914116,0.1584036946296692,-1.2906872034072876,28.113569259643555,4.554673671722412,0.12548398971557617,0.0007,395.0,35.33356918949523,0.4493870301743563,0.10315907001495361,0.23237460967993756
213940.0,0.021505574956622527,0.873381103351465,-4.989604473114014,5.2899627685546875,5.2899627685546875,3.2167371392250077,0.0,0.0002672483939362912,0.008777229096957433,-0.056794649462660524,0.055921289339923595,0.021505576441426616,0.8733811024047272,-4.989604452801479,5.289962803640224,69512.79539409111,5500.253384994526,57636.32422650893,78836.44136598597,0.5095627041149163,0.18686499709989454,0.04098783437154731,0.9617678125503895,0.00010297333810256732,1.9229019237212434e-05,6.644178992230157e-05,0.00014231049119769044,0.6834343283495364,0.4097387124029724,0.4121265300783964,0.30984432784795796,0.9233593338773088,0.1301885365129074,0.826860474157134,0.19537907295049026,0.9437721176082924,0.14815244808986705,0.809734136446195,0.21643561459877728,0.8446491427528837,0.6157089471817017,0.32594457268714905,1.1296898126602173,3.078544855117798,0.88984375,0.016154414042830467,0.1396157592535019,-20.999046325683594,45.318077087402344,4.32291316986084,0.17207348346710205,0.0007,396.0,35.335476761140676,0.35914720466424477,0.03691635653376579,0.24634074941451992
214480.0,-0.02045441623205854,1.0620085421956211,-6.904549598693848,4.3431396484375,6.904549598693848,3.514023215770722,0.0,-2.3422322783448337e-05,0.009066936012537307,-0.06768091198784869,0.03781678232467641,-0.020454417747394812,1.0620085399394013,-6.904549702605828,4.343139480891755,79446.23523612999,4314.837569630977,68882.46896382379,89067.72901345194,0.49628057265090825,0.1820911426791604,0.09713106212544942,0.9200009732930989,7.290641435815882e-05,1.4277500555685684e-05,5.601264269146797e-05,0.00010399490699118529,0.687827034557602,0.4097653719121108,0.4112646462662927,0.32534181304281196,0.9681737851600091,0.13725379431799675,0.7899129567275858,0.1705942208113699,0.915888778813956,0.15170956434069857,0.9055075170627521,0.21510060748712284,0.9401461973024957,0.617228627204895,0.334249347448349,1.10581636428833,3.0861430168151855,0.90703125,0.01764308102428913,0.13300596177577972,-3.192532777786255,13.60006332397461,4.279712677001953,0.28723204135894775,0.0007,397.0,35.33905953415559,0.43303927813071497,0.06677259504795074,0.2185792349726776
215020.0,-0.022755533941111666,1.0397389821410998,-4.553005218505859,5.882404327392578,5.882404327392578,3.6154159879684458,0.0,-0.0004169754533170477,0.009298499644882411,-0.04776421610835638,0.05510225528024589,-0.022755534162200847,1.0397389816679834,-4.553005293259895,5.882404194869424,72227.9190836787,6027.507935297358,55717.77834144166,81123.24684052325,0.5152842251961705,0.18979291573763896,0.07992138959576542,0.9251519648728154,7.908171052437413e-05,1.8086203748653304e-05,5.534940288167394e-05,0.000117909256983232,0.6902002076592582,0.4080518629918272,0.4102683643004661,0.2995247033427043,0.9810747892414672,0.1545450319938129,0.8458235756158582,0.16836352348234154,0.8685432007698182,0.17225862184441265,0.8790912628173828,0.2053081193367286,0.9731313510912043,0.6471473574638367,0.352335661649704,1.1493310928344727,3.235736846923828,0.909375,0.02876279689371586,0.11104869097471237,5.716649532318115,19.62128448486328,4.03933572769165,0.24553805589675903,0.0007,398.0,35.33440016929056,0.45976534650533674,0.0744669958949089,0.21348067915690866
215560.0,0.02136669919254254,0.9981228633545826,-4.434074401855469,6.130874156951904,6.130874156951904,3.4367609357833864,0.0,1.635210766239976e-05,0.009732333541863314,-0.04767597050651577,0.057085435821904715,0.02136669835574407,0.9981228640262613,-4.434074587634212,6.130874300296415,60353.48264843522,3307.3701432835096,52510.31903829773,67765.80668650736,0.5113616167665359,0.18413180848584995,0.08638415643441881,0.9410863895951257,0.00010126870012702787,1.3230097870912787e-05,7.699843983501202e-05,0.00013125473326496944,0.6905249169018022,0.40769431267111805,0.409676317271846,0.30467786253117585,0.9237341712479558,0.14520482363159593,0.9306358703872373,0.1673708683342408,0.8402736695648996,0.17129510259781294,0.8616257533596995,0.21145134290517442,0.8985597177862845,0.6453050374984741,0.340218722820282,1.1805285215377808,3.22652530670166,0.921875,0.024529054760932922,0.10068865120410919,-5.366878509521484,20.207204818725586,3.9886093139648438,0.2229343056678772,0.0007,399.0,35.339445879381614,0.4573682561923171,0.052062004804611206,0.2552815183450429
216100.0,-0.0009421462857129949,0.8193616721674769,-3.868116855621338,2.8337347507476807,3.868116855621338,2.7298164558410654,0.0,0.00012034804724443358,0.005821716982239983,-0.024914318902541675,0.022786826482800886,-0.0009421462389654475,0.8193616746803083,-3.8681168722513983,2.8337347397927988,62317.54721515267,2823.974492163407,54999.40472399231,68078.7164752086,0.5095654869687347,0.17975957952278082,0.08331593703334045,0.9260169786817255,5.593577147835481e-05,1.719264506968174e-05,3.677004704438278e-05,9.902691302526817e-05,0.6966862006372923,0.40422185291077445,0.4058591366403065,0.31854283585971493,0.9321776987965991,0.14739169893233425,0.8912134865922666,0.1523238921956615,0.9515016463979772,0.17704650585464432,0.9244218662074427,0.20469506715764502,0.8739884418225442,0.644261360168457,0.36949795484542847,1.1368379592895508,3.221306800842285,0.9140625,0.017528411000967026,0.10572224855422974,-1.5855154991149902,19.134002685546875,3.961881399154663,0.15076971054077148,0.0007,400.0,35.34132851427976,0.4531194020678159,0.06828586012125015,0.27165666471506633
216640.0,-0.0026970876520930756,1.198228594398988,-6.189491271972656,7.0275444984436035,7.0275444984436035,5.0888029909134005,0.0,-0.0004388541378155734,0.01151885952357401,-0.07245377845985654,0.05405803162252082,-0.0026970872775889656,1.1982285938422323,-6.189491322771066,7.027544730708959,50812.4078816798,5067.280138481243,39828.78846488167,61579.8554596859,0.4951263710248937,0.17837894756617484,0.05886928481011471,0.9296202342167144,0.00010919493483202907,4.933316760106368e-05,3.733003573649688e-05,0.00018478175181931174,0.7242474150453749,0.38704310218685883,0.3845594220579369,0.22503531866013246,0.8624686565644264,0.20598735134851578,0.9230589893156123,0.19700215437088303,0.9096145897474587,0.19364893356100382,0.8867381918501076,0.1783262420594649,0.8181107661219357,0.713282585144043,0.38751956820487976,1.1199970245361328,3.566412925720215,0.9828125,0.02690829336643219,0.05797737091779709,5.377490997314453,13.446834564208984,3.538015842437744,0.5255905985832214,0.0007,401.0,35.33632456326201,0.47347914253851253,0.05591101199388504,0.21276712529274006
217180.0,0.009022693685255944,1.0597456764990763,-4.142673492431641,9.400134086608887,9.400134086608887,3.414345304965975,0.0,-0.00035360983028621815,0.012487776044578028,-0.07022489575266752,0.0773287557048242,0.009022692278098423,1.05974567882143,-4.142673595038106,9.400134001795436,36360.07105238286,2583.5759957446926,31785.734761053227,44738.31652681827,0.5004706300633277,0.17594054370585985,0.03967980694150132,0.9195033054897056,0.0001531314150604866,3.9240890087332524e-05,0.0001026397549460881,0.0002272906847955958,0.7278605463095139,0.3809195994204912,0.38024009418268534,0.20574674841194684,0.9471896353131413,0.19551887689815345,0.7962436334907942,0.1929533906203635,0.8643444117599254,0.197046710037081,0.886815583941834,0.20873427403245523,0.8834652479979556,0.7219944000244141,0.4092556834220886,1.1340636014938354,3.6099720001220703,0.9671875,0.029781723394989967,0.06567808985710144,-0.6173375844955444,12.28778076171875,3.5737085342407227,0.38519859313964844,0.0007,402.0,35.34105997613678,0.4803508985210312,0.0920637920498848,0.2146089480874317
217720.0,0.017398014411985598,0.9468364933573313,-5.9945831298828125,5.271542549133301,5.9945831298828125,3.3501917815208437,0.0,0.00030640854585065405,0.008842814382761847,-0.050129944912792414,0.055657551456502946,0.01739801579011345,0.9468364921251798,-5.994582909852662,5.271542676683488,40796.213188485715,2402.342727671254,35375.07216057987,46020.54627612039,0.5090561690419018,0.1807026934852574,0.06425934256913063,0.91390096921417,8.993979755130978e-05,1.5575543496744357e-05,6.677651876434569e-05,0.0001289586790017792,0.7246847938488098,0.3835722868385359,0.38538787325997437,0.19909101761499876,0.8569435161578705,0.19267084395639755,0.8970897852253434,0.21526663775714905,0.902746132969774,0.19100039357760754,0.8720177269910367,0.20197110709384714,0.8968627384984775,0.7146930694580078,0.4584757089614868,1.0885722637176514,3.573465347290039,0.99296875,0.022708633914589882,0.0466727651655674,7.167139530181885,28.624855041503906,3.4796743392944336,0.24832504987716675,0.0007,403.0,35.337092014246565,0.47670223734931344,0.06607399880886078,0.2569830698672912
218260.0,-0.01280484051676467,0.8450845831028727,-7.75697660446167,4.618680953979492,7.75697660446167,2.895011467933656,0.0,-9.477956915864463e-05,0.00659843556453528,-0.05460533092092752,0.02722385678055904,-0.012804842901572331,0.8450845873512602,-7.756976783445202,4.618681111726451,39462.46391848305,1492.2407111897778,36539.225834279816,44554.931173492085,0.4953421750966931,0.17062432654804802,0.09524439435322897,0.9755716752969497,6.084085354149997e-05,1.7050270412572377e-05,3.105847868730166e-05,8.677869435662809e-05,0.7363941020402145,0.37566616429112176,0.375673416470394,0.17878366558569958,0.8033219875142719,0.20480530821652282,0.9420590992481914,0.1976904991494803,0.8340015882266185,0.21611220841981818,0.8543321698876333,0.20260831862847917,0.9516360549243574,0.7252123355865479,0.4849645793437958,0.9984598755836487,3.6260616779327393,1.0,0.016182616353034973,0.037950966507196426,9.057575225830078,16.933202743530273,3.4142978191375732,0.3726348280906677,0.0007,404.0,35.33095218213453,0.4689420625509544,0.06244824081659317,0.2959784836065574
218800.0,-0.003730335910977037,1.3417951806548833,-17.36174964904785,9.144960403442383,17.36174964904785,5.243965578079225,0.0,0.00027635925398769925,0.0109607403675448,-0.08692760954005739,0.0920897157599959,-0.0037303380014273154,1.341795166908745,-17.361749179408648,9.144960197515225,43703.388887260706,2443.674552779162,37478.391352223865,49249.17629805657,0.5148327772911837,0.18228154731469826,0.03473640007931389,0.9028040843589488,9.909226096741592e-05,4.933650566329001e-05,2.9367343848199424e-05,0.00017539263513405054,0.7139159017700435,0.3903314518017145,0.391926327347703,0.2571661642303631,0.9473188146615453,0.18115239982301679,0.8155257925931466,0.18888978855427688,0.853057545906568,0.184979069960571,0.8293117970607706,0.18781257743177224,0.9410889779816902,0.6849938631057739,0.431576132774353,1.145458459854126,3.42496919631958,0.97421875,0.02388918027281761,0.06068108230829239,9.139132499694824,51.03180694580078,3.595412015914917,0.1392894983291626,0.0007,405.0,35.32903237717245,0.45714265959699346,0.05257367715239525,0.2493535323965652
219340.0,0.03506192457237005,0.8353046333025516,-4.356630325317383,4.770947456359863,4.770947456359863,2.998694956302645,0.0,0.00040693759244447646,0.005848001883400495,-0.0251146080153596,0.04861955639224029,0.03506192486891321,0.8353046299389087,-4.356630128254005,4.77094733363338,45981.39171032393,3675.7683254209956,40739.43077200627,55064.96756709574,0.5048202671726427,0.18792063357260974,0.06526733658849605,0.9734012851445869,4.935842381902894e-05,1.6398427982015812e-05,2.8002300413340048e-05,8.805213411915968e-05,0.7147337901571488,0.3908406513213589,0.39090014521189675,0.26436697439542917,0.9484295436508335,0.1687417946396228,0.9449868092535718,0.19315570878570198,0.9789559738587078,0.17867524632232865,0.8544224159247403,0.19506027585691735,0.8638293082726798,0.6622206568717957,0.45155149698257446,1.1261674165725708,3.311103343963623,0.95546875,0.017759958282113075,0.07863376289606094,-14.010635375976562,31.11290740966797,3.7103383541107178,0.10930496454238892,0.0007,406.0,35.32925607544901,0.4633154320124081,0.07370257377624512,0.2996682279469165
219880.0,-0.04733333672564994,0.9959387654856517,-10.917035102844238,4.278566837310791,10.917035102844238,3.276188633441926,0.0,-6.106988042308656e-07,0.005839904236998286,-0.051830678555818153,0.03396645835960625,-0.047333334878439146,0.9959387632193487,-10.91703514849358,4.278566893588175,55719.11578041202,1698.7909694006087,52613.47092184076,59666.29925918567,0.5172250306907653,0.19109877056015298,0.045702181198315726,0.9605283239963407,3.831430423616582e-05,4.440000803784664e-06,2.9880667659160067e-05,4.85664600623099e-05,0.6916312464997726,0.4075396337859142,0.40932031823280973,0.29393246992487726,0.9207869455807032,0.14915356887912803,0.8115498566133982,0.17685749850133492,0.916509697544893,0.165859016358911,0.9617548117649047,0.21419744633574878,0.9295612505228948,0.6551274061203003,0.42583373188972473,1.1812734603881836,3.275636911392212,0.95078125,0.013905191794037819,0.08987201750278473,11.649253845214844,21.52328872680664,3.7849879264831543,0.24274122714996338,0.0007,407.0,35.3298520873856,0.4001264205043042,0.05236521735787392,0.296509074941452
220420.0,0.0028697808275831415,1.0396937671797803,-5.370433330535889,6.243856906890869,6.243856906890869,4.557122464179996,0.0,0.00028325566698441344,0.007754371853614003,-0.04311144534404742,0.05813996625962923,0.002869784123194688,1.0396937697370052,-5.37043332638265,6.243857119549485,61928.72090432467,4176.565566433159,48770.80308379408,67596.38242548954,0.5128656723472867,0.18386000106499018,0.08796532942375537,0.9670271658949587,5.841532893152295e-05,1.836055678876364e-05,3.323514954226517e-05,9.432683219374926e-05,0.6953673958954281,0.4027505864474981,0.40577401550827724,0.29468283516301536,0.9593998670768867,0.16029326621626608,0.9277140597521436,0.17015895868587166,0.9447531043596774,0.1703508514265133,0.9201129276928496,0.20451408850833366,0.8972958185734433,0.6559779644012451,0.4222119152545929,1.2102092504501343,3.2798900604248047,0.93984375,0.018945425748825073,0.09195937216281891,-0.41761314868927,34.19308853149414,3.8016510009765625,0.2553272247314453,0.0007,408.0,35.33550167287405,0.4778156453616794,0.07485050708055496,0.2814512587822014
220960.0,-0.006118861393554619,0.8626873921789592,-6.742774486541748,3.6456382274627686,6.742774486541748,3.0172617173194904,0.0,1.4383993132056391e-05,0.004625902151338558,-0.03774128161394206,0.024049563981073135,-0.006118862454845316,0.8626873954771672,-6.742774588340918,3.6456383382716138,63087.58635926453,1078.318842289963,60324.84144282453,65739.81018226307,0.5164678477496029,0.19138399628748123,0.04895827866845715,0.9520770793434894,2.9274648438977685e-05,8.031302927508234e-06,1.677331499766664e-05,4.6767775415355536e-05,0.705956932799231,0.3978225012263027,0.39772984916038867,0.25026179707277457,0.9715539264498819,0.17193670759098545,0.9527985279056523,0.20140264798297022,0.950099105238937,0.1805886103662187,0.8763489147563207,0.19581023698705108,0.9027406648962442,0.6612628698348999,0.4780179560184479,1.0815588235855103,3.306314468383789,0.96875,0.01406107284128666,0.07681253552436829,-0.4326992332935333,5.5959062576293945,3.6936757564544678,0.4197846055030823,0.0007,409.0,35.33718402877069,0.4773644060641312,0.0645025297999382,0.32221531030444966
221500.0,0.004424798399796364,1.1142105296368454,-11.879427909851074,5.662881374359131,11.879427909851074,4.101750206947329,0.0,6.759877521336464e-05,0.006495061530661406,-0.062046437489119796,0.03541466426333433,0.004424798142321916,1.1142105308831345,-11.879428156634047,5.662881285749848,62428.28873580951,2800.7532569571076,56030.66345208747,67725.56660984315,0.49029227338588155,0.18364863875400572,0.07022923177094693,0.9763751663578217,3.822189801940216e-05,7.0397350409261015e-06,1.8205059070376136e-05,5.473466044767293e-05,0.715663342594831,0.38749381418299084,0.3900279753130853,0.2549416433509075,0.9233910010383498,0.17454971721576934,0.7852502139462,0.19389056631528914,0.9774189360990032,0.17242082685266819,0.8184755225801267,0.2041972462653658,0.962998930402176,0.6691511869430542,0.4149583578109741,1.2004226446151733,3.3457560539245605,0.95390625,0.02521800436079502,0.0788760781288147,-2.8844821453094482,24.442533493041992,3.7396466732025146,0.17922937870025635,0.0007,410.0,35.33959239749019,0.48467492883909724,0.07811027020215988,0.29435621584699456
222040.0,-0.013466787539396643,0.8635092409064151,-4.7344207763671875,11.179909706115723,11.179909706115723,2.721540982723236,0.0,-0.0003213760523632853,0.005127341991019928,-0.07435303323457586,0.04487161120689247,-0.013466785835886947,0.8635092496851734,-4.734420746957855,11.179910115583903,58591.65349823434,4415.873249114483,51324.98068633236,64698.730403216374,0.5188075818434281,0.17983645608906487,0.09095431573800127,0.9436468865805523,2.5643353151072094e-05,9.006435178711953e-06,1.1842307093812855e-05,4.2622744396457865e-05,0.718898937632821,0.3890237360348346,0.3893653093388191,0.24558602186204934,0.9188624587853905,0.17632498164462893,0.8652360270335426,0.1848335106447019,0.9503654595600612,0.18596990498339208,0.8654729235691022,0.20728558086522778,0.9365314731971267,0.6869261860847473,0.4833528697490692,0.9965604543685913,3.434630870819092,1.0,0.020146744325757027,0.05492175370454788,4.698421478271484,18.034191131591797,3.546290874481201,0.41027963161468506,0.0007,411.0,35.34639664447762,0.4327543872179568,0.054668620228767395,0.2975397638563622
222580.0,0.012127142076604758,0.8366083075588614,-3.561413049697876,6.3346405029296875,6.3346405029296875,2.7029897093772903,0.0,-4.122039006058914e-05,0.0036216108930855377,-0.015166346008254108,0.025396711305767226,0.012127142862064582,0.8366083089530895,-3.561413102591105,6.3346404287770035,52357.3483620334,763.8509446408777,50535.77401582978,54760.451918114835,0.49413805682979683,0.17612083226775765,0.05912264397128118,0.9333841601532002,1.9646079459482195e-05,4.366352302804938e-06,1.3025008095377995e-05,3.058171126821802e-05,0.7374003216262157,0.3744688298494009,0.3750376118847572,0.18759189536452275,0.868708192228233,0.20256602263223772,0.8544158076668735,0.20643191942265124,0.8055060741824176,0.20113918575430545,0.8616960255323655,0.20227097682628284,0.9338450018416579,0.7119607925415039,0.533227801322937,0.908766508102417,3.5598039627075195,1.0,0.013954371213912964,0.029843302443623543,3.4455153942108154,8.370863914489746,3.406277656555176,0.3154250979423523,0.0007,412.0,35.342186540572264,0.48862095898002295,0.07061938941478729,0.33646809133489464
223120.0,0.031924615764593774,1.1467511240867145,-7.219450950622559,5.9070281982421875,7.219450950622559,4.074765458106994,0.0,0.00045209857856715003,0.005672948336642622,-0.026478946769691654,0.03442935880678179,0.03192461575272891,1.1467511225536813,-7.219450715723836,5.9070281198420655,60082.915551265105,2995.1962163276403,51625.0770711518,65643.02623404711,0.5069285172812089,0.1767546014007644,0.11423581895807637,0.9238204701989423,2.6636878128146766e-05,6.114968496319257e-06,1.2627299236338456e-05,3.9433534982600104e-05,0.7196975906776581,0.3894782679670102,0.3889756088464695,0.24891716095071992,0.9331514202375957,0.16864155657825736,0.865171497639319,0.19232497779335347,0.9000172464174121,0.19476756335426001,0.9500627500556907,0.19534874132340924,0.9042185191277621,0.6746596097946167,0.45274367928504944,1.1028711795806885,3.373298168182373,0.98515625,0.017807740718126297,0.052011892199516296,1.315300464630127,21.194599151611328,3.5725200176239014,0.21525776386260986,0.0007,413.0,35.34561980441302,0.4805242039051411,0.11354562640190125,0.30975556206088994
223660.0,-0.03771557230373017,1.2073186211689826,-15.288121223449707,3.4320147037506104,15.288121223449707,3.2395146536827104,0.0,3.2661921390453244e-05,0.006423553066716501,-0.06785845221103705,0.021929742099184114,-0.0377155739472216,1.2073186273064018,-15.288121436065342,3.4320146147289776,67851.4835558227,1977.2759308187988,63348.7670371631,72952.83153318314,0.5102845314720688,0.1856077009418282,0.07757074059268171,0.9229114235424613,3.4625429953128216e-05,1.0248020375503301e-05,2.4888100529313758e-05,5.44013563382488e-05,0.7100053746941363,0.3944448779064449,0.3947988167857119,0.25960172594489056,0.9347673330722333,0.17475330951325704,0.8272858269766773,0.18074774800707866,0.909730663516524,0.18474141768291757,0.8744898513263553,0.2001557988518562,0.8879716979973413,0.6727637648582458,0.44650569558143616,1.1590064764022827,3.363818645477295,0.96875,0.021096844226121902,0.06571322679519653,15.333094596862793,38.38404083251953,3.6388766765594482,0.3155336380004883,0.0007,414.0,35.344804461322354,0.482272675134418,0.06689409911632538,0.3084504293520687
224200.0,0.05310385496467697,0.9479809977309036,-5.678765296936035,4.694007396697998,5.678765296936035,3.285319216251374,0.0,0.00048287216549423666,0.005304566977716966,-0.029455797896603884,0.0264225806128947,0.05310385403110737,0.9479809977166079,-5.678765129933202,4.694007276947192,69411.75232250283,5951.4725312214005,60711.00263540749,86330.09696070348,0.5121332965747608,0.18173274661142905,0.0618482456529193,0.9651626356544867,3.2818472476724564e-05,5.811556148472234e-06,2.4729444937666192e-05,4.591196451144947e-05,0.7016866236733884,0.39939996279385714,0.40104986644871937,0.27601610150336425,0.9389823757139591,0.18665362170518815,0.9496830885353722,0.16965523375949157,0.9174396940463798,0.18418941960451451,0.8787644555256446,0.18348562342744154,0.8939901920782735,0.66277676820755,0.43090900778770447,1.184183120727539,3.3138835430145264,0.953125,0.022242750972509384,0.08332795649766922,-20.47086524963379,43.38816452026367,3.74308705329895,0.24443209171295166,0.0007,415.0,35.34520516783825,0.48418058494904687,0.05973121151328087,0.2823904664324746
224740.0,-0.0704751827838158,1.3153305282000327,-15.703859329223633,4.001579284667969,15.703859329223633,3.9581985092163103,0.0,4.7781493835286326e-05,0.00913304606329278,-0.05983535499237974,0.032754715639292435,-0.07047518511357802,1.3153305323193247,-15.703859736120979,4.001579118176596,92220.53838592321,4385.098332341963,79919.3802837186,101401.98996386636,0.5006551291486616,0.18546223753359117,0.028343790334331057,0.9564149682912525,6.285349261513666e-05,1.2855621263970058e-05,3.0250698877359003e-05,9.136234956148833e-05,0.6992896357609394,0.40116406742626676,0.4067798242320157,0.294936281931059,0.9560669585996673,0.15521480535627727,0.8305755397268042,0.1759303013965445,0.8827927852504642,0.16463955291957993,0.8866023885219934,0.20927905839653935,0.8815242870687425,0.653130054473877,0.42389899492263794,1.175000786781311,3.2656502723693848,0.9140625,0.025954637676477432,0.10841412842273712,12.353981971740723,25.10236930847168,3.9342379570007324,0.419498085975647,0.0007,416.0,35.34591421090578,0.4475937989635355,0.05398000031709671,0.24115071233411398
225280.0,0.031821560642587156,0.8482387906143959,-4.597856044769287,8.923406600952148,8.923406600952148,3.0990563368797326,0.0,0.00037397908262979014,0.006349687928253459,-0.02837789796935043,0.06123743184537346,0.031821560851604244,0.8482387958318106,-4.597856057317682,8.923406813093662,94508.2674043419,5566.379288216419,81671.06775408027,106083.13915764683,0.48872049961795505,0.1787128455897815,0.04144859814264716,0.9209721968597103,5.755205026621077e-05,1.5465087966276433e-05,3.331841832810623e-05,9.239593604492466e-05,0.7173748422291205,0.38737659626449933,0.3899538620179921,0.2832676675968914,0.9595764641380788,0.16619862605265343,0.9022575200891614,0.18143032436538475,0.8434485354171793,0.1641197528807017,0.8754938212204955,0.20498362910436863,0.8409366279859837,0.6506687998771667,0.40202030539512634,1.2171493768692017,3.2533438205718994,0.9375,0.01988791488111019,0.10131315886974335,-14.740785598754883,27.27715492248535,3.8725202083587646,0.3915426731109619,0.0007,417.0,35.344373089894646,0.48292094971837257,0.06514080613851547,0.25669642857142855
225820.0,-0.018354143312252644,0.9301312572444707,-5.017611980438232,4.78984260559082,5.017611980438232,3.1436934113502506,0.0,-0.000200003977362132,0.005593761709087056,-0.05624497265272791,0.02705063650499408,-0.018354142895179556,0.9301312581378878,-5.017611854157086,4.789842631156258,96458.88970326848,7286.288353349664,81653.39540999275,110039.70998658543,0.5031952127980516,0.18740018561031357,0.06480674576968565,0.9266075309273134,3.217443766441275e-05,7.611362348718229e-06,2.1669781433163855e-05,4.899786488040112e-05,0.7210692494638083,0.3883934108318936,0.38726227331574475,0.24266844369493362,0.9818381836302638,0.17091107194711008,0.8509930292983258,0.190289179338084,0.9632063677913701,0.1824475639202152,0.9142196551779678,0.21368374109965715,0.8875512825186903,0.67835932970047,0.4073686897754669,1.0744835138320923,3.391796588897705,0.9875,0.02326883003115654,0.06968659907579422,4.920601844787598,27.59891128540039,3.624540090560913,0.3419536352157593,0.0007,418.0,35.34742470261401,0.4787848802218111,0.070696160197258,0.22692842505854802
226360.0,-0.0037284901835610744,1.0623937111327328,-4.775335311889648,7.304955005645752,7.304955005645752,3.9553197455406224,0.0,-4.0230877262322816e-05,0.007035923099814967,-0.034557053777437244,0.037795567001980744,-0.00372849020922372,1.0623937090923417,-4.775335295420543,7.304955085961363,90520.16202158734,4757.496289883326,75621.93468731316,97744.76418435958,0.5035517449375787,0.1902707660786325,0.034071452746167435,0.9645672278711708,4.673681223831399e-05,1.2183878007846725e-05,2.963512874386668e-05,6.85391913796174e-05,0.7151360578397234,0.3929637254765581,0.3911517705993739,0.23154977760866496,0.8901891771943089,0.1838865352875872,0.9206858110231932,0.1865949944546344,0.90049814463321,0.18968252184482529,0.9224953055381775,0.20828617080428816,0.9057460683214971,0.6832618117332458,0.4275324046611786,1.1492269039154053,3.416309356689453,0.9875,0.025419646874070168,0.06460221111774445,-0.1410301774740219,21.339649200439453,3.606520414352417,0.44584202766418457,0.0007,419.0,35.35286670520151,0.4773859467652427,0.08793802559375763,0.19028712919594068
226900.0,0.009368369045788078,0.8755686880863571,-3.6447715759277344,4.6482415199279785,4.6482415199279785,3.0569559454917923,0.0,4.1986680098852175e-05,0.00513685436612997,-0.024701550772244518,0.026301870838809093,0.009368368205933014,0.8755686848629723,-3.6447714759881253,4.6482413515963605,88066.40150931574,2532.2863999318965,82246.23670292659,94050.0796263081,0.4971931142096219,0.17478409184727298,0.05835279576487712,0.924236629321358,3.4866360824279514e-05,6.956160459634345e-06,2.392616177127931e-05,4.7480734260340795e-05,0.7231127311776641,0.38397026525905353,0.3881683478737184,0.1813047059359737,0.8680893436211292,0.2129673602179868,0.9234314676991895,0.19854609785780541,0.9073315813586247,0.19414782663302357,0.8489023940304936,0.21303400935521047,0.9553200198765032,0.7044801712036133,0.4337020218372345,1.0298484563827515,3.5224008560180664,0.996875,0.02179332822561264,0.04777789115905762,-1.1837260723114014,10.425390243530273,3.494614839553833,0.4123568534851074,0.0007,420.0,35.354860276180816,0.49695108798508125,0.09749142080545425,0.2914349141295863
227440.0,0.03219810697957184,1.1126814451368652,-4.753742218017578,5.555895805358887,5.555895805358887,3.67178989410401,0.0,0.0006584346642515866,0.006292590886682998,-0.022068492117038832,0.028553523750151598,0.032198106779846546,1.1126814506227343,-4.753742406054023,5.555895961993913,104326.60636819954,14698.181229662436,86867.28227549452,132240.58143322766,0.49438381086438493,0.17329055841992586,0.09473038505961816,0.9565830934654053,3.122133438091487e-05,1.0081395477796684e-05,1.917203597462308e-05,4.772947139081328e-05,0.718228338966196,0.385794186635242,0.38858663999154947,0.25246853013323467,0.9457878868998046,0.15440633907262588,0.7701333006640256,0.18136227655122628,0.9672327070164861,0.1913824902354108,0.9309486389170285,0.2203803640075024,0.9144992098180926,0.6628893613815308,0.41219717264175415,1.1777458190917969,3.3144466876983643,0.9640625,0.02570667862892151,0.07984596490859985,-12.62230110168457,62.612178802490234,3.7436397075653076,0.30799049139022827,0.0007,421.0,35.355929840274605,0.497625683222247,0.06621742248535156,0.2610021467603435
227980.0,-0.03400938762394987,1.0313971472713295,-6.516661643981934,4.746705055236816,6.516661643981934,4.3021803188323995,0.0,6.940123725603762e-05,0.00880502084525611,-0.04902460942474326,0.047723047741732444,-0.03400938665290251,1.031397144742736,-6.516661508903256,4.746705124008689,130870.72541040441,5777.9398303936705,115735.0396750037,147783.5228178158,0.4963951040410067,0.18673861310839723,0.04280548640945914,0.9664966253372875,7.309065198012086e-05,1.452271038040393e-05,4.131890728868645e-05,9.677439868150386e-05,0.6975760176149889,0.4007469682516017,0.4037099076314953,0.3171818399051695,0.9567824981809826,0.15081011744569706,0.8227581926511255,0.17293042556321928,0.8885587915414196,0.15250237221430832,0.7896799437797816,0.2065752448716058,0.9094858351665972,0.6413122415542603,0.3826417624950409,1.2768527269363403,3.2065610885620117,0.8921875,0.02443131059408188,0.12262338399887085,0.3451002538204193,14.083611488342285,4.091609477996826,0.4180305600166321,0.0007,422.0,35.35544497142163,0.48609088818895513,0.07496371120214462,0.2104617974238876
228520.0,-0.03238079318415893,1.1814517324501106,-15.94811725616455,5.007671356201172,15.94811725616455,3.574229464530949,0.0,2.72947794264368e-05,0.010150557224129293,-0.11786633670472207,0.0492174534321167,-0.03238079176726537,1.1814517265330446,-15.948116870389251,5.007671559980879,142584.04094080804,6859.909624754475,122839.38746517264,158672.9433938929,0.5171479729757765,0.186235895886255,0.07529028560766214,0.9257928782919582,9.110796786682146e-05,3.2566294453349256e-05,5.275813975512206e-05,0.00015821816411782253,0.7026833237926501,0.3989910346097808,0.4022255136337938,0.2829839362597936,0.9347181273288262,0.17010581749564765,0.8546145550398021,0.1691819569662364,0.9034152515509613,0.17108080554394745,0.9243799288747565,0.2066474837343749,0.9200945633166332,0.6547107696533203,0.37837451696395874,1.242196798324585,3.2735538482666016,0.92890625,0.028464296832680702,0.10275343060493469,5.477643966674805,24.52902603149414,3.914320230484009,0.23358625173568726,0.0007,423.0,35.35453075965435,0.48358494610080305,0.0933106541633606,0.18837822014051522
229060.0,0.012887169707445773,1.1115005380919376,-3.8314454555511475,12.385538101196289,12.385538101196289,3.7649257588386535,0.0,-0.000197245974937488,0.009716099472691026,-0.039369478734210345,0.08239439930546825,0.01288717082921369,1.1115005402762659,-3.8314453572356735,12.385537890328157,123891.29472734925,7377.310561086887,101247.30022595977,143362.08784798312,0.5009520998689069,0.17587540420844577,0.09168896422289871,0.9529788747602161,9.01102611831639e-05,2.807065743942561e-05,5.1341794258013975e-05,0.00014600422317357118,0.7377402321565227,0.3740037800914421,0.37536481198770705,0.16847531330893273,0.8860972614274758,0.20977056104763298,0.845222949761018,0.2210424992584884,0.9109304831513867,0.19501701266999383,0.9011084259035493,0.20569461371495204,0.8015814081658711,0.7419904470443726,0.34157371520996094,1.0947359800338745,3.7099521160125732,0.95625,0.025330115109682083,0.059012316167354584,6.32334041595459,17.095638275146484,3.5666584968566895,0.3762378692626953,0.0007,424.0,35.35177721951048,0.49535541260946586,0.08442836999893188,0.18936011904761904
229600.0,0.030242800734076473,0.8611745116945404,-4.9035725593566895,3.201268434524536,4.9035725593566895,3.1514169549942035,0.0,0.00048450935848356027,0.006185149750920623,-0.032311177859005676,0.023821052061961542,0.0302428017751874,0.861174512739703,-4.903572442144718,3.2012685310436155,129056.08057752825,10907.073675767244,112298.73899855911,148661.47073992965,0.5163135017885636,0.19698427600853424,0.07593262372388426,0.9546438665354975,5.892262337387799e-05,1.561629313927836e-05,4.209531079994294e-05,0.00010171529855152585,0.7134834391096299,0.39204452857289773,0.39415462446113,0.21957307411672025,0.913792607936716,0.1959839284401043,0.7949860275521978,0.19677124597209292,0.9130256333304329,0.1901128399496561,0.8957539822377698,0.19755891152142643,0.841367730568842,0.6904751062393188,0.3791508972644806,1.2532614469528198,3.452375650405884,0.97734375,0.030097821727395058,0.06289227306842804,-4.215534210205078,11.43319034576416,3.6275596618652344,0.559227705001831,0.0007,425.0,35.35528446409171,0.49288754105290755,0.11764983087778091,0.2467249707259953
230140.0,-0.08833625146384023,1.7355066693500991,-20.559396743774414,7.547941207885742,20.559396743774414,6.333687453269966,0.009259259259259259,-8.931495349671811e-05,0.026384083410363055,-0.12523734885324064,0.15922889791164088,-0.08833625040719077,1.7355066567127857,-20.559396120514375,7.547941272543322,31154.57498633115,49225.34055075463,5339.556948829312,146063.53934242146,0.5026632464920655,0.19085926932450717,0.020719610806516287,0.9558319292479476,0.00042089728306326016,0.00028317521426005527,3.270513432921147e-10,0.0008216216815708582,0.6802475119199076,0.41365245625116026,0.41581829244514507,0.332658845228524,0.9617326392985881,0.1563988309832243,0.8884832006478875,0.1588377822077504,0.7965096605070451,0.15931827758735712,0.8563471341201297,0.19278626399314414,0.8598631163945444,0.6518744230270386,0.34615787863731384,1.4494234323501587,3.2593722343444824,0.86484375,0.04080694168806076,0.15160159766674042,6.973239898681641,37.97183609008789,4.412460803985596,0.38411998748779297,0.0007,426.0,35.3583463258139,0.47801416480984393,0.07906588912010193,0.17801644223263074
230680.0,-0.021726930588435302,0.8187034754188043,-5.2440104484558105,6.524742603302002,6.524742603302002,2.7985395956039434,0.0,-0.00011265353635277557,0.01522481691101324,-0.08261384640330081,0.09804717489657723,-0.021726930128663995,0.8187034733080985,-5.244010327491082,6.524742470064572,9192.941337946124,996.9823483442738,7171.90593719334,11067.423555786358,0.4980392516519366,0.19846869488907853,0.0660744573387741,0.9538907933829832,0.000406552548926942,0.00012721169147589145,0.0002743478355726948,0.0007482674723853859,0.6499029103876869,0.4385349452902532,0.43840187728227853,0.3915706034182628,0.9616388750842783,0.12904572585535082,0.8338570202609715,0.1426917651391754,0.8720942681957582,0.1458963361155779,0.9287407044365441,0.19079556947163306,0.9578564202853735,0.6357876062393188,0.3500610291957855,1.4364285469055176,3.1789379119873047,0.8203125,0.02109670639038086,0.17872682213783264,-1.6538938283920288,10.64660930633545,4.58338737487793,0.192612886428833,0.0007,427.0,35.36000468296894,0.40672533583091114,0.1094682440161705,0.24455991412958625
231220.0,0.005272411293548497,0.8269633842154367,-3.9120445251464844,3.6880204677581787,3.9120445251464844,2.9942333126068172,0.0,0.00022809970258088743,0.010303693523660172,-0.040408357350433,0.053867989270096034,0.0052724121645214995,0.8269633836225861,-3.912044409819893,3.688020585809479,8169.231514137128,865.0042111127977,6575.870768713722,9612.520033403473,0.5054239476010665,0.18863092079315644,0.07402477249314157,0.9425415435864192,0.0001672372486602714,5.509903779383986e-05,0.0001022132339300769,0.0002810850779753984,0.6648279309176465,0.42509477294900194,0.42666798596830074,0.36778488105576557,0.9816379702713295,0.15032780170406282,0.8867546358802523,0.15094493466726913,0.831833738461951,0.13608870938262477,0.9088398378975289,0.19485367319027777,0.911563096732715,0.6381931900978088,0.3598266839981079,1.3637837171554565,3.1909661293029785,0.81953125,0.01975920982658863,0.16864332556724548,-6.887893199920654,40.232025146484375,4.474524974822998,0.11457490921020508,0.0007,428.0,35.3607734928209,0.4495242372374461,0.06231614947319031,0.2833845628415301
231760.0,0.004229887958434928,1.0993998081559282,-6.1145453453063965,8.945647239685059,8.945647239685059,3.356076354980469,0.0,-0.00022404439204226712,0.011023199238016755,-0.05855743689170595,0.08005165649131721,0.004229887704578281,1.0993998013648183,-6.11454518605741,8.945646771012768,7479.652355702044,426.20648917690403,6268.789332560762,8148.2627200065845,0.511948054902835,0.18777657533629147,0.0523112853134518,0.958445745553449,0.00010878789997539273,1.6476966761561274e-05,8.196668901699157e-05,0.00015825303716970293,0.6944308006474837,0.4044034825097237,0.4062671051809114,0.313200792828549,0.896050585747519,0.156231910673119,0.829662383375375,0.16573348434515567,0.7337740468367251,0.17370147827723154,0.835942512239886,0.1911323338759448,0.8488418265714521,0.6535240411758423,0.41858336329460144,1.218773603439331,3.267620086669922,0.8734375,0.023287449032068253,0.11414091289043427,-4.916966915130615,9.199775695800781,3.9775078296661377,0.43026745319366455,0.0007,429.0,35.36702140641383,0.47835333676146047,0.07341095805168152,0.2976922326307572
232300.0,-0.024715045144182147,0.8732979942294977,-5.492456436157227,4.1492743492126465,5.492456436157227,3.4081127190589924,0.0,-0.0002748560016951042,0.007890324176949954,-0.05084946526922236,0.03889465330553207,-0.024715046377924803,0.8732979968391913,-5.492456530283173,4.1492745092890635,6998.3752516916165,463.4419236406248,5700.594847921832,7740.012686852479,0.4906028894916947,0.1825826806598682,0.08642242663586504,0.9352904370118668,8.587411384876396e-05,2.4892226298247036e-05,5.437539522000693e-05,0.00014420797254052073,0.7296487381038326,0.3781611218652868,0.381620518190817,0.2641847559309645,0.8748211589004347,0.19343703057461284,0.8807260271225895,0.17316190490954791,0.9235450093344468,0.17949718425153188,0.9274684683100346,0.1897191243333428,0.885962972335248,0.6791375875473022,0.43402162194252014,1.17122483253479,3.395688056945801,0.94765625,0.02638416551053524,0.07771559804677963,11.985602378845215,34.479305267333984,3.69423770904541,0.2293364405632019,0.0007,430.0,35.365009863042566,0.48785769558799824,0.048095714300870895,0.2940817720530835
232840.0,0.04149986585996683,1.0405982926719086,-5.5034918785095215,5.406330108642578,5.5034918785095215,3.7565005016326913,0.0,0.0002590067782727738,0.01104804290552743,-0.07646468538915369,0.05599806073018096,0.04149986495336736,1.0405982967908616,-5.503492055861651,5.406330287162951,5921.09074051463,426.0954730015603,4993.453453966178,6882.0169946039505,0.5034503785794566,0.1737551822948896,0.05555190150057048,0.9199858938041948,0.00011136918578741584,1.3219899111866841e-05,7.61653485749034e-05,0.00013163134154420367,0.7305048527312263,0.3792716197073985,0.3791415510262488,0.20623359116776005,0.9043337770300502,0.21192159607290548,0.9029843285819251,0.20119149496329294,0.8499333090278791,0.18887231125719356,0.8297493047211164,0.191781006538848,0.8357837862956361,0.7190076112747192,0.4360746741294861,1.0695459842681885,3.5950379371643066,0.99140625,0.025514254346489906,0.05845523625612259,-2.9386916160583496,15.172185897827148,3.5125772953033447,0.45051008462905884,0.0007,431.0,35.37509663858128,0.46940091986608895,0.04048007354140282,0.28318940281030447
233380.0,0.0004290097548450662,0.7565966240999573,-7.680064678192139,6.030125617980957,7.680064678192139,2.504582190513615,0.0,0.00015153399876273156,0.006348605815969246,-0.05505664644182917,0.06777134573555896,0.0004290105737881623,0.7565966234068768,-7.6800644400425995,6.030125595447595,6787.331775930463,181.28508544396652,6425.230672986717,7198.151050191519,0.49630012562519354,0.1704813027834256,0.08798856196873533,0.9364367933238081,6.914733215100242e-05,2.684870181041908e-05,3.096249032136105e-05,0.00012759376979205064,0.7420943151798329,0.37310418138097184,0.3698892364401829,0.15447858933329991,0.8679322586312169,0.2146408979189649,0.8625053884262274,0.2169558415421413,0.9278997434500283,0.22093103995813673,0.8189688241028626,0.1929936312474572,0.8964622730382655,0.755572497844696,0.43838003277778625,0.9866052865982056,3.777862548828125,1.0,0.017692554742097855,0.059241198003292084,13.357860565185547,27.08654022216797,3.4761745929718018,0.25118905305862427,0.0007,432.0,35.37078799999989,0.491986906981244,0.054286811500787735,0.30927985948477754
233920.0,0.001830397248785529,1.617018904280079,-6.057846546173096,22.93931770324707,22.93931770324707,4.730840573310864,0.0,-0.0008766670751828214,0.0150613646534343,-0.057845617129751226,0.10537711200695385,0.0018303993875889843,1.6170189300054967,-6.057846320825631,22.939318641188475,4552.502148161249,1014.4825186970257,3344.6719523323827,6906.418838837662,0.4559643502411769,0.1656416049668142,0.06661361777253692,0.9053778990692944,0.00015795880112458196,7.145462935001455e-05,2.738792415741496e-05,0.00026663046610219375,0.7514651967240613,0.36172813280812144,0.3621080069644396,0.11343376149193472,0.7775865175229878,0.2257523635182186,0.8043793582201076,0.23135932134696002,0.8602528487959366,0.2268130978379413,0.8925160125962374,0.2026414558049454,0.7651601496998186,0.8125561475753784,0.3693675398826599,1.0698415040969849,4.06278133392334,0.87265625,0.009631379507482052,0.09940430521965027,6.354717254638672,52.40522003173828,3.676327705383301,0.11079239845275879,0.0007,433.0,35.36459726077295,0.48421245805616087,0.04385227710008621,0.2262026736924278
234460.0,0.018571628316271085,0.814242739919902,-5.062289237976074,4.938112258911133,5.062289237976074,3.740139739513399,0.0,0.0003395362951750163,0.009592496309412845,-0.05552458869739322,0.05764148054619851,0.018571628164951674,0.8142427416307126,-5.062289274533541,4.938112181650539,4357.11403628929,182.5575418261073,3788.1455456520607,4804.652686944973,0.496591930714758,0.17006721152321286,0.04620227757342297,0.9231133048455297,0.00014207549757546867,4.600825076273598e-05,7.197485439201868e-05,0.0002316843036670478,0.7423597135076442,0.369938690633008,0.3712404064180969,0.14723244453874557,0.7802048493332012,0.2319802048292392,0.813733398535413,0.22012093439652103,0.8274585744573677,0.22528594898735466,0.8246435142029248,0.17538046724813952,0.8710113670702136,0.7728894352912903,0.425866037607193,1.0044435262680054,3.8644468784332275,0.99765625,0.00980418361723423,0.07275808602571487,8.927541732788086,20.300539016723633,3.486011505126953,0.12344545125961304,0.0007,434.0,35.358289969472885,0.4764522457680626,0.04013919085264206,0.29236192427790786
235000.0,0.017510437124400157,0.959020944930826,-12.18101692199707,4.7031426429748535,12.18101692199707,3.3144653320312516,0.0,0.0008963675377681009,0.008068349854449161,-0.06898069417136354,0.05574552688514609,0.017510436631937812,0.9590209434385457,-12.18101682505146,4.703142626363201,6291.386347717646,729.9802496076902,4694.517879479154,7606.210041420798,0.49468447329175713,0.18387632599644443,0.053257703416216676,0.9250342318395509,7.547041020306797e-05,1.3004379194505077e-05,4.812329837667271e-05,0.00010238462723199742,0.7213665212104,0.3842579003251408,0.3878281595694297,0.2551876364314817,0.9014053667935781,0.18014260903556592,0.7821723680372583,0.1837594418959307,0.8567130889414492,0.18387558021773115,0.8528306826105511,0.19703473241929056,0.9196304983767662,0.6680941581726074,0.46030089259147644,1.0978068113327026,3.340470790863037,0.95859375,0.018089229241013527,0.07369984686374664,1.1648393869400024,10.58551025390625,3.662961959838867,0.32013261318206787,0.0007,435.0,35.36107627826096,0.4897590482147814,0.10246597975492477,0.30762099921935987
235540.0,-0.021087297525917637,1.0063860048597888,-8.999079704284668,5.306812763214111,8.999079704284668,3.172733585834505,0.0,0.0005544842967392195,0.008282457852629762,-0.05128121696466336,0.07199952522183929,-0.021087297422071192,1.006386007524948,-8.999079761899912,5.306812787434467,9157.622158760216,792.7621347195283,7407.7938269055685,10316.451258008337,0.5084256784511093,0.18077948609974773,0.0898175752563054,0.9186800294357095,6.838411709907931e-05,1.5170971961079723e-05,3.844419868834048e-05,9.24398005997906e-05,0.6868663035912509,0.4097355662193053,0.4124997437975025,0.3300707798603851,0.9691258167578737,0.1598598168652528,0.8554184849610318,0.15751850165778175,0.8841543428620806,0.15768902515590963,0.8486685393243856,0.19486187646067066,0.8751146246219871,0.6437755227088928,0.3810361921787262,1.3043102025985718,3.2188775539398193,0.86171875,0.016461091116070747,0.12463632971048355,5.4002909660339355,9.50232219696045,4.025463104248047,0.24383968114852905,0.0007,436.0,35.355274405324344,0.4513584285088542,0.06249041110277176,0.28021321233411395
236080.0,0.007960586382843624,1.0901866040539059,-5.961375713348389,6.000448703765869,6.000448703765869,3.9827920007705706,0.0,0.0008160086050601134,0.010996186830655974,-0.04576012226711065,0.07914213990804995,0.00796058525613494,1.090186605195135,-5.961375713387228,6.000448814236626,12998.996488680694,1226.0057927614755,9870.962949160517,15550.52081721385,0.5031529319488289,0.19305976846122538,0.04637706435654518,0.9283195125379939,0.00011071561741618167,2.441938959221523e-05,5.283213460469296e-05,0.0001507805199116503,0.6678036158657746,0.4232290079965167,0.4247358383175432,0.37026523065437267,0.9537210597710832,0.16252752521628894,0.7418094724892604,0.1505293567628334,0.8416968129114645,0.14054244058821314,0.8236174867244875,0.17613544677829193,0.9380012479815272,0.6307432055473328,0.3864000737667084,1.2745102643966675,3.1537160873413086,0.8234375,0.01527932845056057,0.15764394402503967,-6.801299095153809,13.291712760925293,4.346234321594238,0.20357882976531982,0.0007,437.0,35.357800760349896,0.43477864642676145,0.05507822334766388,0.2809999512099922
236620.0,-0.017382162840328452,1.1005908107977427,-6.955070972442627,6.917013645172119,6.955070972442627,4.155138125419618,0.0,-4.728401417795548e-05,0.012036592951831772,-0.06308271637230338,0.07255184483608408,-0.017382161440295883,1.1005908056063975,-6.955071204835809,6.9170136414911285,13931.906252451034,974.9001251446888,11447.968979272924,16600.30313266483,0.5152744644731616,0.18692490345120605,0.03916268363894447,0.9600692176177192,0.00013523795141036547,3.0910574940252634e-05,7.423753290281494e-05,0.00021166135404788273,0.6954540597046721,0.4047567721689201,0.40510540567683295,0.31940515493247584,0.9932735031248949,0.16818849177114087,0.8782645078518531,0.17049172605451973,0.8259691242296504,0.14967933600237807,0.9612599480492928,0.19223529123948552,0.9195143665337216,0.6484127044677734,0.43516650795936584,1.1938276290893555,3.242063522338867,0.87578125,0.021582577377557755,0.11553609371185303,1.6197501420974731,19.906064987182617,3.977475166320801,0.247855544090271,0.0007,438.0,35.350048998248745,0.4644527382238942,0.0739506334066391,0.2813963700234192
237160.0,-0.021490777770911032,0.8296214320393718,-5.966225624084473,3.3010735511779785,5.966225624084473,3.121635117530828,0.0,-0.00043459282216018604,0.007032364492228323,-0.05909029445483479,0.024223204854752937,-0.021490778101696018,0.829621431956219,-5.966225607432853,3.3010735926134585,11861.19183909178,1032.6257413165358,10654.302615605577,14278.201449801525,0.5022805883169921,0.1710089377044918,0.06454314008113288,0.9320337152748903,7.147508967587349e-05,1.6075970545204067e-05,4.6387855605234084e-05,0.00010736777252493668,0.7183724511529663,0.3863934250744509,0.39030370104984125,0.2754417671476957,0.9432337121573988,0.1736975592677572,0.8866247059468984,0.1910511889532145,0.8430101950001921,0.16302081099701468,0.8266963013022036,0.19678867363431796,0.8800981874417498,0.6760811805725098,0.4588940441608429,1.1679577827453613,3.380405902862549,0.95,0.021504374220967293,0.07382526248693466,5.593559741973877,17.854347229003906,3.653008460998535,0.17495262622833252,0.0007,439.0,35.348790666096264,0.48477598096775804,0.06158748269081116,0.3050168325526932
237700.0,0.018145117563674124,1.0379148623573013,-7.638454437255859,5.627485752105713,7.638454437255859,4.072430503368383,0.0,-7.368005940157227e-05,0.008721125592291948,-0.06812854636040867,0.04847980114145466,0.018145118265618487,1.0379148665819025,-7.63845435976046,5.627485805011159,9712.333671365306,454.2859810062465,8737.017490443835,10968.037875822018,0.504613021614115,0.18164877134323684,0.03589292104899325,0.9441111469879544,6.886440490082772e-05,1.3978586651227557e-05,4.541402589526318e-05,8.95937570704305e-05,0.7284084336770871,0.3791012867736223,0.38287854895230683,0.22485930893503847,0.8753218978047074,0.18548467259968426,0.9441504017092368,0.2060425214379004,0.9063242140388837,0.19615916794510144,0.7994815592728285,0.1874543290822754,0.9477301137360161,0.6915221214294434,0.4296121895313263,1.1199709177017212,3.457610845565796,0.9765625,0.021914223209023476,0.055891476571559906,-4.6312479972839355,14.868913650512695,3.5471951961517334,0.35565608739852905,0.0007,440.0,35.352994340698025,0.4889074809628829,0.05030226334929466,0.2705100995316159
238240.0,-0.030041668859431176,0.9613440074340893,-3.97343373298645,5.1383891105651855,5.1383891105651855,3.5874323058128406,0.0,-0.0005721639383205835,0.007379380452030186,-0.03385155316278532,0.031901703159315675,-0.03004166754189134,0.9613440102595963,-3.9734338053080696,5.138389238697013,8604.50957938877,932.5730015416314,7069.263151275711,10307.883007301276,0.4948612201183005,0.17600768777918774,0.08085698634592695,0.9136856203854647,5.922012052031726e-05,1.131123368229041e-05,4.026185174529892e-05,8.07987756582992e-05,0.7420802127542425,0.3712079378684812,0.370230412504539,0.18166311483594452,0.9316829572141522,0.2170682945238432,0.8810849007949817,0.21424337661487688,0.8810763165100846,0.20876244857403023,0.9036458498637033,0.17826276545130512,0.8337843823919843,0.7446330785751343,0.40379542112350464,1.0433576107025146,3.723165512084961,0.99609375,0.020104652270674706,0.05553210899233818,16.226959228515625,39.33594512939453,3.472381830215454,0.3466024398803711,0.0007,441.0,35.34968807648325,0.48964383394873423,0.05082940682768822,0.2930937743950039
238780.0,0.03775867757633225,1.0535121732772497,-6.246996879577637,6.187894821166992,6.246996879577637,4.102129251956943,0.0,0.00040024397050596525,0.007776532777399127,-0.042961935366929556,0.04441966794856479,0.03775867721617338,1.0535121717067424,-6.246996866194919,6.18789458658126,8143.517881690336,672.9239807726152,6946.105401459974,9429.633893447091,0.49451513989952967,0.17715139282474715,0.07799226889522108,0.9387319192869974,5.75671196630158e-05,1.0401581918043988e-05,4.084540568638029e-05,7.618891062615831e-05,0.7297399907586032,0.3780068961549295,0.3789526220685323,0.24704235860187027,0.9779406774011001,0.19396237411680622,0.9383836956907657,0.18368947635469832,0.8915460564603257,0.18457724726477923,0.940748610926823,0.19072854366184602,0.7872938189002417,0.6856620907783508,0.44475531578063965,1.155686616897583,3.4283103942871094,0.95234375,0.02534244954586029,0.06581316143274307,-6.434807777404785,16.521718978881836,3.6114554405212402,0.4793674349784851,0.0007,442.0,35.35266013472586,0.4921392579249134,0.05818026140332222,0.3153908079625293
239320.0,-0.011919962626847405,1.5627232672249889,-5.43927526473999,24.514690399169922,24.514690399169922,4.056983127594,0.0,-0.00039585496153231325,0.02091789716417039,-0.16545799660362726,0.25261556434512294,-0.011919963579865642,1.5627232630518526,-5.439275472574816,24.514690216828452,9303.025446658454,1799.2669945934676,4401.9710074458835,11761.792873435086,0.48317924400244433,0.1782367002715246,0.023823180959449762,0.9310857977118613,0.00019875944315904046,0.0002671206197536078,5.579018881470831e-05,0.0008434794761176633,0.7233756128943399,0.38666357307567295,0.38546102766800805,0.22133171877885974,0.9553183637977002,0.19113431527294886,0.8112121782674818,0.20493417441907963,0.8869262443353174,0.2015568758710658,0.8402675232430746,0.18104291565804592,0.8520478725253773,0.7145496010780334,0.3488965928554535,1.1856240034103394,3.5727477073669434,0.9203125,0.03667714074254036,0.08567691594362259,15.578193664550781,69.9372787475586,3.7051665782928467,0.3666818141937256,0.0007,443.0,35.350611848858264,0.49002443148030983,0.05206660181283951,0.20969335480093676
239860.0,0.025987351114572784,0.5926907800349311,-2.616804599761963,2.5562384128570557,2.616804599761963,2.0536478376388576,0.0,0.00047551679672635415,0.009978087796390058,-0.0421477060424256,0.04632797771182491,0.025987351459551118,0.592690778775609,-2.616804571669998,2.5562383311555004,7034.956940512263,672.3619580091357,5871.921034513825,8686.048363791162,0.49311138841602814,0.1716829254898537,0.06769105798982744,0.8975428214253928,0.00031613904599394883,0.00016864603422460386,0.00012003985546243365,0.0007135185644486696,0.7363034756015504,0.37394407851641837,0.3750730372742073,0.20859427481834775,0.9331747749785886,0.20721829981301285,0.9368372793264339,0.20904656511192082,0.9398950803108269,0.18895127235099313,0.7722379469944604,0.18618958790572546,0.8988334709861406,0.7128685116767883,0.4553268551826477,1.062615990638733,3.564342498779297,0.9953125,0.020080704241991043,0.04707582667469978,-1.9299370050430298,3.3469884395599365,3.461756467819214,0.2577822804450989,0.0007,444.0,35.35158556410362,0.49794478264467745,0.06286590546369553,0.2922521467603435
240400.0,-0.015031724392233796,0.9140749999893284,-11.33581256866455,3.5793793201446533,11.33581256866455,2.8419904470443837,0.0,0.00018698457379509953,0.007768923762208775,-0.06945189906231837,0.0392104770474654,-0.015031726617872011,0.9140750046929605,-11.335812635196639,3.5793792863886957,8697.506625677013,382.49347296164376,7739.330281138382,9641.68953640363,0.4854015478707796,0.16942568444415465,0.0530579120465519,0.9111097989522786,8.650830136923372e-05,2.0740078699684124e-05,5.034501039305668e-05,0.00012682999980088305,0.7522005653634446,0.3635645742108294,0.36459574645273163,0.18163968325986957,0.8914936977080429,0.23097727388862618,0.89269736671373,0.1998053542639132,0.7822838274460384,0.20669015523278012,0.8510667617293843,0.18088753335481098,0.860920685559627,0.7480344176292419,0.46006539463996887,0.9844802618026733,3.7401721477508545,1.0,0.011428216472268105,0.052451834082603455,13.958479881286621,26.04330062866211,3.4206762313842773,0.3671005964279175,0.0007,445.0,35.347781999093144,0.49103532202253236,0.05454467236995697,0.30708430913348944
240940.0,0.022632234849111733,1.1203584936008197,-11.874064445495605,7.963484287261963,11.874064445495605,4.1509079360961945,0.0,0.0005068113600651769,0.006793545871895141,-0.055843801832792035,0.051946620984713684,0.02263223485798197,1.1203584882836435,-11.874064467343468,7.963484181214994,9705.98228157299,883.3716818341213,8656.775595542102,12493.448359356713,0.5031839582546942,0.18482866146872412,0.08628821551398873,0.9181652047877668,3.773262074534603e-05,9.767364949227447e-06,2.592134399280818e-05,7.431303391210365e-05,0.7236909741274355,0.3861173781356735,0.38653638981182176,0.21835740824635275,0.8764511795936886,0.2141105060577825,0.8530720726753593,0.18478912486136848,0.8534891280581397,0.19490821395644456,0.8916519953179399,0.18783474687805166,0.8995087099427548,0.707779049873352,0.4454133212566376,1.142971396446228,3.538895606994629,0.9828125,0.02310013957321644,0.05056128650903702,0.03311465308070183,18.551389694213867,3.4933180809020996,0.3383619785308838,0.0007,446.0,35.35451949507354,0.4713680440720513,0.09611924737691879,0.2964907786885246
241480.0,-0.022739238370882556,1.09221979871366,-6.852326393127441,6.4106292724609375,6.852326393127441,3.690510909557343,0.0,9.690413751932036e-05,0.009252049222171297,-0.05607242486279257,0.05292018508148942,-0.022739240494849464,1.0922197961432158,-6.852326520069678,6.410629158014008,11798.165686356215,482.61006787742963,10283.550788153078,12928.024910000391,0.4997398855841995,0.17633200275747346,0.06999654476620222,0.9338850393792679,7.378106935333596e-05,2.3900978327844373e-05,4.812977149418908e-05,0.00012450103481741916,0.7280384853465734,0.3805220344539387,0.38289181452263993,0.22128679683643135,0.9193510438856233,0.19412104191719967,0.8941061884605748,0.18998265084651028,0.9521479540121651,0.1965843441131992,0.8747459829267222,0.19802516628665953,0.9250654704208323,0.7003238201141357,0.41211003065109253,1.1322468519210815,3.5016188621520996,0.97578125,0.02420603670179844,0.05510690063238144,11.001749992370605,29.14617347717285,3.5382587909698486,0.32565027475357056,0.0007,447.0,35.35228247827958,0.4940772901319842,0.054906368255615234,0.26639954137392663
242020.0,-0.0004600274048883606,0.8562939978727706,-4.386429786682129,2.805971145629883,4.386429786682129,2.8056411480903627,0.0,1.7720348854442536e-05,0.0069615193490722245,-0.038008941102120455,0.023637892035195725,-0.0004600277420881546,0.8562940008494254,-4.3864299104682525,2.8059712335953138,11358.447340705203,498.09701680728057,10386.866260056782,12423.239353800143,0.5107284272943337,0.17401113558855563,0.07989250206009813,0.9512685712848705,6.916262040465469e-05,1.7366152233137455e-05,4.7396325833127486e-05,0.00010521354170610107,0.7306271711692052,0.3787693643278698,0.3798291911454383,0.2211461440960374,0.9239932149142194,0.19965423747897076,0.9227661106778899,0.2011484433895286,0.8746085811850163,0.193394057849813,0.9113543103412098,0.18465711718565025,0.9261862875845429,0.6998721361160278,0.46041613817214966,1.0869632959365845,3.4993605613708496,0.98828125,0.020549623295664787,0.04560859873890877,1.6405341625213623,10.797036170959473,3.4922354221343994,0.23743557929992676,0.0007,448.0,35.35036645701484,0.4935754789112411,0.048606887459754944,0.30680986533957844
242560.0,0.0019398570927377375,1.1104979702156645,-5.737287998199463,3.6992616653442383,5.737287998199463,3.5451535582542473,0.0,0.0004529061326779996,0.009163249254124173,-0.04364408592776188,0.029789297530013664,0.0019398560904154993,1.1104979655564482,-5.737288215985602,3.6992615750849924,13868.108595189588,1128.741437630274,11360.589454947325,15837.555341799067,0.5096772846046126,0.18800535762212583,0.06470238282642987,0.9607085469575024,7.423490842306443e-05,1.5928353411616412e-05,4.568377393537384e-05,0.00010070622847580411,0.6967775206370885,0.4027108426944111,0.4041451317784711,0.29043708955324676,0.9894466674290955,0.1821332934605119,0.8691499119162731,0.17101002760008455,0.9234668394853742,0.17708658314228234,0.9117242651445593,0.17933300624387447,0.9743945239419588,0.6622130274772644,0.4105885624885559,1.19977867603302,3.311065196990967,0.91484375,0.024072818458080292,0.0965837687253952,1.9596303701400757,18.180282592773438,3.839294910430908,0.4326884150505066,0.0007,449.0,35.35222501739057,0.47744260196125266,0.04863332584500313,0.2771089480874317
243100.0,-0.0029154042803889346,1.2047665400020975,-5.371229648590088,3.717888116836548,5.371229648590088,3.6526476311683678,0.0,0.0009453242524908043,0.013747751043330043,-0.05128470553987525,0.05198878031431472,-0.0029154049126687304,1.2047665388433386,-5.371229766362771,3.7178880934454703,21203.586281218588,3106.5941831983873,14813.03856618473,26598.65600359565,0.508366682404895,0.18561697477062986,0.09429303794237354,0.9401123050721051,0.00014091157023546358,5.421445055278919e-05,7.276476141428526e-05,0.0002205282655378693,0.6806711829277102,0.41464842953204684,0.4148172095403276,0.34714049631005517,0.99232057497725,0.1560575562839625,0.93497394420362,0.13912284649578882,0.7912425310398356,0.15857860141875113,0.9262485573247434,0.19910049949144237,0.8459794271952424,0.639564037322998,0.3677412271499634,1.3125979900360107,3.1978201866149902,0.84140625,0.02080470323562622,0.14403055608272552,0.44146284461021423,25.82097053527832,4.247714996337891,0.11881101131439209,0.0007,450.0,35.34270492975449,0.4764992065469802,0.09515883028507233,0.2428766588602654
243640.0,-0.011759125427515418,1.0162410251096168,-8.585349082946777,4.528144836425781,8.585349082946777,2.904723565578462,0.0,0.0003004674924055302,0.013781100730984729,-0.07670369033918435,0.06000973755814441,-0.011759123834925568,1.0162410208978407,-8.585348937347772,4.528144913982269,26656.6521923113,2127.7234345146035,22719.52166415448,31726.605068178622,0.49430960263773194,0.18019814472357132,0.044213133329231935,0.9133838890150118,0.00019967865654809406,3.646207038375786e-05,0.00013921030082218229,0.00027535579304893107,0.6773061360573848,0.41549921909612775,0.4161643477357477,0.3601294669726118,0.9764911760130035,0.1455071496348799,0.7823158009930671,0.15139356965905038,0.8364023905235539,0.13592115839858737,0.9118211443464583,0.20704865533487057,0.853115894735086,0.6311414837837219,0.3332594335079193,1.3142783641815186,3.155707359313965,0.83515625,0.022416025400161743,0.17446789145469666,-7.988173484802246,19.797208786010742,4.611997127532959,0.33444005250930786,0.0007,451.0,35.34622361169968,0.40897127722172166,0.06498823314905167,0.19439768735362997
244180.0,0.008766573960289221,1.0082226325241679,-7.192599773406982,5.504724025726318,7.192599773406982,3.372111718654636,0.0,0.0004182220249100138,0.011178343055489594,-0.06454271870675152,0.05633713878612991,0.008766574550634027,1.0082226358491941,-7.192599685752263,5.504724168435033,29504.119657730924,1693.4613108002252,25559.390575995803,33746.73694517333,0.4876020066544177,0.19886080126994857,0.05689942266825282,0.9361721794759015,0.00013078808009149735,3.384525146697752e-05,7.957354727231407e-05,0.00019577236754332445,0.6531998182780218,0.4356519871033576,0.435554024155124,0.38595497964845604,0.9992294336369862,0.13667470086158204,0.9347654600330971,0.11994628696015233,0.9290168657952815,0.1388421273338022,0.8636849077363424,0.21858190519600743,0.9192913137225045,0.6302499771118164,0.3190355896949768,1.3303700685501099,3.151249885559082,0.82265625,0.021015439182519913,0.18943274021148682,-15.673755645751953,19.757474899291992,4.787411689758301,0.43386954069137573,0.0007,452.0,35.34882655157369,0.37272765992625634,0.07470931857824326,0.19426351483216237
244720.0,-0.006700041637479983,1.0870348976626587,-6.942431926727295,3.932415246963501,6.942431926727295,3.6372106671333326,0.0,1.0348936960539806e-05,0.017489117946576798,-0.12784727165835388,0.06525681731582225,-0.006700043288098841,1.0870348992593641,-6.942432012822261,3.9324152898946365,29803.478259838772,3288.26804495805,20854.476576589826,35985.28933930318,0.4927758290236823,0.18038999724510318,0.057253275794572796,0.9174676883462046,0.00026818839084659433,0.00011189802889794279,0.00012457053984171206,0.00045281188617213785,0.6800155174031947,0.4127985198257621,0.4171858551863313,0.3424669219933151,0.9825501208506046,0.14926892140483455,0.8884581447417318,0.1459020218543705,0.859430054707255,0.14447568727407054,0.8951833954650722,0.21788644747340932,0.8427108951574546,0.6479724645614624,0.3273846507072449,1.3840558528900146,3.2398624420166016,0.85390625,0.038029737770557404,0.1638759821653366,-5.871001243591309,9.468310356140137,4.546657085418701,0.6865800023078918,0.0007,453.0,35.352737088643586,0.49236560618291936,0.16552655398845673,0.0940366412958626
245260.0,0.020485162531474123,0.8978622907733057,-3.3532536029815674,8.537908554077148,8.537908554077148,2.820329952239994,0.0,0.0001377889747329121,0.012206722752268176,-0.05759717718823278,0.10487351571979707,0.02048516288550254,0.8978622840971665,-3.3532536014483063,8.53790816804515,26420.004675364282,1781.8349080710364,21709.76164827597,31214.786639144488,0.5124029765975422,0.186660108825743,0.025997498778159385,0.9371521771168396,0.00019653006668003627,5.525339202163024e-05,0.00011555194032317397,0.0003071594243589317,0.6977755869948719,0.3995817448432098,0.4041228098061661,0.30173866249554687,0.941163926030458,0.18177721977270217,0.8947968829014278,0.15687915979616196,0.9018198864568395,0.14814714500071982,0.8905772743987364,0.21145781293486915,0.8333084022159575,0.6602894067764282,0.352899432182312,1.3399124145507812,3.3014473915100098,0.89375,0.03332119807600975,0.12866751849651337,-14.804038047790527,27.49025535583496,4.132821083068848,0.2108529806137085,0.0007,454.0,35.35851347138983,0.42719530769836267,0.064842589199543,0.23927839578454332
245800.0,-0.028381094189912633,1.0119188981979361,-12.244760513305664,4.106117248535156,12.244760513305664,3.1797178649902396,0.0,0.0004485515378069407,0.009147713373912398,-0.0778494893950277,0.040339253430144335,-0.028381095344567005,1.0119189085891398,-12.24476091992237,4.106117074934065,37926.79440147698,3739.1871821215636,29256.064381317345,43833.62011273298,0.5005393797602699,0.1876765180061702,0.050985182833471976,0.9515941498818706,9.710519453302814e-05,1.6081740847553867e-05,6.680203893594303e-05,0.0001339744516855973,0.6713758375471812,0.42037685163892596,0.42180188495463655,0.36376435586001393,0.9642829328299601,0.15378411095996167,0.8573118383010429,0.1431134443271536,0.8310331398355785,0.13324591773179228,0.7858993820469508,0.20609217112107853,0.9052194898166446,0.6350024938583374,0.3349151313304901,1.3384532928466797,3.1750123500823975,0.83125,0.022911084815859795,0.1800743043422699,2.5583486557006836,28.327478408813477,4.652808666229248,0.14698970317840576,0.0007,455.0,35.358295794684956,0.47972898072358927,0.13846755027770996,0.23754635050741607
246340.0,0.024965918850459814,1.0861766757278284,-4.704152584075928,17.723468780517578,17.723468780517578,2.8484154582023655,0.0,0.0006245778219726684,0.011079880606016864,-0.040626608327601885,0.16313279947620302,0.02496591801378332,1.086176648300591,-4.70415250024359,17.723467968669073,46410.54593689595,5105.521015575504,36974.57259112847,56019.11524936793,0.4975409584020661,0.18547508432556828,0.04803847873055894,0.950106049114197,0.00013089813256236712,4.0917812174884103e-05,7.059148963002666e-05,0.00023445503221080857,0.6629228110510738,0.42768236812389854,0.429898631787571,0.36513358350070607,0.9802447427086153,0.14298989282928587,0.8980369174642444,0.1495995712510419,0.8344421345514664,0.13051094676872962,0.8651619489311134,0.21176600565023646,0.891163110707096,0.6306940913200378,0.32269132137298584,1.3056834936141968,3.153470516204834,0.83046875,0.022990714758634567,0.1797666996717453,-16.15548324584961,32.64521026611328,4.642101287841797,0.23684728145599365,0.0007,456.0,35.36066044786902,0.3924304177360323,0.05196256935596466,0.2425656225604996
246880.0,-0.024192844576383425,1.0719771156832194,-6.864706993103027,3.919576644897461,6.864706993103027,3.6082710814476044,0.0,2.1254064546185332e-05,0.009204579828659373,-0.06381758357639444,0.036793538355510504,-0.024192845094912617,1.0719771149909947,-6.864707175724904,3.919576530379615,55325.38973825047,2811.0651336849664,49104.446046743964,62836.6076155276,0.4947697907166665,0.19719313849337344,0.031989476439150226,0.9743493752825952,7.604874132262201e-05,1.1529637965948857e-05,6.060193188525532e-05,0.00010583337280204682,0.665252242738637,0.42757139311714587,0.42896792569124637,0.357118672111952,0.9947875420041462,0.1404112557898859,0.8910762122868975,0.14071898631368265,0.876722767375172,0.12391828067921622,0.8468388291411699,0.23783280510526328,0.939230875024717,0.6302924156188965,0.3063112199306488,1.3267234563827515,3.1514620780944824,0.85,0.0255696140229702,0.18272781372070312,-0.8049488067626953,14.878863334655762,4.7143073081970215,0.29670584201812744,0.0007,457.0,35.364322919289954,0.4530684551012231,0.07460296899080276,0.1988070843091335
247420.0,-0.01615537253587886,1.042796176727506,-4.1241536140441895,4.640273571014404,4.640273571014404,3.8749531102180486,0.0,-0.00044818472564106277,0.00899790347332197,-0.04214926418801624,0.0355610886244752,-0.016155371520567792,1.042796178949217,-4.124153426598708,4.640273697915757,47897.53336029934,3829.097235415335,35863.83311864451,53494.22833491823,0.5227944976834954,0.19267267254627624,0.039326766203910256,0.9624461754022036,7.274038328868993e-05,1.6652547699851535e-05,5.162364157082572e-05,0.0001214171801239097,0.6812666052935111,0.41562908496952894,0.41807300111774337,0.28688487140886637,0.9595210357852443,0.16806720440523915,0.8297468343684423,0.1537285006305686,0.8039803697750852,0.16030395344064183,0.9237737444858469,0.23101547011468404,0.9253979681101923,0.6544033885002136,0.32678401470184326,1.2070311307907104,3.272017002105713,0.88984375,0.03824210911989212,0.13601265847682953,-1.3707987070083618,9.442831039428711,4.178107738494873,0.5230306386947632,0.0007,458.0,35.36673966506734,0.47667189778620855,0.08900372684001923,0.1789800448868072
247960.0,0.02502632457633606,0.9758182893203956,-4.620846748352051,6.231137275695801,6.231137275695801,3.365792264938355,0.0,0.00016873315463490177,0.009562627382567258,-0.047826917890398175,0.052962652639456924,0.025026324841805704,0.9758182895471488,-4.62084660687473,6.231137162979263,41770.567046502474,2152.470746067164,37455.3124019087,46160.6701715203,0.5098127409197344,0.1961651492330879,0.0385336860743402,0.9454941471807807,0.00010030590084336034,1.2816816543636057e-05,7.764948475856519e-05,0.00013045328127971474,0.6892464422351503,0.4095980288625623,0.40839910267686536,0.2792501028959091,0.9695171580535866,0.16757603998989387,0.8651860448994111,0.16677959610363524,0.8618984327767202,0.17464684675372383,0.9194460045747008,0.211747414256838,0.9091616780033904,0.6652948260307312,0.29238560795783997,1.2780380249023438,3.326474666595459,0.9109375,0.04265143722295761,0.12301984429359436,-7.862127304077148,24.621835708618164,4.147717475891113,0.09624314308166504,0.0007,459.0,35.37260230235542,0.41829409264659345,0.04904060438275337,0.24465139539422326
248500.0,-0.011231967869766608,0.8055588614018646,-2.633692502975464,3.0943078994750977,3.0943078994750977,2.5457488560676587,0.0,0.00012122985127726567,0.005812214418426447,-0.020059955245464937,0.025900178611739738,-0.011231967267377622,0.8055588609157587,-2.633692456111298,3.0943078436006792,46067.17409887928,2202.940786302981,40952.19003074734,50452.502784299,0.5035942021030362,0.1878531032715424,0.08146640393792218,0.9121247037076659,5.5784486749608135e-05,1.7093444968151163e-05,3.614115674033475e-05,9.93487210502488e-05,0.6999266714205303,0.3981974222374583,0.4042397647522202,0.28525000256456984,0.9604256717846823,0.1752816644967871,0.9032314369274409,0.1607787835791232,0.8145443064516433,0.16402724777192534,0.7792742661514205,0.21466230158759458,0.9085394526938072,0.646515965461731,0.3268132209777832,1.1942989826202393,3.232579469680786,0.9078125,0.027565693482756615,0.12341026961803436,0.9147018790245056,18.989774703979492,4.108220100402832,0.1084437370300293,0.0007,460.0,35.37035622969578,0.48775483209661263,0.08771216869354248,0.2889466237314598
249040.0,-0.003223541816381233,1.1874115115344157,-6.055748462677002,8.962507247924805,8.962507247924805,4.152497167587281,0.0,-0.0006456987048318404,0.011607027308496498,-0.06790337454218104,0.06650108652426723,-0.003223543802214632,1.1874115114830113,-6.055748316876706,8.962507191692447,35166.95964963496,5779.259719629663,26561.342044891924,45579.090100306305,0.5088329077307109,0.19398751820908827,0.049031598188819026,0.9487586046372711,0.00010897842038425297,5.3259900676745005e-05,3.582187498382484e-05,0.00019238398743930612,0.7155979951015449,0.3900005576160121,0.39110999566505383,0.19044007925220546,0.9142894540510991,0.20137048274807706,0.8859051818640876,0.20846381277770132,0.8401541717724448,0.20934174480968684,0.8799814940248958,0.19038388041232931,0.8849897611651693,0.7295299768447876,0.3302462100982666,1.3375428915023804,3.6476497650146484,0.9078125,0.03627369552850723,0.07846127450466156,5.588655948638916,22.909536361694336,3.629338026046753,0.44386690855026245,0.0007,461.0,35.369548360038664,0.4773940769099215,0.052261512726545334,0.17715651834504292
249580.0,0.030432570355952957,1.0280126611527323,-3.875089406967163,7.501614093780518,7.501614093780518,3.421425650119783,0.0,-0.00018665860887552135,0.012861625300588049,-0.07798489616612304,0.06582120298188175,0.030432570005339974,1.0280126629379553,-3.875089446328147,7.501613915268336,23409.588808301694,2129.719851724605,19985.710892536084,30064.606539790922,0.484107461389205,0.168924626807312,0.09098888104980163,0.906402293800927,0.00016170796708849346,4.702519846529004e-05,9.92399145212122e-05,0.00024917874362330146,0.7320252489645939,0.3763666578842826,0.37753688652494066,0.19151490908850702,0.8874873235854871,0.2013051152825408,0.9285397326381097,0.20143378371441778,0.9235667319683649,0.21110775793449926,0.8255583992482527,0.19463843398003514,0.8883860033864182,0.7478789687156677,0.34428632259368896,1.308210849761963,3.7393946647644043,0.84140625,0.04176675155758858,0.09641203284263611,-7.783186912536621,25.259876251220703,3.734468698501587,0.0729985237121582,0.0007,462.0,35.37449110015902,0.48022021300978546,0.06760277599096298,0.18157201405152223
250120.0,-0.023477808483693043,0.9260237189968392,-5.186656951904297,5.3042826652526855,5.3042826652526855,3.667018036842347,0.0,8.424401735310175e-06,0.008862893518985017,-0.040801686691744284,0.0630495379031587,-0.023477806676215695,0.9260237160980485,-5.186656777023602,5.304282484995826,27210.842170308115,1466.3296034316916,23493.571240402674,30620.394464935074,0.5013960651292467,0.17240544581328004,0.0619116664870085,0.899146731273578,9.35075197077491e-05,1.8064989897876077e-05,6.778891162750471e-05,0.00013892247581353393,0.7261964934781998,0.38355340155801165,0.3859070961721127,0.19510873449600702,0.8873438223605576,0.18511213765726897,0.8335648984706516,0.21239389627425687,0.7876881472883581,0.21822638407129655,0.8688923222921494,0.18915884750117057,0.8805894258274027,0.7369621992111206,0.3856024146080017,1.2192566394805908,3.6848113536834717,0.90625,0.034110601991415024,0.0754435658454895,12.876023292541504,27.441818237304688,3.600155830383301,0.32016968727111816,0.0007,463.0,35.3679875937378,0.4729435391200069,0.06241242215037346,0.24732874707259953
250660.0,0.006394848072388278,0.8379132150562557,-5.673703670501709,2.4488375186920166,5.673703670501709,2.565122253894807,0.0,5.769132368253768e-05,0.00667068257939891,-0.0422896149476841,0.01980343211271069,0.006394849117996017,0.837913214025484,-5.67370370143048,2.4488375256329364,26309.19041853532,969.1487173205172,24300.77661023514,29244.02193911495,0.4899356755493281,0.17394488471911468,0.06091682156164959,0.9265825130946478,6.054845137457995e-05,1.5819309928084104e-05,3.080530490354701e-05,8.358859900655509e-05,0.7350444558996537,0.37542478934028023,0.3775112627316996,0.16571616265524483,0.8636550197853974,0.2175269307913207,0.903239376842192,0.2204994524404635,0.8235702783101795,0.20276988505976865,0.8849070927822715,0.19348756905320236,0.8129280366470794,0.7514849305152893,0.3988627791404724,1.1804745197296143,3.7574243545532227,0.93984375,0.0252497848123312,0.06912442296743393,8.125762939453125,16.47998809814453,3.5135231018066406,0.31428593397140503,0.0007,464.0,35.36139787673918,0.46456455706106364,0.05722207948565483,0.2833418715846995
251200.0,-0.010414138084134147,1.2981163102732873,-17.337385177612305,9.037504196166992,17.337385177612305,4.121408967971802,0.0,-2.8758427556459687e-05,0.010222956319950096,-0.09514762030050676,0.08594513693066709,-0.010414138539662434,1.2981163210812077,-17.33738550308115,9.037504209000295,26176.90673504733,2079.008862897496,22244.16995145683,30754.059111129918,0.4984511375414566,0.17707045473460026,0.06191963568221859,0.9480084467217591,8.729995079117912e-05,4.8380554419588256e-05,2.769570001460723e-05,0.0001745687652412025,0.7215388548474188,0.38471416524194785,0.386148280791412,0.2335690269775007,0.947492469475395,0.18667977068731598,0.9429464539517317,0.20742722995813184,0.8734288476193489,0.17978487367006296,0.8496599108953193,0.19253909870698854,0.9088642960112139,0.6950362324714661,0.3643680810928345,1.2619267702102661,3.4751811027526855,0.93671875,0.03550616651773453,0.0807696059346199,10.954922676086426,59.20094680786133,3.707017183303833,0.1402004361152649,0.0007,465.0,35.35992171414611,0.4514324667185834,0.051988162100315094,0.2260685011709602
251740.0,0.03518260183158822,0.8138988202130107,-3.7133901119232178,5.166902542114258,5.166902542114258,3.643299062252047,0.0,0.00025659731753010617,0.005533045570137692,-0.022049048429311664,0.0513343856884939,0.03518260236296671,0.8138988179431408,-3.713390078097426,5.166902389066378,24713.95451141622,1858.2721400627393,22662.659946981534,29129.463771158073,0.5127907519472338,0.17955187742661383,0.06638210090830082,0.9497478567876265,4.4335077357103946e-05,1.4839511541579549e-05,2.335454933753152e-05,7.686778881283846e-05,0.712645572387007,0.39182211760872954,0.3951994417359863,0.26761121259854953,0.9510608381033682,0.18611197719056788,0.9046041577944613,0.17588519844559847,0.8810647952855417,0.17233198164200472,0.8957380860982949,0.1980596301232794,0.8671849082874346,0.6654874086380005,0.3875786066055298,1.1177805662155151,3.327437162399292,0.95546875,0.023316478356719017,0.08651990443468094,-16.11479377746582,48.27305221557617,3.7491273880004883,0.030143678188323975,0.0007,466.0,35.359771576665246,0.4618107181269867,0.06986359506845474,0.30908469945355194
252280.0,-0.04810923245785051,1.0539543685431192,-11.915441513061523,3.6278417110443115,11.915441513061523,3.4703152728080786,0.0,0.0001971115726838655,0.006302167515290244,-0.05943630125467025,0.03145156672829116,-0.048109233766428894,1.053954375810161,-11.915441628760748,3.627841821778533,33075.809763854304,1397.198335539482,28436.60493404587,35805.9304946044,0.505265222904325,0.18489252469548054,0.06001932256551715,0.9477464851347301,3.897181419674224e-05,4.4180751422798215e-06,3.0389018649295087e-05,4.787499889558882e-05,0.717168570972604,0.38733794771436947,0.39042124245619136,0.26998823769180913,0.9706071100528016,0.18134212336916186,0.9416450647642076,0.17754959631687164,0.9632327052514397,0.1562826454132508,0.8932210795967577,0.21483739720890654,0.7872090973946145,0.6569507718086243,0.3577626347541809,1.1803078651428223,3.2847537994384766,0.9546875,0.018732815980911255,0.09079155325889587,18.987051010131836,40.62265396118164,3.7915380001068115,0.20256692171096802,0.0007,467.0,35.35945558030207,0.41512217339221014,0.06514759361743927,0.3052729800936768
252820.0,0.01589659211760456,0.9812136570396474,-6.873525619506836,5.570799350738525,6.873525619506836,4.089289958477029,0.0,0.00028055393919600033,0.006641437948668864,-0.03519362303953623,0.04260758691844861,0.01589659390201742,0.9812136604014963,-6.873525729328481,5.570799544243217,34562.54293351835,2373.6466547545233,28333.81787964629,38402.408549965505,0.5024574971483653,0.1853073305852058,0.048933735719915744,0.9416873059370807,4.7337469292825355e-05,1.2027012745444828e-05,2.8136944007452364e-05,6.676437969657048e-05,0.7092266951027588,0.3933962423487524,0.3952343913227595,0.28090923859760986,0.9306020940366659,0.17188578972218324,0.9216256891715127,0.15321856001627382,0.833519823579172,0.1794681789924162,0.9240973276472239,0.21451823267151693,0.9078921986358597,0.6546961665153503,0.33702364563941956,1.2076377868652344,3.2734808921813965,0.9484375,0.02421855926513672,0.10572117567062378,-6.969972610473633,32.22562789916992,3.8843061923980713,0.26412391662597656,0.0007,468.0,35.365773463861515,0.48131336770935335,0.07597952336072922,0.28603751951600315
253360.0,-0.0011919517749683344,0.9047962567993462,-7.313957691192627,3.046905279159546,7.313957691192627,3.0467280530929566,0.0,-8.079353996728039e-05,0.004739515335179692,-0.03714822938720435,0.016540628071205765,-0.0011919504714580208,0.9047962518170761,-7.313957616267275,3.0469053838653637,34157.389883488766,925.1460806855081,32696.45775383538,36929.08529730748,0.5206999785093657,0.1833154266360267,0.05385979549191901,0.940561707341262,2.7740862190624406e-05,6.012029434084506e-06,1.7739951366453428e-05,3.970106320724927e-05,0.7132071154220636,0.39278513220474215,0.3931048391460061,0.2596993541007143,0.9754476846834444,0.1885674732752191,0.9086730910160491,0.17378769067331723,0.8897140100667497,0.16751657762099242,0.8802671377157762,0.21042890432975697,0.8711943711596922,0.6619970798492432,0.4160582423210144,1.072076678276062,3.309985399246216,0.98125,0.018849626183509827,0.08022268116474152,-3.642854690551758,10.670920372009277,3.7093260288238525,0.15108215808868408,0.0007,469.0,35.365603044281784,0.463402976844686,0.058095257729291916,0.31801327088212333
253900.0,-0.00625442610234367,1.059516003875973,-9.71254825592041,4.408680438995361,9.71254825592041,4.067825875282296,0.0,4.7870050123866104e-05,0.006163121534846767,-0.060350049735137495,0.0299902966085519,-0.006254426894961544,1.0595159977818727,-9.712547851094692,4.408680279175464,33446.04980596198,1918.2467548183681,29341.067784387702,36690.49033531331,0.516065058206903,0.18277032336742646,0.07093852994304313,0.9285822833269709,3.4896788395105716e-05,6.955970243259976e-06,1.727072876395026e-05,4.742426298144954e-05,0.7118055658568639,0.3925975788984135,0.3959309183984888,0.25015800194586124,0.927552278656915,0.1885330681981268,0.9189921179798937,0.17055222514385573,0.8827253390987444,0.18036342686717421,0.797697775830254,0.21039327784498213,0.8963210628645176,0.6739426851272583,0.359885573387146,1.1602669954299927,3.369713306427002,0.9578125,0.029153013601899147,0.08152125775814056,-4.786465644836426,31.530729293823242,3.7419865131378174,0.17849785089492798,0.0007,470.0,35.37078173487332,0.4706253276620158,0.06344207376241684,0.2819147638563622
254440.0,-0.012266259511536056,0.8386850683288838,-5.136875629425049,8.995805740356445,8.995805740356445,3.096193101406101,0.0,-0.0002382056857830038,0.005685917244326113,-0.09140724452046949,0.04490803141811864,-0.012266260061135155,0.8386850746468749,-5.13687580123588,8.995805719796564,33129.70154098278,2067.578800831,29244.58202432325,35347.912950010665,0.49640781638584325,0.17884657801931797,0.09470855946931783,0.9867621199078789,2.7102154463775526e-05,1.466411405874406e-05,1.0470832728522571e-05,5.877432626329296e-05,0.7381272058884223,0.37189376884207503,0.37630329142493263,0.21957660249345728,0.8442189724900535,0.19492078137511853,0.9021515287455837,0.19128389649290092,0.8698884982080793,0.1926861475539954,0.8654055559129221,0.20153257208452785,0.8697662122656247,0.6964067220687866,0.40998953580856323,1.1853176355361938,3.4820337295532227,0.9734375,0.02653786912560463,0.062407322227954865,3.5735275745391846,15.81041431427002,3.565075635910034,0.36800581216812134,0.0007,471.0,35.37740546017127,0.44622776346659765,0.06825144588947296,0.2779871682279469
254980.0,0.012838864199929285,0.7784593856382428,-3.8718056678771973,4.276005268096924,4.276005268096924,2.645188276767731,0.0,-4.640118991480162e-05,0.0034978385724196755,-0.017338332180398937,0.015566979647355678,0.012838863625236471,0.7784593844894773,-3.8718057746307446,4.276005035426746,29648.6019778659,552.0479477476584,28479.994165741646,30624.687700703074,0.4795137152268909,0.17098294634578495,0.057381564735525435,0.8785766553299109,2.208640899132921e-05,6.820886309655489e-06,1.2739098005634383e-05,4.014058035326356e-05,0.7421445991657741,0.37055863311218923,0.3710555290806773,0.17010879411239632,0.919515240552129,0.20695707396187396,0.8479536009886994,0.2342455989957377,0.8460784627368914,0.20672881721666875,0.8515130803395758,0.18195971571332326,0.850188452335386,0.7383698225021362,0.46834877133369446,1.0648897886276245,3.69184947013855,0.984375,0.021475795656442642,0.05771997198462486,4.179903507232666,8.9613618850708,3.4651873111724854,0.37314605712890625,0.0007,472.0,35.373492365065204,0.4880906850096723,0.07203896343708038,0.33020467408274784
255520.0,0.02044498770178675,1.131393274294117,-8.646663665771484,5.653199195861816,8.646663665771484,4.218450121879583,0.0,0.00042737503274507187,0.005593718667771112,-0.02846852454649828,0.03935854019034043,0.020444986507838193,1.131393270294189,-8.646663569769279,5.653199099394859,34096.73840111286,2246.8609281757217,29075.09801764114,37363.45307533685,0.4919140133417155,0.177639643500313,0.056287857886717654,0.9504545220074339,2.5520829122824006e-05,7.003917068731793e-06,1.2653853934282654e-05,3.937036284326021e-05,0.7359915663949103,0.37417051063552226,0.37502972271540425,0.22937817357106782,0.9398542861420263,0.2002867504164054,0.9279435312634027,0.19092202970686045,0.9078579268154099,0.1841311132742872,0.8192622822728473,0.19528193303137917,0.8886554191679482,0.6820958852767944,0.3788692057132721,1.0968822240829468,3.4104793071746826,0.9828125,0.024243410676717758,0.05722032114863396,1.1277644634246826,24.272872924804688,3.5884718894958496,0.15972936153411865,0.0007,473.0,35.374022623861954,0.4951050402951793,0.10118955373764038,0.3118413348946136
256060.0,-0.025400792529237354,1.127999833037198,-10.538615226745605,3.429273843765259,10.538615226745605,3.125118107795716,0.0,9.836041209622473e-05,0.006135987017775452,-0.05386524847745986,0.019795848367771873,-0.025400794037366618,1.1279998417577635,-10.538615461674837,3.4292738737154798,39234.957821572185,1164.7423233773459,36600.07391860926,41822.463149341216,0.5027019040285748,0.183434417138626,0.032222347592607656,0.9347327540335973,3.232352999106579e-05,8.197719486107892e-06,2.4528418663288475e-05,4.90987601814178e-05,0.7153549828279318,0.39086550577829016,0.39141100042970234,0.2506029760291433,0.9415269671948,0.2121965680857424,0.8723757287182924,0.1554574745517332,0.8258463367349875,0.1753653911712267,0.8996087203257355,0.20637759016215437,0.851693933908653,0.6780961751937866,0.35838833451271057,1.1291356086730957,3.3904809951782227,0.975,0.027858402580022812,0.0712423026561737,12.374019622802734,27.55381202697754,3.669661283493042,0.12197208404541016,0.0007,474.0,35.37145664468905,0.4817433938894153,0.06705551594495773,0.30619999024199845
256600.0,0.05963710262332353,0.9346160524500167,-4.232338905334473,4.736649990081787,4.736649990081787,3.5987224650383047,0.0,0.0004180894971002786,0.0052958299812613,-0.03014461607822377,0.02589975639598799,0.05963710233521662,0.9346160504388715,-4.232338724505899,4.736649930655388,38453.63218736434,2739.3232467807416,34125.502855837985,48060.98493747104,0.508749183762039,0.1752101415692176,0.06306405686797303,0.9694803786699554,3.1717836639237586e-05,6.13696588397782e-06,2.3627010254705806e-05,4.361384622064111e-05,0.7208674569270186,0.38271218246790767,0.38670506686008665,0.24972930960273645,0.9668290647722365,0.18355550436272153,0.8299913562780634,0.17365663524214298,0.8004280671660705,0.18756770271575438,0.9273427967336466,0.20549084807664467,0.925831133966292,0.6683372259140015,0.35807672142982483,1.1019916534423828,3.341686248779297,0.97890625,0.02536274492740631,0.07814833521842957,-24.41228675842285,58.275943756103516,3.704169273376465,0.052677154541015625,0.0007,475.0,35.37228897674827,0.4793688042763679,0.06154397502541542,0.29492339968774395
257140.0,-0.07485070559667764,1.4077903952565896,-21.030967712402344,5.022250175476074,21.030967712402344,4.134563014507298,0.0,0.000244135534294285,0.009148687116537803,-0.06629059661136556,0.049933507131938504,-0.07485070662440296,1.407790406692508,-21.03096825686397,5.022249967609509,55089.90607505791,3278.206905363739,46700.10655447236,60701.41939016158,0.512933912932621,0.1877201560936588,0.05264146572989187,0.9452889111941714,6.526119374376475e-05,1.342284394422955e-05,3.1917157449590285e-05,8.578915445225017e-05,0.6981915435508805,0.401093717998449,0.40269185425865245,0.26716141419572553,0.9579854241763377,0.17850637567532823,0.9411158663597627,0.15701813174664436,0.9034978482311757,0.16523188960913748,0.7973529312057035,0.23208218877316433,0.915874822299628,0.6457486748695374,0.34232133626937866,1.1013728380203247,3.228743314743042,0.92890625,0.030501004308462143,0.12012529373168945,12.941019058227539,22.93520736694336,4.0528244972229,0.3588077425956726,0.0007,476.0,35.372606368409976,0.43950414374502766,0.05699273198843002,0.2301302693208431
257680.0,0.028421267040539534,0.8328669084574633,-5.515007972717285,5.121261119842529,5.515007972717285,2.954798445701602,0.0,0.00022045300139524296,0.0061810247147020166,-0.03619284356743594,0.0335803537141162,0.02842126703462606,0.8328669108548575,-5.515008105351913,5.121261323101257,53877.72207947163,2852.0121288650266,48606.399418773835,60517.36403413283,0.5037649964706148,0.17527125601556723,0.062040646521854106,0.9257286704969909,5.555939880589367e-05,1.654917739931951e-05,3.269348127371634e-05,8.795244480732402e-05,0.7020883444941313,0.39746238034009707,0.4015815651909262,0.2877791009823088,0.9479191248263668,0.17933534551126967,0.9356715248690536,0.14070957947282806,0.7066167075926443,0.16365585313605457,0.9074681274480914,0.22852012089753898,0.9238678558950753,0.6495116949081421,0.32764047384262085,1.1378793716430664,3.24755859375,0.9546875,0.028506875038146973,0.11089299619197845,-16.60560417175293,33.94011306762695,3.95328950881958,0.12298321723937988,0.0007,477.0,35.370653377956636,0.47052716209861256,0.08268169313669205,0.2496218774395004
258220.0,-0.02982949776563112,1.011488876710322,-6.888916492462158,6.101141452789307,6.888916492462158,4.025788226127632,0.0,-0.00017252458621858538,0.005933534035667798,-0.05769489074251391,0.03605759341521979,-0.02982949866730336,1.011488876777243,-6.888916509764525,6.101141217629953,56802.394129950444,3122.3668458054312,47998.81569200907,62238.75293751661,0.4996545138559788,0.18323543574184845,0.10498843684962438,0.9246506006691121,3.136311282309507e-05,8.995131302204589e-06,2.1465364629074823e-05,5.460026152459029e-05,0.7170809417383204,0.3904551613004492,0.3891956345053872,0.24362845320133097,0.9308062859073436,0.1762286708341655,0.9330123358810164,0.18762090761226427,0.9213236167372962,0.18322841922948277,0.8075633380876224,0.2092935491227565,0.9807835062725575,0.6701145172119141,0.37664493918418884,1.2326860427856445,3.3505725860595703,0.9765625,0.029010172933340073,0.08745824545621872,6.908148765563965,16.492834091186523,3.733179807662964,0.44806742668151855,0.0007,478.0,35.37327928983206,0.4744490047021065,0.06804859638214111,0.23376512490242
258760.0,-0.002037614758053139,0.9920159108065317,-5.9116997718811035,7.718499660491943,7.718499660491943,3.877879366874698,0.0,-0.00012158280344597982,0.00805257737544992,-0.08773190877530491,0.0518255912191483,-0.002037614295767739,0.9920159080105995,-5.911699815775472,7.718499559311192,52200.34059018747,4024.611977805488,42481.60626057796,58779.087662618964,0.4985495477921391,0.17786648537566813,0.07873499924736276,0.9676093935374764,6.122767188902444e-05,2.4987032810969944e-05,3.360344513888316e-05,0.00010859265289385635,0.719593679635673,0.3847638734538115,0.38928444083986496,0.23053778407852235,0.834667242232653,0.1878044581049993,0.8910638655762761,0.17629767601601157,0.8493087618830634,0.1918852108678303,0.9319032065044879,0.21347487093263645,0.8857257743570527,0.6795690655708313,0.3634907305240631,1.233918309211731,3.3978452682495117,0.9609375,0.03204004094004631,0.08069983869791031,1.3668533563613892,18.647388458251953,3.7090680599212646,0.4160699248313904,0.0007,479.0,35.377181290909405,0.4665263017282503,0.06800048798322678,0.2067598555815769
259300.0,0.004608968184415803,0.8565889009518861,-3.033505439758301,4.2232279777526855,4.2232279777526855,2.894121282100679,0.0,8.849189731444079e-05,0.005592268122100308,-0.02238698813194806,0.02802738330364778,0.004608967411675002,0.8565889001067951,-3.033505461217482,4.223227977217452,50469.70528421884,2679.1690200884777,45600.35932196329,54938.43260103048,0.5052696923634912,0.16945438311320324,0.08180451747882757,0.8880891586412641,4.205977225647994e-05,9.027731355538718e-06,2.626639238584664e-05,5.795712784600628e-05,0.7294623146601148,0.3816238865307153,0.3803133824160964,0.21521117813371962,0.8631204075290684,0.19552586727591825,0.8448274625662995,0.18795731706480293,0.9040000248539156,0.20197593988421145,0.8878332916584358,0.19932969764134775,0.8716192626413792,0.6957746744155884,0.4251572787761688,1.079651117324829,3.4788730144500732,0.99765625,0.02375701442360878,0.05209556967020035,-0.22464153170585632,18.952089309692383,3.5163276195526123,0.3334108591079712,0.0007,480.0,35.38006806043684,0.49264544312279107,0.056297849863767624,0.3134940964090554
259840.0,0.026216230758776268,1.1142841328822348,-4.427240371704102,5.345110893249512,5.345110893249512,3.9057494807243356,0.0,0.00043762162647055194,0.0062566522646853905,-0.024347710323844213,0.028829796469395173,0.026216231826880182,1.1142841352252006,-4.427240545875757,5.345111024666154,56843.852249076925,4197.054422238684,50720.14248750124,65545.24928932563,0.522768069590336,0.17810582021870314,0.04139639215908368,0.9279595761307511,3.1164156053473104e-05,8.559025851079433e-06,2.190697933997487e-05,4.831834494614524e-05,0.7100461475599308,0.3928056297478957,0.3930103900421735,0.23714851438662674,0.9384552962687126,0.18472127727116627,0.8508068586384058,0.17991205912425207,0.9234934127229617,0.17811416501366228,0.8860517645351632,0.22010398420429259,0.9168616899920151,0.6611872315406799,0.314545601606369,1.1285983324050903,3.305935859680176,0.9671875,0.03365669772028923,0.0952589139342308,-6.820115566253662,23.878454208374023,3.8695456981658936,0.42253828048706055,0.0007,481.0,35.3818232280242,0.4977618565094097,0.06484504789113998,0.25563524590163933
260380.0,-0.027320029044575575,1.0282211170514144,-5.858815670013428,5.113931655883789,5.858815670013428,3.53172988653183,0.0,0.00020183804628465525,0.008328932581944296,-0.0494873115784485,0.04569833682231263,-0.027320028747600516,1.0282211134749217,-5.858815638003572,5.113931483179947,71966.46338326426,4481.862036473066,60916.77059770046,82752.13109388216,0.5106857200963569,0.1875227242590308,0.06230568415566718,0.9698791213773849,6.619390684180459e-05,1.414814606007522e-05,4.267653119446527e-05,0.00010052857008148476,0.6842671198421157,0.41167237062802153,0.4123272149866828,0.30449458216058245,0.9484037087566978,0.16971333913492587,0.9475400836512521,0.13355106766740196,0.730140924898665,0.16148162802781205,0.9425785763399566,0.23075938300927767,0.9592433034304675,0.6264860033988953,0.28790920972824097,1.187947392463684,3.132430076599121,0.89609375,0.028610849753022194,0.14627519249916077,-0.8847910761833191,26.837553024291992,4.387375831604004,0.12116801738739014,0.0007,482.0,35.378177182555575,0.49178581024749246,0.12530910968780518,0.19626390515222483
260920.0,0.004356771107349131,1.1370840174145835,-15.674017906188965,5.826659202575684,15.674017906188965,3.4694026517868046,0.0,0.0003042276440132487,0.009396533859498967,-0.11830692557566225,0.05945355814365184,0.004356772690883311,1.1370840040389352,-15.674017491563232,5.826659230396947,77054.41012148667,4408.293901691694,67300.09433118104,84843.87092078713,0.498521494443953,0.179640917279365,0.030477207414292013,0.910465843865609,8.191677346473625e-05,3.1932108223537044e-05,4.9761940948576834e-05,0.00015299742131218974,0.7016842908602179,0.3978765936778239,0.40236875172223857,0.2795273972156227,0.9222883524562541,0.15655764534150124,0.8649352345566969,0.14880876966611578,0.8474198603155989,0.17458706283272482,0.8706866855541239,0.24051912494403554,0.7973353840485158,0.6510993838310242,0.30386972427368164,1.2003881931304932,3.2554969787597656,0.94453125,0.03117167018353939,0.11523337662220001,-2.9345669746398926,32.21110916137695,3.9902596473693848,0.2078944444656372,0.0007,483.0,35.37820567549236,0.4932103528705674,0.08510635793209076,0.1879939988290398
261460.0,-0.034064943577525104,1.0326561897301574,-5.152116775512695,9.380078315734863,9.380078315734863,3.887725996971131,0.0,-0.0004046592283015165,0.009354065617278182,-0.056079083609453274,0.08052553122233669,-0.034064943490724246,1.032656183337859,-5.15211682893639,9.380077973449632,72452.74684304415,3386.859890475188,60749.7938030327,81345.39073614351,0.47807382067540455,0.1693959088622832,0.10763060646586027,0.9465019931631837,8.650298574430371e-05,2.5369391078540913e-05,5.335768196055495e-05,0.00014008478557997432,0.7399430338994263,0.3706827397066529,0.37190498712089387,0.15353119338550697,0.8467183164355057,0.21543429193567448,0.8994429360940573,0.22022878540584967,0.845737614034998,0.23041301957796892,0.899573711716656,0.180392709695,0.8981312193333453,0.7647472620010376,0.3687512278556824,1.2885758876800537,3.8237361907958984,0.875,0.025446821004152298,0.07904838770627975,15.287617683410645,36.133544921875,3.5817413330078125,0.0692945122718811,0.0007,484.0,35.37404091306562,0.48604165279785333,0.0811409056186676,0.2106264637002342
262000.0,0.04030576655296264,0.9983996448442389,-5.755439281463623,11.537100791931152,11.537100791931152,3.3809148359298726,0.0,0.0004998949674001043,0.007158343773413939,-0.03772538182440501,0.08037994863038686,0.0403057668512296,0.9983996447552581,-5.755439271504498,11.537100751843518,75216.71509990514,5582.223370224877,62852.260108663904,85430.49685721639,0.47519307260272714,0.18322306837122815,0.08055220220948872,0.9406848286097472,6.14895529251177e-05,1.8975355316762853e-05,4.063929428959888e-05,0.00011003692578424042,0.738811257166548,0.37332448654863326,0.3758173461660945,0.20595895843595316,0.9030426712232471,0.19080830432495155,0.9032877234812222,0.20147534717920945,0.9057885338806031,0.20608005141606647,0.9190855781795788,0.1956773386438194,0.9642784854241403,0.7271829843521118,0.3264543116092682,1.1780225038528442,3.6359148025512695,0.94453125,0.03416399285197258,0.0766429603099823,1.857460379600525,5.527525901794434,3.608273983001709,0.6981000900268555,0.0007,485.0,35.37406863719632,0.4925019017319829,0.07561972737312317,0.21786568110850899
262540.0,-0.1488909139993161,2.8370035113874033,-55.61878967285156,8.90406608581543,55.61878967285156,6.586263780593888,0.009259259259259259,8.840357055805688e-05,0.02521431041447945,-0.13090906536605867,0.1325319618450599,-0.14889091024496845,2.837003463760354,-55.61878828433367,8.904066161781484,25730.49602888301,29355.41581695642,6229.867697842213,85207.25108077093,0.5162189800145001,0.1752056681142601,0.11064285951188933,0.9301153483405841,0.0003704272116826919,0.00027441135693165086,6.561705563247574e-08,0.0007765947132060513,0.6964102119171017,0.3997676810605524,0.4054309109297517,0.2822598032368725,0.9724771684951997,0.17932086245102777,0.788165388289377,0.15786163214642518,0.7985695944482868,0.1700167528504679,0.930570497579152,0.21054094931520662,0.8667651487522632,0.6551302075386047,0.2947975993156433,1.2874351739883423,3.275650978088379,0.9,0.03651896119117737,0.1219528466463089,16.12912940979004,72.8137435913086,4.145107746124268,0.25654202699661255,0.0007,486.0,35.367826804397254,0.35995340232825795,0.06610319763422012,0.16458089383294303
263080.0,0.0026056694051173205,0.8269021437900438,-3.149165153503418,7.631402969360352,7.631402969360352,2.803351569175721,0.0,0.000176832035919041,0.015325206011024845,-0.05272452312678377,0.12319872466647788,0.002605669241560527,0.8269021412118048,-3.149165061404887,7.631402927706014,9675.021547666987,709.1105132795609,7971.234249789664,11191.465187335496,0.5135626905007249,0.19111084934867947,0.05159373423906824,0.9543759311749423,0.0004002284952091673,0.00013351227002400515,0.00025650606255558586,0.0007385574019518891,0.6778111021515367,0.4173193054005564,0.41963712141028076,0.33063566172004955,0.949911522511372,0.17756197834291845,0.9226039624426878,0.1436612879786891,0.8805309320378627,0.13997437097533302,0.872672499851645,0.20816670098300985,0.932620984500132,0.6397101283073425,0.32192450761795044,1.307146668434143,3.1985507011413574,0.840625,0.02010948769748211,0.15319690108299255,-7.272607803344727,10.033003807067871,4.363847732543945,0.26144301891326904,0.0007,487.0,35.37615987512858,0.40738229902921047,0.08735622465610504,0.23213065964090554
263620.0,-0.005383580451867871,0.8326001239805059,-6.097946643829346,4.998262405395508,6.097946643829346,2.986492738723755,0.0,0.00022212391135850316,0.010797120110116432,-0.05776058330996533,0.06656718369193322,-0.005383582583599549,0.8326001171378369,-6.097946457797518,4.998262167669906,9878.877480455916,1047.8917730740293,7958.262793551358,11680.769278753964,0.5044804934509587,0.18639171620111963,0.04847450290919805,0.9211429470477597,0.00017807768183013576,5.5476558159604455e-05,9.701412979629966e-05,0.0002807832617981672,0.6865744647910619,0.41116297206919195,0.41012530709244543,0.3274960979393452,0.9525709886339021,0.16519517482190327,0.862823714702114,0.1365399037595795,0.8048813556685286,0.15705693596390496,0.8708711101517229,0.21371188751526704,0.8906915147568393,0.6496132016181946,0.3598611354827881,1.2550277709960938,3.248065948486328,0.84765625,0.01857304759323597,0.1341215819120407,-6.518855571746826,23.533361434936523,4.1526007652282715,0.18013429641723633,0.0007,488.0,35.37889121926198,0.45053183510594386,0.07095068693161011,0.273163056206089
264160.0,-0.01537154051151851,1.0133480970904478,-4.228067874908447,5.307436466217041,5.307436466217041,3.6512866473197945,0.0,-0.0004791426310145152,0.009973883699190068,-0.0472108976163429,0.04643127618990714,-0.015371543164474054,1.0133480979967304,-4.228067923229026,5.307436296274594,8909.31267440672,757.4307470473502,7127.653096742279,10339.46771260509,0.49802722882824174,0.17014186064974685,0.06685017894337894,0.9235312748675644,9.696416922725505e-05,1.168242200043784e-05,6.979815204394483e-05,0.00011897975784815917,0.7093872662527152,0.3927892748362418,0.39666600612159925,0.30272718826889794,0.9914463801750959,0.17368312662152488,0.9078621647656262,0.1447803062734523,0.8174549371654352,0.17912485410090634,0.8885652230284685,0.1996845247352185,0.8266783713641984,0.6661418676376343,0.3809817135334015,1.266003966331482,3.330709218978882,0.87890625,0.025042593479156494,0.10865336656570435,2.294421911239624,9.736799240112305,3.93046498298645,0.3639622926712036,0.0007,489.0,35.37510286577396,0.39220204078536247,0.06988171488046646,0.3035409348165496
264700.0,0.0010058021959762468,0.906909819851042,-5.205495834350586,6.624456882476807,6.624456882476807,3.3639691638946587,0.0,-4.8764210544097445e-05,0.007805164023962537,-0.041303753485521226,0.05405774743626452,0.0010058004097442186,0.9069098147717166,-5.205495964166349,6.6244566991982765,7813.448585302704,400.6530577418694,6867.802272918264,8765.764158352842,0.4939765728424518,0.182001989699204,0.05991622942997919,0.9628192966052176,7.999056072216061e-05,1.9294890421789834e-05,5.4000127062521886e-05,0.00012117588064327601,0.7112644889065993,0.3945466069606665,0.3937265648418806,0.26700011527101236,0.8775693818903468,0.18284212958441493,0.9259370043695078,0.1710203087403247,0.8581566847943861,0.17169004079432812,0.8473961562640856,0.20744740560991987,0.9812677882204012,0.6805152893066406,0.42874062061309814,1.1616312265396118,3.402576446533203,0.94453125,0.022878557443618774,0.0760936439037323,1.9563394784927368,25.453763961791992,3.663963794708252,0.18840879201889038,0.0007,490.0,35.38118685615839,0.4827680529460563,0.12277542799711227,0.2944233021077283
265240.0,0.031039361011978513,0.9896046722314903,-5.738320350646973,4.0987372398376465,5.738320350646973,3.822069144248963,0.0,-6.131589819857311e-05,0.011176621227759316,-0.1109574485398364,0.04130813327687444,0.031039359851628312,0.9896046728740315,-5.73832043211858,4.098737074438845,6290.485858460024,366.4818729972634,5426.297014923596,7230.151708447377,0.48630849047060837,0.17779938271697393,0.04123556053288881,0.9654127536291193,0.00011609979875263637,2.447023214860253e-05,6.68980763764448e-05,0.0001731152613473254,0.7411428290411021,0.37146627551182687,0.37142044935296004,0.19101414006483725,0.8977477732687119,0.196025306705862,0.9718493877502907,0.20897916101328406,0.8385664835314379,0.2098544083499754,0.9664787121569648,0.1941269838660413,0.8680583547651101,0.7272523045539856,0.39853164553642273,1.0621850490570068,3.636261463165283,0.9828125,0.030328378081321716,0.072646364569664,-0.9680804014205933,12.826862335205078,3.559793472290039,0.4007415175437927,0.0007,491.0,35.38772982014297,0.4866924762461752,0.05019672214984894,0.26422228727556596
265780.0,0.01562471482126663,0.887960412865525,-7.357646465301514,11.51240348815918,11.51240348815918,3.0272208595275893,0.0,0.00026213763233722253,0.007521374603077514,-0.050736844149889306,0.09487613714544953,0.015624713806256685,0.887960401905961,-7.357646501671606,11.512403149509332,7009.629143166772,260.19314261174236,6283.431111984169,7579.951774757853,0.48167871660260153,0.18057618553894283,0.0654085369756972,0.90774070575995,7.458667465193068e-05,1.9581213471761387e-05,4.1368736397760344e-05,0.00011026517451753779,0.7377377122493647,0.3746811645882723,0.3742460085967254,0.16171490862145252,0.8267793763195269,0.21932134276996876,0.8934767943186742,0.2148324162470109,0.824894205007386,0.2288719797553588,0.864681071738917,0.17525935260620906,0.8778282670932005,0.7489177584648132,0.4092196524143219,1.0302114486694336,3.744588851928711,0.98359375,0.020635031163692474,0.07255534827709198,7.312380313873291,22.893352508544922,3.529237985610962,0.27635806798934937,0.0007,492.0,35.38494359553029,0.49654949168105256,0.053537119179964066,0.31812304839968775
266320.0,0.005295515305247305,1.5135067812279774,-5.526971340179443,18.316625595092773,18.316625595092773,4.538904714584352,0.0,-0.0003966747816787605,0.01588213560823807,-0.06445438559704601,0.12116548793920824,0.005295517162722874,1.5135067836643619,-5.5269711310077945,18.3166256642103,5438.710631221467,1107.0864322931566,3904.597932905857,7635.008254927449,0.4645189313384749,0.1734091735910331,0.035785472327738876,0.8888964991220949,0.0001767845652713575,8.79188193949414e-05,3.2697712476330275e-05,0.00031141446225424994,0.7326959730598802,0.37719286655911477,0.37608474662161134,0.11370694726863077,0.8231831028140739,0.23121414825545455,0.9297633634884378,0.25744979285044584,0.8868270973325764,0.2408758179528121,0.9476710933337199,0.1567532936726567,0.8198786458081806,0.7995187044143677,0.33158808946609497,1.1636470556259155,3.997593402862549,0.8046875,0.01348678208887577,0.12470072507858276,6.808189868927002,83.70037078857422,3.8411145210266113,0.08450686931610107,0.0007,493.0,35.380544389824635,0.48987564152476176,0.04387972876429558,0.23761953551912568
266860.0,-0.007239420711428263,0.8020452978288259,-6.06088399887085,4.612943172454834,6.06088399887085,3.4098333287239164,0.0,7.604491105981391e-05,0.010929854865613193,-0.07081251862234439,0.07836397824399802,-0.007239419766650329,0.8020452891813743,-6.06088384007518,4.612943161965445,5608.92449428949,334.6106989926979,5102.450458796513,6543.83947817511,0.4837415655104216,0.1648879410776894,0.055641874593939135,0.9487734020782111,0.00017762417654991285,6.236761419438973e-05,8.16055766816187e-05,0.0002850587875937878,0.7376880182678881,0.3730461633293226,0.37414871845211317,0.12434561178242218,0.9275724481829395,0.2236104534703112,0.8453572046411016,0.25022767685954134,0.9102997705879353,0.2308902654263003,0.8723731049237882,0.17092599246142495,0.8187263053869779,0.7699623107910156,0.3807849586009979,1.0866817235946655,3.849811553955078,0.97109375,0.01180379930883646,0.09791005402803421,15.240553855895996,36.86372375488281,3.611326217651367,0.13001984357833862,0.0007,494.0,35.37520519577598,0.481547284878762,0.041978947818279266,0.2778529957064793
267400.0,0.005516431302573808,1.1388290818715185,-19.895065307617188,5.701316833496094,19.895065307617188,2.899007575511933,0.0,0.0008005926806721229,0.008195782796123433,-0.09290285280965946,0.05900495163043162,0.005516433018984083,1.1388290656810007,-19.895064779653982,5.701316993138332,7588.025508875202,920.9541264771254,5767.899621077282,8969.81865271736,0.4907731068308688,0.1846021668493473,0.09494207442035793,0.9768744950441999,8.047015430206474e-05,1.4210855501582174e-05,5.051236980752312e-05,0.00010861480516261892,0.718325445571415,0.39064861150030533,0.39174199354799744,0.25332477011736354,0.9685261471254424,0.17444129479561274,0.8825459607685566,0.18960017901793358,0.8740366068704553,0.19278747863078505,0.8660031499841668,0.18984627743830518,0.9046079689843609,0.6869713664054871,0.46022775769233704,1.1159623861312866,3.43485689163208,0.96640625,0.02144896797835827,0.06772483885288239,5.366982936859131,21.19270896911621,3.5931172370910645,0.34199392795562744,0.0007,495.0,35.37791832298179,0.4896191870489667,0.07671003043651581,0.30277249219359875
267940.0,-0.009897216413001944,0.9459002622068766,-6.110581398010254,6.083446979522705,6.110581398010254,3.6870972847938557,0.0,0.000723010941079188,0.008246119235244823,-0.03766719242694524,0.0674759051786416,-0.009897216277139178,0.9459002636481799,-6.110581243160268,6.083446919468883,11765.762081374653,1269.3743454233434,8635.609172077098,13092.798687675797,0.5057153101267162,0.17505065138518924,0.09098604942139446,0.9613835948619354,6.737166265501997e-05,1.4612645806852661e-05,4.476611898794999e-05,9.37004371141058e-05,0.7099883607734565,0.3934516604960165,0.394644699514337,0.31499069733044005,0.927022508654423,0.16909726322620713,0.8357566072975171,0.1489197953042566,0.9018640625580356,0.1711261832405309,0.7936913651975541,0.19586606089856534,0.9440279613602248,0.667883038520813,0.38007527589797974,1.284364938735962,3.339414596557617,0.86171875,0.014228942804038525,0.11489671468734741,4.84668493270874,15.265899658203125,3.8896918296813965,0.11819696426391602,0.0007,496.0,35.37553893200911,0.46091980420520756,0.07652632147073746,0.2778529957064793
268480.0,0.02824191636302405,1.080649566704649,-6.1141252517700195,3.734954357147217,6.1141252517700195,3.571723878383638,0.0,0.0010648711720456462,0.009933470084559965,-0.0492547867964488,0.049763019074545695,0.02824191832341413,1.0806495675127468,-6.114125431536391,3.7349543290790157,17372.147746021375,2089.153795038743,12420.307971350061,21844.50188097988,0.4973273171897795,0.18818908256120573,0.030964592841045645,0.9425516639687324,9.321946539023148e-05,2.1146457512808167e-05,4.987024898646407e-05,0.00013047424832407332,0.6790018863696929,0.4171879093510789,0.41563117706565994,0.36421824934936387,0.9791024905668245,0.16048424876710424,0.9078975755255168,0.13392166572942227,0.8978725404181319,0.1451304307952602,0.8699706342625165,0.1962454053588494,0.9770654136652516,0.6604853868484497,0.382752925157547,1.3123738765716553,3.302426815032959,0.8265625,0.01560862548649311,0.1464490294456482,-11.93164348602295,28.36820411682129,4.176726818084717,0.08540606498718262,0.0007,497.0,35.37501898332888,0.4407396740459604,0.06739559024572372,0.2723275273224044
269020.0,-0.046073267506694215,1.3955852559971555,-22.16210174560547,5.197230339050293,22.16210174560547,3.7954353857040437,0.0,0.00020715613504789082,0.012770877972976808,-0.08807741244245904,0.07114627234377505,-0.046073268558662485,1.3955852780590319,-22.162102535815006,5.1972302894261135,23062.697056726385,1325.207391551123,19401.93092124907,26431.23250974132,0.49629376709468315,0.1819420735262155,0.031501848236577396,0.9221564646966179,0.00014572718206846334,3.802583016587381e-05,6.158641497006125e-05,0.00022733169665058726,0.7018521910317058,0.4020201002622857,0.40162654731653286,0.29747945237736023,0.9724314747714321,0.17046688183423062,0.8410147809248444,0.1534179034289756,0.9134009453361244,0.17166916865978094,0.9202559590339661,0.20696659369965256,0.9321729189222648,0.671233057975769,0.4053431749343872,1.2412384748458862,3.3561654090881348,0.87109375,0.022429203614592552,0.11195535957813263,10.417938232421875,35.664642333984375,3.906714677810669,0.21397650241851807,0.0007,498.0,35.370795787880546,0.441340502927476,0.07067182660102844,0.26095335675253706
269560.0,-0.008591102648319469,0.8613025751322552,-6.7159318923950195,4.687800407409668,6.7159318923950195,3.548583424091342,0.0,-0.0003045868560479736,0.007838496740666702,-0.06876805518479845,0.035712302064278785,-0.008591102292650596,0.8613025640804495,-6.715931666852106,4.687800177054957,19687.671410674666,1556.9606101742484,17187.498914076634,23847.82730109524,0.5288935426295489,0.17879835680511572,0.08345871511654146,0.94554204838156,8.351075088116317e-05,1.9411428654102998e-05,5.0631919533234173e-05,0.00011596864033858313,0.696694503652849,0.40549648732163684,0.40721428900888906,0.2795315338359948,0.9377411534060451,0.1820886174528643,0.8680534737529569,0.16795932147551518,0.9309722718280808,0.16460663798351646,0.973191903528969,0.20581388925210922,0.8747689050223414,0.6786217093467712,0.4347047805786133,1.2209131717681885,3.39310884475708,0.90078125,0.019424324855208397,0.09037505835294724,-1.6657888889312744,19.45199203491211,3.7377147674560547,0.23942947387695312,0.0007,499.0,35.37276252381729,0.4966706596207415,0.07617785036563873,0.2964968774395004
270100.0,0.013646205936243792,1.1184405639244044,-8.765153884887695,13.302639961242676,13.302639961242676,3.445620930194859,0.0,-4.953644952830313e-05,0.010437643692734118,-0.08555943724615099,0.13133079958628419,0.013646206393815632,1.118440557407528,-8.7651537257965,13.30263989260688,16632.95820909686,1290.4667522598372,14589.618654171267,19495.02034595253,0.5178038320870897,0.16857347406558065,0.07934225571315948,0.9155838999616774,8.656876005469307e-05,3.185428020984574e-05,4.8551605801350785e-05,0.00016052657104391233,0.7273773442768598,0.3832433684081152,0.38355293403123486,0.23283941233628877,0.9117318970864045,0.1840703524474385,0.8574650207770521,0.1887647441813604,0.9774983657035822,0.19892282731078356,0.8439850918563625,0.19540266372412876,0.8699003081299697,0.7004183530807495,0.38379931449890137,1.1393790245056152,3.502091646194458,0.9546875,0.027165913954377174,0.06418002396821976,-8.072708129882812,33.887027740478516,3.5796587467193604,0.24172919988632202,0.0007,500.0,35.37519766410132,0.49492243808940234,0.05312593653798103,0.26047155542544886
270640.0,-0.029775284404685305,0.9027423845644004,-6.008964538574219,3.864670991897583,6.008964538574219,3.4989673113822946,0.0,-0.00042173703753795055,0.007938438990529512,-0.04897694548256241,0.031091595854875285,-0.029775284937851813,0.9027423781576158,-6.008964457168757,3.8646708886546843,16382.661418468268,1619.8965270356648,13549.437199270107,19091.188824615947,0.4881748639273781,0.18344260818322317,0.06726307911572385,0.9510556231214226,7.953219887276512e-05,1.566583159638631e-05,5.216211714483488e-05,0.00011333398410785153,0.738040446508514,0.37220940436337596,0.3742340825576091,0.1551108027055721,0.806598797635195,0.21771733746843697,0.9152526636909225,0.22861610035229443,0.9417573112713088,0.21673317783478666,0.8652405150842299,0.18182258163890988,0.9157011350628197,0.7465916872024536,0.33904844522476196,1.1201335191726685,3.7329583168029785,0.95625,0.027974631637334824,0.08137379586696625,18.452058792114258,47.30276107788086,3.6101131439208984,0.32195836305618286,0.0007,501.0,35.37178466408077,0.49047148412921165,0.0477776825428009,0.2929839968774395
271180.0,0.05198211968492143,0.9672534632523959,-4.259274959564209,3.974506139755249,4.259274959564209,3.3310104322433496,0.0,0.000716234322349739,0.00729232291405414,-0.02879800964601913,0.032984047367980746,0.051982120372033744,0.9672534647493899,-4.259274988982144,3.9745060619349277,17080.05597749473,2003.508828317085,14375.534239631748,20955.602929914032,0.5071962547486792,0.1772430318254016,0.06313551241302419,0.9544755869554039,5.701512845413839e-05,6.586988386583184e-06,4.339597659040255e-05,6.888628272358875e-05,0.7238477926848176,0.3829659196262101,0.3816313577662817,0.2284536285273033,0.933490484435595,0.19942518666510242,0.8591972645506084,0.17994178879739287,0.8417520187445839,0.2023989047903711,0.9113485891651124,0.18978049121983032,0.9251094432003653,0.7017055749893188,0.4330419898033142,1.2155705690383911,3.5085277557373047,0.94921875,0.030647825449705124,0.07219192385673523,-7.812673568725586,17.431901931762695,3.6003689765930176,0.4646402597427368,0.0007,502.0,35.37452736984913,0.49426224521819706,0.05536751449108124,0.31224385245901637
271720.0,-0.054697715313630865,1.345324904719997,-5.3104939460754395,14.219815254211426,14.219815254211426,4.412421374320988,0.0,-0.0006758132826726781,0.018235137100782787,-0.15849439946905375,0.16267825335125752,-0.05469771469385953,1.3453249149557311,-5.310493908517701,14.219815568561485,21486.331520550444,3948.3609339904733,10576.533023885771,26616.28052988474,0.493395277759275,0.1716238341090955,0.08054069639089922,0.9426250529770851,0.0001439899180439971,0.00016732008196946303,5.0459973065083444e-05,0.0006102335458141342,0.7239584493732901,0.3815313286093394,0.38479920452905275,0.22158596024621138,0.9409424684361126,0.1972675587427288,0.8255132429064128,0.1867406805832103,0.8548856307030205,0.20514885967285248,0.9108811439809912,0.18925694075499702,0.8196232654744979,0.7185980081558228,0.2864539623260498,1.2431728839874268,3.592989921569824,0.865625,0.04331361874938011,0.10089988261461258,23.29982566833496,91.93916320800781,3.8095145225524902,0.3256709575653076,0.0007,503.0,35.371473089478314,0.4924090604709846,0.05142896622419357,0.19989876073380172
272260.0,0.04630751040272622,0.7202617768597566,-6.236299514770508,3.3317348957061768,6.236299514770508,2.4559775519371043,0.0,0.0008726406679394596,0.011924266160868354,-0.05873184276977878,0.07472206568558684,0.04630751130251439,0.7202617736572101,-6.236299481277867,3.3317348704564536,16315.382959204726,1846.4160665669638,13293.392764458347,21316.07784795101,0.4937381373413222,0.1689317563540015,0.0689350280110338,0.9488362771758343,0.0003001311348080324,0.00013837843457113828,0.00013297353840864537,0.0005827978540060883,0.736906898759649,0.37455743027960975,0.37341616750421713,0.18443967197884173,0.8525775361335614,0.20753870862092047,0.9607325426913818,0.20582260408556605,0.9224218653136996,0.22531470415807683,0.9751401641813136,0.1768843111565949,0.9109083257133104,0.7213892936706543,0.41577309370040894,1.0972224473953247,3.6069469451904297,0.9953125,0.02228028140962124,0.05641089007258415,-3.29325532913208,2.520148277282715,3.4819393157958984,0.608015239238739,0.0007,504.0,35.37380690112861,0.4959973711357692,0.058566462248563766,0.2968628024980484
272800.0,-0.022729171927871734,0.8807822544240479,-10.631718635559082,2.4522721767425537,10.631718635559082,2.4340193796157843,0.0,0.00014108360341229587,0.007842281966005298,-0.06646149902257509,0.027717745089362478,-0.022729172608242195,0.8807822572600813,-10.631718755338001,2.45227221315698,20988.64609890543,976.8239643777525,18850.945287935316,23100.36878810734,0.47873245328381414,0.18090042055964958,0.0794907141943031,0.9513880170572033,9.454202678489546e-05,2.594818899341217e-05,5.271329414386801e-05,0.00014145715142218013,0.7425932247272558,0.3712137663343889,0.37231274005444775,0.15545343278290347,0.8393319232542251,0.20780450081156102,0.9005782858481955,0.234067801692987,0.8949292881508744,0.22029867401097364,0.8800266747542096,0.1823755907015749,0.9526465517419455,0.7545984983444214,0.3938494622707367,1.06207275390625,3.7729926109313965,0.990625,0.012382498010993004,0.07903958857059479,16.26766586303711,28.942190170288086,3.533021926879883,0.34401190280914307,0.0007,505.0,35.369219152598895,0.48666032271000914,0.048546262085437775,0.31725092701014834
273340.0,0.03945060195595337,0.9096717439026617,-4.459307670593262,4.250950813293457,4.459307670593262,3.4029935550689774,0.0,0.00043936620139147355,0.005515546611644882,-0.02735527466668895,0.04037306775243022,0.0394506029311837,0.9096717455141257,-4.459307830124562,4.25095078098611,22755.33858984164,1528.4931899362944,20954.743491470745,27294.66251113098,0.5037073628405311,0.17552827639109794,0.08658605980948567,0.9721426594504184,3.614619005221777e-05,6.888224558216386e-06,2.5150078744236363e-05,5.247088753079421e-05,0.7253610204615456,0.38201827009064315,0.3832275901065764,0.21189641135788254,0.8889403446652456,0.18920149913541515,0.8600968429876644,0.20279835036839117,0.952167621518572,0.2110459166385838,0.9574940173409608,0.18505782249972735,0.8514133521946777,0.7200912237167358,0.4148429036140442,1.1006362438201904,3.6004562377929688,0.97890625,0.025133555755019188,0.06104715168476105,-5.1465373039245605,25.019390106201172,3.498056411743164,-0.02805793285369873,0.0007,506.0,35.370721165770945,0.4970949281425769,0.07274557650089264,0.3270211260733802
273880.0,-0.03481082580520133,1.3671328319410805,-16.26021385192871,5.997000217437744,16.26021385192871,4.581751370429997,0.0,0.0003413518916794489,0.009747562429792685,-0.060531621534081995,0.05575581365792927,-0.034810826489375564,1.3671328490549428,-16.260214582665647,5.997000159901442,29024.76331113941,1167.5654337325702,25961.517268546366,32113.84390658081,0.5074138784652155,0.17713138637803003,0.05735610774571464,0.9729358374467406,6.640289197941171e-05,2.319077288725094e-05,3.677968110888705e-05,0.00012173350918857484,0.7321390534565075,0.37926634889526867,0.3765208502912269,0.19366389530401099,0.8555165016864643,0.19704147394766827,0.8717522440368205,0.20638531993913534,0.8567863636943628,0.20999609408665504,0.950275104644715,0.1929132167225303,0.8650227849559693,0.7080212831497192,0.33729347586631775,1.1973350048065186,3.5401062965393066,0.96171875,0.027880530804395676,0.0604456290602684,11.091201782226562,31.49836540222168,3.545597791671753,0.37972021102905273,0.0007,507.0,35.36975239933427,0.4960427620352327,0.058954764157533646,0.2739924863387978
274420.0,0.0035009760121856408,0.846690170043483,-4.3977274894714355,3.3531506061553955,4.3977274894714355,3.1794115686416635,0.0,0.00015686735557817746,0.007011308318412347,-0.03368816250264614,0.030068510209102565,0.0035009753362641063,0.8466901732056554,-4.397727411796425,3.353150556815697,30672.58747914319,2009.347945511983,27238.32181680195,36056.446324249555,0.4794006221926691,0.17807349710837073,0.03860856403549867,0.9159579745280328,7.239604410735604e-05,1.907685838595736e-05,4.827540369669621e-05,0.00011537741322487164,0.7410099411979023,0.3720829058556374,0.3727810847442152,0.2016483571899655,0.9139861728767931,0.19610685016482157,0.8545058051308317,0.20303169722855963,0.8458440343190172,0.22048394113252723,0.8724337381679756,0.17872915428412608,0.7759389992943257,0.7143971920013428,0.4262273609638214,1.1229833364486694,3.5719857215881348,0.98984375,0.02269953303039074,0.05257969722151756,0.012437219731509686,19.853822708129883,3.476547956466675,0.10998916625976562,0.0007,508.0,35.371297320185455,0.49333660736715357,0.07225864380598068,0.30703551912568305
274960.0,-0.007920875525343473,1.0914225090131857,-5.661384582519531,4.077576160430908,5.661384582519531,3.9171144723892213,0.0,0.00041097962657602995,0.008824188983658407,-0.03715939341326223,0.03436995459148023,-0.007920875478836275,1.0914225094027517,-5.6613845053943725,4.077576311545344,38248.552297106966,2880.043627644307,32752.511921659112,42996.79899755045,0.49751761442874115,0.18066584495580573,0.10943074229338187,0.960348849487354,7.031037910255722e-05,1.3690916130804159e-05,4.6737327088113935e-05,9.694628600169127e-05,0.7156993491292215,0.389074925840135,0.38844122264088765,0.2667961586514051,0.923366993746723,0.17100330782559703,0.8768013887166305,0.17531680208764094,0.8732142713074744,0.18998923144640528,0.8405265224779542,0.19689449998895164,0.9375594022552447,0.6922351121902466,0.34128493070602417,1.3210780620574951,3.4611756801605225,0.909375,0.03839418664574623,0.1015215516090393,3.8261682987213135,8.235799789428711,3.8253183364868164,0.6108843088150024,0.0007,509.0,35.37368177813954,0.41595880485647824,0.0534726157784462,0.24876805230288837
275500.0,-0.009075425682520425,1.1768609444501796,-6.801041603088379,4.40454626083374,6.801041603088379,3.7530211734771735,0.0,0.0009099603034138526,0.013654205893668092,-0.06328294289828192,0.06434982767259625,-0.009075425533867056,1.1768609441201234,-6.801041714889594,4.404546042327082,59737.658501211714,9778.389146645355,41631.881717959805,76913.61690686068,0.49525054975433935,0.1937324299605552,0.03601357805080732,0.9411799583686365,0.00014017675476578464,5.833905752648606e-05,6.444308006078506e-05,0.0002234128083113623,0.6782413519688799,0.4173074825434305,0.4189131098210951,0.3664908369019552,0.9624792959001298,0.15446232499397092,0.7657076076307952,0.12384954919365175,0.915607357059611,0.1400114681894104,0.7946932523058831,0.2151858207210118,0.9597553267824209,0.6631121635437012,0.30622151494026184,1.469008207321167,3.315560817718506,0.83515625,0.028529759496450424,0.16772282123565674,0.7035422325134277,38.010807037353516,4.46122407913208,0.12176501750946045,0.0007,510.0,35.366526917126095,0.4791417857312659,0.08606281876564026,0.21177302888368463
276040.0,0.019288888824128124,0.9608561250686202,-3.407613515853882,5.6043009757995605,5.6043009757995605,3.1061078166961678,0.0,0.0015408980889202247,0.015115898622465682,-0.048777058443839234,0.11043896362186821,0.019288889357422893,0.9608561230566165,-3.4076135116860287,5.60430092963645,109253.4697787976,24452.6673539767,65274.51968187089,149458.58633354568,0.4899951454195977,0.18991424494900064,0.034133030618374985,0.9323615563660009,0.00022479187490334957,4.0288732547608915e-05,0.00016649669741742844,0.0003070637300843669,0.6717054758681283,0.4210996823136434,0.42337353963038427,0.3713174022053843,0.9720749786341261,0.15675480380669263,0.9028683944850575,0.12402239409926549,0.9064776689726606,0.15312032196646763,0.8051990334356127,0.19478507792219002,0.9587850333177155,0.6648133993148804,0.320952832698822,1.4730879068374634,3.3240671157836914,0.83046875,0.026799220591783524,0.17780499160289764,-14.369622230529785,57.30220413208008,4.56246280670166,-0.007264494895935059,0.0007,511.0,35.36510473660217,0.3558447204529682,0.06028515473008156,0.1681303669008587
276580.0,-0.012397314567782881,0.9789485415948926,-7.539818286895752,4.21300745010376,7.539818286895752,2.880815992355348,0.0,0.0003092519664143259,0.010709925414045116,-0.05979074743242891,0.05482732017962977,-0.012397315810793551,0.9789485380520243,-7.539818146645539,4.2130073035988405,142260.39634372338,11828.2857039242,118837.80787507494,166581.48941384352,0.4861438865586769,0.18406553285962643,0.05542878996877401,0.9695867223137382,0.00013165750946232883,3.4271391336640676e-05,8.14093556359852e-05,0.00020593572892524763,0.671202554451306,0.421718565993345,0.4217352897263048,0.3767714312797751,0.9899468830795202,0.1565135397053979,0.8702503722722041,0.11450881651855115,0.752436743072481,0.1405655121979083,0.8473956083587811,0.21164070029836748,0.9278528636531579,0.6594535112380981,0.29632246494293213,1.4664334058761597,3.297267436981201,0.815625,0.021930836141109467,0.2009975165128708,-12.853468894958496,23.08962059020996,4.820535182952881,0.28640687465667725,0.0007,512.0,35.36762290350033,0.3882361595841129,0.08311014622449875,0.18490193208430913
277120.0,-0.023781066576150436,1.1340623394353047,-8.520543098449707,3.8181817531585693,8.520543098449707,3.636191174983979,0.0,-6.692419518193252e-05,0.017786502768081927,-0.08184160549083812,0.07166296617718546,-0.023781064870680324,1.1340623327784818,-8.520542863808714,3.818181786618906,160724.05021059347,17037.17030585109,109771.51245326268,197522.9275253223,0.4930722720686173,0.1871435090447173,0.0708986390909132,0.9100431036211756,0.0002705736493193881,0.00011782404490235237,0.00012617888930471476,0.00045951366657340833,0.677167451866563,0.4161274799556397,0.4195301878635832,0.3387836565288228,0.9565766167189629,0.1506539479498757,0.7790003956928819,0.15029927636102647,0.80846546198089,0.1360642702550802,0.7490711365636112,0.22419884890519481,0.8972170468192557,0.672033965587616,0.29268231987953186,1.4655112028121948,3.3601698875427246,0.84453125,0.04543498158454895,0.1774846911430359,-0.24459804594516754,14.533792495727539,4.623311519622803,0.5547453761100769,0.0007,513.0,35.37049900012607,0.4813959502566616,0.1810162216424942,0.0780823087431694
277660.0,0.009394338281749192,0.9014452379675053,-4.66389274597168,7.489849090576172,7.489849090576172,3.4955281853675855,0.0,7.287173145161771e-06,0.012886155118769766,-0.06527534892044357,0.09578448812949282,0.009394338021329047,0.9014452368930156,-4.663892529783674,7.489849189373528,138100.0600727567,8112.176457341079,110602.25621793667,158788.67402060787,0.4968714839235272,0.17925595178866993,0.07521166960850309,0.9359512586622464,0.00021666086822254218,5.966469878346448e-05,0.00012406751951503386,0.0003270231898386749,0.7067873711764894,0.3965865858075325,0.3965045126208499,0.3101572393010131,0.9665760682636433,0.1702664316490485,0.9046408157025683,0.16225836366353905,0.8304234162751154,0.167659250503184,0.7854052788132387,0.18965871488321528,0.8497145410923046,0.6784150004386902,0.3335159718990326,1.404810905456543,3.3920750617980957,0.884375,0.03803778812289238,0.12843796610832214,-5.62417459487915,7.1049418449401855,4.066354274749756,0.5254058837890625,0.0007,514.0,35.37666718785382,0.4387707350838913,0.06984122097492218,0.19991705698672912
278200.0,-0.01088689728220726,0.9707373548088533,-10.153983116149902,3.7252564430236816,10.153983116149902,2.8273645687103297,0.0,0.0004012050976177197,0.009328475807116692,-0.07469647014539992,0.041781134465734844,-0.010886896548680147,0.9707373479887579,-10.153982833060219,3.72525648842502,170787.09354510767,12096.51425052213,138600.3800654833,190861.81404095687,0.4961525920029079,0.17523206990244275,0.046153255805552136,0.9315137586223203,0.00010352663997507148,2.2291732485070242e-05,6.480355351562524e-05,0.0001499690730362844,0.6803155989310339,0.4125679744375295,0.41795012115131885,0.36540327180837456,0.9753009735477339,0.15301313932476227,0.8293406312026823,0.13485578651185426,0.8663967153894552,0.13675959433788729,0.9097898163720718,0.20996820801712157,0.9228559737540276,0.6577959060668945,0.321329265832901,1.343688726425171,3.2889795303344727,0.82578125,0.02175576612353325,0.18008877336978912,-1.277055025100708,17.81820297241211,4.536720275878906,0.24892503023147583,0.0007,515.0,35.38115326588234,0.4583852245009014,0.1191326454281807,0.21249878024980484
278740.0,0.020799074190425152,0.9221095258156974,-6.6495890617370605,4.799381256103516,6.6495890617370605,3.631541879177094,0.0,0.00023784527595872626,0.009046139490095235,-0.07390898452598714,0.04816852129050772,0.0207990757841962,0.9221095297776037,-6.6495891414460475,4.799381431825936,166307.13135619223,13575.662608630953,141250.34341483223,194081.58032751473,0.48828127067730603,0.18162234019139994,0.06874100359484933,0.9691202676993528,9.48223918235922e-05,1.388259906913817e-05,6.653762803950247e-05,0.00012347867465019376,0.6965101507980898,0.40032899863669247,0.40419433034908714,0.32215069744310054,0.9740579808874722,0.16657433931670332,0.8221385963637872,0.12737214165057106,0.860983771108992,0.17032104525545552,0.8630967834712338,0.2135817763341696,0.9517260712347694,0.6546500325202942,0.32386016845703125,1.2227939367294312,3.273250102996826,0.84921875,0.020062098279595375,0.14803987741470337,-19.241640090942383,40.25617599487305,4.2538065910339355,0.2830854058265686,0.0007,516.0,35.383239419487865,0.41928383962806925,0.061488255858421326,0.2339358899297424
279280.0,-0.029604190014544184,1.0758362440506684,-5.2477850914001465,5.58344841003418,5.58344841003418,3.7897269940376295,0.0,-0.0002867773762323801,0.008867865889020237,-0.051278129061710274,0.04592082078566108,-0.029604192023670307,1.075836244846052,-5.247784982499654,5.583448224462418,175453.41732740114,13816.461196877155,145563.97658141784,201468.9332480429,0.48889453762953855,0.1704099758617466,0.07767716887370202,0.9499027456023544,6.855770900283759e-05,9.823311040305842e-06,5.392174576347063e-05,9.626923577147443e-05,0.6868254486001316,0.4070389903843135,0.4101300397696441,0.33484642038472556,0.9913724332240759,0.16659793303128234,0.8451881394702189,0.11844517521269846,0.9264960202984445,0.14829201408350348,0.7527983798697561,0.23181845728779013,0.9458042563355087,0.6506432294845581,0.31277894973754883,1.218153953552246,3.25321626663208,0.8453125,0.020879194140434265,0.15551641583442688,-1.181087851524353,12.967705726623535,4.344459056854248,0.40075957775115967,0.0007,517.0,35.38816446528653,0.4557963180807468,0.07352543622255325,0.18786592505854802
279820.0,-0.016263463083844357,0.9942593880529946,-5.463160991668701,6.261565208435059,6.261565208435059,3.558227086067202,0.0,-0.00029109190728996814,0.008394721847840595,-0.04179287604372461,0.05506601137645146,-0.016263462354746284,0.994259384264131,-5.463160766829958,6.261565234219218,155232.59551567928,9096.524639895242,122920.08005591472,171147.67885445926,0.5134537181946935,0.18914879562091994,0.011782213581832771,0.948336873293507,7.241466147701075e-05,1.5051034774425461e-05,5.067339898548957e-05,0.00010627123577663529,0.6939053766117923,0.404221368407515,0.40772419391660647,0.2828960231847825,0.9520714960153834,0.1700801742937776,0.927421358936984,0.1659381101911559,0.8456003058403115,0.1535282158461957,0.8457352253802861,0.22755747648408825,0.9326328147742061,0.6672674417495728,0.3429971933364868,1.2437409162521362,3.336337089538574,0.884375,0.03472323715686798,0.12977544963359833,0.2937060296535492,14.110089302062988,4.057900428771973,0.38242828845977783,0.0007,518.0,35.392604100818666,0.41077741676926716,0.08208593726158142,0.1716127537080406
280360.0,0.02275548706648233,1.0577352894385654,-4.387945652008057,5.707876682281494,5.707876682281494,3.712024602890015,0.0,5.753686709131105e-06,0.0105389667767511,-0.050161420252924284,0.05475398267538643,0.022755487626560683,1.0577352861797844,-4.387945717541741,5.707876471135553,133115.79346540867,9041.762945861215,115242.7459219883,152505.20487571333,0.5011493340982188,0.17546670209814938,0.09151371041311673,0.9557604553737089,0.0001028697543120472,1.2009701244714929e-05,8.13966707528176e-05,0.00012669368967417114,0.707021626614069,0.3955932733746842,0.3965687252961318,0.2519423326468,0.9721766536055216,0.17468160208356961,0.8415870758200475,0.18377370857731393,0.8767586770741832,0.18163823951392394,0.8596910146691688,0.2079641171783926,0.8968018754835274,0.6851275563240051,0.33869311213493347,1.2062896490097046,3.425637722015381,0.9109375,0.03867090120911598,0.09858284890651703,-2.585742712020874,29.66497230529785,3.813631057739258,0.10772544145584106,0.0007,519.0,35.393845865963,0.4731991326407217,0.10515055805444717,0.18933572404371585
280900.0,-0.013997062332432338,0.7964922392555854,-3.9185619354248047,4.062865257263184,4.062865257263184,2.763867223262787,0.0,-8.478396825705679e-05,0.0058470497187912114,-0.029565763453305628,0.023288053850809284,-0.013997063402433452,0.7964922375588738,-3.91856200691264,4.062865236478117,128593.24749720417,6161.613396940445,117535.8116537397,140399.34568064348,0.5088008805988322,0.18541833723010703,0.1176058109658814,0.9483605791752701,6.0116794204293346e-05,1.995724470301577e-05,3.888021055196543e-05,0.00011152018904323823,0.6953609397878842,0.4051818681807293,0.4072967890245793,0.3010126589266427,0.9637344432140401,0.17892609504729218,0.8750236154595374,0.1500795961494622,0.8640339336319257,0.15290730931519167,0.8536163240760107,0.21707434056141123,0.8880965097097745,0.6596313714981079,0.410238653421402,1.1816961765289307,3.298156976699829,0.91015625,0.02068161778151989,0.11161817610263824,-1.039094090461731,23.828784942626953,3.894174575805664,0.08044201135635376,0.0007,520.0,35.39451894158691,0.4752973224327032,0.09890197962522507,0.2654786299765808
281440.0,0.008266494210585262,1.2330925499345542,-5.166928768157959,10.38383674621582,10.38383674621582,4.112887816429142,0.0,-0.0003351346701883222,0.011335405569064,-0.0540938072426573,0.0634094016697624,0.008266496076352839,1.2330925572327593,-5.166928785453415,10.383837152275252,107811.09066581381,8195.604417804734,84070.34733358999,121775.30997571518,0.5011475186391292,0.17500081047374516,0.06999182690562278,0.8926201171942889,0.00010112140319547281,5.0319462626359114e-05,3.7692096939075864e-05,0.00017970985886371036,0.7343108940073629,0.37510166887985685,0.3775736605727641,0.17700860093645665,0.8624242317597518,0.1915739786173629,0.8573106036076338,0.212968731520173,0.9428749837505173,0.210400984276444,0.8954547928825871,0.20804770464956346,0.8843579679349591,0.7212492227554321,0.31780266761779785,1.171761393547058,3.606245994567871,0.93671875,0.033621884882450104,0.0732419416308403,1.4658122062683105,13.051633834838867,3.6034090518951416,0.3682262897491455,0.0007,521.0,35.38833430818523,0.4808411736446526,0.06127172335982323,0.1797850800156128
281980.0,0.0357835027957292,1.002465694458396,-3.6994502544403076,6.1509318351745605,6.1509318351745605,3.480459864139559,0.0,-6.049380582536013e-05,0.01247757669623685,-0.07425094022972913,0.05715734615446818,0.035783502925706125,1.0024656955672322,-3.699450275157529,6.150931762293593,78396.88502584731,7783.438260119281,66068.87741110414,100770.91673538671,0.48083448587293603,0.18191543356725198,0.07679976513250938,0.9328612919785941,0.0001570085532308253,4.0845731464207874e-05,0.00010257882999513697,0.00023290797074075522,0.7356364718082886,0.37431284577999735,0.37561230375483196,0.19095334217038634,0.9095775305929306,0.18814199804380752,0.8452617777962023,0.20504500003204687,0.9123529972392146,0.22460039896829365,0.9653780060984603,0.1912592607854656,0.844426675377948,0.7299503087997437,0.35099416971206665,1.11040198802948,3.649751901626587,0.92265625,0.034665510058403015,0.08300843089818954,-7.297130107879639,24.82379150390625,3.6382174491882324,0.10207712650299072,0.0007,522.0,35.393301896761535,0.47727601298273753,0.0625847578048706,0.19400736729117876
282520.0,-0.008309015070564649,0.9305772728135683,-4.823646068572998,4.0945258140563965,4.823646068572998,3.303122866153721,0.0,0.00021923696156739975,0.008390167632648677,-0.036911370796722104,0.04507025334319959,-0.008309015900344005,0.930577273415915,-4.823646147469638,4.0945258000415405,93832.48538862125,3849.945226907063,81575.56803812683,99786.084073375,0.5035370695743333,0.18054510316248254,0.07295255202019635,0.9270819385834876,8.45150454963143e-05,1.5732372099305193e-05,6.462188863770974e-05,0.00011805830851600105,0.7249134920684425,0.3843399019999156,0.3816513120781828,0.2044024545714344,0.9444038735194169,0.2040392616527853,0.9026614613261422,0.20218335353052122,0.9285219901274969,0.2006189094906187,0.8496314919447265,0.18875602075464037,0.8264212535662998,0.7162567377090454,0.4028991758823395,1.1044666767120361,3.5812838077545166,0.98671875,0.028132354840636253,0.06135481595993042,6.131908893585205,10.735363006591797,3.5359411239624023,0.48704564571380615,0.0007,523.0,35.38823307552839,0.4763712368617258,0.06853648275136948,0.2391869145199063
283060.0,-0.010957273639117677,0.8813137837525756,-5.787203311920166,3.4514451026916504,5.787203311920166,3.061022565364838,0.0,4.037733877304188e-05,0.0069901592573122,-0.04181726511543511,0.02816597332700805,-0.010957274099053373,0.8813137803226576,-5.787203140271453,3.4514451327203677,99753.14088784119,3453.4837645675857,91761.98867957927,109213.73180598956,0.48849145431458524,0.17498076643017554,0.07834638373568743,0.9491766029732044,6.191268806822208e-05,1.3275627851799253e-05,3.517008979969388e-05,7.968485888430416e-05,0.731743797494628,0.38018660912099406,0.38128646283492434,0.1878209048935948,0.925303875430518,0.20186310633238755,0.8387555718254717,0.22015650963551428,0.8553152505150665,0.21311419597670161,0.8894674365508718,0.17704528316180174,0.9561058795982289,0.7248760461807251,0.423371285200119,1.0193302631378174,3.624380111694336,0.9953125,0.02056123875081539,0.05419226735830307,8.937597274780273,18.721073150634766,3.473128080368042,0.29447197914123535,0.0007,524.0,35.382607741757,0.466600551237421,0.059480804949998856,0.2695099043715847
283600.0,-0.0006870408324714474,1.1828433348608718,-9.489459037780762,8.386834144592285,9.489459037780762,4.295455241203311,0.0,0.00023615039020530814,0.00925736271664871,-0.06212551255014396,0.07829628957818278,-0.0006870419284813919,1.1828433448862277,-9.489459356391006,8.386834323045544,108700.70143991745,4550.216590607779,95051.89482106756,119073.45773918348,0.5128171107174229,0.18160483387766366,0.0618509829487855,0.9609828201960657,7.257916616809678e-05,3.633270794431772e-05,2.886858260496388e-05,0.00013298045576391488,0.7237690725952023,0.3855059278821384,0.3848638602542074,0.22349931214975147,0.8809872982595759,0.2019614062575987,0.8689541058593093,0.18436116638271408,0.8762286517929783,0.1952383613774358,0.9641050478633983,0.19493975383249992,0.8844144907107526,0.6992179155349731,0.3440563380718231,1.1550235748291016,3.496089458465576,0.953125,0.030276786535978317,0.06768549978733063,5.1372575759887695,26.000835418701172,3.595160961151123,0.1818363070487976,0.0007,525.0,35.3806930674271,0.4474540699290316,0.04463682696223259,0.21952454137392663
284140.0,0.027472028558151108,0.804191048608247,-3.7195687294006348,5.037850856781006,5.037850856781006,2.9604094648361228,0.0,0.0001500621126534403,0.005066269724446118,-0.028566566483241025,0.030608084710861436,0.027472030665726017,0.8041910512401412,-3.7195686981715963,5.037851063330675,107454.43267136185,6002.773120387817,99024.03226699217,120552.40519577284,0.4846338166111946,0.17366642520861886,0.0909535464388057,0.9131523063210764,4.1292934791236304e-05,1.4561391881675161e-05,2.24620488133514e-05,7.075106122191466e-05,0.7285356662010728,0.37825228134609984,0.3830705812375958,0.2722355401161034,0.9095186199454002,0.18263269747665858,0.8928781843447118,0.1773223283060531,0.8910503421682703,0.16853870242389407,0.8785367317608986,0.19927073167729084,0.8398726052967059,0.6804568767547607,0.43089303374290466,1.1877732276916504,3.402284622192383,0.94296875,0.022821631282567978,0.07902529090642929,-12.516752243041992,47.30076599121094,3.6742453575134277,-0.007637739181518555,0.0007,526.0,35.379418668067686,0.4577743430917517,0.06578055769205093,0.28438475800156127
284680.0,-0.04480648192685395,1.10929859702879,-10.782715797424316,4.232457637786865,10.782715797424316,3.5117829751968386,0.0,2.961222425206057e-05,0.006287788543511495,-0.05296923799739727,0.02927104066548536,-0.044806482742354166,1.109298601153145,-10.782715886726328,4.23245778990628,124352.48553925753,3897.0039658403216,114824.03261491327,133521.56631863717,0.5074944075386362,0.18012959552582847,0.04203391141711426,0.9636050604927947,3.5112465936611e-05,2.9683026173042548e-06,2.8050101358040038e-05,4.2819016628368825e-05,0.7119615025467263,0.3930991105699304,0.394079321850873,0.28110050877966075,0.9299908993345473,0.1768741617782981,0.8623166369136706,0.16643114732959063,0.9249648302900193,0.17717592945490607,0.8152419833625631,0.1984182526575444,0.8090766308687435,0.6739251017570496,0.41640326380729675,1.2299116849899292,3.3696255683898926,0.93125,0.01800018735229969,0.08732476085424423,10.52955436706543,21.067398071289062,3.7124428749084473,0.24785780906677246,0.0007,527.0,35.38034723597417,0.38780886701659906,0.04854322969913483,0.26371609094457454
285220.0,0.03559189667716122,0.9694674525910374,-5.023313999176025,7.132626533508301,7.132626533508301,4.1410844373703,0.0,0.00027281660022701273,0.007321859318286332,-0.03603012932323161,0.05393806215986183,0.03559189784383242,0.9694674536277397,-5.02331385917533,7.13262662952969,124257.33614380183,6096.088457636652,106613.11203253618,137201.4472065526,0.5040237525044557,0.18492166722045517,0.06418037877837966,0.9516690607702478,5.666698898418407e-05,1.8485346520621405e-05,3.1254788739662304e-05,8.933877031836842e-05,0.712029207825764,0.3901146531498472,0.3941022680910608,0.2800573140026202,0.9370029116613307,0.17988730007916945,0.9126559980412869,0.16340779888028809,0.9119914753139178,0.1626782142697798,0.948821997226104,0.2139693727681424,0.8258462000251359,0.6745043992996216,0.4049035310745239,1.2584110498428345,3.3725218772888184,0.9390625,0.02380199357867241,0.09444840252399445,-14.935047149658203,30.404163360595703,3.7542033195495605,0.35727858543395996,0.0007,528.0,35.38362621642629,0.46189746884075333,0.06439696252346039,0.2688207455113193
285760.0,-0.024056086159328482,0.9290348570286203,-10.256470680236816,4.419872760772705,10.256470680236816,3.061321613788609,0.0,-0.0001724621406546851,0.0049816435371517415,-0.05093728414730546,0.025012034839632973,-0.02405608696769803,0.9290348574049511,-10.25647087719628,4.419872782294205,124509.9354000027,4271.8367697940985,116226.6650329843,136769.982700631,0.4976189714747165,0.17835995200761004,0.06558260120827797,0.9748043422877374,3.005859179931597e-05,7.337334806617927e-06,1.751102775231357e-05,4.719009523203762e-05,0.7210504923116017,0.3857542069151452,0.3867580757831944,0.24300510565132083,0.8444118476163265,0.1763500270484131,0.8493211359190264,0.17646574151473568,0.9804265391255836,0.1802752382295505,0.8741564374437777,0.22390388755597995,0.8776810062219038,0.6777657866477966,0.479610800743103,1.0779849290847778,3.388828992843628,0.97421875,0.017152035608887672,0.07074954360723495,-1.0422443151474,15.960853576660156,3.608208417892456,0.08017462491989136,0.0007,529.0,35.381487978390254,0.4722556084484488,0.057289909571409225,0.2924899980483997
286300.0,-0.016475309085756264,1.1041727321255816,-8.195661544799805,6.7663702964782715,8.195661544799805,4.678729820251471,0.0,-0.00020366145659974147,0.006688167631092553,-0.06678212474826874,0.0378318879920709,-0.01647530799962756,1.1041727264828038,-8.195661376731591,6.7663701193198005,113126.06725668375,4537.471869812814,105114.89720324143,124421.5139404833,0.5031314617637777,0.18358158787465248,0.045859425470268486,0.9048599505577394,3.745900461758629e-05,8.451240889905514e-06,1.5677799364766954e-05,5.051528256582001e-05,0.7141483708458791,0.39359577977438837,0.3926193964854849,0.2475082327013227,0.8913996161130491,0.1806288344579722,0.8764911945280232,0.18292563108981616,0.9234770848651008,0.17374772621417373,0.9283870388885942,0.21518957553671522,0.8703218252115026,0.6804172396659851,0.43179333209991455,1.1971555948257446,3.4020862579345703,0.94609375,0.02603839337825775,0.08261425048112869,-0.8077178597450256,22.30556297302246,3.68855881690979,0.255016565322876,0.0007,530.0,35.38554802575566,0.4572760879394161,0.07416015863418579,0.2642466822794692
286840.0,0.007728374816360883,0.9355287796764037,-4.931151390075684,8.49372386932373,8.49372386932373,2.9627149200439487,0.0,-8.063501027817461e-05,0.0039789314258361986,-0.024972021021250075,0.031712328860386954,0.007728374111808705,0.9355287823863826,-4.931151164119247,8.493723740131909,106846.87655749131,3337.77978483741,98362.2757509726,112304.79741979802,0.5132147648183002,0.18252659557369635,0.028226756946047427,0.9360616826165646,2.156530584995508e-05,6.034285546298118e-06,1.2299507925568018e-05,3.769607245944044e-05,0.719569872310303,0.3850022601132788,0.38948680186432216,0.22592862649485287,0.9047474589504089,0.1736904611358013,0.8052169406075741,0.1910870469559579,0.8660434524810102,0.19781743970334506,0.936076081651445,0.21147642571004283,0.8586529553590827,0.6879566311836243,0.4514506757259369,1.0343528985977173,3.4397828578948975,0.9953125,0.021113179624080658,0.0639408528804779,-0.3703748285770416,9.93114185333252,3.5570552349090576,0.4464540481567383,0.0007,531.0,35.39310514323276,0.4479532218683597,0.05884459987282753,0.2779322794691647
287380.0,-0.011190075133129506,0.8907032129312434,-4.064276695251465,6.264219284057617,6.264219284057617,3.5038093471527114,0.0,-8.571447896662497e-05,0.003624578497848461,-0.01890160301797847,0.021648494567728962,-0.011190073857608588,0.8907032116327506,-4.064276506970723,6.264219328803848,101820.6559481982,2196.483744143979,95807.776546644,107417.98444928834,0.5132735012681934,0.18662185260059955,0.0959195538245683,0.9788398761701335,1.6871350680249313e-05,2.904093413809766e-06,1.1444070123436835e-05,2.3519136967532483e-05,0.72373222901217,0.38789801941298097,0.38710794727612013,0.1761786824873755,0.9227071905976356,0.2056691074034091,0.9221151761241694,0.2017461367237718,0.8542207181143789,0.21982126468696273,0.964616616354049,0.19658480869848086,0.8447093382327165,0.7171568274497986,0.47922757267951965,0.9640465974807739,3.5857841968536377,1.0,0.017568673938512802,0.04557042196393013,7.298328876495361,20.78697967529297,3.442657232284546,0.2575753927230835,0.0007,532.0,35.38878900425991,0.4839766283927299,0.07029905170202255,0.31572014051522246
287920.0,0.029953298136954094,1.1460844102440821,-9.396080017089844,5.027188777923584,9.396080017089844,3.9902880048751856,0.0,0.00038758134679237874,0.0050419818346438845,-0.027657735786868948,0.02685202572504526,0.02995329705383581,1.1460844158479833,-9.396080320274631,5.027188960647492,114108.2802815187,6655.8053141468545,99573.60922207483,124155.39990003973,0.5035581868710067,0.18069223908012153,0.040515809160168496,0.9699111083426357,2.1165076476646482e-05,5.129196984633123e-06,1.0294025456758273e-05,2.784708720278237e-05,0.7297717140535118,0.3809083676116565,0.3778012336447652,0.2400497070493083,0.9443345489348591,0.18517860250680457,0.9309365014592335,0.183794508515813,0.8037643764699824,0.17421059498287952,0.9826418497477005,0.2167665869451946,0.8446250575415366,0.687965989112854,0.456705242395401,1.1214733123779297,3.4398300647735596,0.978125,0.020823992788791656,0.05177903175354004,-1.1355427503585815,21.427202224731445,3.528435468673706,0.1271597146987915,0.0007,533.0,35.39085568225129,0.49527851064842326,0.09085383266210556,0.28983094262295084
288460.0,-0.021548193422387594,1.1732174145781804,-11.057832717895508,5.337553024291992,11.057832717895508,3.5783121705055247,0.0,0.0001366248376327485,0.0060695341183911585,-0.053689462480730164,0.030173704469801974,-0.021548193290129265,1.1732174220708478,-11.057833163180083,5.337553136815598,130212.5379127088,3876.3151497171716,121028.56715773708,139503.8407309149,0.5020834189867518,0.17866028287765587,0.04319493438983863,0.9342036290110252,2.8063772791513757e-05,8.385603019667197e-06,2.0365681621833265e-05,4.783678509135153e-05,0.7326510550581341,0.3794520088660577,0.3766561089703368,0.23976446940179277,0.8771283121133616,0.17464241771002967,0.8227821077027305,0.1901027007178246,0.9053443661841151,0.1908757298796895,0.9249861709344523,0.2046146822906635,0.9485343446851725,0.687555193901062,0.4400576055049896,1.1492173671722412,3.4377760887145996,0.9734375,0.02536987140774727,0.06269136071205139,10.624046325683594,19.102670669555664,3.577180862426758,0.45448434352874756,0.0007,534.0,35.389764409479646,0.4787964604611603,0.06741619855165482,0.2923314305230289
289000.0,0.0565211962578663,0.8882759574297624,-5.0518693923950195,4.189690589904785,5.0518693923950195,3.1956838059425396,0.0,0.00043049150323088304,0.00517744436864742,-0.03380078618714267,0.028876308125920125,0.056521197873271575,0.88827596146998,-5.051869382093886,4.189690823655244,132145.7676841403,10787.224928885975,117802.25725861033,163682.0056241509,0.4928894216918556,0.18725602485314394,0.05690568307262054,0.9634030735352863,3.290401259934055e-05,5.787903494499842e-06,2.4620328760395543e-05,4.6647049613870496e-05,0.7172518698067837,0.38751824257733414,0.390997999908994,0.25460573260575,0.9637716852635769,0.17910804869945476,0.8407575168705443,0.16513317832604574,0.8845466696632283,0.18423594286793188,0.9579666229024104,0.2169170975008177,0.938729570948209,0.6807706952095032,0.4354836642742157,1.107380986213684,3.403853416442871,0.9859375,0.023341912776231766,0.06992447376251221,-21.0262451171875,55.93143844604492,3.609464406967163,0.08918333053588867,0.0007,535.0,35.390859980311646,0.48249703795892884,0.06421402096748352,0.2743462138953942
289540.0,-0.04798210928317901,1.2381783852839081,-16.660219192504883,3.6898622512817383,16.660219192504883,3.4503770637512226,0.0,0.00041553738918776264,0.007988593328462468,-0.053024682779086146,0.04388253949179041,-0.04798211024914225,1.2381784058670735,-16.66021999372305,3.689862274563525,191915.2643720952,8641.881831712531,162739.0755524298,206422.03925467585,0.5015039608621041,0.17760712945780427,0.06751270173019872,0.9108517968934478,5.7672112267190274e-05,1.4236885422430393e-05,2.9033336309478196e-05,8.500674257006444e-05,0.698954996168875,0.4013092444268116,0.4054089576898015,0.2920611151610063,0.9777325549231553,0.17700698639885193,0.8574120554056289,0.15297478100421702,0.8666477307067145,0.1571113232279802,0.9364249653941488,0.22084579420794448,0.8826309113714504,0.6597904562950134,0.40813717246055603,1.1626747846603394,3.298952341079712,0.9078125,0.024396782740950584,0.1214805543422699,12.403651237487793,38.362918853759766,3.953080177307129,0.25381553173065186,0.0007,536.0,35.39154380112379,0.41533673098539364,0.04829570651054382,0.20446062646370022
290080.0,-0.002432699765806858,0.9487311781853877,-5.152793884277344,4.203219413757324,5.152793884277344,3.99479271411896,0.0,-6.31853900259002e-05,0.0070250857405607355,-0.041666325145294565,0.03160033621852141,-0.002432700175230474,0.9487311808854648,-5.152793898727881,4.203219639756645,180838.01470272694,5707.192121452392,167143.9457462779,195832.675064014,0.5205225896417421,0.1791612171221237,0.07843317553046622,0.9592573733555146,5.433635624280124e-05,1.4165962090596707e-05,3.26335888868168e-05,8.159731794600291e-05,0.7088484082953527,0.3953935349996363,0.3961497491217091,0.2488492408262605,0.8711272688661468,0.17491967473977088,0.947039458958745,0.17529466292856127,0.8386243417755597,0.17232059586145723,0.7901769022865299,0.22861582564395005,0.9580143002120852,0.6695326566696167,0.40803226828575134,1.1309585571289062,3.347663402557373,0.965625,0.02760707400739193,0.09569288790225983,-11.226383209228516,16.289955139160156,3.759664535522461,0.4562574028968811,0.0007,537.0,35.39006667074934,0.4832984574636584,0.08632951974868774,0.2189817525370804
290620.0,-0.019242071907501667,1.0774299630599773,-10.353161811828613,4.91495943069458,10.353161811828613,4.715361218452455,0.0,-2.2385343924882334e-05,0.005809003860923183,-0.04486208839021683,0.028435807536981193,-0.019242074170973643,1.0774299716569304,-10.353162063966073,4.914959266629891,192489.42272134832,7358.9112096832505,168686.7948155039,206716.96853676383,0.5009247993213236,0.17545901411100168,0.05246785340844068,0.9144242822730361,3.0029622007949802e-05,6.269895585093345e-06,2.1883802199346495e-05,4.753291376774623e-05,0.7204288944764526,0.3835947489268788,0.3886779967843858,0.2293357430891334,0.9719648377491995,0.17738667380736273,0.8410342374864698,0.18689919206044495,0.8474631372997505,0.17712695140041876,0.7776399341706924,0.22925143964264016,0.9442209377161843,0.6819528341293335,0.381258487701416,1.084915280342102,3.409764289855957,0.9796875,0.028673607856035233,0.07886649668216705,6.567646503448486,19.400373458862305,3.640343189239502,0.39130645990371704,0.0007,538.0,35.39199951297113,0.4867578931295039,0.07689083367586136,0.20987021857923496
291160.0,0.014577299945759242,1.022427882040483,-7.165393829345703,6.797069072723389,7.165393829345703,3.96114319801332,0.0,0.000181472801972002,0.00815741331451463,-0.09335075657212875,0.04825169885173621,0.014577299648241884,1.02242788041694,-7.165393736783754,6.797068958679526,191892.9673431775,10695.483450331585,155080.33102323956,208782.95169840718,0.49186456467660294,0.18206533450720352,0.07580328969642387,0.9364724423083803,5.9094242701235527e-05,2.6104913731016593e-05,3.132601243815653e-05,0.00010797509977251909,0.7222463534318324,0.3844366744499266,0.38602386995706683,0.2523340335100563,0.9024073359697067,0.17504024002411328,0.8667750931112204,0.17141703969133829,0.8707932194591486,0.19005251877222668,0.9003327732064299,0.2111561680022655,0.8227226855151295,0.6814804077148438,0.3526805639266968,1.0891884565353394,3.4074020385742188,0.97109375,0.03067118488252163,0.0796658843755722,-2.3837287425994873,25.069751739501953,3.6665682792663574,0.35382431745529175,0.0007,539.0,35.39476061557703,0.4859984123763135,0.1069156751036644,0.1989961455893833
291700.0,-0.007625323146391936,0.8019923633199347,-3.683289051055908,3.189345359802246,3.683289051055908,2.5527102470397964,0.0,4.904791320843264e-05,0.005090814598355107,-0.026575402123797377,0.024025221712949435,-0.007625323433884454,0.8019923641950103,-3.6832889844010506,3.189345381769174,199843.39969196857,6679.789417099696,187115.68719413123,215810.55652581976,0.5023620207462043,0.17551095293183008,0.0319361336163724,0.9105474328050134,4.049900247428053e-05,1.1644469122747016e-05,2.3077585322878127e-05,6.232718572065371e-05,0.7307916402680216,0.37992147467728826,0.38030283676244114,0.17962541783846728,0.9450638740377842,0.19548450734023665,0.8324494694329035,0.21738322401093735,0.8722504765755471,0.19710069609126216,0.9328722953796387,0.21040615471909654,0.8550094263726701,0.7099950909614563,0.45236122608184814,0.9953638315200806,3.549975633621216,1.0,0.023259568959474564,0.052686262875795364,4.917124271392822,9.791084289550781,3.4903769493103027,0.3584684729576111,0.0007,540.0,35.394157180713755,0.4941752288515963,0.07105700671672821,0.28024370608899296
292240.0,0.03253787373175362,1.129532700023701,-6.414622783660889,5.050022602081299,6.414622783660889,4.025361549854284,0.0,0.0005826082848456421,0.005984851489829714,-0.025081938043217657,0.03138095371172018,0.03253787220856398,1.129532708212752,-6.414622777604812,5.050022504167671,233377.76110650957,19173.994006800476,202060.92578576668,280214.9363086927,0.5010247362443019,0.18007362926242448,0.06707196091152226,0.9336435668275966,2.8070044773077255e-05,8.66321621699188e-06,1.9389695583563045e-05,4.708614993001983e-05,0.7162979513827578,0.39057547180820834,0.39048769412745343,0.2288360654097169,0.9693558397497924,0.17775544854689448,0.9246739248128143,0.17383071421599794,0.929712772802316,0.18156334155259526,0.8769639599775678,0.23801443027479538,0.8854203446563047,0.6681937575340271,0.42181089520454407,1.0785020589828491,3.3409688472747803,0.98671875,0.022369232028722763,0.07084199041128159,-9.585287094116211,39.94468307495117,3.6425588130950928,0.2458651065826416,0.0007,541.0,35.393999983327944,0.4970039203724448,0.07073664665222168,0.2581235362997658
292780.0,-0.030340977713758883,1.0303174416348153,-6.234710216522217,5.861455917358398,6.234710216522217,4.600910110473642,0.0,0.00013002451445963685,0.008852611977955368,-0.04466572389871493,0.0682748504465069,-0.030340976655950952,1.0303174449689676,-6.23471040081206,5.86145590501909,286903.82072938693,14930.964364712314,246821.5700970633,320365.9780921084,0.5000186050014621,0.1826460008828341,0.06233388483528908,0.9223814934977836,7.387810062926364e-05,1.7837720843892005e-05,3.9527274058463995e-05,0.00010938216572161722,0.6995299098041686,0.4011405995235897,0.4015558980602651,0.2964314444160219,0.9412856683695946,0.16112925340937737,0.9046084779730982,0.1638845668303989,0.8647053684765454,0.13667723048616526,0.8472758495775846,0.24187750485803655,0.9189364951709624,0.6514166593551636,0.39314305782318115,1.1260805130004883,3.2570831775665283,0.94921875,0.020858608186244965,0.12498109042644501,-1.4638972282409668,17.080551147460938,3.9767329692840576,0.3785490393638611,0.0007,542.0,35.39328303576287,0.4810563174520934,0.09278588742017746,0.1801632025761124
293320.0,-0.001004799704457616,1.0159006423529398,-6.941908836364746,5.704143524169922,6.941908836364746,3.351531484127045,0.0,6.775028540149692e-05,0.00817825291153143,-0.0643509430574363,0.04416865456800326,-0.00100480016758989,1.01590064485837,-6.941909036949586,5.704143396216852,285696.0171447338,11027.845288053248,252683.21622151358,306928.2290782377,0.5007907673204399,0.183583175088014,0.05167542607913583,0.9507320201076231,6.592647930260659e-05,1.4244630519407018e-05,4.8564609990814185e-05,9.99650599829268e-05,0.7134574215189757,0.39061699092059166,0.38997646016506976,0.2577478612412271,0.9373595202956573,0.17538004397783052,0.9082393583576924,0.15549525074077028,0.8858644277058457,0.17113563633209314,0.9230363216195817,0.24024120770807889,0.8597632678589346,0.663181483745575,0.3821834623813629,1.09236478805542,3.3159074783325195,0.97265625,0.026847820729017258,0.1031363308429718,-5.490323066711426,13.259098052978516,3.8135428428649902,0.35646581649780273,0.0007,543.0,35.39312122367796,0.4859798049352167,0.0857900083065033,0.17654054449648712
293860.0,-0.047235302833184875,1.0159652836541713,-5.2233967781066895,5.683454990386963,5.683454990386963,3.7119980263710044,0.0,-0.0005517993117213415,0.008430497480186882,-0.048091811757614907,0.04403836152826444,-0.04723530228577044,1.0159652868059859,-5.223397003691415,5.68345516342212,258627.94907619854,16376.867535628517,214256.7565607199,301125.8161584935,0.5054825324280232,0.1763738147455418,0.06583454417501088,0.9485005419431534,6.903253646790904e-05,1.6352902054858234e-05,4.604974750301892e-05,9.96635226508638e-05,0.7335743730663709,0.3780705000002307,0.37722609860438067,0.1926408753824102,0.8385232493131862,0.19442963225649168,0.8803766205836717,0.21193476926070998,0.8987950706733558,0.20108098952681738,0.895593729044044,0.19991373357357078,0.9049696222762776,0.7132457494735718,0.3671739399433136,1.0675506591796875,3.5662293434143066,0.9921875,0.0251289214938879,0.05366060882806778,16.0945987701416,34.9234504699707,3.5097248554229736,0.22720569372177124,0.0007,544.0,35.389983410928636,0.48540173425734207,0.09533397853374481,0.2231898907103825
294400.0,0.06333188759437891,0.9659408006573728,-4.5977888107299805,8.617892265319824,8.617892265319824,3.0796792674064655,0.0,0.0005788596772869935,0.006907167330065523,-0.026511286373846393,0.060147048608989076,0.06333188676716751,0.965940802059854,-4.597788622764919,8.617892512422967,255965.37028499914,19474.127241596943,213264.0100198542,294549.58244079194,0.5050122672572066,0.1694054443081647,0.05580087414328204,0.9583431823547656,5.603064062098462e-05,1.5644057482415442e-05,3.6750830860924995e-05,9.262792052180942e-05,0.7320529279760878,0.3757900759274423,0.3804750073111578,0.19610213201304308,0.9790217972708566,0.19863782553709217,0.8983305155134428,0.1896099552136423,0.7980817181029107,0.2110006116560772,0.8462232414803538,0.2046494755801452,0.8962795623022197,0.7007154226303101,0.3909643590450287,1.0972661972045898,3.50357723236084,0.9796875,0.02913956344127655,0.059314340353012085,-6.3402838706970215,12.076873779296875,3.5470471382141113,0.5024813413619995,0.0007,545.0,35.39394472449873,0.4830989694991752,0.10902362316846848,0.21651175839188133
294940.0,-0.07741787098693075,1.813971952353619,-14.544591903686523,9.165103912353516,14.544591903686523,7.553373532295232,0.009259259259259259,-0.00039273302438066555,0.024368730281057432,-0.11689541688903721,0.15447382158354694,-0.07741787107120769,1.8139719620821546,-14.54459225379352,9.165104299752658,79190.72984383472,119335.41386898264,6432.481538591286,298784.88453301287,0.4994927343724351,0.18155950091744838,0.04372773637363614,0.9984521698869766,0.0003220469280092186,0.000254351198001399,6.416755927423919e-07,0.0007432779903670463,0.7050410322934336,0.39751029528147586,0.3992775745160529,0.2840286124537005,0.9531168045175189,0.17073318868299006,0.8389775351337774,0.1562299710065083,0.8600701173773978,0.17465864186505797,0.8725383246365417,0.2143495859917431,0.9111305313478916,0.6800322532653809,0.3572721481323242,1.3724819421768188,3.4001612663269043,0.90859375,0.03791162371635437,0.10165354609489441,10.594565391540527,38.15018844604492,3.8959743976593018,0.2820543050765991,0.0007,546.0,35.39201355830509,0.492223010653491,0.10327321290969849,0.164184475019516
295480.0,0.015216382619541105,0.805342735688612,-4.559969902038574,7.5360188484191895,7.5360188484191895,2.4796817469596864,0.0,0.0005179194373105788,0.01508580347370277,-0.07282855438665714,0.1078897442731092,0.015216381861318126,0.8053427307816673,-4.559970019809117,7.5360186233748525,9051.370191330554,659.7848305119338,7497.951431698375,10251.520041112792,0.48793044446903217,0.18011087738303627,0.057724063703676276,0.9406810970217839,0.0004060044922746125,0.0001497259261705963,0.00025350546545859675,0.0007471993795113366,0.69137166466816,0.40613981861891263,0.40933959053891195,0.33932209823072085,0.9777943350676672,0.15101204620075076,0.7333142511553009,0.16338063714492682,0.8386455991048509,0.13678962019434995,0.8646452132989184,0.2094955982292516,0.9174663657268858,0.6643206477165222,0.36406710743904114,1.3464738130569458,3.321603298187256,0.8421875,0.021828269585967064,0.14942821860313416,-8.352931022644043,11.804649353027344,4.215480804443359,0.37248194217681885,0.0007,547.0,35.40315868962364,0.42709098689917735,0.08446457982063293,0.2101080698672912
296020.0,0.005814629440256222,0.8536492163976657,-3.8049910068511963,7.734874248504639,7.734874248504639,2.635019030570985,0.0,0.00026635968665786574,0.011341746182076033,-0.03993619886974443,0.09581061998048922,0.005814628536545388,0.8536492136836511,-3.804991090574783,7.734874184374325,9169.873555839087,1112.72821922932,7237.702009722033,11136.82106595957,0.5045465799313648,0.18186246477558304,0.08402699343523576,0.951313828443136,0.00018246438307023514,4.741521245618321e-05,0.00011129829291146127,0.0002689371120139654,0.6887676968245227,0.4092557227496608,0.4115161286222449,0.34922255383462025,0.9763250066235878,0.15856035967178483,0.8989463027245403,0.14602334037149528,0.8302645698753457,0.15322703681760452,0.8677711749473244,0.19296670930449517,0.8628867173131743,0.6697899699211121,0.3972988724708557,1.3310654163360596,3.348949909210205,0.85,0.021946903318166733,0.13628706336021423,-10.676745414733887,29.614137649536133,4.081566333770752,0.04568964242935181,0.0007,548.0,35.40431794664793,0.4213975164624638,0.061867356300354004,0.2604227654176425
296560.0,-0.02801115138378615,0.9931964987350659,-5.7365241050720215,4.475441932678223,5.7365241050720215,3.4014182233810426,0.0,-0.00036348129567437704,0.00992351976253472,-0.06315511389998961,0.04420848337524532,-0.028011151794387273,0.9931964990950651,-5.736524082561798,4.475441721845725,9221.866448096505,508.6513290496688,8169.427576198696,10434.322240482004,0.5118178945844019,0.18098038809169706,0.04308923299170027,0.9401002100110265,0.00010186229065443861,7.962893407152458e-06,7.971299154360522e-05,0.00011988626135630839,0.7017357444408724,0.40348568024023684,0.4000397827111978,0.30711301442242245,0.9766070991379266,0.18193738197688533,0.9424159450026792,0.16261834640759992,0.920221878784075,0.15253060933163745,0.7555799431805971,0.19580064786145487,0.8411422016705598,0.6746166348457336,0.4264972507953644,1.2750654220581055,3.3730833530426025,0.86171875,0.022512217983603477,0.11592268943786621,3.5839731693267822,12.50595474243164,3.929316759109497,0.1990039348602295,0.0007,549.0,35.39763839809873,0.46181089946745457,0.08087076246738434,0.28864778493364557
297100.0,-0.011672652708323397,0.969526098158848,-4.6669721603393555,11.432714462280273,11.432714462280273,2.9476868009567263,0.0,-0.00033987600269992267,0.0085238468184129,-0.038441205793784294,0.08836817085922485,-0.01167265057986609,0.9695261061693563,-4.666972377973643,11.432714776917294,7724.726309982545,304.0258903709218,6697.826909168757,8358.096165668632,0.5074025948208393,0.1750943784199938,0.040621762060729635,0.9468450910899784,8.774407293574974e-05,2.614494675901882e-05,5.315257259950651e-05,0.00014510677513143207,0.7120903251845755,0.39429158338795406,0.3928722880245302,0.2885435627278785,0.9335011083526288,0.1816986591241534,0.9306084069289706,0.1696112963848194,0.8979951339966918,0.16678023202279635,0.8831595972782424,0.19336624974035238,0.9761825909038923,0.6786640286445618,0.4309520721435547,1.2422906160354614,3.393320083618164,0.90078125,0.02139616571366787,0.093654565513134,4.4258317947387695,15.136845588684082,3.7496562004089355,0.21117252111434937,0.0007,550.0,35.39801200733707,0.4659845407264481,0.05376973748207092,0.2893491412958626
297640.0,0.03488505421154076,1.0670060374350843,-4.552396774291992,6.947649955749512,6.947649955749512,4.209352731704714,0.0,-0.00015850070109240075,0.011104508590189984,-0.07411079333134557,0.0552630607284243,0.034885054916034,1.0670060378695032,-4.552396735485477,6.947650114279212,5861.928985234043,336.8646128436927,5085.868650379654,6747.14419432384,0.5164636996501649,0.17040437613518863,0.07770326071449886,0.9254292011296232,0.0001114441373472721,2.1295687730723717e-05,6.0704278053695764e-05,0.00015087736726664093,0.7274883437739871,0.3818545583919732,0.3820317567114568,0.22922120523726894,0.9044056410405001,0.19781478242834044,0.86656194441079,0.18813710601493122,0.9264095681206169,0.19500614730709,0.8790262974385343,0.18982075901236944,0.8917102989157476,0.7082505822181702,0.40735313296318054,1.1085608005523682,3.541252851486206,0.96328125,0.028400078415870667,0.067182257771492,-4.007114410400391,15.270564079284668,3.549898147583008,0.4214860200881958,0.0007,551.0,35.40315677409323,0.49004283980088115,0.0395716056227684,0.2816403200624512
298180.0,0.001531332024455036,0.8172052352728821,-6.9249725341796875,8.908063888549805,8.908063888549805,2.7449260497093206,0.0,-6.434966783699167e-05,0.00621372914809763,-0.04812434887398282,0.05949906144723982,0.0015313335855735215,0.8172052416729161,-6.924972491294541,8.908064261006631,5696.304073351893,179.0790021390404,5298.257536185528,6062.134078766995,0.4952040848203852,0.17623213547356179,0.07342072693048732,0.9110146652826288,6.107196416290708e-05,1.7937082909054975e-05,3.1056085009693975e-05,9.275043243086684e-05,0.7360102941887952,0.37485994595828703,0.3757475330456857,0.21414078534610104,0.9199705582861519,0.19185290449012252,0.8693861210293837,0.20552376721906238,0.903436218713067,0.2054810854697953,0.8257606106448535,0.1830014574749187,0.8871842093953961,0.7131765484809875,0.4124845564365387,1.1147023439407349,3.565883159637451,0.9875,0.025077173486351967,0.05837703123688698,5.832965850830078,11.936429023742676,3.5027754306793213,0.3457455039024353,0.0007,552.0,35.401525125365374,0.49695611524946237,0.05578143149614334,0.3083467505854801
298720.0,-0.0015725314865078501,1.4501128669733618,-5.557974815368652,17.977949142456055,17.977949142456055,4.7677654981613165,0.0,-0.0009905160550399833,0.014109234827935836,-0.06733961933213692,0.07083297029432449,-0.0015725330424483557,1.4501128710529283,-5.557974678528774,17.977949313498893,3845.6368113748536,1026.8744787235603,2556.0524093315075,5777.482044971767,0.48485461127980517,0.17765267452183373,0.04613641130326207,0.9644713942758474,0.00013670746244769328,7.214733368895404e-05,2.630298320508653e-05,0.000234942838639594,0.7350064780849822,0.37625633505906947,0.3765442084589306,0.1354148840361314,0.8445529573964194,0.1969113054882706,0.8910014434734526,0.24732279502993848,0.8092249266677207,0.237177891037592,0.9111198558056017,0.18317312440806752,0.7906869597419681,0.7704243659973145,0.316081702709198,1.1276772022247314,3.8521218299865723,0.86640625,0.024489976465702057,0.0974954143166542,5.906126022338867,63.54254913330078,3.731255054473877,0.23277413845062256,0.0007,553.0,35.40017509487575,0.4984087796075658,0.052687838673591614,0.23583260148321625
299260.0,0.006724388431110936,0.8441946651808853,-5.32358980178833,6.381032466888428,6.381032466888428,3.2157698178291323,0.0,0.00011281461440971054,0.011466910578985278,-0.06327461780100196,0.09282806567996901,0.006724388334149344,0.8441946595787682,-5.323589772132925,6.381032470834138,3273.1348199469903,180.0713077004587,2919.0888856480806,3710.8012744769903,0.48542593547294033,0.16318892891307388,0.07052018727372922,0.9366025356345468,0.00017453003634208925,5.3417345501598475e-05,8.360806886976116e-05,0.00027296147668876035,0.742708636698141,0.36999878712993556,0.371940483788746,0.15638747391466357,0.8117082630714926,0.20401046470226863,0.8732776342956786,0.23142475966858048,0.90218581822548,0.22428821627030393,0.8076562283605728,0.18388908544418342,0.8860024063200281,0.7365679740905762,0.4005809426307678,1.0115779638290405,3.682839870452881,0.9984375,0.016382157802581787,0.059565652161836624,10.383135795593262,18.94788360595703,3.4743576049804688,0.30581438541412354,0.0007,554.0,35.397130691267414,0.4940438642221179,0.04932563006877899,0.2939841920374707
299800.0,-0.005391611612301657,1.2723679084424246,-23.260278701782227,5.433409690856934,23.260278701782227,2.9826864838600167,0.0,0.0005000605176617259,0.008757364085689952,-0.10996554179899601,0.057299045247228265,-0.005391613010621254,1.2723679203614287,-23.26027908054116,5.4334097676017254,3939.148406034219,271.20274664194125,3192.913743620723,4345.051180083991,0.5017156767199119,0.17617868780524407,0.04251129623858799,0.9329840305003444,8.568863786862387e-05,1.7133414839981634e-05,5.7731346404436724e-05,0.00012896006251887757,0.7128445609241548,0.3904017407775206,0.39532047411729543,0.3131386281698276,0.9517592047657006,0.16949587009784967,0.8247086605452235,0.16901315229944872,0.8205613898710451,0.1714821167743828,0.8192129929545687,0.17687023265849117,0.895630772085975,0.6769154667854309,0.45108500123023987,1.2105932235717773,3.3845772743225098,0.88125,0.017107853665947914,0.0986882820725441,6.177380084991455,34.972930908203125,3.7589879035949707,0.15548443794250488,0.0007,555.0,35.39870315352908,0.48254789755355554,0.10253527015447617,0.3066573965651834
300340.0,-0.0051506988658931935,1.0707128486223332,-10.635334968566895,3.7886462211608887,10.635334968566895,3.9033851003646878,0.0,0.0004192626066115852,0.00751182786409961,-0.04813345167994336,0.02957006151122804,-0.005150699165288739,1.0707128532078327,-10.635335332275803,3.788646246742258,4925.030622931203,329.6686593452931,4147.16174237929,5412.408328760965,0.49947975642126574,0.174772355480771,0.06636933300081507,0.9793136469807329,5.901908034096876e-05,8.617543036169584e-06,3.9560187352869385e-05,7.582217499434254e-05,0.6993203750738843,0.4000520682826153,0.4042767168984542,0.3293376539604849,0.9482486947830041,0.15527069689594972,0.8453293605771709,0.14066368677108773,0.8287313545599689,0.17163567549049766,0.8700363810715341,0.20309228688198,0.8350263776981884,0.6684163808822632,0.39759981632232666,1.3156918287277222,3.3420820236206055,0.828125,0.012418873608112335,0.12873011827468872,2.7099175453186035,17.66010093688965,3.9843292236328125,0.1857202649116516,0.0007,556.0,35.39511412159071,0.46254397437401196,0.07707010954618454,0.29066647150663544
