timestamp,portfolio_value,return,reward,turnover,weight_btc,weight_eth,weight_ltc,weight_bnb,weight_usdt,dsr,cumulative_dsr
2025-06-04 18:00:00+00:00,10000.0,,,,0.0,0.0,0.0,0.0,1.0,,0.0
2025-06-04 20:00:00+00:00,9990.684320769153,-0.0009315679230847467,0.0,0.8338496440698098,0.28411282995694287,0.10848253087807345,0.031291356633113034,0.4099629266016803,0.1661503559301902,0.0,0.0
2025-06-04 22:00:00+00:00,9975.824639640814,-0.0014873536838160312,0.0,0.017957005022879006,0.28085441518717996,0.10587519476803173,0.029995388010058674,0.42791993162455944,0.1553550704101703,0.0,0.0
2025-06-05 00:00:00+00:00,9948.460147370957,-0.002743080723484207,0.0,0.006949351762862306,0.27951306418630506,0.1019945951849603,0.029646211479828436,0.43486928338742165,0.15397684576148446,0.0,0.0
2025-06-05 02:00:00+00:00,9971.412742411158,0.002307150523818914,0.0,0.020299229596359096,0.28067320487129577,0.1109770308226487,0.03138981995296695,0.4145700537910626,0.162389890562026,0.0,0.0
2025-06-05 04:00:00+00:00,9981.934495608966,0.0010551918238282082,0.0,0.007632355800038175,0.2798547697078923,0.10611561804081637,0.03113429205228787,0.4222024095911007,0.16069291060790264,0.0,0.0
2025-06-05 06:00:00+00:00,9970.413636890842,-0.0011541709398305722,-0.002594520750527913,0.028499713827778956,0.2772203616402021,0.10045799582286097,0.028440193564304425,0.4507021234188797,0.1431793255537528,-0.002594520750527913,-0.002594520750527913
2025-06-05 08:00:00+00:00,9975.635062249556,0.0005236919498900067,-3.395650743063432e-05,0.0017974111744866739,0.27721456418923857,0.10100103733704727,0.028710589136562617,0.45168609750692185,0.14138771183022958,0.002560564243097279,-3.395650743063432e-05
2025-06-05 10:00:00+00:00,9990.613249307193,0.0015014770452377176,0.005948926835407658,0.007438935829060585,0.27803573654238467,0.095003702140464,0.02726898850408538,0.45770035136302384,0.14199122145004214,0.005982883342838292,0.005948926835407658
2025-06-05 12:00:00+00:00,9941.095239943299,-0.00495645343566138,-0.007620089774550708,0.0064019794756403434,0.2763695654110157,0.09483568986841359,0.02762179979620823,0.4637495195465413,0.13742342537782115,-0.013569016609958367,-0.007620089774550708
2025-06-05 14:00:00+00:00,9920.116415517334,-0.002110313191817288,-0.011417894343232114,0.006326256784418944,0.2751129070138513,0.09700886383822178,0.028375364344618396,0.4586799211592868,0.1408229436440218,-0.0037978045686814063,-0.011417894343232114
2025-06-05 16:00:00+00:00,9907.024090749803,-0.0013197753150408012,-0.013563135742065862,0.002703170182814272,0.2774428436068112,0.0957514449365502,0.027442598020473538,0.45905315474914116,0.14030995868702392,-0.0021452413988337477,-0.013563135742065862
2025-06-05 18:00:00+00:00,9828.376246794205,-0.007938594196922506,-0.01898716048353907,0.015372592173693418,0.27570996325818914,0.09178669563193038,0.02600711919189816,0.47442574692283457,0.13207047499514776,-0.005424024741473206,-0.01898716048353907
2025-06-05 20:00:00+00:00,9706.739641032655,-0.01237606321809514,-0.019303071278680587,0.002824189630723761,0.27503934975482275,0.08978255683259354,0.02585768186387755,0.4764654495859651,0.1328549619627409,-0.00031591079514151717,-0.019303071278680587
2025-06-05 22:00:00+00:00,9585.122424559317,-0.012529152008902464,-0.023913445754209388,0.0030517062128759247,0.27562637426805453,0.09016559108807125,0.025520431940899306,0.47854709703013165,0.13014050567284335,-0.0046103744755288,-0.023913445754209388
2025-06-06 00:00:00+00:00,9569.271530198392,-0.0016536976429545385,-0.02393250124027331,0.013359611905202387,0.2727998751126057,0.08805821445356002,0.024924746065547124,0.49190670893533395,0.12231045543295309,-1.905548606392236e-05,-0.02393250124027331
2025-06-06 02:00:00+00:00,9581.800367730497,0.0013092780879471464,-0.01936996769846994,0.0067821763414549745,0.2754391955572753,0.08866795927958475,0.024946802956138214,0.4851245325938791,0.1258215096131228,0.004562533541803371,-0.01936996769846994
2025-06-06 04:00:00+00:00,9671.002013883708,0.009309487020166138,0.0034062859265869827,0.002133466745296424,0.27629847095470356,0.08892885252763397,0.024732889514971084,0.4861378306936979,0.12390195630899337,0.022776253625056923,0.0034062859265869827
2025-06-06 06:00:00+00:00,9660.119421123358,-0.0011252807873194527,0.003286117031388484,0.002786263114829376,0.2748959769280726,0.09014758166122411,0.02554501640850278,0.4868932377814055,0.12251818722079495,-0.00012016889519849844,0.003286117031388484
2025-06-06 08:00:00+00:00,9687.512723746357,0.002835710556859069,0.00792019988607553,0.00573776056297616,0.2737498786981054,0.08949960739429687,0.025171520781911014,0.4926309983443817,0.11894799478130504,0.004634082854687045,0.00792019988607553
2025-06-06 10:00:00+00:00,9707.555036406258,0.002068881170166003,0.011286318448319677,0.0014474498605558262,0.2740097362060895,0.08893613917848554,0.024926674567162632,0.4919918629143855,0.12013558713387675,0.003366118562244147,0.011286318448319677
2025-06-06 12:00:00+00:00,9753.210048606446,0.004703039233768854,0.017969904530932817,0.00618999354962059,0.27011641021046945,0.08965028860878888,0.02565800645149513,0.4967363751493703,0.11783891957987622,0.006683586082613141,0.017969904530932817
2025-06-06 14:00:00+00:00,9793.24949916456,0.004105258715702072,0.023335606853418782,0.0021519876523870534,0.27170010849414084,0.08901929518842416,0.02532204464440187,0.497304664518086,0.11665388715494719,0.005365702322485963,0.023335606853418782
2025-06-06 16:00:00+00:00,9810.130403338559,0.0017237285923776585,0.025662120011823986,0.0017479150432853675,0.2727873158973134,0.08772323480671068,0.024908147576838218,0.49796537215819875,0.1166159295609389,0.002326513158405205,0.025662120011823986
2025-06-06 18:00:00+00:00,9797.825259756164,-0.0012543302766093308,0.024807208111936006,0.0013414561815502345,0.2732829982188266,0.08685782829090596,0.024747054564476085,0.49881114601823584,0.11630097290755557,-0.000854911899887981,0.024807208111936006
2025-06-06 20:00:00+00:00,9760.795582680495,-0.0037793771672745614,0.021479993991085942,0.001801291888277665,0.2750842901071042,0.08560811734892423,0.024267620526693817,0.49880165920680763,0.11623831281047005,-0.0033272141208500632,0.021479993991085942
2025-06-06 22:00:00+00:00,9775.587279230163,0.0015154191504546985,0.023714176939770615,0.001564052914203716,0.27572142611906836,0.08467508575086186,0.023636599210552528,0.4990964564275541,0.11687043249196319,0.0022341829486846724,0.023714176939770615
2025-06-07 00:00:00+00:00,9743.038876519264,-0.003329559829111684,0.0207472549596317,0.0009040457065105662,0.2748173804125577,0.08491915205169305,0.023767679975364362,0.4994495723144374,0.1170462152459474,-0.0029669219801389136,0.0207472549596317
2025-06-07 02:00:00+00:00,9748.719659076522,0.0005830606476331518,0.021951075587295005,0.006861898950108235,0.27073441936477244,0.08477577139156578,0.024126798391907615,0.5059523528480024,0.11441065800375179,0.0012038206276633059,0.021951075587295005
2025-06-07 04:00:00+00:00,9796.749312909036,0.004926765309924207,0.028675960588160597,0.002236841121855333,0.2727675365273124,0.0837431288257956,0.023926374948518483,0.5049485777353064,0.11461438196306718,0.006724885000865591,0.028675960588160597
2025-06-07 06:00:00+00:00,9805.593180322514,0.0009027348900133797,0.03008493684861385,0.000987338068928775,0.2733360532911606,0.08338020630201193,0.02412566905441118,0.5043241621901613,0.114833909162255,0.0014089762604532507,0.03008493684861385
2025-06-07 08:00:00+00:00,9810.734065074228,0.0005242808524864271,0.031044188556848176,0.0010866299087799458,0.2731164666229729,0.08352362250568612,0.024597547071481242,0.504795497878197,0.11396686592166279,0.0009592517082343254,0.031044188556848176
2025-06-07 10:00:00+00:00,9792.065576997293,-0.0019028635322401325,0.029277241077967208,0.0016257041673824572,0.27243123984273,0.08394042453563394,0.025084872256431606,0.5038550204910575,0.11468844287414708,-0.0017669474788809686,0.029277241077967208
2025-06-07 12:00:00+00:00,9818.008750717805,0.0026494076777280255,0.03287091783406895,0.002095933639149639,0.27037413732594506,0.08439156192758061,0.025607890278394028,0.504976798716298,0.11464961175178233,0.003593676756101747,0.03287091783406895
2025-06-07 14:00:00+00:00,9850.557455681552,0.003315204313844835,0.03723287170151296,0.004709913771470979,0.27361791403179625,0.08409599472942118,0.02502009627028671,0.5011502461510937,0.1161157488174021,0.004361953867444006,0.03723287170151296
2025-06-07 16:00:00+00:00,9855.470432646434,0.0004987511607324039,0.03806773064768067,0.0071529850848299666,0.2800398625421328,0.08330979450498746,0.024098615596847936,0.4957049419641362,0.11684678539189548,0.0008348589461677092,0.03806773064768067
2025-06-07 18:00:00+00:00,9836.228298567663,-0.0019524318205077368,0.03605744763243083,0.0028488062684161944,0.2819036496689054,0.08367524000371629,0.02392708023680136,0.4930276710557666,0.11746635903481026,-0.0020102830152498403,0.03605744763243083
2025-06-07 20:00:00+00:00,9866.756762987972,0.003103675869820445,0.040176909339922615,0.0010249969560225565,0.28190561758603555,0.08407554382494199,0.024133481653874835,0.4920026740997441,0.11788268283540351,0.004119461707491786,0.040176909339922615
2025-06-07 22:00:00+00:00,9880.048296355744,0.0013471025674444438,0.04201907731113977,0.0017943484353477868,0.2831832197404542,0.08454911636916174,0.023593317134254048,0.4907484901840171,0.11792585657211296,0.0018421679712171523,0.04201907731113977
2025-06-08 00:00:00+00:00,9856.175142189142,-0.002416299338881527,0.03935262044792635,0.00400473845981459,0.28252621951229745,0.08674332637099408,0.023825804665288657,0.48740075195235927,0.11950389749906061,-0.002666456863213425,0.03935262044792635
2025-06-08 02:00:00+00:00,9855.425400051823,-7.606826446408436e-05,0.039481322823522305,0.0021227232081868566,0.28249863725451074,0.0880255311113871,0.024197688998395646,0.485305611001959,0.11997253163374735,0.0001287023755959567,0.039481322823522305
2025-06-08 04:00:00+00:00,9839.144035769481,-0.0016520204477683267,0.03769474875963502,0.006730814071999746,0.28359849573790225,0.08985610813390119,0.024791783975269783,0.47857479692995936,0.12317881522296746,-0.001786574063887287,0.03769474875963502
2025-06-08 06:00:00+00:00,9836.537571194327,-0.00026490765514540433,0.037606566123653005,0.004525829067256551,0.28330274521986015,0.08864002273757393,0.024178671252684525,0.48310062599721587,0.12077793479266548,-8.818263598201944e-05,0.037606566123653005
2025-06-08 08:00:00+00:00,9834.930266457852,-0.00016340147382568347,0.03764345831135673,0.010630929244304562,0.2859271181569393,0.09100893167693665,0.024882424666345857,0.4724696967529113,0.12571182874686684,3.689218770372297e-05,0.03764345831135673
2025-06-08 10:00:00+00:00,9804.855308410239,-0.003057973695063525,0.03411100242724945,0.003875060490601233,0.2837262569352444,0.09219079594924234,0.02507433281153224,0.47497098482602046,0.12403762947796051,-0.0035324558841072773,0.03411100242724945
2025-06-08 12:00:00+00:00,9850.065846077467,0.00461103568029693,0.04075637195769907,0.0017292009315644716,0.2835904812973429,0.09246041934821927,0.02518048952030179,0.4733775595323575,0.1253910503017785,0.006645369530449619,0.04075637195769907
2025-06-08 14:00:00+00:00,9842.614282380378,-0.0007564988715335123,0.04000655569783758,0.009020126084775147,0.28478063308104806,0.09386396060533951,0.025581860824333752,0.46435743344758235,0.13141611204169626,-0.0007498162598614933,0.04000655569783758
2025-06-08 16:00:00+00:00,9870.517155114172,0.0028349046232302414,0.044004714268510665,0.0023679411062617634,0.2841426830465142,0.09460371372399445,0.025817999890810007,0.46574948236871294,0.1296861209699684,0.003998158570673089,0.044004714268510665
2025-06-08 18:00:00+00:00,9877.625536900165,0.0007201630547097022,0.045117465678322415,0.005910428412968266,0.2840767198978622,0.09624382254733961,0.026147038250621927,0.4599050171043967,0.13362740219977962,0.001112751409811751,0.045117465678322415
2025-06-08 20:00:00+00:00,9904.748978898739,0.0027459475860111063,0.048950304495511174,0.007272826747147177,0.2816938966794807,0.09496390727253569,0.026107129310889206,0.4671778438515438,0.13005722288555055,0.0038328388171887566,0.048950304495511174
2025-06-08 22:00:00+00:00,9912.50665710256,0.0007832281484718496,0.05010418329642267,0.012345404226956793,0.28272736003062254,0.09802665696457279,0.026768405090575847,0.454832439624587,0.13764513828964176,0.0011538788009114972,0.05010418329642267
2025-06-09 00:00:00+00:00,9860.929024863328,-0.005203288534719441,0.04354917730057342,0.00554003145912939,0.28364434505947206,0.09971314565100085,0.027471805288988103,0.4492924081654577,0.13987829583508135,-0.0065550059958492425,0.04354917730057342
2025-06-09 02:00:00+00:00,9840.904806218907,-0.0020306624856473933,0.04110236996835222,0.005387518191936811,0.28220497546968487,0.10105287677319705,0.0272810128794866,0.4533401952351982,0.13612093964243313,-0.0024468073322212033,0.04110236996835222
2025-06-09 04:00:00+00:00,9853.166981610919,0.0012460414599541167,0.04297841677958312,0.0023469808812197016,0.2814753287975487,0.09946280959874734,0.027253745844852843,0.453670000433807,0.1381381153250441,0.0018760468112309042,0.04297841677958312
2025-06-09 06:00:00+00:00,9817.178001441207,-0.003652529205774937,0.03844737970956483,0.002961439622154923,0.28117927233176365,0.0990982509072247,0.026874083635836602,0.4566314400559619,0.1362169530692131,-0.0045310370700182906,0.03844737970956483
2025-06-09 08:00:00+00:00,9830.870657735682,0.0013947650019655287,0.04057638878901115,0.008251613262406513,0.2789239503674805,0.10357725377638806,0.027698577879608798,0.45063514875783856,0.1391650692186841,0.002129009079446325,0.04057638878901115
2025-06-09 10:00:00+00:00,9889.146975490681,0.005927889785544271,0.04930634139895616,0.00828063587633356,0.27881730528945864,0.09931839306393853,0.02676183325041362,0.4589157846341721,0.13618668376201712,0.008729952609945012,0.04930634139895616
2025-06-09 12:00:00+00:00,9956.33719376626,0.006794339131788032,0.058846838557995454,0.0032741356682440236,0.27803166918321653,0.09682989350193659,0.026987447132080185,0.45956086010947994,0.13859013007328672,0.009540497159039289,0.058846838557995454
2025-06-09 14:00:00+00:00,9912.15066110484,-0.004438030954705348,0.05320018465759199,0.011614182149783122,0.2777343731349655,0.10342959916156055,0.02835338773022317,0.44824397400794785,0.1422386659653029,-0.005646653900403458,0.05320018465759199
2025-06-09 16:00:00+00:00,9954.143330051967,0.004236484127698408,0.05888927457526285,0.011552167568299878,0.2782575266523184,0.09984209515552048,0.0272392978592547,0.45927298805889494,0.13538809227401166,0.00568908991767086,0.05888927457526285
2025-06-09 18:00:00+00:00,10005.99595708988,0.005209150131620964,0.06573689386904527,0.0068302856453191525,0.28195921989034345,0.09600992963418921,0.02654749327434524,0.4624015804661889,0.1330817767349331,0.00684761929378242,0.06573689386904527
2025-06-09 20:00:00+00:00,10018.920620699742,0.0012916918680848407,0.06737894748424096,0.004326976858894183,0.28306159733389735,0.09749584623306941,0.02692961523071725,0.4580746036072948,0.13443833759502125,0.001642053615195695,0.06737894748424096
2025-06-09 22:00:00+00:00,10124.26550145457,0.01051459381135115,0.0807406651078595,0.014709386472542723,0.285314337926941,0.10195977325883432,0.027260307937900526,0.443365217134752,0.1421003637415721,0.013361717623618541,0.0807406651078595
2025-06-10 00:00:00+00:00,10148.78875395214,0.0024222253450432063,0.08355549352373708,0.009343334518042373,0.28442038494433586,0.09857718217364467,0.027155033147491816,0.45270855165279444,0.13713884808173327,0.00281482841587758,0.08355549352373708
2025-06-10 02:00:00+00:00,10154.687973504513,0.0005812732627897592,0.08412359036333905,0.005921728210664034,0.28204607238993806,0.0996470730226084,0.027050969310884798,0.4575603890144947,0.133695496262074,0.000568096839601975,0.08412359036333905
2025-06-10 04:00:00+00:00,10123.31335001669,-0.003089668886891104,0.08000867454786116,0.04492808191090642,0.2862646678702517,0.10766001925650048,0.028961897878604422,0.4126323071035883,0.1644811078910551,-0.0041149158154778894,0.08000867454786116
2025-06-10 06:00:00+00:00,10095.273129290741,-0.0027698659279278316,0.07635537361511682,0.004920185991851046,0.2885666504614008,0.10946735528523427,0.029772765250572607,0.40895876349754945,0.16323446550524293,-0.0036533009327443357,0.07635537361511682
2025-06-10 08:00:00+00:00,10087.317721270374,-0.0007880329653771861,0.07526635418679381,0.006286329681440619,0.2896141220190552,0.11123648084051438,0.030178223562509803,0.4026724338161088,0.1662987397618118,-0.0010890194283230126,0.07526635418679381
2025-06-10 10:00:00+00:00,10106.305666519147,0.0018823582019961002,0.07754085080594937,0.01462833118609361,0.2937952124104897,0.11309953810020516,0.03066923505671146,0.38804410263001526,0.17439191180257851,0.002274496619155567,0.07754085080594937
2025-06-10 12:00:00+00:00,10168.262093881469,0.006130472341399209,0.08499053535187526,0.003912398680081575,0.2954566707869187,0.11183135382652101,0.03003731209622702,0.3860318111841022,0.17664285210623104,0.007449684545925891,0.08499053535187526
2025-06-10 14:00:00+00:00,10139.514060926256,-0.0028272317028994816,0.08117773364833247,0.008791358552304026,0.2986858423952028,0.11567756366839728,0.03175328919837068,0.3798663208190949,0.17401698391893433,-0.00381280170354278,0.08117773364833247
2025-06-10 16:00:00+00:00,10111.352960052123,-0.0027773619825287852,0.07746547883642033,0.005956411820409468,0.2936211667510907,0.11478582749209992,0.031843953141841644,0.38437233700576134,0.17537671560920637,-0.0037122548119121425,0.07746547883642033
2025-06-10 18:00:00+00:00,10124.274662568498,0.0012779400113343221,0.07897279666144423,0.02513931700319405,0.28474917919013065,0.120932470568415,0.03552399504541952,0.3681050075635274,0.19068934763250753,0.0015073178250239064,0.07897279666144423
2025-06-10 20:00:00+00:00,10182.221019675639,0.005723507020347765,0.08592936122500164,0.015695525223567073,0.29184193433007055,0.12283313429109723,0.03723782892804418,0.3524094823399603,0.1956776201108278,0.006956564563557402,0.08592936122500164
2025-06-10 22:00:00+00:00,10201.405526311406,0.0018841180719506568,0.08812721842149789,0.008910802376070986,0.2947217007331492,0.12240460203928269,0.03660027949128247,0.34456476165246547,0.20170865608382008,0.0021978571964962456,0.08812721842149789
2025-06-11 00:00:00+00:00,10259.707419086142,0.005715084320916869,0.09489321417049074,0.008973843846231615,0.2923015472809989,0.12345025851731577,0.035913236075133304,0.352492949020664,0.19584200910588795,0.006765995748992845,0.09489321417049074
2025-06-11 02:00:00+00:00,10196.74662327323,-0.006136704804640734,0.08630112908304416,0.0065182057085642585,0.29274149067496785,0.12269324347353709,0.03689580245030893,0.34673175835587844,0.2009377050453076,-0.008592085087446584,0.08630112908304416
2025-06-11 04:00:00+00:00,10211.880531668621,0.0014841899043416674,0.08797964020944088,0.007240968505606855,0.29059476679608287,0.12741967663323395,0.0385348472306598,0.3416375137291566,0.2018131956108668,0.001678511126396717,0.08797964020944088
2025-06-11 06:00:00+00:00,10199.236843766572,-0.0012381351175074784,0.08621664701402869,0.006601404662376766,0.2899033439264269,0.12563006499869417,0.03929787421860799,0.3375171435709755,0.2076515732852953,-0.001762993195412188,0.08621664701402869
2025-06-11 08:00:00+00:00,10202.847985332,0.000354059977304732,0.08650004892585055,0.009245106497231106,0.2856152674878562,0.13102602971857108,0.04154323297680322,0.3325601135123152,0.20925535630445433,0.00028340191182185686,0.08650004892585055
2025-06-11 10:00:00+00:00,10181.040744506254,-0.002137368003237557,0.0835443233625485,0.007162824571126464,0.2835562361478218,0.13404676613630312,0.04150296562850016,0.32749658762952616,0.21339744445784875,-0.0029557255633020493,0.0835443233625485
2025-06-11 12:00:00+00:00,10169.799200046182,-0.001104164568454149,0.08196454819705212,0.01850639192352057,0.2866188099224637,0.12802381119153317,0.038957818662389065,0.34294040577840484,0.2034591544452092,-0.0015797751654963717,0.08196454819705212
2025-06-11 14:00:00+00:00,10203.218859241617,0.0032861670656469887,0.08597025752373536,0.0031228749363503387,0.288326660985717,0.1264704811971826,0.03893762726900011,0.34139105222979405,0.20487417831830623,0.004005709326683231,0.08597025752373536
2025-06-11 16:00:00+00:00,10249.196660742105,0.004506205554813111,0.09142596632630025,0.013270514864514502,0.28287417830301226,0.13174233054641724,0.043113774324319634,0.3335730200479842,0.2086966967782665,0.005455708802564896,0.09142596632630025
2025-06-11 18:00:00+00:00,10194.735572680369,-0.0053136933424588854,0.08396889724645995,0.009297772513698996,0.28218333971223675,0.13491617690281638,0.044061741925841266,0.32496608612506084,0.21387265533404481,-0.007457069079840296,0.08396889724645995
2025-06-11 20:00:00+00:00,10178.490499781064,-0.0015934766314918438,0.08174238045276731,0.00628436367051791,0.28178905266699095,0.13435301811547898,0.04398079618441381,0.3312504497955787,0.20862668323753752,-0.0022265167936926333,0.08174238045276731
2025-06-11 22:00:00+00:00,10133.559934867217,-0.004414266036286413,0.07572588881412703,0.008555549541761551,0.2871229572709419,0.13016329517950131,0.04171902983983089,0.3344720947333893,0.20652262297633653,-0.006016491638640281,0.07572588881412703
2025-06-12 00:00:00+00:00,10156.894869640908,0.0023027381220100626,0.0785469774137657,0.020559237728601496,0.29317873602191785,0.12169243171541803,0.038333286606791785,0.3489755537110148,0.1978199919448574,0.0028210885996386736,0.0785469774137657
2025-06-12 02:00:00+00:00,10163.898421276117,0.0006895366866641273,0.07931362127329807,0.010997905244035884,0.28477373719794985,0.12860089212232484,0.04048846861018971,0.3463826472909469,0.19975425477858855,0.0007666438595323637,0.07931362127329807
2025-06-12 04:00:00+00:00,10118.554191761576,-0.004461302901219674,0.07322436294711095,0.002280350657555802,0.28584489801324425,0.12853502222004903,0.04080760747864313,0.344168166535667,0.2006443057523966,-0.006089258326187123,0.07322436294711095
2025-06-12 06:00:00+00:00,10120.891742088963,0.00023101623839602003,0.07343258562690527,0.008127583711669304,0.27802443597428117,0.13350437662042755,0.04278867590763917,0.34534532741796176,0.2003371840796904,0.000208222679794321,0.07343258562690527
2025-06-12 08:00:00+00:00,10104.535954529529,-0.001616042140972343,0.07122034312766512,0.016497455991514948,0.2808779263331834,0.12642920188424683,0.039382467049616635,0.3589892930505744,0.19432111168237867,-0.0022122424992401554,0.07122034312766512
2025-06-12 10:00:00+00:00,10115.07185041649,0.0010426897320543647,0.0724981730662537,0.009833253957337446,0.2788431675176201,0.12463452294537417,0.038562484763650776,0.3688225470079119,0.1891372777654431,0.0012778299385885817,0.0724981730662537
2025-06-12 12:00:00+00:00,10054.020312009676,-0.006035699924791,0.06426129614854253,0.007004747255724326,0.2760283922891563,0.12482606541462356,0.037954861848722425,0.3756357517943868,0.18555492865311088,-0.008236876917711163,0.06426129614854253
2025-06-12 14:00:00+00:00,10072.132615755638,0.0018014986228271127,0.0665551619555907,0.006063932051724404,0.27502963598655056,0.12386399832714665,0.03696803831574968,0.38169968384611125,0.18243864352444195,0.0022938658070481674,0.0665551619555907
2025-06-12 16:00:00+00:00,10033.129695406182,-0.0038723596915755205,0.06137950833073494,0.006959216019772535,0.27725469833271005,0.1192087740719754,0.035743745303113895,0.3864338375197242,0.18135894477247635,-0.005175653624855765,0.06137950833073494
2025-06-12 18:00:00+00:00,10130.24593667803,0.009679556052815208,0.07382730832548107,0.007265695876551008,0.27749608824560323,0.11758648007583415,0.036306693637364516,0.39289519514913146,0.17571554289206665,0.012447799994746128,0.07382730832548107
2025-06-12 20:00:00+00:00,10004.96523869477,-0.01236699471724207,0.0570823702992323,0.020792947739467632,0.2732404508700338,0.10860414037033955,0.03422654674212459,0.413688142888599,0.1702407191289029,-0.01674493802624877,0.0570823702992323
2025-06-12 22:00:00+00:00,9924.235100662729,-0.008069007348452626,0.04722228474131926,0.021333369935045157,0.27319055344112847,0.10829746070808605,0.031099722523464022,0.43502151282364426,0.15239075050367723,-0.009860085557913038,0.04722228474131926
2025-06-13 00:00:00+00:00,9926.250183563483,0.00020304667113524527,0.04750740984371673,0.01575532080359646,0.27149516971363563,0.0977524193741119,0.02914142379391844,0.4507768336272407,0.1508341534910933,0.0002851251023974713,0.04750740984371673
2025-06-13 02:00:00+00:00,9749.812021830303,-0.017774905777142053,0.0268408141025995,0.007850849586041677,0.2737517878012437,0.09755139540949907,0.030123629300853053,0.44312700800581184,0.1554461794825923,-0.02066659574111723,0.0268408141025995
2025-06-13 04:00:00+00:00,9798.565850270046,0.005000489068976971,0.0327348448874498,0.03586246674688487,0.274127184333576,0.09239428889362811,0.026038064322344807,0.47861407822036445,0.1288263842300867,0.005894030784850302,0.0327348448874498
2025-06-13 06:00:00+00:00,9776.407444101695,-0.0022613927902255106,0.030347832094099175,0.010230252135196958,0.2747304248626748,0.08780281396680231,0.026201359550232964,0.47297530101199325,0.1382901006082967,-0.0023870127933506256,0.030347832094099175
2025-06-13 08:00:00+00:00,9862.669840654207,0.008823527154093447,0.040802793716517405,0.019188179196001846,0.27534240565772106,0.08699796620640574,0.024489280184233866,0.49155149941294884,0.12161884853869052,0.01045496162241823,0.040802793716517405
2025-06-13 10:00:00+00:00,9857.279608825618,-0.0005465286697897156,0.0402699429686798,0.009133652700132068,0.2769966524866446,0.08800688668234471,0.025135692931527478,0.48241784671281673,0.1274429211866664,-0.000532850747837609,0.0402699429686798
2025-06-13 12:00:00+00:00,9870.37931537982,0.0013289373005583058,0.04181804101491095,0.008326357328525826,0.27678979203581455,0.08750473811943879,0.024203809031080707,0.49074420404134256,0.12075745677232333,0.0015480980462311451,0.04181804101491095
2025-06-13 14:00:00+00:00,9839.759157914314,-0.0031022270256417235,0.038463138455743125,0.0012688460707471465,0.2766914426741388,0.08675047909199539,0.02425248221597594,0.49196437692719447,0.12034121909069533,-0.003354902559167824,0.038463138455743125
2025-06-13 16:00:00+00:00,9874.774947981085,0.003558602350404849,0.04255997218762253,0.00932295910727882,0.26930762515957374,0.08939360495870162,0.025366871899852105,0.49752982048389094,0.11840207749798162,0.004096833731879407,0.04255997218762253
2025-06-13 18:00:00+00:00,9865.363750827948,-0.0009530543432851757,0.041558999602906675,0.008586241263934768,0.2771934367234299,0.08531067355524762,0.023795491795518837,0.4945978907277434,0.1191025071980602,-0.0010009725847158573,0.041558999602906675
2025-06-13 20:00:00+00:00,9843.643782141438,-0.002201638909126453,0.03917079192405223,0.015951329708266737,0.2663745167134716,0.08883042725356105,0.026133503254268657,0.5046914552789469,0.11397009749975172,-0.002388207678854448,0.03917079192405223
2025-06-13 22:00:00+00:00,9882.764277956105,0.003974188489595601,0.04378061594950189,0.011215495799592691,0.2747073819809581,0.0857957086707874,0.024230453008224715,0.4984137283081718,0.11685272803185795,0.004609824025449659,0.04378061594950189
2025-06-14 00:00:00+00:00,9921.01101757699,0.003870044710688561,0.048234384555188796,0.002739844087533704,0.2734594505310374,0.08595132460967106,0.024721324312261855,0.5005070851527847,0.11536081539424502,0.004453768605686905,0.048234384555188796
2025-06-14 02:00:00+00:00,9863.43971963294,-0.005802966838969579,0.04179023548093585,0.007022664193534155,0.2682107865719666,0.087058570167557,0.025362109708288175,0.5057817183924066,0.11358681515978157,-0.006444149074252948,0.04179023548093585
2025-06-14 04:00:00+00:00,9857.876534526125,-0.0005640207944638806,0.04122075800668334,0.008862825626730792,0.2736459459089088,0.08564162099304826,0.024319918926626743,0.49937803272184605,0.11701448144957027,-0.000569477474252513,0.04122075800668334
2025-06-14 06:00:00+00:00,9869.566716845668,0.001185872259466674,0.04263015371570428,0.007284166841078634,0.27051317094677685,0.08470845029619554,0.02431063593573526,0.5066621995629247,0.11380554325836777,0.0014093957090209371,0.04263015371570428
2025-06-14 08:00:00+00:00,9854.807145045026,-0.0014954629948901695,0.041001889897347876,0.003027264021360467,0.26784313157227263,0.08626470005880629,0.025063464223837973,0.5073803855335717,0.1134483186115115,-0.0016282638183564022,0.041001889897347876
2025-06-14 10:00:00+00:00,9824.34726539042,-0.0030908651185448583,0.03758448432562813,0.002723309403276898,0.2705664409755495,0.08465765969264072,0.024675651419510117,0.5067100823962164,0.11339016551608327,-0.0034174055717197463,0.03758448432562813
2025-06-14 12:00:00+00:00,9845.459502479776,0.0021489709717135885,0.04013777652561286,0.005019975607693872,0.26728098946291134,0.08523176004679801,0.02579330010670495,0.5100383089625581,0.11165564142102749,0.002553292199984728,0.04013777652561286
2025-06-14 14:00:00+00:00,9825.357410100045,-0.0020417627409537215,0.0378874353947353,0.0007988669308992852,0.267172430006638,0.08563894994246786,0.02577894838318454,0.5093623532114526,0.11204731845625698,-0.002250341130877559,0.0378874353947353
2025-06-14 16:00:00+00:00,9790.494783761902,-0.003548229838673013,0.03394565239331875,0.0036372487553512044,0.2702463477024922,0.08406695247728961,0.025142055504326282,0.5079339948001379,0.11261064951575397,-0.003941783001416542,0.03394565239331875
2025-06-14 18:00:00+00:00,9766.446891990607,-0.0024562488722408063,0.031246372031335148,0.0010169819001789142,0.2698239569914731,0.08462983035016698,0.02528007629127219,0.5073394036109781,0.11292673275610962,-0.002699280361983606,0.031246372031335148
2025-06-14 20:00:00+00:00,9743.760632568385,-0.002322877467426518,0.028702969252582092,0.0010144397532454458,0.26899460800020336,0.08481457861738576,0.02529493782130917,0.5081542335669678,0.11274164199413392,-0.0025434027787530557,0.028702969252582092
2025-06-14 22:00:00+00:00,9792.119777085973,0.004963088312734936,0.03473017976637204,0.003520537205796148,0.27158682516295,0.08429505765255879,0.024681656944019102,0.5057664982032887,0.11366996203718344,0.006027210513789949,0.03473017976637204
2025-06-15 00:00:00+00:00,9809.605343428871,0.0017856773345253769,0.03690452520987416,0.004068023405781617,0.2746548628476303,0.08414580178276425,0.024103090265589724,0.502426297345731,0.11466994775828476,0.0021743454435021164,0.03690452520987416
2025-06-15 02:00:00+00:00,9814.935855348063,0.0005433971839410744,0.037621130729581016,0.005036860858048213,0.27049077892366585,0.08538685834371906,0.024814177299462836,0.5055110146089513,0.11379717082420106,0.0007166055197068555,0.037621130729581016
2025-06-15 04:00:00+00:00,9827.462191420438,0.0012762524643042097,0.03919620351082791,0.008362945843905673,0.2772251977189784,0.08388814591639908,0.023900641287598442,0.49956031720422994,0.1154256978727941,0.001575072781246893,0.03919620351082791
2025-06-15 06:00:00+00:00,9869.139678571006,0.004240920630246935,0.04429981043914065,0.001279193569934953,0.27600902547719236,0.08388844756457285,0.023837619959449545,0.5005628512236926,0.11570205577509263,0.005103606928312743,0.04429981043914065
2025-06-15 08:00:00+00:00,9836.09662211278,-0.003348119241839574,0.04048099800198976,0.00223599898963827,0.27699425996186716,0.08450920233032787,0.023769029902767434,0.49839544229073635,0.11633206551430099,-0.0038188124371508927,0.04048099800198976
2025-06-15 10:00:00+00:00,9794.71630940991,-0.004206985178433523,0.03569928142836727,0.0007857907310047912,0.27627866268254075,0.08443900887864957,0.024012630857006296,0.4984195953723052,0.11685010220949817,-0.004781716573622485,0.03569928142836727
2025-06-15 12:00:00+00:00,9813.741195692886,0.0019423621554711958,0.03808105411872252,0.0023387444574723866,0.2786174071400131,0.08376271112252077,0.023534520640200143,0.4972804089191876,0.11680495217807824,0.002381772690355252,0.03808105411872252
2025-06-15 14:00:00+00:00,9842.867442838706,0.002967904549857349,0.04168391263325956,0.0008325657054081368,0.27872192245654553,0.08391162575741211,0.02346024560045628,0.49652211825352344,0.11738408793206269,0.003602858514537042,0.04168391263325956
2025-06-15 16:00:00+00:00,9835.690509542264,-0.0007291506604269912,0.040894933425725664,0.0005897008151142143,0.2792077248057837,0.08392399610226096,0.02340389685663498,0.4959887661822305,0.11747561605308983,-0.0007889792075338935,0.040894933425725664
2025-06-15 18:00:00+00:00,9848.352356730707,0.0012873368856164676,0.04248981002833211,6.905653773719989e-05,0.2792584134597267,0.08392563454087558,0.023398203985233262,0.495925402515895,0.11749234549826945,0.001594876602606446,0.04248981002833211
2025-06-15 20:00:00+00:00,9819.821772940446,-0.0028969905580971556,0.03915282774890109,0.0007851914442140017,0.27847850011986336,0.08414338409569133,0.0233929258808826,0.49629577335269026,0.11768941655087246,-0.0033369822794310226,0.03915282774890109
2025-06-15 22:00:00+00:00,9788.687291606422,-0.003170574991474642,0.03550858713653988,0.002125499595540592,0.27989501280850804,0.08373820035616775,0.023593568881976463,0.49457545749667325,0.11819776045667452,-0.0036442406123612077,0.03550858713653988
2025-06-16 00:00:00+00:00,9842.669281563798,0.005514732297523132,0.04231070206324563,0.0017923590216637024,0.28135602655751973,0.08352642060706446,0.02390189894522071,0.49299487822411286,0.1182207756660823,0.006802114926705752,0.04231070206324563
2025-06-16 02:00:00+00:00,9867.1278263807,0.0024849503846192268,0.045342351806190326,0.002516978235332439,0.2790060452397998,0.08383016351887217,0.02395068857057768,0.4951593239222806,0.11805377874846977,0.003031649742944693,0.045342351806190326
2025-06-16 04:00:00+00:00,9883.667907131276,0.001676281187556385,0.04739471681324038,0.0005877357369495698,0.2791595495492614,0.08417959466022097,0.023531048919509787,0.49524412420841984,0.11788568266258814,0.0020523650070500554,0.04739471681324038
2025-06-16 06:00:00+00:00,9937.834071242192,0.005480370710537025,0.054045639094339765,0.0028290109872781913,0.2818914387227949,0.08349851646663287,0.023428648072758015,0.4931985922614815,0.11798280447633284,0.006650922281099385,0.054045639094339765
2025-06-16 08:00:00+00:00,9967.867161905482,0.003022096208086111,0.05766740241100615,0.00045498063790647483,0.28200099759141767,0.08332627368093534,0.02345044194717211,0.49291585440927255,0.11830643237120243,0.003621763316666391,0.05766740241100615
2025-06-16 10:00:00+00:00,9961.311250463512,-0.0006577045355325206,0.05689372229245214,0.0010051519791509974,0.28227844243589867,0.08344236528855148,0.023776952448983354,0.4919107024301215,0.11859153739644503,-0.0007736801185540093,0.05689372229245214
2025-06-16 12:00:00+00:00,9947.889956236966,-0.0013473421208399258,0.055297757597539965,0.002862973430587796,0.28140800047761744,0.08488470172241276,0.023719828491384966,0.4899752949154133,0.1200121743931715,-0.0015959646949121728,0.055297757597539965
2025-06-16 14:00:00+00:00,9979.599608698743,0.0031875757171898585,0.059142121134639486,0.0010004685413263995,0.2811729452441667,0.08541792765937112,0.023538559200533857,0.48939115089838886,0.12047941699753964,0.0038443635370995224,0.059142121134639486
2025-06-16 16:00:00+00:00,9991.791795116302,0.0012217109799606506,0.06061102324928937,0.006325499163112529,0.2838495286966918,0.086374765293395,0.024191306853176057,0.4830656517352762,0.12251874742146089,0.0014689021146498838,0.06061102324928937
2025-06-16 18:00:00+00:00,9988.515020363056,-0.00032794666066261323,0.06021468914168264,0.007178813095712538,0.28507450199874396,0.08968153096699287,0.02495313080026741,0.4758868386395637,0.12440399759443206,-0.0003963341076067304,0.06021468914168264
2025-06-16 20:00:00+00:00,10047.657805944618,0.005921078905221837,0.06736226165810634,0.002030901763744257,0.2847449293967493,0.09070570327701247,0.02476440598695839,0.47437423429112313,0.1254107270481567,0.0071475725164237,0.06736226165810634
2025-06-16 22:00:00+00:00,10032.045169162147,-0.0015538583303695435,0.06546426274195083,0.0016125177250920445,0.2850632637205916,0.09044103111824436,0.024958101319268525,0.4730263887247992,0.1265112151170963,-0.0018979989161555075,0.06546426274195083
2025-06-17 00:00:00+00:00,9891.490272208455,-0.014010592514649872,0.04832929182764917,0.033869518445861974,0.2893489703817961,0.10052720213065537,0.027348589991770478,0.4391568702789372,0.1436183672168408,-0.017134970914301665,0.04832929182764917
2025-06-17 02:00:00+00:00,9945.096105148452,0.0054193889358217714,0.054748429713454484,0.006256783690265234,0.2860645551866157,0.1052942301827588,0.028515490422818434,0.4361845017838524,0.1439412224239547,0.006419137885805317,0.054748429713454484
2025-06-17 04:00:00+00:00,9977.12678951887,0.0032207516178588557,0.058521616419785163,0.004923883403888527,0.2858286510968624,0.10114560037689742,0.027976140914544607,0.43927765578501526,0.14577195182668035,0.003773186706330682,0.058521616419785163
2025-06-17 06:00:00+00:00,9948.257931288983,-0.0028935041960390455,0.05515506434266492,0.013805677989972195,0.2896171864956064,0.10774749100026276,0.029015455708229818,0.4254719777950431,0.14814788900085799,-0.003366552077120244,0.05515506434266492
2025-06-17 08:00:00+00:00,9951.138953355616,0.0002896006603901879,0.055508051543054486,0.008915118073764676,0.2862820447748489,0.11058192239325794,0.029949067396001703,0.41989200144203587,0.15329496399385556,0.00035298720038956727,0.055508051543054486
2025-06-17 10:00:00+00:00,9923.95622331242,-0.002731619985472017,0.05232767474292194,0.019558375840449237,0.2877574505942949,0.10045438672245817,0.02765409380383572,0.4379749714630391,0.14615909741637206,-0.0031803768001325457,0.05232767474292194
2025-06-17 12:00:00+00:00,9876.583317008346,-0.004773590817822293,0.04677925210946778,0.006885083386051431,0.2854465449703567,0.10501838119319624,0.0288000902668832,0.4334007937009259,0.14733418986863794,-0.0055484226334541545,0.04677925210946778
2025-06-17 14:00:00+00:00,9862.704392789969,-0.001405235370664688,0.04517765218747243,0.03777374897417998,0.281272114973235,0.11322782603636693,0.03327136796216986,0.39980147472386757,0.17242721630436056,-0.0016015999219953529,0.04517765218747243
2025-06-17 16:00:00+00:00,9768.245311528599,-0.009577401643551522,0.034197098424877434,0.019130195600763858,0.28161495150816485,0.11076289735164749,0.030805707517029997,0.4185888337897017,0.1582276098334561,-0.010980553762595,0.034197098424877434
2025-06-17 18:00:00+00:00,9714.591690944268,-0.005492656958666787,0.028027430157117127,0.0153755279528679,0.27723586525791805,0.10992982703894984,0.030274004845863216,0.4339643617425695,0.14859594111469937,-0.0061696682677603075,0.028027430157117127
2025-06-17 20:00:00+00:00,9808.252827565295,0.009641283916063881,0.03983810600300328,0.014897483851117294,0.28028215182809063,0.10972408818606262,0.030834170074310625,0.4192726167443394,0.15988697316719663,0.011810675845886156,0.03983810600300328
2025-06-17 22:00:00+00:00,9794.21607457516,-0.0014311165542842093,0.038271277193451914,0.00620445608631855,0.2772415218937223,0.1078556246837003,0.030722272584449064,0.425477072830658,0.15870350800747032,-0.0015668288095513716,0.038271277193451914
2025-06-18 00:00:00+00:00,9793.001505373008,-0.00012400882244228924,0.03819900613363203,0.031882315284151766,0.2700880324527709,0.10678379498002144,0.029746257854105135,0.4573593881148098,0.13602252659829278,-7.227105981988323e-05,0.03819900613363203
2025-06-18 02:00:00+00:00,9822.197406620471,0.002981302640609763,0.04173780459587904,0.013678466523939396,0.27470036777239154,0.09836239244029255,0.028190909514459583,0.45365767247024485,0.14508865780261154,0.0035387984622470064,0.04173780459587904
2025-06-18 04:00:00+00:00,9845.881619951608,0.0024112947796358325,0.04459752412866258,0.013062781099260847,0.2767153933759982,0.09516191347933013,0.027046217003031413,0.46470542796589903,0.13637104817574128,0.0028597195327835466,0.04459752412866258
2025-06-18 06:00:00+00:00,9861.757585691174,0.0016124473513265195,0.04651886221199549,0.0063586681512328245,0.27396549119421687,0.09365146290865325,0.027111327931831488,0.4709989851883318,0.13427273277696666,0.0019213380833329086,0.04651886221199549
2025-06-18 08:00:00+00:00,9838.78047878626,-0.0023299200680263516,0.04387592904840208,0.0028663700293425857,0.27467780764097244,0.09362347879565695,0.026335025906636826,0.4731530387709188,0.13221064888581505,-0.0026429331635934106,0.04387592904840208
2025-06-18 10:00:00+00:00,9802.432831835618,-0.0036943244164265743,0.0396754224210753,0.02043221478294399,0.275708928298529,0.08697512029074143,0.024171628472208707,0.4925541328963062,0.12059019004221463,-0.00420050662732678,0.0396754224210753
2025-06-18 12:00:00+00:00,9779.562703275611,-0.002333107398168584,0.037046471443828534,0.0010427013431139297,0.2751306638268363,0.08761088544092978,0.024578564665134275,0.49212163612741355,0.12055824993968599,-0.0026289509772467645,0.037046471443828534
2025-06-18 14:00:00+00:00,9732.075405788555,-0.004855769008071375,0.031552510034113544,0.004321223368493429,0.2792990817142673,0.08582808887666024,0.02352465362743848,0.4906371203608855,0.12071105542074849,-0.005493961409714992,0.031552510034113544
2025-06-18 16:00:00+00:00,9757.260083606954,0.0025878013443482503,0.03469150213490997,0.004713079122470612,0.2758729954421186,0.08715431862548034,0.024322611892945,0.4932260114690295,0.1194240625704266,0.003138992100796429,0.03469150213490997
2025-06-18 18:00:00+00:00,9735.674837859457,-0.0022122240836606787,0.03221083855471377,0.0025139491329730992,0.2738155669625927,0.08735081283316992,0.02444351033881142,0.4954225679484466,0.11896754191697938,-0.002480663580196205,0.03221083855471377
2025-06-18 20:00:00+00:00,9703.784864349416,-0.0032755791499966555,0.02851678488339063,0.005277702267423152,0.2773413365291231,0.08642035357243602,0.02370949061997767,0.4918093446605911,0.12071947461787218,-0.003694053671323135,0.02851678488339063
2025-06-18 22:00:00+00:00,9791.140094928822,0.00900218129323327,0.03960793036748517,0.0021194789845152013,0.27597239192960166,0.08678243766004365,0.024141178035152845,0.4931350521423235,0.11996894023287838,0.011091145484094532,0.03960793036748517
2025-06-19 00:00:00+00:00,9784.063700823735,-0.000722734435058445,0.03883855883291604,0.002114198775985234,0.2764990095302333,0.08539177499158118,0.02403826614368883,0.49472263331767713,0.11934831601681968,-0.0007693715345691328,0.03883855883291604
2025-06-19 02:00:00+00:00,9751.49578821404,-0.0033286693142596984,0.035078650543186714,0.0009364403580162627,0.2764246400559667,0.08558459015649586,0.02419908077918091,0.4953054438752866,0.11848624513307,-0.0037599082897293258,0.035078650543186714
2025-06-19 04:00:00+00:00,9794.029685626412,0.004361781857484764,0.04031933818107583,0.002312649972897601,0.27488787184926444,0.08631787814424041,0.024665296040947075,0.49641859059867344,0.11771036336687461,0.005240687637889116,0.04031933818107583
2025-06-19 06:00:00+00:00,9789.25452286818,-0.0004875585342814356,0.03981740552369756,0.0028682626549932817,0.2774380113863574,0.08434917544445125,0.023944412212026256,0.4967367137165738,0.11753168724059132,-0.0005019326573782768,0.03981740552369756
2025-06-19 08:00:00+00:00,9773.852234177542,-0.0015733872946767234,0.03805611640182364,0.00163064979974413,0.2775845723568032,0.0836500818901036,0.02412530940917368,0.49803990534872467,0.11660013099519485,-0.0017612891218739197,0.03805611640182364
2025-06-19 10:00:00+00:00,9790.788137522884,0.0017327766922974651,0.04016649601967504,0.003843134293561864,0.278877422723272,0.08454458292140585,0.024124034661047934,0.4941980458032885,0.11825591389098569,0.002110379617851407,0.04016649601967504
2025-06-19 12:00:00+00:00,9766.807793630569,-0.002449276151774913,0.03738073796069098,0.0014489318392140477,0.2792485899572705,0.08408674893098363,0.023378589346460105,0.49527581040850405,0.11801026135678166,-0.002785758058984061,0.03738073796069098
2025-06-19 14:00:00+00:00,9733.895044170727,-0.003369857394071596,0.03353901236262095,0.0007633360259692579,0.27851877531478353,0.08435573133300968,0.023548968995055767,0.49524228902502176,0.11833423533212924,-0.0038417255980700356,0.03353901236262095
2025-06-19 16:00:00+00:00,9714.162474938696,-0.002027201766866023,0.031255937715427055,0.003941783473079228,0.28160857250453425,0.08379039210190614,0.023486724981457513,0.4919280887966443,0.11918622161545771,-0.0022830746471938896,0.031255937715427055
2025-06-19 18:00:00+00:00,9749.921168559866,0.0036810886901905704,0.03575702381356228,0.0026696851685113574,0.27960836466034006,0.08396301105840558,0.0236479706738256,0.4942639093162881,0.11851674429114052,0.004501086098135223,0.03575702381356228
2025-06-19 20:00:00+00:00,9745.612141465443,-0.000441955070192475,0.0353140341569958,0.0015077508512762478,0.2781435921486542,0.08461039440582284,0.023826894434940814,0.4949453530590319,0.11847376595155018,-0.00044298965656647883,0.0353140341569958
2025-06-19 22:00:00+00:00,9753.667092866432,0.0008265208264052473,0.036374018414295176,0.004047212781241115,0.28118468028359794,0.08427757075903289,0.023382716692443788,0.4916751416670778,0.11947989059784758,0.0010599842572993781,0.036374018414295176
2025-06-20 00:00:00+00:00,9776.264821174844,0.002316844330778851,0.03922149069377616,0.0021869870498555603,0.2804893070411475,0.08388120193559452,0.023464860554107108,0.49377998485527014,0.11838464561388092,0.002847472279480981,0.03922149069377616
2025-06-20 02:00:00+00:00,9785.832053312552,0.000978618348899906,0.040456241117466,0.0008588155669409271,0.28093573087644036,0.08363669679141698,0.023877252285755077,0.49318389082471503,0.11836642922167254,0.001234750423689838,0.040456241117466
2025-06-20 04:00:00+00:00,9774.49882950354,-0.001158125721682991,0.03914637872806039,0.001862865345498078,0.2822476429200995,0.0836813993930796,0.023702593275223262,0.49149568448974873,0.1188726799218488,-0.0013098623894056075,0.03914637872806039
2025-06-20 06:00:00+00:00,9769.008823133123,-0.000561666277338565,0.03854514658724163,0.002393579514402399,0.27990164016284125,0.08407813059558994,0.023976189645221954,0.4932189364316422,0.11882510316470479,-0.0006012321408187631,0.03854514658724163
2025-06-20 08:00:00+00:00,9840.655356690771,0.007334063757623838,0.04761378608511069,0.0004930886826597352,0.2800867830852757,0.08380065331424326,0.023880554163071558,0.49352688219186747,0.11870512724554208,0.009068639497869053,0.04761378608511069
2025-06-20 10:00:00+00:00,9841.505198427647,8.636027846444374e-05,0.047762440410084074,0.0027298969277966025,0.2819146746301258,0.0837049909740343,0.023383256811620703,0.49138994495573063,0.1196071326284885,0.00014865432497338565,0.047762440410084074
2025-06-20 12:00:00+00:00,9841.725089731475,2.2343259429782113e-05,0.04783455849577528,0.001052267212302633,0.28096819380900434,0.08415586096532246,0.023319355197740272,0.4919913421767451,0.11956524785118779,7.21180856912041e-05,0.04783455849577528
2025-06-20 14:00:00+00:00,9829.699783950771,-0.0012218697099403892,0.04642169647348126,0.0008055085218309221,0.28168920976805706,0.08335373077402776,0.023315976867204064,0.49200586612978486,0.11963521646092626,-0.00141286202229402,0.04642169647348126
2025-06-20 16:00:00+00:00,9758.306575330604,-0.007263010080606234,0.037907208712547116,0.0011826597555290256,0.2823029641561391,0.083606974896216,0.023631638112462834,0.49101995366355355,0.11943846917162856,-0.008514487760934143,0.037907208712547116
2025-06-20 18:00:00+00:00,9679.848641234445,-0.008040117769460557,0.02864083747956701,0.0013506538781674834,0.2819309680876704,0.08451694119841306,0.02375540372249465,0.49004129585385475,0.11975539113756714,-0.009266371232980106,0.02864083747956701
2025-06-20 20:00:00+00:00,9685.126149005568,0.0005452056087572862,0.02938476511078643,0.002990253528211117,0.2789407145594593,0.0856312378652191,0.024353031476556628,0.4911979775801583,0.1198770385186067,0.0007439276312194199,0.02938476511078643
2025-06-20 22:00:00+00:00,9693.121910360807,0.0008255712142749258,0.030463919211095963,0.0029266224540752533,0.2812234603209568,0.08389891702872285,0.023749578640184458,0.4918418542727361,0.11928618973739989,0.001079154100309535,0.030463919211095963
2025-06-21 00:00:00+00:00,9674.180002139172,-0.0019541597017765444,0.028243543217569014,0.0038392861448304123,0.2804599941207267,0.08622587422065428,0.023683181917587,0.4888324310507332,0.12079851869029885,-0.0022203759935269483,0.028243543217569014
2025-06-21 02:00:00+00:00,9709.155604849399,0.003615355792686649,0.03273278750416658,0.001401992171148482,0.27930093794399224,0.08602542791295217,0.02364069223087503,0.49012118696036877,0.12091175495181172,0.004489244286597568,0.03273278750416658
2025-06-21 04:00:00+00:00,9706.965463587649,-0.00022557484408392998,0.03254812038337064,0.002031347564395738,0.27996898356772487,0.08530361512464567,0.02381642738829955,0.4888116521842796,0.12209932173505035,-0.0001846671207959402,0.03254812038337064
2025-06-21 06:00:00+00:00,9695.469668371868,-0.0011842831066930179,0.031220784582187616,0.003955094312603286,0.27714951044468605,0.08627459539460251,0.024276078042531162,0.49133611557269447,0.12096370054548594,-0.0013273358011830238,0.031220784582187616
2025-06-21 08:00:00+00:00,9684.845036633042,-0.001095834663222883,0.029998860988541293,0.003749882033527656,0.2780884231521158,0.0858086761891757,0.024160928780976972,0.4881673020061477,0.12377466987158377,-0.001221923593646321,0.029998860988541293
2025-06-21 10:00:00+00:00,9697.262428797432,0.0012821467062633935,0.03164358462292145,0.006779444851232679,0.2752415138010349,0.08642079947531871,0.024050534703439645,0.4943346235712374,0.11995252844896934,0.0016447236343801568,0.03164358462292145
2025-06-21 12:00:00+00:00,9708.728648842118,0.0011824182473018255,0.03316542705099374,0.0023458301004255586,0.27758734390146045,0.08525783697001058,0.023679760280187954,0.49383462796421385,0.11964043088412717,0.001521842428072289,0.03316542705099374
2025-06-21 14:00:00+00:00,9649.206337827827,-0.006130803853642529,0.026017070801068888,0.0014713125805421428,0.2790586564820026,0.08506032165019074,0.02345513791954782,0.49304694564747514,0.11937893830078372,-0.007148356249924852,0.026017070801068888
2025-06-21 16:00:00+00:00,9651.34478888455,0.00022161937281199736,0.026386317156105257,0.003060656237790574,0.277438741537368,0.08609700651846562,0.02394996202083944,0.49457609291569915,0.11793819700762767,0.0003692463550363673,0.026386317156105257
2025-06-21 18:00:00+00:00,9600.095975790746,-0.005310017848790019,0.020227528539381274,0.0018662372883833257,0.2755725042489848,0.08687683246774937,0.02423306670022948,0.49509369172598106,0.11822390485705538,-0.006158788616723982,0.020227528539381274
2025-06-21 20:00:00+00:00,9555.779979539446,-0.004616203459116991,0.014905797245007235,0.000637593776144375,0.2755696897971103,0.08671543967643934,0.024010313448995846,0.49484305844425486,0.11886149863319977,-0.00532173129437404,0.014905797245007235
2025-06-21 22:00:00+00:00,9449.174247204379,-0.011156151833060958,0.0024751287575605803,0.0007168129356061887,0.2751048563082258,0.08733252104298536,0.02411004501805603,0.4947176955182298,0.11873488211250313,-0.012430668487446655,0.0024751287575605803
2025-06-22 00:00:00+00:00,9503.632939394478,0.005763328177191009,0.009810985381162533,0.005689430740054591,0.270471080566324,0.08878758903380844,0.02499552244621161,0.4980665808393057,0.11767922711435029,0.007335856623601954,0.009810985381162533
2025-06-22 02:00:00+00:00,9501.880730794359,-0.00018437250378809227,0.009732891125348413,0.005811714446156486,0.2747420166196785,0.08670941236801556,0.024215058047486818,0.49511350745766686,0.11922000550715224,-7.809425581412097e-05,0.009732891125348413
2025-06-22 04:00:00+00:00,9503.689562695448,0.0001903656710010225,0.010101389285266483,0.006778861092161026,0.2690328110519439,0.08994893577711989,0.025644117950263973,0.49722378523794636,0.1181503499827258,0.0003684981599180695,0.010101389285266483
2025-06-22 06:00:00+00:00,9558.002341387459,0.005714915068901452,0.017332667362397667,0.003128309985286548,0.2687542820585325,0.08904222947605962,0.025683855679694428,0.5003123574938025,0.11620727529191097,0.007231278077131184,0.017332667362397667
2025-06-22 08:00:00+00:00,9533.413656903303,-0.002572575691646689,0.014435821047308546,0.006039561615690862,0.26432447380323143,0.08917220815313309,0.02598798904471249,0.5059178070674019,0.11459752193152119,-0.0028968463150891213,0.014435821047308546
2025-06-22 10:00:00+00:00,9478.60183085921,-0.005749443800165159,0.007944000159971812,0.005123365581797228,0.2615312412612482,0.08889451877874875,0.026462124100147942,0.5105670375937637,0.11254507826609153,-0.006491820887336734,0.007944000159971812
2025-06-22 12:00:00+00:00,9523.898932755363,0.004778880124353329,0.013976142573127272,0.0054080551578748,0.26517171865954364,0.08836400350467243,0.025855578366144816,0.5062960434439683,0.11431265602567088,0.00603214241315546,0.013976142573127272
2025-06-22 14:00:00+00:00,9338.863715867363,-0.019428515379516724,-0.006245337425071419,0.005127365803420226,0.26889967202202303,0.08725414421957757,0.024944573744921504,0.5031895415468662,0.11571206846661174,-0.02022147999819869,-0.006245337425071419
2025-06-22 16:00:00+00:00,9209.124633186857,-0.013892384194457142,-0.020178338132897447,0.006511497901635991,0.2643290554854241,0.08889646555200628,0.026168791927681265,0.5068344999333138,0.11377118710157465,-0.01393300070782603,-0.020178338132897447
2025-06-22 18:00:00+00:00,9256.659490634365,0.005161712903331483,-0.013900825510072125,0.005417366813599998,0.26918778963618006,0.08588412637995098,0.024576525219734476,0.5060217389997158,0.11432981976441867,0.006277512622825322,-0.013900825510072125
2025-06-22 20:00:00+00:00,9197.35215506357,-0.006406991164663672,-0.020488051189030423,0.0014849891975494446,0.26905931842799147,0.08664545783610343,0.02486905076344964,0.5046652210103549,0.11476095196210047,-0.006587225678958299,-0.020488051189030423
2025-06-22 22:00:00+00:00,9212.469137401407,0.0016436233040739733,-0.018411171354746386,0.013368878167301973,0.25920252346238626,0.08871693249541507,0.02672957307223416,0.5141021022095608,0.11124886876040371,0.0020768798342840388,-0.018411171354746386
2025-06-23 00:00:00+00:00,9350.284964947814,0.014959705752162853,0.0008185476053460226,0.0067770801984961375,0.26455524606828434,0.0866243010028358,0.025635365430535694,0.5105118611453424,0.11267322635300182,0.019229718960092408,0.0008185476053460226
2025-06-23 02:00:00+00:00,9399.202229803861,0.005231633585439045,0.006900152295608689,0.004792734250228359,0.2608989212465713,0.08793545681579551,0.026316780006035583,0.5133120250071112,0.11153681692448646,0.0060816046902626665,0.006900152295608689
2025-06-23 04:00:00+00:00,9389.188065215725,-0.0010654270802242084,0.005894469402994408,0.010088817769858963,0.25494246591824576,0.08796562333250259,0.027751923922338148,0.5219355323439605,0.10740445448295309,-0.0010056828926142815,0.005894469402994408
2025-06-23 06:00:00+00:00,9429.510699866749,0.004294581636979611,0.010866686908611638,0.009407833038889587,0.2612192935272316,0.08708089957135406,0.02640763941210645,0.5147567075764511,0.11053545991285678,0.004972217505617229,0.010866686908611638
2025-06-23 08:00:00+00:00,9450.290102641275,0.0022036565242795634,0.013443398050225784,0.004170993410080525,0.2633956547695511,0.08762616756424832,0.026341715568294902,0.5106516380101821,0.11198482408772352,0.0025767111416141455,0.013443398050225784
2025-06-23 10:00:00+00:00,9416.52417014234,-0.0035730048635752723,0.00974990945522998,0.0026724284319344233,0.2622600676104877,0.08692671719680482,0.026177471576696993,0.5133240664421166,0.111311677173894,-0.0036934885949958048,0.00974990945522998
2025-06-23 12:00:00+00:00,9380.816483558407,-0.0037920240992058095,0.005835385140218848,0.010179768692785725,0.27040467427320963,0.08521681874777932,0.02499699496374684,0.5060346728113064,0.1133468392039577,-0.003914524315011132,0.005835385140218848
2025-06-23 14:00:00+00:00,9498.040504469554,0.012496142645643353,0.02079994929388421,0.005685624561733604,0.26584317512948286,0.08681940588144552,0.025715569399384408,0.5093991358037363,0.1122227137859509,0.014964564153665363,0.02079994929388421
2025-06-23 16:00:00+00:00,9427.922607896375,-0.007382353922388965,0.013247492690866683,0.004249175888079198,0.26894499291693463,0.08489456260013552,0.024559588002457756,0.5082307845938938,0.11337007188657838,-0.0075524566030175265,0.013247492690866683
2025-06-23 18:00:00+00:00,9498.54788848021,0.007491075555147529,0.0217893116886864,0.0018870861864848012,0.2708320791034194,0.08433071728781807,0.02433126871658393,0.5082135894150609,0.11229234547711772,0.008541818997819715,0.0217893116886864
2025-06-23 20:00:00+00:00,9552.27214487422,0.00565604943247871,0.02813241415438896,0.0019681430629976873,0.2689204465678667,0.08492472211375594,0.024587731837673772,0.5093312645310308,0.11223583494967271,0.006343102465702561,0.02813241415438896
2025-06-23 22:00:00+00:00,9599.84248112074,0.004980002194770739,0.033674393296290905,0.004972870362998951,0.27078035587379906,0.08475387898989369,0.024535735596633773,0.5045812335329342,0.1153487960067393,0.0055419791419019405,0.033674393296290905
2025-06-24 00:00:00+00:00,9728.31856231556,0.013383144717997578,0.048791938517264336,0.0027563980885019785,0.27267644281819836,0.08346398305687311,0.02441614679016357,0.5054415446770368,0.11400188265772809,0.015117545220973428,0.048791938517264336
2025-06-24 02:00:00+00:00,9725.090758021643,-0.00033179467481893814,0.04850008907250883,0.004157038168827837,0.2700202918525665,0.08442484708319867,0.02547441189265645,0.5075794537170463,0.11250099545453217,-0.0002918494447555101,0.04850008907250883
2025-06-24 04:00:00+00:00,9706.544603379183,-0.0019070418059762705,0.04655730824566415,0.005168346171168264,0.27220649876059,0.08445261137571618,0.025713190547493173,0.502411107545878,0.11521659177032272,-0.0019427808268446811,0.04655730824566415
2025-06-24 06:00:00+00:00,9746.63709227578,0.0041304594513106715,0.05102603773866455,0.0023915590020318588,0.27026683905939874,0.08541070248344373,0.026135831272043157,0.5019592082450374,0.11622741894007697,0.004468729493000405,0.05102603773866455
2025-06-24 08:00:00+00:00,9700.139871888896,-0.004770591122525131,0.04609313918414671,0.005570827529659674,0.27583766658905845,0.08463620005885697,0.02488509628763695,0.49885928542065666,0.11578175164379101,-0.00493289855451784,0.04609313918414671
2025-06-24 10:00:00+00:00,9712.468499922621,0.0012709742536244225,0.047502557415481296,0.009422632264134919,0.2764576519464127,0.08737274636114627,0.026138447768984198,0.48943665315652163,0.12059450076693502,0.0014094182313345875,0.047502557415481296
2025-06-24 12:00:00+00:00,9706.7780261422,-0.0005858936665243418,0.046942947285778955,0.013636276393270462,0.281458648260876,0.08992827052787095,0.02662783579509882,0.4758003767632513,0.12618486865290302,-0.0005596101297023423,0.046942947285778955
2025-06-24 14:00:00+00:00,9720.056726964955,0.0013679823301812272,0.048459408122159035,0.0061806620699363605,0.28308764419793125,0.09447993666075205,0.025124917651897165,0.4718404182465858,0.12546708324283382,0.0015164608363800812,0.048459408122159035
2025-06-24 16:00:00+00:00,9727.961894117832,0.0008132840553231254,0.049382636505044264,0.008346296841161106,0.2810015883087873,0.09796076781973978,0.02670395961245925,0.46558017729456863,0.1287535069644451,0.0009232283828852285,0.049382636505044264
2025-06-24 18:00:00+00:00,9781.917968798594,0.005546493219035556,0.05541985064908902,0.021289940307522265,0.2843897718990195,0.10165710322405441,0.027845713528183876,0.44429023698704634,0.14181717436169589,0.006037214144044754,0.05541985064908902
2025-06-24 20:00:00+00:00,9755.527267969583,-0.0026979065775433893,0.05260814861829779,0.024631194491923573,0.2845613300484406,0.11131500573969973,0.030056604169984763,0.4196590424951227,0.1544080175467521,-0.002811702030791228,0.05260814861829779
2025-06-24 22:00:00+00:00,9777.998147534669,0.002303399800732829,0.05512170245449599,0.002729269550527406,0.283640121611581,0.11299352909466398,0.031107350365548053,0.41871030232160433,0.1535486966066028,0.0025135538361982,0.05512170245449599
2025-06-25 00:00:00+00:00,9782.0729082636,0.00041672750060402913,0.055610084118718615,0.024882414358201738,0.28981334632210043,0.11276966157933517,0.030576878013549413,0.39458222783073,0.17225788625428504,0.0004883816642226272,0.055610084118718615
2025-06-25 02:00:00+00:00,9805.683775209816,0.0024136874839963693,0.058243431203690965,0.008212445212099113,0.2947627668884976,0.11430528444513544,0.031130930694815134,0.39575557692936586,0.16404544104218585,0.002633347084972349,0.058243431203690965
2025-06-25 04:00:00+00:00,9811.61963721646,0.0006053491161574791,0.058929060090408165,0.01981119856427529,0.29278695337804095,0.11629975920079981,0.03272298238850758,0.37792019187554726,0.18027011315710434,0.0006856288867172001,0.058929060090408165
2025-06-25 06:00:00+00:00,9779.698106336105,-0.0032534415377531174,0.055493579619242936,0.009736554616202698,0.29473111453488215,0.11643938366007547,0.03240454014674922,0.3685020795011029,0.18792288215719016,-0.0034354804711652304,0.055493579619242936
2025-06-25 08:00:00+00:00,9805.800087615644,0.0026689966291112716,0.058415714871487,0.007124057255845209,0.2904392214346541,0.11728765051864111,0.033320337089161906,0.37386207295596985,0.18509071800157303,0.002922135252244063,0.058415714871487
2025-06-25 10:00:00+00:00,9783.22003700786,-0.002302723939508034,0.05598637756262729,0.014430367852047703,0.29264702750064975,0.11735769626293763,0.03434196148779198,0.35943170510392214,0.1962216096446985,-0.0024293373088597153,0.05598637756262729
2025-06-25 12:00:00+00:00,9824.28675921054,0.004197669279371382,0.060581601287437344,0.009492054460648623,0.2905859621936835,0.12097575133871152,0.03364621866490429,0.36530570448879685,0.1894863633139038,0.004595223724810054,0.060581601287437344
2025-06-25 14:00:00+00:00,9847.533636241293,0.002366266132140227,0.06317070189285795,0.00902206697745975,0.281962046405773,0.12360644422642274,0.036037336728584675,0.36490755329924757,0.19348661933997194,0.0025891006054206116,0.06317070189285795
2025-06-25 16:00:00+00:00,9780.152048273943,-0.006842483656960514,0.05587872704403647,0.009264822446426315,0.2864575952232468,0.12372706833904189,0.03553771604197713,0.3561423515394289,0.1981352688563054,-0.00729197484882148,0.05587872704403647
2025-06-25 18:00:00+00:00,9813.512008928043,0.0034109858915727514,0.05961371100647496,0.004216291860138461,0.28710101879855926,0.12478246366797643,0.0364992733747451,0.35769826716255226,0.19391897699616678,0.003734983962438487,0.05961371100647496
2025-06-25 20:00:00+00:00,9843.701587297723,0.003076327653363321,0.06297630030118785,0.008136006023267413,0.28366010400793845,0.1265928493842692,0.03841166950882691,0.35300317592990577,0.19833220116905972,0.0033625892947128917,0.06297630030118785
2025-06-25 22:00:00+00:00,9833.150317686328,-0.001071880279772966,0.06184999498809514,0.009461770398304654,0.28409907088581715,0.12489202850047933,0.03669285135479311,0.36202597945033166,0.19229006980857868,-0.0011263053130927138,0.06184999498809514
2025-06-26 00:00:00+00:00,9816.520917810554,-0.0016911568865030332,0.06005735511904795,0.01219744262842655,0.2795847570243844,0.12987667299974925,0.03926172943780014,0.35434285068333793,0.19693398985472835,-0.0017926398690471877,0.06005735511904795
2025-06-26 02:00:00+00:00,9856.803987344552,0.004103599418905223,0.06455732940434944,0.012804454822165336,0.2842406857891228,0.1235299798747914,0.03677813177615123,0.3624913767407648,0.19295982581916973,0.0044999742853014885,0.06455732940434944
2025-06-26 04:00:00+00:00,9881.12792624701,0.0024677308114971854,0.06725992867692077,0.002117847183256801,0.28438234074853846,0.12469632403585927,0.03727646252110634,0.360373529557508,0.1932713431369879,0.0027025992725713266,0.06725992867692077
2025-06-26 06:00:00+00:00,9859.733114403087,-0.0021652195987761076,0.06493707057565253,0.0026175380422177284,0.28329958360434143,0.12632175430127449,0.03826857029790888,0.35955886985933655,0.1925512219371387,-0.0023228581012682413,0.06493707057565253
2025-06-26 08:00:00+00:00,9876.196858255424,0.0016697960950166398,0.06677664280995355,0.0050739513805995486,0.2789000461051946,0.12655484505323844,0.03759415641645609,0.3623761341318378,0.19457481829327297,0.0018395722343010246,0.06677664280995355
2025-06-26 10:00:00+00:00,9841.064042357513,-0.003557322358205379,0.06294158448253173,0.0032649245971743263,0.2812999922951495,0.12674127438043858,0.038272705496475386,0.3598341713076797,0.19385185652025677,-0.0038350583274218072,0.06294158448253173
2025-06-26 12:00:00+00:00,9824.67098144147,-0.0016657813469646728,0.06116035385715915,0.00425248845951574,0.2855524807546653,0.12446192243141868,0.03816757766334293,0.358078372874022,0.19373964627655116,-0.0017812306253725794,0.06116035385715915
2025-06-26 14:00:00+00:00,9791.63384528324,-0.0033626709963760332,0.05754286629089128,0.002117050895048312,0.2843084419618943,0.12489072516762556,0.03729456556106559,0.35890842138341755,0.194597845925997,-0.0036174875662678702,0.05754286629089128
2025-06-26 16:00:00+00:00,9818.181226238923,0.002711230972803353,0.060552593079981155,0.014329904063549993,0.27937257425184314,0.12790908104372714,0.0384110694797095,0.3691034656522221,0.18520380957249818,0.0030097267890898762,0.060552593079981155
2025-06-26 18:00:00+00:00,9807.707500724682,-0.0010667684037293972,0.05942141626040812,0.007840044780004132,0.28051665332114656,0.12475695042939357,0.037008787555428004,0.36581783341083296,0.19189977528319885,-0.0011311768195730312,0.05942141626040812
2025-06-26 20:00:00+00:00,9827.281677787605,0.001995795353957823,0.06164665845404584,0.005625327947326203,0.2792039891419172,0.12641514921280894,0.037341924615713305,0.3694518255144585,0.18758711151510202,0.0022252421936377205,0.06164665845404584
2025-06-26 22:00:00+00:00,9799.197013471514,-0.002857826328471882,0.05855675889463874,0.00436232912349125,0.276861530204909,0.12563973741385434,0.03765383296441569,0.3735022462892475,0.1863426531275737,-0.0030898995594071006,0.05855675889463874
2025-06-27 00:00:00+00:00,9782.662461990825,-0.001687337386722464,0.056746276412088466,0.007285413696721747,0.27736050288328107,0.12616069745201963,0.03695218823527099,0.37976772726943175,0.17975888415999652,-0.0018104824825502708,0.056746276412088466
2025-06-27 02:00:00+00:00,9806.056634706307,0.0023913911786671077,0.059425279334788764,0.004188069093182159,0.27822904891491806,0.12347925352789732,0.03595769331478418,0.38308725033097696,0.17924675391142353,0.0026790029227003005,0.059425279334788764
2025-06-27 04:00:00+00:00,9837.079746295189,0.003163668408673251,0.06295835203916116,0.007086944002329773,0.27548075262291377,0.12477656790621854,0.037156583920378995,0.3787486026206515,0.1838374929298373,0.003533072704372397,0.06295835203916116
2025-06-27 06:00:00+00:00,9818.373851587812,-0.0019015698957225962,0.06089659846536146,0.02222917571566397,0.2823714086601574,0.1217204451878547,0.034129000028319305,0.3940871222990717,0.16769202382459675,-0.002061753573799697,0.06089659846536146
2025-06-27 08:00:00+00:00,9803.220604518128,-0.0015433560891790318,0.05922933237044142,0.00682892242198873,0.27925499138595405,0.11830775432981791,0.03382918573857079,0.3984370100734484,0.17017105847220887,-0.0016672660949200403,0.05922933237044142
2025-06-27 10:00:00+00:00,9824.471062225233,0.00216770167319411,0.061667744778363724,0.015138180062898313,0.27809685113300275,0.11657496532633559,0.03236289174968102,0.4135751901363467,0.15939010165463394,0.0024384124079223023,0.061667744778363724
2025-06-27 12:00:00+00:00,9818.89306176635,-0.0005677659818583513,0.06107029307008546,0.011788269987421586,0.2789845214123285,0.1163929216424416,0.03342417384641668,0.40196896383281905,0.16922941926599408,-0.0005974517082782605,0.06107029307008546
2025-06-27 14:00:00+00:00,9803.78355670071,-0.0015388195971371623,0.05939943882512088,0.010948631922087428,0.2771174160169832,0.11851614190911122,0.032717756244122785,0.41079437548823694,0.16085431034154593,-0.0016708542449645843,0.05939943882512088
2025-06-27 16:00:00+00:00,9828.990841398509,0.0025711792342223362,0.06230042358299542,0.009673985636919964,0.27729261868579025,0.11107583261792744,0.03156095163069884,0.42029315845634985,0.15977743860923369,0.0029009847578745454,0.06230042358299542
2025-06-27 18:00:00+00:00,9784.265371576226,-0.004550362345837569,0.05730072540219626,0.009480471540960418,0.2767232769393115,0.1110470520285149,0.030637788270151286,0.4297736299973102,0.15181825276471209,-0.004999698180799161,0.05730072540219626
2025-06-27 20:00:00+00:00,9795.587650776048,0.0011571925709121752,0.05862819179655889,0.004567031288219578,0.27777471680978016,0.109387636594789,0.03018793597102612,0.4332892214150611,0.14936048920934356,0.0013274663943626333,0.05862819179655889
2025-06-27 22:00:00+00:00,9815.835737734089,0.0020670619956564868,0.06097376054600265,0.0024089471697397377,0.277483628904911,0.10842187760579601,0.03014783276588648,0.43217722434432315,0.1517694363790833,0.00234556874944376,0.06097376054600265
2025-06-28 00:00:00+00:00,9811.267595015759,-0.0004653850003590874,0.06048677137612511,0.03171098999360524,0.27434647093204806,0.09981164520388025,0.02804344607139778,0.4638882143379284,0.13391022345474546,-0.00048698916987753284,0.06048677137612511
2025-06-28 02:00:00+00:00,9811.405424559749,1.4048087329560057e-05,0.06053500730804357,0.014984576057618234,0.2758293709288307,0.10449722123420636,0.028710260575480373,0.44890363828031016,0.14205950898117237,4.823593191845963e-05,0.06053500730804357
2025-06-28 04:00:00+00:00,9808.998681435029,-0.0002453005477376323,0.0602930209544505,0.00934091875372796,0.27774516640273483,0.09887917128631371,0.027529509207631236,0.456328761560134,0.13951739154318624,-0.0002419863535930735,0.0602930209544505
2025-06-28 06:00:00+00:00,9811.541680428412,0.0002592516398433738,0.0606166896025137,0.01679115339760697,0.2752122274295407,0.09449996675066687,0.026275600935002093,0.473119914957741,0.13089228992704935,0.00032366864806320075,0.0606166896025137
2025-06-28 08:00:00+00:00,9836.713055557473,0.002565486235386471,0.06354120180264898,0.007707209379255923,0.2761590885232057,0.09846176276843269,0.027105366525588887,0.4654127055784851,0.1328610766042877,0.0029245122001352766,0.06354120180264898
2025-06-28 10:00:00+00:00,9829.02628894963,-0.0007814364985975233,0.06269051745795116,0.0029080112822732346,0.27726313896706367,0.09650177755870039,0.026417800735015654,0.46721666641690035,0.13260061632232,-0.0008506843446978218,0.06269051745795116
2025-06-28 12:00:00+00:00,9827.745277985801,-0.0001303293862658195,0.06257238142830326,0.008367093070005618,0.27728268386890303,0.0948845930746024,0.025924147989290675,0.4755642145850666,0.12634436048213735,-0.00011813602964790503,0.06257238142830326
2025-06-28 14:00:00+00:00,9812.448685432037,-0.001556470189355529,0.060848551218585,0.002855426702890353,0.27783048457259385,0.09358871432476368,0.025344145080519867,0.4745846695407857,0.12865198648133683,-0.0017238302097182673,0.060848551218585
2025-06-28 16:00:00+00:00,9837.935128072308,0.002597358055804084,0.06382673481903132,0.004788013809128966,0.27927245776720244,0.09434405570452926,0.025800717067808843,0.46979665573165674,0.13078611372880264,0.0029781836004463265,0.06382673481903132
2025-06-28 18:00:00+00:00,9847.843219721362,0.0010071312241916985,0.06499419177313365,0.005401481565177248,0.27622233538930513,0.09461412175727253,0.02565616001174676,0.47492807124409075,0.12857931159758482,0.0011674569541023263,0.06499419177313365
2025-06-28 20:00:00+00:00,9837.618076465118,-0.0010383129613362842,0.0638436030514337,0.003476720706103593,0.27753546323918526,0.09398000826125116,0.025880905610947625,0.4720854640340086,0.13051815885460746,-0.0011505887216999447,0.0638436030514337
2025-06-28 22:00:00+00:00,9846.6910773155,0.0009222761831025609,0.06491824032137093,0.015043073268585172,0.2839124188341381,0.09794333343347733,0.026348471013391207,0.4570423907654234,0.13475338595357006,0.0010746372699372297,0.06491824032137093
2025-06-29 00:00:00+00:00,9847.59705629852,9.200847024717371e-05,0.06504763214921437,0.015997476090481667,0.28026522539976495,0.09195785177058512,0.025380586534471963,0.473039866855905,0.1293564694392729,0.0001293918278434327,0.06504763214921437
2025-06-29 02:00:00+00:00,9835.940328544166,-0.0011837129086124164,0.06372588173737952,0.007281385620510729,0.2830919621819583,0.0942399112475628,0.02597074937082088,0.4657584812353943,0.13093889596426372,-0.0013217504118348544,0.06372588173737952
2025-06-29 04:00:00+00:00,9843.115046559491,0.0007294389530305719,0.06458552198930273,0.004643571967157445,0.2832610387684324,0.09727589849349592,0.026564573816220828,0.46111490926823684,0.13178357965361398,0.0008596402519232083,0.06458552198930273
2025-06-29 06:00:00+00:00,9854.758674097302,0.0011829210044517493,0.0659643121544213,0.008233369539365785,0.2814834055176157,0.0935594083279166,0.025780843607722127,0.4693482788076026,0.1298280637391429,0.0013787901651185833,0.0659643121544213
2025-06-29 08:00:00+00:00,9858.360926605958,0.0003655343197925228,0.06640577724252078,0.006221376882636555,0.2850507523518154,0.09416678116033954,0.025917501510918796,0.46312690192496614,0.13173806305196026,0.0004414650880994748,0.06640577724252078
2025-06-29 10:00:00+00:00,9876.34856105655,0.0018246070096749284,0.06852343354611982,0.008902033106043594,0.2847368653233578,0.09722697507896819,0.026747826805703666,0.45453875584738,0.13674957694459022,0.002117656303599044,0.06852343354611982
2025-06-29 12:00:00+00:00,9907.675204086381,0.003171885118894608,0.07219282026765524,0.00542434609976036,0.28307209225502045,0.09551524234737173,0.026533605588441825,0.45996310194714046,0.1349159578620256,0.003669386721535407,0.07219282026765524
2025-06-29 14:00:00+00:00,9883.329934967238,-0.0024572130815411837,0.06938669188868535,0.0038487660173690125,0.2832891902488107,0.09832020639037621,0.027170936546270744,0.4561143359297714,0.1351053308847709,-0.0028061283789698925,0.06938669188868535
2025-06-29 16:00:00+00:00,9863.466025998257,-0.0020098397098636004,0.06709614930228128,0.006196939069006251,0.28505916326431985,0.09977792410576028,0.027340488624437095,0.4499173968607652,0.13790502714471764,-0.002290542586404076,0.06709614930228128
2025-06-29 18:00:00+00:00,9857.444570706835,-0.0006104806642563458,0.06641456807845483,0.00519650369941509,0.2877899033995897,0.09853566158174472,0.02734418868559,0.4459631556853656,0.14036709064770989,-0.0006815812238264421,0.06641456807845483
2025-06-29 20:00:00+00:00,9853.29141073386,-0.00042132217363078853,0.06595095447979128,0.003941394580808584,0.28750540580891365,0.09912774115829506,0.02747899889954294,0.4491776604756709,0.1367101936575774,-0.00046361359866355176,0.06595095447979128
2025-06-29 22:00:00+00:00,9855.581440650683,0.00023241268540246141,0.06624250112073993,0.004564461503986728,0.28592440676515035,0.10127490377308099,0.027539800296520797,0.4461941980154475,0.13906669114980036,0.00029154664094864453,0.06624250112073993
2025-06-30 00:00:00+00:00,9949.357779313577,0.009515048830716445,0.07738589924077692,0.0009171723895568095,0.2853480012445328,0.10101992886355282,0.027454008337109665,0.44642750080209426,0.1397505607527104,0.011143398120036998,0.07738589924077692
2025-06-30 02:00:00+00:00,9948.365289448644,-9.975416373070942e-05,0.07727538338260433,0.003158433991762912,0.2840312271047802,0.10028850354873042,0.027548469279898284,0.44531726626490636,0.14281453380168468,-0.00011051585817259898,0.07727538338260433
2025-06-30 04:00:00+00:00,9954.082494134402,0.0005746878526687658,0.07794175985497909,0.008885251541646226,0.286400218018465,0.10411416245752941,0.028347563755173912,0.43643201472326015,0.1447060410455715,0.0006663764723747582,0.07794175985497909
2025-06-30 06:00:00+00:00,9947.306449785412,-0.0006807301780935657,0.07715978675580537,0.005790415659558004,0.2874551514027844,0.10356860617860976,0.02877253641848112,0.43118715534262186,0.14901655065750297,-0.0007819730991737105,0.07715978675580537
2025-06-30 08:00:00+00:00,9914.565477708893,-0.003291440978700917,0.07336369891236694,0.005415080033901495,0.29006213167467276,0.10290579405913647,0.028725820074057447,0.42648160377261735,0.1518246504195161,-0.0037960878434384272,0.07336369891236694
2025-06-30 10:00:00+00:00,9880.388095156202,-0.0034471891511062367,0.06939519424116206,0.006734758655429598,0.2940722599401213,0.10556188865688988,0.028794355866284985,0.4213817752969527,0.15018972023975105,-0.00396850467120488,0.06939519424116206
2025-06-30 12:00:00+00:00,9900.044345490101,0.001989420875434598,0.07171791219052778,0.009773662801911116,0.28997747598007756,0.10771688186479182,0.030026135534970622,0.41570289645508535,0.1565766101650746,0.002322717949365732,0.07171791219052778
2025-06-30 14:00:00+00:00,9889.80250604074,-0.001034524603319245,0.07053360664643042,0.01947449929531409,0.28796683562149816,0.10380603700960016,0.02845025471745689,0.4351773957503995,0.14459947690104535,-0.0011843055440973658,0.07053360664643042
2025-06-30 16:00:00+00:00,9921.717384346763,0.003227049103005676,0.07430185911512599,0.014640200238161259,0.2859215562049843,0.10826762129742552,0.030341225256614597,0.4225824749287521,0.15288712231222354,0.003768252468695562,0.07430185911512599
2025-06-30 18:00:00+00:00,9933.849174782814,0.0012227510587221547,0.07573158207997675,0.0048006429351196474,0.28307060311276244,0.1082134601583157,0.03026875410417541,0.42075941737740324,0.15768776524734313,0.0014297229648507657,0.07573158207997675
2025-06-30 20:00:00+00:00,9965.752363559926,0.0032115636361883648,0.07947677604754141,0.006611509578909724,0.2796161607073208,0.10709731173975447,0.03026284298135404,0.427370926956313,0.15565275761525768,0.0037451939675646646,0.07947677604754141
2025-06-30 22:00:00+00:00,9921.076837862553,-0.004482905461381062,0.07426263719830425,0.0030470241956458786,0.2800805137968027,0.10828218620222643,0.0302199274976947,0.42876872360000506,0.15264864890327118,-0.005214138849237153,0.07426263719830425
2025-07-01 00:00:00+00:00,9917.49989009477,-0.0003605402746334502,0.07385253417740412,0.007315851194030325,0.2843428422606165,0.10688480989134565,0.029821308968502658,0.42324886724604754,0.15570217163348768,-0.0004101030209001381,0.07385253417740412
2025-07-01 02:00:00+00:00,9929.491824355879,0.001209169084346113,0.07527229824927431,0.008905611486475801,0.28897938294508135,0.10500311068482347,0.02903083633226782,0.4275179380480585,0.14946873198976887,0.0014197640718701906,0.07527229824927431
2025-07-01 04:00:00+00:00,9913.560058071478,-0.0016044895918360675,0.07340868446384405,0.0032474448315806988,0.2883203726915619,0.10339525436163875,0.029854583976908433,0.42994163523499856,0.14848815373489233,-0.0018636137854302682,0.07340868446384405
2025-07-01 06:00:00+00:00,9871.85092005208,-0.004207281518957373,0.06851310475959689,0.004467170414735773,0.28648533593306535,0.10564652647778132,0.029248153684277398,0.4321575335335917,0.14646245037128408,-0.004895579704247153,0.06851310475959689
2025-07-01 08:00:00+00:00,9892.698988733831,0.002111870291659656,0.07100405263327507,0.0053374996694213,0.28114783626364415,0.10789030320324919,0.030363692042552116,0.43283318673014154,0.14776498176041306,0.002490947873678175,0.07100405263327507
2025-07-01 10:00:00+00:00,9863.864733063136,-0.0029147005992533307,0.06761485958265809,0.008229199155001544,0.2762473628404772,0.1051601295736772,0.029765139940289516,0.43967677024273394,0.1491505974028222,-0.0033891930506169876,0.06761485958265809
2025-07-01 12:00:00+00:00,9857.024760117869,-0.0006934374234005681,0.06682304531196114,0.015932045769225505,0.2767713979998694,0.11225966995126752,0.03176457471255935,0.42374472447350836,0.15545963286279527,-0.0007918142706969473,0.06682304531196114
2025-07-01 14:00:00+00:00,9852.100977310165,-0.0004995201825631197,0.06625842999963219,0.007900764327390737,0.2731464621516021,0.1091016630287679,0.030898467363833018,0.43164548880089915,0.1552079186548978,-0.0005646153123289406,0.06625842999963219
2025-07-01 16:00:00+00:00,9782.43780242353,-0.007070895339691777,0.05803449404779949,0.02720226064130362,0.27211735805981463,0.10052716848670182,0.028452697092697942,0.4588477494422028,0.14005502691858285,-0.008223935951832696,0.05803449404779949
2025-07-01 18:00:00+00:00,9796.260332014252,0.0014129943752156941,0.059728435478642,0.0036486373939391067,0.2750757263353483,0.10026672096516984,0.02812231253397673,0.4595380185606082,0.13699722160489694,0.0016939414308425017,0.059728435478642
2025-07-01 20:00:00+00:00,9756.65660292668,-0.004042739550126791,0.055045889191876154,0.005112879168816278,0.27360178257844264,0.09697288541678871,0.027777212670447266,0.46183063075986586,0.13981748857445558,-0.004682546286765842,0.055045889191876154
2025-07-01 22:00:00+00:00,9771.471912745346,0.0015184822446475251,0.056872074079997434,0.025088295060347418,0.27012029399083176,0.0921533755984992,0.02633241334216671,0.4869189258202133,0.12447499124828912,0.001826184888121279,0.056872074079997434
2025-07-02 00:00:00+00:00,9767.56309390318,-0.0004000235457943749,0.05643866070142963,0.005182845343499411,0.2745039392461238,0.09023732628711895,0.025849683286742677,0.4841348598435181,0.12527419133649642,-0.0004334133785678039,0.05643866070142963
2025-07-02 02:00:00+00:00,9778.560071182485,0.001125867032910964,0.05780329319638264,0.002865345292597167,0.27408437013356257,0.08981074747172968,0.02509942092161093,0.4870002051361153,0.12400525633698153,0.0013646324949530054,0.05780329319638264
2025-07-02 04:00:00+00:00,9815.48175248037,0.003775778952025153,0.06231572476196896,0.002282095685511099,0.27636646581907365,0.088313405016563,0.02490093558119672,0.48656258028145793,0.12385661330170868,0.004512431565586323,0.06231572476196896
2025-07-02 06:00:00+00:00,9840.855701634311,0.002585094628445479,0.06540145998716623,0.002402395672078497,0.2745036820559128,0.08852690418415023,0.025264641042124808,0.4860229683725403,0.12568180434527185,0.0030857352251972697,0.06540145998716623
2025-07-02 08:00:00+00:00,9901.82514271774,0.006195542636937994,0.07278451836974055,0.004163817584079568,0.276443893854193,0.0866964262795692,0.024422902840963826,0.48824657415833966,0.1241902028669343,0.007383058382574316,0.07278451836974055
2025-07-02 10:00:00+00:00,9923.367690115529,0.0021756137971829727,0.07536220405112456,0.005371696246036841,0.2743184037814777,0.08965830466838409,0.025804333140808385,0.48500036798501817,0.12521859042431174,0.0025776856813840114,0.07536220405112456
2025-07-02 12:00:00+00:00,9910.255468339365,-0.001321347972344677,0.07381350176588262,0.010192307217738759,0.2768920076560614,0.0854688514068025,0.02387273102437748,0.4926190713281732,0.12114733858458544,-0.001548702285241934,0.07381350176588262
2025-07-02 14:00:00+00:00,9926.572217326315,0.0016464508951437244,0.07576960879062974,0.0013049742796969552,0.27819698193575837,0.08526595935075752,0.023725094460920356,0.49180629296625494,0.12100567128630882,0.001956107024747122,0.07576960879062974
2025-07-02 16:00:00+00:00,9999.97421091847,0.0073944955000714895,0.08454203864251605,0.0024929159359678398,0.27659389640123117,0.08584469705621714,0.0239166734460298,0.4935288922116537,0.12011584088486815,0.008772429851886308,0.08454203864251605
2025-07-02 18:00:00+00:00,10047.339169390696,0.004736508062241956,0.09011198303044984,0.003200922590793161,0.2790929917866941,0.08458335415529702,0.023390310103136885,0.49211567586467353,0.12081766809019834,0.005569944387933792,0.09011198303044984
2025-07-02 20:00:00+00:00,10081.032756941977,0.0033534836421098436,0.09404060820872903,0.0012984814574296694,0.27918822724786824,0.08565889253704434,0.02351801771764513,0.49163022833937275,0.12000463415806946,0.003928625178279183,0.09404060820872903
2025-07-02 22:00:00+00:00,10059.152391335976,-0.0021704488154680886,0.09145756882288252,0.0018432486899612934,0.2798302005773209,0.08408144516805646,0.023266846785977367,0.4916155979500671,0.1212059095185781,-0.0025830393858465167,0.09145756882288252
2025-07-03 00:00:00+00:00,10015.82200501005,-0.004307558394606551,0.08634270116312853,0.0015367632803902215,0.280498477975848,0.08427245408973691,0.023331201601696668,0.4922287200945305,0.1196691462381879,-0.005114867659753987,0.08634270116312853
2025-07-03 02:00:00+00:00,10030.72115502149,0.001487561380782064,0.08808889133626897,0.0031720413607037416,0.2795845945411601,0.08574740643171602,0.024574969384451126,0.48997056216851465,0.12012246747415806,0.0017461901731404394,0.08808889133626897
2025-07-03 04:00:00+00:00,10006.44621795039,-0.002420059006320698,0.08521553250383375,0.011930347188824764,0.27994686706475574,0.0902457464773369,0.02530001226189123,0.4780402149796899,0.1264671592163262,-0.0028733588324352183,0.08521553250383375
2025-07-03 06:00:00+00:00,10050.602855815112,0.004412819187046764,0.09042086801628285,0.006307092067965044,0.2812210859326934,0.09450410675585609,0.026074525183399398,0.4720930647655467,0.12610721736250435,0.005205335512449104,0.09042086801628285
2025-07-03 08:00:00+00:00,10070.696275891623,0.0019992253564058756,0.09276783573069816,0.011804095949972124,0.286521626655125,0.09501744552778028,0.025894467263756507,0.46046902673521745,0.1320974338181207,0.002346967714415312,0.09276783573069816
2025-07-03 10:00:00+00:00,10096.484620534786,0.0025607310494406388,0.09577560205901761,0.011853168397597319,0.28940261720180804,0.09868556239007172,0.02669373060648877,0.44861585833762024,0.13660223146401138,0.0030077663283194483,0.09577560205901761
2025-07-03 12:00:00+00:00,10073.760401918693,-0.0022507060100774388,0.09308042056720751,0.03031770511664618,0.28578219259518806,0.10774628301050235,0.03021786988913767,0.42191857782759395,0.15433507667757793,-0.0026951814918101005,0.09308042056720751
2025-07-03 14:00:00+00:00,10114.729802602113,0.004066942139661763,0.09787010642821108,0.022682177757041753,0.2837577920756814,0.11550639216002037,0.03287140573710154,0.4012608005900589,0.16660360943713787,0.004789685861003568,0.09787010642821108
2025-07-03 16:00:00+00:00,10012.28565756258,-0.010128213708010076,0.0856855764282282,0.011341472130280042,0.2859702579328916,0.11508678902009964,0.03263602306721075,0.3905743142695903,0.1757326157102076,-0.01218452999998287,0.0856855764282282
2025-07-03 18:00:00+00:00,10041.819563916712,0.002949766653114152,0.08914996512433346,0.010461618180146882,0.2881502406119537,0.1201643797309209,0.034186940841530886,0.3801126960894435,0.17738574272615107,0.0034643886961052534,0.08914996512433346
2025-07-03 20:00:00+00:00,10065.868267844062,0.002394855212671422,0.09195737644400839,0.012621511611388584,0.29482716351354293,0.11645435201205194,0.033072013704222185,0.3723161393342326,0.18333033143595046,0.0028074113196749416,0.09195737644400839
2025-07-03 22:00:00+00:00,10076.866496434195,0.0010926259213292185,0.09322947354397422,0.007892540279912007,0.29501686500595425,0.11526788055259672,0.03248058224454998,0.3800189781217333,0.1772156940751659,0.0012720970999658303,0.09322947354397422
2025-07-04 00:00:00+00:00,10071.7275306922,-0.0005099765630331126,0.09260825972746684,0.00793241191426004,0.29330827707139157,0.11870551163273536,0.03346837267454203,0.37379515414203596,0.18072268447929526,-0.000621213816507381,0.09260825972746684
2025-07-04 02:00:00+00:00,10058.39926817401,-0.0013233343016453303,0.09102302842402372,0.006848563890877995,0.28728982267216674,0.11787540214108214,0.03433950301323827,0.3743584531757532,0.1861368189977597,-0.001585231303443109,0.09102302842402372
2025-07-04 04:00:00+00:00,10046.422587063504,-0.0011907144259425911,0.08959572591428439,0.004157678839148339,0.2909633029100625,0.11558099343078199,0.0333373763156636,0.37484265177700565,0.18527567556648603,-0.001427302509739343,0.08959572591428439
2025-07-04 06:00:00+00:00,10027.020396372774,-0.001931253689817248,0.08728839642280463,0.008921472436340897,0.2905775566496858,0.11705707870388488,0.034828248470679224,0.36630692560104156,0.19123019057470853,-0.002307329491479754,0.08728839642280463
2025-07-04 08:00:00+00:00,9972.494705501087,-0.005437875731399833,0.08080284846619602,0.011909546460754587,0.2925044348011449,0.11516960266644664,0.03285226734766447,0.37628959391033706,0.18318410127440693,-0.006485547956608603,0.08080284846619602
2025-07-04 10:00:00+00:00,10000.814717317635,0.0028398121686568564,0.08417190314136129,0.0052357123147236916,0.28928291776794757,0.11506996915245915,0.033109285457837735,0.3812682881148875,0.18126953950686808,0.0033690546751652694,0.08417190314136129
2025-07-04 12:00:00+00:00,10008.761556639007,0.0007946191931354254,0.08511001579922489,0.003273955690179832,0.2904781775396427,0.11515622787580353,0.03271261868523468,0.38326072531002775,0.17839225058929126,0.0009381126578635983,0.08511001579922489
2025-07-04 14:00:00+00:00,9947.794928443658,-0.006091325869873396,0.07784513681421121,0.004320927916892439,0.28876839508080837,0.11493018790322666,0.03378686212828703,0.3808756198245466,0.18163893506313142,-0.00726487898501368,0.07784513681421121
2025-07-04 16:00:00+00:00,9905.633905471177,-0.00423822799683282,0.07281948866619316,0.015129961230815132,0.2780849113726569,0.12208249223950612,0.03616337131193778,0.3864767675354314,0.17719245754046767,-0.005025648148018049,0.07281948866619316
2025-07-04 18:00:00+00:00,9917.663626145857,0.001214432189749643,0.07427279753658406,0.010784076739615723,0.27874152243658806,0.1153810452000728,0.034105519799641944,0.3966042332111161,0.17516767935258123,0.0014533088703909017,0.07427279753658406
2025-07-04 20:00:00+00:00,9886.123790585667,-0.0031801679053766333,0.07050501838419013,0.006451296904094378,0.27440133810219747,0.11826475928217603,0.03503099016549937,0.3944931206414122,0.1778097918087148,-0.003767779152393934,0.07050501838419013
2025-07-04 22:00:00+00:00,9912.944296396456,0.002712944565425128,0.07375177238613131,0.0052773539662460955,0.2754673825680959,0.11863656664655656,0.034551392549092196,0.3983326227773794,0.17301203545887597,0.003246754001941181,0.07375177238613131
2025-07-05 00:00:00+00:00,9925.575891048127,0.0012742525604893377,0.0752788428577491,0.014729436132344474,0.2743945053633551,0.11442837214388972,0.032756461053553086,0.41306205890972386,0.16535860252947823,0.0015270704716177955,0.0752788428577491
2025-07-05 02:00:00+00:00,9934.109794659178,0.0008597892661065702,0.07631108146818573,0.03485912491560907,0.2731053638078725,0.10556962741371044,0.02999272620705091,0.44792118382533297,0.14341109874603325,0.001032238610436629,0.07631108146818573
2025-07-05 04:00:00+00:00,9949.998033144882,0.0015993620781446453,0.07822654944580015,0.009090657102835643,0.27154081586220186,0.10338572959158909,0.029744695081292124,0.4428270036160481,0.1525017558488689,0.0019154679776144225,0.07822654944580015
2025-07-05 06:00:00+00:00,9947.348424084576,-0.0002662924205091063,0.07791130207165661,0.0174576461922476,0.2752044692801618,0.09748543742867834,0.028220665982253045,0.4566209963903357,0.1424684309185711,-0.00031524737414353446,0.07791130207165661
2025-07-05 08:00:00+00:00,9935.997352529796,-0.001141115307401541,0.07654942817709745,0.019689608313355245,0.27321230604919694,0.09264342908211678,0.026420672282358105,0.4763106047036909,0.13141298788263714,-0.0013618738945591672,0.07654942817709745
2025-07-05 10:00:00+00:00,9942.77579594508,0.0006822106704323624,0.07737223395996705,0.002519298392750528,0.2736761274854908,0.09213804321726272,0.026203059376649913,0.4745143050815027,0.1334684648390939,0.0008228057828695944,0.07737223395996705
2025-07-05 12:00:00+00:00,9943.571429139773,8.00212346153008e-05,0.07747237931875306,0.010000475711458753,0.27603797143875325,0.08854967657658776,0.024962037375428122,0.482152936839699,0.12829737776953187,0.00010014535878601207,0.07747237931875306
2025-07-05 14:00:00+00:00,9937.677151782702,-0.0005927726671523427,0.07676431189275348,0.007319054684141185,0.2767565274423366,0.0863223988785243,0.02428148297054633,0.4887534355202569,0.12388615518833598,-0.0007080674259995752,0.07676431189275348
2025-07-05 16:00:00+00:00,9931.107391774274,-0.000661096140283487,0.0759741086172433,0.001273034886698431,0.27702572367333356,0.08630768210404399,0.02397701249077108,0.4897572741759584,0.12293230755589313,-0.0007902032755101872,0.0759741086172433
2025-07-05 18:00:00+00:00,9925.514739495049,-0.0005631448798808821,0.07530189745605566,0.0013191329567850598,0.277400828125281,0.08626038098353835,0.02374081703220253,0.490701302680796,0.12189667117818224,-0.0006722111611876365,0.07530189745605566
2025-07-05 20:00:00+00:00,9931.476682816674,0.0006006684265855653,0.07603348044636236,0.002126028446653971,0.27639500470277406,0.08664152432849756,0.024101072947502352,0.49208593186719085,0.12077646615403514,0.000731582990306708,0.07603348044636236
2025-07-05 22:00:00+00:00,9947.762771226242,0.0016398456070231264,0.07802088559216587,0.0032861354199986564,0.2789310627189006,0.08497939350795755,0.02359686269335159,0.490966137521883,0.12152654355790729,0.00198740514580351,0.07802088559216587
2025-07-06 00:00:00+00:00,9954.078465022278,0.0006348858473287434,0.07879189639500112,0.0020553325071375264,0.2788881596840331,0.08592630429958473,0.023828464118002834,0.488953708049613,0.1224033638487664,0.0007710108028352407,0.07879189639500112
2025-07-06 02:00:00+00:00,9951.354269030127,-0.0002736763630829353,0.07846283095599081,0.0036742984887806612,0.2782620086290101,0.08521380402989459,0.023758658564209816,0.49262800653839367,0.12013752223849183,-0.0003290654390103062,0.07846283095599081
2025-07-06 04:00:00+00:00,9938.449530817168,-0.001296782112673912,0.07689372156643373,0.002628353170061902,0.28089036179907206,0.0842497307283985,0.02350394182083033,0.4914227325680333,0.1199332330836659,-0.001569109389557083,0.07689372156643373
2025-07-06 06:00:00+00:00,9930.586425600344,-0.0007911802733859524,0.07593838865789901,0.0007372111230781412,0.28068701504101307,0.08438103155549115,0.023855863203262398,0.49167672148158675,0.11939936871864676,-0.0009553329085347246,0.07593838865789901
2025-07-06 08:00:00+00:00,9937.772603009793,0.0007236407903286115,0.07682406123121123,0.00034387386125101817,0.280343141179762,0.0844917097586697,0.02390075329200206,0.49168845527022503,0.11957594049934124,0.0008856725733122261,0.07682406123121123
2025-07-06 10:00:00+00:00,9923.126462299173,-0.001473785051811684,0.07503618917267077,0.0009096490030557191,0.28068965165760495,0.08429140114543383,0.023501495282193745,0.4922515937954378,0.11926585811932972,-0.001787872058540455,0.07503618917267077
2025-07-06 12:00:00+00:00,9952.907304506665,0.0030011551622,0.07870346439824051,0.0014824174101250118,0.27999027049854064,0.08502843511130499,0.023664749580923374,0.49146855754437707,0.11984798726485389,0.0036672752255697445,0.07870346439824051
2025-07-06 14:00:00+00:00,10023.399163374448,0.007082539474256501,0.08734661108606331,0.0016876159973766031,0.2810727776415544,0.08422556449375512,0.023383977857446357,0.49086458388802745,0.12045309611921681,0.008643146687822796,0.08734661108606331
2025-07-06 16:00:00+00:00,10037.497864518442,0.0014065788375975008,0.08904690799699033,0.0005194925003883747,0.2807054550987853,0.08436478864619454,0.02329598943156994,0.49080040235628447,0.12083336446716564,0.0017002969109270148,0.08904690799699033
2025-07-06 18:00:00+00:00,10033.146346966545,-0.00043352612480037793,0.08850797327845825,0.0007441114080832083,0.28011450259790555,0.08484540535925134,0.0234825924776392,0.49064724344908106,0.12091025611612283,-0.0005389347185320906,0.08850797327845825
2025-07-06 20:00:00+00:00,10022.365038979231,-0.0010745689950563966,0.08718714302095051,0.0011925440517033467,0.28109288854996695,0.08387822914645911,0.023696750577281125,0.49054584681030694,0.12078628491598581,-0.0013208302575077276,0.08718714302095051
2025-07-06 22:00:00+00:00,10053.910126541425,0.0031474694285737867,0.09101424459940818,0.001130026041882757,0.28201078074259434,0.08384807115074916,0.02390888442653658,0.48948042488153554,0.12075183879858449,0.003827101578457668,0.09101424459940818
2025-07-07 00:00:00+00:00,10049.346170338415,-0.000453948378846263,0.09044618011521355,0.0040322312768332775,0.2830133184272532,0.08538748352765671,0.02397660965489235,0.4854481936047022,0.12217439478549554,-0.0005680644841946356,0.09044618011521355
2025-07-07 02:00:00+00:00,10027.586473307205,-0.002165284851609172,0.08778251018068658,0.0023579998130150073,0.2812827190320996,0.08728060846586148,0.024232008760156385,0.48565766937424837,0.12154699436763407,-0.0026636699345269593,0.08778251018068658
2025-07-07 04:00:00+00:00,10040.527030723362,0.0012904957190450846,0.08935123376862798,0.0013848399814376886,0.28254177909484524,0.08649340269706463,0.023987053810035117,0.48578344929294043,0.1211943151051145,0.001568723587941402,0.08935123376862798
2025-07-07 06:00:00+00:00,10033.478875823836,-0.000701970611498737,0.08847943897010181,0.0026965451024564373,0.28330689914640333,0.08602718989041845,0.023788771045476505,0.4837513997616889,0.12312574015601296,-0.0008717947985261722,0.08847943897010181
2025-07-07 08:00:00+00:00,10047.28487394051,0.0013759931413162793,0.09015570580894355,0.012630653870190491,0.2848581953038561,0.09087612580242053,0.02498653174171342,0.4711207458914983,0.12815840126051162,0.001676266838841735,0.09015570580894355
2025-07-07 10:00:00+00:00,10036.052544517292,-0.0011179467452298731,0.08876940108868636,0.009173704707501193,0.2843679423398783,0.09479657826160935,0.025845764030068812,0.46243729414797496,0.13255242122046862,-0.0013863047202571912,0.08876940108868636
2025-07-07 12:00:00+00:00,10024.258365756426,-0.0011751810493766655,0.08731293778474465,0.0016066563533586077,0.28362154563065617,0.09501760749051955,0.026191413852173332,0.4634772714503188,0.13169216157633207,-0.0014564633039417113,0.08731293778474465
2025-07-07 14:00:00+00:00,10024.6674088811,4.0805325416381965e-05,0.0873542837312141,0.016994934170726186,0.2885361483012051,0.09861935382406067,0.026974684375560276,0.4464823372795927,0.1393874762195813,4.134594646944649e-05,0.0873542837312141
2025-07-07 16:00:00+00:00,9979.01194716152,-0.004554311864664206,0.08172115499065023,0.0016925408073623152,0.28936138476442125,0.09926444530898021,0.02719689723478695,0.4450648113977682,0.1391124612940435,-0.005633128740563866,0.08172115499065023
2025-07-07 18:00:00+00:00,9968.64225488858,-0.0010391502012269851,0.08043898196071617,0.01034708448449849,0.2832312660375421,0.09984391152588659,0.02778351125607094,0.45424581564407623,0.13489549553642405,-0.0012821730299340697,0.08043898196071617
2025-07-07 20:00:00+00:00,9992.615689440625,0.0024048846311330234,0.08340509299117996,0.00647677061763967,0.28359247729331155,0.10205255417832358,0.02787056510788419,0.4477690450264366,0.13871535839404409,0.0029661110304637895,0.08340509299117996
2025-07-07 22:00:00+00:00,9985.913422772934,-0.0006707219486860174,0.08257306754063803,0.006780476974616022,0.2832109610509678,0.10072583104037688,0.028273673203638626,0.442696807432111,0.14509272727290565,-0.0008320254505419292,0.08257306754063803
2025-07-08 00:00:00+00:00,9995.233002308652,0.0009332726152486417,0.08372355835533021,0.013578962427066703,0.2796456337334592,0.10882438048225594,0.030073425895789745,0.4326831723225529,0.14877338756594213,0.001150490814692179,0.08372355835533021
2025-07-08 02:00:00+00:00,9956.662366302611,-0.0038589031388394893,0.07894003926982217,0.005837282604224123,0.27811200145166465,0.1048806080010204,0.029713548054595716,0.43843205823092046,0.1488617842617987,-0.004783519085508045,0.07894003926982217
2025-07-08 04:00:00+00:00,9975.606656144735,0.0019026747262457107,0.08129681387222644,0.0077130262829220066,0.27723147471308146,0.1045557072212065,0.02938451228057823,0.44614508451384244,0.14268322127129124,0.0023567746024042747,0.08129681387222644
2025-07-08 06:00:00+00:00,9988.33427602442,0.0012758742719517022,0.08287595813077805,0.013023400327180468,0.2757289784660034,0.10869842807617491,0.03108201616303366,0.43462418043374007,0.1498663968610479,0.0015791442585516167,0.08287595813077805
2025-07-08 08:00:00+00:00,9999.449232181087,0.0011127937701631073,0.08425254142301322,0.010357095288068817,0.27602494778831593,0.10334049295228978,0.029672556496895427,0.4446853063994964,0.14627669636300247,0.0013765832922351623,0.08425254142301322
2025-07-08 10:00:00+00:00,10000.687389027544,0.00012382250439065164,0.08440132075751727,0.008583659005651433,0.27476430518833356,0.10420995815071957,0.02928960222490936,0.45239950020671804,0.1393366342293195,0.00014877933450404982,0.08440132075751727
2025-07-08 12:00:00+00:00,10023.141679792594,0.002245274738783037,0.08718580918168267,0.020091288767691465,0.27536832909571696,0.09474510343491362,0.026657289303059196,0.47188676506702604,0.13134251309928408,0.002784488424165399,0.08718580918168267
2025-07-08 14:00:00+00:00,10038.755284344687,0.0015577555472024972,0.08911414435307219,0.005669115031675193,0.2773502930833308,0.09247059978244766,0.025829187873435806,0.4755739161110874,0.12877600314969825,0.0019283351713895198,0.08911414435307219
2025-07-08 16:00:00+00:00,9985.317792171598,-0.005323119317035614,0.0824537166588427,0.0076488456177661104,0.27533532380773795,0.09550141507243166,0.02683554048927802,0.4699400397689142,0.13238768086163819,-0.006660427694229491,0.0824537166588427
2025-07-08 18:00:00+00:00,10044.291304911612,0.005906022619154742,0.08979411075507657,0.010107636662993797,0.27503241409034274,0.09204875231801156,0.025605953224236675,0.48004767643190793,0.127265203935501,0.00734039409623387,0.08979411075507657
2025-07-08 20:00:00+00:00,10037.620806431973,-0.0006641084250889066,0.0889567827016154,0.012792665329948057,0.27946210681960326,0.09287754881717335,0.026141982862729524,0.46725501110196,0.13426335039853401,-0.0008373280534611623,0.0889567827016154
2025-07-08 22:00:00+00:00,10032.947386005344,-0.00046559045382873516,0.08836665403379734,0.011427948603968348,0.2757465673237764,0.09197479343267298,0.025433644604068207,0.4786829597059283,0.12816203493355416,-0.0005901286678180654,0.08836665403379734
2025-07-09 00:00:00+00:00,10041.888990145744,0.0008912240637154538,0.08946624467117972,0.011377942330216129,0.2811271650258702,0.09233090946520904,0.0255838576486686,0.4673050173757122,0.13365305048454004,0.0010995906373823738,0.08946624467117972
2025-07-09 02:00:00+00:00,10034.156155897877,-0.0007700577307173567,0.088494164701801,0.012724186127471886,0.2800590099276446,0.08893800720677758,0.024828791538394394,0.480029203503184,0.12614498782399938,-0.0009720799693787202,0.088494164701801
2025-07-09 04:00:00+00:00,10026.305567421236,-0.0007823865160826368,0.08750678537858798,0.0028678818722905706,0.27954578224485405,0.08988290546697753,0.025239438857214868,0.477674549313684,0.12765732411726957,-0.0009873793232130245,0.08750678537858798
2025-07-09 06:00:00+00:00,10069.249280009017,0.00428310430985866,0.09284117476604238,0.01625589337265826,0.2834593036748261,0.09482739197504483,0.026269932927322277,0.4614186559410257,0.13402471548178102,0.005334389387454403,0.09284117476604238
2025-07-09 08:00:00+00:00,10055.687867537064,-0.0013468146526947019,0.0911407833948163,0.006802032406475471,0.2847606031482537,0.09129012345989224,0.02565218482408601,0.4669193888740736,0.13137769969369442,-0.0017003913712260927,0.0911407833948163
2025-07-09 10:00:00+00:00,10034.365570230202,-0.0021204215552172285,0.08847079210818481,0.011434760222609433,0.28140569647835245,0.09715860600253785,0.027276514025597144,0.45883953532136545,0.13531964817214717,-0.0026699912866314807,0.08847079210818481
2025-07-09 12:00:00+00:00,10057.35861518395,0.002291429865976181,0.09132651156689174,0.006825261316510841,0.2876742379148414,0.09546389006519368,0.02669147168856964,0.4542940322792262,0.13587636805216896,0.0028557194587069323,0.09132651156689174
2025-07-09 14:00:00+00:00,10076.834095605076,0.0019364408853557728,0.09373644745826779,0.011229608338982136,0.28528737103126334,0.09614927351837932,0.027708177462222594,0.44545129082382223,0.14540388716431257,0.0024099358913760444,0.09373644745826779
2025-07-09 16:00:00+00:00,10076.828241911886,-5.809059805249632e-07,0.09371924398130073,0.005931480045046875,0.2848536966121393,0.10113712737413427,0.028651803651514436,0.44217709099172076,0.14318028137049116,-1.720347696704992e-05,0.09371924398130073
2025-07-09 18:00:00+00:00,10082.6213554505,0.0005748945401807147,0.09442443467954728,0.016517289489198818,0.2857609644514575,0.10398617388623119,0.0293952747258683,0.4256598015025219,0.15519778543392096,0.0007051906982465468,0.09442443467954728
2025-07-09 20:00:00+00:00,10241.058139360714,0.015713848445232707,0.11389472529919009,0.012572649737056614,0.28733683856084924,0.10247680465418489,0.028233984672952885,0.43665657713018685,0.14529579498182613,0.01947029061964281,0.11389472529919009
2025-07-09 22:00:00+00:00,10200.067656022089,-0.004002563287975246,0.10886649238555089,0.01702905136735714,0.289116692977506,0.1011897601708296,0.029214073595801717,0.420914570246185,0.1595649030096777,-0.005028232913639206,0.10886649238555089
2025-07-10 00:00:00+00:00,10226.338240335763,0.0025755303983853364,0.11200286637916207,0.009122745973236757,0.2930464845654602,0.10638271455611219,0.029092611731890924,0.41830802531214684,0.15317016383438994,0.0031363739936111764,0.11200286637916207
2025-07-10 02:00:00+00:00,10232.388699936095,0.0005916545549478442,0.11269631988692164,0.010587817975432064,0.28869473628776804,0.10514925018613436,0.030092827285057192,0.4133054199843847,0.1627577662566557,0.000693453507759564,0.11269631988692164
2025-07-10 04:00:00+00:00,10237.168101157073,0.0004670855810049001,0.11323579402074294,0.005963316512834584,0.29433581878447507,0.10495998486982624,0.029840325324412404,0.40778387074850303,0.16308000027278327,0.0005394741338213005,0.11323579402074294
2025-07-10 06:00:00+00:00,10253.974174599845,0.0016416721183735267,0.11522605729891669,0.024151117988563793,0.2974486661201572,0.11070140712483743,0.0312599293619384,0.3836327527599393,0.1769572446331278,0.001990263278173748,0.11522605729891669
2025-07-10 08:00:00+00:00,10254.60870676527,6.188158411752395e-05,0.1152612832977846,0.005217486297602273,0.2934387527717327,0.1112320416394319,0.03135935769116558,0.3824251798107614,0.18154466808690833,3.522599886791107e-05,0.1152612832977846
2025-07-10 10:00:00+00:00,10241.857793570452,-0.0012434324467596907,0.11367016961804341,0.026259447660667033,0.2972500394189003,0.10669055775485037,0.02901092118095513,0.4048733408242609,0.16217514082103338,-0.0015911136797411851,0.11367016961804341
2025-07-10 12:00:00+00:00,10234.278082953355,-0.0007400718473026409,0.11270825038044811,0.03312706066397596,0.29550163787255945,0.11416426628042332,0.03185466867367643,0.37349468170662575,0.184984745466715,-0.0009619192375952937,0.11270825038044811
2025-07-10 14:00:00+00:00,10230.45966221613,-0.0003731011319288619,0.11220454255437495,0.010279674052641012,0.29863324240900097,0.11390976637577792,0.03319297080840299,0.3634695075586301,0.1907945128481879,-0.0005037078260731668,0.11220454255437495
2025-07-10 16:00:00+00:00,10231.650715215337,0.00011642223697972293,0.11231163194119327,0.005691463193825436,0.2951042883738756,0.11720700138489007,0.03399917876032194,0.36130699839993013,0.19238253308098233,0.00010708938681831961,0.11231163194119327
2025-07-10 18:00:00+00:00,10366.607341590434,0.013190112732680082,0.12832691157161574,0.006375065752252874,0.3014793541261284,0.11663323952226316,0.03379394747782284,0.3566528332096991,0.19144062566408646,0.016015279630422485,0.12832691157161574
2025-07-10 20:00:00+00:00,10352.210478776444,-0.0013887728491683172,0.12654860334194182,0.005916496163920589,0.2992255364145743,0.11384499464812729,0.03291951389959224,0.36126060251804865,0.19274935251965747,-0.0017783082296739113,0.12654860334194182
2025-07-10 22:00:00+00:00,10563.665826395329,0.020426105907757557,0.15035721520631876,0.008219498211475176,0.3018444671909762,0.11846581931057044,0.033899256672222426,0.3544751074077105,0.19131534941852052,0.023808611864376928,0.15035721520631876
2025-07-11 00:00:00+00:00,10548.93631816836,-0.0013943557538676076,0.14858830985403612,0.005496624465097268,0.3026084961140229,0.11304706055370412,0.03382139096399146,0.35466776263560307,0.19585528973267846,-0.0017689053522826367,0.14858830985403612
2025-07-11 02:00:00+00:00,10568.511461541819,0.0018556509190167725,0.15072923290585669,0.00422410168354637,0.30267898793297654,0.11720067041829686,0.03377081682636706,0.3512302732788262,0.19511925154353335,0.002140923051820562,0.15072923290585669
2025-07-11 04:00:00+00:00,10602.725144236547,0.0032373227600905764,0.15450260483478143,0.01617476481329847,0.3000876082319786,0.11997242984185012,0.036329323236281665,0.33764688816652566,0.20596375052336394,0.0037733719289247515,0.15450260483478143
2025-07-11 06:00:00+00:00,10666.05457014124,0.005972938564678131,0.16144719222148854,0.02358286540061499,0.30328568411409734,0.1267756052848089,0.04032174556864619,0.3140640227659106,0.21555294226653682,0.006944587386707109,0.16144719222148854
2025-07-11 08:00:00+00:00,10594.585133914079,-0.006700644156390606,0.15302895789886115,0.014233130290591645,0.3026313387083047,0.12406944734382258,0.036968766010388746,0.3282971530565023,0.20803329488098163,-0.008418234322627406,0.15302895789886115
2025-07-11 10:00:00+00:00,10666.310113291254,0.006769965833544339,0.16086682297028604,0.00592714196965188,0.3008764787334285,0.12722010069989936,0.03791487948300024,0.3241248710617266,0.20986367002194517,0.0078378650714249,0.16086682297028604
2025-07-11 12:00:00+00:00,10628.857885195972,-0.0035112637545211423,0.156489085471521,0.011670619854458851,0.29690890368305395,0.13040263220635112,0.040953500333607666,0.31642182625764237,0.21531313751934492,-0.0043777374987650506,0.156489085471521
2025-07-11 14:00:00+00:00,10661.495706978934,0.0030706800425303158,0.16004233122776795,0.00771030525832378,0.29078727244867103,0.13484931158543234,0.042143718311916066,0.31483315223370145,0.21738654542027902,0.0035532457562469544,0.16004233122776795
2025-07-11 16:00:00+00:00,10589.823801966357,-0.006722500011481618,0.15162694283784803,0.011800358969489829,0.29181275920474603,0.1364921032709242,0.04477399597605884,0.3030327932642116,0.2238883482840592,-0.008415388389919919,0.15162694283784803
2025-07-11 18:00:00+00:00,10670.30969009457,0.007600304748532867,0.1603876179285987,0.022713653497932973,0.2970110752370628,0.13114275924483917,0.04003366492876777,0.3205481307298278,0.21126436985950234,0.008760675090750689,0.1603876179285987
2025-07-11 20:00:00+00:00,10685.23044438982,0.0013983431342299638,0.1619584859584195,0.03806953087967645,0.2858090510976908,0.14478265699607865,0.04870424632762529,0.2936806239895234,0.2270234215890818,0.0015708680298207925,0.1619584859584195
2025-07-11 22:00:00+00:00,10615.089285212967,-0.006564309449561615,0.1537647060630805,0.02295299759653176,0.2914169830123681,0.13494073378748492,0.04373647160492401,0.31102568967137784,0.21888012192384507,-0.008193779895339006,0.1537647060630805
2025-07-12 00:00:00+00:00,10612.862650454057,-0.00020976128406302938,0.15342835802721239,0.016863560220617423,0.28375249851838474,0.14508952617868748,0.04818422192376979,0.30182661394474386,0.22114713943441422,-0.0003363480358680877,0.15342835802721239
2025-07-12 02:00:00+00:00,10637.749580147738,0.002344978024625191,0.15612430919267326,0.015896018923646567,0.280649310975923,0.14393253454078067,0.05289850885683594,0.29019077420146583,0.23232887142499462,0.0026959511654608723,0.15612430919267326
2025-07-12 04:00:00+00:00,10650.024224550003,0.0011538760439683223,0.1574123994965031,0.019721866701006584,0.27471326127413925,0.1538737982758057,0.05603454961957747,0.27640495720224295,0.23897343362823462,0.0012880903038298478,0.1574123994965031
2025-07-12 06:00:00+00:00,10617.118511230172,-0.0030897313119699556,0.15356760752104762,0.01643210914047362,0.26852778000918215,0.15100864866280247,0.05538827083476123,0.29283706634271656,0.23223823415053754,-0.0038447919754554913,0.15356760752104762
2025-07-12 08:00:00+00:00,10631.773528561864,0.001380319652285341,0.15512963424969792,0.03195465159473243,0.267158132744789,0.15709860377465587,0.06482329615287787,0.26225206201237733,0.2486679053153,0.0015620267286503016,0.15512963424969792
2025-07-12 10:00:00+00:00,10649.069308506465,0.0016268010128447723,0.15698386210807178,0.032874257561999395,0.27164954464767943,0.14822058055499096,0.054881694977117264,0.2906349076714862,0.23461327214872602,0.0018542278583738533,0.15698386210807178
2025-07-12 12:00:00+00:00,10625.541137126333,-0.0022094110479060534,0.15421313803762363,0.03696462409285592,0.2599892524711881,0.15901996360013462,0.06744364192495893,0.2653305757551217,0.2482165662485967,-0.0027707240704481608,0.15421313803762363
2025-07-12 14:00:00+00:00,10578.08500873737,-0.004466231674841374,0.1486542635697848,0.0041147961323251825,0.2577701878197218,0.16301205888535045,0.06756634277206823,0.263986105933193,0.24766530458966649,-0.005558874467838826,0.1486542635697848
2025-07-12 16:00:00+00:00,10519.963075729409,-0.005494560968261421,0.14182684919499125,0.004292423416302031,0.25852140285539477,0.163268924936637,0.07085068510141071,0.2615960409252126,0.24576294618134484,-0.006827414374793573,0.14182684919499125
2025-07-12 18:00:00+00:00,10574.793465359196,0.005212032517137472,0.14790417545251705,0.029735446066209,0.2593463565376126,0.15577603482080518,0.05945096327335125,0.29050653330920384,0.23492011205902721,0.0060773262575258115,0.14790417545251705
2025-07-12 20:00:00+00:00,10571.158290236515,-0.0003437584984131886,0.14741194187206944,0.002888036746044379,0.26052888792379053,0.15618258512015193,0.05868494897701455,0.28838451085949607,0.23621906711954685,-0.0004922335804476202,0.14741194187206944
2025-07-12 22:00:00+00:00,10565.39331748786,-0.0005453492030272222,0.14667661937088589,0.010959874705354096,0.259571139098032,0.15467350717118555,0.05875302402181931,0.2992763105200455,0.22772601918891777,-0.0007353225011835406,0.14667661937088589
2025-07-13 00:00:00+00:00,10574.907269465986,0.0009004825179936563,0.14767933898457913,0.004311164066708156,0.26043746799905887,0.15489762025908627,0.05858310814019305,0.29513506233496356,0.23094674126669829,0.0010027196136932549,0.14767933898457913
2025-07-13 02:00:00+00:00,10593.142132752877,0.0017243520744187814,0.14966492071432191,0.03594534536916717,0.2678114014199215,0.1431338227406955,0.049080806519165646,0.3237064742832681,0.21626749503694928,0.001985581729742773,0.14966492071432191
2025-07-13 04:00:00+00:00,10596.038685522222,0.0002734366001178794,0.14991362129142896,0.006002493889841611,0.2670696049896184,0.14406366191142658,0.051141849663928186,0.3184457768237296,0.2192791066112973,0.0002487005771070495,0.14991362129142896
2025-07-13 06:00:00+00:00,10605.992691903732,0.0009394082710465939,0.15096270448257193,0.027041441375613626,0.2747045958710506,0.13653338194596076,0.04519139627016952,0.3378522273179109,0.20571839859490806,0.001049083191142964,0.15096270448257193
2025-07-13 08:00:00+00:00,10629.27124256132,0.002194848830638819,0.15351042190453162,0.020384180741566497,0.27641668495554056,0.13041721480917098,0.04041267547313494,0.35652431897498754,0.19622910578716599,0.0025477174219596934,0.15351042190453162
2025-07-13 10:00:00+00:00,10608.358960059808,-0.0019674239206331295,0.1510261925912211,0.0036251079799614963,0.2769115913147478,0.12930268991984153,0.03985044264446966,0.35457596871302083,0.1993593074079203,-0.0024842293133105283,0.1510261925912211
2025-07-13 12:00:00+00:00,10639.908337424562,0.0029740111061039172,0.15450197465354543,0.0062833551352310495,0.2788316703211119,0.12889372177443972,0.0398945525068606,0.35889513497949677,0.19348492041809098,0.003475782062324331,0.15450197465354543
2025-07-13 14:00:00+00:00,10672.189713676496,0.003033990070984839,0.15804528348250196,0.009002590458630146,0.2784888034517746,0.12629760056061204,0.03852487970021049,0.36789772543812693,0.18879099084927592,0.0035433088289565334,0.15804528348250196
2025-07-13 16:00:00+00:00,10673.27642902447,0.00010182683939541788,0.15807887504543391,0.008686017667380044,0.2793448175200712,0.12326556672405344,0.03674063067534782,0.37572772903721036,0.18492125604331708,3.359156293196005e-05,0.15807887504543391
2025-07-13 18:00:00+00:00,10669.927963842441,-0.0003137242068352622,0.15760780085893258,0.0019646610123541866,0.27870787491905125,0.12225716942250749,0.03642130956555956,0.37590209490882637,0.1867115511840553,-0.0004710741865013249,0.15760780085893258
2025-07-13 20:00:00+00:00,10682.366626445897,0.0011657681894017159,0.15892754533363773,0.005176385090772839,0.2814719996504259,0.1215766031166474,0.03566985445980215,0.3783143552682245,0.1829671875048999,0.0013197444747051466,0.15892754533363773
2025-07-13 22:00:00+00:00,10657.405586603836,-0.0023366582251788223,0.15596601318221992,0.014814212824556632,0.2872297925726385,0.1157201638691853,0.03320674551572409,0.38737077517056867,0.17647252287188356,-0.002961532151417825,0.15596601318221992
2025-07-14 00:00:00+00:00,10674.531625513378,0.0016069613538091474,0.15782046173385184,0.009167957152400173,0.28575389215905694,0.11412459955283852,0.03201956234784236,0.3965387323229688,0.1715632136172934,0.0018544485516319132,0.15782046173385184
2025-07-14 02:00:00+00:00,10665.523467829751,-0.000843892547200644,0.156699270654394,0.011140845924824443,0.2896612189194885,0.10973045666130711,0.030244809892031703,0.4037722514873618,0.1665912630398111,-0.0011211910794578141,0.156699270654394
2025-07-14 04:00:00+00:00,10783.008696074436,0.01101542072445418,0.16940566249911557,0.0025175583305573953,0.28887051578479345,0.10987292309267192,0.03040249655480776,0.40598965672377824,0.16486440784394865,0.01270639184472155,0.16940566249911557
2025-07-14 06:00:00+00:00,10831.715457642036,0.004516991772929889,0.17465719086742273,0.008458683853220891,0.29351596611821434,0.10863152411656561,0.0299546369574783,0.39922023144399316,0.1686776413637487,0.0052515283683071705,0.17465719086742273
2025-07-14 08:00:00+00:00,10896.781093801306,0.00600695581542121,0.18160459948662777,0.007855229364619779,0.28566073675359455,0.11239904279358433,0.031511651417188945,0.3996133267600812,0.17081524227555103,0.006947408619205048,0.18160459948662777
2025-07-14 10:00:00+00:00,10863.770474344747,-0.0030293918151056403,0.17775943535853878,0.005469994354031928,0.2911307311076264,0.11035337832580083,0.030359922160545137,0.39844894223008437,0.16970702617594316,-0.0038451641280889954,0.17775943535853878
2025-07-14 12:00:00+00:00,10853.169907251018,-0.0009757723728388126,0.1764605215433073,0.01251198965274751,0.29803138064361917,0.10807893196453816,0.030823375802447477,0.38821139893859963,0.17485491265079564,-0.0012989138152314835,0.1764605215433073
2025-07-14 14:00:00+00:00,10856.288293481493,0.0002873249250793781,0.1766991588168582,0.00499879959475363,0.29974550373827463,0.10854158563458018,0.030620445484157696,0.3834155296621357,0.17767693548085173,0.0002386372735508878,0.1766991588168582
2025-07-14 16:00:00+00:00,10720.720091714486,-0.012487527790544052,0.16043044408154145,0.007128976146419778,0.30002321947460525,0.11084923272106274,0.031855191294926026,0.37628655351571594,0.18098580299369,-0.016268714735316738,0.16043044408154145
2025-07-14 18:00:00+00:00,10719.460338072244,-0.00011750643906983633,0.16019645231487128,0.014531278920708454,0.29995689151473875,0.11022376640983775,0.02970914150429049,0.3908178324364244,0.16929236813470855,-0.00023399176667016292,0.16019645231487128
2025-07-14 20:00:00+00:00,10700.93044223627,-0.0017286220809234185,0.15800696164596498,0.010297319714158723,0.2938368951788548,0.1101987845792907,0.03116800913273462,0.3866654908886967,0.17813082022042317,-0.0021894906689063033,0.15800696164596498
2025-07-14 22:00:00+00:00,10719.213408019945,0.0017085398211274785,0.15996029736091708,0.007721830983846611,0.2913124139706598,0.11138511972347967,0.031444115247089705,0.39292488061399927,0.1729334704447716,0.0019533357149520867,0.15996029736091708
2025-07-15 00:00:00+00:00,10700.82059632795,-0.0017158732634461136,0.1577830878694332,0.015067615119869988,0.2850551249033071,0.11635178962387485,0.03401910658076433,0.38411455456148197,0.18045942433057172,-0.0021772094914838634,0.1577830878694332
2025-07-15 02:00:00+00:00,10621.579366913627,-0.007405154464650651,0.14846965543532248,0.00677474719746023,0.2815241627950329,0.11788067951207026,0.03418246496686988,0.3891970534846413,0.17721563924138573,-0.009313432434110726,0.14846965543532248
2025-07-15 04:00:00+00:00,10536.268910766812,-0.008031805176973723,0.13842205284565368,0.006767694783538853,0.28755136966425693,0.114118014558477,0.032814106736690676,0.3875603818848749,0.17795612715570056,-0.01004760258966881,0.13842205284565368
2025-07-15 06:00:00+00:00,10564.453535195616,0.0026750099743566677,0.14153338117675765,0.007670347500696867,0.2862724198190368,0.11681770412292712,0.034242826057405945,0.3811689842293981,0.18149806577123195,0.0031113283311039763,0.14153338117675765
2025-07-15 08:00:00+00:00,10536.126895259213,-0.00268131615535373,0.1382103494106669,0.010391055826098474,0.2840611541985373,0.11572666326674465,0.033455689232920256,0.3915600400554966,0.17519645324630118,-0.003323031766090744,0.1382103494106669
2025-07-15 10:00:00+00:00,10520.064239240648,-0.001524531374597591,0.13629982751917927,0.010029761000270136,0.2780845536121266,0.1206405012774406,0.03451663085818479,0.39561502141980626,0.17114329283244173,-0.0019105218914876286,0.13629982751917927
2025-07-15 12:00:00+00:00,10555.298863052307,0.0033492783894065875,0.14021548590840663,0.009368718597586295,0.2764019117895255,0.11817185768923266,0.033575927197276326,0.4049837400173926,0.16686656330657298,0.00391565838922735,0.14021548590840663
2025-07-15 14:00:00+00:00,10644.0830005346,0.008411333362911468,0.14996962302289724,0.011436419348662935,0.2745563215302032,0.119337388894907,0.035176949179846914,0.3953929109280519,0.1755364294669909,0.009754137114490606,0.14996962302289724
2025-07-15 16:00:00+00:00,10581.26736712817,-0.005901460313986153,0.14264515623416177,0.0059607581011402525,0.27379612439873796,0.12321577144909393,0.035757804468553145,0.39689443118629897,0.17033586849731588,-0.007324466788735456,0.14264515623416177
2025-07-15 18:00:00+00:00,10668.220472929348,0.008217645654745092,0.15212973131253915,0.009264562829912594,0.27416250735315756,0.11779974786602498,0.03406091599729634,0.40579261106179204,0.16818421772172912,0.009484575078377397,0.15212973131253915
2025-07-15 20:00:00+00:00,10598.884219106716,-0.006499327043209504,0.14407730760117063,0.022090838884280792,0.27796376288110053,0.11009391978983143,0.03190054380102556,0.4240821944181299,0.15595957910991268,-0.008052423711368516,0.14407730760117063
2025-07-15 22:00:00+00:00,10677.206351593044,0.007389658276022605,0.15258298085341976,0.015077655760569684,0.27693266655253085,0.10470441677141877,0.030034530301790926,0.4391598501786995,0.14916853619555992,0.008505673252249123,0.15258298085341976
2025-07-16 00:00:00+00:00,10707.787004378582,0.002864106188317309,0.15587038751248558,0.010418585175623834,0.2750825563871186,0.10324063611068583,0.0300955807267013,0.4320551558292209,0.15952607094627339,0.0032874066590658215,0.15587038751248558
2025-07-16 02:00:00+00:00,10711.670175434492,0.0003626492621044854,0.15621430953730914,0.03995050244466243,0.27445002574190863,0.09439283535715165,0.027169655557932597,0.47200565827388324,0.13198182506912373,0.00034392202482355015,0.15621430953730914
2025-07-16 04:00:00+00:00,10676.179135930008,-0.0033133058545694806,0.15211929952529823,0.011381669296547488,0.2721034675634125,0.09014032220739067,0.02576752666721248,0.4833873275704308,0.1286013559915535,-0.004095010012010909,0.15211929952529823
2025-07-16 06:00:00+00:00,10704.180064821654,0.00262274813256092,0.15513205165386504,0.013160594166788057,0.2790264114886953,0.08894785635118276,0.02556690261143927,0.47161982331562385,0.1348390062330588,0.0030127521285668135,0.15513205165386504
2025-07-16 08:00:00+00:00,10741.83770540153,0.0035180313066325714,0.15918468688132895,0.008427969344763581,0.2765675140063466,0.08646503614400788,0.025073625170862566,0.4800477926603875,0.13184603201839554,0.004052635227463907,0.15918468688132895
2025-07-16 10:00:00+00:00,10791.982987509653,0.004668221907961679,0.16455762283199016,0.006723636092025462,0.2776079224646757,0.08765248578225648,0.026083341144260395,0.473324156568362,0.13533209404044547,0.005372935950661203,0.16455762283199016
2025-07-16 12:00:00+00:00,10771.382137341956,-0.0019089031359241064,0.16216107233021082,0.008803030843057174,0.28070819398568786,0.08702086980605056,0.02496931609837754,0.479026915890407,0.12827470421947706,-0.002396550501779345,0.16216107233021082
2025-07-16 14:00:00+00:00,10771.148000128518,-2.1736970284056544e-05,0.16204118670287956,0.003358859556514245,0.28278382086674375,0.08558014801592985,0.024894792235885452,0.4771833019865055,0.12955793689493533,-0.00011988562733126786,0.16204118670287956
2025-07-16 16:00:00+00:00,10849.76449499379,0.007298803698949561,0.17039598932719788,0.005750071969503142,0.28706349576294876,0.0866832414420877,0.025262095883025852,0.4719481982172161,0.12904296869472168,0.008354802624318316,0.17039598932719788
2025-07-16 18:00:00+00:00,10918.104944508734,0.006298795660170931,0.17758840106197427,0.017938710808525684,0.2848791716122298,0.09009268181570679,0.027669060996127662,0.45619381155940936,0.14116527401652643,0.0071924117347763805,0.17758840106197427
2025-07-16 20:00:00+00:00,10948.038551522362,0.002741648588813384,0.18070491161918098,0.007524495875609532,0.2882362333793585,0.09412009900768585,0.027809077912629397,0.4510182125487122,0.138816377151614,0.0031165105572067107,0.18070491161918098
2025-07-16 22:00:00+00:00,10988.877854480957,0.003730284905958454,0.1849594108192221,0.004820467844513581,0.28671292595414843,0.09140775511222735,0.027224261388784424,0.4545117978588599,0.1401432596859799,0.004254499200041122,0.1849594108192221
2025-07-17 00:00:00+00:00,10938.713784688469,-0.004564985657023619,0.17924993397813754,0.027198917337966547,0.2896588942082034,0.09822462121478974,0.029777276589810015,0.4273128805208934,0.15502632746630352,-0.005709476841084558,0.17924993397813754
2025-07-17 02:00:00+00:00,10947.507622157846,0.0008039187826347038,0.18009510164350712,0.0014023848334671924,0.2893229135811207,0.0983439381194737,0.029726651754803685,0.4285959484496766,0.1540105480949253,0.000845167665369565,0.18009510164350712
2025-07-17 04:00:00+00:00,10915.522425070325,-0.0029216875832799587,0.17643601824527022,0.020458903782167855,0.2869238995570008,0.10269453077608419,0.031573112104579616,0.4105360586916286,0.16827239887070672,-0.0036590833982368966,0.17643601824527022
2025-07-17 06:00:00+00:00,10968.591113956843,0.004861763534527025,0.1819967846809209,0.0041868420176293525,0.28882667922779587,0.10497859312291848,0.030939578004379915,0.40948342950745603,0.16577172013744965,0.0055607664356506804,0.1819967846809209
2025-07-17 08:00:00+00:00,11037.44596002154,0.006277455814455777,0.1891356239618858,0.01759014607209949,0.29049240613634775,0.10699535717357639,0.03174119099860799,0.3918932834353566,0.17887776225611135,0.007138839280964885,0.1891356239618858
2025-07-17 10:00:00+00:00,11063.407862829596,0.0023521657910798785,0.19178769192213066,0.003871299259008556,0.2943637053953563,0.10677985104825809,0.03128905427161672,0.3888420825444049,0.17872530674036408,0.002652067960244862,0.19178769192213066
2025-07-17 12:00:00+00:00,11009.616030691257,-0.004862139478656185,0.18568432537273782,0.012011260519494207,0.28626665310353605,0.10441106789211013,0.0329292512879464,0.3992131460475694,0.17717988166883805,-0.006103366549392826,0.18568432537273782
2025-07-17 14:00:00+00:00,11020.419509353524,0.000981276606936161,0.18673331836530327,0.008719296595549923,0.28674317780055475,0.10897196622659802,0.03309980266315405,0.3904938494520194,0.18069120385767368,0.0010489929925654486,0.18673331836530327
2025-07-17 16:00:00+00:00,11057.490474690067,0.003363843391358899,0.19056284911046206,0.01781119541289873,0.2929362523980922,0.11187075209161146,0.033549373913714466,0.3726826540391207,0.18896096755746114,0.0038295307451587934,0.19056284911046206
2025-07-17 18:00:00+00:00,11056.933512649966,-5.0369660401158054e-05,0.19038047131505637,0.01280332186162543,0.2999125846867781,0.11276305899388273,0.034264012359976316,0.3598793321774953,0.19318101178186753,-0.00018237779540568818,0.19038047131505637
2025-07-17 20:00:00+00:00,11023.699708671771,-0.0030056980934336066,0.18659477448881961,0.0016965085158620365,0.29996416004206494,0.11413898674986134,0.03453301776457289,0.3582343740940853,0.19312946134941544,-0.003785696826236759,0.18659477448881961
2025-07-17 22:00:00+00:00,11124.76602661103,0.009168094252400184,0.19689644170720275,0.012081499800988254,0.298254090940507,0.11123866540660785,0.03324658615283115,0.37031587389507364,0.18694478360498046,0.010301667218383144,0.19689644170720275
2025-07-18 00:00:00+00:00,11085.118489601593,-0.00356389850488527,0.19241821156430622,0.018233562984146884,0.29329528171014135,0.11771345974137067,0.03664309790192861,0.35704112014129236,0.19530704050526704,-0.004478230142896515,0.19241821156430622
2025-07-18 02:00:00+00:00,11245.011000058392,0.014424068683324156,0.20806672603337953,0.00701398209023274,0.29288179392756714,0.12146937795946555,0.03752125857060231,0.3504406258336337,0.19768694370873108,0.01564851446907331,0.20806672603337953
2025-07-18 04:00:00+00:00,11270.254126461483,0.00224482896485916,0.21054601445029125,0.0027668755323695844,0.29385932729035474,0.11983598876584674,0.03717425669490068,0.3496541413705847,0.19947628587831318,0.002479288416911714,0.21054601445029125
2025-07-18 06:00:00+00:00,11373.404156558769,0.0091524138621773,0.22058890444897994,0.001987315992318262,0.29508906330971524,0.12037916517635076,0.03705233427892265,0.34986854493303843,0.19761089230197293,0.010042889998688683,0.22058890444897994
2025-07-18 08:00:00+00:00,11269.761379335769,-0.00911273140357291,0.20898103010622437,0.007876499869489694,0.2981976628659419,0.11869468231782528,0.035932511010896284,0.3447963511901006,0.20237879261523598,-0.011607874342755562,0.20898103010622437
2025-07-18 10:00:00+00:00,11269.379511004705,-3.388433154971714e-05,0.20880136529174775,0.005358251574400518,0.3035559144403424,0.11825432705205932,0.035753217791956,0.34210119209095813,0.20033534862468416,-0.0001796648144766145,0.20880136529174775
2025-07-18 12:00:00+00:00,11253.100889406645,-0.0014445002568387482,0.20694488729684213,0.007803144255283508,0.3009019845574507,0.11948628833535652,0.03665533836017607,0.3369519777185663,0.20600441102845035,-0.0018564779949056293,0.20694488729684213
2025-07-18 14:00:00+00:00,11345.294906264324,0.008192765510923867,0.21595156039679614,0.004211195123286115,0.3013568019106027,0.12127419394961055,0.03765196071997283,0.33792382751464967,0.2017932159051643,0.009006673099954015,0.21595156039679614
2025-07-18 16:00:00+00:00,11187.64040786847,-0.013896024713187844,0.19791482049781642,0.021552385584774413,0.29320307303186427,0.12881292833054392,0.040702434437419686,0.32452517080861365,0.21275639339155844,-0.01803673989897971,0.19791482049781642
2025-07-18 18:00:00+00:00,11214.214623364556,0.0023753190598971674,0.2005114507459036,0.010837929756059662,0.292771879161745,0.12738894062640066,0.0404818599570615,0.33536310056467333,0.2039942196901195,0.0025966302480871827,0.2005114507459036
2025-07-18 20:00:00+00:00,11132.833893249599,-0.007256926396379361,0.19155061104088003,0.005534929454973941,0.2919762826430122,0.1265816675113395,0.041025250318477986,0.3314310407434934,0.20898575878367695,-0.008960839705023564,0.19155061104088003
2025-07-18 22:00:00+00:00,11144.427964768838,0.0010414303878429165,0.19263075912224706,0.01366808264431043,0.29172000469062914,0.12375520539538477,0.03925944197669163,0.34509912338780385,0.20016622454949068,0.0010801480813670244,0.19263075912224706
2025-07-19 00:00:00+00:00,11134.929962073185,-0.0008522647125253394,0.19150985769450787,0.06293006057324038,0.2715785203983919,0.14876275459801167,0.052859336753280466,0.30231054710680066,0.2244888411435153,-0.001120901427739173,0.19150985769450787
2025-07-19 02:00:00+00:00,11114.840934703958,-0.001804144923915439,0.18926388904116342,0.048719445538401726,0.2895149706965861,0.12903021651675795,0.042331185782938804,0.3330935423470082,0.20603008465670897,-0.0022459686533444607,0.18926388904116342
2025-07-19 04:00:00+00:00,11193.677921050328,0.007092947781215275,0.1970795889234311,0.007336420536708882,0.28519519022705003,0.13235575584041978,0.04401198812767172,0.3300769022798354,0.20836016352502307,0.007815699882267674,0.1970795889234311
2025-07-19 06:00:00+00:00,11188.268583529796,-0.00048324934473583075,0.19638694512168545,0.007918490443399106,0.2871751479023797,0.1275810615222239,0.04346872375120219,0.3360154350479048,0.20575963177628936,-0.0006926438017456546,0.19638694512168545
2025-07-19 08:00:00+00:00,11168.806088612582,-0.0017395448430567863,0.1942116319360129,0.009592736183343907,0.2885828645484099,0.1253479071606837,0.04140376729974208,0.34420045458521853,0.2004650064059458,-0.00217531318567255,0.1942116319360129
2025-07-19 10:00:00+00:00,11163.81360658217,-0.00044700230183970823,0.19356333588137617,0.008015237597159653,0.2841967161677097,0.12741139263034648,0.044314501594766284,0.3405713653687591,0.20350602423841846,-0.000648296054636738,0.19356333588137617
2025-07-19 12:00:00+00:00,11182.281693377154,0.0016542811843520543,0.19534982019959762,0.012775791814357527,0.28905872209887484,0.12473690583542282,0.039566212827985725,0.3484851512519515,0.19815300798576518,0.001786484318221441,0.19534982019959762
2025-07-19 14:00:00+00:00,11174.114035144503,-0.0007304107029863343,0.19436623871099418,0.01160815710786611,0.2903612598018904,0.12045375126679497,0.03821630926711784,0.35879077065680204,0.19217790900739481,-0.0009835814886034518,0.19436623871099418
2025-07-19 16:00:00+00:00,11142.118649442136,-0.002863348772147391,0.19083742604509873,0.009098934287795322,0.28155947938248704,0.12357379362983581,0.03931454039083822,0.3584936167884101,0.1970585698084289,-0.0035288126658954313,0.19083742604509873
2025-07-19 18:00:00+00:00,11124.413813182877,-0.0015890008728408462,0.18884003399026184,0.023302624626929128,0.28067062907019813,0.11706384936330556,0.03526083630344781,0.3817962414153392,0.18520844384770932,-0.0019973920548369112,0.18884003399026184
2025-07-19 20:00:00+00:00,11216.09769437872,0.0082416820099945,0.19791596732201822,0.004423080272052234,0.2793006438935228,0.11905808434406148,0.03572194326518791,0.37874314631996225,0.18717618217726553,0.009075933331756382,0.19791596732201822
2025-07-19 22:00:00+00:00,11181.525333103049,-0.003082387673298947,0.1941209301705853,0.01015167781960672,0.2845835272386249,0.11156284498620249,0.03437806588237111,0.3836119407944668,0.1858636210983345,-0.0037950371514329094,0.1941209301705853
2025-07-20 00:00:00+00:00,11211.359648518457,0.00266817938757272,0.19706313322766397,0.008062482954098723,0.282893115020691,0.11305082110504992,0.034183846261835696,0.39018644762971816,0.1796857699827052,0.0029422030570786864,0.19706313322766397
2025-07-20 02:00:00+00:00,11245.926465967483,0.0030831958417811504,0.20047223662173044,0.015328642788786977,0.2806832754635034,0.10842770798825631,0.03309327810842255,0.40551509041850514,0.17228064802131254,0.0034091033940664623,0.20047223662173044
2025-07-20 04:00:00+00:00,11295.126005964825,0.004374876551632307,0.20532072788472433,0.01112410856605428,0.2765152270972531,0.10510726703787186,0.03290209221415094,0.4166391989845594,0.1688362146661646,0.0048484912629939,0.20532072788472433
2025-07-20 06:00:00+00:00,11305.592824859381,0.0009266668551576008,0.20626237469922176,0.014940029235809041,0.2914552563330622,0.10028639031225427,0.03057046247317814,0.4120787942074441,0.16560909667406132,0.0009416468144974395,0.20626237469922176
2025-07-20 08:00:00+00:00,11326.79425817145,0.0018753048725980586,0.2082951418472532,0.01688385977571358,0.2798793246540666,0.09897650117222831,0.030584790505481272,0.4289483259508546,0.1616110577173693,0.002032767148031452,0.2082951418472532
2025-07-20 10:00:00+00:00,11363.83850538725,0.0032704970507497124,0.2119083965039963,0.014755971888108588,0.2906136297203261,0.09600824822882256,0.02937906564857727,0.43296999277270365,0.15102906362957044,0.0036132546567430963,0.2119083965039963
2025-07-20 12:00:00+00:00,11372.717202560145,0.0007813114528763147,0.2126777230449921,0.016343652945739875,0.290845706594368,0.1034801705147324,0.02925015020505896,0.41675525527048213,0.15966871741535865,0.0007693265409958197,0.2126777230449921
2025-07-20 14:00:00+00:00,11392.318629615576,0.0017235482696270864,0.21453472911311414,0.020089574874918414,0.2853914230288865,0.09650481786652469,0.028582609463489533,0.4368448301454005,0.15267631949569882,0.001857006068122021,0.21453472911311414
2025-07-20 16:00:00+00:00,11420.959464565762,0.002514047919598093,0.21729370209210735,0.01372478269685613,0.2905225575760209,0.09931803033318617,0.030015326210971756,0.42312004744854437,0.15702403843127682,0.0027589729789932135,0.21729370209210735
2025-07-20 18:00:00+00:00,11369.893696005269,-0.004471232799567016,0.21172875437738925,0.004518090002063019,0.28886222481731805,0.0973491311109219,0.02912646818987582,0.42520524194353915,0.159456933938345,-0.005564947714718113,0.21172875437738925
2025-07-20 20:00:00+00:00,11408.157291737672,0.0033653433141461408,0.2154536583441132,0.028944412432085714,0.301421682678354,0.10364200446796151,0.02935332068463853,0.3962608295114535,0.16932216265759253,0.003724903966723966,0.2154536583441132
2025-07-20 22:00:00+00:00,11445.916013343971,0.0033098002280916544,0.2191129041254112,0.011389585059890427,0.2997768953860286,0.09830078173803537,0.029946132277247323,0.40705760297873517,0.16491858761995368,0.0036592457812979996,0.2191129041254112
2025-07-21 00:00:00+00:00,11404.733629709994,-0.003597998062013134,0.2146252938401509,0.012397183191172273,0.29793101728171656,0.09713989031673545,0.028598568128729403,0.4194547861699074,0.15687573810291122,-0.004487610285260329,0.2146252938401509
2025-07-21 02:00:00+00:00,11358.663542486438,-0.004039558372809386,0.20959843307285764,0.012205931566801664,0.2967327624106158,0.10049182173732427,0.029237663220089024,0.40844710947420654,0.1650906431577645,-0.005026860767293254,0.20959843307285764
2025-07-21 04:00:00+00:00,11478.314060564324,0.0105338552929524,0.22099671914898666,0.007730371364278786,0.29716946552557577,0.10284389710602894,0.030528186270994857,0.40071673810992764,0.1687417129874727,0.011398286076129025,0.22099671914898666
2025-07-21 06:00:00+00:00,11483.549483613655,0.0004561142883620119,0.22137907345400548,0.0036101945352234426,0.29757528415600887,0.10130893035111396,0.03078526994731122,0.39864151032961925,0.17168900521594677,0.0003823543050188108,0.22137907345400548
2025-07-21 08:00:00+00:00,11508.545567126559,0.002176686184752557,0.22374238045501782,0.0050117027510517,0.29541184948164945,0.1026625831549993,0.031156185043217738,0.395793242252927,0.17497614006720663,0.0023633070010123415,0.22374238045501782
2025-07-21 10:00:00+00:00,11508.51140378758,-2.968519243403305e-06,0.22358599323405667,0.003855543713619028,0.29866196455602984,0.1030538218996579,0.029823267464407596,0.3932706161181181,0.17519032996178666,-0.0001563872209611536,0.22358599323405667
2025-07-21 12:00:00+00:00,11521.057596914867,0.0010901664591615955,0.2247041101406987,0.01456849931941806,0.29788699789157463,0.10000226746235796,0.02953836082264065,0.40783911543753615,0.16473325838589067,0.0011181169066420101,0.2247041101406987
2025-07-21 14:00:00+00:00,11583.71735492549,0.005438715802219507,0.23069708865763194,0.018680692592640782,0.2995810354622209,0.10441394755535482,0.030633607308160265,0.3891584228448953,0.17621298682936865,0.005992978516933248,0.23069708865763194
2025-07-21 16:00:00+00:00,11561.472640237074,-0.001920343358426056,0.228248024200293,0.002187440421564704,0.29806146812020085,0.10475143970656617,0.0312886508686356,0.3884905497653507,0.17740789153924666,-0.0024490644573389544,0.228248024200293
2025-07-21 18:00:00+00:00,11473.42438623206,-0.007615660802464144,0.21863403780305762,0.011289164602921096,0.29732439854116355,0.10268717348582077,0.029812408291079492,0.39977971436827187,0.17039630531366445,-0.009613986397235364,0.21863403780305762
2025-07-21 20:00:00+00:00,11382.496628503235,-0.007925075781031563,0.2086785297525904,0.011755389920272773,0.2975069735206403,0.10555736154587357,0.0308542883284781,0.388024324447999,0.17805705215700895,-0.009955508050467205,0.2086785297525904
2025-07-21 22:00:00+00:00,11427.473453991011,0.003951402487144084,0.2130447359216692,0.005481556394293412,0.29914688351185875,0.1078755001092908,0.03128250952551002,0.38254276805370574,0.17915233879963494,0.004366206169078787,0.2130447359216692
2025-07-22 00:00:00+00:00,11461.90497797302,0.003013047820293377,0.21635792050987507,0.003809442442170005,0.295904977341531,0.10730796383744844,0.031698668775169615,0.3856331822395369,0.17945520780631405,0.0033131845882058736,0.21635792050987507
2025-07-22 02:00:00+00:00,11509.017973698077,0.004110398386271626,0.22089222355022445,0.00925243508860819,0.2943284300412716,0.10601882606887873,0.03084238640700497,0.3948856173281451,0.17392474015469955,0.004534303040349389,0.22089222355022445
2025-07-22 04:00:00+00:00,11412.405251502734,-0.008394523530690003,0.21032914492075797,0.004592613677833993,0.29343768024720346,0.10745159209602007,0.031033912873503516,0.3911837534443794,0.1768930613388938,-0.010563078629466488,0.21032914492075797
2025-07-22 06:00:00+00:00,11350.002825796759,-0.005467946881553191,0.2035726470906644,0.004298173457491632,0.29162002847862106,0.10654663892621799,0.031089186916621162,0.39542665285875317,0.17531749281978642,-0.0067564978300935765,0.2035726470906644
2025-07-22 08:00:00+00:00,11404.013060260744,0.00475860978124427,0.2088261433153643,0.004829426320820932,0.2930106171149394,0.1017172126053972,0.032056646577113095,0.3974858910099142,0.17572963269263617,0.005253496224699917,0.2088261433153643
2025-07-22 10:00:00+00:00,11419.813048795506,0.0013854761873096737,0.2102891238000495,0.0052806963900200315,0.2905396656481776,0.10456736122791695,0.03296392282040129,0.39467614608665597,0.17725290421684825,0.0014629804846851794,0.2102891238000495
2025-07-22 12:00:00+00:00,11491.57154201329,0.006283683709283864,0.2171878993565341,0.009244784545010234,0.2883491586028642,0.10347629015189538,0.03157429103510709,0.4039209306316662,0.17267932957846718,0.006898775556484597,0.2171878993565341
2025-07-22 14:00:00+00:00,11402.285426450939,-0.007769704538314783,0.20749022096186573,0.00788670703071825,0.28404665904470056,0.10986428018968329,0.031720795861739016,0.40033672315911156,0.1740315417447656,-0.00969767839466838,0.20749022096186573
2025-07-22 16:00:00+00:00,11478.358313128596,0.0066717227145694094,0.2147900211526374,0.03177009863666622,0.28305495979524425,0.10042364963953962,0.02847293244591557,0.43210682179577775,0.15594163632352276,0.0072998001907716775,0.2147900211526374
2025-07-22 18:00:00+00:00,11514.248054666888,0.0031267312414567055,0.21820761570844394,0.006023310535326516,0.2782982698834866,0.09949645891272468,0.02997219607366555,0.43176739189902386,0.16046568323109933,0.003417594555806527,0.21820761570844394
2025-07-22 20:00:00+00:00,11531.69472021877,0.0015152240484178961,0.21980578121307032,0.014873120997565424,0.26957150664107893,0.09930608891286655,0.029299336979811567,0.44664051289658924,0.15518255456965366,0.001598165504626382,0.21980578121307032
2025-07-22 22:00:00+00:00,11581.31610039336,0.004303043167418174,0.22452259348726816,0.012459964239656606,0.2736454486239885,0.09646333382714511,0.02733014549483197,0.4550265351533363,0.1475345369006981,0.004716812274197854,0.22452259348726816
2025-07-23 00:00:00+00:00,11678.544858789664,0.008395311685949296,0.23357456633671766,0.00990561320544458,0.2835510618294331,0.09454539688946403,0.026158502692584046,0.4501979585046285,0.14554708008389036,0.009051972849449506,0.23357456633671766
2025-07-23 02:00:00+00:00,11722.284187001802,0.0037452720986225264,0.23765026194752661,0.0029565695829705564,0.2842581507441116,0.09158882730649345,0.026569354541553715,0.4510068439236342,0.14657682348420706,0.004075695610808936,0.23765026194752661
2025-07-23 04:00:00+00:00,11706.158660273028,-0.0013756300795586213,0.23586712274862437,0.0044953302095132874,0.2867369153632258,0.09336455154092002,0.02681019589752618,0.44656205649889164,0.14652628069943632,-0.0017831391989022428,0.23586712274862437
2025-07-23 06:00:00+00:00,11693.869442872798,-0.0010498078624148713,0.23447111530997264,0.030000826765782758,0.2819822557125124,0.08495523819571962,0.02483996614934585,0.4765628832646744,0.1316596566777477,-0.001396007438651728,0.23447111530997264
2025-07-23 08:00:00+00:00,11659.205507056211,-0.002964282779615986,0.23077670280436063,0.012918391472181745,0.28794721645669785,0.08906842447465027,0.025122142769872874,0.4636444917924927,0.13421772450628636,-0.003694412505611996,0.23077670280436063
2025-07-23 10:00:00+00:00,11625.406884867582,-0.0028988786730086025,0.22716575474271036,0.00512430540733292,0.2896378421114504,0.08812599492952351,0.02541516305763511,0.4594626159302865,0.13735838397110448,-0.0036109480616502787,0.22716575474271036
2025-07-23 12:00:00+00:00,11758.63810131274,0.01146034867980242,0.23927570650895993,0.006614402462045383,0.2845128533063099,0.08797141283265585,0.025551596151321194,0.46594058529864585,0.13602355241106734,0.012109951766249578,0.23927570650895993
2025-07-23 14:00:00+00:00,11502.362343099916,-0.021794680302662985,0.20959665176560424,0.006366557528266734,0.2843669793544993,0.08595828420822983,0.024727828366833404,0.4723071428269126,0.13263976524352503,-0.0296790547433557,0.20959665176560424
2025-07-23 16:00:00+00:00,11581.00782908188,0.006837333378663916,0.21688412805872984,0.0013353535858371072,0.28303162576866214,0.08628708591522133,0.024931588378432987,0.4729608162002952,0.13278888373738845,0.007287476293125597,0.21688412805872984
2025-07-23 18:00:00+00:00,11455.717705623372,-0.01081858550720286,0.2035775402102176,0.011168412549138142,0.2875916133577471,0.08946013461990018,0.025408575667674745,0.461792403651157,0.135747272703521,-0.013306587848512253,0.2035775402102176
2025-07-23 20:00:00+00:00,11460.612785221392,0.0004273044887982994,0.20392276415792365,0.011525916665251462,0.28319188314519345,0.08587763433985307,0.025206624799713147,0.4733183203164085,0.13240553739883196,0.00034522394770604507,0.20392276415792365
2025-07-23 22:00:00+00:00,11439.048917837723,-0.001881563210256613,0.2016351221526783,0.01043008179664175,0.28250594822717356,0.08916761685598583,0.025649435868126264,0.4635741734377866,0.1391028256109278,-0.0022876420052453657,0.2016351221526783
2025-07-24 00:00:00+00:00,11524.093162572568,0.007434555560141883,0.20953205433176295,0.013908461145935752,0.28114674187220223,0.08750307326555226,0.02404707789047861,0.4774826345837223,0.12982047238804453,0.007896932179084661,0.20953205433176295
2025-07-24 02:00:00+00:00,11595.624134657519,0.006207080338196597,0.21612826796212314,0.004177718789483937,0.278984520386169,0.08548757596210166,0.024324308455819326,0.4782779720316073,0.13292562316430284,0.006596213630360212,0.21612826796212314
2025-07-24 04:00:00+00:00,11542.06208923869,-0.00461916019326112,0.2106070261456164,0.006728907742464539,0.2839309713660681,0.08714997745959789,0.024444363720888394,0.47171676154653736,0.13275792590690813,-0.005521241816506746,0.2106070261456164
2025-07-24 06:00:00+00:00,11283.472480748866,-0.022404108251239008,0.1815736301965914,0.014607838972909805,0.27728497530802904,0.0875711016531686,0.024258335088373256,0.48590347632587655,0.12498211162455262,-0.02903339594902501,0.1815736301965914
2025-07-24 08:00:00+00:00,11375.718458394378,0.0081753181746928,0.19010494652250792,0.0025110042785686116,0.2768707217247541,0.08826607782564942,0.024199977226929202,0.48771950443196427,0.12294371879070295,0.008531316325916536,0.19010494652250792
2025-07-24 10:00:00+00:00,11446.200535329945,0.006195835207538703,0.1965824268743121,0.005477284887879984,0.2814665084888895,0.0850849040223604,0.023625257928192374,0.48599811264611015,0.12382521691444753,0.006477480351804176,0.1965824268743121
2025-07-24 12:00:00+00:00,11484.97351567529,0.0033874105407876998,0.20011477309674883,0.00829675472311045,0.27855886693848536,0.0876470031440498,0.02410471809369146,0.48060899947340385,0.12908041235036952,0.0035323462224367288,0.20011477309674883
2025-07-24 14:00:00+00:00,11425.056511014796,-0.005216991103960064,0.19404937367659883,0.008256575862386097,0.27611171008616153,0.08888979744188984,0.02427795765241501,0.4874495414792263,0.1232709933403072,-0.006065399420149996,0.19404937367659883
2025-07-24 16:00:00+00:00,11575.440401122723,0.01316263862353268,0.20736049768860676,0.007085103124245857,0.2784337174357742,0.08490494463329076,0.02372504741121162,0.484902201404783,0.12803408911494046,0.013311124012007933,0.20736049768860676
2025-07-24 18:00:00+00:00,11598.188821147429,0.001965231493265622,0.20935047331068823,0.0043410626320847835,0.2791187955683113,0.0878606122099987,0.02442536433405134,0.4818603844623203,0.12673484342531835,0.0019899756220814672,0.20935047331068823
2025-07-24 20:00:00+00:00,11576.347133242172,-0.0018831981649955545,0.20711812028585028,0.004553904108438214,0.27762746692739276,0.08495826524464087,0.02426513583188953,0.48567527314371167,0.12747385885236523,-0.002232353024837946,0.20711812028585028
2025-07-24 22:00:00+00:00,11546.324563153283,-0.0025934407238598894,0.20408552990721568,0.002654672298109841,0.28013872383939104,0.08510168063075234,0.02383406163142145,0.48397777436924094,0.1269477595291941,-0.0030325903786345876,0.20408552990721568
2025-07-25 00:00:00+00:00,11491.119604734287,-0.004781171542255709,0.19854574753375567,0.008983477508920035,0.2801957059623642,0.08452958656317874,0.023158231590949766,0.4929042697551879,0.11921220612831945,-0.005539782373459998,0.19854574753375567
2025-07-25 02:00:00+00:00,11444.29197376931,-0.004075114747364146,0.19383268168850273,0.008820341129613246,0.28390100466166696,0.08487963475264046,0.02340805967942507,0.48408392862557464,0.1237273722806929,-0.004713065845252949,0.19383268168850273
2025-07-25 04:00:00+00:00,11272.843793739816,-0.014981108523136208,0.17587292784139932,0.006345064898162368,0.2842502245219299,0.08339758267058504,0.023369574059413676,0.49007977366347405,0.11890284508459731,-0.017959753847103414,0.17587292784139932
2025-07-25 06:00:00+00:00,11313.167169896784,0.0035770367171556743,0.17958464399777116,0.004446001099353943,0.28046904823923213,0.08430764601037255,0.023782787178410657,0.49320249830404356,0.11823802026794117,0.003711716156371835,0.17958464399777116
2025-07-25 08:00:00+00:00,11317.640617866342,0.0003954195940338982,0.1798977763393493,0.0047687981279110545,0.2822578142862961,0.08376596580438887,0.02312236131684303,0.4896358062436838,0.12121805234878825,0.0003131323415781422,0.1798977763393493
2025-07-25 10:00:00+00:00,11442.191377751815,0.011005011034619112,0.19110765244619418,0.004424856118655937,0.28298605964434204,0.08611517284679125,0.02307752605975635,0.48525578538211445,0.12256545606699577,0.011209876106844886,0.19110765244619418
2025-07-25 12:00:00+00:00,11460.505042858234,0.0016005382624545723,0.1927051078008682,0.003604993254418324,0.28243087577071224,0.08306536346600274,0.023419068626224174,0.4857308790086698,0.12535381312839095,0.0015974553546740013,0.1927051078008682
2025-07-25 14:00:00+00:00,11464.907209768775,0.00038411631023913613,0.1929943644132277,0.004020725634699979,0.2804236240062636,0.084413297989049,0.023513520866704492,0.4883092178798432,0.12334033925813964,0.00028925661235951064,0.1929943644132277
2025-07-25 16:00:00+00:00,11359.643879109968,-0.009181350422890169,0.18237014580886132,0.0025892215955238933,0.28214729205581257,0.0837681993610551,0.02343915682180259,0.4891747714258182,0.12147058033551164,-0.010624218604366369,0.18237014580886132
2025-07-25 18:00:00+00:00,11444.744420251678,0.007491479666735525,0.19006672746293,0.0023694520333230953,0.28429757142888157,0.08397564410830412,0.023450884734807585,0.4879823165771175,0.12029358315088919,0.007696581654068667,0.19006672746293
2025-07-25 20:00:00+00:00,11452.723514870358,0.0006971841681814262,0.1906942561787973,0.0019299169276861695,0.2847697876396068,0.08249472774092606,0.023723793286935878,0.48916710874195013,0.11984458259058108,0.0006275287158672929,0.1906942561787973
2025-07-25 22:00:00+00:00,11526.833510014001,0.0064709494686934,0.1973420102154656,0.001358716084737267,0.2837011762418677,0.0830940022561542,0.023433688599937743,0.48963816612220906,0.12013296677983129,0.0066477540366683165,0.1973420102154656
2025-07-26 00:00:00+00:00,11587.450000906467,0.005258728760140866,0.20274354682550627,0.003296564368206441,0.2808151109544814,0.08367567290857235,0.023023189519117547,0.49207814006904876,0.12040788654877985,0.0054015366100406675,0.20274354682550627
2025-07-26 02:00:00+00:00,11515.458283976921,-0.00621290421308513,0.19562649089131587,0.007018893734389485,0.27950497274678193,0.08351238352638965,0.023892291884541166,0.48653267392454147,0.12655767791774572,-0.007117055934190403,0.19562649089131587
2025-07-26 04:00:00+00:00,11573.085582863716,0.005004342638015551,0.2007662015070505,0.006610526209665055,0.2813427685055962,0.08317826501995342,0.023229198670064337,0.4913054043753923,0.12094436342899374,0.005139710615734614,0.2007662015070505
2025-07-26 06:00:00+00:00,11554.585635336323,-0.0015985319900153978,0.19888429118384054,0.010244647853412996,0.2809451660600947,0.0827544251928236,0.024604371504580357,0.4818821987946107,0.1298138384478908,-0.001881910323209937,0.19888429118384054
2025-07-26 08:00:00+00:00,11561.828108269421,0.0006268050765011563,0.19942881474241347,0.008143917719298956,0.28128149630003096,0.08334467796146469,0.023418315149802613,0.48909953350533214,0.12285597708336946,0.0005445235585729208,0.19942881474241347
2025-07-26 10:00:00+00:00,11585.66057250393,0.002061305877525037,0.20150588604275715,0.005198573761011802,0.28364449747208087,0.08231709680290689,0.02402125255500597,0.4849285409028782,0.12508861226712803,0.0020770713003436707,0.20150588604275715
2025-07-26 12:00:00+00:00,11569.24475171844,-0.0014169084863792688,0.1998200907199301,0.0030377770945116886,0.28428609638942953,0.08296586737297645,0.023778970017625557,0.4866759485099717,0.12229311770999682,-0.0016857953228270695,0.1998200907199301
2025-07-26 14:00:00+00:00,11583.635884953352,0.001243912938463437,0.20102860827590216,0.0019947481719254055,0.28493693959050864,0.08240514498789173,0.02392235144645001,0.4878764720519936,0.12085909192315618,0.0012085175559720732,0.20102860827590216
2025-07-26 16:00:00+00:00,11575.924656436116,-0.0006657001820344909,0.20016765720823762,0.002517012909265268,0.2853056413884573,0.0829225273819985,0.024044366821356748,0.4853594591427282,0.12236800526545916,-0.0008609510676645468,0.20016765720823762
2025-07-26 18:00:00+00:00,11558.451694680887,-0.001509422553602644,0.1983772448052651,0.00103030378165931,0.2847518968807918,0.08259572923883728,0.023894605690524238,0.48585104282938085,0.12290672536046586,-0.001790412402972518,0.1983772448052651
2025-07-26 20:00:00+00:00,11610.145281203064,0.004472362552327462,0.20299051807168791,0.010894877842424067,0.28460624532595064,0.08417162547938284,0.02480890336757665,0.47510181654179795,0.13131140928529197,0.0046132732664228,0.20299051807168791
2025-07-26 22:00:00+00:00,11636.32227201371,0.0022546652239593583,0.20527784760418116,0.001949921171189535,0.28476166859010066,0.08401026003306773,0.024517897250865582,0.4768963144488374,0.12981385967712855,0.002287329532493261,0.20527784760418116
2025-07-27 00:00:00+00:00,11655.57537865457,0.001654569733528926,0.20692577630907338,0.003324966569418693,0.28494296479286013,0.08520198761252737,0.025004646721553763,0.47357134787941874,0.13127905299363998,0.0016479287048922285,0.20692577630907338
2025-07-27 02:00:00+00:00,11685.47299399754,0.0025650913294013354,0.2095416027533942,0.009407071027463158,0.2849523710622864,0.0838113180373801,0.024097544450546807,0.4829690126374556,0.12416975381233103,0.0026158264443208105,0.2095416027533942
2025-07-27 04:00:00+00:00,11680.547687220316,-0.0004214897231591904,0.20893918428288993,0.009296800445707224,0.2853557850691404,0.08496590625724176,0.02478698420096573,0.4736722121917485,0.13121911228090374,-0.000602418470504255,0.20893918428288993
2025-07-27 06:00:00+00:00,11708.114529402432,0.002360064178521017,0.2113395664210951,0.004664478726110132,0.28767667977655187,0.08730949027594029,0.024454651116800147,0.47011009229897244,0.13044908653173512,0.0024003821382051803,0.2113395664210951
2025-07-27 08:00:00+00:00,11690.193923516692,-0.001530614160011576,0.20950794259075664,0.01089660316151893,0.28674154190650636,0.08865766209677,0.025911747338812883,0.46014862700749903,0.1385404216504116,-0.001831623830338473,0.20950794259075664
2025-07-27 10:00:00+00:00,11660.25006709527,-0.0025614507866448303,0.2065211290501875,0.004797832826715889,0.28838549192359364,0.0917289305657351,0.02599436167947645,0.4554000593802107,0.1384911564509841,-0.002986813540569145,0.2065211290501875
2025-07-27 12:00:00+00:00,11702.227521098801,0.0036000474914331883,0.2102364130010185,0.0046065210845698725,0.2876409536705833,0.09105533574611066,0.025305930081340314,0.4600065804647806,0.13599120003718515,0.0037152839508310083,0.2102364130010185
2025-07-27 14:00:00+00:00,11688.756870597694,-0.0011511184923399759,0.20882554534691655,0.007804525372929303,0.2886587898388557,0.0924128617919771,0.025880718567862445,0.45220205509185124,0.14084557470945344,-0.0014108676541019444,0.20882554534691655
2025-07-27 16:00:00+00:00,11838.863003697761,0.012841924488792364,0.2216510868997285,0.0051821974147699314,0.2889481293315253,0.0948804717399028,0.02651869542330417,0.4470198576770813,0.1426328458281863,0.012825541552811973,0.2216510868997285
2025-07-27 18:00:00+00:00,11915.253029684589,0.006452479935190389,0.22824108090459777,0.004001657915479212,0.2870403101570754,0.0947717051405142,0.026911654218000118,0.4450347855354407,0.14624154494896963,0.006589994004869258,0.22824108090459777
2025-07-27 20:00:00+00:00,11952.104188522078,0.003092771823282577,0.23138622216654228,0.0037917120090621495,0.2903825685715001,0.094694957590807,0.026805447907458584,0.44142602738662723,0.14669099854360704,0.0031451412619445023,0.23138622216654228
2025-07-27 22:00:00+00:00,12014.564646402714,0.005225896368993948,0.23672413611565185,0.008414143461547337,0.29265425339474127,0.09687609097184247,0.027171639644338996,0.4330118839250799,0.1502861320639973,0.005337913949109563,0.23672413611565185
2025-07-28 00:00:00+00:00,12066.018402783617,0.004282615133816616,0.2410926769449144,0.0063060120753560475,0.29334843073982225,0.09760963664678525,0.02763233050164865,0.42670587184972397,0.15470373026202006,0.00436854082926254,0.2410926769449144
2025-07-28 02:00:00+00:00,12054.040570411156,-0.0009926913727975805,0.23983557458427499,0.004036047579204408,0.29419959286112507,0.09702290474711572,0.027371855673584203,0.4298907573076255,0.15151488941054955,-0.0012571023606394271,0.23983557458427499
2025-07-28 04:00:00+00:00,12053.652610274958,-3.218506972267863e-05,0.2396352518366304,0.02116385427528643,0.2943260442280205,0.1028058204360617,0.029171325594527495,0.40872690303233905,0.16496990670905126,-0.00020032274764459541,0.2396352518366304
2025-07-28 06:00:00+00:00,12123.881856457294,0.005826387108789818,0.24557307886831756,0.009357712660910436,0.29502711355453237,0.10017388926496511,0.02817459488506539,0.4173835463667376,0.1592408559286995,0.005937827031687167,0.24557307886831756
2025-07-28 08:00:00+00:00,12127.865080745854,0.00032854364103194746,0.24576151015414782,0.00910052427145838,0.295214610794688,0.1026414684181619,0.029125750258238388,0.4082830220952792,0.16473514843363246,0.0001884312858302677,0.24576151015414782
2025-07-28 10:00:00+00:00,12118.071343201096,-0.0008075401135775462,0.24470336682852492,0.005316893662199656,0.2949679563346898,0.10440301292303576,0.02955327286999951,0.40321278289307777,0.1678629749791971,-0.0010581433256228927,0.24470336682852492
2025-07-28 12:00:00+00:00,12087.573554645087,-0.002516719673640149,0.2417297624981413,0.006058498231649926,0.294440240659205,0.1052886278743437,0.030175248612857423,0.3976820003369127,0.17241388251668122,-0.0029736043303836375,0.2417297624981413
2025-07-28 14:00:00+00:00,12013.868584847727,-0.006097581906257413,0.23459504937912673,0.0007284966451995313,0.294418814267459,0.10557991827233038,0.030188001617923104,0.3981064535790599,0.1717068122632277,-0.0071347131190145595,0.23459504937912673
2025-07-28 16:00:00+00:00,11953.146746211969,-0.005054311873557811,0.22871230855947963,0.006605113909381757,0.29472055648076817,0.10658506834622251,0.030892542373458527,0.3915013396696781,0.17630049312987267,-0.005882740819647094,0.22871230855947963
2025-07-28 18:00:00+00:00,11909.283956994857,-0.0036695600036043326,0.2244454078350342,0.0021674385146186192,0.29500882402814554,0.10731363931716782,0.030833958439426257,0.3893924850890917,0.17745109312616855,-0.004266900724445435,0.2244454078350342
2025-07-28 20:00:00+00:00,11918.506621777165,0.0007744096803478875,0.22513438263476912,0.010865705001227377,0.29002380110193826,0.10898891413786257,0.030935001345339462,0.39848187236371124,0.1715704110511486,0.0006889747997349369,0.22513438263476912
2025-07-28 22:00:00+00:00,11883.028905114623,-0.002976691442006656,0.2216599760030125,0.008452379117410595,0.2893980009983999,0.11157438479020748,0.03214751144615827,0.39065529334983895,0.17622480941539542,-0.003474406631756628,0.2216599760030125
2025-07-29 00:00:00+00:00,11874.305160515889,-0.0007341347621379112,0.2207018438061471,0.003400205394469849,0.2863835195434647,0.11236964139448388,0.03238002019462172,0.3930277333915688,0.17583908547586066,-0.0009581321968653761,0.2207018438061471
2025-07-29 02:00:00+00:00,11862.66390750288,-0.0009803734075925995,0.21947127989721857,0.006431761806533896,0.27995175773693093,0.11498941506261491,0.033774959535041504,0.39444349854115024,0.17684036912426246,-0.0012305639089285284,0.21947127989721857
2025-07-29 04:00:00+00:00,11921.075871713847,0.004924017460700639,0.22454516583900236,0.0017333481146254437,0.281475139188541,0.11452791531732648,0.03333980966584542,0.39360680004100934,0.17705033578727786,0.005073885941783802,0.22454516583900236
2025-07-29 06:00:00+00:00,11949.666178490977,0.0023982992042662667,0.22697828987482296,0.00649330209323111,0.27656919882296754,0.11707898766403349,0.034847823323238505,0.39201943831335156,0.17948455187640874,0.0024331240358206126,0.22697828987482296
2025-07-29 08:00:00+00:00,11939.068643180852,-0.0008868478124685759,0.22584484848696001,0.005734479495518863,0.2768808931355813,0.11752207691017924,0.03460064598329461,0.396999134250111,0.17399724972083386,-0.0011334413878629525,0.22584484848696001
2025-07-29 10:00:00+00:00,11977.60964362853,0.0032281412897051816,0.22915650932679402,0.012458508167369226,0.27781255119091314,0.11295238553345249,0.03239149143170756,0.4085259843621484,0.1683175874817784,0.0033116608398339933,0.22915650932679402
2025-07-29 12:00:00+00:00,11913.65624006754,-0.005339412909904817,0.2229240851510111,0.007557014173048309,0.27550925756202804,0.11201841149225199,0.032559907463057994,0.4159145825038463,0.16399784097881573,-0.0062324241757829345,0.2229240851510111
2025-07-29 14:00:00+00:00,11848.39133421169,-0.005478159226749638,0.21654361381504436,0.022260060250084205,0.2699609953716193,0.10460238372067418,0.030426567030801675,0.4381746427539305,0.15683541112297442,-0.006380471335966726,0.21654361381504436
2025-07-29 16:00:00+00:00,11724.036690021383,-0.010495487588364666,0.20411618014865487,0.0021940904198646718,0.27054583038362406,0.10341067544828395,0.03021458020619842,0.4373842474310593,0.1584446665308343,-0.012427433666389492,0.20411618014865487
2025-07-29 18:00:00+00:00,11808.309697778042,0.007188053908803069,0.2114941968277041,0.022218735400734393,0.2730980106955188,0.09973753441721583,0.028138405352442088,0.4570508025198989,0.14197524701492428,0.00737801667904922,0.2114941968277041
2025-07-29 20:00:00+00:00,11718.427173874557,-0.007611802722314987,0.20265042260914162,0.004897118531480281,0.2743767145053447,0.09555932594863671,0.027692893654811226,0.4567774041546287,0.1455936617365788,-0.008843774218562469,0.20265042260914162
2025-07-29 22:00:00+00:00,11747.424687035751,0.002474522624148901,0.20517095814319639,0.015242207555348395,0.27560675874287993,0.09391795936278192,0.026013844172854857,0.4707895674724417,0.13367187024904145,0.002520535534054772,0.20517095814319639
2025-07-30 00:00:00+00:00,11749.710969818185,0.00019461991401035445,0.2052445000649035,0.005289053004552307,0.2759733196999708,0.09109436804077765,0.026634245151031338,0.46832410578989375,0.13797396131832648,7.354192170711991e-05,0.2052445000649035
2025-07-30 02:00:00+00:00,11772.014496366573,0.0018982191651930607,0.20715381996570556,0.009511702886095605,0.2769401317238334,0.089748378833646,0.02552516108949105,0.4768689966521267,0.13091733170090275,0.0019093199008020673,0.20715381996570556
2025-07-30 04:00:00+00:00,11759.689876979897,-0.0010469422536371858,0.20586339168367893,0.002127289171487601,0.2775264611492183,0.0883264355718029,0.025156331609365843,0.4784099563982294,0.1305808152713835,-0.0012904282820266383,0.20586339168367893
2025-07-30 06:00:00+00:00,11725.459893710418,-0.002910789623498913,0.20248811094212923,0.00201430911881049,0.27778050691798345,0.08981884441658705,0.025424186114626997,0.4764807006413147,0.13049576190948767,-0.003375280741549704,0.20248811094212923
2025-07-30 08:00:00+00:00,11728.843663391313,0.00028858310987956803,0.20266660636317524,0.010837053344289862,0.27863480547224156,0.08622288437326263,0.024075285582490755,0.48646345543134645,0.12460356914065847,0.00017849542104599546,0.20266660636317524
2025-07-30 10:00:00+00:00,11713.190957053166,-0.0013345481265985976,0.20105876848787682,0.0029767719060230773,0.28161157737826475,0.08602692973036517,0.023773950960951494,0.48548119218860536,0.12310634974181331,-0.0016078378752984205,0.20105876848787682
2025-07-30 12:00:00+00:00,11609.116860480886,-0.00888520446340121,0.19069116290561128,0.006470728005593481,0.28010174657811826,0.08496979674580261,0.02336187558806008,0.49195192019419887,0.11961466089382032,-0.010367605582265552,0.19069116290561128
2025-07-30 14:00:00+00:00,11585.36423899773,-0.0020460317325268528,0.18830468034905434,0.0024839159315830535,0.2807895816282992,0.08448303605999517,0.023399028041779884,0.4899547649484231,0.12137358932150248,-0.002386482556556922,0.18830468034905434
2025-07-30 16:00:00+00:00,11652.783086924706,0.005819311895264875,0.19433354451157886,0.004234076139883166,0.2790448016733225,0.08576759952074078,0.02357905041693817,0.49272425525240243,0.11888429313659606,0.006028864162524519,0.19433354451157886
2025-07-30 18:00:00+00:00,11660.981923871967,0.0007035947452295302,0.19496862338577478,0.007038543264990205,0.2802188049025914,0.08379783749204156,0.023320149692835745,0.4879143747402139,0.1247488331723174,0.0006350788741959285,0.19496862338577478
2025-07-30 20:00:00+00:00,11572.36741571103,-0.007599232100645542,0.18617494504191534,0.0024718050473909476,0.2804699376565104,0.08600610771949277,0.023332551758856446,0.4879015220494154,0.12228988081572492,-0.00879367834385943,0.18617494504191534
2025-07-30 22:00:00+00:00,11596.411983609138,0.0020777570426482412,0.18829241846553316,0.002449997810716382,0.2805919593228348,0.08410960121474083,0.02323938773602918,0.49022949819380746,0.12182955353258784,0.0021174734236178274,0.18829241846553316
2025-07-31 00:00:00+00:00,11673.917171181374,0.006683548987547666,0.1951980384393992,0.0016713817262624803,0.2822633410490973,0.08324235982747191,0.023191482626699064,0.489645393581299,0.12165742291543284,0.0069056199738660356,0.1951980384393992
2025-07-31 02:00:00+00:00,11702.971617176561,0.002488834344902824,0.1977447866413744,0.002374177777748475,0.28293722991015124,0.08352445138275191,0.023256103311896825,0.4909989702575157,0.11928324513768433,0.002546748201975207,0.1977447866413744
2025-07-31 04:00:00+00:00,11744.196527470747,0.0035226019204967567,0.20138057697937312,0.002709424152661691,0.28346280326695766,0.08378006572125164,0.023321586326562945,0.4882895461048539,0.12114599858037366,0.0036357903379987005,0.20138057697937312
2025-07-31 06:00:00+00:00,11757.451088336902,0.0011286051655515525,0.20246988237549848,0.003930646437177767,0.28211002660133894,0.08331568181641241,0.023237606405344655,0.4922201925420318,0.11911649263487226,0.0010893053961253789,0.20246988237549848
2025-07-31 08:00:00+00:00,11784.643574492333,0.0023127875209623776,0.20482756213658104,0.0039292742076324685,0.2842215253860575,0.08266027426026606,0.02365369801456271,0.48894632589054565,0.12051817644856808,0.0023576797610825547,0.20482756213658104
2025-07-31 10:00:00+00:00,11853.147238511308,0.005812960195694823,0.21082762992861986,0.0011174281447807865,0.28520641368162286,0.0826513798512282,0.0237862378637781,0.4878604859897167,0.12049548261365407,0.006000067792038814,0.21082762992861986
2025-07-31 12:00:00+00:00,11746.387448122943,-0.009006872878580102,0.20028495988957457,0.0007409432487235756,0.28467752639870364,0.08249667515429386,0.023728886594908096,0.4885526849970298,0.12054422685506457,-0.010542670039045304,0.20028495988957457
2025-07-31 14:00:00+00:00,11715.392226603806,-0.0026387024654196387,0.19722710168131644,0.00017761509724025133,0.28462216124042783,0.0825973410782669,0.02365075769559865,0.4885085639573748,0.12062117602833176,-0.003057858208258141,0.19722710168131644
2025-07-31 16:00:00+00:00,11724.309884616216,0.000761191587948722,0.19792178027911136,0.0009810359739468658,0.2847468063575772,0.08278424023069125,0.023654135099859287,0.4875275279834279,0.12128729032844424,0.0006946785977949159,0.19792178027911136
2025-07-31 18:00:00+00:00,11730.389829871467,0.0005185759601278201,0.1983535118552386,0.00242588245389499,0.2854585682446822,0.0825319707605233,0.024065286172958524,0.485353914999701,0.12259025982213512,0.0004317315761272432,0.1983535118552386
2025-07-31 20:00:00+00:00,11639.783729956403,-0.007724048495330846,0.1894008734747123,0.0026927432850916023,0.28564725158185966,0.08272717872020743,0.02393767810818579,0.4876627669879309,0.12002512460181615,-0.008952638380526326,0.1894008734747123
2025-07-31 22:00:00+00:00,11611.748571410708,-0.00240856352627439,0.1866113833813708,0.0011054467280006783,0.2853415158926746,0.08294868977493158,0.02369540574594019,0.487105328311361,0.12090906027509281,-0.002789490093341518,0.1866113833813708
2025-08-01 00:00:00+00:00,11502.445452181946,-0.009413148980669268,0.17568905976305538,0.0025000855336430906,0.28508814671819205,0.08301732554794786,0.023777790196824893,0.4848586119522004,0.1232581255848349,-0.010922323618315397,0.17568905976305538
2025-08-01 02:00:00+00:00,11517.304578901085,0.001291823271921608,0.176969418425696,0.0016139119546069447,0.2857534689988173,0.08309101534684467,0.023806572566381506,0.48570472945772863,0.12164421363022791,0.0012803586626406133,0.176969418425696
2025-08-01 04:00:00+00:00,11507.495251302182,-0.0008517034113062833,0.1759199945488483,0.0027267453089559676,0.2859530334399426,0.08298623361047962,0.02413585734275787,0.48308276588513765,0.12384210972168216,-0.0010494238768477024,0.1759199945488483
2025-08-01 06:00:00+00:00,11448.867253110691,-0.005094766229415304,0.17010639431017796,0.003931666419345104,0.2845787698611691,0.08305369675973404,0.0236680766042892,0.4869469691552284,0.1217524876195793,-0.005813600238670342,0.17010639431017796
2025-08-01 08:00:00+00:00,11400.2389302262,-0.0042474352972586915,0.16526980668893965,0.0025216501355803025,0.2822674994279155,0.0834619986566821,0.023457696901962415,0.4886887696506086,0.12212403536283128,-0.004836587621238316,0.16526980668893965
2025-08-01 10:00:00+00:00,11345.747026298377,-0.0047798913918677705,0.15983519350855394,0.003992138040443242,0.2842992230557982,0.08305375537911401,0.02369837066467842,0.4851048748877335,0.12384377601267593,-0.0054346131803857155,0.15983519350855394
2025-08-01 12:00:00+00:00,11391.182037216762,0.004004585225906324,0.16401245156334143,0.005434975222871008,0.28121456573310294,0.0838420943760725,0.023609012984479275,0.48975151111364595,0.12158281579269924,0.004177258054787502,0.16401245156334143
2025-08-01 14:00:00+00:00,11280.956165509047,-0.00967642087955315,0.1528824301427321,0.0019168505230595188,0.2796085099625058,0.0838498097395539,0.023512865320387,0.48953686402527585,0.12349195095227736,-0.011130021420609346,0.1528824301427321
2025-08-01 16:00:00+00:00,11332.983375152426,0.004611950341802598,0.1576930925767358,0.0033932969752345065,0.2782786845896076,0.08476628412213286,0.023583123441534952,0.4919434284967835,0.12142847934994114,0.004810662434003715,0.1576930925767358
2025-08-01 18:00:00+00:00,11252.616619124125,-0.007091403328492036,0.1496385045931546,0.0012492972199962017,0.27922805053362526,0.08413546901891876,0.02344853593979164,0.4914595338817447,0.12172841062591962,-0.00805458798358122,0.1496385045931546
2025-08-01 20:00:00+00:00,11231.789403018543,-0.0018508776056747887,0.1475161918730967,0.0023594336028480243,0.27805133607345495,0.08504918144764081,0.0236568315227895,0.4926969594728728,0.1205456914832419,-0.0021223127200578774,0.1475161918730967
2025-08-01 22:00:00+00:00,11235.930032075492,0.00036865266151063205,0.14781962138097457,0.001095549699759871,0.2791468857732148,0.08447751204042812,0.023426235389198635,0.4925680844368577,0.12038128236030066,0.0003034295078778751,0.14781962138097457
2025-08-02 00:00:00+00:00,11193.232315175075,-0.0038001052675236064,0.1435280985953677,0.0007295442367327709,0.27865443751914654,0.08471499987764987,0.02351820044182165,0.49296817578374574,0.12014418637763619,-0.004291522785606864,0.1435280985953677
2025-08-02 02:00:00+00:00,11268.539912851526,0.006727958069301656,0.15054756810047837,0.0008374291997836989,0.27781700831936285,0.08504586130963394,0.023642635156906417,0.4933153775392583,0.12017911767483849,0.007019469505110683,0.15054756810047837
2025-08-02 04:00:00+00:00,11276.29454423408,0.0006881664743194818,0.15119439017806602,0.00244417079672553,0.2790623628391816,0.0838645858939252,0.023306950503645993,0.49451419381616507,0.11925190694708214,0.0006468220775876473,0.15119439017806602
2025-08-02 06:00:00+00:00,11290.01102199814,0.0012163993863633894,0.15241074761680865,0.0005568039086602319,0.2785055589305213,0.08408850215177836,0.02337696364378511,0.4947724220410962,0.11925655323281886,0.001216357438742618,0.15241074761680865
2025-08-02 08:00:00+00:00,11238.278793624757,-0.004582123814811558,0.14722832229621252,0.0008142661132279141,0.2785356809741336,0.0838309112558983,0.02335331673241424,0.4955565661107119,0.11872352492684196,-0.005182425320596136,0.14722832229621252
2025-08-02 10:00:00+00:00,11188.466747653385,-0.0044323554243581205,0.1422230663770206,0.0040059944417507615,0.27678557884100796,0.08321594380599825,0.023464800673948575,0.4994510766109283,0.11708260006811685,-0.005005255919191929,0.1422230663770206
2025-08-02 12:00:00+00:00,11207.343504007204,0.0016871620374417126,0.14395278637205844,0.0006630063477253353,0.2771141266154761,0.08297463021040469,0.02347335606154619,0.4997769797965879,0.1166609073159851,0.0017297199950378353,0.14395278637205844
2025-08-02 14:00:00+00:00,11191.776876222124,-0.0013889667769630817,0.1423391397334833,0.0036369240355137757,0.27447115193547544,0.08310816654812973,0.023757023258002757,0.5029967002979201,0.11566695796047197,-0.0016136466385751416,0.1423391397334833
2025-08-02 16:00:00+00:00,11074.270616340697,-0.010499339039815758,0.13033310185836064,0.003466808724682264,0.2777456738381764,0.08261696818659804,0.02356128302707317,0.5002168301656992,0.11585924478245335,-0.012006037875122678,0.13033310185836064
2025-08-02 18:00:00+00:00,11037.822691964479,-0.003291225728440887,0.12663471993227635,0.0037480804366184194,0.2748487148961915,0.08286071239845699,0.0238666237519214,0.5034158256656104,0.11500812328781979,-0.0036983819260843,0.12663471993227635
2025-08-02 20:00:00+00:00,10985.260818226201,-0.004761978444946597,0.12129766166715021,0.0021591670167992252,0.27673214702043647,0.08258535730840671,0.02380713913151673,0.5015914983592661,0.11528385818037402,-0.005337058265126134,0.12129766166715021
2025-08-02 22:00:00+00:00,11029.714636561297,0.0040466784604094455,0.12555175359378698,0.0004449494818358369,0.2770177768595458,0.08252419473104103,0.023966458774243207,0.5014006327558638,0.11509093687930617,0.004254091926636761,0.12555175359378698
2025-08-03 00:00:00+00:00,10993.422353411699,-0.003290409982983241,0.12185817383549244,0.0015413484907296597,0.275647559264627,0.08271767526583337,0.02379532787843238,0.50263888365188,0.11520055393922722,-0.0036935797582945368,0.12185817383549244
2025-08-03 02:00:00+00:00,11039.60807044967,0.004201213739744916,0.12627690821008705,0.0026611651668214456,0.2777109971889778,0.08266296573503486,0.023510759500283328,0.5003169963940062,0.11579828118169787,0.0044187343745946015,0.12627690821008705
2025-08-03 04:00:00+00:00,11096.564119866902,0.005159245604895096,0.13169723500074784,0.004052084442708902,0.2743306983977703,0.08306578909457407,0.023793779906446134,0.503683237071013,0.11512649553019644,0.00542032679066079,0.13169723500074784
2025-08-03 06:00:00+00:00,11101.988220811878,0.0004888090481328272,0.13214211434542023,0.0018881952827221448,0.2758255761218584,0.08275232050967753,0.023711927924972145,0.5021903623546614,0.1155198130888305,0.00044487934467238755,0.13214211434542023
2025-08-03 08:00:00+00:00,11133.3259026204,0.0028227089765576266,0.13509245791715185,0.0032861193971004,0.2785417483404064,0.08273299384546226,0.023453375449883802,0.49918212209686463,0.11608976026738288,0.002950343571731626,0.13509245791715185
2025-08-03 10:00:00+00:00,11136.84556921024,0.0003161379286500792,0.13534839339926563,0.0017686155613963195,0.27749400441232164,0.08252688453590036,0.023606770665037864,0.5007973424431069,0.11557499794363325,0.00025593548211376687,0.13534839339926563
2025-08-03 12:00:00+00:00,11150.762104712778,0.0012495940090084246,0.13661406375027907,0.0038529110492176444,0.2797490827456216,0.08277109621156206,0.023350136111422663,0.49720106594750446,0.11692861898388922,0.0012656703510134446,0.13661406375027907
2025-08-03 14:00:00+00:00,11172.17828878113,0.0019206027235842231,0.1386014504225321,0.0014015455646924808,0.2784466322721253,0.08291430774892966,0.023360807289798363,0.49844872879645363,0.11682952389269304,0.0019873866722530486,0.1386014504225321
2025-08-03 16:00:00+00:00,11154.210664704065,-0.001608247166544652,0.13674831382066052,0.0005501221675233529,0.2789967544396486,0.0827103807159579,0.023320995629175743,0.4983590057714564,0.11661286344376123,-0.0018531366018715795,0.13674831382066052
2025-08-03 18:00:00+00:00,11182.761078752113,0.002559608645225955,0.13942265359853734,0.0033609914177472923,0.280984924095559,0.08303142645563653,0.02322059545746817,0.49509841452541675,0.11766463946591958,0.0026743397778768298,0.13942265359853734
2025-08-03 20:00:00+00:00,11197.817424326158,0.0013463889166561037,0.14079305125901875,0.0010522151149110984,0.28084548108839524,0.08267745925106036,0.02325502301537437,0.49611620208242163,0.11710583456274837,0.0013703976604814126,0.14079305125901875
2025-08-03 22:00:00+00:00,11206.559242687745,0.00078067162825812,0.14155112861208247,0.0010585679420046807,0.2815613618349843,0.08275407793165258,0.023372419532311388,0.49505763414041704,0.11725450656063482,0.0007580773530636993,0.14155112861208247
2025-08-04 00:00:00+00:00,11186.774423937635,-0.0017654677338201038,0.13951722724524096,0.0008778812732853931,0.28206536226322165,0.0828137001308545,0.023407475001177635,0.49417975286713156,0.11753370973761464,-0.0020339013668415158,0.13951722724524096
2025-08-04 02:00:00+00:00,11234.209131270347,0.004240248845208693,0.1439832316177155,0.0018709398911877298,0.28364345334224517,0.08230573045256342,0.023700323813341886,0.49311702907974214,0.11723346331210743,0.00446600437247455,0.1439832316177155
2025-08-04 04:00:00+00:00,11236.060083460605,0.00016476034660102556,0.14406960936800522,0.00023465018350730255,0.2835639769340462,0.08244719984785608,0.023793504601556503,0.49307683395856894,0.11711848465797224,8.637775028971546e-05,0.14406960936800522
2025-08-04 06:00:00+00:00,11227.029472434331,-0.0008037168686527347,0.14309390989809567,0.001911852037691758,0.28473775234516163,0.08253283661646976,0.023904432902362074,0.49116498192087715,0.1176599962151293,-0.0009756994699095524,0.14309390989809567
2025-08-04 08:00:00+00:00,11259.517633778114,0.002893745084000347,0.1461311376532824,0.0009637556851310111,0.2852053417330246,0.08250420628745826,0.02398262547761294,0.4902298565647577,0.11807796993714656,0.00303722775518673,0.1461311376532824
2025-08-04 10:00:00+00:00,11252.116864839045,-0.0006572900527166222,0.14531428294013826,0.00017281464538653098,0.2852869458610053,0.08239937577737239,0.023914641342312283,0.49024287948449563,0.11815615753481447,-0.0008168547131441423,0.14531428294013826
2025-08-04 12:00:00+00:00,11249.737248422676,-0.00021148166562366704,0.14498781299260768,0.00017208453853563045,0.2853895363007488,0.0823634645607981,0.023836280582977255,0.49031237358328766,0.11809834497218809,-0.00032646994753056824,0.14498781299260768
2025-08-04 14:00:00+00:00,11337.84309582403,0.007831813797580498,0.15320458381439345,0.0001997069852304259,0.2853063337527251,0.08246211376241738,0.023719776145770578,0.49039827460620405,0.1181135017328829,0.008216770821785756,0.15320458381439345
2025-08-04 16:00:00+00:00,11328.936625253,-0.0007855524631762799,0.15224120323058454,0.0015246741880839253,0.28448497175181375,0.08197551657408063,0.023617781631550587,0.49028355412158825,0.11963817592096683,-0.0009633805838089131,0.15224120323058454
2025-08-04 18:00:00+00:00,11392.661473142416,0.005624962871393432,0.1581571427167277,0.002066320705275855,0.28520800724963197,0.08275393109760089,0.02355757277222959,0.48827744227563336,0.12020304660490418,0.005915939486143169,0.1581571427167277
2025-08-04 20:00:00+00:00,11342.131585858984,-0.004435301391387285,0.15309589694871711,0.007821108046972149,0.28540078399756674,0.08436391084075799,0.024112181569320136,0.4804563342286612,0.12566678936369388,-0.005061245768010582,0.15309589694871711
2025-08-04 22:00:00+00:00,11399.324587676805,0.005042526740663676,0.15840014715715248,0.0017245709838074642,0.2844521499661959,0.08489630411857685,0.024293380999979547,0.4796803972762246,0.12667776763902308,0.0053042502084353505,0.15840014715715248
2025-08-05 00:00:00+00:00,11420.759688473576,0.0018803834062187939,0.16033970639456474,0.021655075173502982,0.2873832484230499,0.09157097795410042,0.02625013323109577,0.4580253221027216,0.13677031828903227,0.0019395592374122615,0.16033970639456474
2025-08-05 02:00:00+00:00,11364.49193372267,-0.004926796140163501,0.1547108847330845,0.011615983922471616,0.2901214866598493,0.09510240957618951,0.02658001080374018,0.44640933818025,0.141786754779971,-0.005628821661480246,0.1547108847330845
2025-08-05 04:00:00+00:00,11327.027181890737,-0.0032966499558824236,0.1509436851992235,0.0050434797329097,0.2890229175832192,0.09696576216257598,0.027576542792549345,0.44246442752397047,0.14397034993768507,-0.0037671995338610094,0.1509436851992235
2025-08-05 06:00:00+00:00,11361.661147904442,0.003057639525141783,0.1541536329463299,0.009045800115368591,0.2929374537928782,0.09811539324678506,0.02749933538825103,0.43349583481290016,0.1479519827591855,0.003209947747106405,0.1541536329463299
2025-08-05 08:00:00+00:00,11282.981401465402,-0.006925021386820026,0.14622570258710751,0.002464580572378798,0.2904728732204994,0.09859205938254123,0.02778103043234821,0.4351761622225729,0.14797787474203822,-0.007927930359222376,0.14622570258710751
2025-08-05 10:00:00+00:00,11364.06488307588,0.00718635250076249,0.15376937454875853,0.008920086093722713,0.29251501940975005,0.1010741519887757,0.028094855230608343,0.4262560761288502,0.1520598972420157,0.007543671961651013,0.15376937454875853
2025-08-05 12:00:00+00:00,11393.819872935002,0.0026183403707448405,0.15650294307841736,0.0015868678994567838,0.2922870048566719,0.09991888660051172,0.027891267272493615,0.42682251945669897,0.15308032181362366,0.002733568529658828,0.15650294307841736
2025-08-05 14:00:00+00:00,11312.039249263185,-0.007177630029598728,0.14828648605203187,0.0072208083772781675,0.29560741863506723,0.10091942168810637,0.027957550703104867,0.41960171107942085,0.15591389789430066,-0.008216457026385479,0.14828648605203187
2025-08-05 16:00:00+00:00,11190.598249630106,-0.010735553241736709,0.13591322541908998,0.005149427227410425,0.29669770083589536,0.10208481811747891,0.02828060347292367,0.41445228385201044,0.15848459372169163,-0.0123732606329419,0.13591322541908998
2025-08-05 18:00:00+00:00,11243.099931612624,0.0046915884934259225,0.14084854944770844,0.01037518936638809,0.2934358178688019,0.10050194526275728,0.028089685428745213,0.4248274732183985,0.15314507822129703,0.0049353240286184605,0.14084854944770844
2025-08-05 20:00:00+00:00,11202.140509514784,-0.0036430719594221267,0.13672643530497128,0.0030644868042707177,0.2958417885345874,0.09868929566020572,0.02832953517365951,0.42357563601667936,0.15356374461486796,-0.004122114142737178,0.13672643530497128
2025-08-05 22:00:00+00:00,11208.334318192836,0.0005529129609462193,0.13723933901841787,0.008298328172689119,0.2952707706553484,0.10114500613427299,0.028582185174087837,0.41584832572322933,0.15915371231306155,0.0005129037134465916,0.13723933901841787
2025-08-06 00:00:00+00:00,11273.01414001308,0.005770689915561993,0.14330730767156094,0.005112808094296581,0.293473946681407,0.10186150925338332,0.028277184187129975,0.4202446306984155,0.15614272917966412,0.006067968653143085,0.14330730767156094
2025-08-06 02:00:00+00:00,11222.07357577292,-0.004518806027160775,0.13819289479472863,0.007338340828978789,0.2934635985817124,0.09837546178843971,0.02764042577790791,0.42758297152739433,0.15293754232454568,-0.005114412876832321,0.13819289479472863
2025-08-06 04:00:00+00:00,11199.732702002411,-0.001990797299595292,0.13591413700721228,0.005056400065711758,0.2884206046059005,0.10020873466709555,0.027627019688007997,0.4290748840849385,0.1546687569540574,-0.0022787577875163414,0.13591413700721228
2025-08-06 06:00:00+00:00,11309.429470114159,0.0097945880522788,0.1461148641974971,0.0036920647138971446,0.2909890571856102,0.0997954708229457,0.028750631822195515,0.42601369427183594,0.1544511458974127,0.010200727190284834,0.1461148641974971
2025-08-06 08:00:00+00:00,11330.92308895336,0.001900504255850994,0.14807372058064638,0.016129391718944,0.2822096689540304,0.09552273523326747,0.027718142538104285,0.4421430859907799,0.15240636728381793,0.0019588563831492646,0.14807372058064638
2025-08-06 10:00:00+00:00,11319.833239320224,-0.00097872428804554,0.1469061332878301,0.010044255141737561,0.2886915271634499,0.09729766176496878,0.027547207685382394,0.43226976570176423,0.15419383768443465,-0.0011675872928162943,0.1469061332878301
2025-08-06 12:00:00+00:00,11313.31071470496,-0.0005762032423417991,0.1461805508050569,0.008106470969202596,0.28823651022071695,0.09408635596669632,0.027956490480490283,0.43996695387585893,0.1497536894562375,-0.0007255824827731976,0.1461805508050569
2025-08-06 14:00:00+00:00,11310.450008294421,-0.00025286200323478876,0.14580913703696524,0.02319610617569571,0.28440989805900985,0.08725847839372565,0.02611575878843841,0.46316306005155466,0.13905280470727144,-0.00037141376809165307,0.14580913703696524
2025-08-06 16:00:00+00:00,11412.540698499612,0.009026227084715725,0.15520371875468345,0.002426225546034083,0.28486497810222505,0.08774625086702847,0.026452058441297815,0.46073683450552055,0.14019987808392806,0.0093945817177182,0.15520371875468345
2025-08-06 18:00:00+00:00,11451.347000782655,0.0034003210422851064,0.15875447500462073,0.010250729623703955,0.2792657244976604,0.08544631872515931,0.025753925316382986,0.47098756412922455,0.13854646733157278,0.0035507562499372896,0.15875447500462073
2025-08-06 20:00:00+00:00,11445.434064212997,-0.0005163529294197932,0.15808644390322146,0.006680408350820951,0.27726766725407376,0.08580319946549958,0.024820681332119156,0.4773110917397052,0.13479736020860228,-0.000668031101399269,0.15808644390322146
2025-08-06 22:00:00+00:00,11409.578315197194,-0.003132755718537239,0.15451628052814123,0.0061791838587614036,0.2833293666900586,0.08510988717945107,0.02486503872536494,0.47182522016699224,0.134870487238133,-0.0035701633750802216,0.15451628052814123
2025-08-07 00:00:00+00:00,11410.390658071483,7.119832581445799e-05,0.15449326564367727,0.0015982171812933838,0.28340670522380773,0.08581379168125226,0.02544293121122346,0.47022700298569897,0.13510956889801765,-2.301488446396172e-05,0.15449326564367727
2025-08-07 02:00:00+00:00,11403.158079607654,-0.0006338589694746559,0.1536982228200591,0.008227814025446204,0.28245716235157375,0.08350118262517948,0.024959369029455832,0.4784548170111452,0.13062746898264582,-0.000795042823618176,0.1536982228200591
2025-08-07 04:00:00+00:00,11369.849983220109,-0.002920953665205255,0.15036459876288116,0.0020087037237967263,0.28287984880214384,0.08351393084944465,0.02523370846043539,0.4764461132873484,0.13192639860062771,-0.003333624057177946,0.15036459876288116
2025-08-07 06:00:00+00:00,11389.307016921592,0.0017112832385826455,0.15212405176538293,0.0049703730514171676,0.28499234375056287,0.08620233775345222,0.025266671105689305,0.47147574023593125,0.13206290715436436,0.001759453002501776,0.15212405176538293
2025-08-07 08:00:00+00:00,11400.280143808799,0.0009634586960298251,0.15307461231844352,0.0028855633309641388,0.28381148006123996,0.08501550089143708,0.024764037963550072,0.4743613035668954,0.1320476775168775,0.0009505605530605745,0.15307461231844352
2025-08-07 10:00:00+00:00,11401.256937441078,8.568154641434058e-05,0.15306861934954125,0.0058063136477347465,0.2852581825747399,0.0860359117899468,0.02541340354672903,0.4685549899191606,0.13473751216942362,-5.992968902270066e-06,0.15306861934954125
2025-08-07 12:00:00+00:00,11548.438383410368,0.012909229813596624,0.1663165904212294,0.008646155872958151,0.28638296826818643,0.0907186092683489,0.025841792573148784,0.45990883404620253,0.13714779584411343,0.013247971071688142,0.1663165904212294
2025-08-07 14:00:00+00:00,11554.571666479129,0.0005310919853521514,0.1667861458804848,0.012340562704256625,0.28259211594369327,0.08664669894896859,0.02479343958926453,0.47224939675045907,0.13371834876761446,0.00046955545925540316,0.1667861458804848
2025-08-07 16:00:00+00:00,11546.866376178577,-0.0006668607476732394,0.1659470891473224,0.029575817929577572,0.2923632814092509,0.09356665665228092,0.026449652373396422,0.44267357882088154,0.14494683074419024,-0.0008390567331624045,0.1659470891473224
2025-08-07 18:00:00+00:00,11541.885135392951,-0.0004313932995624595,0.1653666990749257,0.012136638665412973,0.2931223279670255,0.09707145343674699,0.02760766876240476,0.4305369401554685,0.15166160967835415,-0.0005803900723966987,0.1653666990749257
2025-08-07 20:00:00+00:00,11613.338004139507,0.006190745091323717,0.1718295224037347,0.010592068994517919,0.2940962785855861,0.09231167885202249,0.027095115219179317,0.44015505853142584,0.14634186881178624,0.0064628233288089795,0.1718295224037347
2025-08-07 22:00:00+00:00,11618.82706978878,0.0004726518462922368,0.17223279353710658,0.024726263848288417,0.2970176295992346,0.10041859110995036,0.028376769911150054,0.4154287946831374,0.15875821469652757,0.0004032711333718732,0.17223279353710658
2025-08-08 00:00:00+00:00,11677.739962925918,0.00507046819642598,0.177527604230084,0.004373397040139889,0.29432123172948993,0.10154802139507764,0.028655956262107006,0.41375179551274227,0.16172299510058327,0.005294810692977424,0.177527604230084
2025-08-08 02:00:00+00:00,11614.769052770782,-0.005392388454876899,0.17135530782048058,0.0026576726342009607,0.29564469939883486,0.10094412482887839,0.02834689957214929,0.41508600047759825,0.15997827572253923,-0.0061722964096034266,0.17135530782048058
2025-08-08 04:00:00+00:00,11647.430227771772,0.0028120382637482947,0.17427516683675276,0.008508658428339639,0.29552052607469387,0.1035883454582751,0.02940512829260694,0.4067015153733996,0.1647844848010245,0.0029198590162721715,0.17427516683675276
2025-08-08 06:00:00+00:00,11617.968048308545,-0.0025295004037009655,0.17136084577873995,0.017290484485451445,0.2933002522460954,0.10678759952632082,0.031089681095779437,0.39163130471654656,0.17719116241525767,-0.0029143210580128195,0.17136084577873995
2025-08-08 08:00:00+00:00,11663.5279145259,0.003921500388700839,0.17545720833242168,0.005845418385029154,0.2959924567519364,0.10883855381354264,0.031709534944986455,0.38578588633151745,0.17767356815801702,0.004096362553681736,0.17545720833242168
2025-08-08 10:00:00+00:00,11634.435327733487,-0.0024943213584784412,0.17257946639410418,0.008513065029133201,0.2960794896447926,0.10621606204314925,0.03029873500475939,0.3942119184677946,0.17319379483950437,-0.0028777419383174993,0.17257946639410418
2025-08-08 12:00:00+00:00,11662.364986787245,0.002400602888494493,0.17506389970962996,0.004595124810847619,0.2980195828727126,0.10638991605750905,0.03055900314359744,0.38961679365694685,0.17541470426923403,0.002484433315525792,0.17506389970962996
2025-08-08 14:00:00+00:00,11717.488164642515,0.004726586581514317,0.18000505927542232,0.008345693693755981,0.29836499329077326,0.10832617641218216,0.031752954551486696,0.38127109996319086,0.18028477578236696,0.004941159565792345,0.18000505927542232
2025-08-08 16:00:00+00:00,11628.692993746492,-0.007578003890284425,0.17126539382614586,0.0036298883497530264,0.29784785972657135,0.10892944469963138,0.03233743249031637,0.3781583451776398,0.18272691790584114,-0.008739665449276467,0.17126539382614586
2025-08-08 18:00:00+00:00,11729.662770420406,0.008682813857775057,0.1802508621996608,0.008570008053885496,0.29587057917914356,0.10826873448588711,0.031071013265797993,0.38672835323152527,0.17806131983764606,0.008985468373514946,0.1802508621996608
2025-08-08 20:00:00+00:00,11742.856275528027,0.0011247983310221496,0.18135505920110756,0.013674713234416042,0.2956705501947096,0.11043189521004362,0.03299450584300193,0.3732536689815432,0.1876493797707017,0.0011041970014467619,0.18135505920110756
2025-08-08 22:00:00+00:00,11751.118687444858,0.0007036117723801062,0.1820032058764674,0.006603258137175973,0.2984882087773981,0.11345750667627158,0.03375449393126139,0.36908117443516003,0.18521861617990887,0.0006481466753598321,0.1820032058764674
2025-08-09 00:00:00+00:00,11716.404107578053,-0.0029541510719225906,0.17860412888933969,0.0030845729564366493,0.29884541999402475,0.1111022249099739,0.033308509242404874,0.36879786793387753,0.18794597791971884,-0.0033990769871277138,0.17860412888933969
2025-08-09 02:00:00+00:00,11738.760599939065,0.0019081359908499948,0.18055519519550176,0.002069133124291248,0.29693187181670827,0.11269909966386633,0.033738234758715714,0.3688404007879655,0.18779039297274405,0.0019510663061620618,0.18055519519550176
2025-08-09 04:00:00+00:00,11738.773907097597,1.1336084774963683e-06,0.18043876051449892,0.002300811314221062,0.2980289553174864,0.111475059275993,0.03332098518649626,0.37004412860140845,0.18713087161861583,-0.00011643468100282652,0.18043876051449892
2025-08-09 06:00:00+00:00,11862.799697448629,0.010565480801708176,0.19126891159576215,0.016757091500626244,0.2950482137179177,0.11809814587160448,0.03630044278181921,0.356267778700351,0.19428541892830767,0.010830151081263237,0.19126891159576215
2025-08-09 08:00:00+00:00,11863.370928372935,4.8153129014700505e-05,0.19119700114763347,0.008518047179584046,0.29645656433819656,0.11347244525584049,0.03429342267843278,0.36337747525965614,0.19240009246787404,-7.191044812868231e-05,0.19119700114763347
2025-08-09 10:00:00+00:00,11923.525701931554,0.005070630761004835,0.1964655695568708,0.0082802627153227,0.29064943033674845,0.11944161211273371,0.036604518536862286,0.36106547390683597,0.19223896510681965,0.00526856840923733,0.1964655695568708
2025-08-09 12:00:00+00:00,11891.501175034333,-0.0026858269691180806,0.1933566730712141,0.012135791971689833,0.2965424909983985,0.11256470983360306,0.0339550757819635,0.36730820521687574,0.18962951816915927,-0.0031088964856567135,0.1933566730712141
2025-08-09 14:00:00+00:00,11846.955648569687,-0.0037459968938293544,0.18904899213329754,0.00989575199083877,0.2953859579323826,0.11647189202514939,0.035902766268598674,0.3585689862920529,0.19367039748181655,-0.004307680937916569,0.18904899213329754
2025-08-09 16:00:00+00:00,11850.866639633441,0.00033012625182106967,0.1892864016095388,0.0037911105637444854,0.2991770684961271,0.11634998671723894,0.03582974760228288,0.35727195989513705,0.19137123728921418,0.00023740947624125108,0.1892864016095388
2025-08-09 18:00:00+00:00,11846.216847692851,-0.00039235881070833563,0.18873272214537293,0.003382837644445788,0.29903701779517144,0.11404289575596446,0.03489405162006715,0.3606316530925515,0.19139438173624546,-0.0005536794641658604,0.18873272214537293
2025-08-09 20:00:00+00:00,11848.529107174852,0.00019518969741392806,0.18882339257555225,0.0024486805020615086,0.3001129059381026,0.11387632756861477,0.0341657950780757,0.36200444545168187,0.18984052596352508,9.067043017931796e-05,0.18882339257555225
2025-08-09 22:00:00+00:00,11842.437042146697,-0.0005141621354896402,0.18813532384940262,0.008148747384589379,0.29378300602083296,0.11680890142056215,0.03625722159352253,0.36018559798436206,0.1929652729807202,-0.0006880687261496174,0.18813532384940262
2025-08-10 00:00:00+00:00,11810.162054063605,-0.002725367081811622,0.18498038187067334,0.006414704169038773,0.297289052866262,0.11546372018945612,0.03501595423871678,0.3630942553079719,0.1891370173975933,-0.0031549419787292783,0.18498038187067334
2025-08-10 02:00:00+00:00,11884.499941727581,0.006294400307436867,0.1915366941899862,0.0066834774154906525,0.29060557545077126,0.11710417802779803,0.03570389660085574,0.36652700132429394,0.19005934859628096,0.006556312319312865,0.1915366941899862
2025-08-10 04:00:00+00:00,11940.022329697185,0.004671832070498873,0.19640556459994862,0.01414812308438233,0.29041357537064644,0.12176622437526884,0.038581236754646996,0.3525708783200364,0.1966680851794012,0.004868870409962415,0.19640556459994862
2025-08-10 06:00:00+00:00,11922.617522998442,-0.001457686277139955,0.1946659823728222,0.017195739508076964,0.29775998807391973,0.11470441411187388,0.035273164167805064,0.3624202051248401,0.18984222852156113,-0.00173958222712643,0.1946659823728222
2025-08-10 08:00:00+00:00,11825.075837538236,-0.008181230780241964,0.18515601979017005,0.009755435229330731,0.2926585332388951,0.11839979916996758,0.03716290487818598,0.35776622473053404,0.19401253798241733,-0.009509962582652158,0.18515601979017005
2025-08-10 10:00:00+00:00,11878.774757835628,0.004541105785294546,0.18989151600880158,0.005888506213976533,0.2942551437378496,0.11665628176682952,0.036064187043224116,0.3620581204455561,0.1909662670065407,0.004735496218631541,0.18989151600880158
2025-08-10 12:00:00+00:00,11847.483729364158,-0.0026341966330179524,0.18684065629486893,0.0011210702253397,0.2935030161051314,0.11708856771236459,0.03605963208933559,0.36274690472536075,0.19060187936780779,-0.0030508597139326478,0.18684065629486893
2025-08-10 14:00:00+00:00,11833.29051792337,-0.0011979937482936905,0.18539753676369136,0.011957366723387618,0.29153187611783105,0.12270676640125955,0.03895869651022249,0.35276067798927346,0.1940419829814135,-0.0014431195311775536,0.18539753676369136
2025-08-10 16:00:00+00:00,11899.345498643848,0.0055821312440887776,0.19121833626799653,0.016861400517416258,0.2826489909854503,0.12146725776814984,0.0375855736519091,0.36962207850668966,0.188676099087801,0.0058207995043051556,0.19121833626799653
2025-08-10 18:00:00+00:00,11890.924673144627,-0.0007076713168955324,0.1903149075764745,0.004434092751381218,0.28620193533411653,0.11889715649386451,0.035936208643532544,0.3705032269094046,0.18846147261908164,-0.0009034286915220319,0.1903149075764745
2025-08-10 20:00:00+00:00,11911.538120987156,0.0017335445652165318,0.19207515492475954,0.0033608828110703245,0.2845581389669694,0.11873377787544324,0.03626216330677122,0.37353815505723637,0.1869077647935798,0.001760247348285039,0.19207515492475954
2025-08-10 22:00:00+00:00,11898.222156799497,-0.0011179046780027283,0.19071542555121815,0.00552010146581719,0.2899318540823775,0.11586322330634606,0.034517799590690526,0.3736845414076455,0.1860025816129405,-0.0013597293735413862,0.19071542555121815
2025-08-11 00:00:00+00:00,11951.543190585222,0.004481428660773104,0.19539416586889166,0.010523676645234993,0.2828499921585385,0.11774948886012668,0.03517037571028021,0.3816693763795101,0.18256076689154438,0.004678740317673526,0.19539416586889166
2025-08-11 02:00:00+00:00,12013.338019430754,0.005170447686974109,0.2007846137703783,0.008646305027087547,0.2899762217902906,0.11490503218083004,0.034185590304695826,0.37685231343730363,0.1840808422868799,0.00539044790148662,0.2007846137703783
2025-08-11 04:00:00+00:00,12126.585222041467,0.009426788992996253,0.2104556871301824,0.0034878987358984946,0.2934641205261891,0.11343405637744701,0.03329500990693061,0.3759609951005726,0.18384581808886066,0.009671073359804097,0.2104556871301824
2025-08-11 06:00:00+00:00,12126.31413068756,-2.235512709826917e-05,0.21029470061758967,0.013950540213986996,0.28889860959240193,0.1114236226331678,0.03246403453354464,0.3899115353145596,0.17730219792632596,-0.00016098651259271578,0.21029470061758967
2025-08-11 08:00:00+00:00,12048.478308417521,-0.006418753582596374,0.20284528476271113,0.006510046845072018,0.2918257620230081,0.11245240299826163,0.03269418589185083,0.3834014884694876,0.1796261606173918,-0.0074494158548785395,0.20284528476271113
2025-08-11 10:00:00+00:00,12046.694621884697,-0.00014804247367727522,0.20255107724963023,0.006267104098469849,0.2907647575574035,0.1092177340328151,0.03171020910888308,0.3896685925679575,0.1786387067329409,-0.0002942075130808933,0.20255107724963023
2025-08-11 12:00:00+00:00,11914.285363519248,-0.010991335177112198,0.18960068605605984,0.010569686286377663,0.29436278562282353,0.1119519776914508,0.03330491578606444,0.3790989062815798,0.18128141461808142,-0.012950391193570379,0.18960068605605984
2025-08-11 14:00:00+00:00,11944.959256429143,0.0025745474423347816,0.19225346315462571,0.00787163488484069,0.29760682496878144,0.10864259546892159,0.031963030306370266,0.3837265018204626,0.17806104743546414,0.002652777098565877,0.19225346315462571
2025-08-11 16:00:00+00:00,12013.886355555867,0.005770392150113476,0.19824324148596212,0.021038212770412432,0.2887479266202591,0.10798744247780928,0.030736154442438303,0.404764714590875,0.16776376186861827,0.0059897783313364065,0.19824324148596212
2025-08-11 18:00:00+00:00,11967.935129017167,-0.0038248427843210636,0.19384081525466626,0.003446928762119354,0.292184477907818,0.1079978199523697,0.030059501410453975,0.4020686267921357,0.1676895739372225,-0.004402426231295864,0.19384081525466626
2025-08-11 20:00:00+00:00,11940.380854990488,-0.0023023415258888206,0.19116428257327595,0.007197971158549685,0.2923244855140689,0.10592082972944554,0.0295566333620465,0.40912659034443455,0.16307146105000458,-0.002676532681390312,0.19116428257327595
2025-08-11 22:00:00+00:00,11894.349985752513,-0.0038550587118614814,0.18673310843733767,0.006276794675022275,0.29272088804179486,0.10924613617721797,0.03087875797776548,0.40284979566941215,0.16430442213380939,-0.004431174135938266,0.18673310843733767
2025-08-12 00:00:00+00:00,11905.752767524045,0.0009586721245962816,0.1876550989314743,0.003680917033385824,0.28916038735452165,0.10912571983110544,0.030950552740404508,0.40320937898380227,0.16755396109016615,0.0009219904941366278,0.1876550989314743
2025-08-12 02:00:00+00:00,11961.238484284828,0.004660412310268412,0.19250939002820583,0.01116768386384872,0.2935241191228496,0.11042875521934419,0.031294492132584395,0.39204169511995357,0.17271093840526833,0.004854291096731534,0.19250939002820583
2025-08-12 04:00:00+00:00,11947.27825239056,-0.0011671226113089592,0.19109770086784716,0.01553525854075089,0.29524595726129527,0.1063057251354069,0.029591853514278902,0.40585511552225867,0.1630013485667601,-0.0014116891603586776,0.19109770086784716
2025-08-12 06:00:00+00:00,11933.987251430692,-0.001112471031400735,0.1897468861926334,0.009952178300272065,0.2852937789610233,0.10870070461383147,0.03060035553953578,0.41190516509444364,0.16349999579116586,-0.0013508146752137628,0.1897468861926334
2025-08-12 08:00:00+00:00,11956.630285445177,0.0018973569803143896,0.1916821094572587,0.004820230823516633,0.28948612872964113,0.10784632814966152,0.030000918610330597,0.4085387476643021,0.16412787684606464,0.0019352232646252729,0.1916821094572587
2025-08-12 10:00:00+00:00,11891.256951207408,-0.0054675383178275526,0.18538134445742727,0.012723312935650525,0.2802114837657152,0.1112967076843995,0.032106958369712925,0.40509007969257754,0.1712947704875949,-0.006300764999831417,0.18538134445742727
2025-08-12 12:00:00+00:00,11908.633010205855,0.001461246617556504,0.1868501657603572,0.006796340113357828,0.2799904572909044,0.11072731846494628,0.03144752735092735,0.4118864198059354,0.16594827708728668,0.0014688213029299282,0.1868501657603572
2025-08-12 14:00:00+00:00,11999.563535056257,0.007635681171169933,0.1947655081088022,0.004454218685912427,0.2828051213078439,0.1087303597130433,0.031150647212688558,0.4097260400101647,0.16758783175625958,0.007915342348444987,0.1947655081088022
2025-08-12 16:00:00+00:00,12125.057663958276,0.010458224462530818,0.20544209789175807,0.01261910384986417,0.2818193894962316,0.1064877252825431,0.029482062470044878,0.4223451438600288,0.15986567889115152,0.010676589782955877,0.20544209789175807
2025-08-12 18:00:00+00:00,12146.586149521727,0.0017755367570287564,0.20723115285908456,0.004595439126794025,0.284144537937613,0.10453546663666038,0.028936473192026538,0.4246154345454414,0.15776808768825853,0.001789054967326486,0.20723115285908456
2025-08-12 20:00:00+00:00,12213.047256839118,0.005471587366134862,0.21289448776696943,0.02650444780037165,0.27838646212206103,0.09795227060444801,0.02738046033236823,0.45111988234581313,0.14516092459530966,0.005663334907884881,0.21289448776696943
2025-08-12 22:00:00+00:00,12241.101906181606,0.0022971047890424415,0.2152363282002131,0.005346357618389362,0.2837328197404504,0.09642320242460638,0.026782318073725823,0.44926657574782825,0.14379508401338922,0.002341840433243685,0.2152363282002131
2025-08-13 00:00:00+00:00,12254.507748755135,0.0010951499853750558,0.21628848632757566,0.015890028301676615,0.28032253060073353,0.099851241176504,0.0286805472944902,0.43678683658586853,0.15435884434240388,0.0010521581273625596,0.21628848632757566
2025-08-13 02:00:00+00:00,12217.544567942787,-0.003016292581487261,0.21278315478456375,0.028680576051291026,0.29633056797486973,0.10272977813280355,0.029026557734237644,0.4081062605345775,0.1638068356235117,-0.003505331543011904,0.21278315478456375
2025-08-13 04:00:00+00:00,12276.670810048488,0.00483945376887283,0.21779573376611563,0.02147211941036043,0.29083383087630454,0.09949928812100646,0.028154049023516658,0.42957837994493786,0.15193445203423447,0.005012578981551885,0.21779573376611563
2025-08-13 06:00:00+00:00,12260.293565974436,-0.001334013457512131,0.21618091171309284,0.007988255081011445,0.2943084195131801,0.09948594132196834,0.028152482313317934,0.42160503837316327,0.15644811847837037,-0.0016148220530228072,0.21618091171309284
2025-08-13 08:00:00+00:00,12337.595264457052,0.0063050446603619215,0.22269067436236964,0.01325312318666703,0.2983090366862765,0.10311788764057829,0.028856774253841342,0.4083519151864962,0.1613643862328076,0.0065097626492768125,0.22269067436236964
2025-08-13 10:00:00+00:00,12414.705326692014,0.006250007443274266,0.22913184854081728,0.004203231617990941,0.29596958026725967,0.1021242926906804,0.028825033435992572,0.41255514680448724,0.16052594680158025,0.00644117417844763,0.22913184854081728
2025-08-13 12:00:00+00:00,12435.012349571112,0.0016357233091498736,0.23075835138753692,0.010143924096302617,0.2978638178574229,0.10384067430458355,0.02943375844386027,0.40241122270818463,0.1664505266859488,0.0016265028467196318,0.23075835138753692
2025-08-13 14:00:00+00:00,12457.298921889143,0.001792243681913162,0.23255264675343015,0.00704460213540885,0.2978395799943653,0.10476529695889406,0.02987469905348332,0.3953908584358334,0.1721295655574241,0.0017942953658932346,0.23255264675343015
2025-08-13 16:00:00+00:00,12358.364712292421,-0.007941866869942629,0.22323842690367388,0.01764435597677182,0.2988156846944946,0.10708572900366015,0.03164816009203649,0.37774650245906144,0.1847039237507472,-0.009314219849756286,0.22323842690367388
2025-08-13 18:00:00+00:00,12415.435151057736,0.004617960393137455,0.22800782872206848,0.012917869877710932,0.30246491611106835,0.10558958031740921,0.030535837526257412,0.38701514092019873,0.1743945251250664,0.0047694018183945955,0.22800782872206848
2025-08-13 20:00:00+00:00,12457.228433207796,0.003366235789689618,0.23147055421887375,0.009707241193155221,0.3008949670675397,0.10719632970827238,0.03166844603026032,0.37887784877057207,0.18136240842335546,0.0034627254968052756,0.23147055421887375
2025-08-13 22:00:00+00:00,12435.545837571382,-0.0017405633807447566,0.22939199898595036,0.004204605346066502,0.30043129990794315,0.10811741497610242,0.03200286395769964,0.3751369105841021,0.18431151057415257,-0.002078555232923378,0.22939199898595036
2025-08-14 00:00:00+00:00,12495.009666172216,0.004781762648582531,0.2343277429503344,0.0016086585436687652,0.301187641235638,0.10785114832041917,0.03171901499788857,0.37598922780007604,0.18325296764597818,0.00493574396438405,0.2343277429503344
2025-08-14 02:00:00+00:00,12484.948723796284,-0.0008051968461592701,0.23328919425655095,0.0077615277814377485,0.3003033455173402,0.10915045894054606,0.032997625441529586,0.3691119957369361,0.18843657436364802,-0.0010385486937834472,0.23328919425655095
2025-08-14 04:00:00+00:00,12548.484124223703,0.0050889596611896955,0.23853894020651906,0.001608073839470977,0.2996668785720036,0.10915160338687696,0.03309318224384798,0.3681403888428018,0.18994794695446976,0.005249745949968095,0.23853894020651906
2025-08-14 06:00:00+00:00,12473.645868167785,-0.0059639280183213395,0.23158023510176418,0.0050183428625905635,0.29945689410730736,0.1107831930969671,0.03381690316680093,0.3633320304449074,0.19261097918401718,-0.006958705104754873,0.23158023510176418
2025-08-14 08:00:00+00:00,12495.81296027267,0.0017771141123584877,0.23335792004383885,0.001148781423846397,0.3006056755311538,0.11059233322316118,0.03367003038559356,0.36315669792259236,0.19197526293749917,0.0017776849420746785,0.23335792004383885
2025-08-14 10:00:00+00:00,12537.832747615277,0.0033627093712269977,0.23681726594282673,0.0021870686423120476,0.2990949646637534,0.11121245403755052,0.03358911277314088,0.36472364575051497,0.1913798227750401,0.0034593458989878936,0.23681726594282673
2025-08-14 12:00:00+00:00,12479.404085203545,-0.004660188374489709,0.23139113240127362,0.002450857607762199,0.2999337888185001,0.11197097858720323,0.03411105430835956,0.3622727881427529,0.19171139014318433,-0.005426133541553114,0.23139113240127362
2025-08-14 14:00:00+00:00,12259.853945929868,-0.017592998653997584,0.20973367887374897,0.00188173116177133,0.2999320913828735,0.11274075807315152,0.03444949991314537,0.360392754416608,0.19248489621422146,-0.021657453527524646,0.20973367887374897
2025-08-14 16:00:00+00:00,12270.261925001014,0.0008489480475908946,0.21051646276307762,0.0068088462906727605,0.2973584761904171,0.11789289035342229,0.03610621392354744,0.3567673461416907,0.1918750733909225,0.000782783889328652,0.21051646276307762
2025-08-14 18:00:00+00:00,12161.495027105697,-0.008864268632579188,0.20022613856465893,0.010010260716286658,0.2938449941654235,0.11432948725413117,0.03499785597167422,0.3667776068579774,0.19005005575079384,-0.010290324198418684,0.20022613856465893
2025-08-14 20:00:00+00:00,12184.98542055389,0.00193153830148653,0.20217122328059114,0.013729567551061458,0.2896640337456434,0.1221319335652909,0.037843907796504386,0.3572289997266959,0.19313112516586534,0.001945084715932208,0.20217122328059114
2025-08-14 22:00:00+00:00,12118.730944198089,-0.0054373865925224345,0.1959463678590514,0.0034631020438739245,0.28754448287158724,0.12167533125063935,0.03798879602262672,0.3605472135444475,0.19224417631069915,-0.006224855421539758,0.1959463678590514
2025-08-15 00:00:00+00:00,12210.490183830376,0.007571687172097713,0.2037012670340637,0.01437294697576958,0.282426556416088,0.1191492276497637,0.03588972348674769,0.37492016052021715,0.18761433192718355,0.007754899175012295,0.2037012670340637
2025-08-15 02:00:00+00:00,12263.56447055101,0.0043466139296288,0.20817091876644322,0.008473639370745849,0.2791883919524516,0.11830117055955545,0.03540025027472512,0.38339379989096295,0.18371638732230486,0.00446965173237955,0.20817091876644322
2025-08-15 04:00:00+00:00,12308.105561250406,0.0036319856927692464,0.21189666343325733,0.0074511943499941495,0.2795613054734926,0.12002849296334103,0.03625207357501223,0.3759426055409688,0.1882155224471853,0.003725744666814115,0.21189666343325733
2025-08-15 06:00:00+00:00,12304.060061096436,-0.0003286858512739653,0.211401433514799,0.019569249904189054,0.2747390345408891,0.11549886305448774,0.034922767959703685,0.39551185544515793,0.17932747899976167,-0.0004952299184583248,0.211401433514799
2025-08-15 08:00:00+00:00,12301.735795805493,-0.000188902303743825,0.2110587093673715,0.013285690692840607,0.27505672438760703,0.11023277467161642,0.03296818534395855,0.40847985629128053,0.17326245930553744,-0.00034272414742750806,0.2110587093673715
2025-08-15 10:00:00+00:00,12276.709969479369,-0.0020343329381741896,0.20868253291106328,0.021021951479642434,0.2717581686212216,0.10550779562268202,0.0305688472255395,0.429501807770923,0.16266338075963394,-0.0023761764563082215,0.20868253291106328
2025-08-15 12:00:00+00:00,12272.729563504465,-0.00032422415979514805,0.20819353136231145,0.009493370953694314,0.2715189405519519,0.10245639939408538,0.029861346354866324,0.4389951787246173,0.1571681349744791,-0.0004890015487518469,0.20819353136231145
2025-08-15 14:00:00+00:00,12131.535787556435,-0.011504675892793912,0.19469200354239544,0.029316831129326232,0.26711062061571295,0.09281279068057836,0.027616943420895542,0.46831200985394356,0.14414763542886966,-0.01350152781991601,0.19469200354239544
2025-08-15 16:00:00+00:00,11993.093824172385,-0.011411742569811558,0.18140942602269283,0.015778581663606094,0.272278544200869,0.08952160259888663,0.025798259676631533,0.4789226679323935,0.13347892559121924,-0.01328257751970259,0.18140942602269283
2025-08-15 18:00:00+00:00,12046.871483419278,0.004484052241674455,0.18602611787162104,0.006757401254755796,0.2750090938339811,0.08995701133784752,0.025955174809308076,0.47216526667763775,0.13691345334122554,0.004616691848928222,0.18602611787162104
2025-08-15 20:00:00+00:00,11986.321484739405,-0.005026201098203058,0.18032485958486744,0.00489098854363817,0.274974642803409,0.08668720393246622,0.02568824773594874,0.477056255221276,0.13559365030690015,-0.005701258286753601,0.18032485958486744
2025-08-15 22:00:00+00:00,12046.67980330921,0.0050355998415903365,0.1855095512524282,0.002756183207186286,0.2755672932071156,0.08789026996565302,0.025860415128655584,0.4743000720140897,0.1363819496844862,0.005184691667560779,0.1855095512524282
2025-08-16 00:00:00+00:00,12064.548328310562,0.0014832738391905211,0.18697868035038817,0.0027952889064133835,0.2769376710724198,0.08659445286410754,0.025409308541476144,0.4757249830551988,0.13533358446679764,0.0014691290979599479,0.18697868035038817
2025-08-16 02:00:00+00:00,12150.505900084456,0.007124806452321633,0.19427322903273841,0.003568982649713944,0.27790660811988926,0.08691027949017216,0.02505230389186364,0.4780092020313787,0.13212160646669627,0.007294548682350251,0.19427322903273841
2025-08-16 04:00:00+00:00,12094.78915715568,-0.004585549226258043,0.1890641400846938,0.011208965157578847,0.28073584426005815,0.08489481832157428,0.023649502350584387,0.4863889310487886,0.1243309040189945,-0.005209088948044627,0.1890641400846938
2025-08-16 06:00:00+00:00,12099.979050837652,0.0004291016250498854,0.1894028219104846,0.0017299081833210498,0.28197602577660086,0.08503267167043552,0.024001375668501586,0.48475964370011215,0.12423028318435,0.0003386818257908083,0.1894028219104846
2025-08-16 08:00:00+00:00,12127.31784673018,0.0022594085310118322,0.1916929048987786,0.009201691538076987,0.2808540170320323,0.08378408200608052,0.023345592413945765,0.49396133523818914,0.11805497330975241,0.002290082988294004,0.1916929048987786
2025-08-16 10:00:00+00:00,12064.361662268026,-0.005191270259246135,0.18579178731315482,0.0018300929850028815,0.2811233307261221,0.08414139083293153,0.02340602306012436,0.49213124225318616,0.11919801312763577,-0.005901117585623786,0.18579178731315482
2025-08-16 12:00:00+00:00,12038.742129233044,-0.002123571370966844,0.18334657351245087,0.001668272588555269,0.28100195449359544,0.08352126517529543,0.02329771662350723,0.49379951484174145,0.11837954886586041,-0.0024452138007039358,0.18334657351245087
2025-08-16 14:00:00+00:00,12064.951260404945,0.0021770655846394308,0.1855552017261964,0.0007113457129316516,0.28093210728303486,0.08334413654823188,0.02336805680840051,0.4933351449664339,0.11902055439389873,0.0022086282137455306,0.1855552017261964
2025-08-16 16:00:00+00:00,12091.558566286973,0.0022053388619435446,0.1877933862097059,0.0012878802780203948,0.28015430525876406,0.08394842341702233,0.023275062945231673,0.49401873837566396,0.11860347000331811,0.002238184483509492,0.1877933862097059
2025-08-16 18:00:00+00:00,12109.100916265628,0.001450793120050523,0.18922962180938332,0.0016677132726495535,0.2803741520159935,0.08395727794758139,0.02343709448120133,0.4923510251030144,0.11988045045220945,0.001436235599677427,0.18922962180938332
2025-08-16 20:00:00+00:00,12117.697517913879,0.0007099289788478186,0.1898720265018546,0.0014554628409775318,0.28028263900082107,0.08400282936414741,0.023267215728502672,0.49376093652742586,0.11868637937910302,0.0006424046924712939,0.1898720265018546
2025-08-16 22:00:00+00:00,12112.122999941124,-0.000460031120971129,0.18924726153715207,0.0006394484254088843,0.280690328679227,0.0835343468781983,0.023321698569685446,0.49358997058796605,0.11886365528492317,-0.0006247649647025537,0.18924726153715207
2025-08-17 00:00:00+00:00,12143.438296715489,0.0025854506905616907,0.19188990143245058,0.0011022830601380516,0.28174842496409414,0.08329268042003836,0.023274708184450228,0.493634157363237,0.11805002906818032,0.0026426398952985055,0.19188990143245058
2025-08-17 02:00:00+00:00,12208.4018123574,0.005349680548011143,0.19740395107433312,0.0010821145780566688,0.28263680319410117,0.08300433277926948,0.023468444532499848,0.49363250535371206,0.11725791414041747,0.005514049641882532,0.19740395107433312
2025-08-17 04:00:00+00:00,12200.445571294907,-0.0006517020970295371,0.19656493492683355,0.0008080598954759138,0.2821907249675021,0.08307032100745815,0.023454826756539284,0.4943745770209993,0.1169095502475012,-0.0008390161474995718,0.19656493492683355
2025-08-17 06:00:00+00:00,12238.379232923595,0.0031092029718928845,0.19975583997192606,0.0015225902177471579,0.2833277310401287,0.08270518999359493,0.023714099666882617,0.4932171178171154,0.11703586148227846,0.003190905045092513,0.19975583997192606
2025-08-17 08:00:00+00:00,12287.395973361448,0.004005166003190053,0.20388025846738855,0.0007969102158236277,0.2832683607282996,0.08288565776691457,0.023532661793546916,0.4926610157864565,0.11765230392478232,0.00412441849546249,0.20388025846738855
2025-08-17 10:00:00+00:00,12366.066717392281,0.006402556261830271,0.2104527771933808,0.000192552271350269,0.28312420124508075,0.08292325337719948,0.023484269005415524,0.49276996132935064,0.11769831504295358,0.006572518725992236,0.2104527771933808
2025-08-17 12:00:00+00:00,12366.379365025778,2.5282706348059473e-05,0.21034390325722516,0.00258735222876931,0.28452932640472867,0.08265747458006399,0.023710995698027613,0.49044838789771683,0.1186538154194629,-0.00010887393615563766,0.21034390325722516
2025-08-17 14:00:00+00:00,12339.550176633991,-0.0021695265525869282,0.20781851000199986,0.002222271976709671,0.283316825762839,0.08295330769838773,0.0234117966858117,0.4923748267561028,0.11794324309685882,-0.0025253932552253082,0.20781851000199986
2025-08-17 16:00:00+00:00,12355.86034665973,0.001321779950830297,0.2091103518138997,0.002740984055176393,0.28466997946905537,0.08252829734871286,0.02368432156753553,0.4900588530506012,0.11905854856409498,0.001291841811899828,0.2091103518138997
2025-08-17 18:00:00+00:00,12302.763264704608,-0.0042973196900429386,0.20418021170243117,0.0010923913664823183,0.28533447021862535,0.08245247311815877,0.023821365233044175,0.48904228591467297,0.11934940551549866,-0.004930140111468517,0.20418021170243117
2025-08-17 20:00:00+00:00,12246.131885054394,-0.004603143085154229,0.1989059799951307,0.0007297100588235326,0.2855846761262729,0.08269513287806163,0.023838863338371055,0.48926163220061925,0.11861969545667518,-0.005274231707300469,0.1989059799951307
2025-08-17 22:00:00+00:00,12273.71828710821,0.0022526624988812166,0.20119622447717506,0.00019066055987883475,0.28542351964397583,0.08278085282052508,0.023809359260789236,0.48936496160873805,0.11862130666597169,0.0022902444820443388,0.20119622447717506
2025-08-18 00:00:00+00:00,12274.07025811075,2.8676803093310506e-05,0.2010963488517174,0.002036661723594327,0.2855098661412607,0.0826982779896543,0.023704992732706008,0.48751524124409784,0.12057162189228124,-9.987562545764703e-05,0.2010963488517174
2025-08-18 02:00:00+00:00,12139.10165755721,-0.010996238225404782,0.1882425534490166,0.0012430309930902342,0.28540084493123175,0.08315181541745877,0.02345651194520943,0.4883047348093835,0.11968609289671647,-0.012853795402700794,0.1882425534490166
2025-08-18 04:00:00+00:00,12029.124229588158,-0.009059766617951201,0.17780533258302555,0.0020437763713948044,0.2857975394193368,0.08361689278594583,0.023503589535864497,0.4862609584379888,0.12082101982086417,-0.010437220865991059,0.17780533258302555
2025-08-18 06:00:00+00:00,12037.719973287612,0.0007145776812505345,0.17845904811246419,0.0011392873786930432,0.2852532712812629,0.08304306095938507,0.02348240212180604,0.4869714919247912,0.1212497737127547,0.0006537155294386349,0.17845904811246419
2025-08-18 08:00:00+00:00,11971.804470644664,-0.00547574646936624,0.17223719864926218,0.0019632469456501503,0.28525781447861204,0.08305222695461202,0.02367055974183716,0.48500824497914113,0.12301115384579768,-0.006221849463202004,0.17223719864926218
2025-08-18 10:00:00+00:00,11991.852274472954,0.001674584969830464,0.17392252539529973,0.0013654846633638761,0.28554410312472567,0.08399697514303273,0.023493892792861536,0.4838194272647528,0.12314560167462714,0.0016853267460375625,0.17392252539529973
2025-08-18 12:00:00+00:00,11978.059152387254,-0.001150207805266407,0.1725522077398255,0.0023817302446262952,0.28344864597774666,0.08411131329154663,0.023207619695214367,0.4856725109923784,0.12355991004311405,-0.0013703176554742452,0.1725522077398255
2025-08-18 14:00:00+00:00,11983.492700327715,0.00045362507158579673,0.17292833742821298,0.003595366507564462,0.28035971861126985,0.08360487415045886,0.02330398783438691,0.48861227756140163,0.12411914184248263,0.0003761296883874867,0.17292833742821298
2025-08-18 16:00:00+00:00,12106.182733020036,0.010238253217191377,0.18336276582012104,0.002133057060863773,0.2815269563217294,0.08341736137828966,0.02337283158222427,0.4866667332727071,0.1250161174450495,0.010434428391908064,0.18336276582012104
2025-08-18 18:00:00+00:00,12140.609642294954,0.0028437460456481488,0.18627775201820224,0.0017739410363747429,0.2797530152853547,0.08352527478463226,0.02345923664974546,0.48707132316207824,0.12619115011818932,0.0029149861980811986,0.18627775201820224
2025-08-18 20:00:00+00:00,12134.368396919055,-0.0005140800635048846,0.18559626929914086,0.005663413839117063,0.27708966864894363,0.08479437807867758,0.023826379089216858,0.4910984912676786,0.12319108291548335,-0.0006814827190613699,0.18559626929914086
2025-08-18 22:00:00+00:00,12152.262955627928,0.0014747004642959064,0.1870611991170946,0.003717764530414912,0.280330205721277,0.08336036751090138,0.023305783641936965,0.4893353327523198,0.12366831037356488,0.001464929817953731,0.1870611991170946
2025-08-19 00:00:00+00:00,12136.537714265492,-0.001294017535651866,0.185524091852596,0.0017255513426756037,0.2806323360699334,0.0833354095438828,0.023226668439199353,0.49075875374633904,0.12204683220064552,-0.0015371072644986094,0.185524091852596
2025-08-19 02:00:00+00:00,12087.451137582813,-0.004044528830078273,0.1809167299782955,0.0016659405151969852,0.2807194143865702,0.08345394380637654,0.02318626347784055,0.4922190816824054,0.12042129664680731,-0.004607361874300484,0.1809167299782955
2025-08-19 04:00:00+00:00,12032.04849556295,-0.0045834842589437715,0.17570271038891938,0.0013171309274200727,0.2808222388784257,0.08360016869123138,0.02321001327935941,0.49326341343159624,0.1191041657193872,-0.005214019589376109,0.17570271038891938
2025-08-19 06:00:00+00:00,12054.651589261994,0.0018785740189942556,0.17760605701145404,0.0008444074663910336,0.2803894822947621,0.08367474100933658,0.02322828831556816,0.49285176254886875,0.11985572583146423,0.0019033466225346607,0.17760605701145404
2025-08-19 08:00:00+00:00,12013.98964123525,-0.00337313341042255,0.17376159896784651,0.0003395788093899371,0.2806993756818887,0.08358596425457353,0.023257973737831623,0.49265519690313636,0.11980148942256982,-0.003844458043607537,0.17376159896784651
2025-08-19 10:00:00+00:00,12080.088896723215,0.005501857206626368,0.17945848751203222,0.00045104824324995046,0.28115042392513856,0.08340805442077248,0.023239762639607676,0.49257968351759923,0.11962207549688192,0.005696888544185718,0.17945848751203222
2025-08-19 12:00:00+00:00,12107.375613452266,0.0022588175436733834,0.18176490084976593,0.001473487675475232,0.2805680605569773,0.08397435525648424,0.023253085586629838,0.4934735474103406,0.118730951189568,0.0023064133377337023,0.18176490084976593
2025-08-19 14:00:00+00:00,12066.384871485321,-0.0033856009159739645,0.1779007254808709,0.0003648095640553066,0.280423460041946,0.08392233691941442,0.023253210393944495,0.4938382321670813,0.11856276047761383,-0.0038641753688950253,0.1779007254808709
2025-08-19 16:00:00+00:00,11923.382044607764,-0.011851339767513487,0.1641231482587487,0.0019070216225780708,0.28223090139466983,0.08316848285774431,0.023352790663798712,0.49315251485015277,0.11809531023363434,-0.013777577222122193,0.1641231482587487
2025-08-19 18:00:00+00:00,11923.861861325357,4.024166262526352e-05,0.16405633808194658,0.0017260069124684606,0.2826301678882582,0.08260489601854068,0.02380337665182913,0.4940286692810024,0.11693289016036947,-6.681017680212514e-05,0.16405633808194658
2025-08-19 20:00:00+00:00,11894.389811977893,-0.0024716865802560284,0.161235759829339,0.0021635381892505592,0.2841502505771976,0.08273078273837753,0.02382741868709624,0.49186513109175195,0.11742641690557672,-0.002820578252607595,0.161235759829339
2025-08-19 22:00:00+00:00,11937.294017103164,0.003607095933753936,0.16497125399393717,0.002553147214585001,0.2825696965421741,0.08298147428945188,0.023560819975771762,0.49416758675526257,0.11672042243733965,0.003735494164598166,0.16497125399393717
2025-08-20 00:00:00+00:00,11807.55800136785,-0.010868126021645642,0.15246207669681675,0.0026805557716533483,0.27999027491009987,0.08414908200303757,0.023653108900917014,0.495588245888185,0.1166192882977606,-0.012509177297120424,0.15246207669681675
2025-08-20 02:00:00+00:00,11852.864544201786,0.0038370798456961617,0.15643625000275335,0.0012983483637093035,0.2807979175447127,0.08357771552202618,0.023341192167046027,0.495173180739358,0.11710999402685697,0.003974173305936603,0.15643625000275335
2025-08-20 04:00:00+00:00,11933.198975237712,0.006777638497119754,0.16343442531809943,0.0010633494504777626,0.28009509803084365,0.08391402473229757,0.023281294100999942,0.49487254886879545,0.11783703426706338,0.006998175315346074,0.16343442531809943
2025-08-20 06:00:00+00:00,11934.53578895935,0.00011202475751987683,0.1634454707965526,0.0007367900501603249,0.28014021041092607,0.08402498213507081,0.02327212607373878,0.49414492684589634,0.11841775453436809,1.104547845317086e-05,0.1634454707965526
2025-08-20 08:00:00+00:00,11928.094314780654,-0.0005397339530085441,0.1627500506479815,0.0016159373384307656,0.27929734498630876,0.08470212014139653,0.02355763588353587,0.4947982163682042,0.11764468262055454,-0.0006954201485710882,0.1627500506479815
2025-08-20 10:00:00+00:00,11909.141829953896,-0.0015888946152338979,0.16090769349433506,0.001275863513082915,0.27997765715923556,0.08402708604650956,0.023292189910033637,0.4944628329235105,0.11824023396071068,-0.0018423571536464413,0.16090769349433506
2025-08-20 12:00:00+00:00,11914.32541721194,0.00043526119111341404,0.16126942614040152,0.00033270382911425485,0.28026310535712656,0.08381398774380379,0.02325310163801877,0.4945100885547338,0.11815971670631707,0.0003617326460664666,0.16126942614040152
2025-08-20 14:00:00+00:00,11820.900571088365,-0.007841387812742611,0.15235235639346287,0.0007534408049639212,0.28042813486493673,0.0836633462296853,0.023270128070691683,0.49508147341921466,0.11755691741547168,-0.008917069746938655,0.15235235639346287
2025-08-20 16:00:00+00:00,11933.346674865581,0.009512481989082925,0.16210336489989516,0.0016449095432219292,0.2797141340973241,0.08425340889353974,0.02360862717232877,0.4957978211969451,0.11662600863986243,0.009751008506432278,0.16210336489989516
2025-08-20 18:00:00+00:00,12070.344965910352,0.011480290883807177,0.1737297964128435,0.0011351358170176625,0.28027516281472187,0.08365841012287877,0.023322608592129177,0.4955437027307879,0.11720011573948222,0.011626431512948352,0.1737297964128435
2025-08-20 20:00:00+00:00,12244.161802648407,0.014400320556616737,0.1880291904393364,0.0010245612599792397,0.27925060155474263,0.08389519407233466,0.023338522167553003,0.4961611559465759,0.11735452625879375,0.014299394026492902,0.1880291904393364
2025-08-20 22:00:00+00:00,12301.427500576498,0.0046769798415849835,0.19280264742298517,0.0015494478623017446,0.28029531178268036,0.08377987824381564,0.02332231815272407,0.4947432279276221,0.11785926389315776,0.004773456983648744,0.19280264742298517
2025-08-21 00:00:00+00:00,12238.96039303898,-0.005078037287509145,0.1870765560792192,0.0007023725444439896,0.28099768432712435,0.08336598383093118,0.02325219260580102,0.4945268930771531,0.1178572461589903,-0.005726091343765988,0.1870765560792192
2025-08-21 02:00:00+00:00,12348.240722395676,0.008928889860518726,0.19608877022365534,0.0032368194963272087,0.2838056827818679,0.0828196929443112,0.023681013647384664,0.49238051365530167,0.11731309697113448,0.009012214144436134,0.19608877022365534
2025-08-21 04:00:00+00:00,12200.779878889743,-0.011941850407765924,0.18232813029441342,0.0014216475034814803,0.2847209451285179,0.0828130898077133,0.023864641989433052,0.49096546928841817,0.11763585378591765,-0.01376063992924191,0.18232813029441342
2025-08-21 06:00:00+00:00,12188.572994203827,-0.0010005003620332932,0.18113344781908108,0.0016124382842752655,0.2841506906979043,0.08285779031803181,0.02404918274198055,0.4923486663098274,0.11659366993225598,-0.0011946824753323185,0.18113344781908108
2025-08-21 08:00:00+00:00,12177.033960258423,-0.0009467091800567663,0.17999699379457268,0.0009358962783071866,0.2842012235673979,0.08263287305501302,0.02402963332041114,0.4916572367161084,0.11747903334106953,-0.0011364540245083945,0.17999699379457268
2025-08-21 10:00:00+00:00,12074.88456231807,-0.008388692868372717,0.17052626045208147,0.0005508744149129163,0.28472279988566723,0.08266217115165664,0.02392945855795169,0.4913107659688948,0.1173748044358297,-0.009470733342491223,0.17052626045208147
2025-08-21 12:00:00+00:00,12065.227726163508,-0.0007997456294280029,0.16955502161229843,0.0028790537202228305,0.2852384598136892,0.08238731616236798,0.024053069035616548,0.4887065672379606,0.11961458775036565,-0.0009712388397830261,0.16955502161229843
2025-08-21 14:00:00+00:00,12067.64241442634,0.00020013615305365822,0.16965525659813788,0.00036726854920057263,0.2854404563403925,0.08245109538162848,0.023924027103178296,0.4888080600411973,0.11937636113360327,0.00010023498583944002,0.16965525659813788
2025-08-21 16:00:00+00:00,11979.80076423522,-0.007279106156320085,0.16148758821171647,0.002651241253427054,0.2853015522771667,0.08233154778732846,0.02389383344843435,0.48644546410004014,0.12202760238703042,-0.008167668386421401,0.16148758821171647
2025-08-21 18:00:00+00:00,11971.379134550667,-0.0007029857883526138,0.16062536009875772,0.0034949045510460058,0.2859888488311892,0.08428436100765625,0.02353723534081992,0.4833071576566085,0.12288239716372605,-0.0008622281129587342,0.16062536009875772
2025-08-21 20:00:00+00:00,11921.03420755833,-0.004205440862451347,0.15593624616755333,0.002393855879375715,0.28500631596875853,0.08287303799071129,0.02384220651120902,0.4853010860383337,0.12297735349098751,-0.004689113931204379,0.15593624616755333
2025-08-21 22:00:00+00:00,11962.425452252413,0.0034721186076153866,0.1594818197474445,0.0020194137953675906,0.28512550676421694,0.08264925408477745,0.023817068796543987,0.4872013090382429,0.12120686131621877,0.0035455735798911527,0.1594818197474445
2025-08-22 00:00:00+00:00,11952.278281272547,-0.0008482536439093141,0.158463712821561,0.0027588816931111825,0.2842783802865986,0.08361168577337591,0.023572913580755524,0.48899775904275566,0.11953926131651448,-0.0010181069258835126,0.158463712821561
2025-08-22 02:00:00+00:00,12018.215320110827,0.005516692072137691,0.16410665063676214,0.005298754491771286,0.282855660622018,0.08364993526611765,0.02371174931758936,0.4851217242155649,0.12466093057871011,0.005642937815201131,0.16410665063676214
2025-08-22 04:00:00+00:00,12022.6652640323,0.0003702666163774841,0.16439143122866787,0.002356383070429133,0.28281850031329436,0.08281753243208012,0.02351612021083297,0.48747810728599394,0.12336973975779847,0.00028478059190572587,0.16439143122866787
2025-08-22 06:00:00+00:00,12067.242942766952,0.0037078033660318537,0.16817837207389344,0.0034115436972320407,0.28200353662881583,0.08294024537107768,0.023793539690218742,0.48488152727324046,0.1263811510366472,0.0037869408452255796,0.16817837207389344
2025-08-22 08:00:00+00:00,12077.763547757486,0.0008718317050904173,0.16899485853956026,0.0015470931620950833,0.28051194357508524,0.08379965848772047,0.02373803958185432,0.4851650223826415,0.12678533597269856,0.0008164864656668157,0.16899485853956026
2025-08-22 10:00:00+00:00,12061.605351699434,-0.0013378466960510128,0.16744010139387536,0.0010570098087772165,0.2807187738697378,0.08306267580169892,0.023756203639894048,0.4859970378387264,0.1264653088499429,-0.001554757145684908,0.16744010139387536
2025-08-22 12:00:00+00:00,12023.376997148358,-0.0031694250836758683,0.1638813242381478,0.0013617926589516854,0.280432908491141,0.08317261434329136,0.023872911961496202,0.48492111055837145,0.1276004546456999,-0.0035587771557275562,0.1638813242381478
2025-08-22 14:00:00+00:00,12042.15179955974,0.0015615248873786832,0.16543174560925472,0.001838807644414053,0.28098049534395236,0.08277937841344343,0.02380323596726474,0.48621233134997416,0.12622455892536527,0.0015504213711069088,0.16543174560925472
2025-08-22 16:00:00+00:00,12424.447395227662,0.03174645213174442,0.19423265441816695,0.0014511005364084804,0.2815365932656215,0.08258970985989421,0.023995608106894023,0.484950899367115,0.1269271894004754,0.02880090880891223,0.19423265441816695
2025-08-22 18:00:00+00:00,12617.912110043566,0.015571293326913994,0.20909453088096094,0.005061600120940674,0.2810664880605748,0.08347120905295441,0.024222342073848477,0.480359404451221,0.1308805563614014,0.014861876462794006,0.20909453088096094
2025-08-22 20:00:00+00:00,12614.34308319842,-0.00028285399470363447,0.20866490332401097,0.005361668042535848,0.2811122186454371,0.08408696237239256,0.023693593554298096,0.48505958858945636,0.12604763683841588,-0.0004296275569499629,0.20866490332401097
2025-08-22 22:00:00+00:00,12649.537182470965,0.002790006506119231,0.21139888285800598,0.006202144844690895,0.2828554582961622,0.0833354945824415,0.024672786331423134,0.4796089115347165,0.12952734925525664,0.0027339795339950098,0.21139888285800598
2025-08-23 00:00:00+00:00,12661.611038126099,0.0009544899138179007,0.21225524865265166,0.00236619445340059,0.28470378827780496,0.08346673007309935,0.0250594153125231,0.4774580871488971,0.12931197918767545,0.0008563657946456867,0.21225524865265166
2025-08-23 02:00:00+00:00,12555.536784065871,-0.00837762696554348,0.20295234131740006,0.02091873681493527,0.2895840762339783,0.08681891456210211,0.026354455434063243,0.45653935033396187,0.1407032034358945,-0.009302907335251614,0.20295234131740006
2025-08-23 04:00:00+00:00,12467.774637684675,-0.006989915914433373,0.19525092904810848,0.025367035612176535,0.288618565962506,0.09566767993403608,0.02782490453773517,0.43213782499325754,0.15575102457246506,-0.007701412269291569,0.19525092904810848
2025-08-23 06:00:00+00:00,12553.554688007878,0.00688014122936795,0.20203942366386923,0.02780438550626822,0.28826522113443226,0.08947778751777756,0.026000626015090778,0.4599422104995259,0.13631415483317363,0.00678849461576075,0.20203942366386923
2025-08-23 08:00:00+00:00,12514.176577893804,-0.0031368095406228234,0.19858413814217712,0.030092308788393543,0.29431186821229893,0.09676354237475783,0.027108424697563874,0.4298499017111323,0.1519662630042471,-0.003455285521692122,0.19858413814217712
2025-08-23 10:00:00+00:00,12556.42667673045,0.0033761788938860616,0.20191242447549337,0.018440245264713412,0.2945435810762859,0.10190469724751168,0.028721480668994753,0.4114096564464188,0.1634205845607887,0.003328286333316236,0.20191242447549337
2025-08-23 12:00:00+00:00,12501.217526378277,-0.004396883904438021,0.19708776871138592,0.007487589483540514,0.2870559915927455,0.10390125574788997,0.030044927069079734,0.41195467254935164,0.16704315304093317,-0.004824655764107454,0.19708776871138592
2025-08-23 14:00:00+00:00,12512.427405445012,0.0008967029845758972,0.19789082433898642,0.005761819385693225,0.2928178109784387,0.10378260065623249,0.029534611862890192,0.40780057586305446,0.16606440063938413,0.0008030556276004984,0.19789082433898642
2025-08-23 16:00:00+00:00,12500.349633336771,-0.000965262112368751,0.19675037165059733,0.030176769791704756,0.2946127617021547,0.1097186016184148,0.03168735059191155,0.37762380607134977,0.18635748001616922,-0.0011404526883890776,0.19675037165059733
2025-08-23 18:00:00+00:00,12471.403237070992,-0.002315646931073326,0.19417593106905767,0.011511058506515664,0.30144695901804985,0.11052948234918483,0.03331625229198102,0.3661127475648341,0.18859455877595024,-0.0025744405815396644,0.19417593106905767
2025-08-23 20:00:00+00:00,12487.213349083993,0.0012677091512852032,0.1953648267634995,0.019672065268222984,0.3038563603776965,0.10637041871827776,0.0315401304628181,0.3833754114734104,0.17485767896779722,0.0011888956944418418,0.1953648267634995
2025-08-23 22:00:00+00:00,12463.505532514882,-0.0018985674310474797,0.1932346202771424,0.0044906526005597264,0.30073984225876366,0.10719284348314485,0.03096809031331407,0.38257331714128756,0.17852590680348987,-0.0021302064863571194,0.1932346202771424
2025-08-24 00:00:00+00:00,12488.175486779437,0.0019793752407938035,0.19515644668795692,0.016190365764428026,0.2984374149526892,0.11062221699207617,0.03360012650769705,0.36868537868293394,0.18865486286460356,0.001921826410814547,0.19515644668795692
2025-08-24 02:00:00+00:00,12498.039995768047,0.0007899079412403316,0.1958523685275276,0.028570282310884064,0.29217369453148434,0.12019636777753744,0.039309105845520546,0.3463788167932548,0.20194201505220288,0.0006959218395706761,0.1958523685275276
2025-08-24 04:00:00+00:00,12468.25521044539,-0.0023831565055595573,0.1932005968500507,0.012886645068278857,0.29920928720776285,0.11601012578561497,0.036282699855276594,0.3522298691852551,0.19626801796609045,-0.002651771677476917,0.1932005968500507
2025-08-24 06:00:00+00:00,12462.354686659826,-0.00047324374469174613,0.19257844513757053,0.01438970398605825,0.2931635008530906,0.1141648305783755,0.035162374070578345,0.3666195731713134,0.19088972132664217,-0.0006221517124801636,0.19257844513757053
2025-08-24 08:00:00+00:00,12405.426121322524,-0.0045680424581593555,0.18755611492600602,0.010726186278257721,0.28921935212089167,0.120029243715433,0.036915540069404104,0.3598375356252546,0.19399832846901663,-0.005022330211564518,0.18755611492600602
2025-08-24 10:00:00+00:00,12401.450530002154,-0.00032047196778970993,0.18709733687534164,0.004402859196118599,0.2936222113170102,0.11833550246390505,0.03664720809860556,0.357520265865819,0.1938748122546601,-0.0004587780506643762,0.18709733687534164
2025-08-24 12:00:00+00:00,12348.002053522785,-0.0043098568469924345,0.1823611278214205,0.0053604880037265434,0.29143538571669664,0.12167632912873537,0.03792667425709143,0.3543466034624061,0.19461500743507054,-0.004736209053921125,0.1823611278214205
2025-08-24 14:00:00+00:00,12359.543439383624,0.0009346763800987663,0.18321559981695423,0.002974430362334104,0.29036764293567346,0.12232848561910917,0.03836173067646241,0.35623382091499545,0.19270831985375964,0.0008544719955337262,0.18321559981695423
2025-08-24 16:00:00+00:00,12387.339771402747,0.002248977250288337,0.18542553171414267,0.0016610155899805593,0.2912410432453735,0.12300142084910981,0.038476410726742294,0.3547321275626457,0.1925489976161288,0.002209931897188441,0.18542553171414267
2025-08-24 18:00:00+00:00,12464.054736746297,0.006193013734930652,0.19159369876960314,0.00831657499489916,0.2898251146221536,0.12066126153857488,0.036933982843747167,0.36304870255754484,0.18953093843797952,0.006168167055460463,0.19159369876960314
2025-08-24 20:00:00+00:00,12352.373350484047,-0.008960277262983438,0.18163839697260314,0.009126567439183657,0.28689763420670533,0.11814674762558838,0.0363466531608217,0.37217526999672845,0.18643369501015605,-0.00995530179699999,0.18163839697260314
2025-08-24 22:00:00+00:00,12383.310795978678,0.0025045750008372584,0.18410757001846967,0.004602314684040987,0.28945041155752516,0.11777871925418545,0.035061385575163896,0.3742248073299497,0.1834846762831759,0.002469173045866529,0.18410757001846967
2025-08-25 00:00:00+00:00,12398.76310053666,0.0012478330563260353,0.18528511132792141,0.020419204337325608,0.28316001981375843,0.11042394231682306,0.03386536669912788,0.3946440116672753,0.1779066595030154,0.0011775413094517542,0.18528511132792141
2025-08-25 02:00:00+00:00,12359.44566622429,-0.003171077146450841,0.18178803473781432,0.00795755707993897,0.28689119660510076,0.11243022169863694,0.033571175404994054,0.3869806458814701,0.18012676040979808,-0.0034970765901070804,0.18178803473781432
2025-08-25 04:00:00+00:00,12361.264515208042,0.00014716266674666965,0.18182240833663657,0.02128048250656483,0.28122417255659116,0.1068234832994516,0.032350169237655324,0.40826112838803497,0.17134104651826698,3.437359882225498e-05,0.18182240833663657
2025-08-25 06:00:00+00:00,12318.05692895914,-0.003495401800984374,0.17797417083788408,0.011398279519597085,0.2806214299629175,0.10428730183983212,0.03140248692954978,0.41965940790763206,0.1640293733600686,-0.0038482374987524885,0.17797417083788408
2025-08-25 08:00:00+00:00,12156.71584768797,-0.01309793275040517,0.16324007966165674,0.03398969518787599,0.2756372619507054,0.09513694178999021,0.02831946154629039,0.453649103095508,0.1472572316175059,-0.014734091176227333,0.16324007966165674
2025-08-25 10:00:00+00:00,12187.020981828808,0.002492871801934959,0.16570433471610502,0.010090822852398365,0.27507109919562506,0.09702024521709207,0.030042874176749758,0.44412444299819004,0.15374133841234308,0.0024642550544482678,0.16570433471610502
2025-08-25 12:00:00+00:00,12120.368706870851,-0.005469119570511672,0.15973217496667644,0.0183311395647942,0.27456763594532374,0.09024605925332929,0.027851577376918058,0.4624555825629842,0.14487914486144463,-0.00597215974942857,0.15973217496667644
2025-08-25 14:00:00+00:00,12176.481405527893,0.004629619775942242,0.16435983631455672,0.0162994963619389,0.2754688369355341,0.0857171173043258,0.025575234954032473,0.4778538779347128,0.13538493287139486,0.00462766134788028,0.16435983631455672
2025-08-25 16:00:00+00:00,12213.714096594731,0.0030577545209352973,0.16739928450998232,0.010508404595443737,0.274101016969265,0.08879262990752869,0.026696810544848012,0.4687132933055382,0.14169624927282018,0.0030394481954256,0.16739928450998232
2025-08-25 18:00:00+00:00,12217.965092598995,0.0003480510490620879,0.16765018730309147,0.010825157700279054,0.2769223710169061,0.0851401494955281,0.025241099678519265,0.4767170969581762,0.13597928285087055,0.00025090279310915914,0.16765018730309147
2025-08-25 20:00:00+00:00,12053.71466017148,-0.013443354206913727,0.1525933776942871,0.002064863136334069,0.27606061888643674,0.08528601466104428,0.025560358614573488,0.4783168359929397,0.13477617184500568,-0.015056809608804385,0.1525933776942871
2025-08-25 22:00:00+00:00,11904.62961009567,-0.012368390515201388,0.13890992962329807,0.006176112933509172,0.27935386832144044,0.08338153731078463,0.025164037672904916,0.48119969949144525,0.1309008572034248,-0.013683448070989028,0.13890992962329807
2025-08-26 00:00:00+00:00,11925.774505358666,0.0017761909404610506,0.14064348621855768,0.00303523763034415,0.2807013834377846,0.08347296172894775,0.024248731516332125,0.4827959975872821,0.1287809257296534,0.0017335565952596068,0.14064348621855768
2025-08-26 02:00:00+00:00,11970.872902121831,0.0037815905996628776,0.14441333014701566,0.004641595940980752,0.27883862509386603,0.08393848701478972,0.02399467909610797,0.48697206824242084,0.12625614055281537,0.003769843928457964,0.14441333014701566
2025-08-26 04:00:00+00:00,11963.70488180905,-0.0005987884401906691,0.14368876207123765,0.0028229136100402733,0.27909482580416006,0.08386624327754534,0.023861922443490897,0.4843541550222421,0.1288228534525617,-0.0007245680757779917,0.14368876207123765
2025-08-26 06:00:00+00:00,11984.519818089,0.0017398403325376364,0.14538457886107223,0.003777727928994539,0.27816369479545633,0.08404155924572596,0.023869931773518135,0.48794855765302875,0.12597625653227085,0.0016958167898345662,0.14538457886107223
2025-08-26 08:00:00+00:00,11971.158175091372,-0.0011149084986668341,0.14411810708792974,0.004371519090123444,0.2774582494539278,0.08501386211744068,0.023852305460185,0.4913477738714374,0.12232780909700904,-0.0012664717731424914,0.14411810708792974
2025-08-26 10:00:00+00:00,11973.268498424311,0.00017628397370352642,0.14420093890686458,0.002460272662918808,0.2782106309267573,0.08441932391860428,0.023758865326221467,0.4895754795413185,0.12403570028709832,8.283181893483781e-05,0.14420093890686458
2025-08-26 12:00:00+00:00,11950.433322720324,-0.0019071797902964222,0.14209856302659324,0.0054099998687158965,0.2764086166131989,0.08496681299840063,0.023729678035879522,0.4944379903302382,0.12045690202228293,-0.002102375880271346,0.14209856302659324
2025-08-26 14:00:00+00:00,12004.750246252752,0.004545184435208741,0.146645149401686,0.0024478845345331426,0.27779014014118275,0.08439046170357539,0.023562368301121614,0.49550435133678744,0.11875267851733289,0.004546586375092755,0.146645149401686
2025-08-26 16:00:00+00:00,12024.880645083698,0.0016768694406807483,0.14827813273515947,0.005736856451911961,0.27512129160625093,0.08369317521672519,0.02362420169564767,0.5011793743941733,0.11638195708720286,0.0016329833334734673,0.14827813273515947
2025-08-26 18:00:00+00:00,12052.142082931226,0.0022670859405722107,0.1505159379373723,0.003177675184187016,0.27330815864882213,0.08372457924812352,0.0239384905630628,0.5040113566795469,0.11501741486044471,0.0022378052022128353,0.1505159379373723
2025-08-26 20:00:00+00:00,12170.884146123723,0.009852361710924722,0.1602511088549189,0.0028242739078546443,0.2757888806767579,0.08385327971060245,0.023800816366734794,0.5013247569680203,0.11523226627788467,0.009735170917546578,0.1602511088549189
2025-08-26 22:00:00+00:00,12198.371912330857,0.002258485569093877,0.16247067885852404,0.0026223401492376126,0.27386094494480806,0.08361870017022577,0.023893861844517892,0.5038540516394747,0.11477244140097352,0.0022195700036051393,0.16247067885852404
2025-08-27 00:00:00+00:00,12209.724414730597,0.0009306571796081922,0.1633264878286012,0.0006490417532027271,0.2736083740306348,0.08346218234179147,0.023926452188544355,0.5044705030486509,0.11453248839037829,0.0008558089700771638,0.1633264878286012
2025-08-27 02:00:00+00:00,12167.127500526012,-0.0034887695051652482,0.15952144590820427,0.001860794339669956,0.27546916837030483,0.08302407522964773,0.02375232918806666,0.5032543840720154,0.11450004313996535,-0.0038050419203969218,0.15952144590820427
2025-08-27 04:00:00+00:00,12190.991619615172,0.0019613601557251004,0.16144006289545565,0.004467502371336559,0.27886230327579603,0.08239656410369645,0.02389808651591102,0.4994143928266302,0.11542865327796642,0.0019186169872513817,0.16144006289545565
2025-08-27 06:00:00+00:00,12184.809699529696,-0.0005070891916230979,0.16080066478803773,0.0011689601581158157,0.2799994526907383,0.08237698934398423,0.023929897259084607,0.49828258950303467,0.11541107120315837,-0.0006393981074179331,0.16080066478803773
2025-08-27 08:00:00+00:00,12127.463408237229,-0.0047063756190366315,0.15567574391559788,0.0022816892621219872,0.278745964474626,0.08264008127230667,0.024069708092391257,0.5001613760035275,0.11438287015714858,-0.005124920872439835,0.15567574391559788
2025-08-27 10:00:00+00:00,12132.734840095201,0.0004346689559492774,0.15602207954254854,0.003966670299559709,0.2813338907438275,0.08238976100200832,0.02395354601880116,0.4965611880478562,0.1157616141875068,0.0003463356269506613,0.15602207954254854
2025-08-27 12:00:00+00:00,12165.849881516562,0.0027293962868062895,0.15873060261216682,0.0028211004494154215,0.2786494606297395,0.08236042714021696,0.024238249826735073,0.49909758468933774,0.11565427771397073,0.0027085230696182612,0.15873060261216682
2025-08-27 14:00:00+00:00,12167.041334818454,9.793424327068955e-05,0.1587249566974647,0.006610641741886632,0.2835745640090854,0.08244131220535013,0.023981337728903797,0.49274385504528234,0.11725893101137828,-5.645914702106191e-06,0.1587249566974647
2025-08-27 16:00:00+00:00,12237.705382991555,0.005807825109534382,0.16452781467379138,0.002638975708532776,0.2852175063862863,0.08272509456456759,0.02395156247520102,0.49013465459045236,0.1179711819834927,0.005802857976326672,0.16452781467379138
2025-08-27 18:00:00+00:00,12252.579963464168,0.00121547136551323,0.16567991513450656,0.0005152975125002623,0.2853795354047921,0.08278765184738665,0.023909125791680495,0.4896617937614727,0.11826189319466814,0.0011521004607151762,0.16567991513450656
2025-08-27 20:00:00+00:00,12190.287197582897,-0.005084052996758346,0.16012878971437383,0.00041236255460451454,0.2853598433967859,0.08278654545423274,0.02388801846177848,0.4892913369379303,0.11867425574927265,-0.005551125420132723,0.16012878971437383
2025-08-27 22:00:00+00:00,12159.413166549582,-0.0025326746230749666,0.15734290856570796,0.000371963147532451,0.2856476009753087,0.08284022346246417,0.02391854602255658,0.48906352151862525,0.11853010802104517,-0.0027858811486658687,0.15734290856570796
2025-08-28 00:00:00+00:00,12111.049909877549,-0.003977433450907003,0.1530037588638253,0.00204278459099632,0.2860796864952067,0.08244303732447525,0.024020395765639385,0.4874179230656179,0.12003895734906073,-0.004339149701882656,0.1530037588638253
2025-08-28 02:00:00+00:00,12134.781193761897,0.001959473708798301,0.15492980101796486,0.001945834836149794,0.2856601716152017,0.08297836496908685,0.023751898784421344,0.4888284302571561,0.11878113437413404,0.0019260421541395444,0.15492980101796486
2025-08-28 04:00:00+00:00,12206.657719902649,0.005923182708700205,0.16085744760514298,0.003932045406995887,0.2852829083396066,0.08381333052678867,0.023459510671065522,0.48556603623911115,0.12187821422342815,0.005927646587178112,0.16085744760514298
2025-08-28 06:00:00+00:00,12270.349452942084,0.005217786432692934,0.16607656594523293,0.004115565774964577,0.2839153360294152,0.08389978752011792,0.02349997303589599,0.482818042774338,0.125866860640233,0.00521911834008994,0.16607656594523293
2025-08-28 08:00:00+00:00,12288.49847147897,0.0014790954900256413,0.1675014249458258,0.0020895498595440726,0.2828160617381502,0.08309364924814351,0.02360267853738806,0.48480488713239,0.12568272334392835,0.0014248590005928588,0.1675014249458258
2025-08-28 10:00:00+00:00,12255.400311721467,-0.002693425875775063,0.1645352929217216,0.004449440993027376,0.28380924089945886,0.08393544802596442,0.023906926721772744,0.4803554461393625,0.12799293821344135,-0.002966132024104213,0.1645352929217216
2025-08-28 12:00:00+00:00,12315.97426636572,0.004942633704614026,0.16948003002523182,0.0010168556661073868,0.28366816177738335,0.08438718486646248,0.02381251046994297,0.4809205649649719,0.1272115779212393,0.004944737103510245,0.16948003002523182
2025-08-28 14:00:00+00:00,12308.418343071111,-0.000613505933935319,0.1687227476072871,0.003763907989601259,0.28421503821982397,0.0841714971437251,0.02425880010718373,0.477372344698108,0.1299823198311592,-0.000757282417944728,0.1687227476072871
2025-08-28 16:00:00+00:00,12254.972121304663,-0.004342249367607374,0.16396959909333875,0.002732402416463782,0.2858709431302455,0.08524799464976725,0.024183258482940256,0.47517370365883094,0.1295241000782159,-0.004753148513948328,0.16396959909333875
2025-08-28 18:00:00+00:00,12283.517753971159,0.0023293102900552487,0.1662723005353055,0.0006504554871409798,0.28607202783925484,0.0855368657915334,0.024218495674720963,0.4752989661034158,0.128873644591075,0.0023027014419667656,0.1662723005353055
2025-08-28 20:00:00+00:00,12206.549678070562,-0.006265963663032478,0.1594045801278243,0.004471865921275402,0.28433697871231856,0.08428375033754551,0.02418932072706485,0.47977083202469123,0.1274191181983799,-0.006867720407481202,0.1594045801278243
2025-08-28 22:00:00+00:00,12258.11033020886,0.004224015262144774,0.16363523445307215,0.00219161927764586,0.28536346058350853,0.08498474660163462,0.02424989590754856,0.47757921274704535,0.12782268416026293,0.004230654325247853,0.16363523445307215
2025-08-29 00:00:00+00:00,12281.5628211042,0.0019132223698088203,0.16551113490602543,0.003992384362909633,0.2853236521194721,0.08596323621319045,0.024314999547730975,0.4736266368481722,0.13077147527143435,0.0018759004529532665,0.16551113490602543
2025-08-29 02:00:00+00:00,12234.74218615943,-0.0038122701179621886,0.16133460408606434,0.0017405229529380596,0.28372091516875436,0.08619613791493036,0.02425827455482949,0.4735455758388533,0.13227909652263248,-0.004176530819961076,0.16133460408606434
2025-08-29 04:00:00+00:00,12247.312433467247,0.0010274223286892623,0.1622970289548616,0.002239702758906793,0.28310961707887417,0.085924801217982,0.024162011454873285,0.47578527859776015,0.1310182916505105,0.0009624248687972429,0.1622970289548616
2025-08-29 06:00:00+00:00,12213.15032881731,-0.0027893552022551847,0.15922558701199813,0.0032511955459486493,0.28539062267012366,0.08585774772323562,0.02450946512117007,0.47260113654655783,0.1316410279389128,-0.003071441942863448,0.15922558701199813
2025-08-29 08:00:00+00:00,12054.614046066225,-0.012980785340618802,0.14470724989865913,0.0071988384925456145,0.2830741307062066,0.08461394321261645,0.023968058777178492,0.4797999750391035,0.12854389226489507,-0.014518337113338987,0.14470724989865913
2025-08-29 10:00:00+00:00,12029.678776288423,-0.0020685249384603055,0.14242557190053068,0.0023960931777024692,0.2851416123895492,0.0848384063999993,0.0240722070841554,0.47925891537399595,0.12668885875230007,-0.0022816779981284494,0.14242557190053068
2025-08-29 12:00:00+00:00,12030.613295013083,7.768442882299508e-05,0.14240679015411184,0.0015752813147199892,0.28419390275324785,0.08443156774534108,0.02385147406039502,0.4808286030943879,0.12669445234662813,-1.8781746418825286e-05,0.14240679015411184
2025-08-29 14:00:00+00:00,12013.975860775836,-0.0013829248625374362,0.14085202904030533,0.0035029197280827765,0.28232464484011666,0.08472275917212442,0.023487066342507478,0.4840403313956873,0.12542519824956405,-0.0015547611138065076,0.14085202904030533
2025-08-29 16:00:00+00:00,11995.589505689675,-0.0015304138529352363,0.13914130258634466,0.002506700616012429,0.2798284346524578,0.08551099604351854,0.023543919882992422,0.4840298409673337,0.1270868084536974,-0.0017107264539606801,0.13914130258634466
2025-08-29 18:00:00+00:00,11987.119716068146,-0.0007060753135569341,0.13830167776474356,0.0022000681239698616,0.2786591045142062,0.08448025805780031,0.02361897480993871,0.48548743413855466,0.12775422847950005,-0.0008396248216011111,0.13830167776474356
2025-08-29 20:00:00+00:00,11995.064467126444,0.0006627739812799025,0.13889594354094895,0.005710913692837228,0.27742359017847923,0.08486379018002668,0.02346715497179995,0.4908148157091655,0.12343064896052858,0.0005942657762053873,0.13889594354094895
2025-08-29 22:00:00+00:00,12013.891859535395,0.0015695949330284608,0.14043171044944572,0.003933682061613446,0.27870820802378626,0.08498589146302162,0.023434639851529795,0.48691364876782217,0.12595761189384,0.0015357669084967668,0.14043171044944572
2025-08-30 00:00:00+00:00,12033.016827745578,0.0015919044747354162,0.1419904901168404,0.0024957276204315808,0.27974180886928146,0.08366646420248892,0.023289884311966356,0.48837577554275863,0.12492606707350462,0.001558779667394689,0.1419904901168404
2025-08-30 02:00:00+00:00,11913.38265798308,-0.009942159266880407,0.13103203886067108,0.005752908401288941,0.27802023223156,0.08499565168724184,0.02364464490880518,0.49244473586245585,0.12089473530993713,-0.010958451256169309,0.13103203886067108
2025-08-30 04:00:00+00:00,12022.53729723794,0.009162354839808208,0.1401828893211264,0.0012025118977154609,0.27922274412927545,0.08437591949599203,0.023433580586066097,0.49221189653410385,0.12075585925456252,0.00915085046045533,0.1401828893211264
2025-08-30 06:00:00+00:00,12013.645124104101,-0.0007396253314914406,0.13930823655060326,0.001588353223686877,0.2808110973529624,0.0836306044419812,0.023273247554586915,0.49213748459284856,0.12014756605762102,-0.0008746527705231399,0.13930823655060326
2025-08-30 08:00:00+00:00,12036.231669683502,0.001880074311008462,0.1411614898977068,0.0034867217396432094,0.2782434000139242,0.08520389518451847,0.023627510454473304,0.493696652690068,0.11922854165701588,0.0018532533471035317,0.1411614898977068
2025-08-30 10:00:00+00:00,12026.449633371309,-0.0008127158549824276,0.14020866152957587,0.0019705451519701107,0.2802139451658943,0.0838913163907541,0.02327814877696381,0.49348417976385067,0.11913240990253696,-0.0009528283681309185,0.14020866152957587
2025-08-30 12:00:00+00:00,12037.885415931123,0.0009508859978161732,0.14110154555546334,0.0015356736498955848,0.27945754308897863,0.0841707471167449,0.023384670108888162,0.4927049081908708,0.12028213149451744,0.0008928840258874745,0.14110154555546334
2025-08-30 14:00:00+00:00,11988.5019407882,-0.004102338030030429,0.13663155608577382,0.0012533589686684003,0.2800731386535024,0.08396263308504984,0.02327388735140465,0.4933426715950155,0.11934766931502767,-0.004469989469689524,0.13663155608577382
2025-08-30 16:00:00+00:00,12032.799445846935,0.0036949991981920826,0.1403474248375678,0.0011154925913403578,0.2811886312448428,0.0834744395505218,0.023245773523699685,0.49328673413015384,0.11880442155078197,0.0037158687517939576,0.1403474248375678
2025-08-30 18:00:00+00:00,12019.03642398046,-0.0011437921764103941,0.1390442021893575,0.0017494363809762506,0.2803571988297087,0.08382065084621582,0.023267287045307235,0.4946684456938285,0.11788641758493976,-0.001303222648210275,0.1390442021893575
2025-08-30 20:00:00+00:00,12023.864256085875,0.0004016821261795728,0.13936629159761688,0.0008331505777551887,0.2800242978219655,0.08385465423087239,0.02332278868002672,0.4954120912522077,0.11738616801492788,0.0003220894082593634,0.13936629159761688
2025-08-30 22:00:00+00:00,12025.356585786274,0.00012411398437432483,0.13939792324970848,0.0009565191166165561,0.2808095785644777,0.08315661113779438,0.023307638246507736,0.49558332962631196,0.11714284242490824,3.1631652091593636e-05,0.13939792324970848
2025-08-31 00:00:00+00:00,12050.530698310658,0.0020934192133761037,0.14147728444391236,0.002015672273721689,0.28247372291310674,0.08263176223989671,0.0236591661716004,0.4943987045297296,0.1168366441456666,0.002079361194203882,0.14147728444391236
2025-08-31 02:00:00+00:00,12096.830505162594,0.00384213840959104,0.1453469375193332,0.0008257855245135757,0.2818941242999852,0.08304947975767714,0.023412979260208328,0.4946038184352916,0.11703959824683774,0.0038696530754208343,0.1453469375193332
2025-08-31 04:00:00+00:00,12099.650177706912,0.00023309184526595068,0.1454901149677537,0.0017166581524453578,0.28284329728231083,0.08290199835972423,0.02344977192386341,0.49303464168079913,0.11777029075330238,0.0001431774484204846,0.1454901149677537
2025-08-31 06:00:00+00:00,12058.757407929352,-0.003379665459494355,0.14178711430257754,0.0018443023850961034,0.2817122547032378,0.08308385740105771,0.023392897034917252,0.4946970850245617,0.11711390583622544,-0.0037030006651761387,0.14178711430257754
2025-08-31 08:00:00+00:00,12042.13263575058,-0.0013786472035534503,0.14023051050864396,0.004138997006640888,0.2845693862714137,0.08257070533379926,0.023869382039495964,0.4910712400851793,0.1179192862701117,-0.001556603793933589,0.14023051050864396
2025-08-31 10:00:00+00:00,12045.843355232497,0.00030814471108697944,0.14045511169233899,0.0013830724203861451,0.2854056574329613,0.08263870461775362,0.02396611134670658,0.4896881676647932,0.1183013589377853,0.00022460118369502886,0.14045511169233899
2025-08-31 12:00:00+00:00,12048.528343413545,0.00022289748437440794,0.14059030367462572,0.0010630035755354612,0.28502616335614495,0.08269998305822208,0.023919900070007504,0.49068989279986025,0.11766406071576536,0.0001351919822867288,0.14059030367462572
2025-08-31 14:00:00+00:00,12050.880012484913,0.00019518309658551214,0.14069643243560442,0.0006478449597943931,0.2845582139429656,0.08274508327357813,0.023740004523392456,0.4907370394154556,0.11821965884460836,0.00010612876097870446,0.14069643243560442
2025-08-31 16:00:00+00:00,12075.008720561342,0.0020022361895091073,0.14268751100984367,0.0010509516658068919,0.28495646203582925,0.082558011674735,0.02380503101307106,0.48987315934849174,0.1188073359278729,0.0019910785742392333,0.14268751100984367
2025-08-31 18:00:00+00:00,12096.60843913833,0.0017887952776553084,0.1444571672688574,0.0011692287764126768,0.2850987471351499,0.08261677091339649,0.023775002333987313,0.48873395925116286,0.11977552036630353,0.0017696562590137253,0.1444571672688574
2025-08-31 20:00:00+00:00,12090.398202433467,-0.0005133866022124232,0.1438141614663354,0.0006779386948208843,0.28493186076661425,0.08229563445308535,0.02374588084993276,0.48857316486924324,0.12045345906112435,-0.000643005802521986,0.1438141614663354
2025-08-31 22:00:00+00:00,12113.949882701569,0.001947965639656186,0.1457500113072199,0.0007236105494913374,0.28453246803152893,0.08239204945372207,0.023697897093115976,0.4882969308116541,0.12108065460997906,0.0019358498408844772,0.1457500113072199
2025-09-01 00:00:00+00:00,12002.356111432775,-0.009212005361533283,0.1355524916954069,0.00029386880290361954,0.28442574474418547,0.08243925213622379,0.023593035153468483,0.48854359693205596,0.12099837103406635,-0.010197519611812998,0.1355524916954069
