timestamp,portfolio_value,return,reward,turnover,weight_btc,weight_eth,weight_ltc,weight_bnb,weight_usdt,dsr,cumulative_dsr
2025-06-04 18:00:00+00:00,10000.0,,,,0.0,0.0,0.0,0.0,1.0,,0.0
2025-06-04 20:00:00+00:00,9990.043768235248,-0.0009956231764752656,0.0,0.9999848671480995,0.3333232447653997,1.5132851900552693e-05,0.3333232447653997,0.3333232447653997,1.5132851900552693e-05,0.0,0.0
2025-06-04 22:00:00+00:00,9962.454556233217,-0.002761670783641057,0.0,0.0,0.3333232447653997,1.5132851900552693e-05,0.3333232447653997,0.3333232447653997,1.5132851900552693e-05,0.0,0.0
2025-06-05 00:00:00+00:00,9927.455422560517,-0.003513103470148525,0.0,0.0,0.3333232447653997,1.5132851900552693e-05,0.3333232447653997,0.3333232447653997,1.5132851900552693e-05,0.0,0.0
2025-06-05 02:00:00+00:00,9964.122012014574,0.003693452943715246,0.0,0.0,0.3333232447653997,1.5132851900552693e-05,0.3333232447653997,0.3333232447653997,1.5132851900552693e-05,0.0,0.0
2025-06-05 04:00:00+00:00,9965.530199399573,0.00014132578698870004,0.0,0.0,0.3333232447653997,1.5132851900552693e-05,0.3333232447653997,0.3333232447653997,1.5132851900552693e-05,0.0,0.0
2025-06-05 06:00:00+00:00,9936.161701009672,-0.0029470081172068034,-6.084550767551139,0.0,0.3333232447653997,1.5132851900552693e-05,0.3333232447653997,0.3333232447653997,1.5132851900552693e-05,-6.084550767551139,-6.084550767551139
2025-06-05 08:00:00+00:00,9930.711213387372,-0.0005485506160539537,-1.111600859042548,0.0,0.3333232447653997,1.5132851900552693e-05,0.3333232447653997,0.3333232447653997,1.5132851900552693e-05,-1.111600859042548,-7.196151626593688
2025-06-05 10:00:00+00:00,9959.782451725328,0.0029274074850514946,7.8893114844233745,0.0,0.3333232447653997,1.5132851900552693e-05,0.3333232447653997,0.3333232447653997,1.5132851900552693e-05,7.8893114844233745,0.6931598578296869
2025-06-05 12:00:00+00:00,9920.261588751599,-0.003968044800705922,-6.667571107034446,0.0,0.3333232447653997,1.5132851900552693e-05,0.3333232447653997,0.3333232447653997,1.5132851900552693e-05,-6.667571107034446,-5.974411249204759
2025-06-05 14:00:00+00:00,9898.344900532175,-0.002209285312019964,-3.3200855906168236,0.0,0.3333232447653997,1.5132851900552693e-05,0.3333232447653997,0.3333232447653997,1.5132851900552693e-05,-3.3200855906168236,-9.294496839821583
2025-06-05 16:00:00+00:00,9885.489308933564,-0.0012987617351987613,-1.9566275213450672,0.0,0.3333232447653997,1.5132851900552693e-05,0.3333232447653997,0.3333232447653997,1.5132851900552693e-05,-1.9566275213450672,-11.251124361166651
2025-06-05 18:00:00+00:00,9795.620586376772,-0.009090973622881467,-4.510782359463301,0.0,0.3333232447653997,1.5132851900552693e-05,0.3333232447653997,0.3333232447653997,1.5132851900552693e-05,-4.510782359463301,-15.761906720629952
2025-06-05 20:00:00+00:00,9663.155813132404,-0.013522856676236875,-1.763235712360623,0.0,0.3333232447653997,1.5132851900552693e-05,0.3333232447653997,0.3333232447653997,1.5132851900552693e-05,-1.763235712360623,-17.525142432990574
2025-06-05 22:00:00+00:00,9517.978200605246,-0.015023830240826389,-2.895582366866126,0.0,0.3333232447653997,1.5132851900552693e-05,0.3333232447653997,0.3333232447653997,1.5132851900552693e-05,-2.895582366866126,-20.4207247998567
2025-06-06 00:00:00+00:00,9512.258628870619,-0.0006009229706223907,-0.2859921528290678,0.0,0.3333232447653997,1.5132851900552693e-05,0.3333232447653997,0.3333232447653997,1.5132851900552693e-05,-0.2859921528290678,-20.706716952685767
2025-06-06 02:00:00+00:00,9540.374434800162,0.0029557444794665417,2.1387515043188428,0.0,0.3333232447653997,1.5132851900552693e-05,0.3333232447653997,0.3333232447653997,1.5132851900552693e-05,2.1387515043188428,-18.567965448366923
2025-06-06 04:00:00+00:00,9613.746125102423,0.007690651012042702,6.242234382930448,0.0,0.3333232447653997,1.5132851900552693e-05,0.3333232447653997,0.3333232447653997,1.5132851900552693e-05,6.242234382930448,-12.325731065436475
2025-06-06 06:00:00+00:00,9595.049936458456,-0.0019447350076314768,-1.0021287837695654,0.0,0.3333232447653997,1.5132851900552693e-05,0.3333232447653997,0.3333232447653997,1.5132851900552693e-05,-1.0021287837695654,-13.32785984920604
2025-06-06 08:00:00+00:00,9616.086810641744,0.0021924715684234386,1.4129904764555505,0.0,0.3333232447653997,1.5132851900552693e-05,0.3333232447653997,0.3333232447653997,1.5132851900552693e-05,1.4129904764555505,-11.91486937275049
2025-06-06 10:00:00+00:00,9635.1332521598,0.0019806852717863667,1.2616959618208716,0.0,0.3333232447653997,1.5132851900552693e-05,0.3333232447653997,0.3333232447653997,1.5132851900552693e-05,1.2616959618208716,-10.653173410929618
2025-06-06 12:00:00+00:00,9690.988598067099,0.005797049656243949,3.9217643732781857,0.0,0.3333232447653997,1.5132851900552693e-05,0.3333232447653997,0.3333232447653997,1.5132851900552693e-05,3.9217643732781857,-6.731409037651432
2025-06-06 14:00:00+00:00,9762.702382392588,0.007400048364497474,4.847689949322584,0.0,0.3333232447653997,1.5132851900552693e-05,0.3333232447653997,0.3333232447653997,1.5132851900552693e-05,4.847689949322584,-1.8837190883288484
2025-06-06 16:00:00+00:00,9809.903130114062,0.004834803507541441,2.804483485924831,0.0,0.3333232447653997,1.5132851900552693e-05,0.3333232447653997,0.3333232447653997,1.5132851900552693e-05,2.804483485924831,0.9207643975959825
2025-06-06 18:00:00+00:00,9811.271454598596,0.0001394839955486766,0.09525949094559522,0.0,0.3333232447653997,1.5132851900552693e-05,0.3333232447653997,0.3333232447653997,1.5132851900552693e-05,0.09525949094559522,1.0160238885415778
2025-06-06 20:00:00+00:00,9777.643872092223,-0.0034274439008219492,-1.7172422445191087,0.0,0.3333232447653997,1.5132851900552693e-05,0.3333232447653997,0.3333232447653997,1.5132851900552693e-05,-1.7172422445191087,-0.7012183559775309
2025-06-06 22:00:00+00:00,9805.373944075583,0.0028360689288866835,1.572531595290409,0.0,0.3333232447653997,1.5132851900552693e-05,0.3333232447653997,0.3333232447653997,1.5132851900552693e-05,1.572531595290409,0.8713132393128782
2025-06-07 00:00:00+00:00,9785.289094178916,-0.0020483512420045934,-1.0249447900091224,0.0,0.3333232447653997,1.5132851900552693e-05,0.3333232447653997,0.3333232447653997,1.5132851900552693e-05,-1.0249447900091224,-0.15363155069624423
2025-06-07 02:00:00+00:00,9775.77567851233,-0.0009722161067520261,-0.47816161465067036,0.0,0.3333232447653997,1.5132851900552693e-05,0.3333232447653997,0.3333232447653997,1.5132851900552693e-05,-0.47816161465067036,-0.6317931653469147
2025-06-07 04:00:00+00:00,9810.766061443665,0.0035792947876501337,1.99278153217684,0.9999016390388351,2.2698419121291684e-05,0.499965952371318,2.2698419121291684e-05,2.2698419121291684e-05,0.499965952371318,1.99278153217684,1.3609883668299254
2025-06-07 06:00:00+00:00,9820.640438119217,0.0010064837560808853,0.5502562431078902,0.0,2.2698419121291684e-05,0.499965952371318,2.2698419121291684e-05,2.2698419121291684e-05,0.499965952371318,0.5502562431078902,1.9112446099378158
2025-06-07 08:00:00+00:00,9815.2668675093,-0.0005471710978298155,-0.2644641371018998,0.0,2.2698419121291684e-05,0.499965952371318,2.2698419121291684e-05,2.2698419121291684e-05,0.499965952371318,-0.2644641371018998,1.6467804728359159
2025-06-07 10:00:00+00:00,9804.49038183945,-0.0010979309900906236,-0.5473912658773474,0.0,2.2698419121291684e-05,0.499965952371318,2.2698419121291684e-05,2.2698419121291684e-05,0.499965952371318,-0.5473912658773474,1.0993892069585685
2025-06-07 12:00:00+00:00,9824.133842140813,0.002003516708808035,1.093905068169549,0.0,2.2698419121291684e-05,0.499965952371318,2.2698419121291684e-05,2.2698419121291684e-05,0.499965952371318,1.093905068169549,2.1932942751281175
2025-06-07 14:00:00+00:00,9847.043799277206,0.002332007839522884,1.2662989687723067,0.0,2.2698419121291684e-05,0.499965952371318,2.2698419121291684e-05,2.2698419121291684e-05,0.499965952371318,1.2662989687723067,3.459593243900424
2025-06-07 16:00:00+00:00,9871.293420124186,0.0024626295303733056,1.3269589317510315,0.0,2.2698419121291684e-05,0.499965952371318,2.2698419121291684e-05,2.2698419121291684e-05,0.499965952371318,1.3269589317510315,4.7865521756514555
2025-06-07 18:00:00+00:00,9848.27685513502,-0.0023316665820350296,-1.1853131377339787,0.0,2.2698419121291684e-05,0.499965952371318,2.2698419121291684e-05,2.2698419121291684e-05,0.499965952371318,-1.1853131377339787,3.601239037917477
2025-06-07 20:00:00+00:00,9866.53601724194,0.0018540463855259673,0.994578080315945,0.0,2.2698419121291684e-05,0.499965952371318,2.2698419121291684e-05,2.2698419121291684e-05,0.499965952371318,0.994578080315945,4.5958171182334215
2025-06-07 22:00:00+00:00,9876.002584495423,0.000959462088512039,0.5152245974982494,0.0,2.2698419121291684e-05,0.499965952371318,2.2698419121291684e-05,2.2698419121291684e-05,0.499965952371318,0.5152245974982494,5.111041715731671
2025-06-08 00:00:00+00:00,9880.914535972974,0.000497362311879339,0.2714035181382569,0.0,2.2698419121291684e-05,0.499965952371318,2.2698419121291684e-05,2.2698419121291684e-05,0.499965952371318,0.2714035181382569,5.3824452338699285
2025-06-08 02:00:00+00:00,9892.42385290663,0.0011648028015782933,0.6233512714762893,0.9999016390388351,0.3333232447653997,1.5132851900552693e-05,0.3333232447653997,0.3333232447653997,1.5132851900552693e-05,0.6233512714762893,6.0057965053462175
2025-06-08 04:00:00+00:00,9874.36951784865,-0.0018250668720259122,-0.938126402644622,0.0,0.3333232447653997,1.5132851900552693e-05,0.3333232447653997,0.3333232447653997,1.5132851900552693e-05,-0.938126402644622,5.067670102701595
2025-06-08 06:00:00+00:00,9860.538295436882,-0.0014007195483994024,-0.7161319383958223,0.0,0.3333232447653997,1.5132851900552693e-05,0.3333232447653997,0.3333232447653997,1.5132851900552693e-05,-0.7161319383958223,4.351538164305773
2025-06-08 08:00:00+00:00,9827.37743070799,-0.0033629872665509697,-1.7098003692194719,0.0,0.3333232447653997,1.5132851900552693e-05,0.3333232447653997,0.3333232447653997,1.5132851900552693e-05,-1.7098003692194719,2.6417377950863012
2025-06-08 10:00:00+00:00,9795.606422020783,-0.003232908160007185,-1.6211539166819247,0.0,0.3333232447653997,1.5132851900552693e-05,0.3333232447653997,0.3333232447653997,1.5132851900552693e-05,-1.6211539166819247,1.0205838784043766
2025-06-08 12:00:00+00:00,9841.51563102902,0.004686714331951061,2.5866099409253898,0.0,0.3333232447653997,1.5132851900552693e-05,0.3333232447653997,0.3333232447653997,1.5132851900552693e-05,2.5866099409253898,3.6071938193297663
2025-06-08 14:00:00+00:00,9847.020184464582,0.0005593196863097828,0.30336930826237685,0.0,0.3333232447653997,1.5132851900552693e-05,0.3333232447653997,0.3333232447653997,1.5132851900552693e-05,0.30336930826237685,3.9105631275921433
2025-06-08 16:00:00+00:00,9890.370894986436,0.004402419179585823,2.3518770027196867,0.0,0.3333232447653997,1.5132851900552693e-05,0.3333232447653997,0.3333232447653997,1.5132851900552693e-05,2.3518770027196867,6.26244013031183
2025-06-08 18:00:00+00:00,9893.594424593733,0.0003259260589440688,0.1745197928266532,0.0,0.3333232447653997,1.5132851900552693e-05,0.3333232447653997,0.3333232447653997,1.5132851900552693e-05,0.1745197928266532,6.436959923138484
2025-06-08 20:00:00+00:00,9911.632475368435,0.0018232049951293207,0.9447480459272926,0.0,0.3333232447653997,1.5132851900552693e-05,0.3333232447653997,0.3333232447653997,1.5132851900552693e-05,0.9447480459272926,7.3817079690657765
2025-06-08 22:00:00+00:00,9920.469421301219,0.0008915732049936826,0.4615822522689068,0.0,0.3333232447653997,1.5132851900552693e-05,0.3333232447653997,0.3333232447653997,1.5132851900552693e-05,0.4615822522689068,7.843290221334684
2025-06-09 00:00:00+00:00,9850.399878414042,-0.007063127752475582,-3.546058000447982,0.0,0.3333232447653997,1.5132851900552693e-05,0.3333232447653997,0.3333232447653997,1.5132851900552693e-05,-3.546058000447982,4.297232220886702
2025-06-09 02:00:00+00:00,9836.568082422344,-0.0014041862424294853,-0.6780360154215467,0.0,0.3333232447653997,1.5132851900552693e-05,0.3333232447653997,0.3333232447653997,1.5132851900552693e-05,-0.6780360154215467,3.619196205465155
2025-06-09 04:00:00+00:00,9872.02224165916,0.003604322050103176,1.8557765481975235,0.0,0.3333232447653997,1.5132851900552693e-05,0.3333232447653997,0.3333232447653997,1.5132851900552693e-05,1.8557765481975235,5.474972753662678
2025-06-09 06:00:00+00:00,9821.54135012244,-0.005113530976834174,-2.453079179173295,0.0,0.3333232447653997,1.5132851900552693e-05,0.3333232447653997,0.3333232447653997,1.5132851900552693e-05,-2.453079179173295,3.021893574489383
2025-06-09 08:00:00+00:00,9825.232878032417,0.0003758603439500368,0.2004162238435095,0.0,0.3333232447653997,1.5132851900552693e-05,0.3333232447653997,0.3333232447653997,1.5132851900552693e-05,0.2004162238435095,3.2223097983328928
2025-06-09 10:00:00+00:00,9911.869062371748,0.00881772324532242,4.625905726235114,0.0,0.3333232447653997,1.5132851900552693e-05,0.3333232447653997,0.3333232447653997,1.5132851900552693e-05,4.625905726235114,7.8482155245680065
2025-06-09 12:00:00+00:00,10008.84152842375,0.009783469236910813,4.689455434851157,0.0,0.3333232447653997,1.5132851900552693e-05,0.3333232447653997,0.3333232447653997,1.5132851900552693e-05,4.689455434851157,12.537670959419163
2025-06-09 14:00:00+00:00,9946.580990627435,-0.006220553859255845,-2.836705435326809,0.0,0.3333232447653997,1.5132851900552693e-05,0.3333232447653997,0.3333232447653997,1.5132851900552693e-05,-2.836705435326809,9.700965524092354
2025-06-09 16:00:00+00:00,9979.79078632268,0.003338815189514702,1.4690298133791426,0.9999016390388351,2.2698419121291684e-05,0.499965952371318,2.2698419121291684e-05,2.2698419121291684e-05,0.499965952371318,1.4690298133791426,11.169995337471496
2025-06-09 18:00:00+00:00,10045.020086952527,0.006536139086126501,2.8355491202600756,0.9999016390388351,0.3333232447653997,1.5132851900552693e-05,0.3333232447653997,0.3333232447653997,1.5132851900552693e-05,2.8355491202600756,14.005544457731572
2025-06-09 20:00:00+00:00,10038.04262729567,-0.0006946187858718844,-0.3102900375562812,0.0,0.3333232447653997,1.5132851900552693e-05,0.3333232447653997,0.3333232447653997,1.5132851900552693e-05,-0.3102900375562812,13.69525442017529
2025-06-09 22:00:00+00:00,10164.877870852299,0.012635455762235502,5.168285856165583,0.0,0.3333232447653997,1.5132851900552693e-05,0.3333232447653997,0.3333232447653997,1.5132851900552693e-05,5.168285856165583,18.863540276340874
2025-06-10 00:00:00+00:00,10205.477673849984,0.003994126000677708,1.5388494100759755,0.0,0.3333232447653997,1.5132851900552693e-05,0.3333232447653997,0.3333232447653997,1.5132851900552693e-05,1.5388494100759755,20.40238968641685
2025-06-10 02:00:00+00:00,10221.07094982837,0.0015279320063913149,0.581552198938882,0.0,0.3333232447653997,1.5132851900552693e-05,0.3333232447653997,0.3333232447653997,1.5132851900552693e-05,0.581552198938882,20.983941885355733
2025-06-10 04:00:00+00:00,10168.678203269832,-0.0051259546886735724,-2.2133899510993604,0.0,0.3333232447653997,1.5132851900552693e-05,0.3333232447653997,0.3333232447653997,1.5132851900552693e-05,-2.2133899510993604,18.770551934256375
2025-06-10 06:00:00+00:00,10126.98448853307,-0.004100209870281466,-1.7201344641449143,0.0,0.3333232447653997,1.5132851900552693e-05,0.3333232447653997,0.3333232447653997,1.5132851900552693e-05,-1.7201344641449143,17.050417470111462
2025-06-10 08:00:00+00:00,10127.179055555584,1.9212730377411137e-05,-0.009354298828721934,0.0,0.3333232447653997,1.5132851900552693e-05,0.3333232447653997,0.3333232447653997,1.5132851900552693e-05,-0.009354298828721934,17.04106317128274
2025-06-10 10:00:00+00:00,10134.766011379314,0.0007491677378379283,0.28066981992094675,0.0,0.3333232447653997,1.5132851900552693e-05,0.3333232447653997,0.3333232447653997,1.5132851900552693e-05,0.28066981992094675,17.32173299120369
2025-06-10 12:00:00+00:00,10214.526033698312,0.0078699421604252,2.9577775993286233,0.0,0.3333232447653997,1.5132851900552693e-05,0.3333232447653997,0.3333232447653997,1.5132851900552693e-05,2.9577775993286233,20.27951059053231
2025-06-10 14:00:00+00:00,10194.724743786192,-0.0019385422139797685,-0.8000425200979668,0.0,0.3333232447653997,1.5132851900552693e-05,0.3333232447653997,0.3333232447653997,1.5132851900552693e-05,-0.8000425200979668,19.479468070434343
2025-06-10 16:00:00+00:00,10152.933116486669,-0.004099338466690444,-1.691511500735571,0.0,0.3333232447653997,1.5132851900552693e-05,0.3333232447653997,0.3333232447653997,1.5132851900552693e-05,-1.691511500735571,17.78795656969877
2025-06-10 18:00:00+00:00,10155.03361871056,0.00020688624654486703,0.06197431770126301,0.0,0.3333232447653997,1.5132851900552693e-05,0.3333232447653997,0.3333232447653997,1.5132851900552693e-05,0.06197431770126301,17.849930887400035
2025-06-10 20:00:00+00:00,10235.83020069909,0.007956308666439302,2.914657624717786,0.0,0.3333232447653997,1.5132851900552693e-05,0.3333232447653997,0.3333232447653997,1.5132851900552693e-05,2.914657624717786,20.76458851211782
2025-06-10 22:00:00+00:00,10272.27127336863,0.0035601482200291893,1.2932524045284022,0.0,0.3333232447653997,1.5132851900552693e-05,0.3333232447653997,0.3333232447653997,1.5132851900552693e-05,1.2932524045284022,22.057840916646224
2025-06-11 00:00:00+00:00,10343.465997406096,0.006930767514098198,2.425049537620244,0.0,0.3333232447653997,1.5132851900552693e-05,0.3333232447653997,0.3333232447653997,1.5132851900552693e-05,2.425049537620244,24.482890454266467
2025-06-11 02:00:00+00:00,10241.427852831437,-0.009864985740780595,-4.261594290174262,0.0,0.3333232447653997,1.5132851900552693e-05,0.3333232447653997,0.3333232447653997,1.5132851900552693e-05,-4.261594290174262,20.221296164092205
2025-06-11 04:00:00+00:00,10256.532671823341,0.0014748743250412148,0.5077262021953237,0.0,0.3333232447653997,1.5132851900552693e-05,0.3333232447653997,0.3333232447653997,1.5132851900552693e-05,0.5077262021953237,20.72902236628753
2025-06-11 06:00:00+00:00,10241.01436254481,-0.0015130170960369396,-0.5893950204293079,0.0,0.3333232447653997,1.5132851900552693e-05,0.3333232447653997,0.3333232447653997,1.5132851900552693e-05,-0.5893950204293079,20.139627345858223
2025-06-11 08:00:00+00:00,10241.011629612678,-2.668614685515815e-07,-0.024875071101885023,0.0,0.3333232447653997,1.5132851900552693e-05,0.3333232447653997,0.3333232447653997,1.5132851900552693e-05,-0.024875071101885023,20.114752274756338
2025-06-11 10:00:00+00:00,10216.931362351184,-0.002351356304670418,-0.9090552701083461,0.0,0.3333232447653997,1.5132851900552693e-05,0.3333232447653997,0.3333232447653997,1.5132851900552693e-05,-0.9090552701083461,19.20569700464799
2025-06-11 12:00:00+00:00,10198.9072907936,-0.0017641374810446779,-0.6815203166756219,0.0,0.3333232447653997,1.5132851900552693e-05,0.3333232447653997,0.3333232447653997,1.5132851900552693e-05,-0.6815203166756219,18.524176687972368
2025-06-11 14:00:00+00:00,10246.219661471605,0.004638964678178042,1.6291701302467865,0.0,0.3333232447653997,1.5132851900552693e-05,0.3333232447653997,0.3333232447653997,1.5132851900552693e-05,1.6291701302467865,20.153346818219156
2025-06-11 16:00:00+00:00,10309.610019900925,0.006186706953754243,2.120528158858783,0.0,0.3333232447653997,1.5132851900552693e-05,0.3333232447653997,0.3333232447653997,1.5132851900552693e-05,2.120528158858783,22.273874977077938
2025-06-11 18:00:00+00:00,10253.61551613529,-0.0054312921301142795,-2.1246445603872024,0.0,0.3333232447653997,1.5132851900552693e-05,0.3333232447653997,0.3333232447653997,1.5132851900552693e-05,-2.1246445603872024,20.149230416690735
2025-06-11 20:00:00+00:00,10209.054073176405,-0.004345924897297238,-1.6541467845895568,0.0,0.3333232447653997,1.5132851900552693e-05,0.3333232447653997,0.3333232447653997,1.5132851900552693e-05,-1.6541467845895568,18.495083632101178
2025-06-11 22:00:00+00:00,10146.99048947217,-0.0060792687803763795,-2.302807268788253,0.0,0.3333232447653997,1.5132851900552693e-05,0.3333232447653997,0.3333232447653997,1.5132851900552693e-05,-2.302807268788253,16.192276363312924
2025-06-12 00:00:00+00:00,10196.63521224903,0.004892556352385323,1.6795988247253208,0.0,0.3333232447653997,1.5132851900552693e-05,0.3333232447653997,0.3333232447653997,1.5132851900552693e-05,1.6795988247253208,17.871875188038246
2025-06-12 02:00:00+00:00,10200.961829984419,0.0004243181839232029,0.13070010483669378,0.0,0.3333232447653997,1.5132851900552693e-05,0.3333232447653997,0.3333232447653997,1.5132851900552693e-05,0.13070010483669378,18.00257529287494
2025-06-12 04:00:00+00:00,10117.204096168181,-0.008210768279716655,-3.09826494583009,0.0,0.3333232447653997,1.5132851900552693e-05,0.3333232447653997,0.3333232447653997,1.5132851900552693e-05,-3.09826494583009,14.90431034704485
2025-06-12 06:00:00+00:00,10105.176415193351,-0.0011888344705220338,-0.4275824772439467,0.0,0.3333232447653997,1.5132851900552693e-05,0.3333232447653997,0.3333232447653997,1.5132851900552693e-05,-0.4275824772439467,14.476727869800904
2025-06-12 08:00:00+00:00,10087.434268142366,-0.0017557483731120349,-0.6269949824885392,0.0,0.3333232447653997,1.5132851900552693e-05,0.3333232447653997,0.3333232447653997,1.5132851900552693e-05,-0.6269949824885392,13.849732887312364
2025-06-12 10:00:00+00:00,10090.829939211297,0.000336623860802199,0.10824403052924025,0.0,0.3333232447653997,1.5132851900552693e-05,0.3333232447653997,0.3333232447653997,1.5132851900552693e-05,0.10824403052924025,13.957976917841604
2025-06-12 12:00:00+00:00,9995.751034311326,-0.009422307726196899,-3.4104091885064016,0.0,0.3333232447653997,1.5132851900552693e-05,0.3333232447653997,0.3333232447653997,1.5132851900552693e-05,-3.4104091885064016,10.547567729335203
2025-06-12 14:00:00+00:00,10032.100732714325,0.003636514983038874,1.2391883420531131,0.0,0.3333232447653997,1.5132851900552693e-05,0.3333232447653997,0.3333232447653997,1.5132851900552693e-05,1.2391883420531131,11.786756071388316
2025-06-12 16:00:00+00:00,9973.494347105787,-0.0058418856797785475,-2.0137377847445825,0.0,0.3333232447653997,1.5132851900552693e-05,0.3333232447653997,0.3333232447653997,1.5132851900552693e-05,-2.0137377847445825,9.773018286643733
2025-06-12 18:00:00+00:00,10109.468180698692,0.013633519893894013,4.633428024154066,0.0,0.3333232447653997,1.5132851900552693e-05,0.3333232447653997,0.3333232447653997,1.5132851900552693e-05,4.633428024154066,14.406446310797799
2025-06-12 20:00:00+00:00,9938.860616031448,-0.016876017770447473,-5.761984601159563,0.0,0.3333232447653997,1.5132851900552693e-05,0.3333232447653997,0.3333232447653997,1.5132851900552693e-05,-5.761984601159563,8.644461709638236
2025-06-12 22:00:00+00:00,9853.143544074155,-0.008624436469008385,-2.577535552333156,0.0,0.3333232447653997,1.5132851900552693e-05,0.3333232447653997,0.3333232447653997,1.5132851900552693e-05,-2.577535552333156,6.06692615730508
2025-06-13 00:00:00+00:00,9836.638535025808,-0.0016751008421340367,-0.4866268401831965,0.0,0.3333232447653997,1.5132851900552693e-05,0.3333232447653997,0.3333232447653997,1.5132851900552693e-05,-0.4866268401831965,5.5802993171218835
2025-06-13 02:00:00+00:00,9592.238192135303,-0.024845920892615496,-6.808707279184612,0.0,0.3333232447653997,1.5132851900552693e-05,0.3333232447653997,0.3333232447653997,1.5132851900552693e-05,-6.808707279184612,-1.2284079620627288
2025-06-13 04:00:00+00:00,9658.316927213524,0.006888771291396708,1.9422147796228022,0.0,0.3333232447653997,1.5132851900552693e-05,0.3333232447653997,0.3333232447653997,1.5132851900552693e-05,1.9422147796228022,0.7138068175600734
2025-06-13 06:00:00+00:00,9625.859348994221,-0.003360583263513539,-0.8485273396141187,0.0,0.3333232447653997,1.5132851900552693e-05,0.3333232447653997,0.3333232447653997,1.5132851900552693e-05,-0.8485273396141187,-0.1347205220540454
2025-06-13 08:00:00+00:00,9725.657819811102,0.010367746629012261,2.9341189636862395,0.0,0.3333232447653997,1.5132851900552693e-05,0.3333232447653997,0.3333232447653997,1.5132851900552693e-05,2.9341189636862395,2.799398441632194
2025-06-13 10:00:00+00:00,9714.308486285383,-0.001166947648785347,-0.2851888947639714,0.0,0.3333232447653997,1.5132851900552693e-05,0.3333232447653997,0.3333232447653997,1.5132851900552693e-05,-0.2851888947639714,2.5142095468682224
2025-06-13 12:00:00+00:00,9743.541600019524,0.003009284065398121,0.8095948500197512,0.0,0.3333232447653997,1.5132851900552693e-05,0.3333232447653997,0.3333232447653997,1.5132851900552693e-05,0.8095948500197512,3.3238043968879736
2025-06-13 14:00:00+00:00,9704.790391338576,-0.0039771173841830635,-1.004333258581532,0.0,0.3333232447653997,1.5132851900552693e-05,0.3333232447653997,0.3333232447653997,1.5132851900552693e-05,-1.004333258581532,2.3194711383064415
2025-06-13 16:00:00+00:00,9748.829384516606,0.0045378613449842484,1.222421243539753,0.0,0.3333232447653997,1.5132851900552693e-05,0.3333232447653997,0.3333232447653997,1.5132851900552693e-05,1.222421243539753,3.5418923818461945
2025-06-13 18:00:00+00:00,9769.079331712233,0.0020771670522605925,0.558161856280607,0.0,0.3333232447653997,1.5132851900552693e-05,0.3333232447653997,0.3333232447653997,1.5132851900552693e-05,0.558161856280607,4.100054238126802
2025-06-13 20:00:00+00:00,9750.62261662358,-0.0018892993353774648,-0.4758456482602884,0.0,0.3333232447653997,1.5132851900552693e-05,0.3333232447653997,0.3333232447653997,1.5132851900552693e-05,-0.4758456482602884,3.6242085898665133
2025-06-13 22:00:00+00:00,9809.0711709336,0.005994340731675204,1.6116673341466061,0.0,0.3333232447653997,1.5132851900552693e-05,0.3333232447653997,0.3333232447653997,1.5132851900552693e-05,1.6116673341466061,5.235875924013119
2025-06-14 00:00:00+00:00,9868.952074741637,0.006104645665685273,1.6207249326302753,0.0,0.3333232447653997,1.5132851900552693e-05,0.3333232447653997,0.3333232447653997,1.5132851900552693e-05,1.6207249326302753,6.856600856643395
2025-06-14 02:00:00+00:00,9806.658603561647,-0.006312065425813814,-1.6109342854307565,0.0,0.3333232447653997,1.5132851900552693e-05,0.3333232447653997,0.3333232447653997,1.5132851900552693e-05,-1.6109342854307565,5.245666571212638
2025-06-14 04:00:00+00:00,9807.69471318585,0.00010565368553026642,0.037198531756096484,0.0,0.3333232447653997,1.5132851900552693e-05,0.3333232447653997,0.3333232447653997,1.5132851900552693e-05,0.037198531756096484,5.282865102968734
2025-06-14 06:00:00+00:00,9814.486864522067,0.0006925329075634079,0.18909672221124524,0.9999016390388351,2.2698419121291684e-05,0.499965952371318,2.2698419121291684e-05,2.2698419121291684e-05,0.499965952371318,0.18909672221124524,5.47196182517998
2025-06-14 08:00:00+00:00,9786.05202109384,-0.0028972317983343952,-0.7355720723813605,0.0,2.2698419121291684e-05,0.499965952371318,2.2698419121291684e-05,2.2698419121291684e-05,0.499965952371318,-0.7355720723813605,4.736389752798619
2025-06-14 10:00:00+00:00,9758.091664378302,-0.0028571641204509887,-0.723456089130354,0.0,2.2698419121291684e-05,0.499965952371318,2.2698419121291684e-05,2.2698419121291684e-05,0.499965952371318,-0.723456089130354,4.012933663668265
2025-06-14 12:00:00+00:00,9788.083987457025,0.003073584888345519,0.8194384627019624,0.0,2.2698419121291684e-05,0.499965952371318,2.2698419121291684e-05,2.2698419121291684e-05,0.499965952371318,0.8194384627019624,4.8323721263702275
2025-06-14 14:00:00+00:00,9780.738829321786,-0.0007504183806198254,-0.18355531806969805,0.0,2.2698419121291684e-05,0.499965952371318,2.2698419121291684e-05,2.2698419121291684e-05,0.499965952371318,-0.18355531806969805,4.64881680830053
2025-06-14 16:00:00+00:00,9751.236972178822,-0.0030163219423179105,-0.7671158879661858,0.0,2.2698419121291684e-05,0.499965952371318,2.2698419121291684e-05,2.2698419121291684e-05,0.499965952371318,-0.7671158879661858,3.8817009203343438
2025-06-14 18:00:00+00:00,9735.909129628306,-0.0015718869917989151,-0.39429977745211336,0.0,2.2698419121291684e-05,0.499965952371318,2.2698419121291684e-05,2.2698419121291684e-05,0.499965952371318,-0.39429977745211336,3.4874011428822302
2025-06-14 20:00:00+00:00,9728.174289618892,-0.0007944650988859675,-0.19266005672200842,0.0,2.2698419121291684e-05,0.499965952371318,2.2698419121291684e-05,2.2698419121291684e-05,0.499965952371318,-0.19266005672200842,3.2947410861602218
2025-06-14 22:00:00+00:00,9767.844772644457,0.004077896000269829,1.1002893492940393,0.0,2.2698419121291684e-05,0.499965952371318,2.2698419121291684e-05,2.2698419121291684e-05,0.499965952371318,1.1002893492940393,4.395030435454261
2025-06-15 00:00:00+00:00,9773.293099932265,0.0005577819278073231,0.15839888972975555,0.0,2.2698419121291684e-05,0.499965952371318,2.2698419121291684e-05,2.2698419121291684e-05,0.499965952371318,0.15839888972975555,4.553429325184017
2025-06-15 02:00:00+00:00,9782.603495393383,0.0009526364722635264,0.26245242949215963,0.8344415218707867,0.3249540911519927,0.08217252782639319,0.2615007478895728,0.24805477808658508,0.08331785504545615,0.26245242949215963,4.815881754676177
2025-06-15 04:00:00+00:00,9805.955357675208,0.0023870805244043136,0.6432937390084423,0.1654601171680484,0.3333232447653997,1.5132851900552693e-05,0.3333232447653997,0.3333232447653997,1.5132851900552693e-05,0.6432937390084423,5.459175493684619
2025-06-15 06:00:00+00:00,9850.869873035928,0.00458033039336287,1.2295527392691712,0.0,0.3333232447653997,1.5132851900552693e-05,0.3333232447653997,0.3333232447653997,1.5132851900552693e-05,1.2295527392691712,6.68872823295379
2025-06-15 08:00:00+00:00,9800.168414797034,-0.005146901633294042,-1.3356809092072426,0.0,0.3333232447653997,1.5132851900552693e-05,0.3333232447653997,0.3333232447653997,1.5132851900552693e-05,-1.3356809092072426,5.353047323746547
2025-06-15 10:00:00+00:00,9753.14438138582,-0.004798288296782068,-1.234724271476279,0.0,0.3333232447653997,1.5132851900552693e-05,0.3333232447653997,0.3333232447653997,1.5132851900552693e-05,-1.234724271476279,4.118323052270268
2025-06-15 12:00:00+00:00,9775.904138047086,0.002333581434998867,0.6296111490666029,0.0,0.3333232447653997,1.5132851900552693e-05,0.3333232447653997,0.3333232447653997,1.5132851900552693e-05,0.6296111490666029,4.7479342013368715
2025-06-15 14:00:00+00:00,9831.470300262792,0.0056839921332132014,1.528924471644733,0.0,0.3333232447653997,1.5132851900552693e-05,0.3333232447653997,0.3333232447653997,1.5132851900552693e-05,1.528924471644733,6.2768586729816045
2025-06-15 16:00:00+00:00,9821.783702357996,-0.0009852644222031071,-0.24997609658587358,0.0,0.3333232447653997,1.5132851900552693e-05,0.3333232447653997,0.3333232447653997,1.5132851900552693e-05,-0.24997609658587358,6.026882576395731
2025-06-15 18:00:00+00:00,9827.572133695598,0.0005893462443296605,0.1628239441797352,0.0,0.3333232447653997,1.5132851900552693e-05,0.3333232447653997,0.3333232447653997,1.5132851900552693e-05,0.1628239441797352,6.1897065205754656
2025-06-15 20:00:00+00:00,9806.396244087513,-0.002154742729944479,-0.5565953289931219,0.0,0.3333232447653997,1.5132851900552693e-05,0.3333232447653997,0.3333232447653997,1.5132851900552693e-05,-0.5565953289931219,5.633111191582343
2025-06-15 22:00:00+00:00,9761.05524071788,-0.0046236152650847824,-1.1957879590809992,0.0,0.3333232447653997,1.5132851900552693e-05,0.3333232447653997,0.3333232447653997,1.5132851900552693e-05,-1.1957879590809992,4.437323232501344
2025-06-16 00:00:00+00:00,9831.379201497066,0.007204544902669209,1.9516281765087355,0.0,0.3333232447653997,1.5132851900552693e-05,0.3333232447653997,0.3333232447653997,1.5132851900552693e-05,1.9516281765087355,6.38895140901008
2025-06-16 02:00:00+00:00,9863.03399357272,0.003219771247439472,0.8538848025657723,0.0,0.3333232447653997,1.5132851900552693e-05,0.3333232447653997,0.3333232447653997,1.5132851900552693e-05,0.8538848025657723,7.242836211575852
2025-06-16 04:00:00+00:00,9867.564011522203,0.0004592925414669173,0.1252136482296878,0.0,0.3333232447653997,1.5132851900552693e-05,0.3333232447653997,0.3333232447653997,1.5132851900552693e-05,0.1252136482296878,7.36804985980554
2025-06-16 06:00:00+00:00,9929.814150109347,0.006308561922117345,1.671655985954738,0.0,0.3333232447653997,1.5132851900552693e-05,0.3333232447653997,0.3333232447653997,1.5132851900552693e-05,1.671655985954738,9.039705845760277
2025-06-16 08:00:00+00:00,9963.05240145848,0.00334731857481626,0.8747183014008553,0.0,0.3333232447653997,1.5132851900552693e-05,0.3333232447653997,0.3333232447653997,1.5132851900552693e-05,0.8747183014008553,9.914424147161133
2025-06-16 10:00:00+00:00,9945.977055355756,-0.001713866937026761,-0.44964149739547,0.0,0.3333232447653997,1.5132851900552693e-05,0.3333232447653997,0.3333232447653997,1.5132851900552693e-05,-0.44964149739547,9.464782649765663
2025-06-16 12:00:00+00:00,9934.142470778563,-0.0011898865753788084,-0.3119916821552666,0.0,0.3333232447653997,1.5132851900552693e-05,0.3333232447653997,0.3333232447653997,1.5132851900552693e-05,-0.3119916821552666,9.152790967610397
2025-06-16 14:00:00+00:00,9985.021589881668,0.005121641777613736,1.344162380742106,0.0,0.3333232447653997,1.5132851900552693e-05,0.3333232447653997,0.3333232447653997,1.5132851900552693e-05,1.344162380742106,10.496953348352502
2025-06-16 16:00:00+00:00,9997.866476906642,0.0012864155484642922,0.33332853469133106,0.0,0.3333232447653997,1.5132851900552693e-05,0.3333232447653997,0.3333232447653997,1.5132851900552693e-05,0.33332853469133106,10.830281883043833
2025-06-16 18:00:00+00:00,10002.872148769153,0.0005006740062065351,0.12736793261501897,0.0,0.3333232447653997,1.5132851900552693e-05,0.3333232447653997,0.3333232447653997,1.5132851900552693e-05,0.12736793261501897,10.957649815658852
2025-06-16 20:00:00+00:00,10076.770465032823,0.007387709766215785,1.9229449929554938,0.0,0.3333232447653997,1.5132851900552693e-05,0.3333232447653997,0.3333232447653997,1.5132851900552693e-05,1.9229449929554938,12.880594808614346
2025-06-16 22:00:00+00:00,10063.240614711334,-0.0013426772365649426,-0.3610295771607775,0.0,0.3333232447653997,1.5132851900552693e-05,0.3333232447653997,0.3333232447653997,1.5132851900552693e-05,-0.3610295771607775,12.519565231453567
2025-06-17 00:00:00+00:00,9895.796872866284,-0.0166391471948179,-4.519845233450572,0.0,0.3333232447653997,1.5132851900552693e-05,0.3333232447653997,0.3333232447653997,1.5132851900552693e-05,-4.519845233450572,7.999719998002996
2025-06-17 02:00:00+00:00,9940.338089014329,0.004501023689176102,1.134816035537523,0.0,0.3333232447653997,1.5132851900552693e-05,0.3333232447653997,0.3333232447653997,1.5132851900552693e-05,1.134816035537523,9.134536033540519
2025-06-17 04:00:00+00:00,9967.724852236326,0.002755113857974609,0.690169417506223,0.0,0.3333232447653997,1.5132851900552693e-05,0.3333232447653997,0.3333232447653997,1.5132851900552693e-05,0.690169417506223,9.824705451046741
2025-06-17 06:00:00+00:00,9918.094038592839,-0.004979151649872362,-1.2541574273725655,0.0,0.3333232447653997,1.5132851900552693e-05,0.3333232447653997,0.3333232447653997,1.5132851900552693e-05,-1.2541574273725655,8.570548023674176
2025-06-17 08:00:00+00:00,9919.959656873252,0.0001881024996491034,0.04839054593759908,0.0,0.3333232447653997,1.5132851900552693e-05,0.3333232447653997,0.3333232447653997,1.5132851900552693e-05,0.04839054593759908,8.618938569611775
2025-06-17 10:00:00+00:00,9885.027211991,-0.0035214301358623863,-0.8825268169083087,0.0,0.3333232447653997,1.5132851900552693e-05,0.3333232447653997,0.3333232447653997,1.5132851900552693e-05,-0.8825268169083087,7.736411752703466
2025-06-17 12:00:00+00:00,9814.833741624261,-0.00710098908798064,-1.7707888222583994,0.0,0.3333232447653997,1.5132851900552693e-05,0.3333232447653997,0.3333232447653997,1.5132851900552693e-05,-1.7707888222583994,5.9656229304450665
2025-06-17 14:00:00+00:00,9810.907104600064,-0.00040007168002690203,-0.09221397430681287,0.0,0.3333232447653997,1.5132851900552693e-05,0.3333232447653997,0.3333232447653997,1.5132851900552693e-05,-0.09221397430681287,5.873408956138253
2025-06-17 16:00:00+00:00,9696.685159858593,-0.011642342907101547,-2.842613274808797,0.0,0.3333232447653997,1.5132851900552693e-05,0.3333232447653997,0.3333232447653997,1.5132851900552693e-05,-2.842613274808797,3.0307956813294563
2025-06-17 18:00:00+00:00,9627.513995489126,-0.007133485642682908,-1.6961689384791947,0.0,0.3333232447653997,1.5132851900552693e-05,0.3333232447653997,0.3333232447653997,1.5132851900552693e-05,-1.6961689384791947,1.3346267428502616
2025-06-17 20:00:00+00:00,9748.706879363544,0.0125881804930329,3.289121148778226,0.0,0.3333232447653997,1.5132851900552693e-05,0.3333232447653997,0.3333232447653997,1.5132851900552693e-05,3.289121148778226,4.623747891628487
2025-06-17 22:00:00+00:00,9725.64395794373,-0.0023657416009331216,-0.5527729202425485,0.0,0.3333232447653997,1.5132851900552693e-05,0.3333232447653997,0.3333232447653997,1.5132851900552693e-05,-0.5527729202425485,4.0709749713859384
2025-06-18 00:00:00+00:00,9720.140290071951,-0.0005658923867230381,-0.1232451949685739,0.0,0.3333232447653997,1.5132851900552693e-05,0.3333232447653997,0.3333232447653997,1.5132851900552693e-05,-0.1232451949685739,3.9477297764173644
2025-06-18 02:00:00+00:00,9769.30313247949,0.0050578325971028714,1.2504959276295307,0.0,0.3333232447653997,1.5132851900552693e-05,0.3333232447653997,0.3333232447653997,1.5132851900552693e-05,1.2504959276295307,5.198225704046895
2025-06-18 04:00:00+00:00,9799.547740052607,0.003095881780202206,0.759798852039744,0.0,0.3333232447653997,1.5132851900552693e-05,0.3333232447653997,0.3333232447653997,1.5132851900552693e-05,0.759798852039744,5.958024556086639
2025-06-18 06:00:00+00:00,9812.568394793007,0.0013286995569378617,0.32851544508107705,0.0,0.3333232447653997,1.5132851900552693e-05,0.3333232447653997,0.3333232447653997,1.5132851900552693e-05,0.32851544508107705,6.286540001167716
2025-06-18 08:00:00+00:00,9805.701861744508,-0.0006997691911264395,-0.1616664745175251,0.9999016390388351,2.2698419121291684e-05,0.499965952371318,2.2698419121291684e-05,2.2698419121291684e-05,0.499965952371318,-0.1616664745175251,6.124873526650191
2025-06-18 10:00:00+00:00,9793.178942958924,-0.0012771058066165287,-0.30082471462349636,0.0,2.2698419121291684e-05,0.499965952371318,2.2698419121291684e-05,2.2698419121291684e-05,0.499965952371318,-0.30082471462349636,5.824048812026694
2025-06-18 12:00:00+00:00,9778.313831996653,-0.0015179045587601042,-0.3587787607657595,0.9999016390388351,0.3333232447653997,1.5132851900552693e-05,0.3333232447653997,0.3333232447653997,1.5132851900552693e-05,-0.3587787607657595,5.4652700512609345
2025-06-18 14:00:00+00:00,9741.542199336674,-0.0037605289921923933,-0.8972358095151214,0.0,0.3333232447653997,1.5132851900552693e-05,0.3333232447653997,0.3333232447653997,1.5132851900552693e-05,-0.8972358095151214,4.5680342417458135
2025-06-18 16:00:00+00:00,9777.291356814603,0.0036697636520388794,0.912650032625619,0.0,0.3333232447653997,1.5132851900552693e-05,0.3333232447653997,0.3333232447653997,1.5132851900552693e-05,0.912650032625619,5.480684274371432
2025-06-18 18:00:00+00:00,9753.54368301359,-0.0024288601959746984,-0.5786226818549063,0.0,0.3333232447653997,1.5132851900552693e-05,0.3333232447653997,0.3333232447653997,1.5132851900552693e-05,-0.5786226818549063,4.902061592516526
2025-06-18 20:00:00+00:00,9709.311034929922,-0.004535033575612294,-1.0818293057564903,0.0,0.3333232447653997,1.5132851900552693e-05,0.3333232447653997,0.3333232447653997,1.5132851900552693e-05,-1.0818293057564903,3.820232286760036
2025-06-18 22:00:00+00:00,9812.06457147812,0.010582989480771207,2.6787888929982815,0.0,0.3333232447653997,1.5132851900552693e-05,0.3333232447653997,0.3333232447653997,1.5132851900552693e-05,2.6787888929982815,6.4990211797583175
2025-06-19 00:00:00+00:00,9802.018395615713,-0.0010238595342727964,-0.23885483778654176,0.0,0.3333232447653997,1.5132851900552693e-05,0.3333232447653997,0.3333232447653997,1.5132851900552693e-05,-0.23885483778654176,6.260166341971776
2025-06-19 02:00:00+00:00,9764.149038363426,-0.003863424421772655,-0.9164212290343683,0.0,0.3333232447653997,1.5132851900552693e-05,0.3333232447653997,0.3333232447653997,1.5132851900552693e-05,-0.9164212290343683,5.343745112937408
2025-06-19 04:00:00+00:00,9815.188899131634,0.005227271784532447,1.283093268120137,0.0,0.3333232447653997,1.5132851900552693e-05,0.3333232447653997,0.3333232447653997,1.5132851900552693e-05,1.283093268120137,6.626838381057545
2025-06-19 06:00:00+00:00,9812.058878405933,-0.000318895617584825,-0.07037267888349412,0.0,0.3333232447653997,1.5132851900552693e-05,0.3333232447653997,0.3333232447653997,1.5132851900552693e-05,-0.07037267888349412,6.556465702174051
2025-06-19 08:00:00+00:00,9790.190637983134,-0.0022287106807853253,-0.528789092958103,0.0,0.3333232447653997,1.5132851900552693e-05,0.3333232447653997,0.3333232447653997,1.5132851900552693e-05,-0.528789092958103,6.0276766092159475
2025-06-19 10:00:00+00:00,9815.267230527264,0.0025613998206368005,0.6291056856351291,0.0,0.3333232447653997,1.5132851900552693e-05,0.3333232447653997,0.3333232447653997,1.5132851900552693e-05,0.6291056856351291,6.656782294851077
2025-06-19 12:00:00+00:00,9802.297589946831,-0.001321374169018581,-0.3126732005811796,0.0,0.3333232447653997,1.5132851900552693e-05,0.3333232447653997,0.3333232447653997,1.5132851900552693e-05,-0.3126732005811796,6.344109094269897
2025-06-19 14:00:00+00:00,9756.69653130053,-0.004652078579318879,-1.1115628259717611,0.0,0.3333232447653997,1.5132851900552693e-05,0.3333232447653997,0.3333232447653997,1.5132851900552693e-05,-1.1115628259717611,5.232546268298136
2025-06-19 16:00:00+00:00,9741.244601545199,-0.0015837255679480053,-0.37247129294189785,0.0,0.3333232447653997,1.5132851900552693e-05,0.3333232447653997,0.3333232447653997,1.5132851900552693e-05,-0.37247129294189785,4.860074975356238
2025-06-19 18:00:00+00:00,9771.79028154507,0.003135706087805948,0.778134261303479,0.0,0.3333232447653997,1.5132851900552693e-05,0.3333232447653997,0.3333232447653997,1.5132851900552693e-05,0.778134261303479,5.6382092366597165
2025-06-19 20:00:00+00:00,9777.267900860328,0.0005605543260176032,0.14508490997382925,0.0,0.3333232447653997,1.5132851900552693e-05,0.3333232447653997,0.3333232447653997,1.5132851900552693e-05,0.14508490997382925,5.783294146633546
2025-06-19 22:00:00+00:00,9773.568490368712,-0.00037836853087463323,-0.08373490739863143,0.0,0.3333232447653997,1.5132851900552693e-05,0.3333232447653997,0.3333232447653997,1.5132851900552693e-05,-0.08373490739863143,5.699559239234914
2025-06-20 00:00:00+00:00,9795.572994709966,0.002251429901262543,0.5609125932439643,0.0,0.3333232447653997,1.5132851900552693e-05,0.3333232447653997,0.3333232447653997,1.5132851900552693e-05,0.5609125932439643,6.260471832478879
2025-06-20 02:00:00+00:00,9796.468332792507,9.140231847846768e-05,0.029517283127709893,0.0,0.3333232447653997,1.5132851900552693e-05,0.3333232447653997,0.3333232447653997,1.5132851900552693e-05,0.029517283127709893,6.289989115606589
2025-06-20 04:00:00+00:00,9793.702053330428,-0.00028237517522706156,-0.06211701632254194,0.0,0.3333232447653997,1.5132851900552693e-05,0.3333232447653997,0.3333232447653997,1.5132851900552693e-05,-0.06211701632254194,6.227872099284046
2025-06-20 06:00:00+00:00,9777.702672659287,-0.0016336397190783742,-0.3931509360686246,0.0,0.3333232447653997,1.5132851900552693e-05,0.3333232447653997,0.3333232447653997,1.5132851900552693e-05,-0.3931509360686246,5.834721163215422
2025-06-20 08:00:00+00:00,9863.79487902953,0.008804952375058286,2.2159577021397,0.0,0.3333232447653997,1.5132851900552693e-05,0.3333232447653997,0.3333232447653997,1.5132851900552693e-05,2.2159577021397,8.050678865355122
2025-06-20 10:00:00+00:00,9867.465526549473,0.0003721333994631858,0.09356276282813057,0.0,0.3333232447653997,1.5132851900552693e-05,0.3333232447653997,0.3333232447653997,1.5132851900552693e-05,0.09356276282813057,8.144241628183252
2025-06-20 12:00:00+00:00,9872.950489198283,0.0005558633707968291,0.13852031425771313,0.0,0.3333232447653997,1.5132851900552693e-05,0.3333232447653997,0.3333232447653997,1.5132851900552693e-05,0.13852031425771313,8.282761942440965
2025-06-20 14:00:00+00:00,9857.444536494584,-0.0015705490188231625,-0.3826477290462264,0.0,0.3333232447653997,1.5132851900552693e-05,0.3333232447653997,0.3333232447653997,1.5132851900552693e-05,-0.3826477290462264,7.900114213394739
2025-06-20 16:00:00+00:00,9735.71351508266,-0.012349145963870054,-3.002970614991971,0.0,0.3333232447653997,1.5132851900552693e-05,0.3333232447653997,0.3333232447653997,1.5132851900552693e-05,-3.002970614991971,4.897143598402767
2025-06-20 18:00:00+00:00,9635.8938794791,-0.01025293476938484,-2.396563463428203,0.0,0.3333232447653997,1.5132851900552693e-05,0.3333232447653997,0.3333232447653997,1.5132851900552693e-05,-2.396563463428203,2.500580134974564
2025-06-20 20:00:00+00:00,9658.669846471115,0.0023636589689431968,0.584646377165243,0.0,0.3333232447653997,1.5132851900552693e-05,0.3333232447653997,0.3333232447653997,1.5132851900552693e-05,0.584646377165243,3.0852265121398075
2025-06-20 22:00:00+00:00,9667.403485124996,0.0009042278898344456,0.23134324345253168,0.0,0.3333232447653997,1.5132851900552693e-05,0.3333232447653997,0.3333232447653997,1.5132851900552693e-05,0.23134324345253168,3.3165697555923392
2025-06-21 00:00:00+00:00,9653.803732107332,-0.0014067637746361203,-0.3203747760681302,0.0,0.3333232447653997,1.5132851900552693e-05,0.3333232447653997,0.3333232447653997,1.5132851900552693e-05,-0.3203747760681302,2.996194979524209
2025-06-21 02:00:00+00:00,9700.53030145725,0.004840223672096335,1.1955581157091746,0.0,0.3333232447653997,1.5132851900552693e-05,0.3333232447653997,0.3333232447653997,1.5132851900552693e-05,1.1955581157091746,4.191753095233383
2025-06-21 04:00:00+00:00,9697.851768148472,-0.00027612235883395215,-0.05386090502104425,0.0,0.3333232447653997,1.5132851900552693e-05,0.3333232447653997,0.3333232447653997,1.5132851900552693e-05,-0.05386090502104425,4.137892190212339
2025-06-21 06:00:00+00:00,9698.281351594675,4.429676349693794e-05,0.022939919518653006,0.0,0.3333232447653997,1.5132851900552693e-05,0.3333232447653997,0.3333232447653997,1.5132851900552693e-05,0.022939919518653006,4.160832109730992
2025-06-21 08:00:00+00:00,9672.8518090422,-0.0026220669034615197,-0.6136134756101883,0.0,0.3333232447653997,1.5132851900552693e-05,0.3333232447653997,0.3333232447653997,1.5132851900552693e-05,-0.6136134756101883,3.547218634120804
2025-06-21 10:00:00+00:00,9682.283276523716,0.0009750451746504859,0.24950645293424442,0.0,0.3333232447653997,1.5132851900552693e-05,0.3333232447653997,0.3333232447653997,1.5132851900552693e-05,0.24950645293424442,3.7967250870550484
2025-06-21 12:00:00+00:00,9688.398878777567,0.000631628106634553,0.16601878704574072,0.0,0.3333232447653997,1.5132851900552693e-05,0.3333232447653997,0.3333232447653997,1.5132851900552693e-05,0.16601878704574072,3.962743874100789
2025-06-21 14:00:00+00:00,9630.020634852128,-0.0060255822098031955,-1.4189193832214204,0.0,0.3333232447653997,1.5132851900552693e-05,0.3333232447653997,0.3333232447653997,1.5132851900552693e-05,-1.4189193832214204,2.543824490879369
2025-06-21 16:00:00+00:00,9633.9164501793,0.0004045490113565165,0.1141749999644354,0.0,0.3333232447653997,1.5132851900552693e-05,0.3333232447653997,0.3333232447653997,1.5132851900552693e-05,0.1141749999644354,2.6579994908438045
2025-06-21 18:00:00+00:00,9575.239096517058,-0.0060907060971188785,-1.424138929657714,0.0,0.3333232447653997,1.5132851900552693e-05,0.3333232447653997,0.3333232447653997,1.5132851900552693e-05,-1.424138929657714,1.2338605611860904
2025-06-21 20:00:00+00:00,9494.198799410882,-0.008463527259142253,-1.9439676714306697,0.0,0.3333232447653997,1.5132851900552693e-05,0.3333232447653997,0.3333232447653997,1.5132851900552693e-05,-1.9439676714306697,-0.7101071102445793
2025-06-21 22:00:00+00:00,9373.298094492691,-0.012734166144245076,-2.8057127043330023,0.0,0.3333232447653997,1.5132851900552693e-05,0.3333232447653997,0.3333232447653997,1.5132851900552693e-05,-2.8057127043330023,-3.515819814577582
2025-06-22 00:00:00+00:00,9449.449047203214,0.008124243136496874,2.0605729876335346,0.0,0.3333232447653997,1.5132851900552693e-05,0.3333232447653997,0.3333232447653997,1.5132851900552693e-05,2.0605729876335346,-1.4552468269440473
2025-06-22 02:00:00+00:00,9452.610570473049,0.00033457223315802923,0.10460367375173334,0.0,0.3333232447653997,1.5132851900552693e-05,0.3333232447653997,0.3333232447653997,1.5132851900552693e-05,0.10460367375173334,-1.350643153192314
2025-06-22 04:00:00+00:00,9448.587544268712,-0.000425599486442722,-0.07354839317708436,0.9998978911950838,2.5542616841325912e-05,0.4999640784494424,2.2698334045370153e-05,2.3602150228516566e-05,0.4999640784494424,-0.07354839317708436,-1.4241915463693984
2025-06-22 06:00:00+00:00,9499.053488131569,0.005341109835349773,1.3220348394014658,3.747928827207289e-06,2.2698419121291684e-05,0.499965952371318,2.2698419121291684e-05,2.2698419121291684e-05,0.499965952371318,1.3220348394014658,-0.10215670696793255
2025-06-22 08:00:00+00:00,9461.535791542994,-0.003949624732132557,-0.8836448077377819,0.0,2.2698419121291684e-05,0.499965952371318,2.2698419121291684e-05,2.2698419121291684e-05,0.499965952371318,-0.8836448077377819,-0.9858015147057144
2025-06-22 10:00:00+00:00,9401.65814298316,-0.006328533747486806,-1.405210652250748,0.0,2.2698419121291684e-05,0.499965952371318,2.2698419121291684e-05,2.2698419121291684e-05,0.499965952371318,-1.405210652250748,-2.3910121669564623
2025-06-22 12:00:00+00:00,9466.76190441078,0.006924710560360827,1.7249868672910074,0.0,2.2698419121291684e-05,0.499965952371318,2.2698419121291684e-05,2.2698419121291684e-05,0.499965952371318,1.7249868672910074,-0.666025299665455
2025-06-22 14:00:00+00:00,9314.595031724459,-0.0160738037169207,-3.38296504396454,0.0,2.2698419121291684e-05,0.499965952371318,2.2698419121291684e-05,2.2698419121291684e-05,0.499965952371318,-3.38296504396454,-4.048990343629995
2025-06-22 16:00:00+00:00,9261.598298246003,-0.005689644401925702,-1.2023987165316776,0.0,2.2698419121291684e-05,0.499965952371318,2.2698419121291684e-05,2.2698419121291684e-05,0.499965952371318,-1.2023987165316776,-5.251389060161673
2025-06-22 18:00:00+00:00,9298.585881746787,0.0039936501573157,0.9681597784039144,0.0,2.2698419121291684e-05,0.499965952371318,2.2698419121291684e-05,2.2698419121291684e-05,0.499965952371318,0.9681597784039144,-4.283229281757758
2025-06-22 20:00:00+00:00,9280.597792110539,-0.0019344973380907983,-0.3982361015193737,0.0,2.2698419121291684e-05,0.499965952371318,2.2698419121291684e-05,2.2698419121291684e-05,0.499965952371318,-0.3982361015193737,-4.681465383277132
2025-06-22 22:00:00+00:00,9295.397091507712,0.0015946493672805038,0.40018147625962047,0.9999016390388351,0.3333232447653997,1.5132851900552693e-05,0.3333232447653997,0.3333232447653997,1.5132851900552693e-05,0.40018147625962047,-4.281283907017512
2025-06-23 00:00:00+00:00,9399.059132043025,0.011151975490107623,2.7765624563956326,0.9999016390388351,2.2698419121291684e-05,0.499965952371318,2.2698419121291684e-05,2.2698419121291684e-05,0.499965952371318,2.7765624563956326,-1.5047214506218793
2025-06-23 02:00:00+00:00,9437.897863226723,0.004132193514060254,0.9726788326710344,0.0,2.2698419121291684e-05,0.499965952371318,2.2698419121291684e-05,2.2698419121291684e-05,0.499965952371318,0.9726788326710344,-0.532042617950845
2025-06-23 04:00:00+00:00,9413.86211045422,-0.002546727366711057,-0.5380036971794564,0.0,2.2698419121291684e-05,0.499965952371318,2.2698419121291684e-05,2.2698419121291684e-05,0.499965952371318,-0.5380036971794564,-1.0700463151303015
2025-06-23 06:00:00+00:00,9438.529553748562,0.002620331911060071,0.6208358767545781,0.0,2.2698419121291684e-05,0.499965952371318,2.2698419121291684e-05,2.2698419121291684e-05,0.499965952371318,0.6208358767545781,-0.4492104383757234
2025-06-23 08:00:00+00:00,9464.768835099436,0.002780017925615563,0.6563018988790921,0.0,2.2698419121291684e-05,0.499965952371318,2.2698419121291684e-05,2.2698419121291684e-05,0.499965952371318,0.6563018988790921,0.20709146050336869
2025-06-23 10:00:00+00:00,9450.39597065058,-0.0015185647636269553,-0.3165868903643993,0.0,2.2698419121291684e-05,0.499965952371318,2.2698419121291684e-05,2.2698419121291684e-05,0.499965952371318,-0.3165868903643993,-0.10949542986103061
2025-06-23 12:00:00+00:00,9453.268046212606,0.00030391060553933505,0.09122829769565488,0.0,2.2698419121291684e-05,0.499965952371318,2.2698419121291684e-05,2.2698419121291684e-05,0.499965952371318,0.09122829769565488,-0.018267132165375732
2025-06-23 14:00:00+00:00,9541.179898358905,0.009299625454026903,2.2194945356207065,0.0,2.2698419121291684e-05,0.499965952371318,2.2698419121291684e-05,2.2698419121291684e-05,0.499965952371318,2.2194945356207065,2.2012274034553307
2025-06-23 16:00:00+00:00,9443.993974339486,-0.010185943987507735,-2.172002324767728,0.0,2.2698419121291684e-05,0.499965952371318,2.2698419121291684e-05,2.2698419121291684e-05,0.499965952371318,-2.172002324767728,0.029225078687602934
2025-06-23 18:00:00+00:00,9498.912196592246,0.005815147955619254,1.3471849500443134,0.0,2.2698419121291684e-05,0.499965952371318,2.2698419121291684e-05,2.2698419121291684e-05,0.499965952371318,1.3471849500443134,1.3764100287319163
2025-06-23 20:00:00+00:00,9578.442575798543,0.008372577571022253,1.9334965085071865,0.0,2.2698419121291684e-05,0.499965952371318,2.2698419121291684e-05,2.2698419121291684e-05,0.499965952371318,1.9334965085071865,3.3099065372391028
2025-06-23 22:00:00+00:00,9637.230814344513,0.006137557132148875,1.3864515343050916,0.0,2.2698419121291684e-05,0.499965952371318,2.2698419121291684e-05,2.2698419121291684e-05,0.499965952371318,1.3864515343050916,4.696358071544195
2025-06-24 00:00:00+00:00,9782.335391919743,0.015056667249190435,3.421979858425913,0.0,2.2698419121291684e-05,0.499965952371318,2.2698419121291684e-05,2.2698419121291684e-05,0.499965952371318,3.421979858425913,8.118337929970107
2025-06-24 02:00:00+00:00,9786.898540048694,0.0004664681741253725,0.10197125471085021,0.0,2.2698419121291684e-05,0.499965952371318,2.2698419121291684e-05,2.2698419121291684e-05,0.499965952371318,0.10197125471085021,8.220309184680957
2025-06-24 04:00:00+00:00,9753.819429187903,-0.00337993805958353,-0.720306940519778,0.44739296690846897,0.1774622830480654,0.2734494092987227,0.13084368837389634,0.1391550907438711,0.2790895285354444,-0.720306940519778,7.500002244161179
2025-06-24 06:00:00+00:00,9805.779043955665,0.005327104437906163,1.1506910545691011,0.552508672130366,0.3333232447653997,1.5132851900552693e-05,0.3333232447653997,0.3333232447653997,1.5132851900552693e-05,1.1506910545691011,8.65069329873028
2025-06-24 08:00:00+00:00,9746.136176392054,-0.006082420101070296,-1.2997634865884724,0.0,0.3333232447653997,1.5132851900552693e-05,0.3333232447653997,0.3333232447653997,1.5132851900552693e-05,-1.2997634865884724,7.350929812141808
2025-06-24 10:00:00+00:00,9761.071680934521,0.001532453915290462,0.33234820009823934,0.0,0.3333232447653997,1.5132851900552693e-05,0.3333232447653997,0.3333232447653997,1.5132851900552693e-05,0.33234820009823934,7.683278012240047
2025-06-24 12:00:00+00:00,9747.797561561256,-0.0013599038924376314,-0.2876574629496746,0.0,0.3333232447653997,1.5132851900552693e-05,0.3333232447653997,0.3333232447653997,1.5132851900552693e-05,-0.2876574629496746,7.395620549290372
2025-06-24 14:00:00+00:00,9745.358363431747,-0.00025023069202087994,-0.04957773821045617,0.0,0.3333232447653997,1.5132851900552693e-05,0.3333232447653997,0.3333232447653997,1.5132851900552693e-05,-0.04957773821045617,7.346042811079916
2025-06-24 16:00:00+00:00,9758.387579708433,0.0013369663578072773,0.2924796658107358,0.0,0.3333232447653997,1.5132851900552693e-05,0.3333232447653997,0.3333232447653997,1.5132851900552693e-05,0.2924796658107358,7.6385224768906514
2025-06-24 18:00:00+00:00,9813.51466364788,0.005649200084456312,1.2278416340889102,0.0,0.3333232447653997,1.5132851900552693e-05,0.3333232447653997,0.3333232447653997,1.5132851900552693e-05,1.2278416340889102,8.866364110979562
2025-06-24 20:00:00+00:00,9788.857100027988,-0.002512612908322427,-0.540882382417394,0.0,0.3333232447653997,1.5132851900552693e-05,0.3333232447653997,0.3333232447653997,1.5132851900552693e-05,-0.540882382417394,8.325481728562169
2025-06-24 22:00:00+00:00,9828.801349672514,0.004080583589723853,0.884239765600133,0.0,0.3333232447653997,1.5132851900552693e-05,0.3333232447653997,0.3333232447653997,1.5132851900552693e-05,0.884239765600133,9.209721494162302
2025-06-25 00:00:00+00:00,9822.56213460969,-0.0006347890084310288,-0.13751209630183728,0.0,0.3333232447653997,1.5132851900552693e-05,0.3333232447653997,0.3333232447653997,1.5132851900552693e-05,-0.13751209630183728,9.072209397860465
2025-06-25 02:00:00+00:00,9845.094436723388,0.0022939332737133503,0.4966966382812549,0.0,0.3333232447653997,1.5132851900552693e-05,0.3333232447653997,0.3333232447653997,1.5132851900552693e-05,0.4966966382812549,9.56890603614172
2025-06-25 04:00:00+00:00,9853.235578856398,0.0008269237217921193,0.17808504931761332,0.0,0.3333232447653997,1.5132851900552693e-05,0.3333232447653997,0.3333232447653997,1.5132851900552693e-05,0.17808504931761332,9.746991085459333
2025-06-25 06:00:00+00:00,9830.140356305981,-0.002343922700881775,-0.5119457990873952,0.0,0.3333232447653997,1.5132851900552693e-05,0.3333232447653997,0.3333232447653997,1.5132851900552693e-05,-0.5119457990873952,9.235045286371939
2025-06-25 08:00:00+00:00,9859.96907368567,0.003034414189269842,0.6605161777378007,0.0,0.3333232447653997,1.5132851900552693e-05,0.3333232447653997,0.3333232447653997,1.5132851900552693e-05,0.6605161777378007,9.89556146410974
2025-06-25 10:00:00+00:00,9828.665383927982,-0.003174826363424454,-0.69584778642103,0.0,0.3333232447653997,1.5132851900552693e-05,0.3333232447653997,0.3333232447653997,1.5132851900552693e-05,-0.69584778642103,9.19971367768871
2025-06-25 12:00:00+00:00,9860.501615664813,0.003239120520766746,0.7071385831702462,0.0,0.3333232447653997,1.5132851900552693e-05,0.3333232447653997,0.3333232447653997,1.5132851900552693e-05,0.7071385831702462,9.906852260858956
2025-06-25 14:00:00+00:00,9909.008708802414,0.004919333217342762,1.0715445733019222,0.0,0.3333232447653997,1.5132851900552693e-05,0.3333232447653997,0.3333232447653997,1.5132851900552693e-05,1.0715445733019222,10.978396834160879
2025-06-25 16:00:00+00:00,9819.07788542057,-0.009075662967372035,-2.0085228029873665,0.0,0.3333232447653997,1.5132851900552693e-05,0.3333232447653997,0.3333232447653997,1.5132851900552693e-05,-2.0085228029873665,8.969874031173513
2025-06-25 18:00:00+00:00,9857.694673273087,0.003932832421042002,0.854030329266658,0.0,0.3333232447653997,1.5132851900552693e-05,0.3333232447653997,0.3333232447653997,1.5132851900552693e-05,0.854030329266658,9.82390436044017
2025-06-25 20:00:00+00:00,9894.727416244552,0.0037567346320709133,0.812805198570835,0.0,0.3333232447653997,1.5132851900552693e-05,0.3333232447653997,0.3333232447653997,1.5132851900552693e-05,0.812805198570835,10.636709559011006
2025-06-25 22:00:00+00:00,9872.49295381356,-0.0022471020671563356,-0.4935190763718949,0.0,0.3333232447653997,1.5132851900552693e-05,0.3333232447653997,0.3333232447653997,1.5132851900552693e-05,-0.4935190763718949,10.143190482639111
2025-06-26 00:00:00+00:00,9868.239949393468,-0.00043079336090574253,-0.09661818771282742,0.0,0.3333232447653997,1.5132851900552693e-05,0.3333232447653997,0.3333232447653997,1.5132851900552693e-05,-0.09661818771282742,10.046572294926284
2025-06-26 02:00:00+00:00,9900.4406984769,0.0032630691236292335,0.708764971063767,0.0,0.3333232447653997,1.5132851900552693e-05,0.3333232447653997,0.3333232447653997,1.5132851900552693e-05,0.708764971063767,10.75533726599005
2025-06-26 04:00:00+00:00,9916.27310977172,0.0015991622774182577,0.3448523686636968,0.0,0.3333232447653997,1.5132851900552693e-05,0.3333232447653997,0.3333232447653997,1.5132851900552693e-05,0.3448523686636968,11.100189634653747
2025-06-26 06:00:00+00:00,9898.658830878934,-0.0017763002992957921,-0.3952010230337254,0.0,0.3333232447653997,1.5132851900552693e-05,0.3333232447653997,0.3333232447653997,1.5132851900552693e-05,-0.3952010230337254,10.70498861162002
2025-06-26 08:00:00+00:00,9922.394397438205,0.0023978568172515966,0.5212559307052181,0.0,0.3333232447653997,1.5132851900552693e-05,0.3333232447653997,0.3333232447653997,1.5132851900552693e-05,0.5212559307052181,11.226244542325238
2025-06-26 10:00:00+00:00,9888.101963607132,-0.0034560643789694687,-0.7690121648983388,0.0,0.3333232447653997,1.5132851900552693e-05,0.3333232447653997,0.3333232447653997,1.5132851900552693e-05,-0.7690121648983388,10.4572323774269
2025-06-26 12:00:00+00:00,9869.5030479022,-0.0018809389075259242,-0.4183783454214353,0.0,0.3333232447653997,1.5132851900552693e-05,0.3333232447653997,0.3333232447653997,1.5132851900552693e-05,-0.4183783454214353,10.038854032005464
2025-06-26 14:00:00+00:00,9818.459212091482,-0.005171874973134291,-1.1470380776013687,0.0,0.3333232447653997,1.5132851900552693e-05,0.3333232447653997,0.3333232447653997,1.5132851900552693e-05,-1.1470380776013687,8.891815954404095
2025-06-26 16:00:00+00:00,9865.970928183318,0.004839019551390039,1.0677934291443678,0.0,0.3333232447653997,1.5132851900552693e-05,0.3333232447653997,0.3333232447653997,1.5132851900552693e-05,1.0677934291443678,9.959609383548463
2025-06-26 18:00:00+00:00,9843.072130991217,-0.002320987701949083,-0.5145120423588063,0.0,0.3333232447653997,1.5132851900552693e-05,0.3333232447653997,0.3333232447653997,1.5132851900552693e-05,-0.5145120423588063,9.445097341189657
2025-06-26 20:00:00+00:00,9881.514485311498,0.003905523987703448,0.8607054219626168,0.0,0.3333232447653997,1.5132851900552693e-05,0.3333232447653997,0.3333232447653997,1.5132851900552693e-05,0.8607054219626168,10.305802763152274
2025-06-26 22:00:00+00:00,9848.966808782816,-0.0032937943446889753,-0.7327161601454468,0.0,0.3333232447653997,1.5132851900552693e-05,0.3333232447653997,0.3333232447653997,1.5132851900552693e-05,-0.7327161601454468,9.573086603006827
2025-06-27 00:00:00+00:00,9821.307357037376,-0.002808360743055217,-0.6231463479045758,0.0,0.3333232447653997,1.5132851900552693e-05,0.3333232447653997,0.3333232447653997,1.5132851900552693e-05,-0.6231463479045758,8.94994025510225
2025-06-27 02:00:00+00:00,9866.213583944713,0.004572326806894963,1.0135740249507055,0.0,0.3333232447653997,1.5132851900552693e-05,0.3333232447653997,0.3333232447653997,1.5132851900552693e-05,1.0135740249507055,9.963514280052955
2025-06-27 04:00:00+00:00,9898.522614486968,0.003274714282978155,0.7220495634892076,0.0,0.3333232447653997,1.5132851900552693e-05,0.3333232447653997,0.3333232447653997,1.5132851900552693e-05,0.7220495634892076,10.685563843542162
2025-06-27 06:00:00+00:00,9862.500092862938,-0.0036391816260852453,-0.8141137670291364,0.0,0.3333232447653997,1.5132851900552693e-05,0.3333232447653997,0.3333232447653997,1.5132851900552693e-05,-0.8141137670291364,9.871450076513026
2025-06-27 08:00:00+00:00,9841.294026366057,-0.002150171487676607,-0.47992432719042827,0.0,0.3333232447653997,1.5132851900552693e-05,0.3333232447653997,0.3333232447653997,1.5132851900552693e-05,-0.47992432719042827,9.391525749322598
2025-06-27 10:00:00+00:00,9850.392689613938,0.0009245393160192235,0.20475303998581876,0.0,0.3333232447653997,1.5132851900552693e-05,0.3333232447653997,0.3333232447653997,1.5132851900552693e-05,0.20475303998581876,9.596278789308418
2025-06-27 12:00:00+00:00,9844.028575865344,-0.0006460771615027401,-0.1454740810006748,0.0,0.3333232447653997,1.5132851900552693e-05,0.3333232447653997,0.3333232447653997,1.5132851900552693e-05,-0.1454740810006748,9.450804708307743
2025-06-27 14:00:00+00:00,9818.587902656483,-0.002584376204599313,-0.5790373339061947,0.0,0.3333232447653997,1.5132851900552693e-05,0.3333232447653997,0.3333232447653997,1.5132851900552693e-05,-0.5790373339061947,8.871767374401548
2025-06-27 16:00:00+00:00,9854.838908201473,0.0036920793401646296,0.8273835825387293,0.0,0.3333232447653997,1.5132851900552693e-05,0.3333232447653997,0.3333232447653997,1.5132851900552693e-05,0.8273835825387293,9.699150956940278
2025-06-27 18:00:00+00:00,9799.818059687615,-0.005583130178624051,-1.255273264644035,0.0,0.3333232447653997,1.5132851900552693e-05,0.3333232447653997,0.3333232447653997,1.5132851900552693e-05,-1.255273264644035,8.443877692296242
2025-06-27 20:00:00+00:00,9826.149087978922,0.0026868895045738307,0.6032660567244459,0.0,0.3333232447653997,1.5132851900552693e-05,0.3333232447653997,0.3333232447653997,1.5132851900552693e-05,0.6032660567244459,9.047143749020687
2025-06-27 22:00:00+00:00,9874.001907878752,0.004869946453221682,1.0914161863768288,0.0,0.3333232447653997,1.5132851900552693e-05,0.3333232447653997,0.3333232447653997,1.5132851900552693e-05,1.0914161863768288,10.138559935397517
2025-06-28 00:00:00+00:00,9863.851607736524,-0.001027982396289528,-0.23317849457813145,0.0,0.3333232447653997,1.5132851900552693e-05,0.3333232447653997,0.3333232447653997,1.5132851900552693e-05,-0.23317849457813145,9.905381440819385
2025-06-28 02:00:00+00:00,9873.192825322181,0.0009470152185106749,0.2103974953147522,0.0,0.3333232447653997,1.5132851900552693e-05,0.3333232447653997,0.3333232447653997,1.5132851900552693e-05,0.2103974953147522,10.115778936134136
2025-06-28 04:00:00+00:00,9880.012748352294,0.0006907515279778748,0.15273263715897217,0.9999016390388351,2.2698419121291684e-05,0.499965952371318,2.2698419121291684e-05,2.2698419121291684e-05,0.499965952371318,0.15273263715897217,10.26851157329311
2025-06-28 06:00:00+00:00,9882.604178280682,0.00026229014014391723,0.0561060945135998,0.0,2.2698419121291684e-05,0.499965952371318,2.2698419121291684e-05,2.2698419121291684e-05,0.499965952371318,0.0561060945135998,10.32461766780671
2025-06-28 08:00:00+00:00,9902.127461059134,0.001975520057896943,0.4430362507232704,0.0,2.2698419121291684e-05,0.499965952371318,2.2698419121291684e-05,2.2698419121291684e-05,0.499965952371318,0.4430362507232704,10.76765391852998
2025-06-28 10:00:00+00:00,9892.660629236465,-0.0009560401903426595,-0.22123359197419867,0.0,2.2698419121291684e-05,0.499965952371318,2.2698419121291684e-05,2.2698419121291684e-05,0.499965952371318,-0.22123359197419867,10.546420326555781
2025-06-28 12:00:00+00:00,9893.271761594753,6.17763391660663e-05,0.010271536683117359,0.0,2.2698419121291684e-05,0.499965952371318,2.2698419121291684e-05,2.2698419121291684e-05,0.499965952371318,0.010271536683117359,10.556691863238898
2025-06-28 14:00:00+00:00,9884.14239980069,-0.0009227849000876747,-0.21415211010310728,0.0,2.2698419121291684e-05,0.499965952371318,2.2698419121291684e-05,2.2698419121291684e-05,0.499965952371318,-0.21415211010310728,10.34253975313579
2025-06-28 16:00:00+00:00,9910.986647213382,0.0027158903956335696,0.6155996650772683,0.0,2.2698419121291684e-05,0.499965952371318,2.2698419121291684e-05,2.2698419121291684e-05,0.499965952371318,0.6155996650772683,10.958139418213058
2025-06-28 18:00:00+00:00,9942.422829790752,0.0031718519756262385,0.718064485146021,0.9999016390388351,0.3333232447653997,1.5132851900552693e-05,0.3333232447653997,0.3333232447653997,1.5132851900552693e-05,0.718064485146021,11.67620390335908
2025-06-28 20:00:00+00:00,9903.77511793638,-0.003887152308446507,-0.9019446470353075,0.0,0.3333232447653997,1.5132851900552693e-05,0.3333232447653997,0.3333232447653997,1.5132851900552693e-05,-0.9019446470353075,10.774259256323772
2025-06-28 22:00:00+00:00,9907.792283231154,0.0004056195992878572,0.08854492976429794,0.0,0.3333232447653997,1.5132851900552693e-05,0.3333232447653997,0.3333232447653997,1.5132851900552693e-05,0.08854492976429794,10.86280418608807
2025-06-29 00:00:00+00:00,9909.353891604042,0.00015761416148469187,0.03163199095884148,0.0,0.3333232447653997,1.5132851900552693e-05,0.3333232447653997,0.3333232447653997,1.5132851900552693e-05,0.03163199095884148,10.894436177046911
2025-06-29 02:00:00+00:00,9891.943287991622,-0.0017569867624941974,-0.4099027838194691,0.0,0.3333232447653997,1.5132851900552693e-05,0.3333232447653997,0.3333232447653997,1.5132851900552693e-05,-0.4099027838194691,10.484533393227442
2025-06-29 04:00:00+00:00,9911.638775306776,0.0019910635091350635,0.4549634975003769,0.0,0.3333232447653997,1.5132851900552693e-05,0.3333232447653997,0.3333232447653997,1.5132851900552693e-05,0.4549634975003769,10.939496890727819
2025-06-29 06:00:00+00:00,9921.395714291835,0.0009843921077276512,0.22256387090832114,0.0,0.3333232447653997,1.5132851900552693e-05,0.3333232447653997,0.3333232447653997,1.5132851900552693e-05,0.22256387090832114,11.16206076163614
2025-06-29 08:00:00+00:00,9932.98454579068,0.0011680646385416578,0.2649738614022263,0.0,0.3333232447653997,1.5132851900552693e-05,0.3333232447653997,0.3333232447653997,1.5132851900552693e-05,0.2649738614022263,11.427034623038365
2025-06-29 10:00:00+00:00,9949.654697265903,0.0016782620971949216,0.3829389123292162,0.0,0.3333232447653997,1.5132851900552693e-05,0.3333232447653997,0.3333232447653997,1.5132851900552693e-05,0.3829389123292162,11.80997353536758
2025-06-29 12:00:00+00:00,9977.32423164637,0.00278095423633839,0.6375326597956292,0.0,0.3333232447653997,1.5132851900552693e-05,0.3333232447653997,0.3333232447653997,1.5132851900552693e-05,0.6375326597956292,12.44750619516321
2025-06-29 14:00:00+00:00,9957.482108526474,-0.0019887218916830396,-0.4740528799756738,0.0,0.3333232447653997,1.5132851900552693e-05,0.3333232447653997,0.3333232447653997,1.5132851900552693e-05,-0.4740528799756738,11.973453315187538
2025-06-29 16:00:00+00:00,9938.034168082844,-0.0019530982061193966,-0.46509828385196,0.0,0.3333232447653997,1.5132851900552693e-05,0.3333232447653997,0.3333232447653997,1.5132851900552693e-05,-0.46509828385196,11.508355031335578
2025-06-29 18:00:00+00:00,9931.232432548477,-0.0006844145853524976,-0.16651104230513045,0.0,0.3333232447653997,1.5132851900552693e-05,0.3333232447653997,0.3333232447653997,1.5132851900552693e-05,-0.16651104230513045,11.341843989030448
2025-06-29 20:00:00+00:00,9934.126078292242,0.0002913682429062604,0.06256937668582825,0.0,0.3333232447653997,1.5132851900552693e-05,0.3333232447653997,0.3333232447653997,1.5132851900552693e-05,0.06256937668582825,11.404413365716277
2025-06-29 22:00:00+00:00,9938.75097984762,0.0004655569618232261,0.10350708859801185,0.0,0.3333232447653997,1.5132851900552693e-05,0.3333232447653997,0.3333232447653997,1.5132851900552693e-05,0.10350708859801185,11.507920454314288
2025-06-30 00:00:00+00:00,10037.609109901778,0.009946735787485509,2.3050763858045444,0.0,0.3333232447653997,1.5132851900552693e-05,0.3333232447653997,0.3333232447653997,1.5132851900552693e-05,2.3050763858045444,13.812996840118831
2025-06-30 02:00:00+00:00,10035.578532580197,-0.00020229691148035032,-0.059106564371744844,0.0,0.3333232447653997,1.5132851900552693e-05,0.3333232447653997,0.3333232447653997,1.5132851900552693e-05,-0.059106564371744844,13.753890275747086
2025-06-30 04:00:00+00:00,10022.3800601779,-0.0013151680652439448,-0.3204488422487999,0.0,0.3333232447653997,1.5132851900552693e-05,0.3333232447653997,0.3333232447653997,1.5132851900552693e-05,-0.3204488422487999,13.433441433498286
2025-06-30 06:00:00+00:00,10002.868785217088,-0.0019467706117369161,-0.4695200525828,0.0,0.3333232447653997,1.5132851900552693e-05,0.3333232447653997,0.3333232447653997,1.5132851900552693e-05,-0.4695200525828,12.963921380915487
2025-06-30 08:00:00+00:00,9956.363359455481,-0.0046492088180077745,-1.113130500880354,0.0,0.3333232447653997,1.5132851900552693e-05,0.3333232447653997,0.3333232447653997,1.5132851900552693e-05,-1.113130500880354,11.850790880035133
2025-06-30 10:00:00+00:00,9906.863339691392,-0.004971696790985466,-1.183063149916354,0.0,0.3333232447653997,1.5132851900552693e-05,0.3333232447653997,0.3333232447653997,1.5132851900552693e-05,-1.183063149916354,10.667727730118779
2025-06-30 12:00:00+00:00,9917.650487006076,0.0010888559723505155,0.2509484837153541,0.0,0.3333232447653997,1.5132851900552693e-05,0.3333232447653997,0.3333232447653997,1.5132851900552693e-05,0.2509484837153541,10.918676213834132
2025-06-30 14:00:00+00:00,9901.782964677239,-0.0015999275584098608,-0.3812040128190586,0.0,0.3333232447653997,1.5132851900552693e-05,0.3333232447653997,0.3333232447653997,1.5132851900552693e-05,-0.3812040128190586,10.537472201015074
2025-06-30 16:00:00+00:00,9945.545866175671,0.004419699124344422,1.0329282163486766,0.0,0.3333232447653997,1.5132851900552693e-05,0.3333232447653997,0.3333232447653997,1.5132851900552693e-05,1.0329282163486766,11.57040041736375
2025-06-30 18:00:00+00:00,9951.71242854682,0.0006200325707732737,0.13957466138419616,0.0,0.3333232447653997,1.5132851900552693e-05,0.3333232447653997,0.3333232447653997,1.5132851900552693e-05,0.13957466138419616,11.709975078747947
2025-06-30 20:00:00+00:00,10008.618574879843,0.005718226560665601,1.3309431950334585,0.0,0.3333232447653997,1.5132851900552693e-05,0.3333232447653997,0.3333232447653997,1.5132851900552693e-05,1.3309431950334585,13.040918273781406
2025-06-30 22:00:00+00:00,9968.312642535644,-0.0040271224287996964,-0.9677321256725918,0.0,0.3333232447653997,1.5132851900552693e-05,0.3333232447653997,0.3333232447653997,1.5132851900552693e-05,-0.9677321256725918,12.073186148108814
2025-07-01 00:00:00+00:00,9935.468914516445,-0.0032948131942665384,-0.7883549184680181,0.0,0.3333232447653997,1.5132851900552693e-05,0.3333232447653997,0.3333232447653997,1.5132851900552693e-05,-0.7883549184680181,11.284831229640796
2025-07-01 02:00:00+00:00,9959.562395285218,0.002424996844745904,0.564483292734475,0.0,0.3333232447653997,1.5132851900552693e-05,0.3333232447653997,0.3333232447653997,1.5132851900552693e-05,0.564483292734475,11.84931452237527
2025-07-01 04:00:00+00:00,9956.192217197871,-0.00033838616131794434,-0.08694485058637953,0.0,0.3333232447653997,1.5132851900552693e-05,0.3333232447653997,0.3333232447653997,1.5132851900552693e-05,-0.08694485058637953,11.76236967178889
2025-07-01 06:00:00+00:00,9901.827334031857,-0.005460409158443742,-1.3111479085033766,0.0,0.3333232447653997,1.5132851900552693e-05,0.3333232447653997,0.3333232447653997,1.5132851900552693e-05,-1.3111479085033766,10.451221763285513
2025-07-01 08:00:00+00:00,9947.304980379327,0.004592853905982249,1.0780802829532394,0.0,0.3333232447653997,1.5132851900552693e-05,0.3333232447653997,0.3333232447653997,1.5132851900552693e-05,1.0780802829532394,11.529302046238753
2025-07-01 10:00:00+00:00,9890.1200236394,-0.005748788928531136,-1.376020752428961,0.0,0.3333232447653997,1.5132851900552693e-05,0.3333232447653997,0.3333232447653997,1.5132851900552693e-05,-1.376020752428961,10.153281293809792
2025-07-01 12:00:00+00:00,9884.473418519648,-0.0005709339326778498,-0.13738910048242312,0.0,0.3333232447653997,1.5132851900552693e-05,0.3333232447653997,0.3333232447653997,1.5132851900552693e-05,-0.13738910048242312,10.01589219332737
2025-07-01 14:00:00+00:00,9880.919766103145,-0.00035951863756805713,-0.0873757116488685,0.0,0.3333232447653997,1.5132851900552693e-05,0.3333232447653997,0.3333232447653997,1.5132851900552693e-05,-0.0873757116488685,9.9285164816785
2025-07-01 16:00:00+00:00,9780.237546639859,-0.010189559458693221,-2.429049388290148,0.0,0.3333232447653997,1.5132851900552693e-05,0.3333232447653997,0.3333232447653997,1.5132851900552693e-05,-2.429049388290148,7.499467093388352
2025-07-01 18:00:00+00:00,9792.116325951958,0.001214569610958039,0.2885178768976994,0.0,0.3333232447653997,1.5132851900552693e-05,0.3333232447653997,0.3333232447653997,1.5132851900552693e-05,0.2885178768976994,7.787984970286051
2025-07-01 20:00:00+00:00,9743.298052426171,-0.00498546707379335,-1.162577894697184,0.0,0.3333232447653997,1.5132851900552693e-05,0.3333232447653997,0.3333232447653997,1.5132851900552693e-05,-1.162577894697184,6.625407075588868
2025-07-01 22:00:00+00:00,9720.64739025877,-0.0023247428176295794,-0.5373330752676505,0.0,0.3333232447653997,1.5132851900552693e-05,0.3333232447653997,0.3333232447653997,1.5132851900552693e-05,-0.5373330752676505,6.0880740003212175
2025-07-02 00:00:00+00:00,9730.076471531936,0.0009700054836488142,0.23562545904793888,0.0,0.3333232447653997,1.5132851900552693e-05,0.3333232447653997,0.3333232447653997,1.5132851900552693e-05,0.23562545904793888,6.3236994593691565
2025-07-02 02:00:00+00:00,9759.449676777243,0.003018805179100694,0.7210477549931275,0.0,0.3333232447653997,1.5132851900552693e-05,0.3333232447653997,0.3333232447653997,1.5132851900552693e-05,0.7210477549931275,7.044747214362284
2025-07-02 04:00:00+00:00,9784.821062479097,0.002599673807655845,0.6196724127823425,0.0,0.3333232447653997,1.5132851900552693e-05,0.3333232447653997,0.3333232447653997,1.5132851900552693e-05,0.6196724127823425,7.6644196271446265
2025-07-02 06:00:00+00:00,9819.894168109739,0.0035844401657106344,0.8521043070898814,0.0,0.3333232447653997,1.5132851900552693e-05,0.3333232447653997,0.3333232447653997,1.5132851900552693e-05,0.8521043070898814,8.516523934234508
2025-07-02 08:00:00+00:00,9861.834436096948,0.004270949082466906,1.0115662416688198,0.0,0.3333232447653997,1.5132851900552693e-05,0.3333232447653997,0.3333232447653997,1.5132851900552693e-05,1.0115662416688198,9.528090175903328
2025-07-02 10:00:00+00:00,9881.753163659376,0.0020197791487474273,0.4756044827964239,0.0,0.3333232447653997,1.5132851900552693e-05,0.3333232447653997,0.3333232447653997,1.5132851900552693e-05,0.4756044827964239,10.003694658699752
2025-07-02 12:00:00+00:00,9880.086358922645,-0.00016867500221132413,-0.04236885593054911,0.0,0.3333232447653997,1.5132851900552693e-05,0.3333232447653997,0.3333232447653997,1.5132851900552693e-05,-0.04236885593054911,9.961325802769203
2025-07-02 14:00:00+00:00,9916.721835344024,0.003708011761283239,0.8757279587244259,0.0,0.3333232447653997,1.5132851900552693e-05,0.3333232447653997,0.3333232447653997,1.5132851900552693e-05,0.8757279587244259,10.837053761493628
2025-07-02 16:00:00+00:00,10016.330927251453,0.010044558429824392,2.3547626426108046,0.0,0.3333232447653997,1.5132851900552693e-05,0.3333232447653997,0.3333232447653997,1.5132851900552693e-05,2.3547626426108046,13.191816404104433
2025-07-02 18:00:00+00:00,10079.38293292009,0.006294920378188806,1.4453097753019084,0.0,0.3333232447653997,1.5132851900552693e-05,0.3333232447653997,0.3333232447653997,1.5132851900552693e-05,1.4453097753019084,14.63712617940634
2025-07-02 20:00:00+00:00,10125.491837445514,0.00457457612557099,1.0417020195758855,0.0,0.3333232447653997,1.5132851900552693e-05,0.3333232447653997,0.3333232447653997,1.5132851900552693e-05,1.0417020195758855,15.678828198982226
2025-07-02 22:00:00+00:00,10111.046918272063,-0.0014265893850244947,-0.35265142294779506,0.0,0.3333232447653997,1.5132851900552693e-05,0.3333232447653997,0.3333232447653997,1.5132851900552693e-05,-0.35265142294779506,15.32617677603443
2025-07-03 00:00:00+00:00,10054.422867018793,-0.0056002164475117055,-1.357491960332497,0.0,0.3333232447653997,1.5132851900552693e-05,0.3333232447653997,0.3333232447653997,1.5132851900552693e-05,-1.357491960332497,13.968684815701932
2025-07-03 02:00:00+00:00,10068.790256686074,0.0014289621450485988,0.3210206407238267,0.0,0.3333232447653997,1.5132851900552693e-05,0.3333232447653997,0.3333232447653997,1.5132851900552693e-05,0.3210206407238267,14.289705456425759
2025-07-03 04:00:00+00:00,10072.358489399814,0.0003543854448026018,0.0700110064455371,0.0,0.3333232447653997,1.5132851900552693e-05,0.3333232447653997,0.3333232447653997,1.5132851900552693e-05,0.0700110064455371,14.359716462871296
2025-07-03 06:00:00+00:00,10168.257571126076,0.009521015542406037,2.1610674900973907,0.0,0.3333232447653997,1.5132851900552693e-05,0.3333232447653997,0.3333232447653997,1.5132851900552693e-05,2.1610674900973907,16.520783952968685
2025-07-03 08:00:00+00:00,10225.029186318645,0.005583219621990951,1.252273299580962,0.0,0.3333232447653997,1.5132851900552693e-05,0.3333232447653997,0.3333232447653997,1.5132851900552693e-05,1.252273299580962,17.77305725254965
2025-07-03 10:00:00+00:00,10286.909645704145,0.006051861394028727,1.3454963301801524,0.0,0.3333232447653997,1.5132851900552693e-05,0.3333232447653997,0.3333232447653997,1.5132851900552693e-05,1.3454963301801524,19.118553582729803
2025-07-03 12:00:00+00:00,10241.553492428378,-0.004409113605338919,-1.0774396196442098,0.0,0.3333232447653997,1.5132851900552693e-05,0.3333232447653997,0.3333232447653997,1.5132851900552693e-05,-1.0774396196442098,18.041113963085593
2025-07-03 14:00:00+00:00,10268.798170940163,0.0026602095601928515,0.5874928464306107,0.0,0.3333232447653997,1.5132851900552693e-05,0.3333232447653997,0.3333232447653997,1.5132851900552693e-05,0.5874928464306107,18.628606809516203
2025-07-03 16:00:00+00:00,10113.088103253922,-0.015163416895940952,-3.8528179746463453,0.0,0.3333232447653997,1.5132851900552693e-05,0.3333232447653997,0.3333232447653997,1.5132851900552693e-05,-3.8528179746463453,14.775788834869857
2025-07-03 18:00:00+00:00,10168.558130043342,0.005484974146677491,1.2032962704550025,0.0,0.3333232447653997,1.5132851900552693e-05,0.3333232447653997,0.3333232447653997,1.5132851900552693e-05,1.2032962704550025,15.97908510532486
2025-07-03 20:00:00+00:00,10183.253301361352,0.0014451578217950759,0.30708093763510996,0.0,0.3333232447653997,1.5132851900552693e-05,0.3333232447653997,0.3333232447653997,1.5132851900552693e-05,0.30708093763510996,16.28616604295997
2025-07-03 22:00:00+00:00,10179.08284658203,-0.0004095405128303899,-0.11123467516399443,0.0,0.3333232447653997,1.5132851900552693e-05,0.3333232447653997,0.3333232447653997,1.5132851900552693e-05,-0.11123467516399443,16.174931367795974
2025-07-04 00:00:00+00:00,10165.190237848205,-0.0013648193008361882,-0.3296176251863819,0.0,0.3333232447653997,1.5132851900552693e-05,0.3333232447653997,0.3333232447653997,1.5132851900552693e-05,-0.3296176251863819,15.845313742609592
2025-07-04 02:00:00+00:00,10137.538574119593,-0.0027202308153225258,-0.6426345198254161,0.0,0.3333232447653997,1.5132851900552693e-05,0.3333232447653997,0.3333232447653997,1.5132851900552693e-05,-0.6426345198254161,15.202679222784177
2025-07-04 04:00:00+00:00,10134.385145768865,-0.0003110644983170769,-0.08653714056111911,0.0,0.3333232447653997,1.5132851900552693e-05,0.3333232447653997,0.3333232447653997,1.5132851900552693e-05,-0.08653714056111911,15.116142082223057
2025-07-04 06:00:00+00:00,10121.358410474653,-0.0012853996672557444,-0.3102140415776916,0.0,0.3333232447653997,1.5132851900552693e-05,0.3333232447653997,0.3333232447653997,1.5132851900552693e-05,-0.3102140415776916,14.805928040645366
2025-07-04 08:00:00+00:00,10030.024023902886,-0.009023925728906621,-2.1416718954590968,0.0,0.3333232447653997,1.5132851900552693e-05,0.3333232447653997,0.3333232447653997,1.5132851900552693e-05,-2.1416718954590968,12.664256145186268
2025-07-04 10:00:00+00:00,10069.779500560879,0.0039636472019657434,0.8822311631600345,0.0,0.3333232447653997,1.5132851900552693e-05,0.3333232447653997,0.3333232447653997,1.5132851900552693e-05,0.8822311631600345,13.546487308346302
2025-07-04 12:00:00+00:00,10088.354726605707,0.0018446507238606535,0.4052014795238369,0.0,0.3333232447653997,1.5132851900552693e-05,0.3333232447653997,0.3333232447653997,1.5132851900552693e-05,0.4052014795238369,13.95168878787014
2025-07-04 14:00:00+00:00,10008.160751120942,-0.007949162936675072,-1.8617471253364477,0.0,0.3333232447653997,1.5132851900552693e-05,0.3333232447653997,0.3333232447653997,1.5132851900552693e-05,-1.8617471253364477,12.089941662533692
2025-07-04 16:00:00+00:00,9954.117609340685,-0.005399907447949979,-1.2404789480761007,0.0,0.3333232447653997,1.5132851900552693e-05,0.3333232447653997,0.3333232447653997,1.5132851900552693e-05,-1.2404789480761007,10.84946271445759
2025-07-04 18:00:00+00:00,9991.334198824097,0.0037388135185874426,0.8358703891646511,0.0,0.3333232447653997,1.5132851900552693e-05,0.3333232447653997,0.3333232447653997,1.5132851900552693e-05,0.8358703891646511,11.685333103622241
2025-07-04 20:00:00+00:00,9934.964841175773,-0.0056418248580813474,-1.29284181066681,0.0,0.3333232447653997,1.5132851900552693e-05,0.3333232447653997,0.3333232447653997,1.5132851900552693e-05,-1.29284181066681,10.392491292955432
2025-07-04 22:00:00+00:00,9962.681262435683,0.002789785540562464,0.6241555985624161,0.0,0.3333232447653997,1.5132851900552693e-05,0.3333232447653997,0.3333232447653997,1.5132851900552693e-05,0.6241555985624161,11.016646891517848
2025-07-05 00:00:00+00:00,9979.82113621848,0.0017204077227104431,0.3826657924518979,0.0,0.3333232447653997,1.5132851900552693e-05,0.3333232447653997,0.3333232447653997,1.5132851900552693e-05,0.3826657924518979,11.399312683969745
2025-07-05 02:00:00+00:00,9969.235582493853,-0.001060695735939599,-0.2466834506235378,0.0,0.3333232447653997,1.5132851900552693e-05,0.3333232447653997,0.3333232447653997,1.5132851900552693e-05,-0.2466834506235378,11.152629233346207
2025-07-05 04:00:00+00:00,9994.24927518677,0.002509088333396514,0.5620501231372778,0.0,0.3333232447653997,1.5132851900552693e-05,0.3333232447653997,0.3333232447653997,1.5132851900552693e-05,0.5620501231372778,11.714679356483485
2025-07-05 06:00:00+00:00,9986.889060182457,-0.00073644500969049,-0.17458605982013828,0.0,0.3333232447653997,1.5132851900552693e-05,0.3333232447653997,0.3333232447653997,1.5132851900552693e-05,-0.17458605982013828,11.540093296663347
2025-07-05 08:00:00+00:00,9963.001640660752,-0.0023918779289280965,-0.553553678770045,0.0,0.3333232447653997,1.5132851900552693e-05,0.3333232447653997,0.3333232447653997,1.5132851900552693e-05,-0.553553678770045,10.986539617893301
2025-07-05 10:00:00+00:00,9970.563955455485,0.0007590398022087632,0.16797419570354513,0.0,0.3333232447653997,1.5132851900552693e-05,0.3333232447653997,0.3333232447653997,1.5132851900552693e-05,0.16797419570354513,11.154513813596846
2025-07-05 12:00:00+00:00,9963.606109958755,-0.0006978387108108013,-0.16539040877241235,0.9999016390388351,2.2698419121291684e-05,0.499965952371318,2.2698419121291684e-05,2.2698419121291684e-05,0.499965952371318,-0.16539040877241235,10.989123404824435
2025-07-05 14:00:00+00:00,9956.305996603916,-0.0007326778351406225,-0.1733572103289984,0.0,2.2698419121291684e-05,0.499965952371318,2.2698419121291684e-05,2.2698419121291684e-05,0.499965952371318,-0.1733572103289984,10.815766194495437
2025-07-05 16:00:00+00:00,9942.942642250371,-0.0013422000446855315,-0.31378506261088723,0.0,2.2698419121291684e-05,0.499965952371318,2.2698419121291684e-05,2.2698419121291684e-05,0.499965952371318,-0.31378506261088723,10.50198113188455
2025-07-05 18:00:00+00:00,9934.874673100685,-0.0008114267013270954,-0.19105702325903454,0.0,2.2698419121291684e-05,0.499965952371318,2.2698419121291684e-05,2.2698419121291684e-05,0.499965952371318,-0.19105702325903454,10.310924108625516
2025-07-05 20:00:00+00:00,9943.477208121025,0.0008658926562638174,0.19644288589404024,0.9999016390388351,0.3333232447653997,1.5132851900552693e-05,0.3333232447653997,0.3333232447653997,1.5132851900552693e-05,0.19644288589404024,10.507366994519556
2025-07-05 22:00:00+00:00,9971.363650776428,0.0028044960602543185,0.6438310646722675,0.0,0.3333232447653997,1.5132851900552693e-05,0.3333232447653997,0.3333232447653997,1.5132851900552693e-05,0.6438310646722675,11.151198059191824
2025-07-06 00:00:00+00:00,9985.852142052361,0.0014530100178228816,0.3308076209138577,0.0,0.3333232447653997,1.5132851900552693e-05,0.3333232447653997,0.3333232447653997,1.5132851900552693e-05,0.3308076209138577,11.482005680105681
2025-07-06 02:00:00+00:00,9973.087620393364,-0.0012782606308821586,-0.3040787810837039,0.0,0.3333232447653997,1.5132851900552693e-05,0.3333232447653997,0.3333232447653997,1.5132851900552693e-05,-0.3040787810837039,11.177926899021978
2025-07-06 04:00:00+00:00,9955.54905605374,-0.0017585892160178252,-0.4162627434960322,0.0,0.3333232447653997,1.5132851900552693e-05,0.3333232447653997,0.3333232447653997,1.5132851900552693e-05,-0.4162627434960322,10.761664155525946
2025-07-06 06:00:00+00:00,9945.801098538866,-0.0009791481574737114,-0.23338922423370287,0.0,0.3333232447653997,1.5132851900552693e-05,0.3333232447653997,0.3333232447653997,1.5132851900552693e-05,-0.23338922423370287,10.528274931292243
2025-07-06 08:00:00+00:00,9943.009678476987,-0.0002806631697360267,-0.06967936240817829,0.0,0.3333232447653997,1.5132851900552693e-05,0.3333232447653997,0.3333232447653997,1.5132851900552693e-05,-0.06967936240817829,10.458595568884064
2025-07-06 10:00:00+00:00,9924.586757963194,-0.0018528515117180093,-0.4391669668804765,0.0,0.3333232447653997,1.5132851900552693e-05,0.3333232447653997,0.3333232447653997,1.5132851900552693e-05,-0.4391669668804765,10.019428602003588
2025-07-06 12:00:00+00:00,9982.151391769792,0.00580020460402638,1.3555306328497132,0.0,0.3333232447653997,1.5132851900552693e-05,0.3333232447653997,0.3333232447653997,1.5132851900552693e-05,1.3555306328497132,11.374959234853302
2025-07-06 14:00:00+00:00,10048.219217379183,0.006618595833345359,1.531807458092169,0.0,0.3333232447653997,1.5132851900552693e-05,0.3333232447653997,0.3333232447653997,1.5132851900552693e-05,1.531807458092169,12.906766692945471
2025-07-06 16:00:00+00:00,10058.769175910427,0.0010499331576083422,0.23500689145039944,0.0,0.3333232447653997,1.5132851900552693e-05,0.3333232447653997,0.3333232447653997,1.5132851900552693e-05,0.23500689145039944,13.141773584395871
2025-07-06 18:00:00+00:00,10048.025572899653,-0.0010680832637559557,-0.2615362255091885,0.0,0.3333232447653997,1.5132851900552693e-05,0.3333232447653997,0.3333232447653997,1.5132851900552693e-05,-0.2615362255091885,12.880237358886683
2025-07-06 20:00:00+00:00,10030.936413732456,-0.0017007479771238524,-0.4110033998317467,0.0,0.3333232447653997,1.5132851900552693e-05,0.3333232447653997,0.3333232447653997,1.5132851900552693e-05,-0.4110033998317467,12.469233959054936
2025-07-06 22:00:00+00:00,10061.568177516425,0.0030537292352919507,0.7055143005429042,0.0,0.3333232447653997,1.5132851900552693e-05,0.3333232447653997,0.3333232447653997,1.5132851900552693e-05,0.7055143005429042,13.17474825959784
2025-07-07 00:00:00+00:00,10044.54568585121,-0.0016918328599366005,-0.411113749285533,0.0,0.3333232447653997,1.5132851900552693e-05,0.3333232447653997,0.3333232447653997,1.5132851900552693e-05,-0.411113749285533,12.763634510312306
2025-07-07 02:00:00+00:00,10028.885106464275,-0.0015591127639545481,-0.37913664485070636,0.0,0.3333232447653997,1.5132851900552693e-05,0.3333232447653997,0.3333232447653997,1.5132851900552693e-05,-0.37913664485070636,12.384497865461599
2025-07-07 04:00:00+00:00,10050.154911524658,0.002120854395537249,0.49123833684664,0.0,0.3333232447653997,1.5132851900552693e-05,0.3333232447653997,0.3333232447653997,1.5132851900552693e-05,0.49123833684664,12.87573620230824
2025-07-07 06:00:00+00:00,10046.83102253741,-0.0003307301247105004,-0.08834020918398156,0.0,0.3333232447653997,1.5132851900552693e-05,0.3333232447653997,0.3333232447653997,1.5132851900552693e-05,-0.08834020918398156,12.787395993124258
2025-07-07 08:00:00+00:00,10060.66550978359,0.0013770000923819775,0.31675533607384493,0.0,0.3333232447653997,1.5132851900552693e-05,0.3333232447653997,0.3333232447653997,1.5132851900552693e-05,0.31675533607384493,13.104151329198103
2025-07-07 10:00:00+00:00,10036.17816067355,-0.0024339691132984065,-0.5939706474139849,0.0,0.3333232447653997,1.5132851900552693e-05,0.3333232447653997,0.3333232447653997,1.5132851900552693e-05,-0.5939706474139849,12.510180681784119
2025-07-07 12:00:00+00:00,10006.781644115292,-0.002929054874040421,-0.7123690571476727,0.0,0.3333232447653997,1.5132851900552693e-05,0.3333232447653997,0.3333232447653997,1.5132851900552693e-05,-0.7123690571476727,11.797811624636447
2025-07-07 14:00:00+00:00,10016.971863704608,0.0010183313628422612,0.23575995896285568,0.0,0.3333232447653997,1.5132851900552693e-05,0.3333232447653997,0.3333232447653997,1.5132851900552693e-05,0.23575995896285568,12.033571583599302
2025-07-07 16:00:00+00:00,9949.640527082189,-0.006721725641097969,-1.637708368920364,0.0,0.3333232447653997,1.5132851900552693e-05,0.3333232447653997,0.3333232447653997,1.5132851900552693e-05,-1.637708368920364,10.395863214678938
2025-07-07 18:00:00+00:00,9920.141827083165,-0.002964800579350576,-0.7125886578961301,0.0,0.3333232447653997,1.5132851900552693e-05,0.3333232447653997,0.3333232447653997,1.5132851900552693e-05,-0.7125886578961301,9.683274556782807
2025-07-07 20:00:00+00:00,9945.7335907907,0.002579778006566997,0.613446075544603,0.0,0.3333232447653997,1.5132851900552693e-05,0.3333232447653997,0.3333232447653997,1.5132851900552693e-05,0.613446075544603,10.29672063232741
2025-07-07 22:00:00+00:00,9943.923864432909,-0.00018196006772867174,-0.0469278684896142,0.0,0.3333232447653997,1.5132851900552693e-05,0.3333232447653997,0.3333232447653997,1.5132851900552693e-05,-0.0469278684896142,10.249792763837796
2025-07-08 00:00:00+00:00,9955.560745092676,0.001170250377860379,0.2770466283326835,0.0,0.3333232447653997,1.5132851900552693e-05,0.3333232447653997,0.3333232447653997,1.5132851900552693e-05,0.2770466283326835,10.52683939217048
2025-07-08 02:00:00+00:00,9911.590624060036,-0.004416639319318562,-1.0699119454831378,0.0,0.3333232447653997,1.5132851900552693e-05,0.3333232447653997,0.3333232447653997,1.5132851900552693e-05,-1.0699119454831378,9.456927446687342
2025-07-08 04:00:00+00:00,9935.642098108547,0.0024266008313666735,0.5812037216110384,0.0,0.3333232447653997,1.5132851900552693e-05,0.3333232447653997,0.3333232447653997,1.5132851900552693e-05,0.5812037216110384,10.03813116829838
2025-07-08 06:00:00+00:00,9953.982387855154,0.0018459088567713425,0.4408945937983972,0.0,0.3333232447653997,1.5132851900552693e-05,0.3333232447653997,0.3333232447653997,1.5132851900552693e-05,0.4408945937983972,10.479025762096777
2025-07-08 08:00:00+00:00,9978.366144639198,0.0024496483752868567,0.5854825168713419,0.0,0.3333232447653997,1.5132851900552693e-05,0.3333232447653997,0.3333232447653997,1.5132851900552693e-05,0.5854825168713419,11.064508278968118
2025-07-08 10:00:00+00:00,9961.210530808497,-0.0017192808503942347,-0.42153894158214716,0.0,0.3333232447653997,1.5132851900552693e-05,0.3333232447653997,0.3333232447653997,1.5132851900552693e-05,-0.42153894158214716,10.64296933738597
2025-07-08 12:00:00+00:00,9989.891603543627,0.0028792758316293237,0.6905332123288211,0.0,0.3333232447653997,1.5132851900552693e-05,0.3333232447653997,0.3333232447653997,1.5132851900552693e-05,0.6905332123288211,11.333502549714792
2025-07-08 14:00:00+00:00,10004.007715182164,0.0014130395202216215,0.3357733071625735,0.0,0.3333232447653997,1.5132851900552693e-05,0.3333232447653997,0.3333232447653997,1.5132851900552693e-05,0.3357733071625735,11.669275856877366
2025-07-08 16:00:00+00:00,9953.225405765648,-0.005076196546654767,-1.2503828965235264,0.0,0.3333232447653997,1.5132851900552693e-05,0.3333232447653997,0.3333232447653997,1.5132851900552693e-05,-1.2503828965235264,10.41889296035384
2025-07-08 18:00:00+00:00,10022.25372003461,0.006935270875004483,1.667971746673087,0.0,0.3333232447653997,1.5132851900552693e-05,0.3333232447653997,0.3333232447653997,1.5132851900552693e-05,1.667971746673087,12.086864707026928
2025-07-08 20:00:00+00:00,10019.589929155723,-0.00026578761157900805,-0.07210455218005214,0.0,0.3333232447653997,1.5132851900552693e-05,0.3333232447653997,0.3333232447653997,1.5132851900552693e-05,-0.07210455218005214,12.014760154846876
2025-07-08 22:00:00+00:00,10029.793492947776,0.0010183614164049131,0.23841145602675615,0.0,0.3333232447653997,1.5132851900552693e-05,0.3333232447653997,0.3333232447653997,1.5132851900552693e-05,0.23841145602675615,12.253171610873633
2025-07-09 00:00:00+00:00,10039.390305351684,0.0009568305080913625,0.2234949670885283,0.0,0.3333232447653997,1.5132851900552693e-05,0.3333232447653997,0.3333232447653997,1.5132851900552693e-05,0.2234949670885283,12.476666577962161
2025-07-09 02:00:00+00:00,10023.783753503449,-0.001554531836451969,-0.3883428546661621,0.0,0.3333232447653997,1.5132851900552693e-05,0.3333232447653997,0.3333232447653997,1.5132851900552693e-05,-0.3883428546661621,12.088323723296
2025-07-09 04:00:00+00:00,10020.701271511269,-0.00030751680882009144,-0.08289830886847077,0.0,0.3333232447653997,1.5132851900552693e-05,0.3333232447653997,0.3333232447653997,1.5132851900552693e-05,-0.08289830886847077,12.00542541442753
2025-07-09 06:00:00+00:00,10063.730480592161,0.004294031716445174,1.0333710656637836,0.0,0.3333232447653997,1.5132851900552693e-05,0.3333232447653997,0.3333232447653997,1.5132851900552693e-05,1.0333710656637836,13.038796480091314
2025-07-09 08:00:00+00:00,10055.561582066452,-0.0008117167427589495,-0.20905553770187568,0.0,0.3333232447653997,1.5132851900552693e-05,0.3333232447653997,0.3333232447653997,1.5132851900552693e-05,-0.20905553770187568,12.829740942389439
2025-07-09 10:00:00+00:00,10036.12861923018,-0.0019325586818472764,-0.4853641159553114,0.0,0.3333232447653997,1.5132851900552693e-05,0.3333232447653997,0.3333232447653997,1.5132851900552693e-05,-0.4853641159553114,12.344376826434127
2025-07-09 12:00:00+00:00,10070.496018828073,0.003424368190344099,0.825917042077083,0.0,0.3333232447653997,1.5132851900552693e-05,0.3333232447653997,0.3333232447653997,1.5132851900552693e-05,0.825917042077083,13.17029386851121
2025-07-09 14:00:00+00:00,10089.366368830288,0.0018738252780134423,0.44751563505138436,0.0,0.3333232447653997,1.5132851900552693e-05,0.3333232447653997,0.3333232447653997,1.5132851900552693e-05,0.44751563505138436,13.617809503562595
2025-07-09 16:00:00+00:00,10081.480295552086,-0.0007816222535603501,-0.20457055918701317,0.0,0.3333232447653997,1.5132851900552693e-05,0.3333232447653997,0.3333232447653997,1.5132851900552693e-05,-0.20457055918701317,13.413238944375582
2025-07-09 18:00:00+00:00,10080.41180900413,-0.00010598508518911724,-0.03735668534552216,0.0,0.3333232447653997,1.5132851900552693e-05,0.3333232447653997,0.3333232447653997,1.5132851900552693e-05,-0.03735668534552216,13.37588225903006
2025-07-09 20:00:00+00:00,10269.530395524045,0.018760998072617264,4.391313358088006,0.0,0.3333232447653997,1.5132851900552693e-05,0.3333232447653997,0.3333232447653997,1.5132851900552693e-05,4.391313358088006,17.767195617118066
2025-07-09 22:00:00+00:00,10235.062369861109,-0.0033563390277280124,-0.8274877067334502,0.0,0.3333232447653997,1.5132851900552693e-05,0.3333232447653997,0.3333232447653997,1.5132851900552693e-05,-0.8274877067334502,16.939707910384616
2025-07-10 00:00:00+00:00,10259.937249606768,0.0024303593712244618,0.5480756900541439,0.0,0.3333232447653997,1.5132851900552693e-05,0.3333232447653997,0.3333232447653997,1.5132851900552693e-05,0.5480756900541439,17.48778360043876
2025-07-10 02:00:00+00:00,10268.949276827578,0.0008783705983343834,0.18606494348596186,0.0,0.3333232447653997,1.5132851900552693e-05,0.3333232447653997,0.3333232447653997,1.5132851900552693e-05,0.18606494348596186,17.673848543924723
2025-07-10 04:00:00+00:00,10274.472661318838,0.0005378724095682235,0.10588644432432401,0.0,0.3333232447653997,1.5132851900552693e-05,0.3333232447653997,0.3333232447653997,1.5132851900552693e-05,0.10588644432432401,17.779734988249047
2025-07-10 06:00:00+00:00,10278.53707644071,0.00039558381786103576,0.07225421025919977,0.0,0.3333232447653997,1.5132851900552693e-05,0.3333232447653997,0.3333232447653997,1.5132851900552693e-05,0.07225421025919977,17.851989198508246
2025-07-10 08:00:00+00:00,10288.599026798387,0.0009789282543659602,0.21042435967389694,0.0,0.3333232447653997,1.5132851900552693e-05,0.3333232447653997,0.3333232447653997,1.5132851900552693e-05,0.21042435967389694,18.062413558182143
2025-07-10 10:00:00+00:00,10277.87771374303,-0.0010420576239225678,-0.27285772071442443,0.0,0.3333232447653997,1.5132851900552693e-05,0.3333232447653997,0.3333232447653997,1.5132851900552693e-05,-0.27285772071442443,17.78955583746772
2025-07-10 12:00:00+00:00,10271.816453399884,-0.0005897385152812453,-0.16339492357518728,0.0,0.3333232447653997,1.5132851900552693e-05,0.3333232447653997,0.3333232447653997,1.5132851900552693e-05,-0.16339492357518728,17.626160913892534
2025-07-10 14:00:00+00:00,10256.183844361029,-0.00152189333890222,-0.38956360401438683,0.0,0.3333232447653997,1.5132851900552693e-05,0.3333232447653997,0.3333232447653997,1.5132851900552693e-05,-0.38956360401438683,17.236597309878146
2025-07-10 16:00:00+00:00,10284.985250698806,0.0028081991094195723,0.6461852481108177,0.0,0.3333232447653997,1.5132851900552693e-05,0.3333232447653997,0.3333232447653997,1.5132851900552693e-05,0.6461852481108177,17.882782557988964
2025-07-10 18:00:00+00:00,10447.074308234927,0.0157597753992995,3.462456934502805,0.0,0.3333232447653997,1.5132851900552693e-05,0.3333232447653997,0.3333232447653997,1.5132851900552693e-05,3.462456934502805,21.345239492491768
2025-07-10 20:00:00+00:00,10433.892208797148,-0.0012617981885502242,-0.3282449361758292,0.0,0.3333232447653997,1.5132851900552693e-05,0.3333232447653997,0.3333232447653997,1.5132851900552693e-05,-0.3282449361758292,21.01699455631594
2025-07-10 22:00:00+00:00,10656.519550236286,0.02133694090221038,4.241176429154849,0.0,0.3333232447653997,1.5132851900552693e-05,0.3333232447653997,0.3333232447653997,1.5132851900552693e-05,4.241176429154849,25.258170985470787
2025-07-11 00:00:00+00:00,10654.805921144454,-0.00016080570056235913,-0.07562639461631372,0.0,0.3333232447653997,1.5132851900552693e-05,0.3333232447653997,0.3333232447653997,1.5132851900552693e-05,-0.07562639461631372,25.182544590854473
2025-07-11 02:00:00+00:00,10674.575397247807,0.0018554515445578,0.36772879676195785,0.0,0.3333232447653997,1.5132851900552693e-05,0.3333232447653997,0.3333232447653997,1.5132851900552693e-05,0.36772879676195785,25.550273387616432
2025-07-11 04:00:00+00:00,10723.260172119868,0.0045608160568722045,0.9382585443148983,0.0,0.3333232447653997,1.5132851900552693e-05,0.3333232447653997,0.3333232447653997,1.5132851900552693e-05,0.9382585443148983,26.48853193193133
2025-07-11 06:00:00+00:00,10790.862394352282,0.0063042601920802275,1.2850604027795827,0.0,0.3333232447653997,1.5132851900552693e-05,0.3333232447653997,0.3333232447653997,1.5132851900552693e-05,1.2850604027795827,27.773592334710912
2025-07-11 08:00:00+00:00,10698.372994607349,-0.00857108508707697,-2.1299784958339,0.0,0.3333232447653997,1.5132851900552693e-05,0.3333232447653997,0.3333232447653997,1.5132851900552693e-05,-2.1299784958339,25.643613838877013
2025-07-11 10:00:00+00:00,10781.004274090048,0.00772372392740002,1.554467733106726,0.0,0.3333232447653997,1.5132851900552693e-05,0.3333232447653997,0.3333232447653997,1.5132851900552693e-05,1.554467733106726,27.19808157198374
2025-07-11 12:00:00+00:00,10745.006284228206,-0.003339020090025994,-0.8069859873033425,0.0,0.3333232447653997,1.5132851900552693e-05,0.3333232447653997,0.3333232447653997,1.5132851900552693e-05,-0.8069859873033425,26.391095584680397
2025-07-11 14:00:00+00:00,10819.067420375108,0.006892609849434069,1.3845936535491445,0.0,0.3333232447653997,1.5132851900552693e-05,0.3333232447653997,0.3333232447653997,1.5132851900552693e-05,1.3845936535491445,27.775689238229543
2025-07-11 16:00:00+00:00,10757.27644667582,-0.005711303137174218,-1.3794054273173673,0.0,0.3333232447653997,1.5132851900552693e-05,0.3333232447653997,0.3333232447653997,1.5132851900552693e-05,-1.3794054273173673,26.396283810912177
2025-07-11 18:00:00+00:00,10821.346239495537,0.005955949271854715,1.1966835276059693,0.0,0.3333232447653997,1.5132851900552693e-05,0.3333232447653997,0.3333232447653997,1.5132851900552693e-05,1.1966835276059693,27.592967338518147
2025-07-11 20:00:00+00:00,10844.43238243429,0.0021333891761539468,0.41400542712178284,0.0,0.3333232447653997,1.5132851900552693e-05,0.3333232447653997,0.3333232447653997,1.5132851900552693e-05,0.41400542712178284,28.00697276563993
2025-07-11 22:00:00+00:00,10704.811812069163,-0.012874861997505985,-3.2566829783918427,0.0,0.3333232447653997,1.5132851900552693e-05,0.3333232447653997,0.3333232447653997,1.5132851900552693e-05,-3.2566829783918427,24.750289787248086
2025-07-12 00:00:00+00:00,10700.566648195401,-0.00039656595074140453,-0.12466563365133852,0.0,0.3333232447653997,1.5132851900552693e-05,0.3333232447653997,0.3333232447653997,1.5132851900552693e-05,-0.12466563365133852,24.625624153596746
2025-07-12 02:00:00+00:00,10754.043171606914,0.004997541267642242,1.0000629830348962,0.0,0.3333232447653997,1.5132851900552693e-05,0.3333232447653997,0.3333232447653997,1.5132851900552693e-05,1.0000629830348962,25.625687136631644
2025-07-12 04:00:00+00:00,10756.74284398204,0.0002510378963562799,0.013396985766616626,0.0,0.3333232447653997,1.5132851900552693e-05,0.3333232447653997,0.3333232447653997,1.5132851900552693e-05,0.013396985766616626,25.63908412239826
2025-07-12 06:00:00+00:00,10677.919780167302,-0.007327781741927156,-1.7354410847793869,0.0,0.3333232447653997,1.5132851900552693e-05,0.3333232447653997,0.3333232447653997,1.5132851900552693e-05,-1.7354410847793869,23.90364303761887
2025-07-12 08:00:00+00:00,10689.380182692075,0.0010732804479446276,0.19346704234087986,0.0,0.3333232447653997,1.5132851900552693e-05,0.3333232447653997,0.3333232447653997,1.5132851900552693e-05,0.19346704234087986,24.09711007995975
2025-07-12 10:00:00+00:00,10714.748729676887,0.0023732477048470607,0.4675424561039029,0.0,0.3333232447653997,1.5132851900552693e-05,0.3333232447653997,0.3333232447653997,1.5132851900552693e-05,0.4675424561039029,24.564652536063655
2025-07-12 12:00:00+00:00,10689.073899189205,-0.002396213960348815,-0.5688433270833007,0.0,0.3333232447653997,1.5132851900552693e-05,0.3333232447653997,0.3333232447653997,1.5132851900552693e-05,-0.5688433270833007,23.995809208980354
2025-07-12 14:00:00+00:00,10620.839183841816,-0.006383594686586057,-1.4946582990679569,0.0,0.3333232447653997,1.5132851900552693e-05,0.3333232447653997,0.3333232447653997,1.5132851900552693e-05,-1.4946582990679569,22.501150909912397
2025-07-12 16:00:00+00:00,10524.587109965056,-0.009062567675744019,-2.1218135335328965,0.0,0.3333232447653997,1.5132851900552693e-05,0.3333232447653997,0.3333232447653997,1.5132851900552693e-05,-2.1218135335328965,20.3793373763795
2025-07-12 18:00:00+00:00,10611.048366446843,0.008215168498146762,1.6509010453708992,0.0,0.3333232447653997,1.5132851900552693e-05,0.3333232447653997,0.3333232447653997,1.5132851900552693e-05,1.6509010453708992,22.030238421750397
2025-07-12 20:00:00+00:00,10620.821892735228,0.000921070751056946,0.16397597377018375,0.0,0.3333232447653997,1.5132851900552693e-05,0.3333232447653997,0.3333232447653997,1.5132851900552693e-05,0.16397597377018375,22.194214395520582
2025-07-12 22:00:00+00:00,10610.74341056357,-0.0009489361815352213,-0.23709300144740794,0.0,0.3333232447653997,1.5132851900552693e-05,0.3333232447653997,0.3333232447653997,1.5132851900552693e-05,-0.23709300144740794,21.957121394073173
2025-07-13 00:00:00+00:00,10620.861515471579,0.0009535717259863764,0.17199112615890094,0.0,0.3333232447653997,1.5132851900552693e-05,0.3333232447653997,0.3333232447653997,1.5132851900552693e-05,0.17199112615890094,22.129112520232074
2025-07-13 02:00:00+00:00,10661.679270974586,0.00384316803712637,0.7743328426026385,0.0,0.3333232447653997,1.5132851900552693e-05,0.3333232447653997,0.3333232447653997,1.5132851900552693e-05,0.7743328426026385,22.903445362834713
2025-07-13 04:00:00+00:00,10649.29240931282,-0.0011618115070754446,-0.2869171375033871,0.0,0.3333232447653997,1.5132851900552693e-05,0.3333232447653997,0.3333232447653997,1.5132851900552693e-05,-0.2869171375033871,22.616528225331326
2025-07-13 06:00:00+00:00,10692.400736687136,0.004047999220738592,0.8169447106183195,0.0,0.3333232447653997,1.5132851900552693e-05,0.3333232447653997,0.3333232447653997,1.5132851900552693e-05,0.8169447106183195,23.433472935949645
2025-07-13 08:00:00+00:00,10721.2892846252,0.00270178313079335,0.5378298333909275,0.0,0.3333232447653997,1.5132851900552693e-05,0.3333232447653997,0.3333232447653997,1.5132851900552693e-05,0.5378298333909275,23.97130276934057
2025-07-13 10:00:00+00:00,10702.382764609189,-0.001763455822717542,-0.42486417862103915,0.0,0.3333232447653997,1.5132851900552693e-05,0.3333232447653997,0.3333232447653997,1.5132851900552693e-05,-0.42486417862103915,23.546438590719532
2025-07-13 12:00:00+00:00,10746.729015658197,0.004143586715628811,0.8367540490819625,0.0,0.3333232447653997,1.5132851900552693e-05,0.3333232447653997,0.3333232447653997,1.5132851900552693e-05,0.8367540490819625,24.383192639801493
2025-07-13 14:00:00+00:00,10785.72798851886,0.0036289156266843003,0.7291547880651226,0.0,0.3333232447653997,1.5132851900552693e-05,0.3333232447653997,0.3333232447653997,1.5132851900552693e-05,0.7291547880651226,25.112347427866617
2025-07-13 16:00:00+00:00,10814.676392595344,0.0026839545839926443,0.5324570972619217,0.0,0.3333232447653997,1.5132851900552693e-05,0.3333232447653997,0.3333232447653997,1.5132851900552693e-05,0.5324570972619217,25.64480452512854
2025-07-13 18:00:00+00:00,10812.117884282437,-0.00023657742682509027,-0.09286350573412752,0.0,0.3333232447653997,1.5132851900552693e-05,0.3333232447653997,0.3333232447653997,1.5132851900552693e-05,-0.09286350573412752,25.551941019394413
2025-07-13 20:00:00+00:00,10832.283675986018,0.0018651102327414892,0.36128817496306787,0.0,0.3333232447653997,1.5132851900552693e-05,0.3333232447653997,0.3333232447653997,1.5132851900552693e-05,0.36128817496306787,25.91322919435748
2025-07-13 22:00:00+00:00,10762.05119588552,-0.0064836263710666186,-1.549244345077578,0.0,0.3333232447653997,1.5132851900552693e-05,0.3333232447653997,0.3333232447653997,1.5132851900552693e-05,-1.549244345077578,24.363984849279902
2025-07-14 00:00:00+00:00,10774.354322010655,0.0011431952795241127,0.21000153851938214,0.0,0.3333232447653997,1.5132851900552693e-05,0.3333232447653997,0.3333232447653997,1.5132851900552693e-05,0.21000153851938214,24.573986387799284
2025-07-14 02:00:00+00:00,10782.371710923442,0.0007441178072645844,0.12389809453188719,0.0,0.3333232447653997,1.5132851900552693e-05,0.3333232447653997,0.3333232447653997,1.5132851900552693e-05,0.12389809453188719,24.697884482331173
2025-07-14 04:00:00+00:00,10933.07272100272,0.013976610537976974,2.676415886343209,0.0,0.3333232447653997,1.5132851900552693e-05,0.3333232447653997,0.3333232447653997,1.5132851900552693e-05,2.676415886343209,27.374300368674383
2025-07-14 06:00:00+00:00,10993.66426040123,0.0055420411941570135,1.0893132489008548,0.0,0.3333232447653997,1.5132851900552693e-05,0.3333232447653997,0.3333232447653997,1.5132851900552693e-05,1.0893132489008548,28.463613617575238
2025-07-14 08:00:00+00:00,11056.768518789266,0.0057400568994391355,1.1212753495527878,0.0,0.3333232447653997,1.5132851900552693e-05,0.3333232447653997,0.3333232447653997,1.5132851900552693e-05,1.1212753495527878,29.584888967128027
2025-07-14 10:00:00+00:00,11016.030765750356,-0.003684417646049159,-0.8797789913292283,0.0,0.3333232447653997,1.5132851900552693e-05,0.3333232447653997,0.3333232447653997,1.5132851900552693e-05,-0.8797789913292283,28.7051099757988
2025-07-14 12:00:00+00:00,11000.56100515963,-0.001404295332836433,-0.35691859048378705,0.0,0.3333232447653997,1.5132851900552693e-05,0.3333232447653997,0.3333232447653997,1.5132851900552693e-05,-0.35691859048378705,28.348191385315012
2025-07-14 14:00:00+00:00,11008.582776751487,0.0007292147726005029,0.10902194859013563,0.0,0.3333232447653997,1.5132851900552693e-05,0.3333232447653997,0.3333232447653997,1.5132851900552693e-05,0.10902194859013563,28.45721333390515
2025-07-14 16:00:00+00:00,10832.31378829256,-0.01601196012543781,-4.093883680473975,0.0,0.3333232447653997,1.5132851900552693e-05,0.3333232447653997,0.3333232447653997,1.5132851900552693e-05,-4.093883680473975,24.363329653431173
2025-07-14 18:00:00+00:00,10846.208521907722,0.0012827115135991753,0.22940870329908547,0.0,0.3333232447653997,1.5132851900552693e-05,0.3333232447653997,0.3333232447653997,1.5132851900552693e-05,0.22940870329908547,24.59273835673026
2025-07-14 20:00:00+00:00,10803.792069141211,-0.003910717065861026,-0.8900303412193047,0.0,0.3333232447653997,1.5132851900552693e-05,0.3333232447653997,0.3333232447653997,1.5132851900552693e-05,-0.8900303412193047,23.702708015510954
2025-07-14 22:00:00+00:00,10829.130198250628,0.002345299589927427,0.45000698842587283,0.0,0.3333232447653997,1.5132851900552693e-05,0.3333232447653997,0.3333232447653997,1.5132851900552693e-05,0.45000698842587283,24.152715003936827
2025-07-15 00:00:00+00:00,10820.558691172202,-0.0007915231344998256,-0.20595929051390272,0.0,0.3333232447653997,1.5132851900552693e-05,0.3333232447653997,0.3333232447653997,1.5132851900552693e-05,-0.20595929051390272,23.946755713422924
2025-07-15 02:00:00+00:00,10684.429683659284,-0.012580589542384507,-2.9633578814768193,0.0,0.3333232447653997,1.5132851900552693e-05,0.3333232447653997,0.3333232447653997,1.5132851900552693e-05,-2.9633578814768193,20.983397831946103
2025-07-15 04:00:00+00:00,10548.850223065652,-0.012689442919071965,-2.8777072357295084,0.0,0.3333232447653997,1.5132851900552693e-05,0.3333232447653997,0.3333232447653997,1.5132851900552693e-05,-2.8777072357295084,18.105690596216593
2025-07-15 06:00:00+00:00,10595.197030899577,0.0043935411778417335,0.8597130715927246,0.0,0.3333232447653997,1.5132851900552693e-05,0.3333232447653997,0.3333232447653997,1.5132851900552693e-05,0.8597130715927246,18.96540366780932
2025-07-15 08:00:00+00:00,10557.697571712193,-0.003539288517053676,-0.7633528061026019,0.0,0.3333232447653997,1.5132851900552693e-05,0.3333232447653997,0.3333232447653997,1.5132851900552693e-05,-0.7633528061026019,18.202050861706716
2025-07-15 10:00:00+00:00,10562.13704178345,0.0004204960448148626,0.06348963819234524,0.0,0.3333232447653997,1.5132851900552693e-05,0.3333232447653997,0.3333232447653997,1.5132851900552693e-05,0.06348963819234524,18.26554049989906
2025-07-15 12:00:00+00:00,10582.220622322253,0.0019014694146983553,0.3649725675024014,0.0,0.3333232447653997,1.5132851900552693e-05,0.3333232447653997,0.3333232447653997,1.5132851900552693e-05,0.3649725675024014,18.630513067401463
2025-07-15 14:00:00+00:00,10675.696145289094,0.008833261590640344,1.7199152955472226,0.0,0.3333232447653997,1.5132851900552693e-05,0.3333232447653997,0.3333232447653997,1.5132851900552693e-05,1.7199152955472226,20.350428362948684
2025-07-15 16:00:00+00:00,10602.888900981037,-0.0068199060105494725,-1.48296996047087,0.0,0.3333232447653997,1.5132851900552693e-05,0.3333232447653997,0.3333232447653997,1.5132851900552693e-05,-1.48296996047087,18.867458402477812
2025-07-15 18:00:00+00:00,10738.217199569131,0.01276334212797149,2.4227615141398364,0.0,0.3333232447653997,1.5132851900552693e-05,0.3333232447653997,0.3333232447653997,1.5132851900552693e-05,2.4227615141398364,21.290219916617648
2025-07-15 20:00:00+00:00,10677.121744065063,-0.005689534339696524,-1.2200751972784867,0.0,0.3333232447653997,1.5132851900552693e-05,0.3333232447653997,0.3333232447653997,1.5132851900552693e-05,-1.2200751972784867,20.07014471933916
2025-07-15 22:00:00+00:00,10775.986890104765,0.009259531586277498,1.7466395577555354,0.0,0.3333232447653997,1.5132851900552693e-05,0.3333232447653997,0.3333232447653997,1.5132851900552693e-05,1.7466395577555354,21.816784277094698
2025-07-16 00:00:00+00:00,10789.981401377518,0.0012986756030302438,0.22704217903532695,0.0,0.3333232447653997,1.5132851900552693e-05,0.3333232447653997,0.3333232447653997,1.5132851900552693e-05,0.22704217903532695,22.043826456130024
2025-07-16 02:00:00+00:00,10794.698267027417,0.00043715234294075,0.05554265133569744,0.0,0.3333232447653997,1.5132851900552693e-05,0.3333232447653997,0.3333232447653997,1.5132851900552693e-05,0.05554265133569744,22.099369107465723
2025-07-16 04:00:00+00:00,10737.62498481589,-0.005287158640261293,-1.1361012145912701,0.0,0.3333232447653997,1.5132851900552693e-05,0.3333232447653997,0.3333232447653997,1.5132851900552693e-05,-1.1361012145912701,20.963267892874452
2025-07-16 06:00:00+00:00,10770.066674315614,0.0030213096048333846,0.5687387334555222,0.0,0.3333232447653997,1.5132851900552693e-05,0.3333232447653997,0.3333232447653997,1.5132851900552693e-05,0.5687387334555222,21.532006626329974
2025-07-16 08:00:00+00:00,10815.223091561662,0.004192770445306191,0.7941156759121683,0.0,0.3333232447653997,1.5132851900552693e-05,0.3333232447653997,0.3333232447653997,1.5132851900552693e-05,0.7941156759121683,22.32612230224214
2025-07-16 10:00:00+00:00,10905.893030261825,0.008383547702396106,1.5695781394725166,0.0,0.3333232447653997,1.5132851900552693e-05,0.3333232447653997,0.3333232447653997,1.5132851900552693e-05,1.5695781394725166,23.895700441714656
2025-07-16 12:00:00+00:00,10866.611390848826,-0.003601872795194175,-0.7826684068627844,0.0,0.3333232447653997,1.5132851900552693e-05,0.3333232447653997,0.3333232447653997,1.5132851900552693e-05,-0.7826684068627844,23.113032034851873
2025-07-16 14:00:00+00:00,10858.724965139427,-0.000725748388871349,-0.18212365499789102,0.0,0.3333232447653997,1.5132851900552693e-05,0.3333232447653997,0.3333232447653997,1.5132851900552693e-05,-0.18212365499789102,22.93090837985398
2025-07-16 16:00:00+00:00,10902.951360633971,0.004072890292048758,0.7662112506714078,0.0,0.3333232447653997,1.5132851900552693e-05,0.3333232447653997,0.3333232447653997,1.5132851900552693e-05,0.7662112506714078,23.69711963052539
2025-07-16 18:00:00+00:00,11022.467761614726,0.010961839324742515,2.007463051939854,0.0,0.3333232447653997,1.5132851900552693e-05,0.3333232447653997,0.3333232447653997,1.5132851900552693e-05,2.007463051939854,25.704582682465244
2025-07-16 20:00:00+00:00,11005.338178384878,-0.0015540606332731179,-0.3580086682752019,0.0,0.3333232447653997,1.5132851900552693e-05,0.3333232447653997,0.3333232447653997,1.5132851900552693e-05,-0.3580086682752019,25.346574014190043
2025-07-16 22:00:00+00:00,11056.985220568538,0.004692908236577169,0.8694171903387657,0.0,0.3333232447653997,1.5132851900552693e-05,0.3333232447653997,0.3333232447653997,1.5132851900552693e-05,0.8694171903387657,26.21599120452881
2025-07-17 00:00:00+00:00,10956.265670898763,-0.009109133064808062,-2.022167341502766,0.0,0.3333232447653997,1.5132851900552693e-05,0.3333232447653997,0.3333232447653997,1.5132851900552693e-05,-2.022167341502766,24.193823863026044
2025-07-17 02:00:00+00:00,10932.370595308923,-0.0021809507278844256,-0.48121520328848033,0.0,0.3333232447653997,1.5132851900552693e-05,0.3333232447653997,0.3333232447653997,1.5132851900552693e-05,-0.48121520328848033,23.712608659737562
2025-07-17 04:00:00+00:00,10895.55011549758,-0.003368023384346569,-0.7278731236156354,0.0,0.3333232447653997,1.5132851900552693e-05,0.3333232447653997,0.3333232447653997,1.5132851900552693e-05,-0.7278731236156354,22.984735536121928
2025-07-17 06:00:00+00:00,10989.56410959011,0.008628659690969532,1.5937818028609874,0.0,0.3333232447653997,1.5132851900552693e-05,0.3333232447653997,0.3333232447653997,1.5132851900552693e-05,1.5937818028609874,24.578517338982916
2025-07-17 08:00:00+00:00,11037.930081919987,0.004401081958079685,0.8118894960761459,0.0,0.3333232447653997,1.5132851900552693e-05,0.3333232447653997,0.3333232447653997,1.5132851900552693e-05,0.8118894960761459,25.39040683505906
2025-07-17 10:00:00+00:00,11145.83575093268,0.009775897130336053,1.7638854403888506,0.0,0.3333232447653997,1.5132851900552693e-05,0.3333232447653997,0.3333232447653997,1.5132851900552693e-05,1.7638854403888506,27.15429227544791
2025-07-17 12:00:00+00:00,11065.686366865913,-0.007190971216318079,-1.569101408588597,0.0,0.3333232447653997,1.5132851900552693e-05,0.3333232447653997,0.3333232447653997,1.5132851900552693e-05,-1.569101408588597,25.585190866859314
2025-07-17 14:00:00+00:00,11090.959905432803,0.002283955800750488,0.4037081258071747,0.0,0.3333232447653997,1.5132851900552693e-05,0.3333232447653997,0.3333232447653997,1.5132851900552693e-05,0.4037081258071747,25.98889899266649
2025-07-17 16:00:00+00:00,11173.343463133044,0.007427991661919862,1.3450896890011315,0.0,0.3333232447653997,1.5132851900552693e-05,0.3333232447653997,0.3333232447653997,1.5132851900552693e-05,1.3450896890011315,27.33398868166762
2025-07-17 18:00:00+00:00,11179.247989397623,0.0005284475756127272,0.05885775732550217,0.0,0.3333232447653997,1.5132851900552693e-05,0.3333232447653997,0.3333232447653997,1.5132851900552693e-05,0.05885775732550217,27.39284643899312
2025-07-17 20:00:00+00:00,11134.250943252819,-0.004025051254563748,-0.8763755326325788,0.0,0.3333232447653997,1.5132851900552693e-05,0.3333232447653997,0.3333232447653997,1.5132851900552693e-05,-0.8763755326325788,26.516470906360542
2025-07-17 22:00:00+00:00,11237.994861900044,0.0093175480933535,1.6654784574374666,0.0,0.3333232447653997,1.5132851900552693e-05,0.3333232447653997,0.3333232447653997,1.5132851900552693e-05,1.6654784574374666,28.181949363798008
2025-07-18 00:00:00+00:00,11190.363450531524,-0.004238426156431529,-0.9218142744809515,0.0,0.3333232447653997,1.5132851900552693e-05,0.3333232447653997,0.3333232447653997,1.5132851900552693e-05,-0.9218142744809515,27.260135089317057
2025-07-18 02:00:00+00:00,11386.064275954164,0.0174883350561187,2.889587475360447,0.0,0.3333232447653997,1.5132851900552693e-05,0.3333232447653997,0.3333232447653997,1.5132851900552693e-05,2.889587475360447,30.149722564677504
2025-07-18 04:00:00+00:00,11531.009954113479,0.012730094846330801,2.105813555247654,0.0,0.3333232447653997,1.5132851900552693e-05,0.3333232447653997,0.3333232447653997,1.5132851900552693e-05,2.105813555247654,32.25553611992516
2025-07-18 06:00:00+00:00,11642.07218374903,0.009631613369298225,1.6025562504202147,0.0,0.3333232447653997,1.5132851900552693e-05,0.3333232447653997,0.3333232447653997,1.5132851900552693e-05,1.6025562504202147,33.858092370345375
2025-07-18 08:00:00+00:00,11517.808804588469,-0.010673647886672431,-2.3585958336342756,0.0,0.3333232447653997,1.5132851900552693e-05,0.3333232447653997,0.3333232447653997,1.5132851900552693e-05,-2.3585958336342756,31.4994965367111
2025-07-18 10:00:00+00:00,11627.715895281737,0.00954236109992404,1.5755384832458394,0.0,0.3333232447653997,1.5132851900552693e-05,0.3333232447653997,0.3333232447653997,1.5132851900552693e-05,1.5755384832458394,33.075035019956935
2025-07-18 12:00:00+00:00,11526.851571070136,-0.008674474429886118,-1.8557693809025235,0.0,0.3333232447653997,1.5132851900552693e-05,0.3333232447653997,0.3333232447653997,1.5132851900552693e-05,-1.8557693809025235,31.219265639054413
2025-07-18 14:00:00+00:00,11543.729730812707,0.0014642471657162906,0.2153691578285049,0.0,0.3333232447653997,1.5132851900552693e-05,0.3333232447653997,0.3333232447653997,1.5132851900552693e-05,0.2153691578285049,31.434634796882918
2025-07-18 16:00:00+00:00,11326.473279559015,-0.018820299532289607,-4.27689712996247,0.0,0.3333232447653997,1.5132851900552693e-05,0.3333232447653997,0.3333232447653997,1.5132851900552693e-05,-4.27689712996247,27.157737666920447
2025-07-18 18:00:00+00:00,11356.316590016555,0.002634828134137454,0.424227638508204,0.0,0.3333232447653997,1.5132851900552693e-05,0.3333232447653997,0.3333232447653997,1.5132851900552693e-05,0.424227638508204,27.58196530542865
2025-07-18 20:00:00+00:00,11222.870240651297,-0.011750847936255342,-2.4001067001827074,0.0,0.3333232447653997,1.5132851900552693e-05,0.3333232447653997,0.3333232447653997,1.5132851900552693e-05,-2.4001067001827074,25.181858605245942
2025-07-18 22:00:00+00:00,11211.113897488318,-0.001047534446259147,-0.2308183085695799,0.0,0.3333232447653997,1.5132851900552693e-05,0.3333232447653997,0.3333232447653997,1.5132851900552693e-05,-0.2308183085695799,24.95104029667636
2025-07-19 00:00:00+00:00,11210.152852439714,-8.572253010626753e-05,-0.05531195682029786,0.0,0.3333232447653997,1.5132851900552693e-05,0.3333232447653997,0.3333232447653997,1.5132851900552693e-05,-0.05531195682029786,24.895728339856063
2025-07-19 02:00:00+00:00,11173.845921486469,-0.003238754317729489,-0.6401468790039525,0.0,0.3333232447653997,1.5132851900552693e-05,0.3333232447653997,0.3333232447653997,1.5132851900552693e-05,-0.6401468790039525,24.25558146085211
2025-07-19 04:00:00+00:00,11277.01130076669,0.009232754774418395,1.5321711435427086,0.0,0.3333232447653997,1.5132851900552693e-05,0.3333232447653997,0.3333232447653997,1.5132851900552693e-05,1.5321711435427086,25.787752604394818
2025-07-19 06:00:00+00:00,11282.971481466024,0.0005285248493925098,0.053349110734572235,0.0,0.3333232447653997,1.5132851900552693e-05,0.3333232447653997,0.3333232447653997,1.5132851900552693e-05,0.053349110734572235,25.84110171512939
2025-07-19 08:00:00+00:00,11267.483156296168,-0.001372716858790021,-0.2936589463627248,0.0,0.3333232447653997,1.5132851900552693e-05,0.3333232447653997,0.3333232447653997,1.5132851900552693e-05,-0.2936589463627248,25.547442768766665
2025-07-19 10:00:00+00:00,11244.702922788763,-0.00202176770015186,-0.41430818156656246,0.0,0.3333232447653997,1.5132851900552693e-05,0.3333232447653997,0.3333232447653997,1.5132851900552693e-05,-0.41430818156656246,25.133134587200104
2025-07-19 12:00:00+00:00,11242.481386515707,-0.0001975629136946547,-0.07627339303516019,0.0,0.3333232447653997,1.5132851900552693e-05,0.3333232447653997,0.3333232447653997,1.5132851900552693e-05,-0.07627339303516019,25.056861194164945
2025-07-19 14:00:00+00:00,11218.337688996357,-0.0021475416938033206,-0.4380882702741144,0.0,0.3333232447653997,1.5132851900552693e-05,0.3333232447653997,0.3333232447653997,1.5132851900552693e-05,-0.4380882702741144,24.61877292389083
2025-07-19 16:00:00+00:00,11199.93214305079,-0.0016406660644223707,-0.3423351512842464,0.0,0.3333232447653997,1.5132851900552693e-05,0.3333232447653997,0.3333232447653997,1.5132851900552693e-05,-0.3423351512842464,24.276437772606585
2025-07-19 18:00:00+00:00,11205.962604628388,0.0005384373316350528,0.06020090413864961,0.0,0.3333232447653997,1.5132851900552693e-05,0.3333232447653997,0.3333232447653997,1.5132851900552693e-05,0.06020090413864961,24.336638676745235
2025-07-19 20:00:00+00:00,11637.293474661576,0.03849119305958024,5.153595638386527,0.0,0.3333232447653997,1.5132851900552693e-05,0.3333232447653997,0.3333232447653997,1.5132851900552693e-05,5.153595638386527,29.49023431513176
2025-07-19 22:00:00+00:00,11602.372144996722,-0.0030008119792536616,-0.560260881646765,0.0,0.3333232447653997,1.5132851900552693e-05,0.3333232447653997,0.3333232447653997,1.5132851900552693e-05,-0.560260881646765,28.929973433484996
2025-07-20 00:00:00+00:00,11643.020011773495,0.0035034100155374366,0.5168878481405528,0.0,0.3333232447653997,1.5132851900552693e-05,0.3333232447653997,0.3333232447653997,1.5132851900552693e-05,0.5168878481405528,29.446861281625548
2025-07-20 02:00:00+00:00,11609.064578078558,-0.0029163768215292713,-0.5472324345942127,0.0,0.3333232447653997,1.5132851900552693e-05,0.3333232447653997,0.3333232447653997,1.5132851900552693e-05,-0.5472324345942127,28.899628847031334
2025-07-20 04:00:00+00:00,11676.81101827294,0.005835650214428859,0.8789665234268069,0.0,0.3333232447653997,1.5132851900552693e-05,0.3333232447653997,0.3333232447653997,1.5132851900552693e-05,0.8789665234268069,29.77859537045814
2025-07-20 06:00:00+00:00,11815.38519369207,0.01186746751337116,1.7355513758287886,0.0,0.3333232447653997,1.5132851900552693e-05,0.3333232447653997,0.3333232447653997,1.5132851900552693e-05,1.7355513758287886,31.51414674628693
2025-07-20 08:00:00+00:00,11862.379077045225,0.003977346703706673,0.5821581122477645,0.0,0.3333232447653997,1.5132851900552693e-05,0.3333232447653997,0.3333232447653997,1.5132851900552693e-05,0.5821581122477645,32.096304858534694
2025-07-20 10:00:00+00:00,11893.332871978819,0.0026094086803793762,0.36735141331236476,0.0,0.3333232447653997,1.5132851900552693e-05,0.3333232447653997,0.3333232447653997,1.5132851900552693e-05,0.36735141331236476,32.46365627184706
2025-07-20 12:00:00+00:00,11831.933773885461,-0.005162480421111935,-0.9619044442893622,0.0,0.3333232447653997,1.5132851900552693e-05,0.3333232447653997,0.3333232447653997,1.5132851900552693e-05,-0.9619044442893622,31.501751827557694
2025-07-20 14:00:00+00:00,11896.496219875538,0.005456626720863959,0.8108688933526529,0.0,0.3333232447653997,1.5132851900552693e-05,0.3333232447653997,0.3333232447653997,1.5132851900552693e-05,0.8108688933526529,32.312620720910346
2025-07-20 16:00:00+00:00,11904.698833327793,0.0006894982607189802,0.0569622711960889,0.0,0.3333232447653997,1.5132851900552693e-05,0.3333232447653997,0.3333232447653997,1.5132851900552693e-05,0.0569622711960889,32.36958299210644
2025-07-20 18:00:00+00:00,11902.632103809923,-0.00017360619926692656,-0.08689869951132179,0.0,0.3333232447653997,1.5132851900552693e-05,0.3333232447653997,0.3333232447653997,1.5132851900552693e-05,-0.08689869951132179,32.282684292595114
2025-07-20 20:00:00+00:00,11907.332612100241,0.00039491334768001563,0.008598831832962981,0.0,0.3333232447653997,1.5132851900552693e-05,0.3333232447653997,0.3333232447653997,1.5132851900552693e-05,0.008598831832962981,32.29128312442808
2025-07-20 22:00:00+00:00,11917.980633001822,0.0008942406539277812,0.09185053063817578,0.0,0.3333232447653997,1.5132851900552693e-05,0.3333232447653997,0.3333232447653997,1.5132851900552693e-05,0.09185053063817578,32.38313365506625
2025-07-21 00:00:00+00:00,11868.68104202086,-0.004136572503268526,-0.7836139902600755,0.0,0.3333232447653997,1.5132851900552693e-05,0.3333232447653997,0.3333232447653997,1.5132851900552693e-05,-0.7836139902600755,31.599519664806177
2025-07-21 02:00:00+00:00,11860.22168014029,-0.0007127465849508227,-0.17691864386655526,0.0,0.3333232447653997,1.5132851900552693e-05,0.3333232447653997,0.3333232447653997,1.5132851900552693e-05,-0.17691864386655526,31.422601020939624
2025-07-21 04:00:00+00:00,11966.7032939008,0.008978045826817136,1.3412791418879946,0.0,0.3333232447653997,1.5132851900552693e-05,0.3333232447653997,0.3333232447653997,1.5132851900552693e-05,1.3412791418879946,32.76388016282762
2025-07-21 06:00:00+00:00,12019.204877473756,0.004387305532987851,0.6522180505213779,0.0,0.3333232447653997,1.5132851900552693e-05,0.3333232447653997,0.3333232447653997,1.5132851900552693e-05,0.6522180505213779,33.416098213348995
2025-07-21 08:00:00+00:00,12097.808376202063,0.006539825182248556,0.9770029381868216,0.0,0.3333232447653997,1.5132851900552693e-05,0.3333232447653997,0.3333232447653997,1.5132851900552693e-05,0.9770029381868216,34.39310115153582
2025-07-21 10:00:00+00:00,12048.476223722457,-0.004077775985991739,-0.7840813063447664,0.0,0.3333232447653997,1.5132851900552693e-05,0.3333232447653997,0.3333232447653997,1.5132851900552693e-05,-0.7840813063447664,33.60901984519105
2025-07-21 12:00:00+00:00,12002.7415059368,-0.0037958922718882467,-0.7295463081883212,0.0,0.3333232447653997,1.5132851900552693e-05,0.3333232447653997,0.3333232447653997,1.5132851900552693e-05,-0.7295463081883212,32.87947353700273
2025-07-21 14:00:00+00:00,12065.216182065793,0.00520503387481043,0.780366261298693,0.0,0.3333232447653997,1.5132851900552693e-05,0.3333232447653997,0.3333232447653997,1.5132851900552693e-05,0.780366261298693,33.65983979830143
2025-07-21 16:00:00+00:00,12054.2767897631,-0.0009066884619070454,-0.2167419479680249,0.0,0.3333232447653997,1.5132851900552693e-05,0.3333232447653997,0.3333232447653997,1.5132851900552693e-05,-0.2167419479680249,33.4430978503334
2025-07-21 18:00:00+00:00,11940.630251891685,-0.009427901802282028,-1.8176229442920195,0.0,0.3333232447653997,1.5132851900552693e-05,0.3333232447653997,0.3333232447653997,1.5132851900552693e-05,-1.8176229442920195,31.625474906041383
2025-07-21 20:00:00+00:00,11807.45219973582,-0.011153351987828802,-2.1364573798315654,0.0,0.3333232447653997,1.5132851900552693e-05,0.3333232447653997,0.3333232447653997,1.5132851900552693e-05,-2.1364573798315654,29.489017526209818
2025-07-21 22:00:00+00:00,11846.546362575182,0.0033109736273364094,0.48997067891019536,0.0,0.3333232447653997,1.5132851900552693e-05,0.3333232447653997,0.3333232447653997,1.5132851900552693e-05,0.48997067891019536,29.978988205120014
2025-07-22 00:00:00+00:00,11883.465834152188,0.0031164755066202697,0.45871826588574227,0.0,0.3333232447653997,1.5132851900552693e-05,0.3333232447653997,0.3333232447653997,1.5132851900552693e-05,0.45871826588574227,30.437706471005757
2025-07-22 02:00:00+00:00,11964.040754476555,0.006780422601359221,1.023533986440908,0.0,0.3333232447653997,1.5132851900552693e-05,0.3333232447653997,0.3333232447653997,1.5132851900552693e-05,1.023533986440908,31.461240457446664
2025-07-22 04:00:00+00:00,11857.601631217,-0.008896586483101772,-1.6774468252411534,0.0,0.3333232447653997,1.5132851900552693e-05,0.3333232447653997,0.3333232447653997,1.5132851900552693e-05,-1.6774468252411534,29.78379363220551
2025-07-22 06:00:00+00:00,11803.877290486553,-0.004530793190843031,-0.8402093415754848,0.0,0.3333232447653997,1.5132851900552693e-05,0.3333232447653997,0.3333232447653997,1.5132851900552693e-05,-0.8402093415754848,28.943584290630024
2025-07-22 08:00:00+00:00,11857.410616550718,0.004535232343300596,0.6844602702224639,0.0,0.3333232447653997,1.5132851900552693e-05,0.3333232447653997,0.3333232447653997,1.5132851900552693e-05,0.6844602702224639,29.628044560852487
2025-07-22 10:00:00+00:00,11834.362722412166,-0.0019437544067489863,-0.3828584757422095,0.0,0.3333232447653997,1.5132851900552693e-05,0.3333232447653997,0.3333232447653997,1.5132851900552693e-05,-0.3828584757422095,29.245186085110277
2025-07-22 12:00:00+00:00,11947.12648457527,0.009528503123328336,1.430692190040958,0.0,0.3333232447653997,1.5132851900552693e-05,0.3333232447653997,0.3333232447653997,1.5132851900552693e-05,1.430692190040958,30.675878275151234
2025-07-22 14:00:00+00:00,11800.540410210027,-0.012269567460803057,-2.336895521390197,0.0,0.3333232447653997,1.5132851900552693e-05,0.3333232447653997,0.3333232447653997,1.5132851900552693e-05,-2.336895521390197,28.338982753761037
2025-07-22 16:00:00+00:00,11936.532949313076,0.011524263667228793,1.6992155559075854,0.0,0.3333232447653997,1.5132851900552693e-05,0.3333232447653997,0.3333232447653997,1.5132851900552693e-05,1.6992155559075854,30.038198309668623
2025-07-22 18:00:00+00:00,12073.149276326945,0.011445226817032505,1.6635541644826592,0.0,0.3333232447653997,1.5132851900552693e-05,0.3333232447653997,0.3333232447653997,1.5132851900552693e-05,1.6635541644826592,31.70175247415128
2025-07-22 20:00:00+00:00,12032.3662095023,-0.0033779973966374054,-0.6305152152532869,0.0,0.3333232447653997,1.5132851900552693e-05,0.3333232447653997,0.3333232447653997,1.5132851900552693e-05,-0.6305152152532869,31.071237258897995
2025-07-22 22:00:00+00:00,12115.844938605196,0.006937848104803397,1.0224436250183158,0.0,0.3333232447653997,1.5132851900552693e-05,0.3333232447653997,0.3333232447653997,1.5132851900552693e-05,1.0224436250183158,32.09368088391631
2025-07-23 00:00:00+00:00,12224.461377582282,0.008964825773809365,1.3043670530792673,0.0,0.3333232447653997,1.5132851900552693e-05,0.3333232447653997,0.3333232447653997,1.5132851900552693e-05,1.3043670530792673,33.39804793699558
2025-07-23 02:00:00+00:00,12298.688045635043,0.006071978614033737,0.8845471025655262,0.0,0.3333232447653997,1.5132851900552693e-05,0.3333232447653997,0.3333232447653997,1.5132851900552693e-05,0.8845471025655262,34.28259503956111
2025-07-23 04:00:00+00:00,12243.212826948593,-0.00451066150150375,-0.8429762896612868,0.0,0.3333232447653997,1.5132851900552693e-05,0.3333232447653997,0.3333232447653997,1.5132851900552693e-05,-0.8429762896612868,33.43961874989982
2025-07-23 06:00:00+00:00,12218.404598940122,-0.0020262841428244508,-0.40246488261346297,0.9999016390388351,2.2698419121291684e-05,0.499965952371318,2.2698419121291684e-05,2.2698419121291684e-05,0.499965952371318,-0.40246488261346297,33.03715386728636
2025-07-23 08:00:00+00:00,12152.287074301557,-0.005411305879026179,-1.0023918464318606,0.0,2.2698419121291684e-05,0.499965952371318,2.2698419121291684e-05,2.2698419121291684e-05,0.499965952371318,-1.0023918464318606,32.034762020854494
2025-07-23 10:00:00+00:00,12128.218191380245,-0.0019806051958902735,-0.390745239125115,0.0,2.2698419121291684e-05,0.499965952371318,2.2698419121291684e-05,2.2698419121291684e-05,0.499965952371318,-0.390745239125115,31.64401678172938
2025-07-23 12:00:00+00:00,12150.117849525584,0.0018056781136163913,0.23861390229338442,0.0,2.2698419121291684e-05,0.499965952371318,2.2698419121291684e-05,2.2698419121291684e-05,0.499965952371318,0.23861390229338442,31.882630684022764
2025-07-23 14:00:00+00:00,12010.188978134334,-0.01151666783188556,-2.1711137091813373,0.0,2.2698419121291684e-05,0.499965952371318,2.2698419121291684e-05,2.2698419121291684e-05,0.499965952371318,-2.1711137091813373,29.711516974841427
2025-07-23 16:00:00+00:00,12105.254795880135,0.007915430633013068,1.1682581438729844,0.0,2.2698419121291684e-05,0.499965952371318,2.2698419121291684e-05,2.2698419121291684e-05,0.499965952371318,1.1682581438729844,30.879775118714413
2025-07-23 18:00:00+00:00,12010.231942958659,-0.007849719359382383,-1.4339919211002043,0.0,2.2698419121291684e-05,0.499965952371318,2.2698419121291684e-05,2.2698419121291684e-05,0.499965952371318,-1.4339919211002043,29.445783197614208
2025-07-23 20:00:00+00:00,12011.469344280567,0.00010302892798278861,-0.033438698787277746,0.0,2.2698419121291684e-05,0.499965952371318,2.2698419121291684e-05,2.2698419121291684e-05,0.499965952371318,-0.033438698787277746,29.41234449882693
2025-07-23 22:00:00+00:00,12017.71003828383,0.0005195612480362041,0.034855765601235614,0.0,2.2698419121291684e-05,0.499965952371318,2.2698419121291684e-05,2.2698419121291684e-05,0.499965952371318,0.034855765601235614,29.447200264428165
2025-07-24 00:00:00+00:00,12079.314623458366,0.005126150071709601,0.7600228125027968,0.0,2.2698419121291684e-05,0.499965952371318,2.2698419121291684e-05,2.2698419121291684e-05,0.499965952371318,0.7600228125027968,30.207223076930962
2025-07-24 02:00:00+00:00,12111.914194246247,0.00269879308587351,0.3835015453493186,0.0,2.2698419121291684e-05,0.499965952371318,2.2698419121291684e-05,2.2698419121291684e-05,0.499965952371318,0.3835015453493186,30.59072462228028
2025-07-24 04:00:00+00:00,12100.819058880323,-0.0009160513514201757,-0.20621042300423817,0.0,2.2698419121291684e-05,0.499965952371318,2.2698419121291684e-05,2.2698419121291684e-05,0.499965952371318,-0.20621042300423817,30.384514199276044
2025-07-24 06:00:00+00:00,11959.797949172835,-0.011653848307400147,-2.1783361591042376,0.0,2.2698419121291684e-05,0.499965952371318,2.2698419121291684e-05,2.2698419121291684e-05,0.499965952371318,-2.1783361591042376,28.206178040171807
2025-07-24 08:00:00+00:00,12019.614558633728,0.005001473245208956,0.7439395461206519,0.0,2.2698419121291684e-05,0.499965952371318,2.2698419121291684e-05,2.2698419121291684e-05,0.499965952371318,0.7439395461206519,28.950117586292457
2025-07-24 10:00:00+00:00,12093.589418180723,0.006154511792880986,0.9155401162430691,0.0,2.2698419121291684e-05,0.499965952371318,2.2698419121291684e-05,2.2698419121291684e-05,0.499965952371318,0.9155401162430691,29.865657702535525
2025-07-24 12:00:00+00:00,12125.202090218709,0.002614002422677078,0.3703943323173505,0.0,2.2698419121291684e-05,0.499965952371318,2.2698419121291684e-05,2.2698419121291684e-05,0.499965952371318,0.3703943323173505,30.236052034852875
2025-07-24 14:00:00+00:00,12083.415580197365,-0.003446252665351733,-0.6388022924288497,0.0,2.2698419121291684e-05,0.499965952371318,2.2698419121291684e-05,2.2698419121291684e-05,0.499965952371318,-0.6388022924288497,29.597249742424026
2025-07-24 16:00:00+00:00,12248.147243813932,0.013632872470804849,1.9545574774485108,0.9999016390388351,0.3333232447653997,1.5132851900552693e-05,0.3333232447653997,0.3333232447653997,1.5132851900552693e-05,1.9545574774485108,31.551807219872536
2025-07-24 18:00:00+00:00,12267.472251758656,0.0015777903024870642,0.19995484133743002,0.0,0.3333232447653997,1.5132851900552693e-05,0.3333232447653997,0.3333232447653997,1.5132851900552693e-05,0.19995484133743002,31.751762061209966
2025-07-24 20:00:00+00:00,12236.132122225978,-0.002554734087797572,-0.4869987885692303,0.0,0.3333232447653997,1.5132851900552693e-05,0.3333232447653997,0.3333232447653997,1.5132851900552693e-05,-0.4869987885692303,31.264763272640735
2025-07-24 22:00:00+00:00,12203.445533816544,-0.002671317053700412,-0.506219974247179,0.0,0.3333232447653997,1.5132851900552693e-05,0.3333232447653997,0.3333232447653997,1.5132851900552693e-05,-0.506219974247179,30.758543298393555
2025-07-25 00:00:00+00:00,12139.707669811598,-0.005222940015450891,-0.9554314199588264,0.0,0.3333232447653997,1.5132851900552693e-05,0.3333232447653997,0.3333232447653997,1.5132851900552693e-05,-0.9554314199588264,29.803111878434727
2025-07-25 02:00:00+00:00,12068.85246344322,-0.005836648484096362,-1.0611008918393976,0.0,0.3333232447653997,1.5132851900552693e-05,0.3333232447653997,0.3333232447653997,1.5132851900552693e-05,-1.0611008918393976,28.74201098659533
2025-07-25 04:00:00+00:00,11860.280541643055,-0.017281835404976062,-3.281535725194886,0.0,0.3333232447653997,1.5132851900552693e-05,0.3333232447653997,0.3333232447653997,1.5132851900552693e-05,-3.281535725194886,25.460475261400443
2025-07-25 06:00:00+00:00,11912.369249384521,0.004391861352568872,0.6488240500544644,0.0,0.3333232447653997,1.5132851900552693e-05,0.3333232447653997,0.3333232447653997,1.5132851900552693e-05,0.6488240500544644,26.109299311454908
2025-07-25 08:00:00+00:00,11946.932895627022,0.002901492181690478,0.4183544520117646,0.0,0.3333232447653997,1.5132851900552693e-05,0.3333232447653997,0.3333232447653997,1.5132851900552693e-05,0.4183544520117646,26.527653763466674
2025-07-25 10:00:00+00:00,12145.163795324048,0.016592618492867386,2.342967537327249,0.0,0.3333232447653997,1.5132851900552693e-05,0.3333232447653997,0.3333232447653997,1.5132851900552693e-05,2.342967537327249,28.87062130079392
2025-07-25 12:00:00+00:00,12204.838941186894,0.004913490412193681,0.7089702494204452,0.0,0.3333232447653997,1.5132851900552693e-05,0.3333232447653997,0.3333232447653997,1.5132851900552693e-05,0.7089702494204452,29.579591550214367
2025-07-25 14:00:00+00:00,12192.683447636751,-0.0009959568994493426,-0.21198978681682093,0.0,0.3333232447653997,1.5132851900552693e-05,0.3333232447653997,0.3333232447653997,1.5132851900552693e-05,-0.21198978681682093,29.367601763397545
2025-07-25 16:00:00+00:00,11963.884986316887,-0.018765226072051482,-3.515021508491468,0.0,0.3333232447653997,1.5132851900552693e-05,0.3333232447653997,0.3333232447653997,1.5132851900552693e-05,-3.515021508491468,25.852580254906076
2025-07-25 18:00:00+00:00,12054.627527554205,0.00758470524759298,1.0926702828545543,0.0,0.3333232447653997,1.5132851900552693e-05,0.3333232447653997,0.3333232447653997,1.5132851900552693e-05,1.0926702828545543,26.945250537760632
2025-07-25 20:00:00+00:00,12064.02082822646,0.000779227782092996,0.0776127334654904,0.0,0.3333232447653997,1.5132851900552693e-05,0.3333232447653997,0.3333232447653997,1.5132851900552693e-05,0.0776127334654904,27.02286327122612
2025-07-25 22:00:00+00:00,12190.994487152655,0.010524986713311438,1.494864149562878,0.0,0.3333232447653997,1.5132851900552693e-05,0.3333232447653997,0.3333232447653997,1.5132851900552693e-05,1.494864149562878,28.517727420789
2025-07-26 00:00:00+00:00,12249.313939006333,0.004783814143722054,0.6774728474159268,0.0,0.3333232447653997,1.5132851900552693e-05,0.3333232447653997,0.3333232447653997,1.5132851900552693e-05,0.6774728474159268,29.19520026820493
2025-07-26 02:00:00+00:00,12138.71353821264,-0.00902910982153055,-1.5711757218256053,0.0,0.3333232447653997,1.5132851900552693e-05,0.3333232447653997,0.3333232447653997,1.5132851900552693e-05,-1.5711757218256053,27.624024546379324
2025-07-26 04:00:00+00:00,12214.747120928332,0.006263726586539755,0.8932771260090908,0.0,0.3333232447653997,1.5132851900552693e-05,0.3333232447653997,0.3333232447653997,1.5132851900552693e-05,0.8932771260090908,28.517301672388417
2025-07-26 06:00:00+00:00,12206.51101150642,-0.000674275884745949,-0.1547076026389155,0.0,0.3333232447653997,1.5132851900552693e-05,0.3333232447653997,0.3333232447653997,1.5132851900552693e-05,-0.1547076026389155,28.362594069749502
2025-07-26 08:00:00+00:00,12201.854303843129,-0.000381493750253496,-0.10809610366808466,0.0,0.3333232447653997,1.5132851900552693e-05,0.3333232447653997,0.3333232447653997,1.5132851900552693e-05,-0.10809610366808466,28.254497966081416
2025-07-26 10:00:00+00:00,12248.54428547096,0.0038264660817270246,0.5393487017532698,0.0,0.3333232447653997,1.5132851900552693e-05,0.3333232447653997,0.3333232447653997,1.5132851900552693e-05,0.5393487017532698,28.793846667834686
2025-07-26 12:00:00+00:00,12229.99693335548,-0.0015142495045294166,-0.2912359524057755,0.0,0.3333232447653997,1.5132851900552693e-05,0.3333232447653997,0.3333232447653997,1.5132851900552693e-05,-0.2912359524057755,28.50261071542891
2025-07-26 14:00:00+00:00,12266.808972422732,0.0030099794192793876,0.41814343384560015,0.0,0.3333232447653997,1.5132851900552693e-05,0.3333232447653997,0.3333232447653997,1.5132851900552693e-05,0.41814343384560015,28.92075414927451
2025-07-26 16:00:00+00:00,12247.783041385384,-0.0015510089934651387,-0.29866302263844074,0.0,0.3333232447653997,1.5132851900552693e-05,0.3333232447653997,0.3333232447653997,1.5132851900552693e-05,-0.29866302263844074,28.62209112663607
2025-07-26 18:00:00+00:00,12248.994900303504,9.894516534334067e-05,-0.03279532371564386,0.0,0.3333232447653997,1.5132851900552693e-05,0.3333232447653997,0.3333232447653997,1.5132851900552693e-05,-0.03279532371564386,28.58929580292043
2025-07-26 20:00:00+00:00,12307.25483915237,0.004756303625158903,0.6834635664053313,0.0,0.3333232447653997,1.5132851900552693e-05,0.3333232447653997,0.3333232447653997,1.5132851900552693e-05,0.6834635664053313,29.27275936932576
2025-07-26 22:00:00+00:00,12314.758954462686,0.0006097310414376157,0.04683745451165957,0.0,0.3333232447653997,1.5132851900552693e-05,0.3333232447653997,0.3333232447653997,1.5132851900552693e-05,0.04683745451165957,29.319596823837422
2025-07-27 00:00:00+00:00,12305.972259850689,-0.0007135092651419617,-0.1653741594079644,0.0,0.3333232447653997,1.5132851900552693e-05,0.3333232447653997,0.3333232447653997,1.5132851900552693e-05,-0.1653741594079644,29.154222664429458
2025-07-27 02:00:00+00:00,12352.754722265887,0.003801606360500977,0.5429015601020662,0.0,0.3333232447653997,1.5132851900552693e-05,0.3333232447653997,0.3333232447653997,1.5132851900552693e-05,0.5429015601020662,29.697124224531525
2025-07-27 04:00:00+00:00,12344.36946574296,-0.0006788167264272437,-0.16124728584991965,0.0,0.3333232447653997,1.5132851900552693e-05,0.3333232447653997,0.3333232447653997,1.5132851900552693e-05,-0.16124728584991965,29.535876938681604
2025-07-27 06:00:00+00:00,12374.079714574342,0.0024067854509563134,0.33021104925744593,0.0,0.3333232447653997,1.5132851900552693e-05,0.3333232447653997,0.3333232447653997,1.5132851900552693e-05,0.33021104925744593,29.86608798793905
2025-07-27 08:00:00+00:00,12340.123424230822,-0.0027441467266066722,-0.5058298806770198,0.0,0.3333232447653997,1.5132851900552693e-05,0.3333232447653997,0.3333232447653997,1.5132851900552693e-05,-0.5058298806770198,29.36025810726203
2025-07-27 10:00:00+00:00,12262.398715269277,-0.0062985357835988395,-1.1222829625193342,0.0,0.3333232447653997,1.5132851900552693e-05,0.3333232447653997,0.3333232447653997,1.5132851900552693e-05,-1.1222829625193342,28.237975144742695
2025-07-27 12:00:00+00:00,12302.417868200657,0.003263566440842301,0.4675965990838315,0.0,0.3333232447653997,1.5132851900552693e-05,0.3333232447653997,0.3333232447653997,1.5132851900552693e-05,0.4675965990838315,28.705571743826525
2025-07-27 14:00:00+00:00,12301.232786292889,-9.632918670652934e-05,-0.06439714473153013,0.0,0.3333232447653997,1.5132851900552693e-05,0.3333232447653997,0.3333232447653997,1.5132851900552693e-05,-0.06439714473153013,28.641174599094995
2025-07-27 16:00:00+00:00,12427.244078814188,0.010243793830299016,1.4859271001517966,0.0,0.3333232447653997,1.5132851900552693e-05,0.3333232447653997,0.3333232447653997,1.5132851900552693e-05,1.4859271001517966,30.127101699246793
2025-07-27 18:00:00+00:00,12522.892244455767,0.007696651408387458,1.1173747477233094,0.0,0.3333232447653997,1.5132851900552693e-05,0.3333232447653997,0.3333232447653997,1.5132851900552693e-05,1.1173747477233094,31.244476446970104
2025-07-27 20:00:00+00:00,12530.037221400426,0.0005705532560037795,0.0368760764462427,0.0,0.3333232447653997,1.5132851900552693e-05,0.3333232447653997,0.3333232447653997,1.5132851900552693e-05,0.0368760764462427,31.28135252341635
2025-07-27 22:00:00+00:00,12587.966142880587,0.004623204261614186,0.6668413852751292,0.0,0.3333232447653997,1.5132851900552693e-05,0.3333232447653997,0.3333232447653997,1.5132851900552693e-05,0.6668413852751292,31.94819390869148
2025-07-28 00:00:00+00:00,12649.12839999808,0.0048587878632073995,0.70093778493134,0.0,0.3333232447653997,1.5132851900552693e-05,0.3333232447653997,0.3333232447653997,1.5132851900552693e-05,0.70093778493134,32.64913169362282
2025-07-28 02:00:00+00:00,12616.621627138482,-0.002569882432342324,-0.4890819791060125,0.0,0.3333232447653997,1.5132851900552693e-05,0.3333232447653997,0.3333232447653997,1.5132851900552693e-05,-0.4890819791060125,32.16004971451681
2025-07-28 04:00:00+00:00,12651.217992541158,0.00274212593712575,0.38000298597938886,0.0,0.3333232447653997,1.5132851900552693e-05,0.3333232447653997,0.3333232447653997,1.5132851900552693e-05,0.38000298597938886,32.5400527004962
2025-07-28 06:00:00+00:00,12727.145956841698,0.00600163275546298,0.8716707789060476,0.0,0.3333232447653997,1.5132851900552693e-05,0.3333232447653997,0.3333232447653997,1.5132851900552693e-05,0.8716707789060476,33.41172347940225
2025-07-28 08:00:00+00:00,12692.64408469425,-0.002710888384909458,-0.5182150636858665,0.0,0.3333232447653997,1.5132851900552693e-05,0.3333232447653997,0.3333232447653997,1.5132851900552693e-05,-0.5182150636858665,32.89350841571638
2025-07-28 10:00:00+00:00,12679.340914712235,-0.0010481007655495202,-0.23379175284401751,0.0,0.3333232447653997,1.5132851900552693e-05,0.3333232447653997,0.3333232447653997,1.5132851900552693e-05,-0.23379175284401751,32.65971666287236
2025-07-28 12:00:00+00:00,12613.233154189436,-0.005213816788070726,-0.9607325310577229,0.0,0.3333232447653997,1.5132851900552693e-05,0.3333232447653997,0.3333232447653997,1.5132851900552693e-05,-0.9607325310577229,31.69898413181464
2025-07-28 14:00:00+00:00,12486.80253586799,-0.010023648716860033,-1.8565864511437546,0.0,0.3333232447653997,1.5132851900552693e-05,0.3333232447653997,0.3333232447653997,1.5132851900552693e-05,-1.8565864511437546,29.842397680670885
2025-07-28 16:00:00+00:00,12403.084625362557,-0.006704511444379498,-1.2090679959931283,0.0,0.3333232447653997,1.5132851900552693e-05,0.3333232447653997,0.3333232447653997,1.5132851900552693e-05,-1.2090679959931283,28.633329684677758
2025-07-28 18:00:00+00:00,12354.129413385268,-0.003947019105004054,-0.7126553676202638,0.0,0.3333232447653997,1.5132851900552693e-05,0.3333232447653997,0.3333232447653997,1.5132851900552693e-05,-0.7126553676202638,27.920674317057493
2025-07-28 20:00:00+00:00,12345.537865549342,-0.0006954393586501735,-0.16095472579253234,0.0,0.3333232447653997,1.5132851900552693e-05,0.3333232447653997,0.3333232447653997,1.5132851900552693e-05,-0.16095472579253234,27.75971959126496
2025-07-28 22:00:00+00:00,12320.168375255775,-0.0020549522078226142,-0.38790120200992645,0.0,0.3333232447653997,1.5132851900552693e-05,0.3333232447653997,0.3333232447653997,1.5132851900552693e-05,-0.38790120200992645,27.371818389255033
2025-07-29 00:00:00+00:00,12289.77605029221,-0.0024668757794419805,-0.4571635252566633,0.0,0.3333232447653997,1.5132851900552693e-05,0.3333232447653997,0.3333232447653997,1.5132851900552693e-05,-0.4571635252566633,26.91465486399837
2025-07-29 02:00:00+00:00,12267.311743733577,-0.0018278857537114203,-0.3482949714613299,0.0,0.3333232447653997,1.5132851900552693e-05,0.3333232447653997,0.3333232447653997,1.5132851900552693e-05,-0.3482949714613299,26.56635989253704
2025-07-29 04:00:00+00:00,12348.544784639154,0.006621910537740525,0.9960266648708644,0.0,0.3333232447653997,1.5132851900552693e-05,0.3333232447653997,0.3333232447653997,1.5132851900552693e-05,0.9960266648708644,27.562386557407905
2025-07-29 06:00:00+00:00,12373.53953303428,0.002024104769512361,0.2825444252636915,0.9999016390388351,2.2698419121291684e-05,0.499965952371318,2.2698419121291684e-05,2.2698419121291684e-05,0.499965952371318,0.2825444252636915,27.844930982671595
2025-07-29 08:00:00+00:00,12487.44374588297,0.009205467242788071,1.368596895623603,0.0,2.2698419121291684e-05,0.499965952371318,2.2698419121291684e-05,2.2698419121291684e-05,0.499965952371318,1.368596895623603,29.2135278782952
2025-07-29 10:00:00+00:00,12479.796601029804,-0.000612386730926247,-0.15157528038863863,0.0,2.2698419121291684e-05,0.499965952371318,2.2698419121291684e-05,2.2698419121291684e-05,0.499965952371318,-0.15157528038863863,29.06195259790656
2025-07-29 12:00:00+00:00,12404.517011404098,-0.006032116710900247,-1.0948164609703603,0.0,2.2698419121291684e-05,0.499965952371318,2.2698419121291684e-05,2.2698419121291684e-05,0.499965952371318,-1.0948164609703603,27.9671361369362
2025-07-29 14:00:00+00:00,12365.928465806355,-0.0031108462798080556,-0.5724018745137375,0.9993599629018819,0.36597457781323967,0.0002842983967211104,0.3762684756091102,0.2571850047368958,0.0002876434440331543,-0.5724018745137375,27.394734262422464
2025-07-29 16:00:00+00:00,12241.28415876272,-0.010079656160739933,-1.8339161870693759,0.9993599629018819,2.2698419121291684e-05,0.499965952371318,2.2698419121291684e-05,2.2698419121291684e-05,0.499965952371318,-1.8339161870693759,25.560818075353087
2025-07-29 18:00:00+00:00,12254.584553883293,0.0010865195961529037,0.13634153724985898,0.0,2.2698419121291684e-05,0.499965952371318,2.2698419121291684e-05,2.2698419121291684e-05,0.499965952371318,0.13634153724985898,25.697159612602945
2025-07-29 20:00:00+00:00,12248.33600442747,-0.0005098948420771344,-0.12530018944712548,0.0,2.2698419121291684e-05,0.499965952371318,2.2698419121291684e-05,2.2698419121291684e-05,0.499965952371318,-0.12530018944712548,25.57185942315582
2025-07-29 22:00:00+00:00,12273.136493001954,0.0020248047216794916,0.288792177984408,0.0,2.2698419121291684e-05,0.499965952371318,2.2698419121291684e-05,2.2698419121291684e-05,0.499965952371318,0.288792177984408,25.86065160114023
2025-07-30 00:00:00+00:00,12277.089108489432,0.00032205422711063537,0.011636563736435908,0.9999016390388351,0.3333232447653997,1.5132851900552693e-05,0.3333232447653997,0.3333232447653997,1.5132851900552693e-05,0.011636563736435908,25.872288164876664
2025-07-30 02:00:00+00:00,12308.567500413112,0.002563994742199337,0.3762388247885576,0.0,0.3333232447653997,1.5132851900552693e-05,0.3333232447653997,0.3333232447653997,1.5132851900552693e-05,0.3762388247885576,26.248526989665223
2025-07-30 04:00:00+00:00,12297.405756063992,-0.0009068272444169462,-0.19419597554833232,0.0,0.3333232447653997,1.5132851900552693e-05,0.3333232447653997,0.3333232447653997,1.5132851900552693e-05,-0.19419597554833232,26.05433101411689
2025-07-30 06:00:00+00:00,12266.385656821554,-0.002522491317092732,-0.4695214785572673,0.0,0.3333232447653997,1.5132851900552693e-05,0.3333232447653997,0.3333232447653997,1.5132851900552693e-05,-0.4695214785572673,25.58480953555962
2025-07-30 08:00:00+00:00,12288.380059554403,0.0017930630381427365,0.2547780757001658,0.0,0.3333232447653997,1.5132851900552693e-05,0.3333232447653997,0.3333232447653997,1.5132851900552693e-05,0.2547780757001658,25.839587611259788
2025-07-30 10:00:00+00:00,12253.237599413575,-0.00285981227554122,-0.5291564853952038,0.0,0.3333232447653997,1.5132851900552693e-05,0.3333232447653997,0.3333232447653997,1.5132851900552693e-05,-0.5291564853952038,25.310431125864582
2025-07-30 12:00:00+00:00,12138.753228594685,-0.009343193575579405,-1.7014898760851591,0.0,0.3333232447653997,1.5132851900552693e-05,0.3333232447653997,0.3333232447653997,1.5132851900552693e-05,-1.7014898760851591,23.608941249779424
2025-07-30 14:00:00+00:00,12146.434612021865,0.0006327983840288138,0.06922734886186224,0.0,0.3333232447653997,1.5132851900552693e-05,0.3333232447653997,0.3333232447653997,1.5132851900552693e-05,0.06922734886186224,23.678168598641285
2025-07-30 16:00:00+00:00,12238.650176812958,0.00759198626894372,1.1750902196650175,0.0,0.3333232447653997,1.5132851900552693e-05,0.3333232447653997,0.3333232447653997,1.5132851900552693e-05,1.1750902196650175,24.8532588183063
2025-07-30 18:00:00+00:00,12267.861150157098,0.0023867806434636125,0.3535445511960846,0.0,0.3333232447653997,1.5132851900552693e-05,0.3333232447653997,0.3333232447653997,1.5132851900552693e-05,0.3535445511960846,25.206803369502385
2025-07-30 20:00:00+00:00,12154.997880919109,-0.009199914137970512,-1.6729497068754835,0.0,0.3333232447653997,1.5132851900552693e-05,0.3333232447653997,0.3333232447653997,1.5132851900552693e-05,-1.6729497068754835,23.533853662626903
2025-07-30 22:00:00+00:00,12199.06192487461,0.0036251790734304298,0.5553716348483008,0.0,0.3333232447653997,1.5132851900552693e-05,0.3333232447653997,0.3333232447653997,1.5132851900552693e-05,0.5553716348483008,24.089225297475203
2025-07-31 00:00:00+00:00,12288.505726581949,0.0073320229258741765,1.1322566776368497,0.0,0.3333232447653997,1.5132851900552693e-05,0.3333232447653997,0.3333232447653997,1.5132851900552693e-05,1.1322566776368497,25.221481975112052
2025-07-31 02:00:00+00:00,12304.846091960839,0.0013297276123282722,0.1801344704496654,0.0,0.3333232447653997,1.5132851900552693e-05,0.3333232447653997,0.3333232447653997,1.5132851900552693e-05,0.1801344704496654,25.401616445561718
2025-07-31 04:00:00+00:00,12343.207879312222,0.003117616186718914,0.4706486464785144,0.0,0.3333232447653997,1.5132851900552693e-05,0.3333232447653997,0.3333232447653997,1.5132851900552693e-05,0.4706486464785144,25.872265092040234
2025-07-31 06:00:00+00:00,12352.912009734202,0.0007861919297531899,0.08961275816409582,0.0,0.3333232447653997,1.5132851900552693e-05,0.3333232447653997,0.3333232447653997,1.5132851900552693e-05,0.08961275816409582,25.96187785020433
2025-07-31 08:00:00+00:00,12375.973855063878,0.0018669156965987713,0.26818503821454476,0.0,0.3333232447653997,1.5132851900552693e-05,0.3333232447653997,0.3333232447653997,1.5132851900552693e-05,0.26818503821454476,26.230062888418875
2025-07-31 10:00:00+00:00,12437.50552171244,0.0049718646281227226,0.7667557215876694,0.0,0.3333232447653997,1.5132851900552693e-05,0.3333232447653997,0.3333232447653997,1.5132851900552693e-05,0.7667557215876694,26.996818610006542
2025-07-31 12:00:00+00:00,12324.821987575779,-0.00905997862191476,-1.6769258820769577,0.0,0.3333232447653997,1.5132851900552693e-05,0.3333232447653997,0.3333232447653997,1.5132851900552693e-05,-1.6769258820769577,25.319892727929584
2025-07-31 14:00:00+00:00,12297.04755198906,-0.0022535364498340203,-0.4245787321704342,0.0,0.3333232447653997,1.5132851900552693e-05,0.3333232447653997,0.3333232447653997,1.5132851900552693e-05,-0.4245787321704342,24.89531399575915
2025-07-31 16:00:00+00:00,12291.246768635445,-0.00047172163310679017,-0.11876734193589096,0.0,0.3333232447653997,1.5132851900552693e-05,0.3333232447653997,0.3333232447653997,1.5132851900552693e-05,-0.11876734193589096,24.77654665382326
2025-07-31 18:00:00+00:00,12272.213226015274,-0.0015485445031287754,-0.3027053991890472,0.0,0.3333232447653997,1.5132851900552693e-05,0.3333232447653997,0.3333232447653997,1.5132851900552693e-05,-0.3027053991890472,24.473841254634213
2025-07-31 20:00:00+00:00,12181.921306595623,-0.00735742752808797,-1.339807559182661,0.0,0.3333232447653997,1.5132851900552693e-05,0.3333232447653997,0.3333232447653997,1.5132851900552693e-05,-1.339807559182661,23.134033695451553
2025-07-31 22:00:00+00:00,12146.606735100959,-0.0028989328206827846,-0.5315802994126091,0.0,0.3333232447653997,1.5132851900552693e-05,0.3333232447653997,0.3333232447653997,1.5132851900552693e-05,-0.5315802994126091,22.602453396038943
2025-08-01 00:00:00+00:00,11999.159088036517,-0.012138999004417452,-2.22084510878791,0.0,0.3333232447653997,1.5132851900552693e-05,0.3333232447653997,0.3333232447653997,1.5132851900552693e-05,-2.22084510878791,20.381608287251034
2025-08-01 02:00:00+00:00,12002.396769443283,0.00026982569220160274,0.017320100507565522,0.0,0.3333232447653997,1.5132851900552693e-05,0.3333232447653997,0.3333232447653997,1.5132851900552693e-05,0.017320100507565522,20.3989283877586
2025-08-01 04:00:00+00:00,12013.45693862645,0.0009214967140000271,0.12601590877732455,0.0,0.3333232447653997,1.5132851900552693e-05,0.3333232447653997,0.3333232447653997,1.5132851900552693e-05,0.12601590877732455,20.524944296535924
2025-08-01 06:00:00+00:00,11933.3366617986,-0.006669210805612808,-1.1837436028587136,0.0,0.3333232447653997,1.5132851900552693e-05,0.3333232447653997,0.3333232447653997,1.5132851900552693e-05,-1.1837436028587136,19.341200693677212
2025-08-01 08:00:00+00:00,11888.28451417339,-0.003775318580379317,-0.6685372540856263,0.0,0.3333232447653997,1.5132851900552693e-05,0.3333232447653997,0.3333232447653997,1.5132851900552693e-05,-0.6685372540856263,18.672663439591584
2025-08-01 10:00:00+00:00,11813.040697088512,-0.006329240942641561,-1.1127335329790384,0.0,0.3333232447653997,1.5132851900552693e-05,0.3333232447653997,0.3333232447653997,1.5132851900552693e-05,-1.1127335329790384,17.559929906612545
2025-08-01 12:00:00+00:00,11902.294593317949,0.007555539553117187,1.2140080017561623,0.0,0.3333232447653997,1.5132851900552693e-05,0.3333232447653997,0.3333232447653997,1.5132851900552693e-05,1.2140080017561623,18.77393790836871
2025-08-01 14:00:00+00:00,11787.7587915678,-0.009623001754170147,-1.6983191659694767,0.0,0.3333232447653997,1.5132851900552693e-05,0.3333232447653997,0.3333232447653997,1.5132851900552693e-05,-1.6983191659694767,17.075618742399232
2025-08-01 16:00:00+00:00,11897.280169991744,0.009291111258765174,1.4840028503371456,0.0,0.3333232447653997,1.5132851900552693e-05,0.3333232447653997,0.3333232447653997,1.5132851900552693e-05,1.4840028503371456,18.559621592736377
2025-08-01 18:00:00+00:00,11788.919192088051,-0.009108046238753751,-1.5915471760268043,0.0,0.3333232447653997,1.5132851900552693e-05,0.3333232447653997,0.3333232447653997,1.5132851900552693e-05,-1.5915471760268043,16.968074416709573
2025-08-01 20:00:00+00:00,11811.836070795694,0.001943933819058193,0.30095913214316156,0.0,0.3333232447653997,1.5132851900552693e-05,0.3333232447653997,0.3333232447653997,1.5132851900552693e-05,0.30095913214316156,17.269033548852736
2025-08-01 22:00:00+00:00,11865.911142327768,0.004578041145167345,0.729024191282654,0.0,0.3333232447653997,1.5132851900552693e-05,0.3333232447653997,0.3333232447653997,1.5132851900552693e-05,0.729024191282654,17.99805774013539
2025-08-02 00:00:00+00:00,11800.122760942482,-0.005544317717887445,-0.9624866635620062,0.0,0.3333232447653997,1.5132851900552693e-05,0.3333232447653997,0.3333232447653997,1.5132851900552693e-05,-0.9624866635620062,17.035571076573383
2025-08-02 02:00:00+00:00,11887.626334705563,0.007415479951845071,1.1847036617723075,0.0,0.3333232447653997,1.5132851900552693e-05,0.3333232447653997,0.3333232447653997,1.5132851900552693e-05,1.1847036617723075,18.22027473834569
2025-08-02 04:00:00+00:00,11896.548263440445,0.0007505223064452252,0.10209549464644398,0.0,0.3333232447653997,1.5132851900552693e-05,0.3333232447653997,0.3333232447653997,1.5132851900552693e-05,0.10209549464644398,18.322370232992135
2025-08-02 06:00:00+00:00,11918.30847477985,0.0018291197461264865,0.28016407920466696,0.0,0.3333232447653997,1.5132851900552693e-05,0.3333232447653997,0.3333232447653997,1.5132851900552693e-05,0.28016407920466696,18.602534312196802
2025-08-02 08:00:00+00:00,11898.125622611014,-0.0016934326051002645,-0.30804119169377564,0.0,0.3333232447653997,1.5132851900552693e-05,0.3333232447653997,0.3333232447653997,1.5132851900552693e-05,-0.30804119169377564,18.294493120503027
2025-08-02 10:00:00+00:00,11836.951825673297,-0.005141465040633269,-0.8998234956095108,0.0,0.3333232447653997,1.5132851900552693e-05,0.3333232447653997,0.3333232447653997,1.5132851900552693e-05,-0.8998234956095108,17.394669624893517
2025-08-02 12:00:00+00:00,11828.755780523341,-0.0006924118025199296,-0.13644104532379722,0.0,0.3333232447653997,1.5132851900552693e-05,0.3333232447653997,0.3333232447653997,1.5132851900552693e-05,-0.13644104532379722,17.25822857956972
2025-08-02 14:00:00+00:00,11877.844000692694,0.00414990562660692,0.6669626237942866,0.0,0.3333232447653997,1.5132851900552693e-05,0.3333232447653997,0.3333232447653997,1.5132851900552693e-05,0.6669626237942866,17.925191203364008
2025-08-02 16:00:00+00:00,11767.459275459458,-0.009293330104924715,-1.6362959405919109,0.0,0.3333232447653997,1.5132851900552693e-05,0.3333232447653997,0.3333232447653997,1.5132851900552693e-05,-1.6362959405919109,16.288895262772098
2025-08-02 18:00:00+00:00,11629.004432849946,-0.0117659079473727,-2.05415449010438,0.0,0.3333232447653997,1.5132851900552693e-05,0.3333232447653997,0.3333232447653997,1.5132851900552693e-05,-2.05415449010438,14.234740772667717
2025-08-02 20:00:00+00:00,11595.39880203433,-0.00288981150619269,-0.4949891237170814,0.0,0.3333232447653997,1.5132851900552693e-05,0.3333232447653997,0.3333232447653997,1.5132851900552693e-05,-0.4949891237170814,13.739751648950635
2025-08-02 22:00:00+00:00,11660.65804940542,0.005628029573216785,0.9151440086194754,0.0,0.3333232447653997,1.5132851900552693e-05,0.3333232447653997,0.3333232447653997,1.5132851900552693e-05,0.9151440086194754,14.65489565757011
2025-08-03 00:00:00+00:00,11649.934912710793,-0.0009195996185802045,-0.16678068181960073,0.0,0.3333232447653997,1.5132851900552693e-05,0.3333232447653997,0.3333232447653997,1.5132851900552693e-05,-0.16678068181960073,14.48811497575051
2025-08-03 02:00:00+00:00,11736.632893835098,0.00744192836903433,1.2084359884612352,0.0,0.3333232447653997,1.5132851900552693e-05,0.3333232447653997,0.3333232447653997,1.5132851900552693e-05,1.2084359884612352,15.696550964211745
2025-08-03 04:00:00+00:00,11782.560798103168,0.003913209579230791,0.6294278923894071,0.0,0.3333232447653997,1.5132851900552693e-05,0.3333232447653997,0.3333232447653997,1.5132851900552693e-05,0.6294278923894071,16.325978856601154
2025-08-03 06:00:00+00:00,11781.276589524643,-0.00010899231504344762,-0.03581879448931217,0.0,0.3333232447653997,1.5132851900552693e-05,0.3333232447653997,0.3333232447653997,1.5132851900552693e-05,-0.03581879448931217,16.29016006211184
2025-08-03 08:00:00+00:00,11826.234784445556,0.003816071592860059,0.6141275534712811,0.0,0.3333232447653997,1.5132851900552693e-05,0.3333232447653997,0.3333232447653997,1.5132851900552693e-05,0.6141275534712811,16.904287615583122
2025-08-03 10:00:00+00:00,11878.240326054873,0.004397472446405122,0.7080471861114355,0.0,0.3333232447653997,1.5132851900552693e-05,0.3333232447653997,0.3333232447653997,1.5132851900552693e-05,0.7080471861114355,17.61233480169456
2025-08-03 12:00:00+00:00,11870.838217137898,-0.0006231654448628435,-0.12574296650038075,0.0,0.3333232447653997,1.5132851900552693e-05,0.3333232447653997,0.3333232447653997,1.5132851900552693e-05,-0.12574296650038075,17.48659183519418
2025-08-03 14:00:00+00:00,11888.416174069871,0.0014807679635121434,0.22750544065741585,0.0,0.3333232447653997,1.5132851900552693e-05,0.3333232447653997,0.3333232447653997,1.5132851900552693e-05,0.22750544065741585,17.714097275851596
2025-08-03 16:00:00+00:00,11902.744426428219,0.0012052280260511324,0.18144888535937861,0.0,0.3333232447653997,1.5132851900552693e-05,0.3333232447653997,0.3333232447653997,1.5132851900552693e-05,0.18144888535937861,17.895546161210977
2025-08-03 18:00:00+00:00,11893.848498113755,-0.0007473846363290868,-0.14837026831918027,0.0,0.3333232447653997,1.5132851900552693e-05,0.3333232447653997,0.3333232447653997,1.5132851900552693e-05,-0.14837026831918027,17.747175892891796
2025-08-03 20:00:00+00:00,11902.089742946215,0.0006928997652665445,0.09604359885063855,0.0,0.3333232447653997,1.5132851900552693e-05,0.3333232447653997,0.3333232447653997,1.5132851900552693e-05,0.09604359885063855,17.843219491742435
2025-08-03 22:00:00+00:00,11920.199140335855,0.0015215309059799613,0.23586563429830315,0.0,0.3333232447653997,1.5132851900552693e-05,0.3333232447653997,0.3333232447653997,1.5132851900552693e-05,0.23586563429830315,18.079085126040738
2025-08-04 00:00:00+00:00,11942.50462157473,0.001871233943013353,0.2947278274948021,0.0,0.3333232447653997,1.5132851900552693e-05,0.3333232447653997,0.3333232447653997,1.5132851900552693e-05,0.2947278274948021,18.37381295353554
2025-08-04 02:00:00+00:00,11992.948078352778,0.004223859096266774,0.6872324738442563,0.0,0.3333232447653997,1.5132851900552693e-05,0.3333232447653997,0.3333232447653997,1.5132851900552693e-05,0.6872324738442563,19.0610454273798
2025-08-04 04:00:00+00:00,12010.134173266315,0.0014330167029203548,0.21933020214080876,0.0,0.3333232447653997,1.5132851900552693e-05,0.3333232447653997,0.3333232447653997,1.5132851900552693e-05,0.21933020214080876,19.28037562952061
2025-08-04 06:00:00+00:00,11993.06455932785,-0.001421267547240276,-0.27043050486815945,0.0,0.3333232447653997,1.5132851900552693e-05,0.3333232447653997,0.3333232447653997,1.5132851900552693e-05,-0.27043050486815945,19.00994512465245
2025-08-04 08:00:00+00:00,12028.588655100344,0.00296205324308585,0.478750317760938,0.0,0.3333232447653997,1.5132851900552693e-05,0.3333232447653997,0.3333232447653997,1.5132851900552693e-05,0.478750317760938,19.488695442413388
2025-08-04 10:00:00+00:00,12069.28973516829,0.003383695397272447,0.5489925139631819,0.0,0.3333232447653997,1.5132851900552693e-05,0.3333232447653997,0.3333232447653997,1.5132851900552693e-05,0.5489925139631819,20.03768795637657
2025-08-04 12:00:00+00:00,12110.414368517026,0.0034073780852991,0.5522904077227414,0.0,0.3333232447653997,1.5132851900552693e-05,0.3333232447653997,0.3333232447653997,1.5132851900552693e-05,0.5522904077227414,20.58997836409931
2025-08-04 14:00:00+00:00,12313.593692815848,0.016777239664649366,2.638586398535632,0.0,0.3333232447653997,1.5132851900552693e-05,0.3333232447653997,0.3333232447653997,1.5132851900552693e-05,2.638586398535632,23.228564762634942
2025-08-04 16:00:00+00:00,12278.361530895336,-0.002861241226520901,-0.530675149117106,0.0,0.3333232447653997,1.5132851900552693e-05,0.3333232447653997,0.3333232447653997,1.5132851900552693e-05,-0.530675149117106,22.697889613517837
2025-08-04 18:00:00+00:00,12369.059136102363,0.007386784057368769,1.1742233353250129,0.0,0.3333232447653997,1.5132851900552693e-05,0.3333232447653997,0.3333232447653997,1.5132851900552693e-05,1.1742233353250129,23.87211294884285
2025-08-04 20:00:00+00:00,12348.632287691717,-0.0016514472269782976,-0.3211581754900221,0.0,0.3333232447653997,1.5132851900552693e-05,0.3333232447653997,0.3333232447653997,1.5132851900552693e-05,-0.3211581754900221,23.550954773352828
2025-08-04 22:00:00+00:00,12388.772815825861,0.003250605184361575,0.5090412857827891,0.0,0.3333232447653997,1.5132851900552693e-05,0.3333232447653997,0.3333232447653997,1.5132851900552693e-05,0.5090412857827891,24.059996059135617
2025-08-05 00:00:00+00:00,12448.349083210778,0.004808891749860044,0.7621372692629139,0.0,0.3333232447653997,1.5132851900552693e-05,0.3333232447653997,0.3333232447653997,1.5132851900552693e-05,0.7621372692629139,24.822133328398532
2025-08-05 02:00:00+00:00,12412.970877732148,-0.0028419997898631775,-0.535833453673392,0.0,0.3333232447653997,1.5132851900552693e-05,0.3333232447653997,0.3333232447653997,1.5132851900552693e-05,-0.535833453673392,24.28629987472514
2025-08-05 04:00:00+00:00,12396.289383068452,-0.0013438760815609875,-0.27052604072203895,0.0,0.3333232447653997,1.5132851900552693e-05,0.3333232447653997,0.3333232447653997,1.5132851900552693e-05,-0.27052604072203895,24.015773834003102
2025-08-05 06:00:00+00:00,12496.763052027478,0.008105140647673146,1.2880255889894536,0.0,0.3333232447653997,1.5132851900552693e-05,0.3333232447653997,0.3333232447653997,1.5132851900552693e-05,1.2880255889894536,25.303799422992554
2025-08-05 08:00:00+00:00,12337.727158765718,-0.012726166976172076,-2.418981082983914,0.0,0.3333232447653997,1.5132851900552693e-05,0.3333232447653997,0.3333232447653997,1.5132851900552693e-05,-2.418981082983914,22.88481834000864
2025-08-05 10:00:00+00:00,12605.968558811423,0.0217415571437016,3.202968665756405,0.0,0.3333232447653997,1.5132851900552693e-05,0.3333232447653997,0.3333232447653997,1.5132851900552693e-05,3.202968665756405,26.087787005765044
2025-08-05 12:00:00+00:00,12640.51585964734,0.002740551086950595,0.40318535269454686,0.0,0.3333232447653997,1.5132851900552693e-05,0.3333232447653997,0.3333232447653997,1.5132851900552693e-05,0.40318535269454686,26.49097235845959
2025-08-05 14:00:00+00:00,12445.00105365662,-0.0154673122649105,-2.8879527616214706,0.0,0.3333232447653997,1.5132851900552693e-05,0.3333232447653997,0.3333232447653997,1.5132851900552693e-05,-2.8879527616214706,23.60301959683812
2025-08-05 16:00:00+00:00,12297.741632471641,-0.01183281709258767,-2.0987535576766763,0.0,0.3333232447653997,1.5132851900552693e-05,0.3333232447653997,0.3333232447653997,1.5132851900552693e-05,-2.0987535576766763,21.504266039161443
2025-08-05 18:00:00+00:00,12304.707621935278,0.000566444610061004,0.06082942847081087,0.0,0.3333232447653997,1.5132851900552693e-05,0.3333232447653997,0.3333232447653997,1.5132851900552693e-05,0.06082942847081087,21.565095467632254
2025-08-05 20:00:00+00:00,12252.508941376745,-0.004242171546236512,-0.7332296105615084,0.0,0.3333232447653997,1.5132851900552693e-05,0.3333232447653997,0.3333232447653997,1.5132851900552693e-05,-0.7332296105615084,20.831865857070746
2025-08-05 22:00:00+00:00,12270.037759946606,0.001430630955156185,0.2018130425799205,0.0,0.3333232447653997,1.5132851900552693e-05,0.3333232447653997,0.3333232447653997,1.5132851900552693e-05,0.2018130425799205,21.033678899650667
2025-08-06 00:00:00+00:00,12314.826146486384,0.0036502240185423774,0.5543804791301788,0.0,0.3333232447653997,1.5132851900552693e-05,0.3333232447653997,0.3333232447653997,1.5132851900552693e-05,0.5543804791301788,21.588059378780844
2025-08-06 02:00:00+00:00,12211.81848026495,-0.008364524597923216,-1.4515133432885567,0.0,0.3333232447653997,1.5132851900552693e-05,0.3333232447653997,0.3333232447653997,1.5132851900552693e-05,-1.4515133432885567,20.136546035492287
2025-08-06 04:00:00+00:00,12187.389113930261,-0.0020004691663381763,-0.3551187698092816,0.0,0.3333232447653997,1.5132851900552693e-05,0.3333232447653997,0.3333232447653997,1.5132851900552693e-05,-0.3551187698092816,19.781427265683007
2025-08-06 06:00:00+00:00,12284.998060508005,0.008009012075127393,1.2338266457855636,0.0,0.3333232447653997,1.5132851900552693e-05,0.3333232447653997,0.3333232447653997,1.5132851900552693e-05,1.2338266457855636,21.01525391146857
2025-08-06 08:00:00+00:00,12296.848977309744,0.0009646657446236617,0.12693823552197755,0.0,0.3333232447653997,1.5132851900552693e-05,0.3333232447653997,0.3333232447653997,1.5132851900552693e-05,0.12693823552197755,21.142192146990546
2025-08-06 10:00:00+00:00,12256.451715566725,-0.003285171820647709,-0.5740984289128919,0.0,0.3333232447653997,1.5132851900552693e-05,0.3333232447653997,0.3333232447653997,1.5132851900552693e-05,-0.5740984289128919,20.568093718077655
2025-08-06 12:00:00+00:00,12224.5514090142,-0.002602735872732999,-0.4584713877794714,0.0,0.3333232447653997,1.5132851900552693e-05,0.3333232447653997,0.3333232447653997,1.5132851900552693e-05,-0.4584713877794714,20.109622330298183
2025-08-06 14:00:00+00:00,12197.445438104705,-0.002217338698376053,-0.39343686550651763,0.0,0.3333232447653997,1.5132851900552693e-05,0.3333232447653997,0.3333232447653997,1.5132851900552693e-05,-0.39343686550651763,19.716185464791664
2025-08-06 16:00:00+00:00,12368.85234564441,0.01405268901668807,2.140703638309352,0.0,0.3333232447653997,1.5132851900552693e-05,0.3333232447653997,0.3333232447653997,1.5132851900552693e-05,2.140703638309352,21.856889103101015
2025-08-06 18:00:00+00:00,12404.844326472681,0.002909888470044297,0.43457688337044803,0.0,0.3333232447653997,1.5132851900552693e-05,0.3333232447653997,0.3333232447653997,1.5132851900552693e-05,0.43457688337044803,22.29146598647146
2025-08-06 20:00:00+00:00,12446.764642395307,0.003379350423057186,0.5082872344283274,0.0,0.3333232447653997,1.5132851900552693e-05,0.3333232447653997,0.3333232447653997,1.5132851900552693e-05,0.5082872344283274,22.799753220899788
2025-08-06 22:00:00+00:00,12388.85467580208,-0.0046526120045667745,-0.8127148716456684,0.0,0.3333232447653997,1.5132851900552693e-05,0.3333232447653997,0.3333232447653997,1.5132851900552693e-05,-0.8127148716456684,21.98703834925412
2025-08-07 00:00:00+00:00,12388.8741764274,1.574045852447809e-06,-0.031485341600860535,0.0,0.3333232447653997,1.5132851900552693e-05,0.3333232447653997,0.3333232447653997,1.5132851900552693e-05,-0.031485341600860535,21.95555300765326
2025-08-07 02:00:00+00:00,12374.256116933544,-0.0011799344545502975,-0.22602051813764856,0.0,0.3333232447653997,1.5132851900552693e-05,0.3333232447653997,0.3333232447653997,1.5132851900552693e-05,-0.22602051813764856,21.729532489515613
2025-08-07 04:00:00+00:00,12364.336225201845,-0.000801655601594106,-0.16316563833284028,0.0,0.3333232447653997,1.5132851900552693e-05,0.3333232447653997,0.3333232447653997,1.5132851900552693e-05,-0.16316563833284028,21.56636685118277
2025-08-07 06:00:00+00:00,12446.656939548831,0.0066579161911817335,1.0279796005899453,0.0,0.3333232447653997,1.5132851900552693e-05,0.3333232447653997,0.3333232447653997,1.5132851900552693e-05,1.0279796005899453,22.594346451772715
2025-08-07 08:00:00+00:00,12384.93147566234,-0.004959200224307627,-0.871210892498848,0.0,0.3333232447653997,1.5132851900552693e-05,0.3333232447653997,0.3333232447653997,1.5132851900552693e-05,-0.871210892498848,21.723135559273867
2025-08-07 10:00:00+00:00,12335.712658863213,-0.003974088746138629,-0.6981802814398765,0.0,0.3333232447653997,1.5132851900552693e-05,0.3333232447653997,0.3333232447653997,1.5132851900552693e-05,-0.6981802814398765,21.02495527783399
2025-08-07 12:00:00+00:00,12550.806978182318,0.017436716083408445,2.603187508569951,0.0,0.3333232447653997,1.5132851900552693e-05,0.3333232447653997,0.3333232447653997,1.5132851900552693e-05,2.603187508569951,23.62814278640394
2025-08-07 14:00:00+00:00,12521.970292100583,-0.0022975961730479612,-0.41341359609407774,0.0,0.3333232447653997,1.5132851900552693e-05,0.3333232447653997,0.3333232447653997,1.5132851900552693e-05,-0.41341359609407774,23.214729190309864
2025-08-07 16:00:00+00:00,12550.719583832477,0.002295907997005162,0.33358370325639725,0.0,0.3333232447653997,1.5132851900552693e-05,0.3333232447653997,0.3333232447653997,1.5132851900552693e-05,0.33358370325639725,23.548312893566262
2025-08-07 18:00:00+00:00,12553.274648689392,0.00020357915256158002,-0.002463681407441702,0.0,0.3333232447653997,1.5132851900552693e-05,0.3333232447653997,0.3333232447653997,1.5132851900552693e-05,-0.002463681407441702,23.54584921215882
2025-08-07 20:00:00+00:00,12642.386327311706,0.0070986799154926445,1.0766559644276166,0.0,0.3333232447653997,1.5132851900552693e-05,0.3333232447653997,0.3333232447653997,1.5132851900552693e-05,1.0766559644276166,24.622505176586436
2025-08-07 22:00:00+00:00,12632.86543378977,-0.0007530930692544365,-0.16193020560767465,0.0,0.3333232447653997,1.5132851900552693e-05,0.3333232447653997,0.3333232447653997,1.5132851900552693e-05,-0.16193020560767465,24.46057497097876
2025-08-08 00:00:00+00:00,12709.749238870329,0.00608601472749912,0.9216907289087529,0.0,0.3333232447653997,1.5132851900552693e-05,0.3333232447653997,0.3333232447653997,1.5132851900552693e-05,0.9216907289087529,25.382265699887515
2025-08-08 02:00:00+00:00,12635.10733065894,-0.005872807307882169,-1.03964349855336,0.0,0.3333232447653997,1.5132851900552693e-05,0.3333232447653997,0.3333232447653997,1.5132851900552693e-05,-1.03964349855336,24.342622201334155
2025-08-08 04:00:00+00:00,12621.922743724785,-0.0010434883210025546,-0.20959160771255209,0.0,0.3333232447653997,1.5132851900552693e-05,0.3333232447653997,0.3333232447653997,1.5132851900552693e-05,-0.20959160771255209,24.1330305936216
2025-08-08 06:00:00+00:00,12547.091316437,-0.005928686841708626,-1.0447580800654663,0.0,0.3333232447653997,1.5132851900552693e-05,0.3333232447653997,0.3333232447653997,1.5132851900552693e-05,-1.0447580800654663,23.088272513556134
2025-08-08 08:00:00+00:00,12672.612092023652,0.01000397402242663,1.5147413588384293,0.0,0.3333232447653997,1.5132851900552693e-05,0.3333232447653997,0.3333232447653997,1.5132851900552693e-05,1.5147413588384293,24.603013872394563
2025-08-08 10:00:00+00:00,12645.506127547747,-0.0021389405971768433,-0.39274826361717446,0.0,0.3333232447653997,1.5132851900552693e-05,0.3333232447653997,0.3333232447653997,1.5132851900552693e-05,-0.39274826361717446,24.210265608777387
2025-08-08 12:00:00+00:00,12656.810912691992,0.0008939764870001443,0.10844940049559393,0.0,0.3333232447653997,1.5132851900552693e-05,0.3333232447653997,0.3333232447653997,1.5132851900552693e-05,0.10844940049559393,24.31871500927298
2025-08-08 14:00:00+00:00,12739.205350259484,0.006509889271148853,0.9897529938443804,0.0,0.3333232447653997,1.5132851900552693e-05,0.3333232447653997,0.3333232447653997,1.5132851900552693e-05,0.9897529938443804,25.308468003117362
2025-08-08 16:00:00+00:00,12592.70335402687,-0.011500089071853398,-2.071495754322039,0.0,0.3333232447653997,1.5132851900552693e-05,0.3333232447653997,0.3333232447653997,1.5132851900552693e-05,-2.071495754322039,23.236972248795322
2025-08-08 18:00:00+00:00,12727.456935861037,0.010700925611106226,1.605273616506828,0.0,0.3333232447653997,1.5132851900552693e-05,0.3333232447653997,0.3333232447653997,1.5132851900552693e-05,1.605273616506828,24.84224586530215
2025-08-08 20:00:00+00:00,12802.941160720868,0.00593081754196685,0.8894225919445793,0.0,0.3333232447653997,1.5132851900552693e-05,0.3333232447653997,0.3333232447653997,1.5132851900552693e-05,0.8894225919445793,25.73166845724673
2025-08-08 22:00:00+00:00,12795.148835191334,-0.0006086355808180474,-0.14058667179505097,0.0,0.3333232447653997,1.5132851900552693e-05,0.3333232447653997,0.3333232447653997,1.5132851900552693e-05,-0.14058667179505097,25.591081785451678
2025-08-09 00:00:00+00:00,12739.178005632675,-0.004374378936860697,-0.7745786075751542,0.0,0.3333232447653997,1.5132851900552693e-05,0.3333232447653997,0.3333232447653997,1.5132851900552693e-05,-0.7745786075751542,24.816503177876523
2025-08-09 02:00:00+00:00,12743.345989428492,0.00032717839361157955,0.014445144904628797,0.0,0.3333232447653997,1.5132851900552693e-05,0.3333232447653997,0.3333232447653997,1.5132851900552693e-05,0.014445144904628797,24.83094832278115
2025-08-09 04:00:00+00:00,12723.90779767316,-0.001525360119034411,-0.2907199448884934,0.0,0.3333232447653997,1.5132851900552693e-05,0.3333232447653997,0.3333232447653997,1.5132851900552693e-05,-0.2907199448884934,24.540228377892657
2025-08-09 06:00:00+00:00,12862.491073038034,0.010891565513404214,1.6274846818237725,0.0,0.3333232447653997,1.5132851900552693e-05,0.3333232447653997,0.3333232447653997,1.5132851900552693e-05,1.6274846818237725,26.16771305971643
2025-08-09 08:00:00+00:00,12876.741530843497,0.0011079080812997587,0.13735726992937117,0.0,0.3333232447653997,1.5132851900552693e-05,0.3333232447653997,0.3333232447653997,1.5132851900552693e-05,0.13735726992937117,26.3050703296458
2025-08-09 10:00:00+00:00,12924.833439664897,0.003734788704596151,0.5534127199255062,0.0,0.3333232447653997,1.5132851900552693e-05,0.3333232447653997,0.3333232447653997,1.5132851900552693e-05,0.5534127199255062,26.85848304957131
2025-08-09 12:00:00+00:00,12898.829279380685,-0.0020119532221133047,-0.3789465586689051,0.0,0.3333232447653997,1.5132851900552693e-05,0.3333232447653997,0.3333232447653997,1.5132851900552693e-05,-0.3789465586689051,26.479536490902404
2025-08-09 14:00:00+00:00,12774.891899602677,-0.00960842081816893,-1.7280344351742036,0.0,0.3333232447653997,1.5132851900552693e-05,0.3333232447653997,0.3333232447653997,1.5132851900552693e-05,-1.7280344351742036,24.7515020557282
2025-08-09 16:00:00+00:00,12726.152863441117,-0.003815221024537702,-0.6772107460720069,0.0,0.3333232447653997,1.5132851900552693e-05,0.3333232447653997,0.3333232447653997,1.5132851900552693e-05,-0.6772107460720069,24.074291309656193
2025-08-09 18:00:00+00:00,12743.684287582786,0.001377590252906145,0.18662048870482062,0.0,0.3333232447653997,1.5132851900552693e-05,0.3333232447653997,0.3333232447653997,1.5132851900552693e-05,0.18662048870482062,24.260911798361015
2025-08-09 20:00:00+00:00,12725.73193128706,-0.0014087257570574371,-0.27047724595319866,0.0,0.3333232447653997,1.5132851900552693e-05,0.3333232447653997,0.3333232447653997,1.5132851900552693e-05,-0.27047724595319866,23.990434552407816
2025-08-09 22:00:00+00:00,12713.588383974211,-0.0009542513843934248,-0.19448274542789104,0.0,0.3333232447653997,1.5132851900552693e-05,0.3333232447653997,0.3333232447653997,1.5132851900552693e-05,-0.19448274542789104,23.795951806979925
2025-08-10 00:00:00+00:00,12635.957965085803,-0.006106098179666019,-1.0783487877274296,0.0,0.3333232447653997,1.5132851900552693e-05,0.3333232447653997,0.3333232447653997,1.5132851900552693e-05,-1.0783487877274296,22.717603019252497
2025-08-10 02:00:00+00:00,12739.181387668865,0.008169022314594269,1.2511643961659107,0.0,0.3333232447653997,1.5132851900552693e-05,0.3333232447653997,0.3333232447653997,1.5132851900552693e-05,1.2511643961659107,23.96876741541841
2025-08-10 04:00:00+00:00,12867.414334381743,0.010066027228170552,1.5199462410021243,0.0,0.3333232447653997,1.5132851900552693e-05,0.3333232447653997,0.3333232447653997,1.5132851900552693e-05,1.5199462410021243,25.488713656420533
2025-08-10 06:00:00+00:00,12825.315560709834,-0.003271735298009394,-0.5887218406773141,0.0,0.3333232447653997,1.5132851900552693e-05,0.3333232447653997,0.3333232447653997,1.5132851900552693e-05,-0.5887218406773141,24.899991815743217
2025-08-10 08:00:00+00:00,12653.949184567453,-0.013361571910741943,-2.418050414855303,0.0,0.3333232447653997,1.5132851900552693e-05,0.3333232447653997,0.3333232447653997,1.5132851900552693e-05,-2.418050414855303,22.481941400887912
2025-08-10 10:00:00+00:00,12743.545548064394,0.007080506029391205,1.0733442406810332,0.0,0.3333232447653997,1.5132851900552693e-05,0.3333232447653997,0.3333232447653997,1.5132851900552693e-05,1.0733442406810332,23.555285641568947
2025-08-10 12:00:00+00:00,12772.5049730807,0.0022724778521865507,0.3285228493612494,0.0,0.3333232447653997,1.5132851900552693e-05,0.3333232447653997,0.3333232447653997,1.5132851900552693e-05,0.3285228493612494,23.883808490930196
2025-08-10 14:00:00+00:00,12718.47690229659,-0.004230029340209974,-0.74208898655561,0.0,0.3333232447653997,1.5132851900552693e-05,0.3333232447653997,0.3333232447653997,1.5132851900552693e-05,-0.74208898655561,23.141719504374585
2025-08-10 16:00:00+00:00,12882.323922998481,0.012882597653835811,1.913269941528505,0.0,0.3333232447653997,1.5132851900552693e-05,0.3333232447653997,0.3333232447653997,1.5132851900552693e-05,1.913269941528505,25.05498944590309
2025-08-10 18:00:00+00:00,12848.493899897134,-0.0026260807680010285,-0.4715024499414132,0.0,0.3333232447653997,1.5132851900552693e-05,0.3333232447653997,0.3333232447653997,1.5132851900552693e-05,-0.4715024499414132,24.583486995961675
2025-08-10 20:00:00+00:00,12892.906165705539,0.003456612592450225,0.5102920367127446,0.0,0.3333232447653997,1.5132851900552693e-05,0.3333232447653997,0.3333232447653997,1.5132851900552693e-05,0.5102920367127446,25.09377903267442
2025-08-10 22:00:00+00:00,12876.260460276319,-0.0012910747363924144,-0.25103188836820123,0.0,0.3333232447653997,1.5132851900552693e-05,0.3333232447653997,0.3333232447653997,1.5132851900552693e-05,-0.25103188836820123,24.84274714430622
2025-08-11 00:00:00+00:00,12910.337666495912,0.0026465142053256003,0.3849179885014389,0.0,0.3333232447653997,1.5132851900552693e-05,0.3333232447653997,0.3333232447653997,1.5132851900552693e-05,0.3849179885014389,25.227665132807658
2025-08-11 02:00:00+00:00,12955.557468814763,0.0035026041523454387,0.5190559775690278,0.0,0.3333232447653997,1.5132851900552693e-05,0.3333232447653997,0.3333232447653997,1.5132851900552693e-05,0.5190559775690278,25.746721110376686
2025-08-11 04:00:00+00:00,13146.801581127269,0.014761550228374977,2.1383344851860024,0.0,0.3333232447653997,1.5132851900552693e-05,0.3333232447653997,0.3333232447653997,1.5132851900552693e-05,2.1383344851860024,27.88505559556269
2025-08-11 06:00:00+00:00,13095.02543035125,-0.003938307766837047,-0.7038091703341908,0.0,0.3333232447653997,1.5132851900552693e-05,0.3333232447653997,0.3333232447653997,1.5132851900552693e-05,-0.7038091703341908,27.1812464252285
2025-08-11 08:00:00+00:00,13002.46824078336,-0.007068118352283778,-1.2492147846287558,0.0,0.3333232447653997,1.5132851900552693e-05,0.3333232447653997,0.3333232447653997,1.5132851900552693e-05,-1.2492147846287558,25.932031640599746
2025-08-11 10:00:00+00:00,13074.376819801728,0.005530379131619093,0.8209196613664583,0.0,0.3333232447653997,1.5132851900552693e-05,0.3333232447653997,0.3333232447653997,1.5132851900552693e-05,0.8209196613664583,26.752951301966203
2025-08-11 12:00:00+00:00,12996.433930335148,-0.005961499392348285,-1.0502437360905073,0.0,0.3333232447653997,1.5132851900552693e-05,0.3333232447653997,0.3333232447653997,1.5132851900552693e-05,-1.0502437360905073,25.702707565875695
2025-08-11 14:00:00+00:00,12980.777705051465,-0.0012046554745406128,-0.23768709169116528,0.0,0.3333232447653997,1.5132851900552693e-05,0.3333232447653997,0.3333232447653997,1.5132851900552693e-05,-0.23768709169116528,25.46502047418453
2025-08-11 16:00:00+00:00,13001.70072222326,0.0016118461965229142,0.21844023130787393,0.0,0.3333232447653997,1.5132851900552693e-05,0.3333232447653997,0.3333232447653997,1.5132851900552693e-05,0.21844023130787393,25.683460705492404
2025-08-11 18:00:00+00:00,12995.127298503701,-0.0005055818357919499,-0.12354753635631288,0.0,0.3333232447653997,1.5132851900552693e-05,0.3333232447653997,0.3333232447653997,1.5132851900552693e-05,-0.12354753635631288,25.55991316913609
2025-08-11 20:00:00+00:00,12824.276078947683,-0.013147329428292026,-2.3685597040141873,0.0,0.3333232447653997,1.5132851900552693e-05,0.3333232447653997,0.3333232447653997,1.5132851900552693e-05,-2.3685597040141873,23.191353465121903
2025-08-11 22:00:00+00:00,12759.872043824844,-0.005022040599123127,-0.8670831236292624,0.0,0.3333232447653997,1.5132851900552693e-05,0.3333232447653997,0.3333232447653997,1.5132851900552693e-05,-0.8670831236292624,22.324270341492642
2025-08-12 00:00:00+00:00,12752.210642980688,-0.0006004292847014677,-0.12966552614052568,0.0,0.3333232447653997,1.5132851900552693e-05,0.3333232447653997,0.3333232447653997,1.5132851900552693e-05,-0.12966552614052568,22.19460481535212
2025-08-12 02:00:00+00:00,12829.238397775385,0.006040345235129597,0.9139005031960512,0.0,0.3333232447653997,1.5132851900552693e-05,0.3333232447653997,0.3333232447653997,1.5132851900552693e-05,0.9139005031960512,23.10850531854817
2025-08-12 04:00:00+00:00,12753.98148926327,-0.005866046461897938,-1.0144438888657485,0.0,0.3333232447653997,1.5132851900552693e-05,0.3333232447653997,0.3333232447653997,1.5132851900552693e-05,-1.0144438888657485,22.09406142968242
2025-08-12 06:00:00+00:00,12732.687335816458,-0.0016696083073931202,-0.30423586407101927,0.0,0.3333232447653997,1.5132851900552693e-05,0.3333232447653997,0.3333232447653997,1.5132851900552693e-05,-0.30423586407101927,21.7898255656114
2025-08-12 08:00:00+00:00,12752.871794074525,0.0015852473029232155,0.22365192581638207,0.0,0.3333232447653997,1.5132851900552693e-05,0.3333232447653997,0.3333232447653997,1.5132851900552693e-05,0.22365192581638207,22.013477491427786
2025-08-12 10:00:00+00:00,12686.744897016973,-0.0051852553781867325,-0.8963445713189319,0.0,0.3333232447653997,1.5132851900552693e-05,0.3333232447653997,0.3333232447653997,1.5132851900552693e-05,-0.8963445713189319,21.117132920108855
2025-08-12 12:00:00+00:00,12691.066471703154,0.00034063699721727047,0.02576249990283235,0.9999016390388351,2.2698419121291684e-05,0.499965952371318,2.2698419121291684e-05,2.2698419121291684e-05,0.499965952371318,0.02576249990283235,21.142895420011687
2025-08-12 14:00:00+00:00,12827.929205489387,0.010784179098848157,1.6364516968435594,0.0,2.2698419121291684e-05,0.499965952371318,2.2698419121291684e-05,2.2698419121291684e-05,0.499965952371318,1.6364516968435594,22.779347116855245
2025-08-12 16:00:00+00:00,12958.350474975388,0.010166977646726543,1.5256880685933178,0.0,2.2698419121291684e-05,0.499965952371318,2.2698419121291684e-05,2.2698419121291684e-05,0.499965952371318,1.5256880685933178,24.305035185448563
2025-08-12 18:00:00+00:00,12998.389713016099,0.003089840648933938,0.45332726329785666,0.0,2.2698419121291684e-05,0.499965952371318,2.2698419121291684e-05,2.2698419121291684e-05,0.499965952371318,0.45332726329785666,24.75836244874642
2025-08-12 20:00:00+00:00,13022.53230504695,0.0018573525308813075,0.2591983396831963,0.0,2.2698419121291684e-05,0.499965952371318,2.2698419121291684e-05,2.2698419121291684e-05,0.499965952371318,0.2591983396831963,25.017560788429616
2025-08-12 22:00:00+00:00,13122.742385386216,0.007695130101572354,1.1517991373160812,0.0,2.2698419121291684e-05,0.499965952371318,2.2698419121291684e-05,2.2698419121291684e-05,0.499965952371318,1.1517991373160812,26.1693599257457
2025-08-13 00:00:00+00:00,13153.148962050655,0.0023170901151194903,0.3287488720905756,0.9999016390388351,0.3333232447653997,1.5132851900552693e-05,0.3333232447653997,0.3333232447653997,1.5132851900552693e-05,0.3287488720905756,26.498108797836274
2025-08-13 02:00:00+00:00,13063.02087623101,-0.006852205968295661,-1.213279912538872,0.0,0.3333232447653997,1.5132851900552693e-05,0.3333232447653997,0.3333232447653997,1.5132851900552693e-05,-1.213279912538872,25.2848288852974
2025-08-13 04:00:00+00:00,13178.4698021714,0.008837842872199336,1.3170705203687731,0.0,0.3333232447653997,1.5132851900552693e-05,0.3333232447653997,0.3333232447653997,1.5132851900552693e-05,1.3170705203687731,26.601899405666174
2025-08-13 06:00:00+00:00,13164.861914094285,-0.0010325848358261472,-0.21247384594186808,0.0,0.3333232447653997,1.5132851900552693e-05,0.3333232447653997,0.3333232447653997,1.5132851900552693e-05,-0.21247384594186808,26.389425559724305
2025-08-13 08:00:00+00:00,13249.503924788329,0.006429388416404583,0.9588079535582391,0.0,0.3333232447653997,1.5132851900552693e-05,0.3333232447653997,0.3333232447653997,1.5132851900552693e-05,0.9588079535582391,27.348233513282544
2025-08-13 10:00:00+00:00,13329.633493397692,0.006047741037266422,0.8981997952987438,0.0,0.3333232447653997,1.5132851900552693e-05,0.3333232447653997,0.3333232447653997,1.5132851900552693e-05,0.8981997952987438,28.246433308581288
2025-08-13 12:00:00+00:00,13338.379771808306,0.0006561529553640921,0.059049265942503225,0.0,0.3333232447653997,1.5132851900552693e-05,0.3333232447653997,0.3333232447653997,1.5132851900552693e-05,0.059049265942503225,28.30548257452379
2025-08-13 14:00:00+00:00,13374.269502456222,0.002690711410374705,0.3838627251365346,0.0,0.3333232447653997,1.5132851900552693e-05,0.3333232447653997,0.3333232447653997,1.5132851900552693e-05,0.3838627251365346,28.689345299660324
2025-08-13 16:00:00+00:00,13216.433325904738,-0.011801480187198062,-2.1643212250166646,0.0,0.3333232447653997,1.5132851900552693e-05,0.3333232447653997,0.3333232447653997,1.5132851900552693e-05,-2.1643212250166646,26.52502407464366
2025-08-13 18:00:00+00:00,13249.297820063397,0.0024866386678049175,0.354256533129312,0.0,0.3333232447653997,1.5132851900552693e-05,0.3333232447653997,0.3333232447653997,1.5132851900552693e-05,0.354256533129312,26.879280607772973
2025-08-13 20:00:00+00:00,13308.293775314527,0.004452760897395926,0.6591401057023539,0.0,0.3333232447653997,1.5132851900552693e-05,0.3333232447653997,0.3333232447653997,1.5132851900552693e-05,0.6591401057023539,27.538420713475325
2025-08-13 22:00:00+00:00,13264.406328902407,-0.0032977515490022116,-0.5976439675317444,0.0,0.3333232447653997,1.5132851900552693e-05,0.3333232447653997,0.3333232447653997,1.5132851900552693e-05,-0.5976439675317444,26.94077674594358
2025-08-14 00:00:00+00:00,13366.614901709134,0.007705476617074094,1.147210698247875,0.0,0.3333232447653997,1.5132851900552693e-05,0.3333232447653997,0.3333232447653997,1.5132851900552693e-05,1.147210698247875,28.087987444191455
2025-08-14 02:00:00+00:00,13402.120395850763,0.0026562816691224345,0.3785944153952011,0.0,0.3333232447653997,1.5132851900552693e-05,0.3333232447653997,0.3333232447653997,1.5132851900552693e-05,0.3785944153952011,28.466581859586658
2025-08-14 04:00:00+00:00,13479.47236452483,0.005771621682940107,0.856325227350316,0.0,0.3333232447653997,1.5132851900552693e-05,0.3333232447653997,0.3333232447653997,1.5132851900552693e-05,0.856325227350316,29.322907086936972
2025-08-14 06:00:00+00:00,13351.700427698488,-0.009479001356359628,-1.7261108354871901,0.0,0.3333232447653997,1.5132851900552693e-05,0.3333232447653997,0.3333232447653997,1.5132851900552693e-05,-1.7261108354871901,27.59679625144978
2025-08-14 08:00:00+00:00,13315.359179965553,-0.002721844152340563,-0.4993777135985702,0.0,0.3333232447653997,1.5132851900552693e-05,0.3333232447653997,0.3333232447653997,1.5132851900552693e-05,-0.4993777135985702,27.097418537851212
2025-08-14 10:00:00+00:00,13334.428669682931,0.0014321423447645324,0.187079483540176,0.0,0.3333232447653997,1.5132851900552693e-05,0.3333232447653997,0.3333232447653997,1.5132851900552693e-05,0.187079483540176,27.28449802139139
2025-08-14 12:00:00+00:00,13244.332591515618,-0.006756650802156622,-1.2071904483059062,0.0,0.3333232447653997,1.5132851900552693e-05,0.3333232447653997,0.3333232447653997,1.5132851900552693e-05,-1.2071904483059062,26.077307573085484
2025-08-14 14:00:00+00:00,12899.138491833972,-0.026063533009038124,-5.056989618451211,0.0,0.3333232447653997,1.5132851900552693e-05,0.3333232447653997,0.3333232447653997,1.5132851900552693e-05,-5.056989618451211,21.020317954634272
2025-08-14 16:00:00+00:00,12897.639373644619,-0.00011621847383842461,-0.048040117057798426,0.0,0.3333232447653997,1.5132851900552693e-05,0.3333232447653997,0.3333232447653997,1.5132851900552693e-05,-0.048040117057798426,20.972277837576474
2025-08-14 18:00:00+00:00,12755.871265682184,-0.010991787245356516,-1.8398189098477535,0.0,0.3333232447653997,1.5132851900552693e-05,0.3333232447653997,0.3333232447653997,1.5132851900552693e-05,-1.8398189098477535,19.13245892772872
2025-08-14 20:00:00+00:00,12806.162537688531,0.003942597958137852,0.5795083177812529,0.0,0.3333232447653997,1.5132851900552693e-05,0.3333232447653997,0.3333232447653997,1.5132851900552693e-05,0.5795083177812529,19.711967245509975
2025-08-14 22:00:00+00:00,12731.863575834454,-0.005801813122035156,-0.9536164820601973,0.0,0.3333232447653997,1.5132851900552693e-05,0.3333232447653997,0.3333232447653997,1.5132851900552693e-05,-0.9536164820601973,18.758350763449776
2025-08-15 00:00:00+00:00,12814.93252121829,0.006524492262193546,0.9688676015114264,0.0,0.3333232447653997,1.5132851900552693e-05,0.3333232447653997,0.3333232447653997,1.5132851900552693e-05,0.9688676015114264,19.727218364961203
2025-08-15 02:00:00+00:00,12873.917187812986,0.0046028074277434435,0.6783367337609256,0.0,0.3333232447653997,1.5132851900552693e-05,0.3333232447653997,0.3333232447653997,1.5132851900552693e-05,0.6783367337609256,20.40555509872213
2025-08-15 04:00:00+00:00,12932.493888564266,0.004550029326484334,0.6690662046130562,0.0,0.3333232447653997,1.5132851900552693e-05,0.3333232447653997,0.3333232447653997,1.5132851900552693e-05,0.6690662046130562,21.074621303335185
2025-08-15 06:00:00+00:00,12910.616860404416,-0.0016916325921633912,-0.2971736488319616,0.9999016390388351,2.2698419121291684e-05,0.499965952371318,2.2698419121291684e-05,2.2698419121291684e-05,0.499965952371318,-0.2971736488319616,20.777447654503224
2025-08-15 08:00:00+00:00,12940.465682027845,0.00231195937004165,0.32990237394417243,0.0,2.2698419121291684e-05,0.499965952371318,2.2698419121291684e-05,2.2698419121291684e-05,0.499965952371318,0.32990237394417243,21.107350028447396
2025-08-15 10:00:00+00:00,12918.335654171151,-0.001710141535897693,-0.3014473188709203,0.0,2.2698419121291684e-05,0.499965952371318,2.2698419121291684e-05,2.2698419121291684e-05,0.499965952371318,-0.3014473188709203,20.805902709576475
2025-08-15 12:00:00+00:00,12932.14901708559,0.0010692834808003033,0.13847235837862906,0.0,2.2698419121291684e-05,0.499965952371318,2.2698419121291684e-05,2.2698419121291684e-05,0.499965952371318,0.13847235837862906,20.944375067955104
2025-08-15 14:00:00+00:00,12801.085663096335,-0.01013469252605245,-1.7077557488435084,0.0,2.2698419121291684e-05,0.499965952371318,2.2698419121291684e-05,2.2698419121291684e-05,0.499965952371318,-1.7077557488435084,19.236619319111597
2025-08-15 16:00:00+00:00,12654.020679049496,-0.011488477455533785,-1.9149253164659632,0.9999016390388351,0.3333232447653997,1.5132851900552693e-05,0.3333232447653997,0.3333232447653997,1.5132851900552693e-05,-1.9149253164659632,17.321694002645632
2025-08-15 18:00:00+00:00,12732.87681955122,0.006231706309148219,0.9334568707770867,0.0,0.3333232447653997,1.5132851900552693e-05,0.3333232447653997,0.3333232447653997,1.5132851900552693e-05,0.9334568707770867,18.255150873422718
2025-08-15 20:00:00+00:00,12649.614170833249,-0.006539185912025922,-1.0691736540663683,0.0,0.3333232447653997,1.5132851900552693e-05,0.3333232447653997,0.3333232447653997,1.5132851900552693e-05,-1.0691736540663683,17.18597721935635
2025-08-15 22:00:00+00:00,12726.353158355525,0.006066508154787543,0.9092720560759487,0.0,0.3333232447653997,1.5132851900552693e-05,0.3333232447653997,0.3333232447653997,1.5132851900552693e-05,0.9092720560759487,18.095249275432298
2025-08-16 00:00:00+00:00,12758.38194431949,0.0025167293069291636,0.36744051232037434,0.0,0.3333232447653997,1.5132851900552693e-05,0.3333232447653997,0.3333232447653997,1.5132851900552693e-05,0.36744051232037434,18.462689787752673
2025-08-16 02:00:00+00:00,12854.155795749364,0.00750673963578241,1.1206490758330452,0.0,0.3333232447653997,1.5132851900552693e-05,0.3333232447653997,0.3333232447653997,1.5132851900552693e-05,1.1206490758330452,19.58333886358572
2025-08-16 04:00:00+00:00,12807.111811748495,-0.0036598268099742853,-0.6084221350177659,0.0,0.3333232447653997,1.5132851900552693e-05,0.3333232447653997,0.3333232447653997,1.5132851900552693e-05,-0.6084221350177659,18.974916728567955
2025-08-16 06:00:00+00:00,12783.105677368749,-0.0018744377914873852,-0.32100863298182103,0.0,0.3333232447653997,1.5132851900552693e-05,0.3333232447653997,0.3333232447653997,1.5132851900552693e-05,-0.32100863298182103,18.653908095586132
2025-08-16 08:00:00+00:00,12794.52910108149,0.0008936344579365985,0.11604925039117162,0.0,0.3333232447653997,1.5132851900552693e-05,0.3333232447653997,0.3333232447653997,1.5132851900552693e-05,0.11604925039117162,18.769957345977303
2025-08-16 10:00:00+00:00,12736.818271735856,-0.004510586430317151,-0.7474090257363425,0.0,0.3333232447653997,1.5132851900552693e-05,0.3333232447653997,0.3333232447653997,1.5132851900552693e-05,-0.7474090257363425,18.02254832024096
2025-08-16 12:00:00+00:00,12686.395041637892,-0.003958856051974807,-0.6555117107098094,0.0,0.3333232447653997,1.5132851900552693e-05,0.3333232447653997,0.3333232447653997,1.5132851900552693e-05,-0.6555117107098094,17.36703660953115
2025-08-16 14:00:00+00:00,12731.564114920904,0.0035604340819250613,0.534965727340208,0.0,0.3333232447653997,1.5132851900552693e-05,0.3333232447653997,0.3333232447653997,1.5132851900552693e-05,0.534965727340208,17.90200233687136
2025-08-16 16:00:00+00:00,12781.481263132098,0.003920739648374701,0.5898610568568581,0.0,0.3333232447653997,1.5132851900552693e-05,0.3333232447653997,0.3333232447653997,1.5132851900552693e-05,0.5898610568568581,18.491863393728217
2025-08-16 18:00:00+00:00,12810.697706678186,0.0022858417537536327,0.3357581301760429,0.0,0.3333232447653997,1.5132851900552693e-05,0.3333232447653997,0.3333232447653997,1.5132851900552693e-05,0.3357581301760429,18.82762152390426
2025-08-16 20:00:00+00:00,12833.60925241421,0.0017884697821009068,0.2578593947291735,0.0,0.3333232447653997,1.5132851900552693e-05,0.3333232447653997,0.3333232447653997,1.5132851900552693e-05,0.2578593947291735,19.085480918633433
2025-08-16 22:00:00+00:00,12824.10035298312,-0.0007409372721318524,-0.14346620418243375,0.0,0.3333232447653997,1.5132851900552693e-05,0.3333232447653997,0.3333232447653997,1.5132851900552693e-05,-0.14346620418243375,18.942014714451
2025-08-17 00:00:00+00:00,12884.269554311248,0.0046918847850510766,0.7108234072670914,0.0,0.3333232447653997,1.5132851900552693e-05,0.3333232447653997,0.3333232447653997,1.5132851900552693e-05,0.7108234072670914,19.65283812171809
2025-08-17 02:00:00+00:00,12900.879175263495,0.0012891395109541498,0.1785995277922704,0.0,0.3333232447653997,1.5132851900552693e-05,0.3333232447653997,0.3333232447653997,1.5132851900552693e-05,0.1785995277922704,19.83143764951036
2025-08-17 04:00:00+00:00,12910.856226043043,0.0007733620820723822,0.09666282588678,0.0,0.3333232447653997,1.5132851900552693e-05,0.3333232447653997,0.3333232447653997,1.5132851900552693e-05,0.09666282588678,19.92810047539714
2025-08-17 06:00:00+00:00,12975.329664628713,0.0049937384056385915,0.7583274491578164,0.0,0.3333232447653997,1.5132851900552693e-05,0.3333232447653997,0.3333232447653997,1.5132851900552693e-05,0.7583274491578164,20.68642792455496
2025-08-17 08:00:00+00:00,13055.487194576064,0.006177687351240551,0.9371577452903647,0.0,0.3333232447653997,1.5132851900552693e-05,0.3333232447653997,0.3333232447653997,1.5132851900552693e-05,0.9371577452903647,21.623585669845323
2025-08-17 10:00:00+00:00,13079.291125842276,0.0018232893887025552,0.25969777834193214,0.0,0.3333232447653997,1.5132851900552693e-05,0.3333232447653997,0.3333232447653997,1.5132851900552693e-05,0.25969777834193214,21.883283448187253
2025-08-17 12:00:00+00:00,13084.675103818876,0.00041164142037964193,0.03423260734364598,0.0,0.3333232447653997,1.5132851900552693e-05,0.3333232447653997,0.3333232447653997,1.5132851900552693e-05,0.03423260734364598,21.9175160555309
2025-08-17 14:00:00+00:00,13050.895285912238,-0.002581632148954148,-0.45600275403819207,0.0,0.3333232447653997,1.5132851900552693e-05,0.3333232447653997,0.3333232447653997,1.5132851900552693e-05,-0.45600275403819207,21.461513301492708
2025-08-17 16:00:00+00:00,13072.589947776352,0.0016623121547478935,0.23641793519250676,0.0,0.3333232447653997,1.5132851900552693e-05,0.3333232447653997,0.3333232447653997,1.5132851900552693e-05,0.23641793519250676,21.697931236685214
2025-08-17 18:00:00+00:00,13017.50222687853,-0.004213986755332456,-0.7318817612706364,0.0,0.3333232447653997,1.5132851900552693e-05,0.3333232447653997,0.3333232447653997,1.5132851900552693e-05,-0.7318817612706364,20.96604947541458
2025-08-17 20:00:00+00:00,12943.095948415144,-0.005715864469740789,-0.9858056038057863,0.0,0.3333232447653997,1.5132851900552693e-05,0.3333232447653997,0.3333232447653997,1.5132851900552693e-05,-0.9858056038057863,19.980243871608792
2025-08-17 22:00:00+00:00,12960.062131927405,0.0013108288449594028,0.18471282055703067,0.0,0.3333232447653997,1.5132851900552693e-05,0.3333232447653997,0.3333232447653997,1.5132851900552693e-05,0.18471282055703067,20.164956692165823
2025-08-18 00:00:00+00:00,12959.64480226181,-3.220120870922605e-05,-0.03305249896582161,0.0,0.3333232447653997,1.5132851900552693e-05,0.3333232447653997,0.3333232447653997,1.5132851900552693e-05,-0.03305249896582161,20.1319041932
2025-08-18 02:00:00+00:00,12796.185204819616,-0.012612968946005807,-2.207058980680355,0.0,0.3333232447653997,1.5132851900552693e-05,0.3333232447653997,0.3333232447653997,1.5132851900552693e-05,-2.207058980680355,17.924845212519646
2025-08-18 04:00:00+00:00,12633.80432108559,-0.012689788490468649,-2.170700537063913,0.0,0.3333232447653997,1.5132851900552693e-05,0.3333232447653997,0.3333232447653997,1.5132851900552693e-05,-2.170700537063913,15.754144675455732
2025-08-18 06:00:00+00:00,12670.136863057316,0.002875819590706118,0.4411395034366142,0.0,0.3333232447653997,1.5132851900552693e-05,0.3333232447653997,0.3333232447653997,1.5132851900552693e-05,0.4411395034366142,16.195284178892347
2025-08-18 08:00:00+00:00,12586.150526694943,-0.006628684225760295,-1.1043009943726414,0.0,0.3333232447653997,1.5132851900552693e-05,0.3333232447653997,0.3333232447653997,1.5132851900552693e-05,-1.1043009943726414,15.090983184519706
2025-08-18 10:00:00+00:00,12615.176820980103,0.0023062090528472227,0.35337180248333394,0.0,0.3333232447653997,1.5132851900552693e-05,0.3333232447653997,0.3333232447653997,1.5132851900552693e-05,0.35337180248333394,15.44435498700304
2025-08-18 12:00:00+00:00,12592.885577838024,-0.0017670178911013818,-0.30193294030936246,0.0,0.3333232447653997,1.5132851900552693e-05,0.3333232447653997,0.3333232447653997,1.5132851900552693e-05,-0.30193294030936246,15.142422046693678
2025-08-18 14:00:00+00:00,12619.230616916888,0.0020920573696967914,0.3206798638445572,0.0,0.3333232447653997,1.5132851900552693e-05,0.3333232447653997,0.3333232447653997,1.5132851900552693e-05,0.3206798638445572,15.463101910538235
2025-08-18 16:00:00+00:00,12750.379591305156,0.010392786879768643,1.6201324510202146,0.0,0.3333232447653997,1.5132851900552693e-05,0.3333232447653997,0.3333232447653997,1.5132851900552693e-05,1.6201324510202146,17.08323436155845
2025-08-18 18:00:00+00:00,12773.147381710329,0.0017856558890762513,0.2660742468945692,0.0,0.3333232447653997,1.5132851900552693e-05,0.3333232447653997,0.3333232447653997,1.5132851900552693e-05,0.2660742468945692,17.34930860845302
2025-08-18 20:00:00+00:00,12764.504336919808,-0.0006766574073119183,-0.13039757156164536,0.0,0.3333232447653997,1.5132851900552693e-05,0.3333232447653997,0.3333232447653997,1.5132851900552693e-05,-0.13039757156164536,17.218911036891374
2025-08-18 22:00:00+00:00,12795.604155771543,0.002436429808071968,0.3710423855782394,0.0,0.3333232447653997,1.5132851900552693e-05,0.3333232447653997,0.3333232447653997,1.5132851900552693e-05,0.3710423855782394,17.589953422469613
2025-08-19 00:00:00+00:00,12768.621733956497,-0.002108725894187312,-0.3663035602048875,0.0,0.3333232447653997,1.5132851900552693e-05,0.3333232447653997,0.3333232447653997,1.5132851900552693e-05,-0.3663035602048875,17.223649862264725
2025-08-19 02:00:00+00:00,12701.20692952191,-0.005279724455718445,-0.8945141672605743,0.0,0.3333232447653997,1.5132851900552693e-05,0.3333232447653997,0.3333232447653997,1.5132851900552693e-05,-0.8945141672605743,16.32913569500415
2025-08-19 04:00:00+00:00,12608.809244233775,-0.007274716946258932,-1.2274325012961051,0.0,0.3333232447653997,1.5132851900552693e-05,0.3333232447653997,0.3333232447653997,1.5132851900552693e-05,-1.2274325012961051,15.101703193708046
2025-08-19 06:00:00+00:00,12667.709029417018,0.004671320189111395,0.7350370059691129,0.0,0.3333232447653997,1.5132851900552693e-05,0.3333232447653997,0.3333232447653997,1.5132851900552693e-05,0.7350370059691129,15.836740199677159
2025-08-19 08:00:00+00:00,12580.653314184907,-0.00687225409345513,-1.1562455320380687,0.0,0.3333232447653997,1.5132851900552693e-05,0.3333232447653997,0.3333232447653997,1.5132851900552693e-05,-1.1562455320380687,14.68049466763909
2025-08-19 10:00:00+00:00,12648.722981940786,0.00541066239216135,0.8542624193378964,0.0,0.3333232447653997,1.5132851900552693e-05,0.3333232447653997,0.3333232447653997,1.5132851900552693e-05,0.8542624193378964,15.534757086976986
2025-08-19 12:00:00+00:00,12683.943032754518,0.0027844748330733177,0.4333468440991166,0.0,0.3333232447653997,1.5132851900552693e-05,0.3333232447653997,0.3333232447653997,1.5132851900552693e-05,0.4333468440991166,15.968103931076103
2025-08-19 14:00:00+00:00,12639.596315651022,-0.0034962879436603997,-0.5929206681297899,0.0,0.3333232447653997,1.5132851900552693e-05,0.3333232447653997,0.3333232447653997,1.5132851900552693e-05,-0.5929206681297899,15.375183262946313
2025-08-19 16:00:00+00:00,12473.643807338778,-0.01312957345850944,-2.231841414064934,0.0,0.3333232447653997,1.5132851900552693e-05,0.3333232447653997,0.3333232447653997,1.5132851900552693e-05,-2.231841414064934,13.143341848881379
2025-08-19 18:00:00+00:00,12468.408061391703,-0.0004197447055522765,-0.0782197874885355,0.0,0.3333232447653997,1.5132851900552693e-05,0.3333232447653997,0.3333232447653997,1.5132851900552693e-05,-0.0782197874885355,13.065122061392843
2025-08-19 20:00:00+00:00,12414.552893000064,-0.004319329951864565,-0.7150867787754969,0.0,0.3333232447653997,1.5132851900552693e-05,0.3333232447653997,0.3333232447653997,1.5132851900552693e-05,-0.7150867787754969,12.350035282617347
2025-08-19 22:00:00+00:00,12505.58039636079,0.007332322327294666,1.169507443955705,0.0,0.3333232447653997,1.5132851900552693e-05,0.3333232447653997,0.3333232447653997,1.5132851900552693e-05,1.169507443955705,13.519542726573052
2025-08-20 00:00:00+00:00,12347.04016946086,-0.012677558487894447,-2.114111863636517,0.0,0.3333232447653997,1.5132851900552693e-05,0.3333232447653997,0.3333232447653997,1.5132851900552693e-05,-2.114111863636517,11.405430862936536
2025-08-20 02:00:00+00:00,12415.408405449778,0.005537216616336831,0.8793655942494166,0.0,0.3333232447653997,1.5132851900552693e-05,0.3333232447653997,0.3333232447653997,1.5132851900552693e-05,0.8793655942494166,12.284796457185951
2025-08-20 04:00:00+00:00,12469.316161842402,0.0043420042766342554,0.6862797699789877,0.0,0.3333232447653997,1.5132851900552693e-05,0.3333232447653997,0.3333232447653997,1.5132851900552693e-05,0.6862797699789877,12.97107622716494
2025-08-20 06:00:00+00:00,12486.480176859828,0.001376500105911997,0.2113464246269222,0.0,0.3333232447653997,1.5132851900552693e-05,0.3333232447653997,0.3333232447653997,1.5132851900552693e-05,0.2113464246269222,13.182422651791862
2025-08-20 08:00:00+00:00,12466.684250333672,-0.001585388856248101,-0.2671778278746311,0.0,0.3333232447653997,1.5132851900552693e-05,0.3333232447653997,0.3333232447653997,1.5132851900552693e-05,-0.2671778278746311,12.91524482391723
2025-08-20 10:00:00+00:00,12472.928180352146,0.0005008492950566666,0.07121993093249768,0.0,0.3333232447653997,1.5132851900552693e-05,0.3333232447653997,0.3333232447653997,1.5132851900552693e-05,0.07121993093249768,12.98646475484973
2025-08-20 12:00:00+00:00,12486.864268575126,0.0011173068602233092,0.17101518741996274,0.0,0.3333232447653997,1.5132851900552693e-05,0.3333232447653997,0.3333232447653997,1.5132851900552693e-05,0.17101518741996274,13.157479942269692
2025-08-20 14:00:00+00:00,12358.771971432976,-0.010258163649981496,-1.7080245796128664,0.0,0.3333232447653997,1.5132851900552693e-05,0.3333232447653997,0.3333232447653997,1.5132851900552693e-05,-1.7080245796128664,11.449455362656826
2025-08-20 16:00:00+00:00,12491.867216415776,0.010769293687952626,1.7185998882700297,0.0,0.3333232447653997,1.5132851900552693e-05,0.3333232447653997,0.3333232447653997,1.5132851900552693e-05,1.7185998882700297,13.168055250926855
2025-08-20 18:00:00+00:00,12633.1301107702,0.011308389042815597,1.777212115774089,0.0,0.3333232447653997,1.5132851900552693e-05,0.3333232447653997,0.3333232447653997,1.5132851900552693e-05,1.777212115774089,14.945267366700945
2025-08-20 20:00:00+00:00,12782.74808079755,0.011843301597899012,1.8304614019411893,0.0,0.3333232447653997,1.5132851900552693e-05,0.3333232447653997,0.3333232447653997,1.5132851900552693e-05,1.8304614019411893,16.775728768642132
2025-08-20 22:00:00+00:00,12810.843614361185,0.002197925937838129,0.32864368678158723,0.0,0.3333232447653997,1.5132851900552693e-05,0.3333232447653997,0.3333232447653997,1.5132851900552693e-05,0.32864368678158723,17.104372455423718
2025-08-21 00:00:00+00:00,12746.375953732399,-0.005032272859573141,-0.8375141824204018,0.0,0.3333232447653997,1.5132851900552693e-05,0.3333232447653997,0.3333232447653997,1.5132851900552693e-05,-0.8375141824204018,16.266858273003315
2025-08-21 02:00:00+00:00,12863.085085305744,0.009156259943766227,1.4070907415915226,0.0,0.3333232447653997,1.5132851900552693e-05,0.3333232447653997,0.3333232447653997,1.5132851900552693e-05,1.4070907415915226,17.67394901459484
2025-08-21 04:00:00+00:00,12719.937430456068,-0.011128563163529285,-1.8653123952326027,0.0,0.3333232447653997,1.5132851900552693e-05,0.3333232447653997,0.3333232447653997,1.5132851900552693e-05,-1.8653123952326027,15.808636619362236
2025-08-21 06:00:00+00:00,12719.65179555557,-2.2455684397827606e-05,-0.02056457641176344,0.0,0.3333232447653997,1.5132851900552693e-05,0.3333232447653997,0.3333232447653997,1.5132851900552693e-05,-0.02056457641176344,15.788072042950473
2025-08-21 08:00:00+00:00,12702.801724308489,-0.0013247273996109016,-0.22826188382899762,0.0,0.3333232447653997,1.5132851900552693e-05,0.3333232447653997,0.3333232447653997,1.5132851900552693e-05,-0.22826188382899762,15.559810159121476
2025-08-21 10:00:00+00:00,12599.18380789349,-0.008157091534910012,-1.3434487643510498,0.0,0.3333232447653997,1.5132851900552693e-05,0.3333232447653997,0.3333232447653997,1.5132851900552693e-05,-1.3434487643510498,14.216361394770425
2025-08-21 12:00:00+00:00,12568.10511919962,-0.002466722382000685,-0.40708578565912895,0.0,0.3333232447653997,1.5132851900552693e-05,0.3333232447653997,0.3333232447653997,1.5132851900552693e-05,-0.40708578565912895,13.809275609111296
2025-08-21 14:00:00+00:00,12543.53543851575,-0.0019549232323285135,-0.3244925670078126,0.9999016390388351,2.2698419121291684e-05,0.499965952371318,2.2698419121291684e-05,2.2698419121291684e-05,0.499965952371318,-0.3244925670078126,13.484783042103484
2025-08-21 16:00:00+00:00,12453.806529060728,-0.007153398648638078,-1.1674173344739398,0.9999016390388351,0.3333232447653997,1.5132851900552693e-05,0.3333232447653997,0.3333232447653997,1.5132851900552693e-05,-1.1674173344739398,12.317365707629543
2025-08-21 18:00:00+00:00,12462.88187937895,0.000728720997635889,0.10780255022376077,0.0,0.3333232447653997,1.5132851900552693e-05,0.3333232447653997,0.3333232447653997,1.5132851900552693e-05,0.10780255022376077,12.425168257853304
2025-08-21 20:00:00+00:00,12423.838929725976,-0.0031327384814240984,-0.5113592706050756,0.0,0.3333232447653997,1.5132851900552693e-05,0.3333232447653997,0.3333232447653997,1.5132851900552693e-05,-0.5113592706050756,11.91380898724823
2025-08-21 22:00:00+00:00,12477.05009800071,0.004282989225449285,0.6750709432019333,0.0,0.3333232447653997,1.5132851900552693e-05,0.3333232447653997,0.3333232447653997,1.5132851900552693e-05,0.6750709432019333,12.588879930450162
2025-08-22 00:00:00+00:00,12454.068180493003,-0.00184193517916448,-0.3050663489994141,0.0,0.3333232447653997,1.5132851900552693e-05,0.3333232447653997,0.3333232447653997,1.5132851900552693e-05,-0.3050663489994141,12.283813581450747
2025-08-22 02:00:00+00:00,12516.571480182463,0.005018705436939999,0.7930080226815321,0.0,0.3333232447653997,1.5132851900552693e-05,0.3333232447653997,0.3333232447653997,1.5132851900552693e-05,0.7930080226815321,13.07682160413228
2025-08-22 04:00:00+00:00,12529.585557940934,0.0010397478078623423,0.15682091494376504,0.0,0.3333232447653997,1.5132851900552693e-05,0.3333232447653997,0.3333232447653997,1.5132851900552693e-05,0.15682091494376504,13.233642519076044
2025-08-22 06:00:00+00:00,12582.529276046806,0.00422549635509031,0.6660132277212569,0.0,0.3333232447653997,1.5132851900552693e-05,0.3333232447653997,0.3333232447653997,1.5132851900552693e-05,0.6660132277212569,13.8996557467973
2025-08-22 08:00:00+00:00,12589.435455697221,0.0005488705409621389,0.07633431940203207,0.0,0.3333232447653997,1.5132851900552693e-05,0.3333232447653997,0.3333232447653997,1.5132851900552693e-05,0.07633431940203207,13.975990066199333
2025-08-22 10:00:00+00:00,12574.010034724184,-0.001225267092183779,-0.2113218112114066,0.0,0.3333232447653997,1.5132851900552693e-05,0.3333232447653997,0.3333232447653997,1.5132851900552693e-05,-0.2113218112114066,13.764668254987926
2025-08-22 12:00:00+00:00,12480.06781233915,-0.00747114262877202,-1.2420082357152749,0.0,0.3333232447653997,1.5132851900552693e-05,0.3333232447653997,0.3333232447653997,1.5132851900552693e-05,-1.2420082357152749,12.522660019272651
2025-08-22 14:00:00+00:00,12488.56295425166,0.0006806967750696424,0.10142326480059842,0.0,0.3333232447653997,1.5132851900552693e-05,0.3333232447653997,0.3333232447653997,1.5132851900552693e-05,0.10142326480059842,12.624083284073249
2025-08-22 16:00:00+00:00,12948.737950617913,0.036847714028585596,5.653884336257509,0.0,0.3333232447653997,1.5132851900552693e-05,0.3333232447653997,0.3333232447653997,1.5132851900552693e-05,5.653884336257509,18.277967620330756
2025-08-22 18:00:00+00:00,13158.459687704732,0.01619630715260626,2.2817022920705985,0.0,0.3333232447653997,1.5132851900552693e-05,0.3333232447653997,0.3333232447653997,1.5132851900552693e-05,2.2817022920705985,20.559669912401354
2025-08-22 20:00:00+00:00,13159.833706513555,0.00010442094602502005,-0.012325009846351088,0.0,0.3333232447653997,1.5132851900552693e-05,0.3333232447653997,0.3333232447653997,1.5132851900552693e-05,-0.012325009846351088,20.547344902555004
2025-08-22 22:00:00+00:00,13206.513671364404,0.003547154613948117,0.49344492286740765,0.0,0.3333232447653997,1.5132851900552693e-05,0.3333232447653997,0.3333232447653997,1.5132851900552693e-05,0.49344492286740765,21.04078982542241
2025-08-23 00:00:00+00:00,13213.950754511605,0.0005631375041337171,0.05489434136566995,0.0,0.3333232447653997,1.5132851900552693e-05,0.3333232447653997,0.3333232447653997,1.5132851900552693e-05,0.05489434136566995,21.095684166788082
2025-08-23 02:00:00+00:00,13097.936123264522,-0.008779708158627024,-1.3947977998922714,0.0,0.3333232447653997,1.5132851900552693e-05,0.3333232447653997,0.3333232447653997,1.5132851900552693e-05,-1.3947977998922714,19.700886366895812
2025-08-23 04:00:00+00:00,12979.02792282624,-0.009078392146612907,-1.4289434840960205,0.0,0.3333232447653997,1.5132851900552693e-05,0.3333232447653997,0.3333232447653997,1.5132851900552693e-05,-1.4289434840960205,18.27194288279979
2025-08-23 06:00:00+00:00,13113.615506287897,0.010369619686614408,1.469950558360482,0.0,0.3333232447653997,1.5132851900552693e-05,0.3333232447653997,0.3333232447653997,1.5132851900552693e-05,1.469950558360482,19.741893441160272
2025-08-23 08:00:00+00:00,13066.276338278825,-0.003609924965877836,-0.5695703279579484,0.0,0.3333232447653997,1.5132851900552693e-05,0.3333232447653997,0.3333232447653997,1.5132851900552693e-05,-0.5695703279579484,19.172323113202324
2025-08-23 10:00:00+00:00,13095.625575846154,0.0022461822180621567,0.3071547708225705,0.0,0.3333232447653997,1.5132851900552693e-05,0.3333232447653997,0.3333232447653997,1.5132851900552693e-05,0.3071547708225705,19.479477884024895
2025-08-23 12:00:00+00:00,13035.736698585597,-0.004573197127063332,-0.7188872604417419,0.0,0.3333232447653997,1.5132851900552693e-05,0.3333232447653997,0.3333232447653997,1.5132851900552693e-05,-0.7188872604417419,18.760590623583152
2025-08-23 14:00:00+00:00,13024.095535268023,-0.0008930192122427158,-0.15705150823264974,0.0,0.3333232447653997,1.5132851900552693e-05,0.3333232447653997,0.3333232447653997,1.5132851900552693e-05,-0.15705150823264974,18.603539115350504
2025-08-23 16:00:00+00:00,13004.198048610491,-0.0015277442186792864,-0.2527258571223451,0.0,0.3333232447653997,1.5132851900552693e-05,0.3333232447653997,0.3333232447653997,1.5132851900552693e-05,-0.2527258571223451,18.350813258228158
2025-08-23 18:00:00+00:00,12989.376481766507,-0.001139752469824056,-0.19386450583573955,0.0,0.3333232447653997,1.5132851900552693e-05,0.3333232447653997,0.3333232447653997,1.5132851900552693e-05,-0.19386450583573955,18.156948752392417
2025-08-23 20:00:00+00:00,12997.875153845,0.0006542786784586452,0.07633132863624012,0.0,0.3333232447653997,1.5132851900552693e-05,0.3333232447653997,0.3333232447653997,1.5132851900552693e-05,0.07633132863624012,18.233280081028656
2025-08-23 22:00:00+00:00,12967.544854017411,-0.002333481393581137,-0.3763405423122911,0.0,0.3333232447653997,1.5132851900552693e-05,0.3333232447653997,0.3333232447653997,1.5132851900552693e-05,-0.3763405423122911,17.856939538716365
2025-08-24 00:00:00+00:00,13007.717507766038,0.003097938291393741,0.44212041169317995,0.0,0.3333232447653997,1.5132851900552693e-05,0.3333232447653997,0.3333232447653997,1.5132851900552693e-05,0.44212041169317995,18.299059950409543
2025-08-24 02:00:00+00:00,13019.297825867094,0.0008902651901951194,0.11215835474221357,0.0,0.3333232447653997,1.5132851900552693e-05,0.3333232447653997,0.3333232447653997,1.5132851900552693e-05,0.11215835474221357,18.411218305151756
2025-08-24 04:00:00+00:00,12974.932194727326,-0.0034076823291976322,-0.5453936474679243,0.0,0.3333232447653997,1.5132851900552693e-05,0.3333232447653997,0.3333232447653997,1.5132851900552693e-05,-0.5453936474679243,17.86582465768383
2025-08-24 06:00:00+00:00,12974.572273206111,-2.7739761242169747e-05,-0.025287562115760068,0.0,0.3333232447653997,1.5132851900552693e-05,0.3333232447653997,0.3333232447653997,1.5132851900552693e-05,-0.025287562115760068,17.84053709556807
2025-08-24 08:00:00+00:00,12867.284182882131,-0.00826910421899164,-1.3136751072262338,0.0,0.3333232447653997,1.5132851900552693e-05,0.3333232447653997,0.3333232447653997,1.5132851900552693e-05,-1.3136751072262338,16.526861988341835
2025-08-24 10:00:00+00:00,12873.143536911679,0.0004553683548345363,0.05140661932190505,0.0,0.3333232447653997,1.5132851900552693e-05,0.3333232447653997,0.3333232447653997,1.5132851900552693e-05,0.05140661932190505,16.57826860766374
2025-08-24 12:00:00+00:00,12782.216232085793,-0.0070633334092147105,-1.1146348858392037,0.0,0.3333232447653997,1.5132851900552693e-05,0.3333232447653997,0.3333232447653997,1.5132851900552693e-05,-1.1146348858392037,15.463633721824538
2025-08-24 14:00:00+00:00,12802.63119815371,0.0015971382190100958,0.22718106365244745,0.0,0.3333232447653997,1.5132851900552693e-05,0.3333232447653997,0.3333232447653997,1.5132851900552693e-05,0.22718106365244745,15.690814785476984
2025-08-24 16:00:00+00:00,12829.481759294084,0.002097268969541739,0.30282009434920326,0.0,0.3333232447653997,1.5132851900552693e-05,0.3333232447653997,0.3333232447653997,1.5132851900552693e-05,0.30282009434920326,15.993634879826187
2025-08-24 18:00:00+00:00,12943.593658311973,0.008894505729759736,1.3139209574886963,0.0,0.3333232447653997,1.5132851900552693e-05,0.3333232447653997,0.3333232447653997,1.5132851900552693e-05,1.3139209574886963,17.307555837314883
2025-08-24 20:00:00+00:00,12821.94908981536,-0.00939805217220315,-1.4955821353809464,0.0,0.3333232447653997,1.5132851900552693e-05,0.3333232447653997,0.3333232447653997,1.5132851900552693e-05,-1.4955821353809464,15.811973701933937
2025-08-24 22:00:00+00:00,12791.450617159944,-0.0023786143933171864,-0.3801094926485302,0.0,0.3333232447653997,1.5132851900552693e-05,0.3333232447653997,0.3333232447653997,1.5132851900552693e-05,-0.3801094926485302,15.431864209285406
2025-08-25 00:00:00+00:00,12800.01681260962,0.0006696813134067011,0.08701412977786831,0.0,0.3333232447653997,1.5132851900552693e-05,0.3333232447653997,0.3333232447653997,1.5132851900552693e-05,0.08701412977786831,15.518878339063274
2025-08-25 02:00:00+00:00,12742.710452520416,-0.00447705350142595,-0.7069246909859717,0.0,0.3333232447653997,1.5132851900552693e-05,0.3333232447653997,0.3333232447653997,1.5132851900552693e-05,-0.7069246909859717,14.811953648077303
2025-08-25 04:00:00+00:00,12747.583685190746,0.0003824329751891533,0.04507152510419955,0.0,0.3333232447653997,1.5132851900552693e-05,0.3333232447653997,0.3333232447653997,1.5132851900552693e-05,0.04507152510419955,14.857025173181503
2025-08-25 06:00:00+00:00,12631.207987176183,-0.00912923585273343,-1.4410352811511926,0.0,0.3333232447653997,1.5132851900552693e-05,0.3333232447653997,0.3333232447653997,1.5132851900552693e-05,-1.4410352811511926,13.41598989203031
2025-08-25 08:00:00+00:00,12433.813414696699,-0.015627529265600713,-2.457988930203548,0.0,0.3333232447653997,1.5132851900552693e-05,0.3333232447653997,0.3333232447653997,1.5132851900552693e-05,-2.457988930203548,10.958000961826762
2025-08-25 10:00:00+00:00,12462.670557685791,0.002320860224183784,0.3465074948987359,0.0,0.3333232447653997,1.5132851900552693e-05,0.3333232447653997,0.3333232447653997,1.5132851900552693e-05,0.3465074948987359,11.304508456725499
2025-08-25 12:00:00+00:00,12364.430673827866,-0.007882731345838206,-1.205790429768042,0.0,0.3333232447653997,1.5132851900552693e-05,0.3333232447653997,0.3333232447653997,1.5132851900552693e-05,-1.205790429768042,10.098718026957457
2025-08-25 14:00:00+00:00,12406.999987642266,0.0034428850739167544,0.5188291000167166,0.0,0.3333232447653997,1.5132851900552693e-05,0.3333232447653997,0.3333232447653997,1.5132851900552693e-05,0.5188291000167166,10.617547126974173
2025-08-25 16:00:00+00:00,12452.436046442883,0.0036621309620271866,0.5512771001893506,0.0,0.3333232447653997,1.5132851900552693e-05,0.3333232447653997,0.3333232447653997,1.5132851900552693e-05,0.5512771001893506,11.168824227163524
2025-08-25 18:00:00+00:00,12464.944138706323,0.0010044695043436535,0.14806150655906902,0.0,0.3333232447653997,1.5132851900552693e-05,0.3333232447653997,0.3333232447653997,1.5132851900552693e-05,0.14806150655906902,11.316885733722593
2025-08-25 20:00:00+00:00,12262.727447212948,-0.01622283174662996,-2.503976925550512,0.0,0.3333232447653997,1.5132851900552693e-05,0.3333232447653997,0.3333232447653997,1.5132851900552693e-05,-2.503976925550512,8.81290880817208
2025-08-25 22:00:00+00:00,12087.237367819425,-0.014310852145165089,-2.1435186221628575,0.0,0.3333232447653997,1.5132851900552693e-05,0.3333232447653997,0.3333232447653997,1.5132851900552693e-05,-2.1435186221628575,6.669390186009223
2025-08-26 00:00:00+00:00,12163.8010306237,0.006334256577777936,0.9567049647078335,0.0,0.3333232447653997,1.5132851900552693e-05,0.3333232447653997,0.3333232447653997,1.5132851900552693e-05,0.9567049647078335,7.626095150717057
2025-08-26 02:00:00+00:00,12215.042824747456,0.0042126465234632185,0.6339191871192772,0.0,0.3333232447653997,1.5132851900552693e-05,0.3333232447653997,0.3333232447653997,1.5132851900552693e-05,0.6339191871192772,8.260014337836335
2025-08-26 04:00:00+00:00,12215.566976776207,4.2910371766361356e-05,0.009146772870234951,0.0,0.3333232447653997,1.5132851900552693e-05,0.3333232447653997,0.3333232447653997,1.5132851900552693e-05,0.009146772870234951,8.26916111070657
2025-08-26 06:00:00+00:00,12255.30967228573,0.0032534466541815476,0.4902023654403648,0.0,0.3333232447653997,1.5132851900552693e-05,0.3333232447653997,0.3333232447653997,1.5132851900552693e-05,0.4902023654403648,8.759363476146934
2025-08-26 08:00:00+00:00,12242.63323574837,-0.001034362808964938,-0.15354451905341254,0.0,0.3333232447653997,1.5132851900552693e-05,0.3333232447653997,0.3333232447653997,1.5132851900552693e-05,-0.15354451905341254,8.605818957093522
2025-08-26 10:00:00+00:00,12233.42566187634,-0.0007520909672557082,-0.11113049722663638,0.0,0.3333232447653997,1.5132851900552693e-05,0.3333232447653997,0.3333232447653997,1.5132851900552693e-05,-0.11113049722663638,8.494688459866886
2025-08-26 12:00:00+00:00,12220.470603989266,-0.0010589885650301584,-0.15733942212357896,0.0,0.3333232447653997,1.5132851900552693e-05,0.3333232447653997,0.3333232447653997,1.5132851900552693e-05,-0.15733942212357896,8.337349037743307
2025-08-26 14:00:00+00:00,12298.339792968713,0.006372028664266454,0.9672846887604243,0.0,0.3333232447653997,1.5132851900552693e-05,0.3333232447653997,0.3333232447653997,1.5132851900552693e-05,0.9672846887604243,9.30463372650373
2025-08-26 16:00:00+00:00,12303.480446252106,0.0004179957107976452,0.06327010456252928,0.0,0.3333232447653997,1.5132851900552693e-05,0.3333232447653997,0.3333232447653997,1.5132851900552693e-05,0.06327010456252928,9.36790383106626
2025-08-26 18:00:00+00:00,12358.996993057744,0.0045122635865651505,0.6832540260287887,0.0,0.3333232447653997,1.5132851900552693e-05,0.3333232447653997,0.3333232447653997,1.5132851900552693e-05,0.6832540260287887,10.051157857095049
2025-08-26 20:00:00+00:00,12503.611435629688,0.01170114716049977,1.7670995952795732,0.0,0.3333232447653997,1.5132851900552693e-05,0.3333232447653997,0.3333232447653997,1.5132851900552693e-05,1.7670995952795732,11.818257452374622
2025-08-26 22:00:00+00:00,12501.323465157244,-0.00018298477077780602,-0.03374423443023844,0.0,0.3333232447653997,1.5132851900552693e-05,0.3333232447653997,0.3333232447653997,1.5132851900552693e-05,-0.03374423443023844,11.784513217944383
2025-08-27 00:00:00+00:00,12504.00249609447,0.00021429978551417559,0.026353632620894244,0.0,0.3333232447653997,1.5132851900552693e-05,0.3333232447653997,0.3333232447653997,1.5132851900552693e-05,0.026353632620894244,11.810866850565278
2025-08-27 02:00:00+00:00,12470.479737062198,-0.002680962279297642,-0.41360442020300286,0.0,0.3333232447653997,1.5132851900552693e-05,0.3333232447653997,0.3333232447653997,1.5132851900552693e-05,-0.41360442020300286,11.397262430362275
2025-08-27 04:00:00+00:00,12514.398868879702,0.003521847815283001,0.5285178072823457,0.0,0.3333232447653997,1.5132851900552693e-05,0.3333232447653997,0.3333232447653997,1.5132851900552693e-05,0.5285178072823457,11.92578023764462
2025-08-27 06:00:00+00:00,12496.64749645281,-0.0014184758383428487,-0.22260717567228405,0.0,0.3333232447653997,1.5132851900552693e-05,0.3333232447653997,0.3333232447653997,1.5132851900552693e-05,-0.22260717567228405,11.703173061972336
2025-08-27 08:00:00+00:00,12417.729173484999,-0.006315159565012304,-0.9747549421942407,0.0,0.3333232447653997,1.5132851900552693e-05,0.3333232447653997,0.3333232447653997,1.5132851900552693e-05,-0.9747549421942407,10.728418119778095
2025-08-27 10:00:00+00:00,12408.315482281558,-0.00075808475703766,-0.11911745855564056,0.0,0.3333232447653997,1.5132851900552693e-05,0.3333232447653997,0.3333232447653997,1.5132851900552693e-05,-0.11911745855564056,10.609300661222454
2025-08-27 12:00:00+00:00,12449.233201520374,0.0032976046827020698,0.5004675478922658,0.0,0.3333232447653997,1.5132851900552693e-05,0.3333232447653997,0.3333232447653997,1.5132851900552693e-05,0.5004675478922658,11.10976820911472
2025-08-27 14:00:00+00:00,12454.346243251446,0.00041071137862906513,0.05855871290534133,0.0,0.3333232447653997,1.5132851900552693e-05,0.3333232447653997,0.3333232447653997,1.5132851900552693e-05,0.05855871290534133,11.16832692202006
2025-08-27 16:00:00+00:00,12526.505531907424,0.005793904171813016,0.8820265649808655,0.0,0.3333232447653997,1.5132851900552693e-05,0.3333232447653997,0.3333232447653997,1.5132851900552693e-05,0.8820265649808655,12.050353487000926
2025-08-27 18:00:00+00:00,12559.415575874671,0.0026272326215336073,0.3960754532790707,0.0,0.3333232447653997,1.5132851900552693e-05,0.3333232447653997,0.3333232447653997,1.5132851900552693e-05,0.3960754532790707,12.446428940279997
2025-08-27 20:00:00+00:00,12490.153546810925,-0.005514749364356741,-0.8629139694446147,0.0,0.3333232447653997,1.5132851900552693e-05,0.3333232447653997,0.3333232447653997,1.5132851900552693e-05,-0.8629139694446147,11.583514970835383
2025-08-27 22:00:00+00:00,12460.677204708292,-0.0023599663520677406,-0.3700691093132792,0.0,0.3333232447653997,1.5132851900552693e-05,0.3333232447653997,0.3333232447653997,1.5132851900552693e-05,-0.3700691093132792,11.213445861522104
2025-08-28 00:00:00+00:00,12396.2478357257,-0.00517061536256211,-0.8063017547415672,0.0,0.3333232447653997,1.5132851900552693e-05,0.3333232447653997,0.3333232447653997,1.5132851900552693e-05,-0.8063017547415672,10.407144106780537
2025-08-28 02:00:00+00:00,12434.419987916355,0.003079331157017047,0.47287342423841405,0.0,0.3333232447653997,1.5132851900552693e-05,0.3333232447653997,0.3333232447653997,1.5132851900552693e-05,0.47287342423841405,10.88001753101895
2025-08-28 04:00:00+00:00,12495.492024396968,0.0049115307782721775,0.7548533566801366,0.0,0.3333232447653997,1.5132851900552693e-05,0.3333232447653997,0.3333232447653997,1.5132851900552693e-05,0.7548533566801366,11.634870887699087
2025-08-28 06:00:00+00:00,12568.92067424972,0.005876411245702593,0.9009674275272362,0.0,0.3333232447653997,1.5132851900552693e-05,0.3333232447653997,0.3333232447653997,1.5132851900552693e-05,0.9009674275272362,12.535838315226323
2025-08-28 08:00:00+00:00,12580.95474454991,0.0009574465948252427,0.14046971424360924,0.0,0.3333232447653997,1.5132851900552693e-05,0.3333232447653997,0.3333232447653997,1.5132851900552693e-05,0.14046971424360924,12.676308029469933
2025-08-28 10:00:00+00:00,12549.215388814748,-0.002522809785077085,-0.402032621106248,0.0,0.3333232447653997,1.5132851900552693e-05,0.3333232447653997,0.3333232447653997,1.5132851900552693e-05,-0.402032621106248,12.274275408363685
2025-08-28 12:00:00+00:00,12597.988780326366,0.0038865690005680767,0.5959060047801021,0.0,0.3333232447653997,1.5132851900552693e-05,0.3333232447653997,0.3333232447653997,1.5132851900552693e-05,0.5959060047801021,12.870181413143788
2025-08-28 14:00:00+00:00,12596.00121523381,-0.0001577684444091499,-0.033413750525118045,0.0,0.3333232447653997,1.5132851900552693e-05,0.3333232447653997,0.3333232447653997,1.5132851900552693e-05,-0.033413750525118045,12.83676766261867
2025-08-28 16:00:00+00:00,12535.825331574097,-0.004777379950307995,-0.7614151070487811,0.0,0.3333232447653997,1.5132851900552693e-05,0.3333232447653997,0.3333232447653997,1.5132851900552693e-05,-0.7614151070487811,12.075352555569888
2025-08-28 18:00:00+00:00,12552.27799260977,0.001312451362435225,0.19857911458481026,0.0,0.3333232447653997,1.5132851900552693e-05,0.3333232447653997,0.3333232447653997,1.5132851900552693e-05,0.19857911458481026,12.273931670154697
2025-08-28 20:00:00+00:00,12468.647449919565,-0.0066625789151134596,-1.0617558423866722,0.0,0.3333232447653997,1.5132851900552693e-05,0.3333232447653997,0.3333232447653997,1.5132851900552693e-05,-1.0617558423866722,11.212175827768025
2025-08-28 22:00:00+00:00,12545.553441948077,0.0061679498387781405,0.9594427375261113,0.0,0.3333232447653997,1.5132851900552693e-05,0.3333232447653997,0.3333232447653997,1.5132851900552693e-05,0.9594427375261113,12.171618565294136
2025-08-29 00:00:00+00:00,12587.688856058954,0.0033585934893865296,0.5185107475930184,0.0,0.3333232447653997,1.5132851900552693e-05,0.3333232447653997,0.3333232447653997,1.5132851900552693e-05,0.5185107475930184,12.690129312887153
2025-08-29 02:00:00+00:00,12508.834250906968,-0.006264422806576593,-1.0021750277124204,0.0,0.3333232447653997,1.5132851900552693e-05,0.3333232447653997,0.3333232447653997,1.5132851900552693e-05,-1.0021750277124204,11.687954285174733
2025-08-29 04:00:00+00:00,12539.791668778364,0.002474844358030446,0.38268661333725007,0.0,0.3333232447653997,1.5132851900552693e-05,0.3333232447653997,0.3333232447653997,1.5132851900552693e-05,0.38268661333725007,12.070640898511984
2025-08-29 06:00:00+00:00,12497.444702040104,-0.0033770071989070467,-0.5411974145418923,0.0,0.3333232447653997,1.5132851900552693e-05,0.3333232447653997,0.3333232447653997,1.5132851900552693e-05,-0.5411974145418923,11.529443483970091
2025-08-29 08:00:00+00:00,12295.781800888004,-0.016136330742810186,-2.5893830139933462,0.0,0.3333232447653997,1.5132851900552693e-05,0.3333232447653997,0.3333232447653997,1.5132851900552693e-05,-2.5893830139933462,8.940060469976745
2025-08-29 10:00:00+00:00,12275.918735321819,-0.001615437382334737,-0.25065821181123754,0.0,0.3333232447653997,1.5132851900552693e-05,0.3333232447653997,0.3333232447653997,1.5132851900552693e-05,-0.25065821181123754,8.689402258165506
2025-08-29 12:00:00+00:00,12271.617138013193,-0.0003504093991961832,-0.05312491742136879,0.0,0.3333232447653997,1.5132851900552693e-05,0.3333232447653997,0.3333232447653997,1.5132851900552693e-05,-0.05312491742136879,8.636277340744137
2025-08-29 14:00:00+00:00,12243.882581423639,-0.002260057193574033,-0.3518879895503587,0.0,0.3333232447653997,1.5132851900552693e-05,0.3333232447653997,0.3333232447653997,1.5132851900552693e-05,-0.3518879895503587,8.284389351193777
2025-08-29 16:00:00+00:00,12222.142693814189,-0.0017755713896205649,-0.2757862149025309,0.0,0.3333232447653997,1.5132851900552693e-05,0.3333232447653997,0.3333232447653997,1.5132851900552693e-05,-0.2757862149025309,8.008603136291246
2025-08-29 18:00:00+00:00,12199.571454639154,-0.0018467497672448156,-0.2868650737035554,0.0,0.3333232447653997,1.5132851900552693e-05,0.3333232447653997,0.3333232447653997,1.5132851900552693e-05,-0.2868650737035554,7.72173806258769
2025-08-29 20:00:00+00:00,12203.53701627502,0.00032505745391247316,0.05526959607933573,0.0,0.3333232447653997,1.5132851900552693e-05,0.3333232447653997,0.3333232447653997,1.5132851900552693e-05,0.05526959607933573,7.777007658667026
2025-08-29 22:00:00+00:00,12225.734958051245,0.0018189760678909185,0.29165536872309306,0.0,0.3333232447653997,1.5132851900552693e-05,0.3333232447653997,0.3333232447653997,1.5132851900552693e-05,0.29165536872309306,8.06866302739012
2025-08-30 00:00:00+00:00,12240.002793717864,0.0011670329608464121,0.1881026272108248,0.0,0.3333232447653997,1.5132851900552693e-05,0.3333232447653997,0.3333232447653997,1.5132851900552693e-05,0.1881026272108248,8.256765654600944
2025-08-30 02:00:00+00:00,12104.389131712798,-0.011079545020583474,-1.7481592763538336,0.0,0.3333232447653997,1.5132851900552693e-05,0.3333232447653997,0.3333232447653997,1.5132851900552693e-05,-1.7481592763538336,6.50860637824711
2025-08-30 04:00:00+00:00,12260.083178506857,0.012862610834787947,2.068148098884495,0.0,0.3333232447653997,1.5132851900552693e-05,0.3333232447653997,0.3333232447653997,1.5132851900552693e-05,2.068148098884495,8.576754477131605
2025-08-30 06:00:00+00:00,12247.073091255097,-0.0010611744685850263,-0.1643626043382804,0.0,0.3333232447653997,1.5132851900552693e-05,0.3333232447653997,0.3333232447653997,1.5132851900552693e-05,-0.1643626043382804,8.412391872793325
2025-08-30 08:00:00+00:00,12265.42337261283,0.0014983401520511739,0.2378351307753852,0.0,0.3333232447653997,1.5132851900552693e-05,0.3333232447653997,0.3333232447653997,1.5132851900552693e-05,0.2378351307753852,8.65022700356871
2025-08-30 10:00:00+00:00,12261.434235008266,-0.00032523439944769116,-0.04950107041038968,0.0,0.3333232447653997,1.5132851900552693e-05,0.3333232447653997,0.3333232447653997,1.5132851900552693e-05,-0.04950107041038968,8.600725933158321
2025-08-30 12:00:00+00:00,12265.471278103925,0.00032924721678411227,0.053819267734570256,0.0,0.3333232447653997,1.5132851900552693e-05,0.3333232447653997,0.3333232447653997,1.5132851900552693e-05,0.053819267734570256,8.65454520089289
2025-08-30 14:00:00+00:00,12213.109229696473,-0.004269061271288364,-0.6731717298528803,0.0,0.3333232447653997,1.5132851900552693e-05,0.3333232447653997,0.3333232447653997,1.5132851900552693e-05,-0.6731717298528803,7.98137347104001
2025-08-30 16:00:00+00:00,12270.37449079989,0.004688835580392145,0.748389059134141,0.0,0.3333232447653997,1.5132851900552693e-05,0.3333232447653997,0.3333232447653997,1.5132851900552693e-05,0.748389059134141,8.72976253017415
2025-08-30 18:00:00+00:00,12239.867551350195,-0.002486227251871394,-0.392714009772674,0.0,0.3333232447653997,1.5132851900552693e-05,0.3333232447653997,0.3333232447653997,1.5132851900552693e-05,-0.392714009772674,8.337048520401478
2025-08-30 20:00:00+00:00,12253.959947010137,0.0011513519734439974,0.18564395008734833,0.0,0.3333232447653997,1.5132851900552693e-05,0.3333232447653997,0.3333232447653997,1.5132851900552693e-05,0.18564395008734833,8.522692470488826
2025-08-30 22:00:00+00:00,12243.82468642674,-0.0008271008414606283,-0.12975839632752392,0.0,0.3333232447653997,1.5132851900552693e-05,0.3333232447653997,0.3333232447653997,1.5132851900552693e-05,-0.12975839632752392,8.392934074161301
2025-08-31 00:00:00+00:00,12289.536573191643,0.003733464659582772,0.5997157470432332,0.0,0.3333232447653997,1.5132851900552693e-05,0.3333232447653997,0.3333232447653997,1.5132851900552693e-05,0.5997157470432332,8.992649821204534
2025-08-31 02:00:00+00:00,12345.019652044086,0.004514659972897226,0.7237821094179444,0.0,0.3333232447653997,1.5132851900552693e-05,0.3333232447653997,0.3333232447653997,1.5132851900552693e-05,0.7237821094179444,9.716431930622479
2025-08-31 04:00:00+00:00,12348.953025833156,0.00031862029384617773,0.050090793212165766,0.0,0.3333232447653997,1.5132851900552693e-05,0.3333232447653997,0.3333232447653997,1.5132851900552693e-05,0.050090793212165766,9.766522723834644
2025-08-31 06:00:00+00:00,12288.880108945192,-0.00486461619558324,-0.7831119346764175,0.0,0.3333232447653997,1.5132851900552693e-05,0.3333232447653997,0.3333232447653997,1.5132851900552693e-05,-0.7831119346764175,8.983410789158226
2025-08-31 08:00:00+00:00,12280.44415814975,-0.0006864702658544216,-0.10948191744517859,0.0,0.3333232447653997,1.5132851900552693e-05,0.3333232447653997,0.3333232447653997,1.5132851900552693e-05,-0.10948191744517859,8.873928871713048
2025-08-31 10:00:00+00:00,12284.740586063283,0.000349859325786721,0.05754531318909013,0.0,0.3333232447653997,1.5132851900552693e-05,0.3333232447653997,0.3333232447653997,1.5132851900552693e-05,0.05754531318909013,8.931474184902138
2025-08-31 12:00:00+00:00,12283.872157339676,-7.069166153920095e-05,-0.01041460165669838,0.0,0.3333232447653997,1.5132851900552693e-05,0.3333232447653997,0.3333232447653997,1.5132851900552693e-05,-0.01041460165669838,8.92105958324544
2025-08-31 14:00:00+00:00,12273.537975161737,-0.000841280505493094,-0.13522317272262976,0.0,0.3333232447653997,1.5132851900552693e-05,0.3333232447653997,0.3333232447653997,1.5132851900552693e-05,-0.13522317272262976,8.78583641052281
2025-08-31 16:00:00+00:00,12285.300476829796,0.0009583627550478548,0.1570309646713857,0.0,0.3333232447653997,1.5132851900552693e-05,0.3333232447653997,0.3333232447653997,1.5132851900552693e-05,0.1570309646713857,8.942867375194195
2025-08-31 18:00:00+00:00,12289.841807810335,0.0003696556701322369,0.06115638096501447,0.0,0.3333232447653997,1.5132851900552693e-05,0.3333232447653997,0.3333232447653997,1.5132851900552693e-05,0.06115638096501447,9.00402375615921
2025-08-31 20:00:00+00:00,12284.990266879111,-0.0003947602424093478,-0.06359149581957908,0.0,0.3333232447653997,1.5132851900552693e-05,0.3333232447653997,0.3333232447653997,1.5132851900552693e-05,-0.06359149581957908,8.94043226033963
2025-08-31 22:00:00+00:00,12306.846126863376,0.0017790701913040824,0.29212077546675297,0.0,0.3333232447653997,1.5132851900552693e-05,0.3333232447653997,0.3333232447653997,1.5132851900552693e-05,0.29212077546675297,9.232553035806383
2025-09-01 00:00:00+00:00,12175.061578655123,-0.010708230756261273,-1.7548219916022731,0.0,0.3333232447653997,1.5132851900552693e-05,0.3333232447653997,0.3333232447653997,1.5132851900552693e-05,-1.7548219916022731,7.47773104420411
