timestamp,portfolio_value,return,reward,turnover,weight_btc,weight_eth,weight_ltc,weight_bnb,weight_usdt,dsr,cumulative_dsr
2025-06-04 18:00:00+00:00,10000.0,,,,0.0,0.0,0.0,0.0,1.0,,0.0
2025-06-04 20:00:00+00:00,9978.508302728089,-0.0021491697271911123,0.0,0.9124859336580518,0.24349412387416575,0.3157605964563714,0.2951994114148137,0.05803180191270083,0.08751406634194824,0.0,0.0
2025-06-04 22:00:00+00:00,9954.518893124145,-0.0024041077960907033,0.0,0.001895382614583014,0.2451280378148929,0.3160220651302273,0.2943613410978562,0.05786052092366119,0.08662803503336239,0.0,0.0
2025-06-05 00:00:00+00:00,9919.87195674389,-0.0034805234438990027,0.0,0.00486058341114359,0.24600302333157953,0.3111614817190837,0.29567647839905464,0.05964364352049303,0.08751537302978908,0.0,0.0
2025-06-05 02:00:00+00:00,9942.190124966619,0.0022498443850938223,0.0,0.004735979737428543,0.2442344633949177,0.3158974614565122,0.2943467725828668,0.05803070001011119,0.08749060255559203,0.0,0.0
2025-06-05 04:00:00+00:00,9963.339918252645,0.002127277090881098,0.0,0.005596710502590356,0.24196685334915677,0.3125683609996829,0.2979794271364112,0.05953671575520055,0.08794864275954874,0.0,0.0
2025-06-05 06:00:00+00:00,9922.273603522613,-0.004121741812180674,-0.039790523025204486,0.007866747970690667,0.24348668964895356,0.3047016130289922,0.30359308694402015,0.0601690045957524,0.08804960578228176,-0.039790523025204486,-0.039790523025204486
2025-06-05 08:00:00+00:00,9900.712411094384,-0.002173009260757982,-0.01823708544721692,0.006960178304773648,0.24061775093374743,0.30061037343942465,0.30686576891402706,0.06173997216491441,0.09016613454788647,-0.01823708544721692,-0.0580276084724214
2025-06-05 10:00:00+00:00,9930.707891359052,0.0030296284771442693,0.03837636642924658,0.02621027391297692,0.23101782825666728,0.28400002220352794,0.3237943872768116,0.06654517233353542,0.0946425899294579,0.03837636642924658,-0.019651242043174824
2025-06-05 12:00:00+00:00,9917.429345325434,-0.0013371197883257659,-0.011047873433043802,0.02036211552553692,0.23873903047301287,0.2966409355127192,0.3112096877777305,0.06241343945907543,0.09099690677746199,-0.011047873433043802,-0.030699115476218626
2025-06-05 14:00:00+00:00,9881.850847985335,-0.0035874717228883968,-0.024634299138278856,0.0038916400661006337,0.23944783252908858,0.2927492954466186,0.313495214006042,0.06302754225703652,0.09128011576121434,-0.024634299138278856,-0.05533341461449748
2025-06-05 16:00:00+00:00,9875.865460453153,-0.0006056949881411421,-0.004510535760018513,0.02879788093692387,0.2283693207710098,0.27502992626777345,0.330569954191596,0.06882609999128626,0.09720469877833442,-0.004510535760018513,-0.059843950374515995
2025-06-05 18:00:00+00:00,9799.17201053057,-0.007765744706597564,-0.024113750204725865,0.007436433950675392,0.2278256325443744,0.26813718054373353,0.33504634707321246,0.07070859946662301,0.0982822403720567,-0.024113750204725865,-0.08395770057924186
2025-06-05 20:00:00+00:00,9676.707012715413,-0.012497484244949578,-0.0065877908941756125,0.019853381580407232,0.2224388731136913,0.25367055839400937,0.3453038532134808,0.07558510331435415,0.10300161196446442,-0.0065877908941756125,-0.09054549147341748
2025-06-05 22:00:00+00:00,9487.261579639115,-0.01957746915633202,0.00717845464053954,0.04727005914334971,0.20619323200850567,0.22264614035584523,0.3645024387039492,0.09110328312846162,0.11555490580323818,0.00717845464053954,-0.08336703683287794
2025-06-06 00:00:00+00:00,9467.947147712433,-0.00203582791141044,-0.004908109201892383,0.0493381956417049,0.18963237608504466,0.1898688006376014,0.3834739260023414,0.10865584401987745,0.1283690532551351,-0.004908109201892383,-0.08827514603477032
2025-06-06 02:00:00+00:00,9499.030619469835,0.003283021258194434,0.010809585154026425,0.03434433304890871,0.1760097718145169,0.16914707185922037,0.3863123429316928,0.1270327744485567,0.1414980389460131,0.010809585154026425,-0.0774655608807439
2025-06-06 04:00:00+00:00,9560.993249943469,0.006523047767277532,0.022845686065237323,0.040824812374131964,0.15832148803412788,0.14601054326547755,0.3893465238133427,0.15151328755633597,0.15480815733071598,0.022845686065237323,-0.05461987481550658
2025-06-06 06:00:00+00:00,9542.694676883577,-0.0019138778348160405,-0.0045569626021636995,0.0025985806988580717,0.15874186091334605,0.14388947864200585,0.3905933571013718,0.15244466208794671,0.1543306412553295,-0.0045569626021636995,-0.059176837417670276
2025-06-06 08:00:00+00:00,9550.752600765421,0.0008444075970872122,0.0026322379962725106,0.04600990099102269,0.14024417159248176,0.1192080205560467,0.3877626035171726,0.1832646744650124,0.1695205298692866,0.0026322379962725106,-0.056544599421397765
2025-06-06 10:00:00+00:00,9564.432074408882,0.0014322927433345109,0.004319636311320604,0.057823071436188526,0.12040477268453738,0.09725654345325768,0.37173040809171737,0.22114938870849069,0.1894588870619967,0.004319636311320604,-0.05222496311007716
2025-06-06 12:00:00+00:00,9612.473753043792,0.00502295152092242,0.015798865692359613,0.008553794587361545,0.1148523055515737,0.09531608207629795,0.3706695420142793,0.22596679574298884,0.1931952746148602,0.015798865692359613,-0.036426097417717546
2025-06-06 14:00:00+00:00,9686.596977204506,0.007711149706623955,0.024513369746999063,0.0621340181435358,0.09972105304600064,0.07559201846708014,0.3433908399855344,0.2705538942300651,0.2107421942713197,0.024513369746999063,-0.011912727670718482
2025-06-06 16:00:00+00:00,9712.814320846323,0.002706558733011594,0.007368457661128471,0.039980683106343944,0.0906332206706619,0.06509690248757521,0.32299310523403413,0.29617800382854753,0.22509876777918125,0.007368457661128471,-0.0045442700095900115
2025-06-06 18:00:00+00:00,9715.428776895853,0.0002691759528355989,0.000845939537904587,0.016682266434930045,0.09683424490012973,0.07094756459702371,0.3276236853300479,0.286740242915876,0.21785426225692275,0.000845939537904587,-0.0036983304716854248
2025-06-06 20:00:00+00:00,9695.178735115178,-0.00208431786652903,-0.004926226354869937,0.021234021726113494,0.08814187683034401,0.0638082030641054,0.3222213932066384,0.30159089649396226,0.22423763040494998,-0.004926226354869937,-0.00862455682655536
2025-06-06 22:00:00+00:00,9719.676222518381,0.002526770065050431,0.00684489821324083,0.0024208220727613243,0.08771822966292979,0.0624767420121597,0.321555679353237,0.3040042847036438,0.22424506426802973,0.00684489821324083,-0.001779658613314531
2025-06-07 00:00:00+00:00,9699.836733194394,-0.0020411677168859057,-0.004824008943889674,0.012501956601253524,0.08983440882713585,0.06712117131170012,0.327297027490744,0.2953199972419799,0.22042739512844015,-0.004824008943889674,-0.006603667557204205
2025-06-07 02:00:00+00:00,9682.267701080717,-0.0018112709107313378,-0.004260918877962571,0.12025442229967735,0.1278669957503411,0.10675817720881878,0.3698818569700975,0.20940855384439921,0.18608441622634353,-0.004260918877962571,-0.010864586435166777
2025-06-07 04:00:00+00:00,9741.74200717073,0.00614260087885973,0.017413209876629795,0.0067943738693896985,0.1315627126565362,0.10333121158479659,0.36668242840458104,0.20924057416454817,0.18918307318953811,0.017413209876629795,0.006548623441463019
2025-06-07 06:00:00+00:00,9760.505672321417,0.001926109841225051,0.005011684370211496,0.026123622364436536,0.14667480742521555,0.11434273918055375,0.3634359794492465,0.19125667737641197,0.18428979656857228,0.005011684370211496,0.011560307811674515
2025-06-07 08:00:00+00:00,9774.28527339139,0.0014117712270841024,0.0036655317486805473,0.019173100322154316,0.15208457058073974,0.11774733496467253,0.3737947208317578,0.17908217347075528,0.1772912001520746,0.0036655317486805473,0.015225839560355062
2025-06-07 10:00:00+00:00,9750.145697572261,-0.0024697024021637383,-0.005807542424669777,0.030388120877954915,0.15723347754336847,0.13402631532415085,0.3827549543876057,0.16135344498792273,0.1646318077569523,-0.005807542424669777,0.009418297135685285
2025-06-07 12:00:00+00:00,9788.687487407742,0.003952945015486013,0.010371378747319665,0.023608569181155364,0.16628347036598215,0.14857770871303597,0.3827621373572622,0.14689739014223624,0.15547929342148337,0.010371378747319665,0.01978967588300495
2025-06-07 14:00:00+00:00,9814.430832375758,0.002629907738001978,0.006709051185183929,0.04407599989122858,0.18474188426752808,0.17419529470271866,0.3826284906288522,0.11988056493475338,0.13855376546614773,0.006709051185183929,0.026498727068188878
2025-06-07 16:00:00+00:00,9838.521437036188,0.002454610468185314,0.006202501195155209,0.06062969434454879,0.20760882593717916,0.21195804737761642,0.3667252731951378,0.09286225771087274,0.120845595779194,0.006202501195155209,0.03270122826334409
2025-06-07 18:00:00+00:00,9797.528415322693,-0.004166583563987683,-0.00978299569282991,0.03090351285564516,0.220065055539554,0.23040533063088675,0.35442385160900575,0.08323648982268293,0.11186927239787071,-0.00978299569282991,0.022918232570514178
2025-06-07 20:00:00+00:00,9807.789209157572,0.001047283906707718,0.0026552196832699167,0.016119301067321387,0.22479747580066567,0.24179221143709637,0.3498845370136163,0.07831081994606014,0.10521495580256145,0.0026552196832699167,0.025573452253784094
2025-06-07 22:00:00+00:00,9831.129575577863,0.002379778553814955,0.005976209566270911,0.0340787946436938,0.23375998141329607,0.26690850046815984,0.3289446125633394,0.07118869008268129,0.09919821547252348,0.005976209566270911,0.031549661820055
2025-06-08 00:00:00+00:00,9817.926919906517,-0.0013429439180766337,-0.003144150693638466,0.03743843962358038,0.24418181150147641,0.2939251100035598,0.3067721492334186,0.06385747564634477,0.09126345361520036,-0.003144150693638466,0.02840551112641654
2025-06-08 02:00:00+00:00,9822.137708270531,0.0004288877273549382,0.0011259499939606165,0.017203737803646046,0.24902400810450726,0.30628665120417503,0.2973132107991429,0.060052860873133,0.08732326901904179,0.0011259499939606165,0.029531461120377155
2025-06-08 04:00:00+00:00,9802.253429504311,-0.002024434940418077,-0.004762793971632389,0.004764571902061171,0.2491782433591124,0.3108969878516311,0.293956054658857,0.059512383098253775,0.08645633103214583,-0.004762793971632389,0.024768667148744768
2025-06-08 06:00:00+00:00,9790.585598303776,-0.0011903213158533594,-0.002771925460263485,0.012756738362736813,0.2532810870580454,0.3195508825154349,0.28451958186729437,0.05788544101436588,0.08476300754485952,-0.002771925460263485,0.021996741688481283
2025-06-08 08:00:00+00:00,9765.90441388047,-0.0025209099267345238,-0.005894822295541946,0.00453291647392513,0.24969952741798146,0.3192612728851689,0.28824059423158077,0.05722369381077067,0.08557491165449824,-0.005894822295541946,0.016101919392939337
2025-06-08 10:00:00+00:00,9726.136029625186,-0.0040721660350022644,-0.009358952662630324,0.002619211202732237,0.24901180772784573,0.31732978137257245,0.2894120246035161,0.0578974784554362,0.08634890784062964,-0.009358952662630324,0.0067429667303090125
2025-06-08 12:00:00+00:00,9771.60604981047,0.004675034365834948,0.012149688246496218,0.007225343501028828,0.2471772573835459,0.31193898821584337,0.29342302643504936,0.0594888285442923,0.08797189942126904,0.012149688246496218,0.01889265497680523
2025-06-08 14:00:00+00:00,9773.157683029509,0.00015878998919188888,0.0004871297585874366,0.007688405969146397,0.2482728012992414,0.3185318502692942,0.2882164206656586,0.05820048032522375,0.08677844744058187,0.0004871297585874366,0.019379784735392664
2025-06-08 16:00:00+00:00,9808.729269099353,0.003639722925131124,0.00915377142584394,0.004298695099141513,0.24969859717783663,0.3214047494898405,0.28455355854551956,0.057772560573771295,0.08657053421303187,0.00915377142584394,0.028533556161236602
2025-06-08 18:00:00+00:00,9821.477874989236,0.0012997204367792836,0.0032122646889027116,0.00380999411259007,0.24847626294079597,0.32113236976683374,0.2883635526581098,0.056803131103362055,0.08522468353089864,0.0032122646889027116,0.031745820850139314
2025-06-08 20:00:00+00:00,9839.073739543746,0.0017915699427802302,0.004404662383826397,0.006016092496362167,0.2505359288808609,0.32472695996381723,0.2823474601617475,0.0569664840776049,0.08542316691596939,0.004404662383826397,0.03615048323396571
2025-06-08 22:00:00+00:00,9851.52595653108,0.001265588338594234,0.003108026712434528,0.004967116966597674,0.2500585126203087,0.32969407693041497,0.27976535374316436,0.05587977907629339,0.08460227762981863,0.003108026712434528,0.03925850994640024
2025-06-09 00:00:00+00:00,9769.24479086686,-0.008352123927529511,-0.019025384771718678,0.006755375272306283,0.2509918232532992,0.3355161415697307,0.27381282502779636,0.05534270163977939,0.08433650850939431,-0.019025384771718678,0.020233125174681562
2025-06-09 02:00:00+00:00,9743.403918456906,-0.0026451248753754262,-0.005857734470306981,0.00973248842974856,0.24813099545363976,0.3286444809396416,0.2813680185055644,0.05627453112114371,0.0855819739800105,-0.005857734470306981,0.014375390704374581
2025-06-09 04:00:00+00:00,9771.995046686487,0.002934408597740797,0.007104885229026933,0.004077493993405151,0.24826388067618496,0.3322447135569057,0.2773756623543265,0.05661890727473952,0.08549683613784326,0.007104885229026933,0.021480275933401516
2025-06-09 06:00:00+00:00,9720.020826568469,-0.005318690796475698,-0.011557614764915151,0.008643822314454368,0.24686712993848403,0.3249976419801523,0.283947540621873,0.057618823974875,0.08656886348461565,-0.011557614764915151,0.009922661168486365
2025-06-09 08:00:00+00:00,9733.848123334468,0.0014225583476328468,0.0034206536376687234,0.001384749016050197,0.24653170658348117,0.3240784547618137,0.2844162636627135,0.057488685532166205,0.08748488945982527,0.0034206536376687234,0.013343314806155089
2025-06-09 10:00:00+00:00,9815.529465037514,0.008391474848188415,0.020977585479539974,0.009481998845496158,0.24586494541532303,0.31526321708447574,0.2912417880378301,0.059281188188106786,0.08834886127426435,0.020977585479539974,0.034320900285695066
2025-06-09 12:00:00+00:00,9924.031098656233,0.011054078540051844,0.026008037602299045,0.0035929223293011923,0.2479646000420553,0.31675648478704466,0.28919201882287704,0.058937336454077754,0.08714955989394522,0.026008037602299045,0.06032893788799411
2025-06-09 14:00:00+00:00,9849.127324446708,-0.007547716594687655,-0.01566168573349522,0.023904659295884246,0.2530633886209084,0.33556235550407587,0.2716589985635105,0.055237780196957666,0.08447747711454764,-0.01566168573349522,0.04466725215449889
2025-06-09 16:00:00+00:00,9877.007904188647,0.0028307665058543447,0.005880013142912179,0.010814644768538783,0.24934305863824346,0.328468040718202,0.2788073854561396,0.05671786305639463,0.08666365213102038,0.005880013142912179,0.05054726529741107
2025-06-09 18:00:00+00:00,9969.026567387658,0.009316451307079362,0.01945058041567105,0.006923444786091394,0.25000316737653255,0.32328031979024335,0.2849535451071163,0.056835039453220215,0.08492792827288763,0.01945058041567105,0.06999784571308212
2025-06-09 20:00:00+00:00,9971.69060987172,0.0002672319575089777,0.000509948153012583,0.008310327881829976,0.2519917749672802,0.32960204008132565,0.2772107715900549,0.05636714715868417,0.08482826620265504,0.000509948153012583,0.07050779386609471
2025-06-09 22:00:00+00:00,10133.729746193978,0.016249916153820758,0.03136159682158925,0.0047156062769622906,0.24812771383901192,0.3287504949326317,0.28024422608309624,0.056684474656778824,0.08619309048848141,0.03136159682158925,0.10186939068768396
2025-06-10 00:00:00+00:00,10212.798843542245,0.007802566214868993,0.013299393354871089,0.004427465436279112,0.252555179275291,0.3286082784928081,0.27817691329873917,0.05631982724060961,0.08433980169255212,0.013299393354871089,0.11516878404255504
2025-06-10 02:00:00+00:00,10259.639707847928,0.004586486527667314,0.007715414765832298,0.017428028697937612,0.2571290588807166,0.3414624275853202,0.2632055972134654,0.05502148208371627,0.08318143423678168,0.007715414765832298,0.12288419880838734
2025-06-10 04:00:00+00:00,10200.732829585435,-0.005741612760283751,-0.010918731102297042,0.01373583138505621,0.25480032125067464,0.3545781638102136,0.25291834206282204,0.05390164347934528,0.08380152939694437,-0.010918731102297042,0.1119654677060903
2025-06-10 06:00:00+00:00,10150.089575115704,-0.004964668256269647,-0.009193024166948189,0.010316733852978346,0.259457784351295,0.3602374345625716,0.2446176682226211,0.05352057719680152,0.08216653566671075,-0.009193024166948189,0.10277244353914211
2025-06-10 08:00:00+00:00,10163.708678142788,0.0013417717081505018,0.0022323823274569155,0.005768033735258932,0.2582958597016509,0.3558599735061995,0.25038570195788,0.05345115578854522,0.0820073090457243,0.0022323823274569155,0.10500482586659902
2025-06-10 10:00:00+00:00,10187.543043861135,0.002345046131595858,0.0039435433039025245,0.001974475867007476,0.2563213838346435,0.3561942279995216,0.2504955411884467,0.05363675614554298,0.08335209083184529,0.0039435433039025245,0.10894836917050155
2025-06-10 12:00:00+00:00,10344.683607091638,0.015424775390293351,0.023807907388832324,0.014864968612651214,0.252512704756652,0.3451379384648618,0.26075683021580504,0.055814641153562196,0.08577788540911886,0.023807907388832324,0.13275627655933386
2025-06-10 14:00:00+00:00,10295.413690367051,-0.004762824905617222,-0.008412986774432356,0.007108159623735951,0.2584608993620268,0.3462979034832229,0.2557157990685683,0.05497536147509351,0.08455003661108836,-0.008412986774432356,0.1243432897849015
2025-06-10 16:00:00+00:00,10256.34331769475,-0.00379492984423332,-0.006584699552190783,0.0009801404965973336,0.2588286065832313,0.34552620741713763,0.2557745730814725,0.054766917044581594,0.0851036958735771,-0.006584699552190783,0.11775859023271072
2025-06-10 18:00:00+00:00,10258.344910175854,0.0001951565406016984,0.00019223208686463148,0.011142758784455475,0.25647226592201666,0.35666896620159305,0.24961921091767833,0.05368280280127801,0.08355675415743398,0.00019223208686463148,0.11795082231957535
2025-06-10 20:00:00+00:00,10354.917016066594,0.009414004572506228,0.014109554364901848,0.010810350613312512,0.25977238251518614,0.36417920022173605,0.24076999970807555,0.05302511637376833,0.08225330118123389,0.014109554364901848,0.1320603766844772
2025-06-10 22:00:00+00:00,10377.462001365302,0.0021772251060754055,0.003264937976991299,0.025344100837303457,0.25207777659352615,0.3465297053060926,0.26219533938607903,0.05399098036674799,0.08520619834755425,0.003264937976991299,0.1353253146614685
2025-06-11 00:00:00+00:00,10477.16490818192,0.0096076388237799,0.01371551186380316,0.02633718374161562,0.2561289198070601,0.3688157458341743,0.240189395320712,0.05219861605814521,0.08266732297990845,0.01371551186380316,0.14904082652527165
2025-06-11 02:00:00+00:00,10371.266856671697,-0.010107510231849514,-0.0182798314781427,0.011928703729822094,0.25911519590623955,0.357137407818366,0.2486175455092832,0.05271289350021652,0.08241695726589451,-0.0182798314781427,0.13076099504712896
2025-06-11 04:00:00+00:00,10386.313610158926,0.0014508115252623722,0.002049443017934882,0.007736535583910957,0.25811407852956847,0.3630445632845705,0.24188212730204348,0.05358256978864982,0.08337666109516781,0.002049443017934882,0.13281043806506385
2025-06-11 06:00:00+00:00,10382.039753062256,-0.00041148931729631294,-0.000803920213908862,0.003110478505635818,0.25668459187702675,0.36593422998440345,0.24091636022034074,0.053803381594452665,0.0826614363237764,-0.000803920213908862,0.132006517851155
2025-06-11 08:00:00+00:00,10375.77998868525,-0.0006029416690646445,-0.0011033484223067838,0.004763605373526915,0.25365531453505563,0.3641999019528477,0.24450538281928702,0.05408740377680979,0.08355199691599995,-0.0011033484223067838,0.13090316942884822
2025-06-11 10:00:00+00:00,10313.65360089404,-0.005987635422007656,-0.010015684993762741,0.006821886042831529,0.25220366860562343,0.3588296618394483,0.25006264815227625,0.054203696397973775,0.08470032500467822,-0.010015684993762741,0.12088748443508548
2025-06-11 12:00:00+00:00,10327.19064600096,0.0013125363358863198,0.0018686871289214518,0.0053046936487879635,0.24900530633075296,0.3617427872196446,0.24795631677835872,0.055367624304100714,0.08592796536714294,0.0018686871289214518,0.12275617156400694
2025-06-11 14:00:00+00:00,10390.750666208764,0.006154628338580624,0.00887939079553937,0.016817557889528666,0.24937769824847095,0.3449252293301159,0.26233111977100676,0.0558931558027177,0.08747279684768855,0.00887939079553937,0.1316355623595463
2025-06-11 16:00:00+00:00,10527.346969854965,0.013145951436446276,0.017459304680885978,0.010582726176586284,0.2514258895275398,0.35338850820891216,0.2527215773633304,0.055964411821439,0.08649961307877878,0.017459304680885978,0.14909486704043226
2025-06-11 18:00:00+00:00,10447.17830026779,-0.007615277601919914,-0.012576226649888205,0.006701860428738191,0.24809376228670696,0.3500187750210068,0.25636459435147707,0.05676866299573051,0.08875420534507879,-0.012576226649888205,0.13651864039054407
2025-06-11 20:00:00+00:00,10389.989252728898,-0.005474114243596876,-0.00866281319769295,0.001470720617559436,0.2484143204047376,0.3486954053503885,0.25719938972719925,0.057084030119537096,0.08860685439813762,-0.00866281319769295,0.1278558271928511
2025-06-11 22:00:00+00:00,10312.794769334792,-0.007429698098468239,-0.011719572646294736,0.004284961785113783,0.2450589546274549,0.35040096168630797,0.2597787951763936,0.056840249507015744,0.0879210390028279,-0.011719572646294736,0.11613625454655636
2025-06-12 00:00:00+00:00,10325.829807528973,0.001263967574817017,0.0016901013730066417,0.00434605917039297,0.2435756261967806,0.347709430256335,0.25960759586664783,0.05874967868255837,0.09035766899767822,0.0016901013730066417,0.117826355919563
2025-06-12 02:00:00+00:00,10330.328228862738,0.0004356474411852085,0.0005035909070649379,0.007727626817022607,0.24255032989114328,0.34360760867575224,0.2673352226836704,0.05818444378794708,0.08832239496148693,0.0005035909070649379,0.11832994682662794
2025-06-12 04:00:00+00:00,10258.364997054425,-0.006966209612512583,-0.010769876534177434,0.02325934075285148,0.2433094911939436,0.3203482679229008,0.2861808456204917,0.059230874280071934,0.09093052098259195,-0.010769876534177434,0.1075600702924505
2025-06-12 06:00:00+00:00,10242.419935293368,-0.001554347282986638,-0.00235915189653292,0.016439818441264013,0.23995180309831932,0.30726613757726107,0.30029658236128415,0.06017644569951359,0.09230903126362186,-0.00235915189653292,0.10520091839591758
2025-06-12 08:00:00+00:00,10199.81180839212,-0.004159966801832623,-0.006231966371771555,0.012396892482694603,0.2421815280784622,0.31743330507981277,0.29023434641972007,0.05955751906215562,0.09059330135984928,-0.006231966371771555,0.09896895202414603
2025-06-12 10:00:00+00:00,10211.49583483177,0.001145513923113505,0.0015624784507000183,0.007289403109398827,0.23995641006060633,0.3125213761973019,0.297118890622617,0.05940516285312359,0.09099816026635128,0.0015624784507000183,0.10053143047484606
2025-06-12 12:00:00+00:00,10121.021571349569,-0.008860040188587305,-0.013414319092208115,0.0034251165003957064,0.2426202108061516,0.31298821497522533,0.29741336759954395,0.05838578631051544,0.08859242030856367,-0.013414319092208115,0.08711711138263795
2025-06-12 14:00:00+00:00,10175.20246316183,0.005353302671109165,0.007451509817346434,0.020245230274689073,0.23649233055481894,0.2988708649518689,0.3120021699111524,0.06139692403479065,0.09123771054736902,0.007451509817346434,0.09456862119998438
2025-06-12 16:00:00+00:00,10100.648244764876,-0.007327050116876582,-0.010758188792542228,0.01787982019818394,0.23175814315100987,0.285725232157494,0.32043217124638,0.06598844974174344,0.0960960037033726,-0.010758188792542228,0.08381043240744215
2025-06-12 18:00:00+00:00,10242.30186756661,0.014024211057458982,0.019033495516442643,0.0023078521722623424,0.2329187821465216,0.286288428105408,0.3210161884752166,0.06528014267185533,0.09449645860099833,0.019033495516442643,0.1028439279238848
2025-06-12 20:00:00+00:00,10049.483418011176,-0.018825694853421115,-0.02797201898041959,0.0004122971528512445,0.23280279633922793,0.28599211675985053,0.32109105773586044,0.06555305204790093,0.09456097711716027,-0.02797201898041959,0.07487190894346521
2025-06-12 22:00:00+00:00,9927.723416570841,-0.012116045808096838,-0.01573244109633445,0.02261875383728093,0.22513802592525187,0.27103813333654553,0.336216336959072,0.06940034472989366,0.09820715904923678,-0.01573244109633445,0.059139467847130756
2025-06-13 00:00:00+00:00,9917.850785501403,-0.0009944506565280381,-0.0012279705089229718,0.04610345317552565,0.20986558927911908,0.2402071168071528,0.35664028145710786,0.08384808289821484,0.10943892955840552,-0.0012279705089229718,0.05791149733820778
2025-06-13 02:00:00+00:00,9586.42812721125,-0.03341678206881773,-0.0405484599312166,0.011488994792135686,0.21489083907038906,0.2466708618080185,0.35122580169800305,0.08058035301307745,0.10663214441051204,-0.0405484599312166,0.01736303740699118
2025-06-13 04:00:00+00:00,9649.604038567799,0.006590140823903248,0.007474852238271673,0.016694026705113933,0.21060653580049615,0.2342611383727974,0.3554734600139705,0.08667301335865137,0.11298585245408453,0.007474852238271673,0.024837889645262855
2025-06-13 06:00:00+00:00,9618.164480240475,-0.0032581190069214186,-0.0033892112260914833,0.08010379062241049,0.18313846705842715,0.18162541649245592,0.3844591980302269,0.11697760172544616,0.13379931669344383,-0.0033892112260914833,0.021448678419171373
2025-06-13 08:00:00+00:00,9701.166315779985,0.008629695999691983,0.009780027771453145,0.015433311052946319,0.18462131501029067,0.17555015108317712,0.3751011523865594,0.12537908579505158,0.13934829572492125,0.009780027771453145,0.031228706190624518
2025-06-13 10:00:00+00:00,9686.830198767693,-0.0014777725219464572,-0.0015083272544687263,0.04190242418153524,0.16639736047593603,0.15187168143599658,0.3883956762450225,0.14289983852996307,0.15043544331308192,-0.0015083272544687263,0.02972037893615579
2025-06-13 12:00:00+00:00,9731.983977468803,0.004661357510618244,0.005177386870500096,0.005741836163342562,0.16551770554348455,0.150882609586742,0.391821890624457,0.14521546031387106,0.14656233393144533,0.005177386870500096,0.034897765806655885
2025-06-13 14:00:00+00:00,9701.451244807617,-0.0031373595283217103,-0.003286461022357407,0.0792488607302963,0.13669148747821516,0.1083714573001497,0.3839104002460224,0.1905625123517701,0.1804641426238426,-0.003286461022357407,0.03161130478429848
2025-06-13 16:00:00+00:00,9735.988429579516,0.003560001890478385,0.003955442743718284,0.05963055716528439,0.15204594898209545,0.14051516691226165,0.3960427862953146,0.15709687554193433,0.15429922226839402,0.003955442743718284,0.035566747528016765
2025-06-13 18:00:00+00:00,9759.407171893788,0.0024053790206983194,0.002675943907327619,0.0914414463620627,0.12207387527875493,0.09735200616285321,0.3777365743860008,0.21520331116988609,0.1876342330025049,0.002675943907327619,0.03824269143534438
2025-06-13 20:00:00+00:00,9742.71904453679,-0.0017099529779900841,-0.001786194421096251,0.02510759296145837,0.11869397306689089,0.08952380985148821,0.36383707994777154,0.23042613159779485,0.1975190055360546,-0.001786194421096251,0.03645649701424813
2025-06-13 22:00:00+00:00,9799.806884439227,0.005859538763405891,0.006507800280118372,0.005201337631180053,0.12068851206368549,0.08665729273225156,0.3615022594358281,0.2335587098573402,0.19759322591089465,0.006507800280118372,0.0429642972943665
2025-06-14 00:00:00+00:00,9854.698030495356,0.005601247729002614,0.006167417404750753,0.07308152631180981,0.09283683921596392,0.06816985483080798,0.33475984387318347,0.28340664705287066,0.22082681502717402,0.006167417404750753,0.04913171469911726
2025-06-14 02:00:00+00:00,9800.50230434071,-0.0054994811598423005,-0.0058728570879353495,0.12944948292026065,0.1465018991134365,0.11750908030275815,0.36120504142402143,0.19600107761896607,0.178782901540818,-0.0058728570879353495,0.04325885761118191
2025-06-14 04:00:00+00:00,9802.66088248537,0.00022025178686029678,0.0002807969856613665,0.032400202392782004,0.12805382298739615,0.1035569540360164,0.37716258665831304,0.20723941438680504,0.18398722193146932,0.0002807969856613665,0.04353965459684327
2025-06-14 06:00:00+00:00,9813.677244720706,0.0011238134591618897,0.0012608622786402608,0.04186754650373128,0.15331195662730773,0.12016636689983606,0.36379875962469416,0.18547311270798186,0.17724980414018007,0.0012608622786402608,0.04480051687548353
2025-06-14 08:00:00+00:00,9807.439878622412,-0.000635578890843309,-0.0006495392303636133,0.02432671919405295,0.15698356134312155,0.13105205493102112,0.3735681860717483,0.1699125847886368,0.16848361286547225,-0.0006495392303636133,0.04415097764511992
2025-06-14 10:00:00+00:00,9777.282079019084,-0.0030749920444646294,-0.0032846237940434256,0.008359697108310693,0.16254313625674424,0.13385217712570913,0.3731043452208185,0.1649439371812339,0.16555640421549428,-0.0032846237940434256,0.04086635385107649
2025-06-14 12:00:00+00:00,9786.494007251667,0.0009421767888187604,0.0010770595662610422,0.09207244577046803,0.13110079174368314,0.09159743144989363,0.35472898963922705,0.2219355199788196,0.2006372671883766,0.0010770595662610422,0.04194341341733753
2025-06-14 14:00:00+00:00,9787.107376061893,6.267503048280446e-05,0.0001146654133833132,0.0206375632544994,0.13539560292880246,0.10039692407441299,0.36227224908408784,0.21120599818554728,0.1907292257271496,0.0001146654133833132,0.042058078830720845
2025-06-14 16:00:00+00:00,9729.850425769244,-0.005850242374237439,-0.0062807618828923575,0.0270167230993444,0.14530853550725453,0.11101045245673859,0.36876251122265447,0.1925584840653322,0.18236001674802016,-0.0062807618828923575,0.035777316947828486
2025-06-14 18:00:00+00:00,9704.874097529144,-0.002566979670514766,-0.002724702390209716,0.021273750091449342,0.1460856526013154,0.11807765019806986,0.3821919464787117,0.1781234214022292,0.17552132931967385,-0.002724702390209716,0.03305261455761877
2025-06-14 20:00:00+00:00,9683.402021222268,-0.0022125043654448065,-0.002338421535699483,0.011167630947963705,0.1521650032912685,0.11934328323562705,0.37262880245850993,0.17651893447446726,0.17934397654012726,-0.002338421535699483,0.03071419302191929
2025-06-14 22:00:00+00:00,9736.78920818308,0.00551326763505302,0.00623348860831662,0.041785918922278543,0.1633780751893774,0.13729410860084654,0.38525082411746014,0.15168994637020008,0.16238704572211593,0.00623348860831662,0.03694768163023591
2025-06-15 00:00:00+00:00,9738.85537953748,0.00021220253517076362,0.0002913964464700126,0.0018107969967041532,0.16405418468748154,0.13816529390105672,0.3838801846472845,0.15195344856858983,0.16194688819558734,0.0002913964464700126,0.03723907807670592
2025-06-15 02:00:00+00:00,9749.678714062788,0.0011113559143767194,0.00128216454536413,0.0240223623952857,0.17623834834805632,0.15000349263576768,0.37656011026379715,0.1414330818107579,0.15576496694162098,0.00128216454536413,0.03852124262207005
2025-06-15 04:00:00+00:00,9771.224040306364,0.0022098498704886073,0.0025005114140228993,0.0033741645707548035,0.17535878187342357,0.1475088945396457,0.37960711276053255,0.14145139942070098,0.15607381140569737,0.0025005114140228993,0.04102175403609295
2025-06-15 06:00:00+00:00,9814.54683671208,0.004433712319665078,0.004984398590080724,0.007141361042010574,0.17619731587875623,0.15353432506322567,0.3798845092736304,0.13875523859292352,0.15162861119146415,0.004984398590080724,0.04600615262617367
2025-06-15 08:00:00+00:00,9757.053639793283,-0.005857957364239993,-0.006362950080289731,0.04117365934649094,0.19222158859347202,0.17868371169500089,0.37240122122605845,0.11862933162883733,0.13806414685663138,-0.006362950080289731,0.03964320254588394
2025-06-15 10:00:00+00:00,9710.914971052673,-0.004728750137483912,-0.005098881313197735,0.01119801189004551,0.19541171918647185,0.18380302035957566,0.3752897938585293,0.11167339718084976,0.13382206941457336,-0.005098881313197735,0.034544321232686206
2025-06-15 12:00:00+00:00,9731.731594082241,0.00214363147979577,0.0024400093518899524,0.014624279522573475,0.19214158504011702,0.17244887498335698,0.3760196094483765,0.11944236746416437,0.139947563063985,0.0024400093518899524,0.03698433058457616
2025-06-15 14:00:00+00:00,9802.316105847829,0.007253026975025792,0.008210674634769322,0.017056951829168464,0.19563143038857023,0.18601598146407236,0.374111165586242,0.11128341833902382,0.13295800422209167,0.008210674634769322,0.04519500521934548
2025-06-15 16:00:00+00:00,9794.177565797105,-0.0008302670473838106,-0.0008726127514282649,0.02796845677927312,0.20951710413855792,0.2000987644933578,0.3614814214618525,0.10189699053690003,0.12700571936933186,-0.0008726127514282649,0.04432239246791722
2025-06-15 18:00:00+00:00,9804.680389406985,0.0010723538080990819,0.0012234742989878065,0.009381245071156147,0.2041903882133426,0.19747920441651692,0.37086266653300853,0.10096431203561555,0.12650342880151627,0.0012234742989878065,0.04554586676690503
2025-06-15 20:00:00+00:00,9780.695870438098,-0.0024462315971870256,-0.002651876740158233,0.013312085474720285,0.20935407340233475,0.2056276047022451,0.36613189814172287,0.09774313333277268,0.12114329042092456,-0.002651876740158233,0.0428939900267468
2025-06-15 22:00:00+00:00,9728.050870647605,-0.005382541333240964,-0.005846162958755125,0.00877376000788807,0.21052428603266307,0.21323115207980484,0.36370016634102675,0.09406776778090277,0.11847662776560251,-0.005846162958755125,0.03704782706799167
2025-06-16 00:00:00+00:00,9807.08507301814,0.008124361541838076,0.009225243956696784,0.0065502087378660895,0.21007577416362508,0.2197813608176709,0.36118718714278614,0.09166825323169596,0.11728742464422183,0.009225243956696784,0.04627307102468846
2025-06-16 02:00:00+00:00,9835.71093906345,0.002918896474556683,0.00325648518496306,0.004447581643132921,0.21184948446559837,0.2154057720521778,0.3625414602787616,0.09159626035405614,0.118607022849406,0.00325648518496306,0.04952955620965152
2025-06-16 04:00:00+00:00,9846.079376926047,0.0010541625233634372,0.001188424445693791,0.02411897449370702,0.22049032259246162,0.23088390841902162,0.3533836503588899,0.08461932029557011,0.11062279833405675,0.001188424445693791,0.05071798065534531
2025-06-16 06:00:00+00:00,9927.02211712203,0.008220809227444255,0.009168299424451251,0.007054539245753284,0.2207611561667596,0.237667614090477,0.35093654348469205,0.08235637961595889,0.10827830664211259,0.009168299424451251,0.05988628007979656
2025-06-16 08:00:00+00:00,9971.495282361035,0.004480010693468519,0.004913840555930611,0.02886341832613793,0.23072866515517398,0.25656352342820044,0.3367148237287563,0.0753810137563788,0.10061197393149043,0.004913840555930611,0.06480012063572717
2025-06-16 10:00:00+00:00,9948.699386091672,-0.002286106107845977,-0.002519385246294089,0.034814296831957844,0.24343614848383774,0.27867033693149457,0.3152693215821991,0.06798155572948998,0.09464263727297861,-0.002519385246294089,0.06228073538943308
2025-06-16 12:00:00+00:00,9938.142316989119,-0.00106115067838036,-0.0011699647981989415,0.011239671637951053,0.24125091030336107,0.2899100085694456,0.3134504394552111,0.06416814000848169,0.0912205016635005,-0.0011699647981989415,0.06111077059123414
2025-06-16 14:00:00+00:00,10001.91620995574,0.006417083890779081,0.007060226681784768,0.00995690497443509,0.24410628956459002,0.29701153428265176,0.3058136527946674,0.06326818814921899,0.08980033520887186,0.007060226681784768,0.06817099727301891
2025-06-16 16:00:00+00:00,9999.26894678622,-0.00026467559955013124,-0.0003097219710957872,0.018395826922611345,0.24999254964646436,0.30952110112338876,0.2952720261815726,0.059829048838642304,0.08538527420993197,-0.0003097219710957872,0.06786127530192312
2025-06-16 18:00:00+00:00,10010.676642767658,0.001140853000568937,0.0012366860514457147,0.005087551538478757,0.2505786400905907,0.3140225622177411,0.2921286435456363,0.0583651986138545,0.08490495553217729,0.0012366860514457147,0.06909796135336883
2025-06-16 20:00:00+00:00,10091.881200856935,0.008111795135041617,0.008862484824301416,0.004692971481973961,0.2512512867645606,0.3168112881392627,0.28743567206366233,0.05911072777076671,0.0853910252617476,0.008862484824301416,0.07796044617767026
2025-06-16 22:00:00+00:00,10070.203071170079,-0.002148076186728621,-0.0024114314935011626,0.01354709640485845,0.25653263888433536,0.32507703242434643,0.27884597001597583,0.056961166903864796,0.08258319177147763,-0.0024114314935011626,0.0755490146841691
2025-06-17 00:00:00+00:00,9827.115891063218,-0.024139253040764776,-0.02764059703692126,0.007858799475723346,0.2543326799786368,0.33250942792255944,0.2747472962053016,0.05540100014451419,0.08300959574898789,-0.02764059703692126,0.047908417647247833
2025-06-17 02:00:00+00:00,9897.824784344952,0.007195284360697912,0.007512657759052901,0.01455587141356942,0.25444783673524785,0.34695014257951784,0.2610603787928689,0.05461738486107303,0.08292425703129233,0.007512657759052901,0.055421075406300736
2025-06-17 04:00:00+00:00,9947.655174389123,0.00503447890116084,0.005196669836394567,0.024556467665977706,0.2513850783952041,0.325456433253584,0.28218941765734223,0.057335988393521595,0.08363308230034823,0.005196669836394567,0.0606177452426953
2025-06-17 06:00:00+00:00,9874.14101291711,-0.007390099494127918,-0.007614315496618963,0.003213034489917131,0.2514137184845878,0.3274708414281953,0.27998706556648045,0.05632530599446624,0.08480306852627026,-0.007614315496618963,0.05300342974607634
2025-06-17 08:00:00+00:00,9873.71261617262,-4.338572276130021e-05,-2.9772423293470654e-05,0.004953002552089889,0.24759126285463307,0.32634029450606017,0.28121481806359605,0.05726687072401996,0.0875867538516908,-2.9772423293470654e-05,0.05297365732278286
2025-06-17 10:00:00+00:00,9829.342780498871,-0.004493733755332605,-0.004590805323092108,0.022473384239579577,0.24554545308143802,0.3059127200396756,0.29876716702114603,0.06053376456786982,0.08924089528987053,-0.004590805323092108,0.04838285199969076
2025-06-17 12:00:00+00:00,9765.959493465298,-0.006448374876021628,-0.006557725789040416,0.011716706527077007,0.24780339785683886,0.3153714817913517,0.29325473418722836,0.057317579965150446,0.08625280619943049,-0.006557725789040416,0.04182512621065034
2025-06-17 14:00:00+00:00,9768.784542825131,0.0002892751461568043,0.0003397340652551067,0.020395961369055027,0.24697073027161817,0.33475552928508034,0.2747739095906002,0.05623511077794429,0.08726472007475693,0.0003397340652551067,0.04216486027590545
2025-06-17 16:00:00+00:00,9629.578723301933,-0.014250065493095636,-0.014263465918717222,0.024813083649263604,0.2439512238320452,0.31296195207538974,0.2952955595580526,0.058616157557534895,0.08917510697697759,-0.014263465918717222,0.027901394357188226
2025-06-17 18:00:00+00:00,9546.143986919617,-0.008664422274301432,-0.008448261409163788,0.01169132791523635,0.24539129246545063,0.3012706241601534,0.30486973098018477,0.059191016183291624,0.08927733621091959,-0.008448261409163788,0.019453132948024438
2025-06-17 20:00:00+00:00,9700.285285315938,0.016146969772038982,0.01738557702356349,0.013247023855381086,0.23864440201524173,0.2947704907549812,0.31190039845398,0.06216995960229271,0.09251474917350436,0.01738557702356349,0.03683870997158793
2025-06-17 22:00:00+00:00,9673.20325902853,-0.0027918793613630503,-0.0026698677745426056,0.0019143268443010952,0.23716765477196775,0.29480187076031344,0.31146281885295285,0.0636629479877867,0.09290470762697918,-0.0026698677745426056,0.03416884219704533
2025-06-18 00:00:00+00:00,9655.064226959257,-0.001875183595707419,-0.0017746437499410767,0.008500736838837088,0.2421980171915107,0.29827224517960765,0.3077721572124917,0.06086286511774441,0.09089471529864564,-0.0017746437499410767,0.032394198447104255
2025-06-18 02:00:00+00:00,9701.514323818717,0.004810956796098768,0.004871472855698384,0.03724496691525634,0.2301057032661532,0.2731195921897087,0.32950365529368675,0.0683976693389455,0.09887337991150572,0.004871472855698384,0.03726567130280264
2025-06-18 04:00:00+00:00,9731.324889900607,0.0030727745264157746,0.003104709538674141,0.007786202083004928,0.2294143130008489,0.27995560695533717,0.32240884347598614,0.06927774132621592,0.0989434952416118,0.003104709538674141,0.04037038084147678
2025-06-18 06:00:00+00:00,9748.546250620358,0.0017696830508274715,0.0017999985648221586,0.011837807587403118,0.23444121557118067,0.28676651197240854,0.31638387718820227,0.06647085845840346,0.09593753680980503,0.0017999985648221586,0.04217037940629894
2025-06-18 08:00:00+00:00,9726.46314783189,-0.002265271376956719,-0.0021912835800717203,0.026684628296188173,0.22579633999210427,0.2687267592552968,0.33197547519858756,0.07199200388752738,0.10150942166648405,-0.0021912835800717203,0.03997909582622722
2025-06-18 10:00:00+00:00,9689.635238253799,-0.0037863619096012357,-0.003680737070306942,0.010596905135172661,0.2242204103471819,0.2597057837650465,0.3358712208301101,0.07642279834164525,0.10377978671601625,-0.003680737070306942,0.036298358755920274
2025-06-18 12:00:00+00:00,9671.807196952168,-0.00183990840349146,-0.0017627614747722123,0.0251197080916497,0.21669663987757332,0.24210984614300537,0.3471410061595705,0.08409218031026022,0.10996032750959059,-0.0017627614747722123,0.034535597281148064
2025-06-18 14:00:00+00:00,9645.433159077227,-0.002726898638266004,-0.0026349667484833776,0.027146753164618335,0.20493499089197698,0.22672474196398337,0.3509516458947733,0.09699902881474787,0.12038959243451848,-0.0026349667484833776,0.03190063053266469
2025-06-18 16:00:00+00:00,9677.739676079616,0.003349410697225769,0.0034385008969190817,0.006549194997844121,0.20799015277448435,0.22590889561948732,0.35444567901011004,0.09243469813982554,0.11922057445609274,0.0034385008969190817,0.035339131429583774
2025-06-18 18:00:00+00:00,9651.036677877191,-0.0027592184845006825,-0.002677732425278656,0.0075547458757500435,0.21065873843534175,0.222385959896239,0.3593318392250027,0.09049767863688639,0.11712578380653021,-0.002677732425278656,0.03266139900430512
2025-06-18 20:00:00+00:00,9616.056585862098,-0.003624490630657209,-0.0035253284759503975,0.028447600852412776,0.19579548395332813,0.20880161352583984,0.3657147560645126,0.10403802993739922,0.1256501165189203,-0.0035253284759503975,0.02913607052835472
2025-06-18 22:00:00+00:00,9715.736433322445,0.010365979710113193,0.010782053489885384,0.006307404901378995,0.20022143667081743,0.2093302674424371,0.35948053813445213,0.10539082820469163,0.12557692954760175,0.010782053489885384,0.0399181240182401
2025-06-19 00:00:00+00:00,9705.568037727227,-0.0010465903089282465,-0.0009890832305356023,0.008038581652770542,0.20180559368796108,0.20129168578966652,0.364536173597331,0.10553341034254035,0.12683313658250103,-0.0009890832305356023,0.038929040787704504
2025-06-19 02:00:00+00:00,9671.629847674169,-0.0034967752450071896,-0.0034056115519374526,0.00515109282974114,0.2039884371979991,0.2009506813318752,0.36750442291703417,0.10250745329557175,0.12504900525751989,-0.0034056115519374526,0.035523429235767054
2025-06-19 04:00:00+00:00,9715.082798235011,0.004492826053645294,0.00458513078479988,0.023784833660238737,0.1928387915862828,0.18831549328335273,0.382159240782183,0.1092242620027529,0.1274622123454286,0.00458513078479988,0.04010856002056693
2025-06-19 06:00:00+00:00,9712.158290998554,-0.0003010275153794329,-0.0002524115986037855,0.022932157746197473,0.1874756435300913,0.17706729083125183,0.375838433544278,0.12236499623848504,0.13725363585589398,-0.0002524115986037855,0.039856148421963146
2025-06-19 08:00:00+00:00,9693.526886827596,-0.0019183587841875489,-0.0018622845167281037,0.03893342791768218,0.20668476156065105,0.19679160071837423,0.3651290653486201,0.10423233081359211,0.12716224155876257,-0.0018622845167281037,0.03799386390523504
2025-06-19 10:00:00+00:00,9730.72806299679,0.0038377338406875494,0.003928877745566394,0.018245965969093246,0.20129225135336565,0.20242919676156984,0.3777374352745177,0.09716726332897178,0.121373853281575,0.003928877745566394,0.04192274165080144
2025-06-19 12:00:00+00:00,9723.693159449063,-0.0007229575733884643,-0.0006809330094183172,0.009229599135175619,0.20377368417534622,0.20247406727987413,0.36850783613934207,0.1005121387087024,0.12473227369673513,-0.0006809330094183172,0.041241808641383125
2025-06-19 14:00:00+00:00,9669.751264681834,-0.005547469863835751,-0.005475649409585166,0.016635562040120594,0.21217702067736327,0.21070629281797776,0.36152873563138616,0.09502417540556299,0.12056377546770995,-0.005475649409585166,0.03576615923179796
2025-06-19 16:00:00+00:00,9646.566376492818,-0.002397671620954499,-0.00233736141253898,0.013287167410550749,0.20710718398130618,0.21813991400086705,0.3673822818590476,0.09116323965385113,0.11620738050492813,-0.00233736141253898,0.03342879781925898
2025-06-19 18:00:00+00:00,9675.591005092423,0.0030088041140040635,0.003117666409427058,0.008565639510015752,0.20718380283351726,0.21180764580375785,0.365148910546141,0.09579961192940496,0.12006002888717895,0.003117666409427058,0.03654646422868604
2025-06-19 20:00:00+00:00,9680.629061440031,0.0005206975310300319,0.0005821504000750792,0.009651022673311957,0.21437061564311544,0.21427185566747153,0.35969196516737706,0.09297518286523909,0.11869038065679673,0.0005821504000750792,0.037128614628761124
2025-06-19 22:00:00+00:00,9676.93966940079,-0.0003811107744988335,-0.0003298820101088642,0.010920986816783121,0.2066704334675436,0.2146541116597516,0.3702306959918802,0.09136215572808704,0.11708260315273757,-0.0003298820101088642,0.03679873261865226
2025-06-20 00:00:00+00:00,9699.608535995305,0.002342565663212397,0.002442272643527684,0.0072568875663892585,0.20779758774208484,0.21238684107338585,0.36524107901185665,0.09658114228471504,0.11799334988795755,0.002442272643527684,0.03924100526217995
2025-06-20 02:00:00+00:00,9701.257785329875,0.00017003256661850963,0.00022239662845836123,0.0037308208997021905,0.21152840864178712,0.21231001162167276,0.364734315997894,0.09382440748035512,0.11760285625829109,0.00022239662845836123,0.03946340189063831
2025-06-20 04:00:00+00:00,9694.056846834892,-0.0007422685443811949,-0.000705116018170882,0.015257333366312797,0.2145397306196186,0.22455602301015404,0.36005986248955996,0.08792852350010595,0.11291586038056146,-0.000705116018170882,0.03875828587246743
2025-06-20 06:00:00+00:00,9678.028196731697,-0.0016534512182511513,-0.001630182980016726,0.004338680456972228,0.21443545779282056,0.22789873349645773,0.3610558324602285,0.08551076873246827,0.11109920751802495,-0.001630182980016726,0.0371281028924507
2025-06-20 08:00:00+00:00,9768.279766255651,0.009325408821854128,0.00979117202364716,0.005920670546425297,0.2138071011377573,0.22260641960509564,0.36449597801216893,0.08688304098992743,0.1122074602550506,0.00979117202364716,0.04691927491609786
2025-06-20 10:00:00+00:00,9776.147004273327,0.000805386230322037,0.0008493369411955515,0.03346034868115602,0.22478672413093131,0.2450871452930778,0.3440002689663681,0.08013801504391888,0.1059878465657041,0.0008493369411955515,0.04776861185729341
2025-06-20 12:00:00+00:00,9777.5091486063,0.0001393334544148183,0.0001704148679117087,0.02154662035678511,0.23036540514397452,0.26105508463681965,0.3371938095370135,0.07259991890493528,0.09878578177725714,0.0001704148679117087,0.04793902672520512
2025-06-20 14:00:00+00:00,9750.868854800547,-0.0027246503583737156,-0.002743491037326168,0.011277684625962604,0.2335651482312996,0.26913302617545715,0.3305147759304101,0.0703584707374614,0.09642857892537175,-0.002743491037326168,0.04519553568787895
2025-06-20 16:00:00+00:00,9608.008993254618,-0.014650987893822015,-0.014628808326848916,0.01837335839847557,0.24035070966226885,0.2807208231429635,0.317820513294121,0.06764320056780257,0.09346475333284418,-0.014628808326848916,0.030566727361030034
2025-06-20 18:00:00+00:00,9452.70840076123,-0.016163660192493337,-0.015403644016440253,0.005181197630638776,0.23516951203163,0.2829859986740416,0.3186291130639827,0.06795213645292816,0.09526323977741741,-0.015403644016440253,0.015163083344589781
2025-06-20 20:00:00+00:00,9468.397427737355,0.0016597388082828738,0.001750173096093155,0.04289264949677101,0.22024792202327678,0.25501493918562396,0.34438404107083237,0.07643839362264251,0.10391470409762456,0.001750173096093155,0.016913256440682936
2025-06-20 22:00:00+00:00,9475.839298694764,0.000785969432969552,0.0008802484813753084,0.008825273201648685,0.22739399558416046,0.2499294847690824,0.34064422228572516,0.07684844503034646,0.10518385233068553,0.0008802484813753084,0.017793504922058244
2025-06-21 00:00:00+00:00,9459.726246201013,-0.0017004353900314183,-0.0015635818574762312,0.004758358663838502,0.2250970500413686,0.24746807164803572,0.343248523693268,0.07769464397451585,0.10649171064281175,-0.0015635818574762312,0.016229923064582014
2025-06-21 02:00:00+00:00,9518.257337761826,0.006187398032191462,0.006381537801240271,0.024827333474303624,0.2150809634744032,0.23265682474069754,0.35730105530904954,0.08510965269291536,0.1098515037829344,0.006381537801240271,0.022611460865822285
2025-06-21 04:00:00+00:00,9510.628556143609,-0.0008014893217850379,-0.0006985499396286089,0.01074156202051145,0.21286614661290648,0.22618560390691703,0.3552455309838153,0.09120804516302193,0.11449467333333924,-0.0006985499396286089,0.021912910926193678
2025-06-21 06:00:00+00:00,9515.524638560903,0.0005148011394189305,0.0006020555382219693,0.009912706855206878,0.21841543858152962,0.23054901879350084,0.3527280850726659,0.0859647485354886,0.11234270901681515,0.0006020555382219693,0.022514966464415646
2025-06-21 08:00:00+00:00,9496.718072270238,-0.0019764087641002868,-0.0018557374710759839,0.01215889076885699,0.211788189089506,0.2265217646899562,0.36488697584152285,0.08463813804425857,0.11216493233475643,-0.0018557374710759839,0.020659228993339662
2025-06-21 10:00:00+00:00,9519.110330648007,0.002357894401767417,0.0024594090207209133,0.01070757893125595,0.2079738742901157,0.21962850055809052,0.36870816159923975,0.08930459420403385,0.1143848693485202,0.0024594090207209133,0.023118638014060576
2025-06-21 12:00:00+00:00,9516.839532620013,-0.00023855149789381972,-0.00014849911603901863,0.005273784953208176,0.21151609070454278,0.21985399941240172,0.36343437664603157,0.08957482516180076,0.11562070807522319,-0.00014849911603901863,0.022970138898021557
2025-06-21 14:00:00+00:00,9462.695619384112,-0.005689274580107945,-0.0054748946332927794,0.004125159379085676,0.20970017366339527,0.21885099210191597,0.3621281416185791,0.09240403904911636,0.11691665356699323,-0.0054748946332927794,0.017495244264728777
2025-06-21 16:00:00+00:00,9468.929567106261,0.0006587919524093202,0.0007622075449208499,0.02361858660482534,0.20209388570916836,0.20283869345131753,0.3663892228518359,0.10305315268491874,0.12562504530275936,0.0007622075449208499,0.018257451809649626
2025-06-21 18:00:00+00:00,9408.605443888378,-0.006370743682310303,-0.006109110842269363,0.01677232282599718,0.19592586044122334,0.19223439589326546,0.37258863839085204,0.10818024741433782,0.1310708578603214,-0.006109110842269363,0.012148340967380263
2025-06-21 20:00:00+00:00,9330.157683064577,-0.008337873374715699,-0.007897571521720131,0.005559644061017929,0.19317292527645682,0.19779403995428346,0.37202877679797075,0.10751500370151415,0.12948925426977503,-0.007897571521720131,0.004250769445660132
2025-06-21 22:00:00+00:00,9157.262923790397,-0.01853074354659698,-0.0164885435464846,0.020588668036311805,0.182930919150916,0.18744737804351244,0.37926334749732893,0.11574504139998865,0.13461331390825412,-0.0164885435464846,-0.012237774100824467
2025-06-22 00:00:00+00:00,9223.8641381945,0.007273048175899072,0.007574961259792065,0.07905923154573094,0.1570628612939015,0.13425620435479596,0.3840421834944165,0.16050723946801274,0.16413151138887339,0.007574961259792065,-0.004662812841032401
2025-06-22 02:00:00+00:00,9207.773098438658,-0.0017445009504435196,-0.0015095527889879207,0.04853598990099008,0.14508519554903188,0.1131663278600057,0.3685737358330863,0.19074501784987796,0.18242972290799822,-0.0015095527889879207,-0.006172365630020322
2025-06-22 04:00:00+00:00,9227.408510627129,0.00213248219504884,0.002253396532242426,0.024961177398082256,0.14739629936461898,0.12156428597480293,0.38282585130078417,0.17591442116855394,0.17229914219123996,0.002253396532242426,-0.0039189690977778965
2025-06-22 06:00:00+00:00,9295.030028079913,0.007328332475462083,0.007574164219864814,0.0932245096021361,0.11518888401875256,0.08430377768959511,0.3590692653297223,0.23789675020791118,0.2035413227540188,0.007574164219864814,0.003655195122086918
2025-06-22 08:00:00+00:00,9275.198062400448,-0.002133609640803009,-0.0019017252933888886,0.029690452823000896,0.1064274693704272,0.07644792842687363,0.34599607641776836,0.2589626937367727,0.21216583204815828,-0.0019017252933888886,0.0017534698286980292
2025-06-22 10:00:00+00:00,9206.891063714584,-0.007364478712618074,-0.006705761520180598,0.014959579387362865,0.11057204992471392,0.07857094126238215,0.3546880624153359,0.2478496241602967,0.20831932223727134,-0.006705761520180598,-0.004952291691482568
2025-06-22 12:00:00+00:00,9260.30624363944,0.005801652214108343,0.00596682589699166,0.008895612571292635,0.10585480317888532,0.08082710157782705,0.36132751467118357,0.2444339122308291,0.20755666834127484,0.00596682589699166,0.0010145342055090916
2025-06-22 14:00:00+00:00,9100.142909378323,-0.017295684402567953,-0.014973428958648831,0.07917588357671468,0.09215447159299067,0.06094977232403899,0.31572929193415167,0.2960664854722515,0.23509997867656718,-0.014973428958648831,-0.01395889475313974
2025-06-22 16:00:00+00:00,8983.105451970905,-0.012861057081510531,-0.0109221014903882,0.013724723994991497,0.08432347105903774,0.05505604886300045,0.3162671664630463,0.3036110221677353,0.2407422914471803,-0.0109221014903882,-0.02488099624352794
2025-06-22 18:00:00+00:00,9052.871776542148,0.007766392696184606,0.007907907257060245,0.02798127671349126,0.07567896836773319,0.05050799869598608,0.30671332642319216,0.3315922988812265,0.23550740763186206,0.007907907257060245,-0.016973088986467696
2025-06-22 20:00:00+00:00,8994.759791085895,-0.006419176907689568,-0.005529059143656794,0.03450176958245697,0.07088152026725654,0.04400459283088514,0.2835124108063128,0.3462549940745262,0.25534648202101934,-0.005529059143656794,-0.02250214813012449
2025-06-22 22:00:00+00:00,9001.000688605545,0.0006938370411887405,0.0008519091767067362,0.0619346732121184,0.08509615222947094,0.05489032732571441,0.3203467175613875,0.3067045972319237,0.23296220565150338,0.0008519091767067362,-0.021650238953417753
2025-06-23 00:00:00+00:00,9134.60597118916,0.01484338099793144,0.015572930694983512,0.06559001467400141,0.06796827507267825,0.04179155193991196,0.28498335542998127,0.3508734214042487,0.25438339615317984,0.015572930694983512,-0.006077308258434241
2025-06-23 02:00:00+00:00,9186.23298827733,0.00565180558975425,0.005509670937843633,0.02165817642320186,0.07896964425072037,0.04762639290117847,0.28980532171387446,0.3299506424031232,0.25364799873110344,0.005509670937843633,-0.0005676373205906081
2025-06-23 04:00:00+00:00,9142.505521213887,-0.0047601086451046154,-0.004098741459428588,0.14157114512996188,0.11984561867282621,0.08398603525208095,0.354140850070828,0.24102721876766367,0.2010002772366011,-0.004098741459428588,-0.0046663787800191965
2025-06-23 06:00:00+00:00,9187.963020140858,0.004972105165426872,0.004842986463532618,0.08953487795099799,0.09083616418703845,0.05849307271348532,0.3191083891442134,0.29820337490149046,0.2333589990537723,0.004842986463532618,0.0001766076835134217
2025-06-23 08:00:00+00:00,9208.653294212605,0.002251889132160362,0.0022323553824523065,0.07799362345107134,0.07456146277451631,0.04261035698588309,0.2732721828332665,0.34718121488529463,0.2623747825210395,0.0022323553824523065,0.002408963065965728
2025-06-23 10:00:00+00:00,9187.891880687212,-0.0022545548042775996,-0.0019055582787976637,0.0782322756476746,0.09418580195637241,0.06144000335747693,0.3130504729274911,0.30307734116937,0.2282463805892895,-0.0019055582787976637,0.0005034047871680645
2025-06-23 12:00:00+00:00,9162.416600903969,-0.0027727013023294456,-0.002368780967038168,0.05459477113228575,0.07330972471385509,0.04791038241829827,0.2928613999769013,0.34082316877264085,0.2450953241183044,-0.002368780967038168,-0.0018653761798701034
2025-06-23 14:00:00+00:00,9261.55742549531,0.010820379481714413,0.010717239264421245,0.012045322210654276,0.07380058690371978,0.045741524060174454,0.28298493612437087,0.3495462017267289,0.24792675118500596,0.010717239264421245,0.008851863084551142
2025-06-23 16:00:00+00:00,9196.71093734413,-0.007001682888956672,-0.0060725033343127675,0.07399929593111006,0.09590153424323308,0.06412264058665776,0.3165021681894843,0.2969335802562941,0.22654007672433066,-0.0060725033343127675,0.0027793597502383744
2025-06-23 18:00:00+00:00,9266.875836169505,0.007629346981045498,0.007371595574041169,0.08084757524260154,0.11821598899954848,0.08722605087951932,0.35193187838290896,0.23856146569770514,0.20406461604031817,0.007371595574041169,0.010150955324279544
2025-06-23 20:00:00+00:00,9339.069233770526,0.0077904785687581855,0.0074489133651274835,0.007176544089143977,0.12306110975854134,0.08781820463024222,0.34475533429376487,0.24012343675089476,0.20424191456655666,0.0074489133651274835,0.01759986868940703
2025-06-23 22:00:00+00:00,9383.954403684571,0.004806171663417831,0.0045363974367744,0.12556345301838895,0.17610857383973164,0.14579560314905252,0.35929392471215327,0.15563611949841663,0.1631657788006459,0.0045363974367744,0.022136266126181428
2025-06-24 00:00:00+00:00,9537.13657410907,0.016323840018271252,0.015680744446141866,0.045227497123298085,0.19844759335321296,0.1686840807588693,0.3532317481424881,0.12855045579443355,0.15108612195099608,0.015680744446141866,0.0378170105723233
2025-06-24 02:00:00+00:00,9543.17662749224,0.0006333193759188365,0.0006151300785525351,0.049073707327937234,0.21537745780551398,0.20082792363450563,0.3429533111710278,0.10771497173829904,0.1331263356506538,0.0006151300785525351,0.038432140650875836
2025-06-24 04:00:00+00:00,9499.508709561156,-0.004575826230155231,-0.003992736771824063,0.06470719887868914,0.25102288567664827,0.22988969464206033,0.31204461897386365,0.08780037256527798,0.11924242814214966,-0.003992736771824063,0.03443940387905177
2025-06-24 06:00:00+00:00,9555.134797958992,0.005855680551337298,0.005347676622164717,0.01682705979788613,0.24374502374453277,0.2203404967762898,0.3187531849041199,0.0925032463532678,0.12465804822178983,0.005347676622164717,0.03978708050121649
2025-06-24 08:00:00+00:00,9488.25947756686,-0.006998888221484406,-0.00611852632678905,0.04628206836823385,0.25805131737488285,0.2523162715141735,0.2988201788114896,0.0785882343288244,0.11222399797062964,-0.00611852632678905,0.033668554174427434
2025-06-24 10:00:00+00:00,9527.0216272262,0.004085275044489016,0.0037324120999191147,0.043849059917108045,0.268752500439439,0.28546414836672546,0.2797959412502323,0.06725956704435562,0.09872784289924767,0.0037324120999191147,0.037400966274346546
2025-06-24 12:00:00+00:00,9509.149502226246,-0.00187594042495706,-0.0016132970710104877,0.03103888243863028,0.2659474409621572,0.31650303080535563,0.2748629757903994,0.0581243934846145,0.08456215895747309,-0.0016132970710104877,0.03578766920333606
2025-06-24 14:00:00+00:00,9517.219941991405,0.0008487025851545153,0.000816216766026181,0.006288312408453709,0.26454911849716517,0.31695809055380264,0.2699729858469378,0.060836477608020086,0.08768332749407423,0.000816216766026181,0.03660388596936224
2025-06-24 16:00:00+00:00,9551.364469937384,0.0035876577565817133,0.003289837062340487,0.034872600179278165,0.27025344248499644,0.3461263667452496,0.25164470784132686,0.0534001698207474,0.07857531310767976,0.003289837062340487,0.03989372303170272
2025-06-24 18:00:00+00:00,9608.728283214838,0.006005823927880277,0.005485066807095497,0.01616588911931964,0.2612452272601077,0.33896869285081865,0.2636657547619182,0.0539223762037571,0.08219794892339827,0.005485066807095497,0.04537878983879822
2025-06-24 20:00:00+00:00,9559.842505512654,-0.005087642845264014,-0.004498582268074027,0.019160813075179084,0.2650829560214045,0.35429177716470084,0.2472972979038992,0.053248288919456516,0.08007967999053874,-0.004498582268074027,0.04088020757072419
2025-06-24 22:00:00+00:00,9601.699416307538,0.004378410080579072,0.003996649861237169,0.011042683676976223,0.26705484620601294,0.3633625706570688,0.2392466546299996,0.05152649221691076,0.078809436290008,0.003996649861237169,0.04487685743196136
2025-06-25 00:00:00+00:00,9600.597862575938,-0.00011472487148774374,-6.892200878008224e-05,0.03140211441740913,0.2563882139015462,0.3426270885441264,0.26468515046962554,0.05324560963452978,0.08305393745017217,-6.892200878008224e-05,0.04480793542318128
2025-06-25 02:00:00+00:00,9630.711848956762,0.0031366782373220435,0.0028665392604821653,0.03259107688527757,0.26621938529583017,0.36538699403511987,0.2376496382233455,0.05128795931246174,0.07945602313324257,0.0028665392604821653,0.04767447468366345
2025-06-25 04:00:00+00:00,9603.637887601508,-0.0028112108201209076,-0.0024988622429077674,0.0020670581565279504,0.26502865867559644,0.3645106624988258,0.23951183109947932,0.05146403771985063,0.07948481000624796,-0.0024988622429077674,0.04517561244075568
2025-06-25 06:00:00+00:00,9578.534924865211,-0.0026139014225750414,-0.0023189578434880957,0.016328050296798652,0.25764081012825785,0.35557046074936566,0.25020921454384754,0.0531175573515969,0.08346195722693205,-0.0023189578434880957,0.042856654597267584
2025-06-25 08:00:00+00:00,9618.956645917151,0.004220031703074616,0.003879130985768395,0.039152514075969425,0.2720173808770703,0.3803464040765227,0.2205527223417056,0.04988365080576721,0.07719984189893432,0.003879130985768395,0.046735785583035976
2025-06-25 10:00:00+00:00,9567.395777491758,-0.005360338997606179,-0.004796090934412817,0.02443149359414426,0.26082184971017935,0.36711044164926926,0.23892875998696222,0.0522237046036148,0.08091524404997424,-0.004796090934412817,0.041939694648623155
2025-06-25 12:00:00+00:00,9591.70901849264,0.0025412600843878514,0.0023516957254127767,0.004752410949615999,0.2580302984559214,0.37044927047496695,0.23726486683402012,0.05192673806119888,0.08232882617389257,0.0023516957254127767,0.044291390374035934
2025-06-25 14:00:00+00:00,9636.337136812956,0.004652780670709669,0.004282558193793343,0.0016207426315499908,0.2592903710929872,0.3700742452455911,0.2376255368285044,0.05182522592742932,0.08118462090548804,0.004282558193793343,0.048573948567829275
2025-06-25 16:00:00+00:00,9542.384068912384,-0.009749873480624621,-0.008749544828555248,0.009099336797306647,0.25556427129506504,0.36470100824620655,0.24353728294482307,0.052579889035291136,0.08361754847861412,-0.008749544828555248,0.039824403739274025
2025-06-25 18:00:00+00:00,9587.785735204341,0.004757895507462102,0.004379253712350639,0.011876080323695554,0.252315578274821,0.3560736209427551,0.2508935853206379,0.05451878985359075,0.08619842560819528,0.004379253712350639,0.04420365745162466
2025-06-25 20:00:00+00:00,9621.283429640489,0.003493788384647751,0.003207483003657767,0.008487325274496735,0.2551945617866058,0.361681962705467,0.24603863941301532,0.053261635585660855,0.08382320050925102,0.003207483003657767,0.04741114045528243
2025-06-25 22:00:00+00:00,9603.376984748238,-0.0018611285098499848,-0.0016538098671491168,0.012351146326073432,0.25298372658827223,0.35154165157772715,0.25408910338229324,0.05466246196369859,0.0867230564880088,-0.0016538098671491168,0.04575733058813331
2025-06-26 00:00:00+00:00,9585.87549888474,-0.0018224303691602214,-0.00161806703528435,0.008730937495534944,0.2508856217043901,0.3602725890732621,0.2485484472062985,0.05428536548688354,0.08600797652916575,-0.00161806703528435,0.04413926355284896
2025-06-26 02:00:00+00:00,9660.6235904389,0.007797732357660494,0.0071973934214175665,0.009206138184220742,0.2511852509614462,0.3510664508890413,0.25519294958164707,0.0553656369797121,0.08718971158815322,0.0071973934214175665,0.05133665697426652
2025-06-26 04:00:00+00:00,9711.611743869951,0.005277936041469841,0.004819708634296347,0.0039966028236672994,0.2533639898618112,0.3528843148123437,0.2536949626406233,0.05432331076569045,0.08573342191953141,0.004819708634296347,0.056156365608562867
2025-06-26 06:00:00+00:00,9684.74916983634,-0.0027660263550556346,-0.0025012341089468313,0.007824879515423103,0.25430845460025703,0.35976472958932104,0.24650261527356143,0.05408709857161438,0.0853371019652463,-0.0025012341089468313,0.05365513149961604
2025-06-26 08:00:00+00:00,9720.621725263889,0.003704025246134021,0.003382830664678745,0.012028013764328126,0.2479182717699384,0.3541268986553114,0.2545121134852817,0.05566038982258825,0.08778232626688012,0.003382830664678745,0.057037962164294784
2025-06-26 10:00:00+00:00,9662.372777209152,-0.005992306840142645,-0.0054441041748956994,0.011649406142963937,0.2544544415875943,0.3592401349806195,0.24752990784906284,0.05396812887259043,0.08480738671013295,-0.0054441041748956994,0.05159385798939908
2025-06-26 12:00:00+00:00,9635.127843002314,-0.0028196939649337777,-0.002542695910484192,0.002033066489682857,0.25289213439096964,0.35876937568756134,0.24797005742546802,0.05467716056733458,0.08569127192866652,-0.002542695910484192,0.04905116207891489
2025-06-26 14:00:00+00:00,9580.605922391862,-0.005658660839674231,-0.005107530859068167,0.011170909108699868,0.246008273683856,0.35448232728597506,0.2543866185359361,0.05637500624526064,0.0887477742489722,-0.005107530859068167,0.04394363121984672
2025-06-26 16:00:00+00:00,9607.001193288466,0.0027550732292321413,0.0025558007594928835,0.0056291969121998915,0.25163747059605596,0.35208953982260066,0.25424461994052566,0.05533103882060199,0.08669733082021586,0.0025558007594928835,0.0464994319793396
2025-06-26 18:00:00+00:00,9572.266100344097,-0.0036156020224745126,-0.0032574863831050156,0.007914205605500543,0.24914096618472642,0.34667183862842965,0.26008730373465727,0.056091958724478384,0.08800793272770839,-0.0032574863831050156,0.043241945596234586
2025-06-26 20:00:00+00:00,9621.76935966992,0.005171529793143,0.004799909885795132,0.0034928681771130947,0.2487690016657817,0.34940444161580153,0.25696640007648885,0.05637639372961836,0.08848376291230958,0.004799909885795132,0.048041855482029716
2025-06-26 22:00:00+00:00,9569.110458774672,-0.005472891619702362,-0.004951782360401021,0.0034724477788700484,0.2498905043607306,0.34766557810503856,0.2593173451604099,0.05577456172377071,0.08735201065005004,-0.004951782360401021,0.04309007312162869
2025-06-27 00:00:00+00:00,9557.994167670884,-0.0011616848976380466,-0.0010221915187775606,0.003426143994235551,0.24953839506148975,0.34459154341004394,0.26199902452595997,0.05592724272129416,0.08794379428121214,-0.0010221915187775606,0.04206788160285113
2025-06-27 02:00:00+00:00,9600.44955551914,0.004441872123322695,0.004139985992274301,0.002213134226103846,0.2489475005145567,0.346615802592956,0.26037678484678917,0.05604428927639629,0.08801562276930179,0.004139985992274301,0.046207867595125435
2025-06-27 04:00:00+00:00,9647.46450233039,0.004897160965157188,0.004547521727265233,0.008803966122308219,0.24784294122653605,0.33921015381296205,0.26879187239143715,0.05643316785405652,0.08772186471500815,0.004547521727265233,0.05075538932239067
2025-06-27 06:00:00+00:00,9614.362411209922,-0.003431170035657639,-0.00312171021662347,0.006819012000561266,0.2503683165558238,0.3435037904842357,0.263899343632328,0.05545213351504879,0.08677641581256391,-0.00312171021662347,0.0476336791057672
2025-06-27 08:00:00+00:00,9604.46926797417,-0.0010289962883257308,-0.0009177428439416252,0.0055682601857422985,0.24822115614377893,0.3400826907105382,0.2674279787314217,0.05651614335429392,0.08775203105996729,-0.0009177428439416252,0.046715936261825575
2025-06-27 10:00:00+00:00,9632.091471559188,0.0028759739673616903,0.0026873636181404927,0.0043440962275130175,0.24669213886234712,0.33726761176445696,0.27120868556754607,0.056898999874125965,0.08793256393152386,0.0026873636181404927,0.04940329987996607
2025-06-27 12:00:00+00:00,9607.180489188644,-0.002586248525992436,-0.002359181554914135,0.0014209384609965257,0.24739785296001196,0.336747959100849,0.2719239099308777,0.056568059568887635,0.08736221843937363,-0.002359181554914135,0.04704411832505193
2025-06-27 14:00:00+00:00,9561.782566356662,-0.004725415836942979,-0.004319718349470446,0.001197730044287585,0.24726290298069845,0.3374149184351447,0.2708611298659037,0.05665475858129739,0.08780629013695579,-0.004319718349470446,0.04272439997558149
2025-06-27 16:00:00+00:00,9599.705513322158,0.003966095934761191,0.0037311361489747092,0.006687714019613589,0.24546893444272666,0.33252117295350286,0.27616220633857724,0.05780127290813973,0.08804641335705347,0.0037311361489747092,0.0464555361245562
2025-06-27 18:00:00+00:00,9520.659848074649,-0.008234176052360345,-0.007528583676447146,0.005704034365967763,0.24915186300094005,0.33152115917422625,0.27818331214633163,0.05616371516897383,0.08497995050952824,-0.007528583676447146,0.03892695244810905
2025-06-27 20:00:00+00:00,9548.615264419273,0.0029362897940605694,0.0027753368998909332,0.004762934939343613,0.2471207396494485,0.32878934758637424,0.27916556207923254,0.05740180365671004,0.08752254702823477,0.0027753368998909332,0.041702289347999986
2025-06-27 22:00:00+00:00,9593.247121811513,0.004674170668342949,0.004397557499282742,0.017270083157246114,0.24191508609993606,0.3167249179786405,0.2920829659902755,0.059623612234170634,0.08965341769697727,0.004397557499282742,0.04609984684728273
2025-06-28 00:00:00+00:00,9591.205383046128,-0.00021283083188194162,-0.00016614493219022864,0.007724663286172172,0.24498731684695646,0.3094084221861442,0.29590238062459295,0.06045663013900494,0.08924525020330135,-0.00016614493219022864,0.0459337019150925
2025-06-28 02:00:00+00:00,9591.527789597463,3.361481049128994e-05,6.24128852877519e-05,0.004069515323835673,0.24472284890063029,0.31347793750997993,0.29466097156304294,0.05885116970752405,0.08828707231882278,6.24128852877519e-05,0.04599611480038025
2025-06-28 04:00:00+00:00,9603.070534776341,0.0012034313440030088,0.001152110581275647,0.004962449168856974,0.24302683745494605,0.311257116112987,0.2936153552368632,0.06122270483291802,0.09087798636228588,0.001152110581275647,0.0471482253816559
2025-06-28 06:00:00+00:00,9605.111025885863,0.0002124831950500748,0.00022634455589212306,0.0072648198323173666,0.24454046842064342,0.30799129756916255,0.2993665441034831,0.0598847137588164,0.0882169761478945,0.00022634455589212306,0.047374569937548024
2025-06-28 08:00:00+00:00,9630.500048796965,0.002643282606799429,0.0025051733158600632,0.01335301492721408,0.24770542855618544,0.3181793523608346,0.2882834867681942,0.05821228484473407,0.08761944747005167,0.0025051733158600632,0.04987974325340809
2025-06-28 10:00:00+00:00,9625.156076104688,-0.0005549008530397965,-0.0004980802687762075,0.015575607339450296,0.2429919912074912,0.30731718237007855,0.2996825728569433,0.06065548262675369,0.08935277093873328,-0.0004980802687762075,0.04938166298463188
2025-06-28 12:00:00+00:00,9623.957126493411,-0.00012456417348412032,-9.434795841149154e-05,0.006100754428677149,0.24511762951059804,0.3112922984956489,0.2954334049361968,0.05966561024012744,0.08849105681742887,-9.434795841149154e-05,0.04928731502622039
2025-06-28 14:00:00+00:00,9615.68353287111,-0.0008596872901195533,-0.0007856833274270323,0.008771319482947817,0.24820571625697813,0.31697553123221656,0.29011877439393774,0.05829111326140555,0.08640886485546195,-0.0007856833274270323,0.04850163169879336
2025-06-28 16:00:00+00:00,9671.853156134197,0.005841459223473083,0.005566156196888902,0.0069243248643275634,0.2458159278308095,0.3124409947940577,0.29429029274392765,0.0594674867421368,0.0879852978890684,0.005566156196888902,0.054067787895682264
2025-06-28 18:00:00+00:00,9706.412487592886,0.0035731861206732864,0.003384814720903048,0.009653794630446844,0.24928597765271435,0.3186247396025997,0.28931242275824465,0.05757409864987989,0.08520276133656149,0.003384814720903048,0.05745260261658531
2025-06-28 20:00:00+00:00,9659.67415243131,-0.0048152018288239685,-0.004541738651640929,0.0011525967107276214,0.24997914867689824,0.3187547140260832,0.2881686364952503,0.0575652882021465,0.08553221259962161,-0.004541738651640929,0.05291086396494438
2025-06-28 22:00:00+00:00,9664.450799908558,0.0004944936445962835,0.00048096774901481144,0.0013982432850839707,0.24880805677569218,0.3198662255515689,0.28799122873235405,0.057515544581164896,0.0858189443592199,0.00048096774901481144,0.05339183171395919
2025-06-29 00:00:00+00:00,9663.628284761691,-8.510728275160999e-05,-6.802816970916727e-05,0.0023149418259234937,0.24832572690171195,0.3180336135996257,0.2895978938486657,0.05816779783509211,0.08587496781490458,-6.802816970916727e-05,0.05332380354425002
2025-06-29 02:00:00+00:00,9645.522489894876,-0.001873602164040705,-0.0017642529564876007,0.0007483300467736077,0.24864724787384387,0.3181026093104921,0.28995570721244096,0.0576123974040032,0.0856820381992199,-0.0017642529564876007,0.051559550587762425
2025-06-29 04:00:00+00:00,9655.57533966118,0.0010422296746323953,0.0010094007927458622,0.006056096563014431,0.2501597438980686,0.3225377034357102,0.2842928868858908,0.05721912116753888,0.0857905446127915,0.0010094007927458622,0.05256895138050829
2025-06-29 06:00:00+00:00,9667.560493774054,0.001241267733020989,0.001199204450163652,0.01566749902558759,0.24598070005180653,0.3110492482563847,0.29572834066781145,0.05978549977488119,0.08745621124911615,0.001199204450163652,0.05376815583067194
2025-06-29 08:00:00+00:00,9686.596608620473,0.0019690711900565163,0.001895525036550827,0.014296639696925018,0.2503930369783999,0.32093355102671633,0.2858818841258385,0.057490276818370545,0.08530125105067472,0.001895525036550827,0.055663680867222766
2025-06-29 10:00:00+00:00,9708.03763450603,0.002213473601912627,0.0021285028258612865,0.006530260628286624,0.2515290491991533,0.3263277994342495,0.28161736368882373,0.056298972605142474,0.0842268150726309,0.0021285028258612865,0.05779218369308405
2025-06-29 12:00:00+00:00,9742.19868901087,0.0035188424057419013,0.0033800139427051525,0.0010504478469695669,0.25133007365150534,0.3265923557047842,0.28240325526525867,0.05612409804679611,0.08355021733165571,0.0033800139427051525,0.061172197635789204
2025-06-29 14:00:00+00:00,9710.083863946165,-0.0032964658276708084,-0.003178375069032323,0.012163109568715653,0.25547345201772526,0.3346120869072799,0.2738402359877982,0.05436997222056017,0.08170425286663643,-0.003178375069032323,0.05799382256675688
2025-06-29 16:00:00+00:00,9684.981572705005,-0.002585177594023218,-0.0024873654462315244,0.004347131035967539,0.2535235892394236,0.33768306192695047,0.2714429677301323,0.05444516068989132,0.08290522041360222,-0.0024873654462315244,0.055506457120525356
2025-06-29 18:00:00+00:00,9683.98612456386,-0.00010278265721729699,-9.187060497022593e-05,0.004585219543857287,0.25200964524919195,0.33461178637332484,0.27519665680552907,0.054905427864347725,0.08327648370760637,-9.187060497022593e-05,0.05541458651555513
2025-06-29 20:00:00+00:00,9685.38406664872,0.00014435606029137882,0.00014707444715849637,0.0020214975021900297,0.25325872975099784,0.3336606707586992,0.2759690698059133,0.05473770687792319,0.08237382280646659,0.00014707444715849637,0.05556166096271362
2025-06-29 22:00:00+00:00,9679.11731357419,-0.00064703196397837,-0.0006199556797494411,0.00692301359895213,0.2507037765294549,0.32929261038128993,0.2805551761345025,0.0555851361270064,0.08386330082774625,-0.0006199556797494411,0.05494170528296418
2025-06-30 00:00:00+00:00,9828.574498780843,0.015441199890929147,0.01509149380458185,0.0033142350701705382,0.25135461733917536,0.3319560046417401,0.2777380160449486,0.05530678399139247,0.08364457798274359,0.01509149380458185,0.07003319908754603
2025-06-30 02:00:00+00:00,9844.536519238556,0.0016240422718162238,0.001516699819638726,0.004179980706203658,0.25236588950279315,0.3288098623895164,0.28055289017421975,0.05566061840470716,0.08261073952876358,0.001516699819638726,0.07154989890718476
2025-06-30 04:00:00+00:00,9813.057742443585,-0.003197588503374786,-0.003098540281804281,0.01702013376363508,0.25548272724428994,0.34271315841165473,0.2657636120588284,0.0536751073639772,0.0823653949212498,-0.003098540281804281,0.06845135862538047
2025-06-30 06:00:00+00:00,9804.363387891197,-0.0008859985114306331,-0.0008726378021569283,0.009355785903766678,0.25633374397413905,0.3512179275855723,0.2575143798209916,0.0530727576415816,0.08186119097771552,-0.0008726378021569283,0.06757872082322354
2025-06-30 08:00:00+00:00,9740.048437513398,-0.006559829316121809,-0.006347740563120157,0.0018753827306922446,0.25764849388303035,0.3517785604073731,0.25658916778951685,0.05291010373588153,0.08107367418419797,-0.006347740563120157,0.06123098026010338
2025-06-30 10:00:00+00:00,9670.216645950968,-0.007169552801552414,-0.006882684950658143,0.005516155817165337,0.2547502476827155,0.3491606507905228,0.2606372122610498,0.053626094114838575,0.08182579515087346,-0.006882684950658143,0.05434829530944524
2025-06-30 12:00:00+00:00,9681.160163093999,0.0011316723858108763,0.001092485208985229,0.014799121924248398,0.248983663020952,0.34012811352803773,0.27025377709055814,0.05568685104270748,0.0849475953177445,0.001092485208985229,0.05544078051843047
2025-06-30 14:00:00+00:00,9677.437161624222,-0.0003845614995575369,-0.00036011989547135993,0.01485998204626085,0.24895972298651117,0.32529207151621775,0.2832143395161045,0.057294573263047134,0.08523929271811939,-0.00036011989547135993,0.055080660622959104
2025-06-30 16:00:00+00:00,9717.43056680868,0.004132644264852601,0.003982067661010586,0.0016145624360908543,0.24907108964601996,0.3238735631806144,0.2844505372045688,0.05709851916255977,0.08550629080623726,0.003982067661010586,0.05906272828396969
2025-06-30 18:00:00+00:00,9734.487117692513,0.0017552531779432183,0.0016855270028207226,0.004963155566360393,0.2483944970522263,0.3275615239360271,0.280163974232002,0.057174206018947196,0.08670579876079744,0.0016855270028207226,0.06074825528679041
2025-06-30 20:00:00+00:00,9812.078201613182,0.007970741856511922,0.007658641989864989,0.003291743103826083,0.25075501511096704,0.3275833679719853,0.2810733552411292,0.055889360951684404,0.08469890072423417,0.007658641989864989,0.0684068972766554
2025-06-30 22:00:00+00:00,9752.295058624844,-0.006092811508423194,-0.005906000990990083,0.009167554254634301,0.25338860374932803,0.33411733358825857,0.2754292039649411,0.05430943739339284,0.08275542130407952,-0.005906000990990083,0.06250089628566532
2025-07-01 00:00:00+00:00,9723.047071334471,-0.0029990876111265783,-0.0028885241624714525,0.00494096041033594,0.2514146988901049,0.3369546314479437,0.2724621484138282,0.05475268308071248,0.08441583816741066,-0.0028885241624714525,0.059612372123193876
2025-07-01 02:00:00+00:00,9743.291209724206,0.002082077587530885,0.001997185245202264,0.010624678448190403,0.24855067341263107,0.3291939784772272,0.2818715649677795,0.05579743861572552,0.08458634452663681,0.001997185245202264,0.06160955736839614
2025-07-01 04:00:00+00:00,9743.886648224578,6.111266589015967e-05,5.1534368074463546e-05,0.004001299729247038,0.24761392676089794,0.3261294253997133,0.2848937102629381,0.05648514100763938,0.08487779656881139,5.1534368074463546e-05,0.06166109173647061
2025-07-01 06:00:00+00:00,9680.379226763685,-0.006517668334377025,-0.0063083731424894126,0.002996283864731237,0.24748673634502819,0.3232603319508517,0.2867471245463634,0.05691675927025549,0.08558904788750106,-0.0063083731424894126,0.05535271859398119
2025-07-01 08:00:00+00:00,9717.478209995126,0.003832389451114868,0.00370558078634439,0.01506619919884809,0.24305949077293307,0.3126213783240987,0.2957868881331765,0.059543570332281984,0.08898867243750956,0.00370558078634439,0.059058299380325585
2025-07-01 10:00:00+00:00,9663.99966161629,-0.005503336073738815,-0.005310704879615791,0.004440191969532933,0.245520847072415,0.31132107374493945,0.2977657238032275,0.058813292536808094,0.0865790628426098,-0.005310704879615791,0.053747594500709796
2025-07-01 12:00:00+00:00,9651.486280283438,-0.0012948449680263772,-0.001235599207001707,0.012729619404269275,0.2490245148388926,0.3205470253827312,0.2877268880603963,0.05666336569911087,0.08603820601886905,-0.001235599207001707,0.05251199529370809
2025-07-01 14:00:00+00:00,9644.422773966939,-0.0007318568468494161,-0.0006917138341795905,0.011631476061442114,0.2442485682134602,0.3136914959467215,0.2972564508690123,0.05785941222061976,0.08694407275018629,-0.0006917138341795905,0.0518202814595285
2025-07-01 16:00:00+00:00,9554.5076661676,-0.009323015996566,-0.008961194161065276,0.005482164454970979,0.24410011828504183,0.3083577814201688,0.3004458412163374,0.059147617012402405,0.08794864206604942,-0.008961194161065276,0.04285908729846322
2025-07-01 18:00:00+00:00,9572.196237043714,0.0018513325326797805,0.0018289548398603263,0.01619669390437289,0.24147256465519007,0.2947886411456478,0.30864546211870547,0.06280552797307291,0.09228780410738385,0.0018289548398603263,0.04468804213832355
2025-07-01 20:00:00+00:00,9503.934411854112,-0.007131260527801707,-0.00678725093544203,0.03415556320302744,0.22972018391268745,0.2723854586851229,0.3295059700777544,0.06999626124848825,0.098392126075947,-0.00678725093544203,0.03790079120288152
2025-07-01 22:00:00+00:00,9478.196657570068,-0.0027081157306748354,-0.0025449815689897416,0.021821842859746705,0.22592869320045064,0.254355106537613,0.33936283008574347,0.07626771045342534,0.10408565972276751,-0.0025449815689897416,0.03535580963389178
2025-07-02 00:00:00+00:00,9488.067833830424,0.0010414614316398446,0.0010666269205284974,0.024582593749897512,0.21954898254825103,0.23615222343991507,0.3516662832064857,0.08264894812515552,0.10998356268019259,0.0010666269205284974,0.036422436554420276
2025-07-02 02:00:00+00:00,9520.93311254562,0.0034638536834665262,0.00343444579827415,0.020677652701482578,0.21339856386760442,0.22162498941907913,0.36176010622589355,0.08832763098323743,0.11488870950418542,0.00343444579827415,0.039856882352694425
2025-07-02 04:00:00+00:00,9548.28304571627,0.0028726105779077675,0.0028461893903885494,0.004937857735422706,0.21220021406403505,0.2189123576824484,0.360733230030671,0.0911825993040224,0.11697159891882321,0.0028461893903885494,0.04270307174308297
2025-07-02 06:00:00+00:00,9587.132681244224,0.004068756167150139,0.004015127392691508,0.007426423517718238,0.21398762290449572,0.223608698462945,0.361675903927432,0.08726884287451023,0.11345893183061717,0.004015127392691508,0.04671819913577448
2025-07-02 08:00:00+00:00,9601.33666743611,0.0014815677079001517,0.001471822901927756,0.007602397441888342,0.21591020456849389,0.22928851424083516,0.3573635435370007,0.08576098502907764,0.11167675262459265,0.001471822901927756,0.048190022037702236
2025-07-02 10:00:00+00:00,9612.64453764224,0.001177739162556689,0.0011743875000079027,0.006396571795130951,0.2141262628457172,0.22570526592120296,0.3563341617842786,0.09025135262823433,0.11358295682056688,0.0011743875000079027,0.04936440953771014
2025-07-02 12:00:00+00:00,9614.881150846053,0.0002326740778830415,0.00025026928136279923,0.004161001021568314,0.21545665610687698,0.22853587368161146,0.3562880853699376,0.08786769018403917,0.1118516946575347,0.00025026928136279923,0.04961467881907294
2025-07-02 14:00:00+00:00,9649.738478389374,0.0036253518890613863,0.0035815518733582257,0.010253263377496609,0.2123974226413605,0.22134184376963134,0.3574144943985674,0.09263965497371843,0.1162065842167223,0.0035815518733582257,0.053196230692431165
2025-07-02 16:00:00+00:00,9770.583244218982,0.01252311304604181,0.012364226636100172,0.020716204893348196,0.22103839658145114,0.23341707472288897,0.34608415518723407,0.08856494932352113,0.11089542418490478,0.012364226636100172,0.06556045732853133
2025-07-02 18:00:00+00:00,9890.881320470853,0.012312271769758298,0.011800840948854512,0.025967208689360838,0.22580893177038316,0.25461374822331767,0.33749485934734075,0.07795437226877494,0.10412808839018334,0.011800840948854512,0.07736129827738585
2025-07-02 20:00:00+00:00,9968.330467489212,0.00783035854025113,0.0073437366569116215,0.04185533709244522,0.2403753150766551,0.281902702009491,0.3120912856450851,0.07044784284079524,0.09518285442797356,0.0073437366569116215,0.08470503493429747
2025-07-02 22:00:00+00:00,9954.638718551501,-0.0013735247825465472,-0.001380007658650334,0.0022248360017666363,0.24048478153692385,0.28294419771724555,0.3131651594788284,0.0690166796964781,0.09438918157052399,-0.001380007658650334,0.08332502727564714
2025-07-03 00:00:00+00:00,9884.642172531996,-0.0070315506166043875,-0.006898045477610136,0.041393137215874135,0.25225492009128947,0.31256719637875413,0.288716082060763,0.06047344451184951,0.08598835695734391,-0.006898045477610136,0.076426981798037
2025-07-03 02:00:00+00:00,9904.835466093278,0.002042895757764094,0.0018990106988140641,0.02162816513705949,0.2579046987583517,0.3285455828487514,0.27328919463654394,0.057551307643799364,0.08270921611255364,0.0018990106988140641,0.07832599249685107
2025-07-03 04:00:00+00:00,9890.493558630189,-0.0014479702880663568,-0.0014372188843986633,0.014704980102431799,0.2523885934966784,0.3193567080079929,0.28488504305490386,0.05875849530371006,0.0846111601367148,-0.0014372188843986633,0.0768887736124524
2025-07-03 06:00:00+00:00,9998.614108578966,0.01093176486166689,0.010236273423927309,0.007391082319886735,0.2550671196019914,0.3240692642225666,0.2786958827414476,0.05803423987974426,0.08413349355425014,0.010236273423927309,0.08712504703637972
2025-07-03 08:00:00+00:00,10052.10855878938,0.005350186498798345,0.004945935609569349,0.005081753940965446,0.2540707122812115,0.31998391760238115,0.28074012581069746,0.05990695308849902,0.085298291217211,0.004945935609569349,0.09207098264594907
2025-07-03 10:00:00+00:00,10097.013747696925,0.004467240743065985,0.0041083571013178005,0.014703908452117855,0.2569120010877952,0.3318465372479153,0.2709471517202696,0.05727361036858325,0.08302069957543678,0.0041083571013178005,0.09617933974726686
2025-07-03 12:00:00+00:00,10065.358701663448,-0.0031350899210864968,-0.0031128904991218603,0.01856198037530564,0.26127299927689857,0.34604751943411755,0.2555167139322065,0.05574796090941643,0.08141480644736106,-0.0031128904991218603,0.093066449248145
2025-07-03 14:00:00+00:00,10117.554507572895,0.005185687610002523,0.004777891037396523,0.009154626875711818,0.26064844128432035,0.3552021463098294,0.24856299117650077,0.05454078144038562,0.081045639788964,0.004777891037396523,0.09784434028554152
2025-07-03 16:00:00+00:00,9947.473687987496,-0.01681046733754634,-0.017139339621999514,0.004540741096599538,0.259708866865548,0.35974288740642885,0.24729678909392547,0.05350365907078407,0.07974779756331359,-0.017139339621999514,0.08070500066354201
2025-07-03 18:00:00+00:00,9991.52320512654,0.004428211475667129,0.004032570068340636,0.008088934601641843,0.2593130243310052,0.3662346281286947,0.23982921670020535,0.05327813939740509,0.08134499144268957,0.004032570068340636,0.08473757073188265
2025-07-03 20:00:00+00:00,10006.134910710818,0.001462410213568102,0.0012936101060152991,0.034030751982462526,0.2519464900232858,0.3395704104539516,0.2685932457453687,0.055432793889328015,0.08445705988806583,0.0012936101060152991,0.08603118083789794
2025-07-03 22:00:00+00:00,10011.164896971939,0.0005026902301442815,0.00040064241711732434,0.0093254687771075,0.2558640217362663,0.34497834751807854,0.26135456405497465,0.05438857880951948,0.0834144878811609,0.00040064241711732434,0.08643182325501526
2025-07-04 00:00:00+00:00,9992.979840286642,-0.0018164775900153354,-0.0017804049251404174,0.004324388719936255,0.25498706969212614,0.3419830119402617,0.2652703334208587,0.053936477711540344,0.0838231072352132,-0.0017804049251404174,0.08465141832987484
2025-07-04 02:00:00+00:00,9974.926106120833,-0.0018066417079143577,-0.0017696613127128104,0.003298641081602039,0.2540084470083669,0.3445689706337964,0.26295031502301586,0.05405648795912918,0.08441577937569167,-0.0017696613127128104,0.08288175701716204
2025-07-04 04:00:00+00:00,9956.605275565676,-0.0018366883483892024,-0.001796794690240734,0.0036068934422023163,0.25596507765862475,0.34239454796347135,0.2646005778149603,0.05357548285580242,0.08346431370714115,-0.001796794690240734,0.0810849623269213
2025-07-04 06:00:00+00:00,9939.599896648111,-0.0017079494915097845,-0.001673041933420788,0.013371419209534587,0.2531845995802841,0.35493769116961016,0.25400963668376625,0.05384793243263675,0.08402014013370247,-0.001673041933420788,0.07941192039350052
2025-07-04 08:00:00+00:00,9837.638170860788,-0.010258131800829065,-0.009943704181888004,0.006403525902306407,0.24834001398047773,0.35337875086711035,0.2570148609915674,0.05467567106686377,0.08659070309398093,-0.009943704181888004,0.06946821621161252
2025-07-04 10:00:00+00:00,9884.378569022923,0.004751180857675839,0.0044087944064192565,0.013421046941901396,0.24925746253991396,0.33995770392520885,0.26780254148583466,0.055693361164986195,0.0872889308840563,0.0044087944064192565,0.07387701061803177
2025-07-04 12:00:00+00:00,9890.454563269324,0.000614706752070687,0.0005382009664450995,0.001920448468257372,0.24763520375205264,0.3403468933046902,0.26882197389351187,0.056205187846085095,0.08699074120366034,0.0005382009664450995,0.07441521158447686
2025-07-04 14:00:00+00:00,9810.768312886645,-0.00805688453173969,-0.007715200872031896,0.00823154242664564,0.2459617518715248,0.33378880275857237,0.2745155514967579,0.0568954275688127,0.08883846630433233,-0.007715200872031896,0.06670001071244497
2025-07-04 16:00:00+00:00,9744.789886106208,-0.0067251029354931015,-0.006361393118388178,0.011922356062149503,0.2450225153294545,0.3237137581707077,0.28643790755890736,0.056687574366734016,0.08813824457419647,-0.006361393118388178,0.06033861759405679
2025-07-04 18:00:00+00:00,9768.092031624285,0.002391241452142645,0.0022337888738060757,0.003025257761859676,0.24542243105545336,0.3206885004088481,0.2875284653163306,0.05759312399089483,0.08876747922847333,0.0022337888738060757,0.06257240646786286
2025-07-04 20:00:00+00:00,9710.769486706482,-0.005868346114289357,-0.005529697903684439,0.0036954830100316173,0.24367257270426748,0.31874287575000226,0.290906197899136,0.057739830765211914,0.08893852288138232,-0.005529697903684439,0.05704270856417842
2025-07-04 22:00:00+00:00,9745.919642627674,0.0036197086100448555,0.0034000325999270654,0.006095035139459928,0.24361911999330088,0.32427698688998363,0.28486461547064273,0.0579969953289321,0.08924228231714074,0.0034000325999270654,0.06044274116410548
2025-07-05 00:00:00+00:00,9771.3490521082,0.0026092365228727894,0.002444299163423949,0.03258446118445865,0.2369518566560789,0.29835978904274696,0.3131027301767397,0.0604928307134221,0.09109279341101245,0.002444299163423949,0.06288704032752943
2025-07-05 02:00:00+00:00,9764.798428992231,-0.0006703908622070381,-0.0006421072670419592,0.0055265120307928794,0.2384619185279116,0.2964564340226465,0.30947957316604724,0.06317580336625925,0.09242627091713546,-0.0006421072670419592,0.062244933060487465
2025-07-05 04:00:00+00:00,9786.589608042417,0.0022316056197829374,0.002093855182674444,0.01925474984733489,0.23045722003952387,0.28520638266369924,0.32307909302026055,0.06579055024850179,0.09546675402801441,0.002093855182674444,0.06433878824316192
2025-07-05 06:00:00+00:00,9782.465547995063,-0.0004213990994334964,-0.00041317509740662834,0.0034139032000205655,0.23076252588324378,0.2840507068672282,0.3208208656167111,0.06733386759645028,0.09703203403636665,-0.00041317509740662834,0.06392561314575529
2025-07-05 08:00:00+00:00,9766.73161731245,-0.001608380893898121,-0.0015391081488845186,0.0081330237603549,0.23077253709453843,0.2765664035431458,0.3286372242682937,0.06764052149392791,0.09638331360009417,-0.0015391081488845186,0.06238650499687077
2025-07-05 10:00:00+00:00,9771.115933513156,0.0004489031103235187,0.00041641582757349894,0.02251227955574795,0.22219694177767202,0.26262971930426426,0.3387382738533266,0.07354591929729394,0.10288914576744318,0.00041641582757349894,0.06280292082444426
2025-07-05 12:00:00+00:00,9777.87567211262,0.0006918082484599421,0.0006475932491826057,0.003357166329453598,0.22108052845724124,0.26103606382192146,0.33809117632664665,0.07615043514850993,0.10364179624568085,0.0006475932491826057,0.06345051407362687
2025-07-05 14:00:00+00:00,9771.426946325822,-0.000659522170565969,-0.0006422192786759694,0.0035188889826347006,0.22403540841919692,0.2579177585400126,0.3386551853473257,0.07602027813773973,0.10337136955572523,-0.0006422192786759694,0.0628082947949509
2025-07-05 16:00:00+00:00,9761.939536680064,-0.0009709338971547262,-0.0009403026256644525,0.010439465100551576,0.2208123943572934,0.2507013075013644,0.34464263813853885,0.07838667994653778,0.10545698005626547,-0.0009403026256644525,0.06186799216928644
2025-07-05 18:00:00+00:00,9764.857429599833,0.00029890503918894514,0.00027810297399891295,0.014079099351592461,0.21483636164304665,0.24259824086401874,0.3479313707537309,0.08443642827980617,0.11019759845939757,0.00027810297399891295,0.062146095143285354
2025-07-05 20:00:00+00:00,9773.209279557563,0.0008552966613125626,0.0008128898619331798,0.0028132814506208748,0.2156939000003502,0.24260452299399785,0.34988083171706913,0.08323839387547408,0.10858235141310885,0.0008128898619331798,0.06295898500521853
2025-07-05 22:00:00+00:00,9806.14532755298,0.0033700340444268373,0.0032322805831849297,0.002779719651290466,0.21742279428824912,0.24153751375716756,0.3486611517910591,0.08274536338702385,0.10963317677650034,0.0032322805831849297,0.06619126558840346
2025-07-06 00:00:00+00:00,9817.963401300354,0.0012051701614258863,0.001142966555300204,0.0016306074443417917,0.21808479089715777,0.2401766172258509,0.3484730170861721,0.08371397422245698,0.10955160056836218,0.001142966555300204,0.06733423214370367
2025-07-06 02:00:00+00:00,9807.428725151325,-0.001073000144575156,-0.0010615098768179544,0.0028924313468459625,0.2188375785768849,0.23938258528620396,0.3506126607532909,0.08292133826207963,0.10824583712154046,-0.0010615098768179544,0.06627272226688571
2025-07-06 04:00:00+00:00,9792.175715470545,-0.001555250627686368,-0.0015299005650592046,0.005823334622634568,0.21673042050276822,0.23566640873768616,0.3533415649342815,0.084443149983015,0.10981845584224915,-0.0015299005650592046,0.0647428217018265
2025-07-06 06:00:00+00:00,9781.520268882969,-0.0010881592505272155,-0.0010743022613227786,0.003123435683305649,0.21823107206088524,0.23383815130334062,0.35204638668532134,0.0853130413639399,0.11057134858651287,-0.0010743022613227786,0.06366851944050372
2025-07-06 08:00:00+00:00,9782.21349697992,7.087120180671985e-05,5.5994335295030286e-05,0.005300767949306416,0.216377608793269,0.2317541758962623,0.3570623363020578,0.08394971208932804,0.11085616691908282,5.5994335295030286e-05,0.06372451377579876
2025-07-06 10:00:00+00:00,9758.660354170011,-0.00240775186691448,-0.0023682479817136036,0.008299911883073136,0.21895645170947906,0.23747524486312535,0.35189240954894463,0.08201649380320512,0.10965940007524574,-0.0023682479817136036,0.06135626579408515
2025-07-06 12:00:00+00:00,9814.22478331909,0.005693858289200157,0.0055566978421670785,0.004427661113773691,0.21800528275340073,0.23399875270543,0.3547602309298772,0.08307708535360775,0.11015864825768426,0.0055566978421670785,0.06691296363625224
2025-07-06 14:00:00+00:00,9893.782270984446,0.008106344558214783,0.00785586536832795,0.009485255677885919,0.2210665071421418,0.2404227839945749,0.3496449261617071,0.08096825555781793,0.10789752714375828,0.00785586536832795,0.07476882900458019
2025-07-06 16:00:00+00:00,9897.80139332686,0.0004062270860962935,0.0003550300953761564,0.034905433444363615,0.2324299064647424,0.26396481811633793,0.3317397666165467,0.07239144098820556,0.09947406781416748,0.0003550300953761564,0.07512385909995635
2025-07-06 18:00:00+00:00,9875.395108236784,-0.0022637638602430125,-0.0022621942901378317,0.014327207316189007,0.23574886498613515,0.27497306691113416,0.32585244195125945,0.06832094520975979,0.09510468094171146,-0.0022621942901378317,0.07286166480981852
2025-07-06 20:00:00+00:00,9854.385213070726,-0.0021274991973267484,-0.0021254178788289945,0.006361027740351251,0.23720236326026184,0.27988059637735874,0.3219346684925641,0.06720355022230923,0.09377882164750616,-0.0021254178788289945,0.07073624693098952
2025-07-06 22:00:00+00:00,9931.488844168787,0.007824296435640915,0.007573905886840176,0.012478912502588146,0.2413522989832472,0.2882095731569615,0.31292381990308055,0.06536607675805421,0.09214823119865653,0.007573905886840176,0.0783101528178297
2025-07-07 00:00:00+00:00,9894.867517660407,-0.0036873954230822333,-0.003682195245284122,0.011057577979603356,0.24315672490804602,0.2974627252117661,0.307802523179587,0.06227863363850382,0.08929939306209717,-0.003682195245284122,0.07462795757254558
2025-07-07 02:00:00+00:00,9881.083356598238,-0.0013930617097769604,-0.001407323138413848,0.010933727926702913,0.24008524177785595,0.2896004804152532,0.3140741013756735,0.06451540040355974,0.09172477602765765,-0.001407323138413848,0.07322063443413172
2025-07-07 04:00:00+00:00,9915.555511889881,0.003488702002359245,0.003369728130031166,0.012502220513982601,0.2437113403311544,0.29847660237593737,0.304950950735447,0.0629378229326426,0.0899232836248187,0.003369728130031166,0.07659036256416289
2025-07-07 06:00:00+00:00,9902.927248600397,-0.0012735810186671876,-0.0012997662582232893,0.014953519869774022,0.2487493747112228,0.3083920878656429,0.2937037939530167,0.06134841816099493,0.08780632530912255,-0.0012997662582232893,0.07529059630593961
2025-07-07 08:00:00+00:00,9920.424834104715,0.0017669104361835387,0.0016935344375251572,0.004684058076853674,0.24846208746303605,0.3130761459424967,0.29174348978115927,0.05967675229780699,0.08704152451550112,0.0016935344375251572,0.07698413074346476
2025-07-07 10:00:00+00:00,9893.990217637687,-0.0026646657687633855,-0.0026899206161489883,0.012243015714494852,0.25111784438618007,0.32266340473384747,0.2847850825305243,0.05705550789773472,0.08437816045171341,-0.0026899206161489883,0.07429421012731577
2025-07-07 12:00:00+00:00,9858.876904364244,-0.0035489537083681975,-0.003568795445857567,0.007402964094542799,0.2503547532839471,0.31602353174153763,0.2890940880967999,0.05896979326172294,0.0855578336159924,-0.003568795445857567,0.0707254146814582
2025-07-07 14:00:00+00:00,9871.061706047125,0.001235921880461556,0.0011913573422702758,0.006216323415487696,0.2501789776058349,0.3222398551570253,0.28556174995929823,0.05734390108318636,0.08467551619465506,0.0011913573422702758,0.07191677202372847
2025-07-07 16:00:00+00:00,9786.85071753539,-0.008531097365154356,-0.008596548674307638,0.008577812571895493,0.24663712117063466,0.31720389902033014,0.28995162104927236,0.05884709451646636,0.08736026424329651,-0.008596548674307638,0.06332022334942083
2025-07-07 18:00:00+00:00,9761.381951861234,-0.0026023453722985998,-0.002585540776217444,0.014212958130129901,0.24386278553362448,0.30576527652721036,0.3004791693628872,0.06084512847812818,0.08904764009814968,-0.002585540776217444,0.06073468257320339
2025-07-07 20:00:00+00:00,9787.93107620026,0.0027198120583697178,0.0026838715702416777,0.002582121988588655,0.2436969476920295,0.3033489923802168,0.3014535400572133,0.06150700464688751,0.089993515223653,0.0026838715702416777,0.06341855414344508
2025-07-07 22:00:00+00:00,9785.023977618745,-0.0002970084851316958,-0.00030680397353399617,0.008337721206697773,0.24177044205928747,0.296937776806261,0.30579027023755107,0.06346566712485312,0.09203584377204736,-0.00030680397353399617,0.06311175016991108
2025-07-08 00:00:00+00:00,9795.064801380211,0.001026141968014879,0.0010076328988486787,0.007998215709721763,0.2434912424250033,0.30321519215026693,0.3025965696389087,0.06085951047149789,0.08983748531432323,0.0010076328988486787,0.06411938306875976
2025-07-08 02:00:00+00:00,9749.8065061316,-0.004620520248343404,-0.004628682074894328,0.0011649691667295209,0.24374147862612294,0.30282932754583014,0.30351130260451853,0.060830639112186405,0.08908725211134194,-0.004628682074894328,0.059490700993865435
2025-07-08 04:00:00+00:00,9779.17726217217,0.003012445018483107,0.00299833545429372,0.0021702214778103086,0.24362472922866296,0.30077585546547986,0.3043662940260592,0.06108200351496835,0.09015111776482969,0.00299833545429372,0.06248903644815915
2025-07-08 06:00:00+00:00,9811.215379560954,0.00327615672871713,0.0032555308103603105,0.0034932444147353567,0.24253783582817826,0.3042690998802152,0.3033429722154678,0.060475618033964736,0.08937447404217405,0.0032555308103603105,0.06574456725851946
2025-07-08 08:00:00+00:00,9831.927607579164,0.002111076682849959,0.0020887286343015316,0.006365430019646314,0.2413492705861028,0.2990922351026443,0.3075306805942861,0.061707531530228815,0.09032028218673793,0.0020887286343015316,0.06783329589282099
2025-07-08 10:00:00+00:00,9812.639343316716,-0.001961798848842029,-0.0019921361078792167,0.0016600707388954548,0.240844427581922,0.29802229596996593,0.30881192263728313,0.06162224292819258,0.09069911088263641,-0.0019921361078792167,0.06584115978494177
2025-07-08 12:00:00+00:00,9859.9549706237,0.0048219062834719585,0.004804296062761832,0.023544336561007437,0.23416980337319707,0.2811525836176834,0.32371880865427083,0.06647692369721908,0.09448188065762962,0.004804296062761832,0.07064545584770361
2025-07-08 14:00:00+00:00,9883.56212135385,0.002394245288186937,0.002366460803838626,0.008737246288367022,0.23597455663282874,0.28808507664641875,0.31773412327606143,0.06508608824257298,0.09312015520211808,0.002366460803838626,0.07301191665154223
2025-07-08 16:00:00+00:00,9828.030691934024,-0.005618564312946407,-0.005735602508159279,0.010992635758907333,0.23896419218343457,0.2960880768547203,0.31105110405360203,0.06274399950795362,0.09115262740028952,-0.005735602508159279,0.06727631414338295
2025-07-08 18:00:00+00:00,9934.729667992935,0.010856597766476404,0.010785833372595593,0.012363704947273187,0.23543514076916344,0.2872534233217182,0.31763380229341637,0.06545983868166769,0.09421779493403432,0.010785833372595593,0.07806214751597854
2025-07-08 20:00:00+00:00,9926.58752393,-0.0008195637259427001,-0.000866628812013435,0.008172889175981052,0.23801411497071245,0.29284733829615023,0.3122264424481278,0.06450628073170463,0.09240582355330486,-0.000866628812013435,0.0771955187039651
2025-07-08 22:00:00+00:00,9938.015245156146,0.0011512235396701315,0.0011006493544814709,0.002680730184709948,0.23912202932121968,0.29032185812313954,0.31361446387226877,0.06469107514176642,0.09225057354160562,0.0011006493544814709,0.07829616805844657
2025-07-09 00:00:00+00:00,9950.372935311152,0.0012434766751872137,0.0011924560290476943,0.007341240487675649,0.2347174780289425,0.287385168927741,0.3185071224787152,0.06555163579115708,0.09383859477344411,0.0011924560290476943,0.07948862408749426
2025-07-09 02:00:00+00:00,9925.30719334442,-0.0025190756295956998,-0.0025937880945269146,0.010787246635731301,0.2406405804399909,0.292249313152424,0.31106738419001195,0.0644539660172991,0.09158875620027411,-0.0025937880945269146,0.07689483599296734
2025-07-09 04:00:00+00:00,9906.841814942587,-0.0018604339434668872,-0.0019225362962949602,0.0006945070524875946,0.2402872371046219,0.2919310623959968,0.3110444712293205,0.0646489611789838,0.09208826809107698,-0.0019225362962949602,0.07497229969667238
2025-07-09 06:00:00+00:00,9974.851172480116,0.006864887802584108,0.006795865824515486,0.009811218272475178,0.23538588886645023,0.28702119236169327,0.31737233771749834,0.06603289096997539,0.09418769008438269,0.006795865824515486,0.08176816552118786
2025-07-09 08:00:00+00:00,9969.675429503506,-0.0005188792180567324,-0.0005803638895401652,0.009002218967970196,0.24074094809703736,0.29066835209907643,0.3113593216459652,0.06508310019333145,0.09214827796458967,-0.0005803638895401652,0.0811878016316477
2025-07-09 10:00:00+00:00,9944.9713447789,-0.002477922666519148,-0.0025682084546309308,0.012213948449649358,0.24390668475004323,0.2997165638957199,0.30532076151699405,0.062221544586303155,0.08883444525093971,-0.0025682084546309308,0.07861959317701676
2025-07-09 12:00:00+00:00,9987.569642006029,0.004283400700746314,0.004237188283667675,0.004779154739555685,0.24226955410402967,0.2965745398021777,0.3067494340194873,0.06349629766774428,0.09091017440656096,0.004237188283667675,0.08285678146068444
2025-07-09 14:00:00+00:00,10033.06234524815,0.004554932268085277,0.004490995809599231,0.004329737483581585,0.2412113298497774,0.29330302657284846,0.3091089818338276,0.06461645760335347,0.0917602041401931,0.004490995809599231,0.08734777727028367
2025-07-09 16:00:00+00:00,10027.77089430471,-0.0005274013816874793,-0.0006061870211149684,0.029561998978894992,0.248821984257283,0.3152543711442378,0.29161930776821693,0.05879108597851149,0.08551325085175077,-0.0006061870211149684,0.0867415902491687
2025-07-09 18:00:00+00:00,10031.573089748039,0.00037916656487332174,0.0003135073019278553,0.012496497853342465,0.24410914623496063,0.30747071131321774,0.29932211855564167,0.060716632477379996,0.0883813914188,0.0003135073019278553,0.08705509755109656
2025-07-09 20:00:00+00:00,10285.964844261578,0.025359108909201743,0.02381344848916533,0.016484688898208116,0.2498283845746917,0.31823616187169473,0.2891579013548307,0.05821290672661273,0.08456464547217005,0.02381344848916533,0.11086854604026189
2025-07-09 22:00:00+00:00,10251.400589681645,-0.0033603317825080187,-0.003405476577349187,0.01417135639984081,0.254149325785757,0.32808657706047023,0.2800474207945546,0.05580152837463751,0.08191514798458058,-0.003405476577349187,0.1074630694629127
2025-07-10 00:00:00+00:00,10286.01447405201,0.003376502953674971,0.0030745504670662946,0.009773242464654133,0.2549604929220477,0.33661955983061664,0.2716263455974035,0.05444936110713451,0.08234424054279765,0.0030745504670662946,0.110537619929979
2025-07-10 02:00:00+00:00,10298.193053267645,0.0011839939800160138,0.0010060522092312995,0.0031489822950707368,0.25417103960801063,0.3352508861798375,0.2741952019074559,0.055029487092152864,0.08135338521254312,0.0010060522092312995,0.1115436721392103
2025-07-10 04:00:00+00:00,10301.360476216109,0.0003075707487789452,0.00016682055353308344,0.0046412081833031235,0.25574920649074645,0.3374887683055032,0.26955399372415273,0.05572900571789111,0.08147902576170647,0.00016682055353308344,0.11171049269274339
2025-07-10 06:00:00+00:00,10304.143169950485,0.00027012876025464636,0.00013102967205306544,0.024904767042694228,0.2578403305882415,0.36030241125070245,0.25157475768733895,0.052001884086873104,0.07828061638684415,0.00013102967205306544,0.11184152236479646
2025-07-10 08:00:00+00:00,10328.345788458277,0.0023488239738722176,0.0021207890057254324,0.011146296711696781,0.26200317674429335,0.3652811405736154,0.2404284609756421,0.0526098694094422,0.07967735229700701,0.0021207890057254324,0.11396231137052189
2025-07-10 10:00:00+00:00,10304.628298278156,-0.0022963493540877566,-0.0023945717705963453,0.019426710088361703,0.2604344737046112,0.3474231335249358,0.2578324134963642,0.05390994996635695,0.08040002930773184,-0.0023945717705963453,0.11156773959992554
2025-07-10 12:00:00+00:00,10304.517374032795,-1.0764507185391696e-05,-0.000140050820608286,0.011739947741842994,0.2594108816362144,0.3589226052036677,0.24813409728789068,0.05289191050138426,0.08064050537084291,-0.000140050820608286,0.11142768877931725
2025-07-10 14:00:00+00:00,10300.690821333415,-0.00037134710539895525,-0.0004923455464061617,0.004937866162193015,0.25939654649545274,0.36315667181744427,0.24338039535195996,0.0527220814158836,0.08134430491925934,-0.0004923455464061617,0.11093534323291109
2025-07-10 16:00:00+00:00,10308.176560623688,0.0007267220636084007,0.0005804977714387836,0.005802021225800671,0.2626414538674743,0.35907358271941037,0.2459375092057391,0.05233275175412687,0.0800147024532493,0.0005804977714387836,0.11151584100434987
2025-07-10 18:00:00+00:00,10492.369599716078,0.017868634477603937,0.015820146464971502,0.00652156304540269,0.26233342507732543,0.3655951457648131,0.24085679746327515,0.05178544343090628,0.07942918826368005,0.015820146464971502,0.12733598746932137
2025-07-10 20:00:00+00:00,10461.663009550522,-0.00292656390663032,-0.0030218695362907813,0.01692580237332689,0.2553615766336827,0.355641191835129,0.2545399010072643,0.05246576062888141,0.08199156989504268,-0.0030218695362907813,0.12431411793303059
2025-07-10 22:00:00+00:00,10825.132365274383,0.03474298067066856,0.026091216135374337,0.04986966080168299,0.27114235992088914,0.3897300693496055,0.2137198816994161,0.048877876633301016,0.07652981239678829,0.026091216135374337,0.15040533406840492
2025-07-11 00:00:00+00:00,10792.902212885538,-0.0029773448768383106,-0.0028843869006139186,0.044538303227429854,0.2629420964043731,0.3533920296386916,0.2514312423379957,0.05213643717224682,0.08009819444669265,-0.0028843869006139186,0.14752094716779102
2025-07-11 02:00:00+00:00,10801.897749802458,0.0008334678420582486,0.0005106300367349598,0.06680430225123296,0.27222195987211617,0.41091646842218155,0.19461327924749083,0.04740386408790238,0.07484442837030902,0.0005106300367349598,0.14803157720452598
2025-07-11 04:00:00+00:00,10859.278772686928,0.00531212424090205,0.004263016252216422,0.0057122478455734,0.2770704250060119,0.4082275307547281,0.19547706195916853,0.04724152776476539,0.07198345451532609,0.004263016252216422,0.1522945934567424
2025-07-11 06:00:00+00:00,10951.554269926108,0.00849738727320176,0.006748593406484909,0.017926211529090793,0.2742220903635522,0.42555629119491883,0.18076393955478484,0.04687677328251799,0.07258090560422617,0.006748593406484909,0.1590431868632273
2025-07-11 08:00:00+00:00,10859.621417208884,-0.008394502775709153,-0.00813090726884471,0.007888165743500875,0.2794067651635304,0.42825978213844157,0.17640431277930252,0.045753641285637095,0.07017549863308857,-0.00813090726884471,0.15091227959438258
2025-07-11 10:00:00+00:00,10975.839027974802,0.01070181052368461,0.008364105547641772,0.015646397811125656,0.26900248131007515,0.4230176681807711,0.18774623011025451,0.04754611959932741,0.07268750079957181,0.008364105547641772,0.15927638514202436
2025-07-11 12:00:00+00:00,10906.779669952391,-0.006291943408280216,-0.006006946919867873,0.02723012489787881,0.26700246809807293,0.3977875564948945,0.20921928973208664,0.04935616163884202,0.07663452403610391,-0.006006946919867873,0.1532694382221565
2025-07-11 14:00:00+00:00,10974.840347451785,0.00624021751231454,0.004928431461812794,0.011718889987279806,0.2681448895263439,0.4083640250539034,0.19871771922493536,0.04869119876626036,0.07608216742855711,0.004928431461812794,0.1581978696839693
2025-07-11 16:00:00+00:00,10861.484749765228,-0.010328678513567311,-0.009982106304310316,0.0033469548687549942,0.264907278785636,0.41081246307215763,0.1994758736858323,0.04883156115586408,0.0759728233005099,-0.009982106304310316,0.14821576337965897
2025-07-11 18:00:00+00:00,10946.039237919887,0.007784800154185892,0.006116622188110383,0.024243141164630846,0.25548243273289406,0.39599416796026876,0.2153037358689322,0.05127526544976052,0.08194439798814443,0.006116622188110383,0.15433238556776935
2025-07-11 20:00:00+00:00,10988.158322952782,0.003847883615014108,0.0029863711239251508,0.033382757424895715,0.2663707892953745,0.41848856882268404,0.19219319740704696,0.04756886992968591,0.07537857454520856,0.0029863711239251508,0.1573187566916945
2025-07-11 22:00:00+00:00,10847.7910837375,-0.012774409968417864,-0.012418726301537331,0.044866413785035336,0.25127078598201474,0.3887221583510085,0.22297567305658758,0.05264610818469125,0.08438527442569797,-0.012418726301537331,0.14490003039015717
2025-07-12 00:00:00+00:00,10829.530674971671,-0.0016833296866496097,-0.0016620024740725704,0.03199898710930531,0.2580708270844244,0.41392110435790413,0.19804007402329007,0.04998436679264325,0.07998362774173819,-0.0016620024740725704,0.1432380279160846
2025-07-12 02:00:00+00:00,10858.450886157107,0.0026704953384797947,0.0020377891093712533,0.0579214690268609,0.2550865663537254,0.35898389606174225,0.24315381827335675,0.05578414415561158,0.08699157515556408,0.0020377891093712533,0.14527581702545583
2025-07-12 04:00:00+00:00,10867.726213915126,0.0008542035926915001,0.0005185574076034151,0.03721461894965741,0.25209062472054283,0.3961985150113996,0.21553911325360883,0.05224097471164316,0.08393077230280549,0.0005185574076034151,0.14579437443305926
2025-07-12 06:00:00+00:00,10801.687671557684,-0.0060765739822269075,-0.005658577397188584,0.026838603911818866,0.2507137459991364,0.3707367898209873,0.23642914981883975,0.055493842109896246,0.08662647225114047,-0.005658577397188584,0.14013579703587067
2025-07-12 08:00:00+00:00,10818.09656464673,0.0015191045684698065,0.0010943140509004502,0.0038454789161961635,0.24940249763812408,0.3745822687371834,0.23498616581430312,0.054471099593533766,0.08655796821685567,0.0010943140509004502,0.14123011108677114
2025-07-12 10:00:00+00:00,10852.66735824086,0.003195644759458487,0.002491449582239496,0.03894340317755664,0.24397358527583965,0.3410677779219111,0.26333755769152656,0.05919220643334523,0.0924288726773773,0.002491449582239496,0.14372156066901062
2025-07-12 12:00:00+00:00,10824.91681845086,-0.0025570248192421483,-0.002449875763908658,0.04315203943828196,0.24478013153973355,0.3834132710962992,0.2298861479400647,0.05466760280629825,0.08725284661760419,-0.002449875763908658,0.14127168490510197
2025-07-12 14:00:00+00:00,10756.916849542438,-0.006281800594764565,-0.005854812127776997,0.050664015883207625,0.24143515579312666,0.33609423095969854,0.2672284593596672,0.0608926801876094,0.09434947369989824,-0.005854812127776997,0.13541687277732498
2025-07-12 16:00:00+00:00,10668.792963976357,-0.008192299596499109,-0.007609614032571883,0.007294766965724363,0.23901689034845616,0.33121772943864464,0.2729555579683638,0.06103274547295307,0.09577707677158231,-0.007609614032571883,0.1278072587447531
2025-07-12 18:00:00+00:00,10753.0892783852,0.007901204446789203,0.006320315322987599,0.012093100332538156,0.23762990778296947,0.3205116116715932,0.2810782433241159,0.06264436707130375,0.0981358701500177,0.006320315322987599,0.1341275740677407
2025-07-12 20:00:00+00:00,10767.3857555261,0.0013295227790620211,0.0009505938282076956,0.0041102219035400595,0.2339801313514762,0.3237650304633039,0.28061779785206914,0.06303306808645054,0.09860397224670028,0.0009505938282076956,0.1350781678959484
2025-07-12 22:00:00+00:00,10758.334069373886,-0.000840657737888515,-0.0009105163091018083,0.00826432734927627,0.2390182577495113,0.32699123141454506,0.27562724787415915,0.06184115921250301,0.09652210374928152,-0.0009105163091018083,0.1341676515868466
2025-07-13 00:00:00+00:00,10765.784883965784,0.0006925621145292877,0.0004135077239923988,0.020381791539776657,0.23434610644795859,0.31128159117632115,0.2916100438027955,0.063621195095245,0.0991410634776799,0.0004135077239923988,0.134581159310839
2025-07-13 02:00:00+00:00,10802.289911647382,0.0033908375538848497,0.0026875869480001103,0.011032099809706639,0.2353085652585252,0.31945987378010354,0.2805779439930888,0.06511797603663988,0.09953564093164258,0.0026875869480001103,0.1372687462588391
2025-07-13 04:00:00+00:00,10799.983246469757,-0.0002135348334927861,-0.0003743203815327035,0.01922658648892213,0.23824384645577415,0.3357511790717767,0.26867034792848254,0.062242696796224836,0.09509192974774171,-0.0003743203815327035,0.1368944258773064
2025-07-13 06:00:00+00:00,10825.665361253274,0.0023779772799102303,0.0018457717898982759,0.003672727782888567,0.23772973011003098,0.33259256763463135,0.2715382424407813,0.06245119450601924,0.09568826530853718,0.0018457717898982759,0.1387401976672047
2025-07-13 08:00:00+00:00,10857.667116617202,0.0029561005532709734,0.0023309969449389597,0.0067262942621582125,0.23801625529382459,0.3267450735264022,0.27797801151914586,0.06219793483137216,0.09506272482925517,0.0023309969449389597,0.14107119461214365
2025-07-13 10:00:00+00:00,10830.964892396705,-0.0024592966365333956,-0.0023812400454009636,0.0026563241839265006,0.2370471796570232,0.3289985639385963,0.27702919393563014,0.06260076860310457,0.09432429386564575,-0.0023812400454009636,0.13868995456674268
2025-07-13 12:00:00+00:00,10877.164292843598,0.004265492585921433,0.0034306747313334707,0.005661952744397819,0.23861896242580857,0.3330784809217242,0.2720725532495704,0.0618954565447665,0.09433454685813031,0.0034306747313334707,0.14212062929807615
2025-07-13 14:00:00+00:00,10935.160193904687,0.005331895289955821,0.004296067269360148,0.006475510194340461,0.23794718876348886,0.32901645432123183,0.2785480634439109,0.06099896423744602,0.09348932923392246,0.004296067269360148,0.1464166965674363
2025-07-13 16:00:00+00:00,10965.311448385803,0.0027572759746056176,0.002157304649750971,0.013945383768734894,0.24417660958138712,0.3367324172720684,0.27125365889390124,0.05801600629773957,0.0898213079549036,0.002157304649750971,0.14857400121718728
2025-07-13 18:00:00+00:00,10964.577934892495,-6.689399537444727e-05,-0.0002767575485496125,0.004258320904625645,0.2432280558383496,0.34043036273163957,0.26794389173231314,0.05820269892722385,0.09019499077047381,-0.0002767575485496125,0.14829724366863767
2025-07-13 20:00:00+00:00,10973.895133051405,0.0008497543830903871,0.0005269996039734376,0.004840593903854537,0.24486998095833,0.3436290315155137,0.26447611519010233,0.057484672397618355,0.0895401999384356,0.0005269996039734376,0.1488242432726111
2025-07-13 22:00:00+00:00,10887.051113463422,-0.00791369140446988,-0.007629726665848944,0.007203375034382578,0.24620781866702776,0.33777894227306327,0.2703416525157872,0.05699565539821845,0.08867593114590339,-0.007629726665848944,0.14119451660676216
2025-07-14 00:00:00+00:00,10903.117470258803,0.001475730813416879,0.0010863278981905998,0.004170728276387866,0.244854659467697,0.34070217547792025,0.2675240834387301,0.05747822853624301,0.0894408530794097,0.0010863278981905998,0.14228084450495276
2025-07-14 02:00:00+00:00,10918.941723215623,0.0014513512305067097,0.001065615734507671,0.005822234085479182,0.24459071990387923,0.3351438809562588,0.27277937520613266,0.05799373450727171,0.08949228942645757,0.001065615734507671,0.14334646023946043
2025-07-14 04:00:00+00:00,11093.115085681895,0.015951487505052524,0.01230806449578944,0.010220185425677899,0.24578852205430612,0.32644344693771604,0.28180175848138367,0.05774027243193636,0.08822600009465778,0.01230806449578944,0.15565452473524988
2025-07-14 06:00:00+00:00,11141.928265892717,0.004400313152238623,0.003468907370576135,0.006387237715118097,0.2481726668156639,0.3304465398914763,0.2761979833286018,0.0570625864592282,0.08812022350502968,0.003468907370576135,0.15912343210582602
2025-07-14 08:00:00+00:00,11168.582313799856,0.0023922293584256256,0.001805672034296852,0.01241085693529246,0.2505469011956865,0.3404831624467462,0.26585832212943644,0.056040421029432456,0.08707119319869834,0.001805672034296852,0.16092910414012288
2025-07-14 10:00:00+00:00,11143.188517142567,-0.0022736812913052608,-0.0022811626047710754,0.005909181771054723,0.25221726360508623,0.34472198180840125,0.26326177458983224,0.054517621612660994,0.08528135838401932,-0.0022811626047710754,0.1586479415353518
2025-07-14 12:00:00+00:00,11140.22380186154,-0.00026605627971440217,-0.00047749824446900475,0.005783133507423762,0.2522466628041116,0.3504315625434838,0.2575968061744793,0.05439945652059019,0.08532551195733513,-0.00047749824446900475,0.1581704432908828
2025-07-14 14:00:00+00:00,11155.24855845679,0.0013486943227062952,0.000931550707682472,0.004628105922546304,0.25016616195278063,0.34788395747226847,0.2609957822755002,0.05499198281641502,0.08596211548303569,0.000931550707682472,0.15910199399856528
2025-07-14 16:00:00+00:00,10997.37382227716,-0.014152507257217884,-0.01421639678309772,0.004648799811311676,0.2509884882369419,0.35156299311261197,0.2564415001460174,0.05489746513458611,0.08610955336984256,-0.01421639678309772,0.14488559721546757
2025-07-14 18:00:00+00:00,11005.31021424075,0.0007216624706810822,0.00041464252829804903,0.0204423282341131,0.24709478715317704,0.33501436596226375,0.2710996607650992,0.05692500554778204,0.08986618057167792,0.00041464252829804903,0.1453002397437656
2025-07-14 20:00:00+00:00,10967.612258136021,-0.0034254333018207384,-0.003264385957799891,0.0060172391249533885,0.2474490842285552,0.340677308011839,0.266891174456603,0.05656891894040407,0.08841351436259874,-0.003264385957799891,0.1420358537859657
2025-07-14 22:00:00+00:00,10995.572693696367,0.002549363972965389,0.001980488724807477,0.004066071975240063,0.24716238618444317,0.33689793408071095,0.26831247801275027,0.05747550431687767,0.09015169740521793,0.001980488724807477,0.14401634251077317
2025-07-15 00:00:00+00:00,11001.168218277191,0.0005088888716119373,0.0002363555418006293,0.007275182880634095,0.24438650663128317,0.33239863075323683,0.2739423853404941,0.05761338029078503,0.09165909698420083,0.0002363555418006293,0.1442526980525738
2025-07-15 02:00:00+00:00,10858.138194466455,-0.013001348672508045,-0.012642388694913553,0.0036028003690732474,0.24798930700035646,0.33231043835429347,0.27267466515944,0.0568936742442898,0.0901319152416203,-0.012642388694913553,0.13161030935766024
2025-07-15 04:00:00+00:00,10736.553606309342,-0.011197553943370707,-0.010500795396551894,0.022597943088535116,0.2435257169791808,0.31417608528693397,0.2920285619909913,0.05818793023233589,0.09208170551055797,-0.010500795396551894,0.12110951396110835
2025-07-15 06:00:00+00:00,10796.299010722389,0.0055646724827915625,0.004485027735265247,0.007584922007314407,0.24288631833170773,0.3217610072942484,0.28562567950714673,0.05788464267390626,0.09184235219299085,0.004485027735265247,0.1255945416963736
2025-07-15 08:00:00+00:00,10777.5559659318,-0.0017360620312546714,-0.0016634342041969138,0.010511981813672161,0.24188177073103168,0.31278077648483765,0.295569007494014,0.05845329650071126,0.09131514878940558,-0.0016634342041969138,0.12393110749217669
2025-07-15 10:00:00+00:00,10787.168662071806,0.0008919179979572113,0.0006068648936395587,0.017604675071763866,0.2392265594639691,0.2978313126801363,0.31128624781024083,0.05975667198497684,0.09189920806067695,0.0006068648936395587,0.12453797238581625
2025-07-15 12:00:00+00:00,10796.970631249063,0.0009086693166966758,0.0006215322276409763,0.012709277545485422,0.23542982915577718,0.2889187654428428,0.3185770988282542,0.06243908556357007,0.09463522100955578,0.0006215322276409763,0.12515950461345723
2025-07-15 14:00:00+00:00,10932.341696659096,0.012537874745924993,0.009933799502609005,0.014924115841607785,0.23024825312650962,0.27917622563050254,0.32667592646859855,0.06604977296871588,0.09784982180567338,0.009933799502609005,0.13509330411606624
2025-07-15 16:00:00+00:00,10871.088416624356,-0.005602942327850903,-0.005158048968861179,0.030946758428322268,0.23955261138920705,0.3008186257961274,0.3081591217215701,0.060145093185023084,0.09132454790807236,-0.005158048968861179,0.12993525514720505
2025-07-15 18:00:00+00:00,11034.195840912844,0.01500378048982279,0.011572537321388951,0.040622411301772604,0.22498916871921518,0.2747596571643467,0.33295204099623144,0.06787920493251602,0.09941992818769073,0.011572537321388951,0.14150779246859402
2025-07-15 20:00:00+00:00,10939.824184267463,-0.008552653768883312,-0.007862528072930447,0.014847575759906584,0.22977473719113065,0.28482166445233775,0.3201720541977366,0.06754488268857882,0.09768666147021614,-0.007862528072930447,0.13364526439566357
2025-07-15 22:00:00+00:00,11048.845181991683,0.009965516436818207,0.00772759964916954,0.022258647076188923,0.2240794890297248,0.2682582655375547,0.3356630486015071,0.07075137974626365,0.10124781708494977,0.00772759964916954,0.14137286404483312
2025-07-16 00:00:00+00:00,11114.193277305894,0.005914472891766092,0.004583586125587156,0.0066034170820023705,0.22505331017173077,0.27388786147755106,0.32950446183438026,0.07054451165160149,0.10100985486473635,0.004583586125587156,0.14595645017042028
2025-07-16 02:00:00+00:00,11118.920802803725,0.00042535930227919727,0.00014585147628431248,0.004703094220840906,0.22803115707934596,0.27561310879077683,0.32895146973693384,0.06956651024730585,0.09783775414563753,0.00014585147628431248,0.1461023016467046
2025-07-16 04:00:00+00:00,11050.940585107266,-0.0061139222863533125,-0.005597927016366061,0.0019742106006040427,0.22741807781039608,0.2758981378487351,0.32759033840527974,0.0702507497513156,0.09884269618427359,-0.005597927016366061,0.14050437463033855
2025-07-16 06:00:00+00:00,11100.33219808476,0.004469448785567999,0.0034621212975071594,0.012730809461079635,0.22308292093556803,0.2675024852624835,0.3316981374217018,0.07489464504685907,0.10282181133338765,0.0034621212975071594,0.14396649592784572
2025-07-16 08:00:00+00:00,11149.927761950848,0.004467935101496035,0.0034542021224815748,0.01582447669722481,0.22924131689030752,0.27716856600496875,0.3216699672479206,0.07251838967843988,0.09940176017836319,0.0034542021224815748,0.1474206980503273
2025-07-16 10:00:00+00:00,11220.188440381125,0.006301446962736536,0.004880942915111944,0.007215509114434568,0.22644313394032,0.27401038532478245,0.328850169807028,0.07125924419417919,0.09943706673369036,0.004880942915111944,0.15230164096543924
2025-07-16 12:00:00+00:00,11175.444629736861,-0.0039877949360666125,-0.003709607831903872,0.021075202745596197,0.23581782428703024,0.28571089772366837,0.31891222714999584,0.06668199993100425,0.09287705090830124,-0.003709607831903872,0.14859203313353536
2025-07-16 14:00:00+00:00,11219.310485263572,0.003925200023808082,0.003015701054559325,0.01252146250452145,0.23197431415683076,0.27703294534934647,0.32527279553928307,0.06897246423303739,0.0967474807215024,0.003015701054559325,0.1516077341880947
2025-07-16 16:00:00+00:00,11279.758765994284,0.005387878409293611,0.004167973154845441,0.026858263034736117,0.24263521598376733,0.293230306557146,0.3098443379494828,0.06406620843303217,0.09022393107657176,0.004167973154845441,0.15577570734294013
2025-07-16 18:00:00+00:00,11446.827216046053,0.014811349561432142,0.010905258941971457,0.02143588570537508,0.23567115719933698,0.27875847963620126,0.3216313485866521,0.06856351037702012,0.09537550420078958,0.010905258941971457,0.16668096628491158
2025-07-16 20:00:00+00:00,11497.005994292285,0.004383640750328798,0.003291383922302267,0.03870027483045762,0.24613844243044292,0.3069914692355529,0.3007751363812018,0.06012719752256385,0.08596775443023852,0.003291383922302267,0.16997235020721385
2025-07-16 22:00:00+00:00,11513.258130325932,0.0014135972479891606,0.0009063668368518793,0.013594458127050922,0.24245764098106878,0.29707781255787613,0.30876610669309734,0.06293152066239245,0.08876691910556528,0.0009063668368518793,0.17087871704406574
2025-07-17 00:00:00+00:00,11435.208702685604,-0.006779091266506501,-0.00636916305166458,0.01641202864910353,0.24613319464340902,0.3098142875446394,0.2986521007536885,0.05997793003829405,0.085422487019969,-0.00636916305166458,0.16450955399240116
2025-07-17 02:00:00+00:00,11359.507197339473,-0.006620037055235533,-0.006166349848078861,0.010835448821794137,0.2486723980816869,0.3181105329281557,0.29127677143526726,0.058600974199124384,0.0833393233557658,-0.006166349848078861,0.1583432041443223
2025-07-17 04:00:00+00:00,11333.360026544311,-0.0023017874227225826,-0.0022189309409189487,0.006834408189955846,0.24514692369141414,0.31480159912847266,0.2959530853281859,0.059346052588229566,0.08475233926369782,-0.0022189309409189487,0.15612427320340333
2025-07-17 06:00:00+00:00,11453.001767035608,0.010556599297214631,0.007940280978979017,0.006658131229462575,0.24760321777645705,0.3190034362728923,0.29171634641963856,0.058082782171110486,0.08359421735990166,0.007940280978979017,0.16406455418238236
2025-07-17 08:00:00+00:00,11547.116574501228,0.008217479520216536,0.00618136640476068,0.003423541699807419,0.24720812045903115,0.31597499189051076,0.2919033309746928,0.059862972320426304,0.08505058435533902,0.00618136640476068,0.17024592058714305
2025-07-17 10:00:00+00:00,11664.03548029536,0.010125376758758691,0.007480214385787917,0.004711688825938656,0.24948843096284734,0.3184063702126333,0.2904267349675322,0.05785265710753947,0.08382580674944787,0.007480214385787917,0.17772613497293097
2025-07-17 12:00:00+00:00,11570.225597255674,-0.008042660981112743,-0.007561819283493954,0.009031319132453565,0.2518792552082767,0.32504686509965747,0.28360513986469893,0.057181857058852335,0.08228688276851466,-0.007561819283493954,0.17016431568943702
2025-07-17 14:00:00+00:00,11547.48913316348,-0.001965083904464722,-0.0019452037159502934,0.007137328275312441,0.24925078236679232,0.32053800966582935,0.2895628874119349,0.05756433685887219,0.0830839836965712,-0.0019452037159502934,0.1682191119734867
2025-07-17 16:00:00+00:00,11636.29561391397,0.007690544647965392,0.005742334021442036,0.006486547289869103,0.2495458540378286,0.3267294852846622,0.2854365277430199,0.05654300772641682,0.08174512520807253,0.005742334021442036,0.17396144599492874
2025-07-17 18:00:00+00:00,11652.98828353094,0.0014345346810379592,0.0009029300349075002,0.010115884629037918,0.2522597843147598,0.33413143963676883,0.277090182184817,0.055584642377839916,0.08093395148581432,0.0009029300349075002,0.17486437602983623
2025-07-17 20:00:00+00:00,11613.47815536282,-0.003390557615505356,-0.003223285459508916,0.00804222902128111,0.24979142274905386,0.32855757218119375,0.2833585261005666,0.05625903588241132,0.0820334430867745,-0.003223285459508916,0.1716410905703273
2025-07-17 22:00:00+00:00,11735.36646327902,0.010495418020820567,0.007712942367097989,0.005183452687616642,0.24986540062889492,0.32337411949357703,0.2868618061513538,0.05652122911379364,0.08337744461238047,0.007712942367097989,0.1793540329374253
2025-07-18 00:00:00+00:00,11715.334209527358,-0.0017069985683314318,-0.0017521440382025496,0.00945652570107704,0.2509514905824534,0.33130986203847285,0.27881324946107183,0.056955922316416455,0.0819694756015855,-0.0017521440382025496,0.17760188889922274
2025-07-18 02:00:00+00:00,11997.279859293103,0.024066376999851667,0.015326964078358332,0.022970447580022334,0.2577016681391454,0.34753013206180317,0.26196614194707196,0.05349871343243599,0.07930334441954348,0.015326964078358332,0.19292885297758106
2025-07-18 04:00:00+00:00,12087.366713146028,0.007508939935508965,0.005317145731667533,0.01351113826862943,0.252120331638898,0.3396003302934211,0.27209997397699437,0.055535218820870216,0.08064414526981628,0.005317145731667533,0.19824599870924858
2025-07-18 06:00:00+00:00,12225.848125419365,0.011456706457224077,0.007859526505676766,0.016875811320390302,0.2585631511488415,0.350033322103868,0.2583786327078109,0.05360607473796468,0.07941881930151501,0.007859526505676766,0.20610552521492534
2025-07-18 08:00:00+00:00,12071.514177362116,-0.01262357805151892,-0.012096549777403928,0.02015191109824238,0.25705212674872185,0.3700122924067373,0.24035582547859807,0.05377901553333776,0.07880073983260508,-0.012096549777403928,0.1940089754375214
2025-07-18 10:00:00+00:00,12178.147025100887,0.0088334277019482,0.0061266127610848506,0.003905881723076623,0.2590639074308632,0.3672417009443796,0.2393654763906983,0.05363407436051868,0.08069484087354041,0.0061266127610848506,0.20013558819860625
2025-07-18 12:00:00+00:00,12095.055931072415,-0.006822966897772701,-0.006237042629137587,0.00281102446277081,0.25891013246376565,0.36616164151733577,0.24137373551322694,0.05443683970076072,0.07911765080491084,-0.006237042629137587,0.19389854556946867
2025-07-18 14:00:00+00:00,12080.681501764784,-0.0011884549678436629,-0.0012989787125499274,0.011825160593588659,0.2542452918511264,0.3590013215363864,0.2497128678606964,0.05566060256539158,0.08137991618639921,-0.0012989787125499274,0.19259956685691876
2025-07-18 16:00:00+00:00,11876.296471084552,-0.016918336159294927,-0.01625018597754936,0.04664636998669129,0.24428347692012442,0.32231676648069707,0.2869923777907785,0.058413496283130945,0.087993882525269,-0.01625018597754936,0.1763493808793694
2025-07-18 18:00:00+00:00,11932.706764418186,0.004749821922261417,0.0032936071381422663,0.03328721530166075,0.2503328211228635,0.3495546375796188,0.2583451199494507,0.05706666129139189,0.08470076005667518,0.0032936071381422663,0.1796429880175117
2025-07-18 20:00:00+00:00,11793.848651564485,-0.01163676570581273,-0.010441554671237988,0.043872083237387526,0.24414945172034705,0.3118659237447477,0.29838205574564003,0.058650910704600295,0.08695165808466496,-0.010441554671237988,0.1692014333462737
2025-07-18 22:00:00+00:00,11780.28514000673,-0.0011500496537197504,-0.001178578861524263,0.008757108587654036,0.24572372081098098,0.31810157002327755,0.290270478278338,0.05800537958424827,0.08789885130315521,-0.001178578861524263,0.16802285448474943
2025-07-19 00:00:00+00:00,11782.292330252521,0.00017038554007265782,-0.00013464224524228314,0.007361596528656571,0.2474440133431553,0.31073997349462096,0.29518511031696243,0.058186548191461,0.08844435465380031,-0.00013464224524228314,0.16788821223950715
2025-07-19 02:00:00+00:00,11760.260874383,-0.0018698785645432081,-0.0017584196358820855,0.01313516666642377,0.24165163580608004,0.3033971843652724,0.3040171174625693,0.059927728278305295,0.09100633408777285,-0.0017584196358820855,0.16612979260362506
2025-07-19 04:00:00+00:00,11870.328685790862,0.009359300153589196,0.006547816762252545,0.009025312422858367,0.2411594385351996,0.29486406921329456,0.3090427232970276,0.06161231684550847,0.09332145210896986,0.006547816762252545,0.17267760936587762
2025-07-19 06:00:00+00:00,11869.64514534166,-5.7583953005591584e-05,-0.0003252450460016104,0.033930106229720564,0.24516849926337056,0.3247851147148442,0.28322353764110564,0.05946994660542609,0.08735290177525369,-0.0003252450460016104,0.172352364319876
2025-07-19 08:00:00+00:00,11849.201349191979,-0.00172235950606355,-0.0016563182695569331,0.01788802775918827,0.24623022917324464,0.3068970869556559,0.2972784803975337,0.05949072833603732,0.09010347513752852,-0.0016563182695569331,0.17069604605031907
2025-07-19 10:00:00+00:00,11811.599772442016,-0.003173342712462888,-0.0028467787566389194,0.029617945128383966,0.2349045033433269,0.2886048676571897,0.31711220387506206,0.06446611525672472,0.09491230986769676,-0.0028467787566389194,0.16784926729368016
2025-07-19 12:00:00+00:00,11787.77945365049,-0.002016688615466121,-0.0018874740662304789,0.018469693363319283,0.2401304795673752,0.3018485847964606,0.30574480011013727,0.061686059095661,0.09059007643036592,-0.0018874740662304789,0.1659617932274497
2025-07-19 14:00:00+00:00,11774.848934903663,-0.0010969427106835726,-0.001138567639967086,0.006186061561614355,0.23545053839753866,0.30034246440468276,0.30909701578705706,0.0628244632867988,0.09228551812392265,-0.001138567639967086,0.1648232255874826
2025-07-19 16:00:00+00:00,11770.825604448259,-0.00034168849873553045,-0.0005313954910366307,0.0009537702084279134,0.2360545049781523,0.3003993262401264,0.30829706783402094,0.06311740507916953,0.09213169586853094,-0.0005313954910366307,0.164291830096446
2025-07-19 18:00:00+00:00,11777.541263973695,0.0005705342812060309,0.00019334231442542474,0.02044824940179659,0.22965932930120772,0.2863462525152743,0.317623205614902,0.06842081270860696,0.09795039986000897,0.00019334231442542474,0.1644851724108714
2025-07-19 20:00:00+00:00,12216.865602208798,0.037301872130047264,0.020607504464914383,0.004845636362599784,0.23002745005771494,0.2908237681213669,0.31560469300345667,0.06732580594681162,0.09621828287064989,0.020607504464914383,0.1850926768757858
2025-07-19 22:00:00+00:00,12195.490365397678,-0.0017496498289426084,-0.001628973143543852,0.0064560194488362255,0.23648346950655116,0.290285298040211,0.3139460847688532,0.0656992260701097,0.09358592161427491,-0.001628973143543852,0.18346370373224194
2025-07-20 00:00:00+00:00,12243.608241487793,0.003945546644572764,0.00253057237193212,0.00507350805138454,0.23209693482578475,0.29226050735559117,0.3170443835048576,0.06521623078116434,0.09338194353260211,0.00253057237193212,0.18599427610417407
2025-07-20 02:00:00+00:00,12196.507857015777,-0.0038469365846266305,-0.0032799988755335824,0.012163173773068262,0.23231825448702206,0.2800973335825229,0.3252348089391644,0.06735950681821512,0.09499009617307548,-0.0032799988755335824,0.18271427722864048
2025-07-20 04:00:00+00:00,12298.194131660786,0.008337327031402546,0.005471066173986638,0.008212149368108275,0.22837642675067585,0.2758270119507608,0.3309708093778332,0.06862215278851128,0.09620359913221876,0.005471066173986638,0.1881853434026271
2025-07-20 06:00:00+00:00,12423.715240395752,0.010206466688619048,0.006603516428635059,0.023242379919050392,0.23595487964511988,0.2914909389753672,0.31577280111530265,0.0640383898975777,0.09274299036663253,0.006603516428635059,0.19478885983126215
2025-07-20 08:00:00+00:00,12486.053992354853,0.00501772221536486,0.003233654138461137,0.01100995739698031,0.23017174711945085,0.2862641141040559,0.3215762342661365,0.06728477864889419,0.09470312586146243,0.003233654138461137,0.19802251396972329
2025-07-20 10:00:00+00:00,12537.505568616833,0.004120723512286953,0.002617601724186469,0.012082195541023376,0.23192250988058752,0.2792489626867707,0.3319076670460233,0.06428722513059718,0.09263363525602136,0.002617601724186469,0.20064011569390974
2025-07-20 12:00:00+00:00,12524.916016599136,-0.0010041512602960278,-0.001111155397754544,0.014854548899085898,0.23551919788964074,0.29050682357680335,0.32034759386591644,0.06303459059395655,0.09059179407368295,-0.001111155397754544,0.1995289602961552
2025-07-20 14:00:00+00:00,12576.393233143532,0.004109984967258361,0.002618140920812392,0.00531756206235582,0.23327605127691112,0.2874324081271771,0.3242317933225795,0.06411343933891243,0.09094630793441974,0.002618140920812392,0.20214710121696758
2025-07-20 16:00:00+00:00,12612.92564903331,0.002904840458829095,0.001772108080394538,0.019080416909768503,0.2382573922349302,0.30153148407892655,0.31059711825342196,0.06103532466318843,0.08857868076953285,0.001772108080394538,0.20391920929736213
2025-07-20 18:00:00+00:00,12580.523179582384,-0.002568989174483113,-0.00235219994006325,0.010332596163481044,0.24094311348702022,0.3091783589903176,0.3021748494868616,0.06052750384659303,0.0871761741892076,-0.00235219994006325,0.20156700935729888
2025-07-20 20:00:00+00:00,12572.45173612006,-0.0006415824959826903,-0.0008413073078996784,0.007714561385564294,0.2381978347107429,0.30567716872857614,0.30712248822991134,0.05905941149904744,0.08994309683172208,-0.0008413073078996784,0.20072570204939919
2025-07-20 22:00:00+00:00,12580.3757221469,0.0006302657741828581,0.00012484893592593443,0.008521986589812233,0.2396049488921821,0.31189351956577194,0.30095225489247546,0.05995793307022475,0.08759134357934578,0.00012484893592593443,0.20085055098532512
2025-07-21 00:00:00+00:00,12533.85059797577,-0.0036982301004910506,-0.00326815476532342,0.020480804607824275,0.23610031111870167,0.2949173527314281,0.3180720215319075,0.060590457824069424,0.09031985679389336,-0.00326815476532342,0.1975823962200017
2025-07-21 02:00:00+00:00,12517.969705763731,-0.001267040171565806,-0.0013180842333312954,0.012750466848526577,0.23896188379304362,0.3048062469056127,0.3087618395340672,0.0592896724988871,0.08818035726838935,-0.0013180842333312954,0.1962643119866704
2025-07-21 04:00:00+00:00,12596.630066435058,0.006283795417327856,0.004157114043570708,0.013651025273718188,0.24463993038185114,0.3127792255905233,0.2990225098337611,0.05793879961527001,0.0856195345785943,0.004157114043570708,0.20042142603024113
2025-07-21 06:00:00+00:00,12678.539038410741,0.006502451174932768,0.0042913371259227775,0.0028611640408702996,0.2417787663409809,0.3128790409095811,0.2994918784647562,0.058389673266921634,0.08746064101776012,0.0042913371259227775,0.2047127631561639
2025-07-21 08:00:00+00:00,12757.361484577883,0.006216997552189673,0.004089301760565546,0.005881014117282566,0.24476056657498668,0.31577825479285787,0.2945827656823175,0.05775438435931517,0.08712402859052276,0.004089301760565546,0.20880206491672945
2025-07-21 10:00:00+00:00,12678.913916532509,-0.006149200063054384,-0.005398155935361671,0.00262441380343207,0.24359533495787294,0.315595509528248,0.2972071794857496,0.057604736433943246,0.08599723959418624,-0.005398155935361671,0.2034039089813678
2025-07-21 12:00:00+00:00,12661.1518405537,-0.0014009146284720162,-0.0014452895082907953,0.012313943031840819,0.2410481282615981,0.305828773192682,0.30632945419500923,0.05857500259490194,0.0882186417558087,-0.0014452895082907953,0.201958619473077
2025-07-21 14:00:00+00:00,12702.205196527068,0.003242466127123685,0.0020504749215638236,0.0017858695839357806,0.2396979733148376,0.30644701794543605,0.30589373955783394,0.05914315819716552,0.08881811098472682,0.0020504749215638236,0.20400909439464082
2025-07-21 16:00:00+00:00,12688.747771943334,-0.0010594557697283231,-0.0011827025899408838,0.007413088688501747,0.23931440289722017,0.3138601066339379,0.2991725934291909,0.05909874386062851,0.08855415317902265,-0.0011827025899408838,0.20282639180469994
2025-07-21 18:00:00+00:00,12580.167129049572,-0.008557238653119876,-0.007533298300425681,0.015064410976015689,0.23893185464051084,0.29917824391463144,0.31211282090721126,0.05956295997944091,0.09021412055820549,-0.007533298300425681,0.19529309350427426
2025-07-21 20:00:00+00:00,12455.755280107342,-0.00988952274369582,-0.00865522684385161,0.008831185311590217,0.23723594285260688,0.3057883111267555,0.3049775473835251,0.06033312928586166,0.09166506935125103,-0.00865522684385161,0.18663786666042265
2025-07-21 22:00:00+00:00,12484.876237072587,0.0023379519194435226,0.0014305670901498201,0.016538913137232658,0.23520393182708732,0.29128140901504235,0.3185962468556658,0.06120215683033565,0.093716255471869,0.0014305670901498201,0.18806843375057247
2025-07-22 00:00:00+00:00,12513.622477367577,0.0023024850025849725,0.001405114079634338,0.00517610257160284,0.23426882608961172,0.287040412180915,0.322659179325531,0.0621484135716274,0.09388316883231479,0.001405114079634338,0.1894735478302068
2025-07-22 02:00:00+00:00,12607.378376094814,0.007492306795798455,0.005017672374388557,0.004657379262338036,0.23580293846034714,0.28329537008005,0.3257824462171337,0.06154985904460611,0.09356938619786313,0.005017672374388557,0.19449122020459536
2025-07-22 04:00:00+00:00,12485.47128317273,-0.009669503784643627,-0.00845306177483514,0.0028429406397333587,0.23584904418428776,0.28543098134930134,0.32293950557740025,0.0619500293404809,0.09383043954852967,-0.00845306177483514,0.1860381584297602
2025-07-22 06:00:00+00:00,12427.392853008216,-0.004651681049700432,-0.004010872206577006,0.006481324345838313,0.23545062135428346,0.2793480798334674,0.3266141393339272,0.06318460502784731,0.09540255445047469,-0.004010872206577006,0.1820272862231832
2025-07-22 08:00:00+00:00,12435.425476831202,0.0006463643596044276,0.00018869384488805725,0.005120070952216567,0.23143045386411445,0.2782481763714198,0.3279202068400272,0.06520488453051984,0.09719627839391869,0.00018869384488805725,0.18221598006807127
2025-07-22 10:00:00+00:00,12382.743032272221,-0.004236481064289617,-0.0036632614657279984,0.016584251928913045,0.23608921918084486,0.2901736629836025,0.3181844048770181,0.06254713615386462,0.09300557680467,-0.0036632614657279984,0.17855271860234329
2025-07-22 12:00:00+00:00,12511.914655360599,0.010431583918985188,0.006970709070043225,0.006481944704289047,0.23425027036123555,0.28553066709892266,0.3233926749502708,0.06295797069965045,0.09386841688992045,0.006970709070043225,0.1855234276723865
2025-07-22 14:00:00+00:00,12341.587365088457,-0.013613207487725916,-0.011996338381125802,0.011667292900743309,0.23192410372225886,0.27618954083715613,0.3302102345210972,0.06574123436079068,0.0959348865586972,-0.011996338381125802,0.1735270892912607
2025-07-22 16:00:00+00:00,12522.935590527417,0.014694076221666094,0.009486364369247751,0.013561550163457288,0.22752604448302555,0.26702604991293216,0.33777628042076124,0.06846575549270856,0.09920586969057259,0.009486364369247751,0.18301345366050845
2025-07-22 18:00:00+00:00,12626.633112553931,0.008280608111164671,0.0054595883477126335,0.019222046448517806,0.23167186451234884,0.28210227633212664,0.3273508427563881,0.06473169954350891,0.09414331685562755,0.0054595883477126335,0.18847304200822107
2025-07-22 20:00:00+00:00,12536.165842502307,-0.007164797554914115,-0.006051134203831108,0.005660367757933882,0.23072529507025258,0.27738847801628896,0.3311930256160917,0.06565934278087114,0.09503385851649553,-0.006051134203831108,0.18242190780438997
2025-07-22 22:00:00+00:00,12635.368055548968,0.007913281803462303,0.0052178717113677605,0.003821678852311834,0.22944483405002117,0.2812101568686009,0.32968799040148533,0.0648675723050218,0.09478944637487093,0.0052178717113677605,0.18763977951575772
2025-07-23 00:00:00+00:00,12737.128275276615,0.008053601547677697,0.005282640926047305,0.00283947715025349,0.2309641628154382,0.28068953491270743,0.3274296248068149,0.06618772068985815,0.0947289567751812,0.005282640926047305,0.19292242044180502
2025-07-23 02:00:00+00:00,12776.456466660355,0.00308768118949378,0.0019202325630912245,0.004717266466361281,0.22798557572277833,0.2789508555390061,0.3316863905692686,0.06619519485182104,0.09518198331712605,0.0019202325630912245,0.19484265300489625
2025-07-23 04:00:00+00:00,12710.344939739933,-0.0051744806623758655,-0.004423358466783798,0.008415643701530966,0.23084086235530535,0.28451121260801,0.32609732983667805,0.06486071975421354,0.09368987544579303,-0.004423358466783798,0.19041929453811246
2025-07-23 06:00:00+00:00,12660.695781046772,-0.003906200730865104,-0.0033685345554167376,0.021527672317324165,0.22724701114790313,0.26657739149808807,0.33958199256869853,0.06876963760216494,0.09782396718314534,-0.0033685345554167376,0.1870507599826957
2025-07-23 08:00:00+00:00,12565.515297951522,-0.007517792445320172,-0.006357453697981007,0.013210764419684232,0.2287423889183725,0.2782927781473029,0.3295264164775423,0.06678281613607354,0.0966556003207087,-0.006357453697981007,0.1806933062847147
2025-07-23 10:00:00+00:00,12521.672216524901,-0.0034891590505459723,-0.0029951232493331957,0.004319443837753997,0.23153401258692763,0.27982059831650186,0.32813806880433727,0.06573442180798267,0.0947728984842507,-0.0029951232493331957,0.17769818303538149
2025-07-23 12:00:00+00:00,12558.742778969901,0.002960512126812966,0.0018779330732393853,0.0072395418479279244,0.22855887941435396,0.27593358663154255,0.3341466966500415,0.06535702481758773,0.09600381248647442,0.0018779330732393853,0.17957611610862087
2025-07-23 14:00:00+00:00,12260.321566882505,-0.023762029156860605,-0.02182214265692172,0.027352066275182003,0.23825949576686148,0.29358503655421697,0.3148935597360486,0.062499367171600276,0.0907625407712727,-0.02182214265692172,0.15775397345169914
2025-07-23 16:00:00+00:00,12431.285868377754,0.01394452017939365,0.008943155690614267,0.029917645893853297,0.23507997705029962,0.2668469093769255,0.33266298913863146,0.06639068980017569,0.0990194346339677,0.008943155690614267,0.1666971291423134
2025-07-23 18:00:00+00:00,12290.96913957458,-0.011287386541412169,-0.009121422565039504,0.013541389709117793,0.23070718562884082,0.2802278349189641,0.3260137566386352,0.06655115396725494,0.096500068846305,-0.009121422565039504,0.1575757065772739
2025-07-23 20:00:00+00:00,12269.834304467744,-0.0017195417925821067,-0.0014917985763551024,0.009750621623951683,0.24007025209185703,0.2766703630730497,0.3210927120528242,0.06527904877502859,0.09688762400724044,-0.0014917985763551024,0.15608390800091881
2025-07-23 22:00:00+00:00,12243.640025570014,-0.002134851885342385,-0.0017972613449798193,0.012510571789915596,0.23320256564581018,0.271035271920967,0.33304610879022034,0.06527125458324255,0.09744479905975988,-0.0017972613449798193,0.154286646655939
2025-07-24 00:00:00+00:00,12320.693609114795,0.006293355847105844,0.004126451367764504,0.009704522211454035,0.2360929975064221,0.2732252382081982,0.32334158657876627,0.06817167562219885,0.09916850208441444,0.004126451367764504,0.1584130980237035
2025-07-24 02:00:00+00:00,12436.986413997969,0.00943881964544123,0.006145695940279936,0.0067140401323058305,0.23432087520974085,0.2727333325307579,0.3300556267110722,0.06580553633793083,0.0970846292104983,0.006145695940279936,0.16455879396398346
2025-07-24 04:00:00+00:00,12365.917644701922,-0.005714307866096857,-0.004561838317381837,0.030173267423898715,0.24199996878026828,0.29522750638412915,0.30797448160023033,0.062284058071094266,0.092513985164278,-0.004561838317381837,0.15999695564660163
2025-07-24 06:00:00+00:00,12077.619615658488,-0.023313921160307255,-0.019819914062249092,0.035977782682032014,0.23333736396404325,0.26791232851832214,0.3361241418517342,0.06522493144546515,0.09740123422043523,-0.019819914062249092,0.14017704158435254
2025-07-24 08:00:00+00:00,12224.371454722499,0.01215072536923999,0.007767208255331248,0.017255884332940417,0.22411687888439688,0.2598769292650281,0.33714292779217714,0.07448586447809782,0.10437739958030005,0.007767208255331248,0.1479442498396838
2025-07-24 10:00:00+00:00,12381.102752839828,0.012821215282752239,0.008073284355187345,0.015902472258006013,0.22360570059589888,0.2444856352955201,0.34565721000983124,0.0788075799165811,0.10744387418216869,0.008073284355187345,0.15601753419487113
2025-07-24 12:00:00+00:00,12401.104918261066,0.001615539893378988,0.0008778550415876397,0.018633712869258454,0.22307734157584072,0.26311934816477855,0.3365978824570415,0.07373882869845898,0.1034665991038803,0.0008778550415876397,0.15689538923645877
2025-07-24 14:00:00+00:00,12287.657133325954,-0.009148199751786247,-0.007021273102588772,0.010354586922685927,0.22435241138910963,0.25276476124209263,0.3413450315683568,0.0766034709424567,0.10493432485798423,-0.007021273102588772,0.14987411613387
2025-07-24 16:00:00+00:00,12475.67366373272,0.015301251358718168,0.009458813333348937,0.02808098015025936,0.2156613964031444,0.23337479607779843,0.355456932151079,0.08368164054550484,0.11182523482247324,0.009458813333348937,0.15933292946721894
2025-07-24 18:00:00+00:00,12477.067624048923,0.00011173427213446757,-0.00016853000067895227,0.012435652428217037,0.21678368760924252,0.2426571066865115,0.34336551345737226,0.08571269115891077,0.111481001087963,-0.00016853000067895227,0.15916439946653999
2025-07-24 20:00:00+00:00,12464.098859885275,-0.0010394080207316273,-0.0009725299611116486,0.014216715048377314,0.22095981527098443,0.25176119301320654,0.3443020145173125,0.07740483336063139,0.10557214383786495,-0.0009725299611116486,0.15819186950542832
2025-07-24 22:00:00+00:00,12439.273380620327,-0.001991758854291991,-0.0016478420202056597,0.03580882274233071,0.2105424584077456,0.22636972713411474,0.3587223273510671,0.08921912223595908,0.11514636487111343,-0.0016478420202056597,0.15654402748522267
2025-07-25 00:00:00+00:00,12383.974735848096,-0.004445488340049047,-0.0034288714446785366,0.00860261409348019,0.21459906757223107,0.2245169643875603,0.3519724760041414,0.09158422068044536,0.11732727135562189,-0.0034288714446785366,0.15311515604054413
2025-07-25 02:00:00+00:00,12310.523892318228,-0.005931120266036147,-0.0045232028509676935,0.007116154908220915,0.21170344820088485,0.23086113747946563,0.352744457820457,0.08964037243542933,0.11505058406376324,-0.0045232028509676935,0.14859195318957644
2025-07-25 04:00:00+00:00,12099.816603346468,-0.017116029408240006,-0.013377632484535044,0.007702430925093234,0.21026951896765558,0.22776956636950357,0.3495675272385551,0.09368280832672798,0.11871057909755785,-0.013377632484535044,0.13521432070504139
2025-07-25 06:00:00+00:00,12167.857430550985,0.00562329409073021,0.003573506212830019,0.023333309230891948,0.20638781490255978,0.20831796120370744,0.3682587150417929,0.09559627881612817,0.12143923003581181,0.003573506212830019,0.1387878269178714
2025-07-25 08:00:00+00:00,12205.559143581184,0.0030984676838452696,0.0019060981930173902,0.01856234927582695,0.19472601518178362,0.20141741164865665,0.3776596669390079,0.10159874111032197,0.12459816512023,0.0019060981930173902,0.1406939251108888
2025-07-25 10:00:00+00:00,12440.777516874297,0.01927141317543097,0.011729341410832367,0.021431069434027977,0.2027977134466093,0.2147767828178589,0.3654308318367161,0.09648515535176069,0.12050951654705502,0.011729341410832367,0.15242326652172117
2025-07-25 12:00:00+00:00,12494.044393962547,0.004281635694875258,0.0026182227646921862,0.005629120675067378,0.20545386468701995,0.21730985943222805,0.36587072465700365,0.09259185050405196,0.11877370071969638,0.0026182227646921862,0.15504148928641334
2025-07-25 14:00:00+00:00,12463.447209642141,-0.0024489415401141735,-0.0019362926873707318,0.008915608057169996,0.20678280825706455,0.21222813778287508,0.373457389144129,0.09089267465380729,0.11663899016212398,-0.0019362926873707318,0.15310519659904262
2025-07-25 16:00:00+00:00,12195.645176483678,-0.0214869954238087,-0.016903002922760337,0.0056208631016655755,0.2023892487049404,0.21324388837416774,0.3775783964794264,0.09137677982888281,0.11541168661258257,-0.016903002922760337,0.13620219367628228
2025-07-25 18:00:00+00:00,12251.110315486083,0.004547946270965156,0.0027915884234346665,0.02043223826118251,0.19232955075528224,0.20287134806264343,0.38145456311472614,0.10079810741722398,0.12254643065012423,0.0027915884234346665,0.13899378209971694
2025-07-25 20:00:00+00:00,12258.50743327801,0.0006037916238966805,0.00020940047013584233,0.017639743130533424,0.19028315917803834,0.18727799650935387,0.3846754156105282,0.1078867191209153,0.12987670958116423,0.00020940047013584233,0.13920318256985278
2025-07-25 22:00:00+00:00,12428.05762136712,0.01383122611067914,0.008452407342321215,0.01922254883482994,0.19802210621658153,0.19876159830564064,0.3814370085929942,0.09797849793978822,0.12380078894499542,0.008452407342321215,0.147655589912174
2025-07-26 00:00:00+00:00,12461.523521825571,0.0026927699788673785,0.001561609446446392,0.033976313869185516,0.2077721636918844,0.22298785469952334,0.3684950302657576,0.08740295384965852,0.11334199749317625,0.001561609446446392,0.1492171993586204
2025-07-26 02:00:00+00:00,12359.198516803326,-0.008211275679336466,-0.006006190447911482,0.005761272328925884,0.20802650215431845,0.2271258061173525,0.3627337579368316,0.08853315251610033,0.113580781275397,-0.006006190447911482,0.14321100891070893
2025-07-26 04:00:00+00:00,12444.31868375548,0.006887191498415279,0.004244562330324865,0.007741926944871164,0.21333386861483208,0.22956036660171003,0.35565609271820575,0.0884280704843669,0.11302160158088512,0.004244562330324865,0.14745557124103378
2025-07-26 06:00:00+00:00,12454.684180706143,0.0008329501368518938,0.00034078813371103835,0.016430456219341347,0.20323255180235905,0.22323122719484176,0.3712775380457182,0.08920214637402497,0.11305653658305596,0.00034078813371103835,0.14779635937474483
2025-07-26 08:00:00+00:00,12439.052197260391,-0.0012551087782673692,-0.0010691376881486125,0.04056867358019746,0.215931011546393,0.2511014410310052,0.3468586053540515,0.08026860736774719,0.10584033470080292,-0.0010691376881486125,0.14672722168659622
2025-07-26 10:00:00+00:00,12493.504037257439,0.0043774910767751295,0.0026682681123439637,0.03187895117350313,0.20687430360550435,0.22827919779839081,0.3667369189611059,0.08651097292410544,0.11159860671089354,0.0026682681123439637,0.14939548979894018
2025-07-26 12:00:00+00:00,12464.269030348321,-0.0023400166055843226,-0.001827052559234633,0.030946464888700217,0.21883692187859044,0.24726304441400498,0.3491372855132056,0.08009277136224109,0.10466997683195799,-0.001827052559234633,0.14756843723970556
2025-07-26 14:00:00+00:00,12500.85271181864,0.00293508439052806,0.0017400192603760243,0.004844206285689975,0.22095990211285735,0.24831380285596436,0.3442930792275156,0.08022351901146234,0.10620969679220042,0.0017400192603760243,0.1493084565000816
2025-07-26 16:00:00+00:00,12476.73421808783,-0.0019293478842453307,-0.0015477127422292383,0.007387220067505751,0.22176342375623279,0.24930996692530527,0.3498806135823049,0.07652819807162206,0.10251779766453481,-0.0015477127422292383,0.14776074375785236
2025-07-26 18:00:00+00:00,12476.936876955771,1.6242941814685422e-05,-0.00020613602146614046,0.0033350709709826995,0.22061323288321769,0.252645037896288,0.349474403578457,0.07512266301763813,0.10214466262439906,-0.00020613602146614046,0.14755460773638623
2025-07-26 20:00:00+00:00,12535.610111304253,0.004702535159638937,0.0029070170322281585,0.014047437781839214,0.2271323744129656,0.2601733341483794,0.3391157545259737,0.0732823032648834,0.10029623364779797,0.0029070170322281585,0.15046162476861438
2025-07-26 22:00:00+00:00,12534.89803177239,-5.680453727738053e-05,-0.0002630097359297495,0.015618664721839481,0.23385984065134835,0.26906453263183605,0.32943782351237977,0.07014541142684368,0.09749239177759206,-0.0002630097359297495,0.15019861503268464
2025-07-27 00:00:00+00:00,12493.764988952695,-0.003281482044403931,-0.0025189654194090654,0.008262698088681457,0.23267563562920995,0.27732723072051757,0.3280591403911571,0.06740916981054036,0.09452882344857506,-0.0025189654194090654,0.14767964961327557
2025-07-27 02:00:00+00:00,12541.961649236966,0.003857657025475434,0.002373523714607725,0.015060016876393245,0.2311513413009958,0.2637915081723385,0.335868110566232,0.07098379808417131,0.09820524187626244,0.002373523714607725,0.1500531733278833
2025-07-27 04:00:00+00:00,12554.723806070648,0.001017556678181731,0.00047338989969418775,0.007426369815685084,0.22671077007611065,0.26080570958153854,0.34221198624130594,0.07137118897849885,0.09890034512254603,0.00047338989969418775,0.1505265632275775
2025-07-27 06:00:00+00:00,12587.311570366564,0.002595657602611623,0.0015397079376840653,0.024558859552721128,0.2356315837193704,0.2764437554909999,0.32407935529187865,0.0677046162287569,0.09614068926899416,0.0015397079376840653,0.15206627116526156
2025-07-27 08:00:00+00:00,12537.002748447085,-0.003996788483246842,-0.0030631691579032145,0.0045833780022369805,0.2334953326594794,0.2757687795371979,0.32866273329411555,0.0669874573529003,0.09508569715630671,-0.0030631691579032145,0.14900310200735833
2025-07-27 10:00:00+00:00,12469.033384707926,-0.0054215002662881175,-0.00409849530548375,0.0034580242683169213,0.23489800368815872,0.27782413277683554,0.32840207379901554,0.065017670006533,0.09385811972945715,-0.00409849530548375,0.14490460670187458
2025-07-27 12:00:00+00:00,12543.01529787982,0.005933251671506988,0.003762488789683713,0.010186556869545699,0.23524535462662668,0.2876633387079133,0.3208029783089216,0.06423475089599173,0.09205357746054663,0.003762488789683713,0.1486670954915583
2025-07-27 14:00:00+00:00,12545.714659626048,0.00021520835956272672,-7.033679551952399e-05,0.004241921557883638,0.23441366695880916,0.28425310481784716,0.3237315367696102,0.0647294545587348,0.09287223689499863,-7.033679551952399e-05,0.14859675869603878
2025-07-27 16:00:00+00:00,12589.409945025973,0.0034828853186453248,0.002154065327459367,0.013132486779605147,0.2368442583311869,0.2949550002250746,0.315522499710694,0.061888974291210645,0.09078926744183385,0.002154065327459367,0.15075082402349815
2025-07-27 18:00:00+00:00,12664.591826248728,0.005971835181398753,0.0037889681361310593,0.0027803952887902536,0.23851602614171968,0.29606362770333206,0.31347496749821835,0.06182972318448448,0.09011565547224541,0.0037889681361310593,0.1545397921596292
2025-07-27 20:00:00+00:00,12634.33415084452,-0.0023891551989459222,-0.0019299923708090904,0.0080699335587337,0.24082405035436077,0.30182553704942466,0.30730700306203856,0.060806710251004,0.08923669928317197,-0.0019299923708090904,0.1526097997888201
2025-07-27 22:00:00+00:00,12664.46164533366,0.0023845731899631043,0.0014148969735216807,0.006984676509681716,0.24069268304530156,0.3088102135591064,0.3028988779440264,0.059475999380363166,0.08812222607120244,0.0014148969735216807,0.1540246967623418
2025-07-28 00:00:00+00:00,12734.486130395933,0.0055292113493094035,0.0035110404972150317,0.006498455401786327,0.23904343346726728,0.30396100773535434,0.30828014197635095,0.060480864353970314,0.08823455246705711,0.0035110404972150317,0.15753573725955683
2025-07-28 02:00:00+00:00,12679.617478874736,-0.004308666322250039,-0.0033595956120476404,0.008095339446959008,0.24241541538680808,0.30868436526277254,0.30243194997132744,0.05890376162344406,0.08756450775564786,-0.0033595956120476404,0.1541761416475092
2025-07-28 04:00:00+00:00,12753.460665989563,0.005823770885663996,0.0037123557275552084,0.007216009796599435,0.24290280399644662,0.3154129864497334,0.29666556444414044,0.058194047474107405,0.08682459763557207,0.0037123557275552084,0.1578884973750644
2025-07-28 06:00:00+00:00,12844.596641215263,0.007145980029462588,0.004555840893625188,0.001980051542982246,0.2421120940409795,0.3142236448622183,0.29713028920822077,0.0586765252791612,0.08785744660942021,0.004555840893625188,0.1624443382686896
2025-07-28 08:00:00+00:00,12755.746732847474,-0.006917298444599695,-0.005375771577384578,0.007535478393833395,0.24560806847569455,0.3182631488213366,0.29223222624725004,0.05768839295579342,0.08620816349992527,-0.005375771577384578,0.157068566691305
2025-07-28 10:00:00+00:00,12751.81801166059,-0.0003079961737376581,-0.0004587711440661623,0.006243475907576051,0.24596153041899513,0.32324998186363235,0.28666873368719403,0.057008409608273435,0.08711134442190506,-0.0004587711440661623,0.15660979554723883
2025-07-28 12:00:00+00:00,12690.524179812553,-0.00480667398107383,-0.003745473450888783,0.010247777723236907,0.24300444152774808,0.3159592930316425,0.29369038810112336,0.057723406528858,0.08962247081062809,-0.003745473450888783,0.15286432209635006
2025-07-28 14:00:00+00:00,12570.07207408057,-0.00949149964377299,-0.00734661290487765,0.004026971185851946,0.2440344399017429,0.3120385090152657,0.2958886745407064,0.05852209290113217,0.08951628364115301,-0.00734661290487765,0.14551770919147242
2025-07-28 16:00:00+00:00,12484.330892580334,-0.00682105726959462,-0.0052078238467602195,0.00275445589712469,0.2430936441399348,0.313573390314171,0.29416726044294367,0.05842984686357823,0.09073585823937237,-0.0052078238467602195,0.1403098853447122
2025-07-28 18:00:00+00:00,12432.24231192002,-0.004172316570948301,-0.0032015143789865417,0.01473794062273286,0.24190521962160244,0.3000238742097705,0.3048564967366743,0.05968690682514934,0.0935275026068035,-0.0032015143789865417,0.13710837096572565
2025-07-28 20:00:00+00:00,12436.745500668067,0.0003622185471506028,6.447227695349248e-05,0.012059146566399812,0.24231492968580912,0.28838374197490185,0.3155136487672455,0.060679191296771254,0.09310848827527232,6.447227695349248e-05,0.13717284324267914
2025-07-28 22:00:00+00:00,12427.607323180655,-0.0007347724118758349,-0.0007111859139288651,0.002793098890635292,0.24350279578072767,0.2893737476547724,0.31272054987661024,0.06096155811028007,0.09344134857760969,-0.0007111859139288651,0.1364616573287503
2025-07-29 00:00:00+00:00,12413.740290295284,-0.001115824834560505,-0.0009828825019314244,0.010885352989077644,0.24093579198891205,0.2810553984575103,0.3197453011729894,0.06278213239672813,0.09548137598386006,-0.0009828825019314244,0.13547877482681886
2025-07-29 02:00:00+00:00,12348.286954191606,-0.005272652284730597,-0.0040284976794761175,0.004894300834215954,0.24309772131254337,0.283787769968095,0.31673110830735857,0.0622985537137264,0.09408484669827671,-0.0040284976794761175,0.13145027714734275
2025-07-29 04:00:00+00:00,12438.69718972065,0.007321682421572936,0.004832110028046604,0.006031654456111434,0.24081680605950762,0.2800370307650193,0.3203966626712351,0.06326621774364224,0.0954832827605957,0.004832110028046604,0.13628238717538935
2025-07-29 06:00:00+00:00,12473.251543407634,0.002777972094661275,0.0017559265548368094,0.010072751402217021,0.24039490067863145,0.2901097821672363,0.3125580993049615,0.06309843277481675,0.09383878507435399,0.0017559265548368094,0.13803831373022615
2025-07-29 08:00:00+00:00,12567.016838036952,0.007517309684889354,0.004942588873733812,0.0020498325569895948,0.23973101165325,0.2915908120963108,0.31312690193287657,0.0628397925724691,0.09271148174509349,0.004942588873733812,0.14298090260395996
2025-07-29 10:00:00+00:00,12552.203425937056,-0.0011787532626726328,-0.0010507159828478758,0.01214674047369705,0.23743703182990447,0.2817380514459593,0.32221233109318675,0.06425881601882688,0.09435376961212258,-0.0010507159828478758,0.1419301866211121
2025-07-29 12:00:00+00:00,12461.830356142937,-0.007199777340078638,-0.005553772708175692,0.015315645432761552,0.23089237250835906,0.2729670653347432,0.3301037487744521,0.06878309924799643,0.09725371413444926,-0.005553772708175692,0.1363764139129364
2025-07-29 14:00:00+00:00,12465.298404190682,0.0002782936333293191,9.848817704655297e-06,0.008263444411971944,0.22578732693594877,0.26980866649518154,0.3367104078626745,0.06986351815652089,0.09783008054967436,9.848817704655297e-06,0.13638626273064106
2025-07-29 16:00:00+00:00,12311.585550504711,-0.012331261450932749,-0.009579801857396255,0.00641000364047923,0.22421546786286653,0.2649705219277846,0.3375943421758215,0.07291976717809291,0.10029990085543457,-0.009579801857396255,0.1268064608732448
2025-07-29 18:00:00+00:00,12386.734676792923,0.006103935677491334,0.004046918982323782,0.03204235729792868,0.21659817293710207,0.2405454595556203,0.35284728804347987,0.08189375664182036,0.10811532282197737,0.004046918982323782,0.13085337985556858
2025-07-29 20:00:00+00:00,12318.526084091893,-0.005506583815734858,-0.004194385297346008,0.0028349288087894456,0.2145222647192348,0.2397864389646981,0.35406725878318923,0.08316060995285644,0.10846342758002135,-0.004194385297346008,0.12665899455822258
2025-07-29 22:00:00+00:00,12352.629454664024,0.0027684619360568478,0.0017794508159667366,0.004495710460924805,0.21625530446574273,0.23679461057744583,0.3525633767095167,0.08414492519959012,0.11024178304770457,0.0017794508159667366,0.1284384453741893
2025-07-30 00:00:00+00:00,12367.331122599313,0.0011901650566988856,0.0006751680415269328,0.017125680624934497,0.21163182078079132,0.2242924136374627,0.3562917965875931,0.09147670290488692,0.11630726608926584,0.0006751680415269328,0.12911361341571623
2025-07-30 02:00:00+00:00,12387.212990743265,0.0016076118563382712,0.0009698627403668769,0.00880574409493455,0.21331795166437403,0.2154866695425283,0.35727552055656675,0.09389577213666624,0.12002408609986484,0.0009698627403668769,0.1300834761560831
2025-07-30 04:00:00+00:00,12403.958444868738,0.001351833874010848,0.0007895847799669127,0.009895473009437689,0.20767074940837563,0.21123839878908893,0.3612746320258815,0.09744439522908527,0.12237182454756866,0.0007895847799669127,0.13087306093605
2025-07-30 06:00:00+00:00,12383.586044769276,-0.0016424111859138302,-0.0013638013987451092,0.013444440406658167,0.20255599102574123,0.20290871676506517,0.36522213138386267,0.10285005668654777,0.12646310413878317,-0.0013638013987451092,0.12950925953730488
2025-07-30 08:00:00+00:00,12407.774120373399,0.001953236769759375,0.0012214879401353299,0.004535569165189636,0.20140257597947597,0.20232303141073377,0.3697577005490523,0.1017985893902044,0.12471810267053358,0.0012214879401353299,0.1307307474774402
2025-07-30 10:00:00+00:00,12356.095022132373,-0.00416505794993236,-0.0032417887418212427,0.007873960985202842,0.1971914624438686,0.1986601839611383,0.37107941577667797,0.10534571113770787,0.12772322668060732,-0.0032417887418212427,0.12748895873561897
2025-07-30 12:00:00+00:00,12263.938974052446,-0.007458347310769009,-0.00574331307563763,0.005522625549229214,0.19679795428005847,0.20074372517004554,0.37451850011699983,0.10317618071535571,0.12476363971754027,-0.00574331307563763,0.12174564565998133
2025-07-30 14:00:00+00:00,12292.957047716067,0.0023661299787135913,0.0015377319625957194,0.042263334791846435,0.1761259098597247,0.17915243479853302,0.38464346630596036,0.12222200354251936,0.13785618549326267,0.0015377319625957194,0.12328337762257706
2025-07-30 16:00:00+00:00,12384.52944440966,0.0074491756815018954,0.005052753963377932,0.002351960188518694,0.17821596008038113,0.1793052668381295,0.38229150611744156,0.12229450728193882,0.1378927596821089,0.005052753963377932,0.128336131585955
2025-07-30 18:00:00+00:00,12421.786506489649,0.0030083550810085465,0.0019770191072370296,0.015904378197990093,0.1813931826761959,0.19203242244030486,0.38144160304163793,0.11317694354515447,0.1319558482967068,0.0019770191072370296,0.13031315069319202
2025-07-30 20:00:00+00:00,12310.296457201035,-0.008975363505914869,-0.006972032044491248,0.007629261682805255,0.1867602012672271,0.19429466553207897,0.3809714762497195,0.10909618154012797,0.12887747541084654,-0.006972032044491248,0.12334111864870077
2025-07-30 22:00:00+00:00,12348.634736135642,0.0031143262120370205,0.002065183857596487,0.026982190302046148,0.17505206655476138,0.17902060994249847,0.3930004109888972,0.11834974294736286,0.13457716956648003,0.002065183857596487,0.12540630250629725
2025-07-31 00:00:00+00:00,12440.762092103316,0.007460529680911466,0.005060953690159933,0.024728220149837055,0.16671891303673944,0.1657225358213535,0.3899034184782272,0.13289836443647485,0.1447567682272052,0.005060953690159933,0.1304672561964572
2025-07-31 02:00:00+00:00,12461.826758176754,0.0016931974036228155,0.0010440983623892879,0.017202104799799785,0.1724994122375904,0.17468244989133164,0.3923651100071977,0.12284670330330334,0.13760632456057678,0.0010440983623892879,0.13151135455884647
2025-07-31 04:00:00+00:00,12499.172594541187,0.002996818772169839,0.0019698418899987214,0.003891738573832626,0.17325919067742726,0.17752378127518256,0.3926557387573426,0.11986902382860996,0.1366922654614376,0.0019698418899987214,0.13348119644884518
2025-07-31 06:00:00+00:00,12501.237806705834,0.0001652279100096312,-6.091272131419072e-05,0.017264653190063282,0.1690664665587444,0.1665303580526779,0.39057723290846685,0.13068581177888816,0.1431401307012227,-6.091272131419072e-05,0.13342028372753098
2025-07-31 08:00:00+00:00,12514.03404331286,0.0010235975672873456,0.0005628926070298702,0.01019433612995757,0.16821576677746947,0.17228325327769475,0.39501867381340755,0.12632665940459958,0.13815564672682862,0.0005628926070298702,0.13398317633456086
2025-07-31 10:00:00+00:00,12546.12397048039,0.0025643151566044037,0.001670761709728469,0.02316450243106681,0.17650467724430113,0.18715884524192986,0.3903624971074715,0.11458804113971341,0.13138593926658398,0.001670761709728469,0.13565393804428932
2025-07-31 12:00:00+00:00,12459.038325720845,-0.006941238980616452,-0.005475874601905215,0.01959917704285629,0.18403382869263962,0.1992288708364477,0.3832621406803919,0.10688262506026279,0.12659253473025797,-0.005475874601905215,0.1301780634423841
2025-07-31 14:00:00+00:00,12419.309181737572,-0.003188780943169264,-0.0025493750730443505,0.010448137836278695,0.18785282321568178,0.20279508235353258,0.3863250724765435,0.10081306692487015,0.1222139550293719,-0.0025493750730443505,0.12762868836933977
2025-07-31 16:00:00+00:00,12391.195913031617,-0.002263674113798105,-0.0018475464482784554,0.007567524314224215,0.18942045172716873,0.20879497815626982,0.3832654730137375,0.0993486642245632,0.11917043287826065,-0.0018475464482784554,0.12578114192106132
2025-07-31 18:00:00+00:00,12354.770725343058,-0.002939602274406137,-0.0023551994133796015,0.026867587537410073,0.1992166979434513,0.2258663194773974,0.3690892566777152,0.09193735489687244,0.1138903710045637,-0.0023551994133796015,0.12342594250768173
2025-07-31 20:00:00+00:00,12274.665563082359,-0.006483743328104079,-0.0050761530990384605,0.00547557370612748,0.19892928955558292,0.22067815415913827,0.3718520303649592,0.09224596590949202,0.1162945600108276,-0.0050761530990384605,0.11834978940864327
2025-07-31 22:00:00+00:00,12245.727822079225,-0.002357517673651994,-0.0018967838615265354,0.019563816133300133,0.19218897353160028,0.20785465404982073,0.3836899256011125,0.09649018377085652,0.11977626304660986,-0.0018967838615265354,0.11645300554711674
2025-08-01 00:00:00+00:00,12113.857882015858,-0.010768648624184134,-0.00843223576929078,0.011866736692217432,0.18714930044723554,0.20102759044196813,0.3864742832198287,0.10190818115967337,0.12344064473129435,-0.00843223576929078,0.10802076977782596
2025-08-01 02:00:00+00:00,12103.155231363928,-0.0008835047229520422,-0.0007677820739222988,0.01379883094334447,0.18391063989833606,0.19046742004752312,0.39101437450801,0.10620648509527028,0.12840108045086054,-0.0007677820739222988,0.10725298770390367
2025-08-01 04:00:00+00:00,12133.469221571288,0.0025046353308602726,0.0017131084972367833,0.015216208585412803,0.17834856712131733,0.18081328423912904,0.39805390742747904,0.11039271537881466,0.13239152583325994,0.0017131084972367833,0.10896609620114045
2025-08-01 06:00:00+00:00,12049.751859687844,-0.00689970529900947,-0.005333557074201352,0.008313586338628998,0.1774357372232295,0.17653116465356797,0.394935270572499,0.11532293976504589,0.13577488778565777,-0.005333557074201352,0.1036325391269391
2025-08-01 08:00:00+00:00,12009.921538747387,-0.0033054888934026696,-0.002568175875442422,0.011107242885305173,0.17128285106257127,0.17157680792892094,0.39911932253260995,0.12199937454758125,0.13602164392831653,-0.002568175875442422,0.10106436325149667
2025-08-01 10:00:00+00:00,11927.5375870021,-0.006859657782067337,-0.005266928171793956,0.030040454791995255,0.15677658987273582,0.15604261432676111,0.40384040156928863,0.13753033583828325,0.1458100583929311,-0.005266928171793956,0.09579743507970272
2025-08-01 12:00:00+00:00,12025.23644217277,0.008191033099500644,0.005833139944193819,0.01806397262000331,0.14965127374942652,0.1451039578300672,0.40429504609889616,0.14932062835108628,0.15162909397052393,0.005833139944193819,0.10163057502389654
2025-08-01 14:00:00+00:00,11928.202249645852,-0.008069212858602756,-0.006195544952281661,0.012356428335761699,0.15407161916699005,0.15278680047453536,0.4045482863726262,0.13999716963978254,0.148596124346066,-0.006195544952281661,0.09543503007161487
2025-08-01 16:00:00+00:00,12034.111909773019,0.008878928937536447,0.006307481565547781,0.029715407631848587,0.14151000253318072,0.13650343033315615,0.40367786551596613,0.1604806549004325,0.1578280467172646,0.006307481565547781,0.10174251163716265
2025-08-01 18:00:00+00:00,11930.73565942582,-0.008590268324100038,-0.0065811927132430935,0.03535498638246517,0.13189145711575473,0.12096986202646769,0.3934749928576154,0.1837672338598828,0.16989645414027946,-0.0065811927132430935,0.09516131892391956
2025-08-01 20:00:00+00:00,11957.694915208429,0.002259647397460358,0.0015645795940255767,0.007393299937906085,0.12938957888633384,0.11827587156334549,0.3912775616122524,0.1898928150990088,0.17116417283905958,0.0015645795940255767,0.09672589851794514
2025-08-01 22:00:00+00:00,12015.321570803895,0.004819211060667903,0.003412714228316785,0.062295476411785414,0.1127428771053441,0.09021441048236171,0.3736902480624405,0.23090243903249622,0.19245002531735755,0.003412714228316785,0.10013861274626192
2025-08-02 00:00:00+00:00,11942.341909674113,-0.006073883308052044,-0.004650979780562417,0.025200242613897715,0.11694637367491208,0.1046003143936747,0.3803010901954572,0.21520748476187251,0.1829447369740835,-0.004650979780562417,0.0954876329656995
2025-08-02 02:00:00+00:00,12023.178009858959,0.006768865001207472,0.004817949268425171,0.05193875045717043,0.10605818355002969,0.0816421365589312,0.36220870769791264,0.2504001335443779,0.1996908386487485,0.004817949268425171,0.10030558223412467
2025-08-02 04:00:00+00:00,12029.425789228108,0.000519644586815994,0.0002849511336936263,0.03781580344905035,0.09306850965597993,0.07004723200732692,0.34897748269451634,0.277801790517315,0.21010498512486175,0.0002849511336936263,0.1005905333678183
2025-08-02 06:00:00+00:00,12045.887149740023,0.0013684244618440001,0.0009092032102561472,0.008620080348306268,0.09871423681947804,0.07302158519213513,0.34691646342949006,0.2712816477566583,0.21006606680223852,0.0009092032102561472,0.10149973657807444
2025-08-02 08:00:00+00:00,12030.466157818011,-0.0012801873145843812,-0.001052980861602191,0.028791759517258375,0.0891511908654481,0.06182545473091289,0.33888388032748384,0.29148039235287915,0.21865908172327603,-0.001052980861602191,0.10044675571647226
2025-08-02 10:00:00+00:00,11972.897257392033,-0.004785259330002492,-0.00370170249041114,0.008897742774285483,0.09351757805370807,0.0663568103169384,0.33809532147743226,0.28480365396263957,0.2172266361892817,-0.00370170249041114,0.09674505322606111
2025-08-02 12:00:00+00:00,11966.340051659941,-0.0005476707593094793,-0.0004964206400698066,0.07161543175240032,0.07394910232523913,0.04755344674240574,0.3048517290280336,0.3290666308220738,0.24457909108224782,-0.0004964206400698066,0.09624863258599131
2025-08-02 14:00:00+00:00,12025.599875460817,0.004952209576616204,0.0035555375438098345,0.06140204213108044,0.09096877207320482,0.06331303640509402,0.33347451174846005,0.29119792235794906,0.22104575741529212,0.0035555375438098345,0.09980417012980114
2025-08-02 16:00:00+00:00,11926.456025961645,-0.008244399491578125,-0.006394993723173526,0.027202019948216645,0.08327616720110334,0.05560147900067659,0.32167665407676227,0.3072735236502461,0.23217217607121166,-0.006394993723173526,0.09340917640662762
2025-08-02 18:00:00+00:00,11785.109782470647,-0.01185148741447699,-0.009158415853480567,0.016601323854454546,0.08859745387118224,0.060740445732366664,0.3278177245294479,0.29619911366265606,0.22664526220434725,-0.009158415853480567,0.08425076055314705
2025-08-02 20:00:00+00:00,11757.554035641375,-0.0023381832955225025,-0.0017957596320674653,0.02052983854109058,0.08584944185423622,0.054681209327862634,0.31609513440980735,0.3069514183677303,0.23642279604036354,-0.0017957596320674653,0.08245500092107959
2025-08-02 22:00:00+00:00,11808.155839114781,0.00430376958677068,0.0031187684310284894,0.037358421682277584,0.07211070812533477,0.04625105294185824,0.3009056028424356,0.3350041433822084,0.24572849270816302,0.0031187684310284894,0.08557376935210807
2025-08-03 00:00:00+00:00,11804.040451147073,-0.00034852080407640843,-0.00032006738220899985,0.09479341856093115,0.10095181331412482,0.0713758960583748,0.3417330730980601,0.2695591004234306,0.21638011710600963,-0.00032006738220899985,0.08525370196989908
2025-08-03 02:00:00+00:00,11881.305914594766,0.006545679317812189,0.004760128865308249,0.005240643434743071,0.09877442193358237,0.06898063286909532,0.34354640209523635,0.2688911115585094,0.2198074315435764,0.004760128865308249,0.09001383083520732
2025-08-03 04:00:00+00:00,11918.538085353952,0.0031336766367954377,0.002248435583844642,0.02372195761151405,0.09546232667718045,0.06292346118005109,0.32919371142916853,0.286746414968963,0.22567408574463693,0.002248435583844642,0.09226226641905197
2025-08-03 06:00:00+00:00,11915.932114689398,-0.0002186485159412801,-0.00024106839716749859,0.04962978856965302,0.11078483789685041,0.07945896396748506,0.3469654859917175,0.2518337690973528,0.21095694304659404,-0.00024106839716749859,0.09202119802188446
2025-08-03 08:00:00+00:00,11959.497702518895,0.003656078887508161,0.0026381562050013588,0.017660045320964296,0.1027302415398501,0.07374037780510434,0.3430786231901344,0.2646395836197299,0.21581117384518136,0.0026381562050013588,0.09465935422688582
2025-08-03 10:00:00+00:00,12017.286986597388,0.00483208287805616,0.0034987574700555313,0.009464340000210146,0.10753507441933502,0.07789205530755786,0.34040267577974037,0.2578511910299137,0.21631900346345304,0.0034987574700555313,0.09815811169694134
2025-08-03 12:00:00+00:00,12009.172221386236,-0.0006752576700715899,-0.0006009407418922636,0.03194332552340411,0.11670957671643939,0.08990330691962882,0.3511602473939691,0.23655557467898156,0.20567129429098105,-0.0006009407418922636,0.09755717095504908
2025-08-03 14:00:00+00:00,12023.974321548822,0.0012325662326855538,0.000834609993535431,0.014885549750785577,0.1105491656797234,0.08475720657729754,0.34758120902223083,0.24697695607251213,0.21013546264823607,0.000834609993535431,0.09839178094858451
2025-08-03 16:00:00+00:00,12037.530044957928,0.0011273912474025038,0.0007558395827599936,0.004897103426107857,0.11189477013601687,0.08721399590091175,0.34867591866843095,0.24462158945729887,0.20759372583734143,0.0007558395827599936,0.0991476205313445
2025-08-03 18:00:00+00:00,12021.960214207087,-0.0012934406554077399,-0.00107802015763062,0.017577831083417532,0.11782738600303377,0.0912465293727797,0.35628860041296373,0.23119378209026348,0.20344370212095939,-0.00107802015763062,0.09806960037371389
2025-08-03 20:00:00+00:00,12025.853230075849,0.00032382538283230424,0.00015332785925649653,0.0362595285012524,0.12726141275679845,0.10467827714540522,0.36968235438782593,0.20799101202475712,0.19038694368521333,0.00015332785925649653,0.09822292823297038
2025-08-03 22:00:00+00:00,12044.00308515709,0.0015092363705096533,0.001050890264248771,0.002286319939125342,0.12840149596093536,0.10582451388039367,0.36926859666232376,0.20631519801033202,0.1901901954860153,0.001050890264248771,0.09927381849721915
2025-08-04 00:00:00+00:00,12079.725421224652,0.0029659852969970636,0.0021477560230406937,0.07303980919408723,0.15360795797233656,0.14022553618913772,0.3827009215362656,0.1599046994008755,0.16356088490138446,0.0021477560230406937,0.10142157452025985
2025-08-04 02:00:00+00:00,12135.924024750442,0.004652308025731111,0.003405375518708551,0.005666124572248216,0.15709077880584296,0.1396690828792602,0.3843809913747854,0.15479502813850488,0.16406411880160657,0.003405375518708551,0.1048269500389684
2025-08-04 04:00:00+00:00,12169.2102725573,0.002742786436283821,0.0019719889234047594,0.02645367139760242,0.16895210547185194,0.1542614276108537,0.38371951681742594,0.1400253399871037,0.15304161011276482,0.0019719889234047594,0.10679893896237316
2025-08-04 06:00:00+00:00,12137.423278619177,-0.002612083547426677,-0.0021374211737194178,0.04039227107996093,0.18467657611594945,0.1789292280467171,0.3757590925431035,0.12040528953525544,0.14022981375897456,-0.0021374211737194178,0.10466151778865375
2025-08-04 08:00:00+00:00,12173.066115703203,0.0029366065816303225,0.002127274373936536,0.003980387068761304,0.18376325955974465,0.17766590621164757,0.37973947961186477,0.119313778592382,0.13951757602436096,0.002127274373936536,0.10678879216259028
2025-08-04 10:00:00+00:00,12223.285000136048,0.004125409650742149,0.003019496911636095,0.024531378464772734,0.1944853004101025,0.19147524382606246,0.37786945680795725,0.1062597374425504,0.12991026151332735,0.003019496911636095,0.10980828907422638
2025-08-04 12:00:00+00:00,12280.458693681496,0.004677440928916441,0.0034270693291770468,0.03486615764979362,0.20625422848809624,0.21457247339786237,0.37016628657705647,0.09151351094552684,0.1174935005914581,0.0034270693291770468,0.11323535840340343
2025-08-04 14:00:00+00:00,12519.972976000023,0.01950369186468276,0.013778496902668025,0.0233510337646761,0.21073396908238018,0.2334437665682545,0.36258698121948263,0.08344662875995443,0.10978865436992823,0.013778496902668025,0.12701385530607145
2025-08-04 16:00:00+00:00,12515.773874745775,-0.0003353921979142808,-0.0004200424587447374,0.0361127133748512,0.22482062700390384,0.2554698220215821,0.3463110100285577,0.07364399783444413,0.09975454311151231,-0.0004200424587447374,0.1265938128473267
2025-08-04 18:00:00+00:00,12609.136041750498,0.007459560067085239,0.005312670349569007,0.04382570461759946,0.2364139502991861,0.28770220334389923,0.32043708074346966,0.06425112264239168,0.09119564297105329,0.005312670349569007,0.1319064831968957
2025-08-04 20:00:00+00:00,12603.136830432126,-0.00047578290047056086,-0.0005406851629051676,0.006818491561911333,0.23605740459183555,0.2945206949058106,0.3185096168193166,0.06170198170540589,0.0892103019776314,-0.0005406851629051676,0.13136579803399054
2025-08-04 22:00:00+00:00,12658.479688114898,0.004391197082708548,0.0031022174372261945,0.006660751667570838,0.2382983411465,0.29894051001871697,0.3137001421548908,0.06087774966262276,0.08818325701726948,0.0031022174372261945,0.13446801547121673
2025-08-05 00:00:00+00:00,12715.513305347113,0.0045055661214802095,0.0031807755437552113,0.02076465722324208,0.24266649613086613,0.315337012257593,0.2982139643402729,0.05778976100912026,0.08599276626214782,0.0031807755437552113,0.13764879101497193
2025-08-05 02:00:00+00:00,12663.582540170788,-0.004084047881455709,-0.0033995542519515308,0.010393707538910422,0.2397596848326063,0.3078501160169423,0.30544643306396563,0.05921623440995173,0.08772753167653395,-0.0033995542519515308,0.1342492367630204
2025-08-05 04:00:00+00:00,12631.694387908099,-0.00251809882089325,-0.0021437210894028683,0.001113067238466308,0.23982579118475267,0.3081682398843988,0.30504082044105396,0.058508779794397135,0.08845636869539743,-0.0021437210894028683,0.13210551567361753
2025-08-05 06:00:00+00:00,12724.830245750827,0.007373188028668963,0.005269188925157048,0.0027876031588563027,0.24081984593004505,0.30680927948886605,0.30656644770037705,0.058776700948637954,0.08702772593207385,0.005269188925157048,0.13737470459877457
2025-08-05 08:00:00+00:00,12551.744327378587,-0.013602218263779069,-0.011482033203088736,0.00314621467943111,0.23930787218408484,0.30517503855539524,0.3079555787362834,0.05913514013118767,0.08842637039304901,-0.011482033203088736,0.12589267139568583
2025-08-05 10:00:00+00:00,12825.84566420383,0.02183770874199211,0.014697018334957603,0.008366866542200174,0.23999431704625432,0.3120481465782459,0.3002961218902999,0.05842773043497088,0.08923368405022895,0.014697018334957603,0.14058968973064342
2025-08-05 12:00:00+00:00,12857.620239299396,0.002477386359345213,0.001621908576622165,0.010145662063092305,0.24055237160560444,0.3027391567392472,0.3096242804635521,0.05868717936546085,0.08839701182613538,0.001621908576622165,0.1422115983072656
2025-08-05 14:00:00+00:00,12681.794991642357,-0.013674789298849268,-0.011255582669100483,0.0018030149336901793,0.23969553480732017,0.30225851537110293,0.3093210211574564,0.058524901904294935,0.09020002675982561,-0.011255582669100483,0.1309560156381651
2025-08-05 16:00:00+00:00,12508.076877616715,-0.013698227588454693,-0.011016294252128448,0.0018757951160900087,0.23795200691131474,0.3021262481510183,0.30992861276169814,0.059267079236814325,0.09072605293915444,-0.011016294252128448,0.11993972138603666
2025-08-05 18:00:00+00:00,12525.897144771507,0.001424700801662212,0.0008909559210906737,0.023678675382850987,0.23034322467710733,0.28605635500237475,0.3276444210604244,0.062267410746329216,0.0936885885137643,0.0008909559210906737,0.12083067730712733
2025-08-05 20:00:00+00:00,12459.407845333408,-0.005308146687588924,-0.004138517694613333,0.017955978585394012,0.23537725237767024,0.2989783058872058,0.31292670246333654,0.060698153022988484,0.09201958624879884,-0.004138517694613333,0.116692159612514
2025-08-05 22:00:00+00:00,12477.607548018812,0.0014607197156821573,0.0009286001747432314,0.0018967002490597254,0.2364543041787708,0.29921644633548766,0.3135082104630139,0.060231812843103284,0.0905892261796244,0.0009286001747432314,0.11762075978725724
2025-08-06 00:00:00+00:00,12525.56290760381,0.003843313664133598,0.00264597579003978,0.023486695624034267,0.23013759081444948,0.28204646407577477,0.33027317734182976,0.06304984772451466,0.09449292004343149,0.00264597579003978,0.12026673557729702
2025-08-06 02:00:00+00:00,12428.271776084735,-0.007767405923131193,-0.006074970024129849,0.010653885811876145,0.23584425216301388,0.2869936885390864,0.3239643140002255,0.060885834280260565,0.09231191101741358,-0.006074970024129849,0.11419176555316717
2025-08-06 04:00:00+00:00,12405.88888152133,-0.001800965972314518,-0.0014689536633286043,0.014404426673565528,0.23068556456869377,0.277747949459841,0.3330792599814032,0.06350081675114286,0.09498640923891913,-0.0014689536633286043,0.11272281188983856
2025-08-06 06:00:00+00:00,12499.274036376706,0.007527485998562521,0.0052735996132331295,0.004292082174948045,0.22723484827285864,0.2769065835807281,0.33535194808918056,0.06450173031785418,0.09600488973937853,0.0052735996132331295,0.11799641150307169
2025-08-06 08:00:00+00:00,12498.744752267,-4.2345188061688755e-05,-0.00017316046927094171,0.012982455794154496,0.23110371607959448,0.2860201715681468,0.32642344989493177,0.06314610082255122,0.09330656163477581,-0.00017316046927094171,0.11782325103380074
2025-08-06 10:00:00+00:00,12447.290380500435,-0.004116763145933634,-0.0032426323460117397,0.015974068328954837,0.2268421958331544,0.27430762348563204,0.33742539775076485,0.06538024015212532,0.09604454277832346,-0.0032426323460117397,0.114580618687789
2025-08-06 12:00:00+00:00,12410.23350720489,-0.0029771036235803857,-0.002366314555905626,0.008528937324468827,0.22466813438464514,0.27617594944119256,0.33107052187480523,0.06947527275071112,0.0986101215486459,-0.002366314555905626,0.11221430413188338
2025-08-06 14:00:00+00:00,12364.27367545351,-0.003703381707096566,-0.002915831067835035,0.011909344340564947,0.22131806558845318,0.26761667389681965,0.3410807458674288,0.07106848532857117,0.0989160293187273,-0.002915831067835035,0.10929847306404834
2025-08-06 16:00:00+00:00,12554.527153953919,0.015387355820027988,0.010699027352474586,0.0037533336505781167,0.22336008827078405,0.26932798486506687,0.33827585747282596,0.07036811871828909,0.09866795067303409,0.010699027352474586,0.11999750041652293
2025-08-06 18:00:00+00:00,12587.5634530009,0.002631425193626326,0.0017713826505955945,0.008168180163606036,0.22416512122686752,0.2759673820922056,0.33059091733724466,0.07109186869867296,0.0981847106450094,0.0017713826505955945,0.12176888306711853
2025-08-06 20:00:00+00:00,12635.549957186187,0.0038122154747787084,0.0026186414213068025,0.00828575003442901,0.22547920322277018,0.28293905013073184,0.3289106590561338,0.06725557582664565,0.09541551176371842,0.0026186414213068025,0.12438752448842533
2025-08-06 22:00:00+00:00,12581.660907217298,-0.004264875700027632,-0.003378659179980037,0.006306135197064799,0.23076248696916346,0.28020179762347497,0.32534177636632594,0.0678653964184885,0.09582854262254714,-0.003378659179980037,0.12100886530844529
2025-08-07 00:00:00+00:00,12595.871740905359,0.0011294878945520175,0.0006839346941354088,0.011183760725197764,0.22392875228779502,0.27585177157964563,0.331874133122374,0.0711511538557339,0.09719418915445142,0.0006839346941354088,0.1216928000025807
2025-08-07 02:00:00+00:00,12566.03666466719,-0.002368639253548373,-0.0019298003655789234,0.015756061425511725,0.2276217821942188,0.2879148030987335,0.32299890958306754,0.06671335795002059,0.09475114717395942,-0.0019298003655789234,0.11976299963700178
2025-08-07 04:00:00+00:00,12564.64616104039,-0.00011065570345749727,-0.0002284848316883651,0.024625034658444428,0.22111400184921692,0.269797548785291,0.3409610969310604,0.07057112627497929,0.09755622615945231,-0.0002284848316883651,0.11953451480531341
2025-08-07 06:00:00+00:00,12675.265932187029,0.008804049849779406,0.006177191856513573,0.0037484317951719456,0.22294896954756374,0.26610546315314054,0.34090475076803894,0.07085525514650833,0.09918556138474842,0.006177191856513573,0.125711706661827
2025-08-07 08:00:00+00:00,12619.25406055569,-0.004418989860331501,-0.0035264737223399878,0.009065186222818433,0.22615608606466,0.27196353285886266,0.33453170618004796,0.06959549305818966,0.09775318183823958,-0.0035264737223399878,0.122185232939487
2025-08-07 10:00:00+00:00,12600.516557275212,-0.0014848344593557743,-0.001267975105374662,0.0059051795986700475,0.22951558966947172,0.2729199197405949,0.3361209952921741,0.06577616869051388,0.09566732660724533,-0.001267975105374662,0.12091725783411235
2025-08-07 12:00:00+00:00,12845.398437184736,0.019434273094791184,0.013144073978952443,0.0013069750816694925,0.22829482820287553,0.2729381098340413,0.3360347816771008,0.06662889134331554,0.09610338894266675,0.013144073978952443,0.1340613318130648
2025-08-07 14:00:00+00:00,12846.581868050911,9.21287784075351e-05,-0.00011386376163745397,0.015998326338279627,0.2349845172603052,0.2822467471148913,0.32329469561017654,0.06546149924004908,0.09401254077457787,-0.00011386376163745397,0.13394746805142732
2025-08-07 16:00:00+00:00,12857.884296231014,0.0008798004244389833,0.0004652349955149506,0.010689574894380303,0.23720750879226293,0.29071333047731385,0.3178176656134087,0.061876804708181736,0.09238469040883276,0.0004652349955149506,0.13441270304694228
2025-08-07 18:00:00+00:00,12854.116147588009,-0.000293061327679672,-0.0003998795530266827,0.00627576388151381,0.23493479535933537,0.29677332960066066,0.31567639704509853,0.0620925694663488,0.09052290852855674,-0.0003998795530266827,0.1340128234939156
2025-08-07 20:00:00+00:00,12948.6050229889,0.007350865226048299,0.005060696697618444,0.013151573889116547,0.23333111398305378,0.2852254370878257,0.32348142662891516,0.06454747439045505,0.09341454790975043,0.005060696697618444,0.13907352019153404
2025-08-07 22:00:00+00:00,12936.040481518196,-0.0009703393877871874,-0.0009189894130252419,0.021138993610287878,0.23595885160052807,0.3037366930806393,0.30949904492077623,0.06082867506039416,0.08997673533766233,-0.0009189894130252419,0.1381545307785088
2025-08-08 00:00:00+00:00,13022.711231820529,0.0066999442701312925,0.004606797151230944,0.011513218278325792,0.23287498131250153,0.29530734509033996,0.3164161858043685,0.06345947678657753,0.09194201100621245,0.004606797151230944,0.14276132792973975
2025-08-08 02:00:00+00:00,12958.166344421137,-0.004956332537089409,-0.004005982047643047,0.008689514495951164,0.23569390941461207,0.3011779314841806,0.3112591969902877,0.06143264296932739,0.09043631914159221,-0.004005982047643047,0.1387553458820967
2025-08-08 04:00:00+00:00,12984.254340508762,0.0020132475069558954,0.0012897098623354114,0.01102817891310601,0.24113357619470988,0.30676644361718886,0.30376780317129787,0.059632967560654955,0.08869920945614852,0.0012897098623354114,0.1400450557444321
2025-08-08 06:00:00+00:00,12881.99741872728,-0.00787545584827746,-0.0063494271589416805,0.007460330561891715,0.2391007321010861,0.3130564118358562,0.2986011198568177,0.05937216440686716,0.08986957179937287,-0.0063494271589416805,0.13369562858549042
2025-08-08 08:00:00+00:00,12993.426742643816,0.008650003589858263,0.00597159759300092,0.0016034790225526938,0.2394625106747347,0.31346517641229005,0.296997640834265,0.05941679230743644,0.09065787977127382,0.00597159759300092,0.13966722617849134
2025-08-08 10:00:00+00:00,12966.842951542645,-0.002045941507787523,-0.0017386946888278052,0.0200071174212382,0.23624253236789103,0.29678255370213114,0.3160039322391251,0.06041761832381455,0.09055336336703822,-0.0017386946888278052,0.13792853148966353
2025-08-08 12:00:00+00:00,12981.338878809816,0.0011179226370938255,0.0006379744070816071,0.003263973616697797,0.23816126624578993,0.29663612308308746,0.3128863892414709,0.060448672663707965,0.09186754876594361,0.0006379744070816071,0.13856650589674513
2025-08-08 14:00:00+00:00,13124.537011173223,0.011031075738817557,0.007547330726069109,0.002830019373049518,0.23810412726051036,0.2994596661306753,0.311134389342694,0.06045514898916971,0.09084666827695063,0.007547330726069109,0.14611383662281424
2025-08-08 16:00:00+00:00,12979.437568226052,-0.011055585642651104,-0.00903607688661213,0.0018595255365418985,0.2395036681707534,0.29862773645295826,0.31159437396899287,0.06010114686290648,0.09017307454438903,-0.00903607688661213,0.13707775973620212
2025-08-08 18:00:00+00:00,13140.610869581405,0.01241758747312059,0.008393746841924987,0.011106085766510804,0.23729078429795472,0.2897345345592461,0.31959158795457276,0.06017671680969249,0.09320637637853388,0.008393746841924987,0.1454715065781271
2025-08-08 20:00:00+00:00,13238.74813188657,0.007468242023081111,0.005059102817797298,0.019987688955938977,0.2414091523655001,0.3056038554476397,0.30517591108662434,0.05940460787200962,0.08840647322822619,0.005059102817797298,0.1505306093959244
2025-08-08 22:00:00+00:00,13202.047418202492,-0.0027722193457009815,-0.002311646263443985,0.012707773961030941,0.2376875511187059,0.296617682733403,0.3150889070607423,0.05971195999771415,0.09089389908943474,-0.002311646263443985,0.1482189631324804
2025-08-09 00:00:00+00:00,13133.116921833507,-0.005221197454111927,-0.004214269752604984,0.0016824561310819532,0.23765500330661074,0.295392384622727,0.31589995304778457,0.059287349789403365,0.0917653092334744,-0.004214269752604984,0.14400469337987543
2025-08-09 02:00:00+00:00,13146.380476814975,0.0010099319956116597,0.0005368706848405346,0.001357365490578747,0.23765589671304935,0.29497974303578606,0.3163711082978704,0.06017266662345768,0.0908205853298366,0.0005368706848405346,0.14454156406471597
2025-08-09 04:00:00+00:00,13145.532790911211,-6.448055457233911e-05,-0.0002562545638675567,0.001953945327994356,0.23649223713338755,0.29634627538589675,0.3159955110308582,0.059757978142137264,0.0914079983077202,-0.0002562545638675567,0.14428530950084842
2025-08-09 06:00:00+00:00,13355.645467795108,0.015983580142842835,0.010542652545277753,0.008356627098211049,0.2363551537917948,0.3042471753842015,0.3080866352814413,0.06021370524204356,0.09109733030051877,0.010542652545277753,0.15482796204612617
2025-08-09 08:00:00+00:00,13356.841618963792,8.956146459333528e-05,-0.00016829574453394952,0.011402205511278095,0.23468389188354397,0.2945162317811743,0.3180030303764024,0.06076759374699628,0.09202925221188316,-0.00016829574453394952,0.15465966630159222
2025-08-09 10:00:00+00:00,13428.309194220108,0.0053506343262204,0.003583711100408068,0.015499356897794622,0.23948913411285935,0.30521034644965356,0.3074762650350465,0.05855577849049262,0.08926847591194809,0.003583711100408068,0.15824337740200028
2025-08-09 12:00:00+00:00,13385.861045359128,-0.0031610940921177324,-0.0026397865403054305,0.002139208835589799,0.2395166976657185,0.3031385217534066,0.30740888089570356,0.059723867693830514,0.09021203199134076,-0.0026397865403054305,0.15560359086169484
2025-08-09 14:00:00+00:00,13260.921095911865,-0.00933372526607686,-0.00761024607394187,0.009092137929049154,0.23400739082591346,0.2995556906641625,0.31306034927501925,0.06077352354578974,0.09260304568911498,-0.00761024607394187,0.14799334478775297
2025-08-09 16:00:00+00:00,13261.125701481353,1.542921249647433e-05,-0.00020554924987381285,0.009488696527747382,0.2369685222666832,0.3060832557511402,0.3065069185721612,0.06008998053960964,0.09035132287040579,-0.00020554924987381285,0.14778779553787916
2025-08-09 18:00:00+00:00,13311.644744981017,0.0038095592061253565,0.0025401118945233814,0.00479204539914347,0.2347958089622396,0.30346392365644037,0.3099604401069559,0.060723091252385585,0.09105673602197868,0.0025401118945233814,0.15032790743240254
2025-08-09 20:00:00+00:00,13316.530766747983,0.00036704869011830265,4.9158950458963045e-05,0.013474507657720628,0.23292631688454546,0.2918589080764138,0.3188090007594679,0.06225664593667617,0.09414912834289665,4.9158950458963045e-05,0.1503770663828615
2025-08-09 22:00:00+00:00,13332.512835277215,0.0012001675818704104,0.0006640332348660782,0.009165850222220974,0.23541388143830624,0.29853719374487403,0.31352986278566014,0.061417222445534075,0.09110183958562557,0.0006640332348660782,0.15104109961772758
2025-08-10 00:00:00+00:00,13253.879528231224,-0.005897860967208735,-0.00480022371966336,0.01627778375817622,0.2330223831669394,0.2846509082580646,0.3253103789069047,0.06271006247906989,0.0943062671890214,-0.00480022371966336,0.14624087589806423
2025-08-10 02:00:00+00:00,13351.01866343686,0.007329109563635795,0.005009076474387236,0.005035195650159776,0.23403120132176028,0.2886772857534035,0.32185085024406457,0.06228516784033706,0.09315549484043456,0.005009076474387236,0.15124995237245145
2025-08-10 04:00:00+00:00,13397.139821827604,0.003454504824942702,0.0022968334186217964,0.006305863928652997,0.23501540545009508,0.2939989455537217,0.3178337686864769,0.06160683688311764,0.09154504342658865,0.0022968334186217964,0.15354678579107325
2025-08-10 06:00:00+00:00,13333.850367345596,-0.004724101959351985,-0.003882063641813923,0.004652391913096427,0.23438076129763552,0.28998119779308484,0.3206360997934596,0.0619649844660945,0.09303695664972554,-0.003882063641813923,0.14966472214925933
2025-08-10 08:00:00+00:00,13188.75926247556,-0.01088141091078712,-0.008947177448306178,0.0035090429589487993,0.23648754069382316,0.2911686410240926,0.3175851569142077,0.062179804797847904,0.09257885657002866,-0.008947177448306178,0.14071754470095316
2025-08-10 10:00:00+00:00,13294.057063661852,0.00798390501264848,0.005469914765085682,0.021574013600267734,0.2294313803857127,0.2766507877319354,0.3310560545702723,0.06651692138864591,0.09634485592343382,0.005469914765085682,0.14618745946603884
2025-08-10 12:00:00+00:00,13302.747236071702,0.0006536885142160473,0.0002723763060346074,0.00402315759562813,0.2259955029169285,0.2780952724970553,0.3304687744434283,0.0681464323167858,0.0972940178258021,0.0002723763060346074,0.14645983577207344
2025-08-10 14:00:00+00:00,13241.202410368067,-0.004626474863534235,-0.0037671547264984946,0.011038291043034366,0.23053547433242833,0.2845935921245898,0.3238871618650148,0.06660378335442227,0.09437998832354473,-0.0037671547264984946,0.14269268104557495
2025-08-10 16:00:00+00:00,13432.707766049618,0.014462837267074747,0.00966764298168754,0.016183744665755673,0.2258541662183675,0.273091155572895,0.337736733485782,0.06681979874180807,0.09649814598114749,0.00966764298168754,0.1523603240272625
2025-08-10 18:00:00+00:00,13405.70892706106,-0.002009932729780483,-0.0017396249529819184,0.005221347912009358,0.2292534054122673,0.2702632245508339,0.33534331659583366,0.06852874349059453,0.09661130995047057,-0.0017396249529819184,0.15062069907428058
2025-08-10 20:00:00+00:00,13468.459047979984,0.004680850618220925,0.003150908920531927,0.005533174982899132,0.2255865693738541,0.26953284295148916,0.34041158985266945,0.06739278614545333,0.09707621167653391,0.003150908920531927,0.15377160799481251
2025-08-10 22:00:00+00:00,13432.742304373816,-0.002651880477115484,-0.002243032492731346,0.0062299469915837735,0.22302412851025852,0.265865336823501,0.344184509259086,0.06825552024191704,0.09867050516523744,-0.002243032492731346,0.15152857550208118
2025-08-11 00:00:00+00:00,13460.276216706307,0.0020497610769711796,0.0012830887360059206,0.008199703835067004,0.22647691313852705,0.257665632988434,0.3453439576809232,0.07027863536701463,0.10023486082510112,0.0012830887360059206,0.1528116642380871
2025-08-11 02:00:00+00:00,13524.830161333994,0.004795885581275636,0.003244007523762133,0.013202125481139526,0.22440350852858934,0.2708677584695735,0.3390192653071076,0.06777637894457277,0.09793308875015679,0.003244007523762133,0.15605567176184923
2025-08-11 04:00:00+00:00,13665.373689556502,0.010391518898648078,0.006992489693313084,0.01044333131383332,0.2259588549388796,0.27861788553261463,0.3285759339932743,0.06890545754578041,0.0979418679894511,0.006992489693313084,0.16304816145516232
2025-08-11 06:00:00+00:00,13606.687727167353,-0.004294501103471268,-0.0035737894223943864,0.010741059685401379,0.2277576900239193,0.2698870683521726,0.33751815859363593,0.06799223258862906,0.0968448504416431,-0.0035737894223943864,0.15947437203276793
2025-08-11 08:00:00+00:00,13526.896013632098,-0.00586415409357423,-0.00482419471631855,0.01039428304894905,0.23098066257101432,0.27705837885402657,0.33173184620764556,0.0661545408844802,0.09407457148283324,-0.00482419471631855,0.15465017731644937
2025-08-11 10:00:00+00:00,13599.450556580254,0.005363724454969983,0.003634255931496579,0.010216590220915714,0.22787863898271354,0.26994381222141167,0.3346615997608387,0.06877236020207311,0.09874358883296294,0.003634255931496579,0.15828443324794594
2025-08-11 12:00:00+00:00,13519.289770427136,-0.005894413588226144,-0.0048493557204006416,0.022128843543307367,0.23150662042079898,0.28844467432663357,0.3188020877706693,0.06658751551422785,0.09465910196767018,-0.0048493557204006416,0.15343507752754532
2025-08-11 14:00:00+00:00,13581.708198234173,0.004616990157543269,0.0031217049229759117,0.007828644663636197,0.22993742259474048,0.28462766016469265,0.3266307324343055,0.06454841825348633,0.09425576655277491,0.0031217049229759117,0.15655678245052124
2025-08-11 16:00:00+00:00,13608.225184158378,0.0019524043321481718,0.0012076645759223875,0.00834579659139343,0.2265698982335679,0.27964938793447186,0.33303598333546086,0.0648932346646683,0.09585149583183109,0.0012076645759223875,0.15776444702644363
2025-08-11 18:00:00+00:00,13590.561588102988,-0.0012980088010267014,-0.0012285067882072487,0.0077519780739752076,0.22919922422003658,0.2731268733835334,0.3318065198124241,0.06781213851112958,0.09805524407287634,-0.0012285067882072487,0.1565359402382364
2025-08-11 20:00:00+00:00,13378.711288987502,-0.01558804599369434,-0.013289629116019714,0.006753567089286566,0.22627229964669412,0.27263070627037084,0.33856008690171063,0.06505908959706301,0.09747781758416135,-0.013289629116019714,0.14324631112221667
2025-08-11 22:00:00+00:00,13296.69654894832,-0.006130242163659831,-0.004933295349416088,0.00657456056551272,0.22856881353737252,0.27690875294520517,0.33270083833078606,0.06465788856546423,0.09716370662117199,-0.004933295349416088,0.13831301577280058
2025-08-12 00:00:00+00:00,13282.052085800411,-0.0011013610105335672,-0.0010165456128559843,0.008433347566351716,0.23038601152102017,0.2684754053788535,0.33827392444201093,0.06501822758034517,0.09784643107777029,-0.0010165456128559843,0.1372964701599446
2025-08-12 02:00:00+00:00,13377.446193735434,0.007182181436933736,0.004947206207635746,0.0046367999293907,0.22574921159162942,0.26970069181599116,0.3403553420026863,0.06630441799190331,0.09789033659778977,0.004947206207635746,0.14224367636758034
2025-08-12 04:00:00+00:00,13318.528715026321,-0.0044042396325767175,-0.003572723402641442,0.008611764336011282,0.2259784025001767,0.2610889274799798,0.3459293311012952,0.06649385046979125,0.10050948844875686,-0.003572723402641442,0.1386709529649389
2025-08-12 06:00:00+00:00,13303.869881053366,-0.001100634633645197,-0.0010199506786326945,0.0025683473221392375,0.2254073522929424,0.2616552876359819,0.34491391836575264,0.06849583763592856,0.09952760406939465,-0.0010199506786326945,0.1376510022863062
2025-08-12 08:00:00+00:00,13341.504617759887,0.0028288563435304058,0.001890867211759271,0.005480281540717301,0.2229838958453737,0.2585984625428332,0.3484090328547336,0.06931931712748264,0.1006892916295768,0.001890867211759271,0.13954186949806546
2025-08-12 10:00:00+00:00,13285.573997098854,-0.004192227358417962,-0.003414583735507038,0.006922450098038498,0.2197832915155524,0.26311902730526593,0.34468718708651647,0.07062299785805184,0.10178749623461339,-0.003414583735507038,0.13612728576255842
2025-08-12 12:00:00+00:00,13312.822723866097,0.002051001091348603,0.0013342251302393127,0.017345239946390915,0.22599228657543538,0.27425527219177387,0.33413891178957034,0.06722927393744112,0.09838425550577934,0.0013342251302393127,0.13746151089279773
2025-08-12 14:00:00+00:00,13460.593908350524,0.011099913786091079,0.007636474220402405,0.025615622875009084,0.2158694953053173,0.25876244058688275,0.350564916694282,0.07263658438367654,0.10216656302984119,0.007636474220402405,0.14509798511320013
2025-08-12 16:00:00+00:00,13702.190344631712,0.01794842322160163,0.011765270782352127,0.017156051561387622,0.2223361727091571,0.2694518147444307,0.3402986250932324,0.06858439708685449,0.09932899036632538,0.011765270782352127,0.15686325589555225
2025-08-12 18:00:00+00:00,13740.238514225366,0.0027767947048377584,0.0017794563489484788,0.00979100203592112,0.22437868073532427,0.2772003087541846,0.3332492337446304,0.06745683475904089,0.09771494200681982,0.0017794563489484788,0.15864271224450072
2025-08-12 20:00:00+00:00,13907.690155596689,0.012186953028359608,0.008034862415781423,0.0014484544918615394,0.22346514505245305,0.2782700929663041,0.33327382108388914,0.06781091769952421,0.09718002319782955,0.008034862415781423,0.16667757466028213
2025-08-12 22:00:00+00:00,14011.55447189877,0.007468121243719622,0.004955309059980542,0.009332926500659519,0.2267347517111714,0.28433341280824526,0.326647919571674,0.06616233176465947,0.09612158414424991,0.004955309059980542,0.17163288372026267
2025-08-13 00:00:00+00:00,14040.959095914975,0.0020985982729594416,0.0012532438728046183,0.012127551978987614,0.22877934410059683,0.29441637239780744,0.31845276799680466,0.06481965837558017,0.09353185712921092,0.0012532438728046183,0.1728861275930673
2025-08-13 02:00:00+00:00,13958.781046316402,-0.005852737625486144,-0.004839722337931056,0.0028066817820156034,0.22867009091796955,0.2918202050070258,0.32030140554187825,0.0647183971669735,0.09448990136615298,-0.004839722337931056,0.16804640525513623
2025-08-13 04:00:00+00:00,14108.330590577463,0.010713653560783257,0.007035831586795185,0.004880084835186135,0.2255760446368092,0.290034166453,0.32302451751710876,0.06643471317807666,0.09493055821500541,0.007035831586795185,0.17508223684193142
2025-08-13 06:00:00+00:00,14086.188618809514,-0.0015694253565858311,-0.001466348598105738,0.007126908891416504,0.22853044219672947,0.2845178716815209,0.3271970288486049,0.06549247981235372,0.09426217746079091,-0.001466348598105738,0.17361588824382568
2025-08-13 08:00:00+00:00,14117.355188392712,0.002212562278314309,0.0013330208741423768,0.003909494441202317,0.22556126771245952,0.2854880291850071,0.3262567088916726,0.06680164926127398,0.09589234494958677,0.0013330208741423768,0.17494890911796807
2025-08-13 10:00:00+00:00,14240.452067209177,0.008719542518677778,0.005749288529896318,0.012424781151355355,0.23018444483875952,0.2932896332100624,0.31934467212073653,0.06353523917731477,0.09364601065312664,0.005749288529896318,0.18069819764786438
2025-08-13 12:00:00+00:00,14221.144972223135,-0.0013557922806747278,-0.0013242576994837846,0.006857745368127683,0.2361981489409816,0.2941336744759681,0.3182959799248842,0.06156226187782763,0.08980993478033854,-0.0013242576994837846,0.1793739399483806
2025-08-13 14:00:00+00:00,14235.527596728685,0.0010113548897533655,0.00045161351462333983,0.008569312247737118,0.2377444343354367,0.30113715988659545,0.31098015629295944,0.06030877326201522,0.08982947622299317,0.00045161351462333983,0.17982555346300394
2025-08-13 16:00:00+00:00,14128.977307602037,-0.007484814904305485,-0.006268091052987732,0.0039249460506873245,0.23685316968929696,0.29810347848204793,0.3134391336539948,0.061465278770826956,0.09013893940383347,-0.006268091052987732,0.1735574624100162
2025-08-13 18:00:00+00:00,14199.301734985918,0.004977319012752933,0.0032863733166061397,0.004973952712670194,0.2371790296300249,0.29312952576937773,0.3169077284178134,0.06150759359760718,0.09127612258517687,0.0032863733166061397,0.17684383572662235
2025-08-13 20:00:00+00:00,14255.500374794488,0.003957845312217011,0.0025749768729055557,0.004014403336973619,0.23779303906600416,0.2965299196703721,0.31390045803994776,0.061095603286531436,0.09068097993714465,0.0025749768729055557,0.1794188125995279
2025-08-13 22:00:00+00:00,14203.2036610251,-0.0036685288060358335,-0.003139493147005839,0.005673114914462603,0.23553795399541877,0.29311188982649483,0.3187239042875806,0.06134512213243719,0.09128112975806861,-0.003139493147005839,0.17627931945252207
2025-08-14 00:00:00+00:00,14306.632132366021,0.007282052261542918,0.004848751575895151,0.003081816550978899,0.23660439006931153,0.29512727030358094,0.3169430660618981,0.060552110752443995,0.09077316281276535,0.004848751575895151,0.18112807102841721
2025-08-14 02:00:00+00:00,14320.942708636385,0.0010002756859868263,0.00044375398073943977,0.013267344847430758,0.2414136425418472,0.3035853626784761,0.30853127034620964,0.05914915618122569,0.0873205682522414,0.00044375398073943977,0.18157182500915667
2025-08-14 04:00:00+00:00,14411.233551453954,0.006304811397863996,0.004189721311559089,0.0021165662550499675,0.23965149965066795,0.3032691071763481,0.30974053489735565,0.059110988319482964,0.08822786995614537,0.004189721311559089,0.18576154632071576
2025-08-14 06:00:00+00:00,14271.48064876014,-0.009697497594139919,-0.008289215200243685,0.007193584442557709,0.23952966190750663,0.3104626916189057,0.30327488024308363,0.058925814315774656,0.08780695191472923,-0.008289215200243685,0.17747233112047206
2025-08-14 08:00:00+00:00,14226.775406674506,-0.0031324880147960716,-0.0027097364973644104,0.009202932838929548,0.23774361015027037,0.30304581053721247,0.3077916318537572,0.06053415522866908,0.09088479223009084,-0.0027097364973644104,0.17476259462310764
2025-08-14 10:00:00+00:00,14222.785775083183,-0.0002804311924015052,-0.0004973493388345759,0.017394073853516715,0.2329128750082133,0.2904824718257528,0.31995948339840014,0.062284341160686,0.0943608286069477,-0.0004973493388345759,0.17426524528427306
2025-08-14 12:00:00+00:00,14117.920027999573,-0.0073730806848910195,-0.006184006902576741,0.007048847110139533,0.23202072005806273,0.2949830458273926,0.3138027912384112,0.06375259615714797,0.0954408467189855,-0.006184006902576741,0.1680812383816963
2025-08-14 14:00:00+00:00,13773.501128870335,-0.0243958669865082,-0.022120293222024898,0.022030060589257,0.2270350568846049,0.27793864841159344,0.3322907397371239,0.06538923853569602,0.09734631643098175,-0.022120293222024898,0.1459609451596714
2025-08-14 16:00:00+00:00,13766.84721040338,-0.00048309564900726623,-0.0005655489806504614,0.0062165944174311025,0.22912497880379837,0.27656593414377406,0.32744685958751224,0.06659626043168468,0.10026596703323078,-0.0005655489806504614,0.14539539617902095
2025-08-14 18:00:00+00:00,13620.443780036776,-0.01063449227910157,-0.008451514450843038,0.019029486240583274,0.22412111678816143,0.26254030991882765,0.34358592618125505,0.06872331495078052,0.10102933216097533,-0.008451514450843038,0.1369438817281779
2025-08-14 20:00:00+00:00,13645.233674740675,0.001820050440664248,0.0011139703514328656,0.01198996733751631,0.22610377709779125,0.27254761694671414,0.33485266998661106,0.06694939897699599,0.09954653699188754,0.0011139703514328656,0.13805785207961077
2025-08-14 22:00:00+00:00,13552.94402280628,-0.006763508352754553,-0.005286822931244239,0.013062346018750726,0.22433634022577897,0.2612527077999757,0.34497125842231463,0.06877274316745409,0.10066695038447662,-0.005286822931244239,0.13277102914836653
2025-08-15 00:00:00+00:00,13645.102017926249,0.00679985064240577,0.00457821002004797,0.013229885548728983,0.2246066295836825,0.24802282225124675,0.350598572017606,0.07186662731652815,0.10490534883093663,0.00457821002004797,0.1373492391684145
2025-08-15 02:00:00+00:00,13732.834731687848,0.0064296121528694,0.004311577678242825,0.02164515423387918,0.22768158868132093,0.2665930173874875,0.3355582408602887,0.06928194838557249,0.10088520468533045,0.004311577678242825,0.14166081684665732
2025-08-15 04:00:00+00:00,13797.393159249155,0.004701027051053255,0.003121729962755585,0.022763150354208728,0.21983997426970456,0.2516714814448951,0.34956692020927455,0.07439833782780506,0.10452328624832072,0.003121729962755585,0.1447825468094129
2025-08-15 06:00:00+00:00,13767.477863779402,-0.002168184607372684,-0.0018109638595683398,0.0060946821819648014,0.2198168248001372,0.2577661636268599,0.34638965625941187,0.07280060041554255,0.10322675489804845,-0.0018109638595683398,0.14297158294984458
2025-08-15 08:00:00+00:00,13749.017906930621,-0.001340837953867131,-0.001192512803503661,0.02124435487432442,0.2155033342043026,0.2408352993483702,0.3548370188690108,0.08051794317055354,0.10830640440776305,-0.001192512803503661,0.14177907014634092
2025-08-15 10:00:00+00:00,13710.840116098361,-0.002776764936280629,-0.0022668868504636393,0.006870352820090055,0.2086329813842124,0.24306898935251708,0.3558632463142836,0.08279354636392253,0.10964123658506429,-0.0022668868504636393,0.13951218329587728
2025-08-15 12:00:00+00:00,13723.41061097687,0.000916828930398765,0.00047075789639880184,0.003178077773794745,0.2088227739657065,0.24071563418865655,0.35503852370434946,0.08517144371980953,0.11025162442147798,0.00047075789639880184,0.13998294119227608
2025-08-15 14:00:00+00:00,13539.556603811387,-0.013397107495889241,-0.010792244792952915,0.006071226539183482,0.20980672178666618,0.23464440764947306,0.35878448156745957,0.08629641768131117,0.11046797131509004,-0.010792244792952915,0.12919069639932318
2025-08-15 16:00:00+00:00,13365.809658975351,-0.012832543185877029,-0.010097819204761556,0.021335385274062223,0.20296060456182244,0.22015513960025457,0.36637337927514696,0.09369301445445981,0.11681786210831623,-0.010097819204761556,0.11909287719456163
2025-08-15 18:00:00+00:00,13431.721827210631,0.004931401083586362,0.0033404833739324714,0.022024030775919266,0.19606101319597707,0.20503070019018063,0.3673201524638689,0.10625525781797941,0.12533287633199391,0.0033404833739324714,0.1224333605684941
2025-08-15 20:00:00+00:00,13330.912881778866,-0.007505288356072228,-0.005762098464941168,0.026042171063841345,0.18619284495991753,0.18885669736239888,0.3765919788791682,0.11531957475797042,0.13303890404054503,-0.005762098464941168,0.11667126210355294
2025-08-15 22:00:00+00:00,13417.898253674677,0.006525087416534342,0.004449112217540577,0.007823793782067393,0.18286488473549023,0.18436086380475875,0.3801896932264126,0.1184991385614862,0.13408541967185217,0.004449112217540577,0.12112037432109352
2025-08-16 00:00:00+00:00,13454.389164340566,0.0027195697847757798,0.0017917917546023266,0.025646461407159288,0.17318126730141656,0.16839801983167318,0.3932877186992828,0.12661340985051656,0.13851958431711095,0.0017917917546023266,0.12291216607569584
2025-08-16 02:00:00+00:00,13549.206677523494,0.007047329464367882,0.004790958549083024,0.012827571965828663,0.16962547256542723,0.16066373952669127,0.39175022177442537,0.13409220195176666,0.1438683641816895,0.004790958549083024,0.12770312462477887
2025-08-16 04:00:00+00:00,13492.671151881903,-0.004172607812926621,-0.003254952417656251,0.0033495465609876818,0.16864642448733946,0.15845635786801976,0.3915871049501969,0.13601245952730934,0.14529765316713442,-0.003254952417656251,0.12444817220712262
2025-08-16 06:00:00+00:00,13449.884067392251,-0.003171135204290791,-0.002495290672769747,0.007169277917238731,0.16408568566314238,0.15584781877497816,0.3960421529267209,0.13816458431314124,0.14585975832201728,-0.002495290672769747,0.12195288153435288
2025-08-16 08:00:00+00:00,13465.991093185072,0.0011975587084703536,0.0007129188439395994,0.023372485450791902,0.15446350867577296,0.14209751031155568,0.39973179985589374,0.1504895455279678,0.15321763562880977,0.0007129188439395994,0.12266580037829249
2025-08-16 10:00:00+00:00,13400.836301374815,-0.0048384698429832385,-0.0037584968472698355,0.005182908660927396,0.15372731635917894,0.14516479615293654,0.4018474226754403,0.14844819382453045,0.1508122709879138,-0.0037584968472698355,0.11890730353102265
2025-08-16 12:00:00+00:00,13343.106890633404,-0.0043078961225343024,-0.0033447149196669315,0.017894557951494874,0.1447893010165811,0.13720743332653715,0.40084824289294263,0.160385918301935,0.1567691044620041,-0.0033447149196669315,0.11556258861135571
2025-08-16 14:00:00+00:00,13386.669223663845,0.003264781837356144,0.002215697849963971,0.017220874275275508,0.1397555352872033,0.1292059368876077,0.3966626307859744,0.16943944069382785,0.16493645634538678,0.002215697849963971,0.11777828646131969
2025-08-16 16:00:00+00:00,13438.624041801688,0.0038810862709600037,0.0026519065842512267,0.018234327517320334,0.15033336735667546,0.1368624323354559,0.3948556401581115,0.15769122685489623,0.16025733329486103,0.0026519065842512267,0.12043019304557091
2025-08-16 18:00:00+00:00,13468.375515442402,0.002213877964601824,0.0014586463428624718,0.008172818010603808,0.14871313735512587,0.1412894968760414,0.3986013936281297,0.15461777146765107,0.15677820067305187,0.0014586463428624718,0.12188883938843338
2025-08-16 20:00:00+00:00,13501.549989429108,0.0024631384793711436,0.0016380188363115716,0.01220473074606429,0.15441355497139678,0.14779381000583475,0.3985932693698661,0.14727886679467342,0.15192049885822878,0.0016380188363115716,0.12352685822474495
2025-08-16 22:00:00+00:00,13489.501447232537,-0.0008923821491610078,-0.0008176932750389999,0.007903083053997104,0.15427434318677127,0.1400299387364632,0.3994785277305442,0.14966513473647605,0.1565520556097452,-0.0008176932750389999,0.12270916494970595
2025-08-17 00:00:00+00:00,13557.40417553669,0.005033746322632619,0.0034787271383145547,0.006584993028878536,0.15724785898283564,0.14364141596927738,0.3967191161222898,0.14811947080566015,0.15427213811993695,0.0034787271383145547,0.1261878920880205
2025-08-17 02:00:00+00:00,13530.178071295048,-0.00200820923306029,-0.001664582500376763,0.005734239211907369,0.15902925166675652,0.14759426249726387,0.3948637172736014,0.1448482145852623,0.15366455397711584,-0.001664582500376763,0.12452330958764374
2025-08-17 04:00:00+00:00,13573.735841045751,0.003219304987797153,0.002191524449044649,0.012599464017279738,0.16507584267038278,0.15414713551091735,0.39280247036628213,0.13804371510993155,0.14993083634248616,0.002191524449044649,0.12671483403668837
2025-08-17 06:00:00+00:00,13640.70120507411,0.004933451248245264,0.003413957629808826,0.005141576891074404,0.1682633631700982,0.1513196339568945,0.39129097123738926,0.13724113890177292,0.15188489273384517,0.003413957629808826,0.1301287916664972
2025-08-17 08:00:00+00:00,13709.573665046228,0.005049041023382193,0.0034890047815607293,0.024955007124834082,0.17367153381493608,0.17042473898119048,0.3917327026930894,0.12351245687665789,0.14065856763412604,0.0034890047815607293,0.13361779644805793
2025-08-17 10:00:00+00:00,13741.444055209358,0.002324681346173983,0.0015298557742168266,0.03125429354561189,0.18977150650225266,0.18557905983948586,0.3805344944851381,0.11080929663208423,0.1333056425410392,0.0015298557742168266,0.13514765222227476
2025-08-17 12:00:00+00:00,13754.479809272827,0.0009486451359184149,0.0005190948388883392,0.02280813042689856,0.19779343311425468,0.20036526365438234,0.3789413393644241,0.0990703275994397,0.1238296362674991,0.0005190948388883392,0.1356667470611631
2025-08-17 14:00:00+00:00,13718.36900304314,-0.0026253850912879443,-0.0021855565551070545,0.014262711804906424,0.20223271116904615,0.21018869740449733,0.37520357712224994,0.09365320187156444,0.11872181243264213,-0.0021855565551070545,0.13348119050605606
2025-08-17 16:00:00+00:00,13754.875892567232,0.002661168358715994,0.0017876517915185464,0.00986255263937668,0.20561508094815492,0.21666888026476525,0.36966283886844653,0.09138632912258539,0.11666687079604791,0.0017876517915185464,0.1352688422975746
2025-08-17 18:00:00+00:00,13692.811954602166,-0.00451214089096963,-0.0036697813398264187,0.015477811380346998,0.21296630424428,0.22479546834898717,0.3617689609180145,0.08689565443446273,0.11357361205425559,-0.0036697813398264187,0.13159906095774818
2025-08-17 20:00:00+00:00,13587.067993060298,-0.007722589187119351,-0.006233471064503909,0.012769289141615812,0.21513885215947884,0.2353922095754042,0.3564036922498096,0.0830354296085691,0.11002981640673835,-0.006233471064503909,0.12536558989324426
2025-08-17 22:00:00+00:00,13602.150259649567,0.0011100457138339646,0.0006681775136355703,0.005360744940140515,0.21257249975136236,0.23259781704338012,0.3599848840663601,0.08421367459804317,0.11063112454085429,0.0006681775136355703,0.12603376740687983
2025-08-18 00:00:00+00:00,13598.694740227209,-0.0002540421445429783,-0.00035541197713842164,0.010919784443399042,0.2168339194540012,0.23925618178414024,0.35606338276503224,0.08057176219288353,0.10727475380394266,-0.00035541197713842164,0.1256783554297414
2025-08-18 02:00:00+00:00,13427.433787190284,-0.012593925836889798,-0.01026157943962765,0.02746242661991579,0.22593682260178868,0.25761570525626853,0.3377281553926731,0.07516445282327733,0.10355486392599221,-0.01026157943962765,0.11541677599011375
2025-08-18 04:00:00+00:00,13241.5713593182,-0.013841991762372014,-0.011095677050094456,0.040255915221973554,0.21330893227813863,0.22998768035794506,0.36500853352917273,0.08196836808319428,0.1097264857515492,-0.011095677050094456,0.1043210989400193
2025-08-18 06:00:00+00:00,13273.619584162801,0.0024202735442004136,0.001672964834723726,0.011308135598058253,0.20853588901966003,0.2234525880183655,0.36962959674294305,0.08592541882381581,0.1124565073952157,0.001672964834723726,0.10599406377474302
2025-08-18 08:00:00+00:00,13170.514058335899,-0.007767702334178749,-0.006043511464719606,0.00829075915763694,0.2139285523579833,0.22410959706919725,0.361338837585306,0.08659891968136563,0.1140240933061477,-0.006043511464719606,0.09995055231002341
2025-08-18 10:00:00+00:00,13221.255328109944,0.0038526415559253613,0.0027313406432448485,0.019052346250713434,0.20608921943322545,0.21289658374324175,0.3729748292820428,0.09118671380339344,0.1168526537380966,0.0027313406432448485,0.10268189295326825
2025-08-18 12:00:00+00:00,13189.111251368924,-0.002431242415588044,-0.00192861853293532,0.02747120922609795,0.197085053365584,0.19442954058478526,0.3824892596859468,0.10073777558263822,0.12525837078104574,-0.00192861853293532,0.10075327442033294
2025-08-18 14:00:00+00:00,13227.438237213742,0.0029059566724664375,0.0020479856666198227,0.0024790591805854204,0.19850090631421025,0.1930033142943203,0.3814531027542097,0.10180098181459736,0.1252416948226624,0.0020479856666198227,0.10280126008695276
2025-08-18 16:00:00+00:00,13349.284769025964,0.009211650028304196,0.006580799117325175,0.004478982084035875,0.19564114965018858,0.1948825116540114,0.3798338773341955,0.10305831560021117,0.12658414576139337,0.006580799117325175,0.10938205920427793
2025-08-18 18:00:00+00:00,13351.967440654893,0.00020095995218814732,2.780891319541477e-05,0.004845342079190233,0.19263706737784259,0.19304125184716725,0.3826260070736764,0.10451707982996818,0.12717859387134578,2.780891319541477e-05,0.10940986811747334
2025-08-18 20:00:00+00:00,13354.680037897397,0.0002031608640868016,2.975913088418663e-05,0.00283999630870424,0.19487200006799157,0.19266192872332868,0.3812800743092123,0.10340233940956652,0.12778365748990095,2.975913088418663e-05,0.10943962724835753
2025-08-18 22:00:00+00:00,13378.842631079846,0.001809297797766764,0.0012262351303721176,0.011017236570584905,0.1866232375883258,0.1902458817505491,0.3877554359872987,0.10794421430206502,0.12743123037176143,0.0012262351303721176,0.11066586237872965
2025-08-19 00:00:00+00:00,13327.003630499537,-0.003874699928070195,-0.0030818822583409955,0.016224453829473663,0.19394866316445547,0.19914491000389303,0.3755325910527531,0.1055086453750304,0.12586519040386795,-0.0030818822583409955,0.10758398012038865
2025-08-19 02:00:00+00:00,13264.805640671118,-0.004667064822138644,-0.0036897742051290932,0.016120782975317847,0.19013687823157246,0.1902991686033501,0.3720693344108612,0.11382253651670038,0.13367208223751584,-0.0036897742051290932,0.10389420591525957
2025-08-19 04:00:00+00:00,13135.394599633708,-0.009755969634460657,-0.00769346953309492,0.007460025029453005,0.18735855126211598,0.18564166064777268,0.3792861529389786,0.11379834641228134,0.1339152887388515,-0.00769346953309492,0.09620073638216464
2025-08-19 06:00:00+00:00,13201.370876584748,0.0050227860648267555,0.0036315903640967468,0.031506530474966946,0.17449182912924055,0.1670018523056811,0.38262378670329295,0.1305052576982691,0.14537727416351628,0.0036315903640967468,0.09983232674626139
2025-08-19 08:00:00+00:00,13121.477883247066,-0.006051870982534653,-0.004729537215248617,0.010249025138070439,0.17812948598633077,0.17361322058666132,0.37813994447014726,0.12718269245540717,0.14293465650145346,-0.004729537215248617,0.09510278953101277
2025-08-19 10:00:00+00:00,13194.838560268548,0.005590885239775198,0.004056461988424915,0.008080314418621865,0.17489664861679083,0.16926776451586356,0.3862202588887692,0.1267107794656214,0.14290454851295514,0.004056461988424915,0.09915925151943768
2025-08-19 12:00:00+00:00,13239.167580805111,0.00335957278553178,0.002407846961313157,0.00932247150088232,0.17261183582989092,0.16307861143995112,0.3853717532506992,0.1326475822953881,0.14629021718407076,0.002407846961313157,0.10156709848075084
2025-08-19 14:00:00+00:00,13199.787028100458,-0.002974549001234074,-0.0023669602509136457,0.009508603716169212,0.17573967107075789,0.16390358102199576,0.3909275521439568,0.127502663744592,0.14192653201869762,-0.0023669602509136457,0.09920013822983718
2025-08-19 16:00:00+00:00,13024.977997218219,-0.013243322071037648,-0.010489176348061444,0.01272804507010046,0.1671441166524861,0.1597710903701671,0.3944576476770464,0.1338329107429679,0.1447942345573326,-0.010489176348061444,0.08871096188177574
2025-08-19 18:00:00+00:00,13017.181111373648,-0.000598610289110374,-0.0005195748578403245,0.017466476638581516,0.16048452694232498,0.14896420344174663,0.3989365204160222,0.14133113268419176,0.1502836165157144,-0.0005195748578403245,0.08819138702393542
2025-08-19 20:00:00+00:00,12943.028809474723,-0.005696494599290336,-0.004398517069906438,0.001150178963986337,0.16050714411339725,0.14957749577621202,0.39793035720343956,0.14118711693278804,0.15079788597416308,-0.004398517069906438,0.08379286995402899
2025-08-19 22:00:00+00:00,13038.349202032408,0.007364612561775888,0.005404415746518065,0.004341363749542276,0.16102928856190027,0.14523613202666977,0.3996252273412216,0.14131116077130773,0.15279819129890065,0.005404415746518065,0.08919728570054705
2025-08-20 00:00:00+00:00,12870.60425318082,-0.01286550515347765,-0.010004500428212238,0.007077867132903953,0.1630206108394978,0.1503226768819762,0.3962151672836929,0.14000512135077564,0.1504364236440575,-0.010004500428212238,0.07919278527233481
2025-08-20 02:00:00+00:00,12950.169547491212,0.006181939304887618,0.004523234918470048,0.023715844683376244,0.15483558557382612,0.1384855282053176,0.3925214965426469,0.15391719309403507,0.1602401965841743,0.004523234918470048,0.08371602019080486
2025-08-20 04:00:00+00:00,12984.958144359773,0.002686342965702736,0.0019370323477910626,0.007688711584629054,0.15021929178742968,0.135413110407085,0.39604691174488965,0.15794315136501033,0.16037753469558536,0.0019370323477910626,0.08565305253859593
2025-08-20 06:00:00+00:00,13030.355515318823,0.003496150734900047,0.002534428015530532,0.026501340951602684,0.15703446491416412,0.15092954660428423,0.4002166433725587,0.14121531502332543,0.15060403008566758,0.002534428015530532,0.08818748055412645
2025-08-20 08:00:00+00:00,13012.3947830806,-0.001378376224432891,-0.0011052208181231411,0.005629291445883602,0.1609249785594024,0.1485979462666586,0.3969189522643007,0.1412928924331285,0.15226523047650978,-0.0011052208181231411,0.08708225973600331
2025-08-20 10:00:00+00:00,13049.144507536099,0.0028242091535128438,0.0020427295518282464,0.02194741591838313,0.15300827638624742,0.13514779363627635,0.39633839114945485,0.15393426001212956,0.16157127881589192,0.0020427295518282464,0.08912498928783155
2025-08-20 12:00:00+00:00,13050.06407808888,7.046979610414659e-05,-1.8669573948668662e-05,0.014779251220183892,0.14822859728294568,0.12997215851107424,0.39151445415777475,0.1656935389050272,0.16459125114317813,-1.8669573948668662e-05,0.08910631971388289
2025-08-20 14:00:00+00:00,12918.553400979701,-0.010077397039757524,-0.007842072360709152,0.0071206649988782705,0.14879607822487467,0.13486622271067403,0.3931735740151242,0.16044182513584462,0.1627222999134824,-0.007842072360709152,0.08126424735317374
2025-08-20 16:00:00+00:00,13081.60636455487,0.012621611608835551,0.009249115557746998,0.01718486024605452,0.14230735363357644,0.12679938180710187,0.39054427926394003,0.17272155163147968,0.16762743366390181,0.009249115557746998,0.09051336291092074
2025-08-20 18:00:00+00:00,13220.039494640134,0.010582273019646454,0.007647232763252151,0.04412134713462545,0.12541455714358862,0.10592078009702498,0.3841943303293794,0.2016695036514391,0.18280082877856793,0.007647232763252151,0.09816059567417289
2025-08-20 20:00:00+00:00,13308.529414973445,0.006693619967564139,0.004800821657588595,0.09726596015869643,0.16440094171290723,0.161113111910087,0.38728157410569514,0.13872457635415908,0.14847979591715146,0.004800821657588595,0.10296141733176148
2025-08-20 22:00:00+00:00,13306.283347335788,-0.00016876903282265666,-0.00023222172731888205,0.013518718375124236,0.172475551565027,0.16655722043309154,0.38344811594749784,0.1306152993977956,0.14690381265658808,-0.00023222172731888205,0.1027291956044426
2025-08-21 00:00:00+00:00,13260.148735755267,-0.0034671298044887666,-0.0027258314380401304,0.00767434307837199,0.17856866974716384,0.16612191418858532,0.3850293408437329,0.12707928968956367,0.14320078553095417,-0.0027258314380401304,0.10000336416640247
2025-08-21 02:00:00+00:00,13332.110247847226,0.005426900823360992,0.003899149104814592,0.014559049592577512,0.18454423593038957,0.17470539759793713,0.3832496162654563,0.11906856315802967,0.1384321870481873,0.003899149104814592,0.10390251327121706
2025-08-21 04:00:00+00:00,13225.345168685568,-0.008008115532865257,-0.006267971502859612,0.012581976940477753,0.18641647758487112,0.18541513288393344,0.3811272451230622,0.11419714857096536,0.13284399583716808,-0.006267971502859612,0.09763454176835745
2025-08-21 06:00:00+00:00,13248.838173713559,0.0017763623352240548,0.001229771826043522,0.013368477932707248,0.19612294082770484,0.18896424757715022,0.3732230077676431,0.10873290799367713,0.13295689583382478,0.001229771826043522,0.09886431359440097
2025-08-21 08:00:00+00:00,13230.615495991236,-0.0013754170353199849,-0.0011318844564517565,0.006137793890433486,0.19420795315407616,0.1869324588592388,0.3793608016580765,0.1082862480641293,0.13121253826447915,-0.0011318844564517565,0.09773242913794922
2025-08-21 10:00:00+00:00,13145.816281939462,-0.006409317395511141,-0.004998297717709864,0.03894527726348393,0.2112859943273235,0.20879969494947545,0.36389968062521183,0.09466549829337446,0.12134913180461482,-0.004998297717709864,0.09273413142023935
2025-08-21 12:00:00+00:00,13116.499655964026,-0.0022301107323181696,-0.001765857921814997,0.013023257811506934,0.2045738224184792,0.21988374589111537,0.36583888749507876,0.09188652503826239,0.11781701915706416,-0.001765857921814997,0.09096827349842436
2025-08-21 14:00:00+00:00,13113.19843130159,-0.0002516848815633711,-0.0002658819536778923,0.005510819082068068,0.2089313004466019,0.21654663944555555,0.3669922285490242,0.09050833936592118,0.11702149219289719,-0.0002658819536778923,0.09070239154474646
2025-08-21 16:00:00+00:00,13047.631205244685,-0.005000094096066966,-0.0038937017296645582,0.029645888627802923,0.21865985205164548,0.23646397646831485,0.35537373862946503,0.08037465132215561,0.10912778152841894,-0.0038937017296645582,0.0868086898150819
2025-08-21 18:00:00+00:00,13062.493215653609,0.0011390581305632313,0.000792939685474846,0.0041163981685376425,0.21763644446500185,0.23337098588642086,0.35677926679338695,0.0823730601351701,0.1098402427200202,0.000792939685474846,0.08760162950055675
2025-08-21 20:00:00+00:00,13033.74660989516,-0.0022006982345451173,-0.0017422756385318502,0.005767745311723894,0.21822799730891546,0.22796385112891987,0.3618920371695674,0.08201244958094714,0.10990366481164998,-0.0017422756385318502,0.0858593538620249
2025-08-21 22:00:00+00:00,13086.49622914856,0.004047157032602844,0.002984776377718446,0.009375602972033416,0.21487398708627514,0.22194225837952677,0.3624997761068237,0.08581100430145822,0.11487297412591603,0.002984776377718446,0.08884413023974334
2025-08-22 00:00:00+00:00,13050.33290964571,-0.0027634073222977157,-0.0021847703062659904,0.008351121342773535,0.21259516510216733,0.21804698167751518,0.36993167911720376,0.08673022263385173,0.11269595146926192,-0.0021847703062659904,0.08665935993347736
2025-08-22 02:00:00+00:00,13108.338877795662,0.004444788385978964,0.003291006053631703,0.007847185463836198,0.20748280328854876,0.21531215802729764,0.37455792514742725,0.08859809963618856,0.11404901390053789,0.003291006053631703,0.08995036598710907
2025-08-22 04:00:00+00:00,13139.067012117934,0.0023441669160935586,0.0017057992361400572,0.013974488097162958,0.214729482782276,0.22203996663073328,0.3643531084009303,0.08606770425300228,0.11280973793305804,0.0017057992361400572,0.09165616522324913
2025-08-22 06:00:00+00:00,13183.288712920286,0.0033656652151609055,0.002475851978048391,0.004232918565737827,0.21387954874643791,0.2186569821008336,0.36801871575715195,0.08626054401515812,0.11318420938041847,0.002475851978048391,0.09413201720129752
2025-08-22 08:00:00+00:00,13216.58214759943,0.0025254271073132466,0.0018389905428872028,0.015088978781952707,0.2135320982603636,0.23374596088278626,0.35789760558051115,0.08466662347975704,0.11015771179658193,0.0018389905428872028,0.09597100774418472
2025-08-22 10:00:00+00:00,13209.50755197473,-0.0005352817805460178,-0.0005006388996951228,0.013514714356550078,0.2197721020783059,0.24102067142139408,0.3516959317780288,0.08053942041963216,0.10697187430263908,-0.0005006388996951228,0.0954703688444896
2025-08-22 12:00:00+00:00,13077.342537043956,-0.01000529462667336,-0.008000288396390609,0.024187570966928723,0.210510039928462,0.22609516260430923,0.3627254704424943,0.08768326839351315,0.11298605863122133,-0.008000288396390609,0.087470080448099
2025-08-22 14:00:00+00:00,13088.159911634699,0.0008271844650470609,0.0005657857391069099,0.01771634859611599,0.20333897146547253,0.21554988247118265,0.36569234520557103,0.09591991338167911,0.11949888747609455,0.0005657857391069099,0.08803586618720591
2025-08-22 16:00:00+00:00,13657.681011496381,0.04351422229762071,0.030307527065147073,0.014023023590822685,0.20834669701076208,0.22456518051671587,0.36112008553579333,0.09072850594127826,0.1152395309954505,0.030307527065147073,0.11834339325235298
2025-08-22 18:00:00+00:00,13935.259242658869,0.020323965022234425,0.012960314763549483,0.03116677032087737,0.21771283666789237,0.24636581118046288,0.3472729727055696,0.08163459981071694,0.10701377963535812,0.012960314763549483,0.13130370801590246
2025-08-22 20:00:00+00:00,13968.245229518821,0.0023670881384808503,0.0014415663855955393,0.047287067516391224,0.23368898911205124,0.2776767262526953,0.32588082799874346,0.06815905157658322,0.09459440505992682,0.0014415663855955393,0.132745274401498
2025-08-22 22:00:00+00:00,14016.565428980017,0.0034592891710606643,0.002174812996087704,0.0065397818728667595,0.23015447076365692,0.2831005040745683,0.32375984091325727,0.06927505562757696,0.0937101286209406,0.002174812996087704,0.1349200873975857
2025-08-23 00:00:00+00:00,13997.157253533482,-0.0013846598544325125,-0.0011447045492399468,0.01680324784961909,0.23592586848304373,0.2941323542048006,0.31327700823532484,0.06590011893682697,0.09076465014000393,-0.0011447045492399468,0.13377538284834575
2025-08-23 02:00:00+00:00,13887.371277500857,-0.007843448069064916,-0.005823557516706029,0.01594298054254814,0.23518667262938328,0.3100753347473487,0.3045654744658054,0.06214495515699048,0.08802756300047214,-0.005823557516706029,0.12795182533163973
2025-08-23 04:00:00+00:00,13724.298462471752,-0.011742525764634922,-0.008717600178183791,0.01903900724318386,0.228076732815283,0.2981462673182652,0.3168419807701638,0.06557717557275018,0.09135784352353798,-0.008717600178183791,0.11923422515345594
2025-08-23 06:00:00+00:00,13871.456164551108,0.010722420711102383,0.006940421868000097,0.009930064907248591,0.2349082008839982,0.3012448641567986,0.31008354529390253,0.06397412858492864,0.08978926108037215,0.006940421868000097,0.12617464702145603
2025-08-23 08:00:00+00:00,13807.23602002793,-0.00462966135359983,-0.0034038728592215317,0.02264530220324828,0.24424266035956044,0.31455570688448464,0.29671715155938083,0.059415683273579295,0.08506879792299495,-0.0034038728592215317,0.1227707741622345
2025-08-23 10:00:00+00:00,13834.71526134271,0.0019902058076590274,0.0012091921094733017,0.0037491697512340924,0.24100290445873787,0.3152326640163516,0.2979363483157032,0.058906269423167665,0.08692181378603962,0.0012091921094733017,0.1239799662717078
2025-08-23 12:00:00+00:00,13769.506624706491,-0.004713406485381411,-0.0034674696926181273,0.004336358155973084,0.24198942108740057,0.3120107759739499,0.30111396073590085,0.05907849853028046,0.0858073436724683,-0.0034674696926181273,0.12051249657908968
2025-08-23 14:00:00+00:00,13758.36435091298,-0.0008091992035154371,-0.0007039568678483448,0.006747189157793539,0.24547868945159862,0.3052635868161563,0.30383927569112107,0.059108694005077594,0.08630975403604638,-0.0007039568678483448,0.11980853971124134
2025-08-23 16:00:00+00:00,13781.350511790064,0.0016707044740794364,0.0010070131297555394,0.023429015300542384,0.23600510904639677,0.2913081519208158,0.32010610955481894,0.061189132419411006,0.09139149705855755,0.0010070131297555394,0.12081555284099688
2025-08-23 18:00:00+00:00,13792.533495944725,0.0008114577845686537,0.0004169412766480896,0.010038558563814429,0.23919812986969835,0.2981536896613286,0.31202913165866253,0.06053883730138774,0.09008021150892273,0.0004169412766480896,0.12123249411764496
2025-08-23 20:00:00+00:00,13799.098312827899,0.00047596889179965095,0.00018513819265470887,0.011515834687065057,0.23681509186249064,0.2890208929814713,0.3205466746172509,0.062278562692644826,0.0913387778461424,0.00018513819265470887,0.12141763231029967
2025-08-23 22:00:00+00:00,13774.391300402287,-0.0017904802085976306,-0.0014033741123904086,0.012894732292904373,0.23576854128885033,0.2771727112622072,0.3295388136064128,0.0635677963995162,0.09395213744301346,-0.0014033741123904086,0.12001425819790926
2025-08-24 00:00:00+00:00,13833.824136183744,0.004314734094981165,0.0028217847255614472,0.014114404962356109,0.22974069485990273,0.2690861527287987,0.33765671694546084,0.06668815335201518,0.09682828211382254,0.0028217847255614472,0.12283604292347071
2025-08-24 02:00:00+00:00,13836.505190169712,0.00019380425539427545,-1.3758675265762946e-05,0.007972702373296205,0.2292780182455577,0.2770588551020949,0.33360367242489014,0.06533342592635312,0.09472602830110408,-1.3758675265762946e-05,0.12282228424820495
2025-08-24 04:00:00+00:00,13819.991856966424,-0.001193461280599983,-0.0009913452175177855,0.011841178732904925,0.23432990880989985,0.2838481432706577,0.32490234916414185,0.06344515617820944,0.09347444257709117,-0.0009913452175177855,0.12183093903068716
2025-08-24 06:00:00+00:00,13819.001313449186,-7.167468168515334e-05,-0.00019727214358227266,0.004824364018666538,0.23296198272991572,0.28867250728932425,0.32228579682366915,0.06338010856886647,0.09269960458822442,-0.00019727214358227266,0.12163366688710489
2025-08-24 08:00:00+00:00,13719.381331414743,-0.0072089132763515,-0.005381112008035961,0.003743243321999698,0.23046473454995892,0.2874265121472813,0.3229180683614135,0.06464492073564167,0.09454576420570451,-0.005381112008035961,0.11625255487906894
2025-08-24 10:00:00+00:00,13744.321852164103,0.0018179041858287473,0.0011396818573526904,0.017582976540789108,0.22582915247306215,0.27447911768338895,0.33492950180098663,0.06665205538607398,0.09811017265648816,0.0011396818573526904,0.11739223673642163
2025-08-24 12:00:00+00:00,13659.352540612457,-0.006182139247435223,-0.004605802981007855,0.0037617241784898767,0.22499210092291388,0.2772834455242353,0.3320048291726451,0.06729414301337758,0.09842548136682822,-0.004605802981007855,0.11278643375541378
2025-08-24 14:00:00+00:00,13693.637732286448,0.002510015871693311,0.0016335896359045317,0.0009121258310620592,0.22466894073563537,0.2770750352940928,0.3316855929841883,0.06820626884443959,0.09836416214164394,0.0016335896359045317,0.1144200233913183
2025-08-24 16:00:00+00:00,13729.19223123338,0.0025964246785280805,0.0016932735395034392,0.008637620142636963,0.2215966043796776,0.2715097515074136,0.33690003068058194,0.06991065455494794,0.10008295887737892,0.0016932735395034392,0.11611329693082174
2025-08-24 18:00:00+00:00,13907.761248401606,0.013006520278883322,0.008652581198274287,0.0011304345389587037,0.22197871225686908,0.2714062423513217,0.3359178211988057,0.07065898121671518,0.10003824297628834,0.008652581198274287,0.12476587812909604
2025-08-24 20:00:00+00:00,13749.876136324305,-0.011352302448781664,-0.008569380788668063,0.005880519052501719,0.2197080884554789,0.2677963471002101,0.3398841758504577,0.07187719381384174,0.10073419478001143,-0.008569380788668063,0.11619649734042797
2025-08-24 22:00:00+00:00,13660.79423853431,-0.006478741837874369,-0.004796098533910762,0.012643727732428792,0.21601565390349306,0.25884505391976725,0.34650478214612185,0.07524114226573606,0.10339336776488187,-0.004796098533910762,0.11140039880651721
2025-08-25 00:00:00+00:00,13656.705930130867,-0.000299273111947659,-0.00033107660565151253,0.007922897649506482,0.21309506428282965,0.25384274589092415,0.3498457006666413,0.07797573216154047,0.10524075699806447,-0.00033107660565151253,0.1110693222008657
2025-08-25 02:00:00+00:00,13571.297214609469,-0.0062539763218420925,-0.004617938075721289,0.003957398648661244,0.21348540197309931,0.2568766159461227,0.34643245715420184,0.07850892306473342,0.1046966018618426,-0.004617938075721289,0.1064513841251444
2025-08-25 04:00:00+00:00,13570.42607892525,-6.418956643892573e-05,-0.00015331759584506378,0.0031284218432106672,0.21343574188273268,0.2554389345773119,0.34956087899741256,0.0778213255266902,0.10374311901585262,-0.00015331759584506378,0.10629806652929934
2025-08-25 06:00:00+00:00,13439.333807952882,-0.009660144066953993,-0.007129205336385929,0.02691754713305646,0.2033415192061694,0.2386156101208187,0.36467360816558025,0.0851278971075783,0.10824136539985325,-0.007129205336385929,0.0991688611929134
2025-08-25 08:00:00+00:00,13215.772331523154,-0.016634862979400953,-0.012293939742396934,0.004412555056380434,0.20466610976154206,0.23458804690935914,0.36768714319342705,0.0852023265807394,0.10785637355493248,-0.012293939742396934,0.08687492145051647
2025-08-25 10:00:00+00:00,13247.068682848372,0.002368106118971842,0.0015815083749547217,0.032888475020718066,0.19349469843143688,0.2128709832187462,0.38186820613357486,0.09563133416714321,0.11613477804909886,0.0015815083749547217,0.08845642982547118
2025-08-25 12:00:00+00:00,13159.90970112272,-0.006579491947414795,-0.004704271611923451,0.022167316588472076,0.18566003277546145,0.1985383322862496,0.3905616868662492,0.10353781245562094,0.1217021356164189,-0.004704271611923451,0.08375215821354773
2025-08-25 14:00:00+00:00,13196.11319710838,0.002751044407437778,0.0018592060117723023,0.024756280164861123,0.17852683351890744,0.18091525137794243,0.39565894788361206,0.11370161406817893,0.13119735315135914,0.0018592060117723023,0.08561136422532004
2025-08-25 16:00:00+00:00,13213.479275713793,0.0013159995178898397,0.0008616091122203653,0.010212099104179723,0.17420251958061278,0.17502746621205742,0.3991474188176308,0.1190534589455645,0.13256913644413462,0.0008616091122203653,0.0864729733375404
2025-08-25 18:00:00+00:00,13208.586235488792,-0.00037030672413382754,-0.0003180093070411908,0.004579436590892209,0.17194496171579307,0.17270558748598488,0.39998861405966546,0.12151327483224925,0.13384756190630737,-0.0003180093070411908,0.08615496403049921
2025-08-25 20:00:00+00:00,12958.367197251488,-0.01894366541401808,-0.013770375972165653,0.0030890025577916813,0.17177811461946463,0.1714722990300083,0.3982997470541788,0.12331148439880996,0.13513835489753834,-0.013770375972165653,0.07238458805833356
2025-08-25 22:00:00+00:00,12786.506235569012,-0.013262547593104787,-0.009274277432365878,0.02969521161172095,0.1582091441428601,0.15534605789489186,0.40512169516013924,0.13815428065429058,0.14316882214781823,-0.009274277432365878,0.06311031062596768
2025-08-26 00:00:00+00:00,12884.633637867222,0.007674293547462058,0.005273594683468308,0.05879141506221056,0.13363158326385413,0.12341994814042641,0.40283395073140016,0.175914313848652,0.16420020401566743,0.005273594683468308,0.06838390530943599
2025-08-26 02:00:00+00:00,12954.428781998955,0.005416928885475598,0.003700979789149142,0.019923039943899316,0.14050354890369451,0.13647102244448533,0.4027374616859965,0.1644290333631739,0.15585893360264985,0.003700979789149142,0.07208488509858513
2025-08-26 04:00:00+00:00,12949.82628932097,-0.0003552833363352074,-0.00026757048204334135,0.013511231980502164,0.1361243729165721,0.12842828687045107,0.401648141266651,0.17226264325226961,0.16153655569405628,-0.00026757048204334135,0.07181731461654178
2025-08-26 06:00:00+00:00,12997.567001520581,0.0036865909343494277,0.0025145476049995893,0.032376020345721915,0.12689543481911394,0.11003630541280074,0.3968930404760375,0.1910110091221485,0.17516421016989928,0.0025145476049995893,0.07433186222154137
2025-08-26 08:00:00+00:00,12985.419141768047,-0.0009346256688742449,-0.0006750709199691041,0.01007987094270936,0.13148090916647634,0.11553070200814775,0.3959126807627593,0.18583223955262487,0.17124346850999178,-0.0006750709199691041,0.07365679130157227
2025-08-26 10:00:00+00:00,12971.084800292097,-0.0011038797684891101,-0.0007923617633604055,0.009092046588402784,0.12620692044301252,0.11195719800681424,0.3956681268991538,0.19329445330529427,0.17287330134572512,-0.0007923617633604055,0.07286442953821186
2025-08-26 12:00:00+00:00,12973.712975341256,0.00020261798374016606,0.00011565753503136098,0.009958751519128013,0.12905564615295076,0.11886507705062008,0.39587027366453775,0.18683760596169519,0.1693713971701962,0.00011565753503136098,0.07298008707324322
2025-08-26 14:00:00+00:00,13065.013384759835,0.007037338469882275,0.00484961865304207,0.052755799872966413,0.11348515773646216,0.09402372131306082,0.38352631794561926,0.22171301672911692,0.18725178627574093,0.00484961865304207,0.07782970572628528
2025-08-26 16:00:00+00:00,13087.137219856715,0.001693364901002376,0.0011396849826518717,0.013359324594643333,0.11140988180702377,0.08818932216891949,0.37807666842455556,0.2321683788208033,0.19015574877869781,0.0011396849826518717,0.07896939070893716
2025-08-26 18:00:00+00:00,13140.186509554442,0.004053544240159446,0.002776416911220425,0.01456257782911679,0.11552214638991504,0.09793081080129029,0.37878549303841025,0.22090099687187678,0.1868605528985075,0.002776416911220425,0.08174580762015758
2025-08-26 20:00:00+00:00,13275.849628291446,0.010324291716739528,0.007074599636762817,0.035113688564588436,0.10650997152785113,0.08608052752361409,0.36453426261356203,0.2476338854437836,0.19524135289118924,0.007074599636762817,0.08882040725692039
2025-08-26 22:00:00+00:00,13257.527363897523,-0.0013801199099813142,-0.0010303873937443843,0.008257010330939049,0.10949061195334395,0.08074325212427941,0.36298886765767446,0.24625954546806678,0.20051772279663546,-0.0010303873937443843,0.08779001986317601
2025-08-27 00:00:00+00:00,13251.043224466062,-0.0004890911595715981,-0.00040472659164058136,0.05040141736225849,0.11823837915909043,0.10160183123970438,0.3837839386987615,0.2122127417125239,0.18416310918991982,-0.00040472659164058136,0.08738529327153544
2025-08-27 02:00:00+00:00,13220.404675259602,-0.0023121612908098884,-0.0016889552878638211,0.012077616758890644,0.12375304000980765,0.10816478714787771,0.38096612955942877,0.20599479292091355,0.18112125036197216,-0.0016889552878638211,0.08569633798367161
2025-08-27 04:00:00+00:00,13279.223114953702,0.004449064997546632,0.0030467341240057295,0.008839387091901262,0.12945355636115755,0.11027454200216337,0.3777526180269586,0.20036891736148257,0.18215036624823797,0.0030467341240057295,0.08874307210767735
2025-08-27 06:00:00+00:00,13265.159730880263,-0.0010590517194941401,-0.0008116154985750425,0.00749895002765863,0.1334845951622474,0.1104999505845302,0.38046843629798005,0.19286996733382394,0.18267705062141845,-0.0008116154985750425,0.0879314566091023
2025-08-27 08:00:00+00:00,13187.014259309535,-0.005891031329898884,-0.004262417272805287,0.03964678348176919,0.14903668046709345,0.13181961726995797,0.3832434677894754,0.16708780486379463,0.16881242960967854,-0.004262417272805287,0.08366903933629702
2025-08-27 10:00:00+00:00,13175.203928284476,-0.0008956031132461755,-0.0006850579829839761,0.0009515900538084182,0.14912586162222718,0.13166548385697713,0.3835525729121414,0.1676411086398033,0.16801497296885098,-0.0006850579829839761,0.08298398135331304
2025-08-27 12:00:00+00:00,13214.176333452182,0.0029580115328645194,0.002034019024187138,0.028894648164410217,0.15915294011274916,0.14480923703337173,0.38927638940963505,0.1486459409312797,0.1581154925129644,0.002034019024187138,0.08501800037750018
2025-08-27 14:00:00+00:00,13210.357194952003,-0.0002890182788398018,-0.0002604611275779253,0.04810893355937903,0.17932698671749656,0.1718856577087934,0.390134855688845,0.11863001343469144,0.1400224864501736,-0.0002604611275779253,0.08475753924992226
2025-08-27 16:00:00+00:00,13296.238978819463,0.006501094754673081,0.004520371847752687,0.023733673684747755,0.18682765749066133,0.18811866062037638,0.3840131250460765,0.10911518192966312,0.13192537491322265,0.004520371847752687,0.08927791109767494
2025-08-27 18:00:00+00:00,13308.37504429219,0.0009127442348215408,0.0005821595280927237,0.023494911724464773,0.19856722432955629,0.19987400550594614,0.3771992015388599,0.09946663494657086,0.12489293367906668,0.0005821595280927237,0.08986007062576766
2025-08-27 20:00:00+00:00,13214.703440071222,-0.007038545570681279,-0.005155470758059841,0.012119338056033414,0.20173609439954068,0.2088244734919952,0.37545465149064144,0.0944933110582451,0.11949146955957751,-0.005155470758059841,0.08470459986770781
2025-08-27 22:00:00+00:00,13169.135416922561,-0.0034482819349908812,-0.002526222927216986,0.02122743000812094,0.20764897043714556,0.2241390274625113,0.3668832969788404,0.08840221459377556,0.11292649052772716,-0.002526222927216986,0.08217837694049082
2025-08-28 00:00:00+00:00,13106.00732072124,-0.004793640144378727,-0.0034944356039679444,0.005601064180478871,0.2049622969559452,0.22122463676323284,0.3687311815905773,0.09023518774227349,0.11484669694797131,-0.0034944356039679444,0.07868394133652287
2025-08-28 02:00:00+00:00,13144.422085900122,0.002931080705116398,0.002049237160448507,0.00668496057008567,0.2077720872983681,0.22509980699089555,0.3662984113606104,0.08815677181150626,0.11267292253861966,0.002049237160448507,0.08073317849697138
2025-08-28 04:00:00+00:00,13191.47139089148,0.003579412216367338,0.002508408588679169,0.006856245698124867,0.2094720365612627,0.23025610342612582,0.36452505250391287,0.08569117808924476,0.11005562941945385,0.002508408588679169,0.08324158708565055
2025-08-28 06:00:00+00:00,13262.641501361079,0.005395160885444511,0.0037920904367227106,0.018369624787880748,0.21619449820382858,0.24190326657144073,0.35436651064744923,0.08119411680989076,0.10634160776739078,0.0037920904367227106,0.08703367752237326
2025-08-28 08:00:00+00:00,13287.948576057534,0.0019081473848070116,0.0013067132219198238,0.010218433183994,0.2222760416943489,0.24604015626491435,0.34933435351293246,0.07796081848404558,0.10438863004375866,0.0013067132219198238,0.08834039074429309
2025-08-28 10:00:00+00:00,13262.94380141931,-0.00188176335083648,-0.0014244731083610956,0.006246204743317663,0.22271558762795335,0.25184681507462753,0.3473502599482087,0.07611510888695065,0.10197222846225969,-0.0014244731083610956,0.086915917635932
2025-08-28 12:00:00+00:00,13287.121641647318,0.001822961824313872,0.0012522309910417311,0.01679186850358602,0.2259207288779644,0.2654335423282026,0.33634655495859617,0.07322961523862972,0.09906955859660721,0.0012522309910417311,0.08816814862697372
2025-08-28 14:00:00+00:00,13271.233365557502,-0.0011957650812810864,-0.0009309200616899756,0.004919487625840838,0.22647307542851644,0.2698006834034914,0.33452409228002455,0.07170341754584554,0.09749873134212216,-0.0009309200616899756,0.08723722856528375
2025-08-28 16:00:00+00:00,13171.23943206029,-0.007534637568556503,-0.005601556739183894,0.012103573699605914,0.23178848434679275,0.27658884818482105,0.3261709645344413,0.06952696257122142,0.09592474036272369,-0.005601556739183894,0.08163567182609986
2025-08-28 18:00:00+00:00,13156.917073373528,-0.0010873964261784422,-0.0008365788926403948,0.017409070925703617,0.22408350242580158,0.26688475918010857,0.3377050043150805,0.07293104513505051,0.09839568894395896,-0.0008365788926403948,0.08079909293345947
2025-08-28 20:00:00+00:00,13063.296002625453,-0.007115730092845398,-0.005264629169689965,0.00830459145562562,0.2232284429376941,0.25943522721259044,0.34101046081307196,0.0753777583577569,0.10094811067888673,-0.005264629169689965,0.0755344637637695
2025-08-28 22:00:00+00:00,13162.543143343039,0.007597404261347212,0.005449260696182235,0.001593534461110678,0.22372530355937542,0.2585434674341913,0.34030868613036036,0.0755784118160351,0.10184413106003784,0.005449260696182235,0.08098372445995174
2025-08-29 00:00:00+00:00,13218.00659702757,0.004213733856787549,0.0029981195724189686,0.007515085098678043,0.22516625963212655,0.2646175964601181,0.3363956196940458,0.07363992443703611,0.10018059977667323,0.0029981195724189686,0.0839818440323707
2025-08-29 02:00:00+00:00,13103.482564051208,-0.008664243896058845,-0.006440543644398635,0.012831900957129577,0.2305510031364562,0.27206475391291807,0.33151233733089414,0.06893709925979055,0.09693480635994091,-0.006440543644398635,0.07754130038797206
2025-08-29 04:00:00+00:00,13162.272028987158,0.004486552689224286,0.0032059852246136794,0.008511702658752299,0.23257343831269575,0.27855402139543084,0.32594846120765547,0.06727027522197566,0.09565380386224218,0.0032059852246136794,0.08074728561258575
2025-08-29 06:00:00+00:00,13125.611479298817,-0.0027852751871107555,-0.002078176972293776,0.015816504700567766,0.22781851104757117,0.26749244395998767,0.3348239228402198,0.07106751344745364,0.09879760870476767,-0.002078176972293776,0.07866910864029197
2025-08-29 08:00:00+00:00,12904.724289688738,-0.016828716129412603,-0.012543352584150248,0.0030038577205499933,0.2270165183070896,0.2654894483855384,0.33764396485270737,0.07086864404183457,0.09898142441283016,-0.012543352584150248,0.06612575605614172
2025-08-29 10:00:00+00:00,12860.236090605049,-0.003447435069902023,-0.0024916185469593182,0.040343966989642356,0.21457986024067072,0.23758213946231488,0.35660626851336913,0.08221374571260834,0.10901798607103694,-0.0024916185469593182,0.06363413750918241
2025-08-29 12:00:00+00:00,12861.737990213003,0.00011678631693648768,8.182920994995657e-05,0.02010908524556737,0.20831887479523645,0.22373403966218186,0.3662766683274344,0.08795740126875934,0.11371301594638814,8.182920994995657e-05,0.06371596671913236
2025-08-29 14:00:00+00:00,12827.276863852157,-0.0026793522296185038,-0.0019395705810648005,0.008348222883812137,0.2090744570835765,0.2227248536458624,0.3589376314599416,0.09126487521318005,0.11799818259743941,-0.0019395705810648005,0.06177639613806756
2025-08-29 16:00:00+00:00,12801.474048697457,-0.002011558293203683,-0.001454555336257764,0.008204157439771313,0.20668994751562653,0.21816067505771303,0.3669202174854052,0.09148644662748774,0.1167427133137674,-0.001454555336257764,0.0603218408018098
2025-08-29 18:00:00+00:00,12791.961126079206,-0.0007431115027897401,-0.0005335005058800912,0.019001153365302545,0.19894580842315243,0.20690366078488467,0.37472586359074844,0.09748913417312818,0.12193553302808637,-0.0005335005058800912,0.05978834029592971
2025-08-29 20:00:00+00:00,12798.543865207163,0.0005145996820251429,0.00038183262218110115,0.0036778163833517535,0.19859151900161057,0.20661278250965293,0.37169321490417023,0.10010018457017177,0.12300229901439447,0.00038183262218110115,0.06017017291811081
2025-08-29 22:00:00+00:00,12830.70044718164,0.0025125187922273333,0.0018403293319058593,0.014417444215252567,0.19249547170125056,0.1982913855947603,0.37982608966514264,0.10373429715330697,0.12565275588553937,0.0018403293319058593,0.06201050225001667
2025-08-30 00:00:00+00:00,12833.521612688482,0.00021987618824521773,0.0001624711985475354,0.007598220690670246,0.1887041619820467,0.194962847473015,0.3793477168154216,0.10876024083811243,0.12822503289140422,0.0001624711985475354,0.062172973448564206
2025-08-30 02:00:00+00:00,12677.975496412746,-0.012120298774573945,-0.008879129316697367,0.015132633620364655,0.18466439401693757,0.18386998181775946,0.38523445996650124,0.11300921524322045,0.1332219489555812,-0.008879129316697367,0.05329384413186684
2025-08-30 04:00:00+00:00,12859.073548624008,0.014284461447532005,0.010541000838689616,0.01715748059156314,0.1750811692772057,0.17629572596592816,0.3889237127110604,0.12323547854819991,0.1364639134976057,0.010541000838689616,0.06383484497055646
2025-08-30 06:00:00+00:00,12866.332151443386,0.0005644732330000414,0.0004053874249439188,0.010051627486352369,0.17101416095171448,0.1716601103351231,0.3875747091810044,0.12959042795397854,0.1401605915781795,0.0004053874249439188,0.06424023239550038
2025-08-30 08:00:00+00:00,12889.110578421374,0.0017703900932973674,0.0012793258572396569,0.004587435069719273,0.1741482772885732,0.17309715064057757,0.38759098760841043,0.12538182213292307,0.13978176232951567,0.0012793258572396569,0.06551955825274003
2025-08-30 10:00:00+00:00,12882.847559245538,-0.00048591554380189925,-0.00036008605209991354,0.011831861547409755,0.16891718781541287,0.16649637856632815,0.3944634197048254,0.12831165392714608,0.14181135998628744,-0.00036008605209991354,0.06515947220064011
2025-08-30 12:00:00+00:00,12880.248964459583,-0.0002017096588315613,-0.0001530147252663104,0.02203506859619092,0.15926901142100536,0.15687295412504298,0.39169995194432716,0.1422338614945174,0.14992422101510705,-0.0001530147252663104,0.0650064574753738
2025-08-30 14:00:00+00:00,12823.855917116229,-0.004378257555343783,-0.003205208705808787,0.03480019415076496,0.17525019340852363,0.17569196628828967,0.3797242386094603,0.12710244570746446,0.14223115598626188,-0.003205208705808787,0.06180124876956501
2025-08-30 16:00:00+00:00,12877.850523490182,0.004210481365584096,0.0030824082486965373,0.012947223444298842,0.16923147463084745,0.16876346162166703,0.3897332487610815,0.1288828724979585,0.1433889424884455,0.0030824082486965373,0.06488365701826154
2025-08-30 18:00:00+00:00,12839.787521175476,-0.002955695303752431,-0.002171327439251717,0.016082309213917234,0.16512718548099706,0.15688476034469007,0.3896339299739916,0.13839907375519714,0.14995505044512406,-0.002171327439251717,0.06271232957900982
2025-08-30 20:00:00+00:00,12849.789616343982,0.0007789922654102601,0.000571787785558007,0.0028118698962762423,0.16547370835706599,0.1578774045651942,0.3911066327736948,0.1367922511367819,0.14875000316726306,0.000571787785558007,0.06328411736456784
2025-08-30 22:00:00+00:00,12833.891991969696,-0.0012371894676054102,-0.0009117102412798564,0.005126410229734285,0.1676567614630619,0.16074849860809434,0.38730227250461896,0.13686451421762022,0.1474279532066047,-0.0009117102412798564,0.06237240712328798
2025-08-31 00:00:00+00:00,12890.958470034528,0.004446544984213581,0.0032808328772650887,0.0037092372924995426,0.16560909565807647,0.15908692712058017,0.3880366530858673,0.13749974194905132,0.14976758218642472,0.0032808328772650887,0.06565324000055307
2025-08-31 02:00:00+00:00,12981.318560232416,0.007009571119783889,0.005162193416880135,0.021845724499228343,0.175780274019088,0.170761473258797,0.3872896736841027,0.12439030638786382,0.1417782726501485,0.005162193416880135,0.07081543341743321
2025-08-31 04:00:00+00:00,13006.50191827611,0.0019399691893273675,0.001410868587295978,0.006418618677710521,0.17600538481021535,0.17250010473955862,0.39174455008992426,0.12073292040322747,0.13901703995707432,0.001410868587295978,0.07222630200472918
2025-08-31 06:00:00+00:00,12940.005173058158,-0.00511257720452217,-0.0038220449892899648,0.014936936877253039,0.1821686504913637,0.1812737759356633,0.38805164561744354,0.11512082203419598,0.13338510592133346,-0.0038220449892899648,0.06840425701543922
2025-08-31 08:00:00+00:00,12934.078469941465,-0.00045801396811124,-0.0003536402371657139,0.0068659273787356895,0.18727563959369167,0.1824969642889601,0.38418703723955544,0.11211950303334846,0.13392085584444444,-0.0003536402371657139,0.0680506167782735
2025-08-31 10:00:00+00:00,12947.629622348977,0.0010477091536907777,0.0007646595504746096,0.004227472088808561,0.18471417275963845,0.18447992229671978,0.38639697151973557,0.1121540828342171,0.132254850589689,0.0007646595504746096,0.0688152763287481
2025-08-31 12:00:00+00:00,12953.902471674477,0.0004844785886268174,0.00034547995116501154,0.0036740346147835917,0.18650924725731166,0.18629665376921584,0.38397458676966667,0.11090243296950247,0.1323170792343034,0.00034547995116501154,0.06916075627991312
2025-08-31 14:00:00+00:00,12935.287853902262,-0.0014369891863026641,-0.0010895880002761672,0.011885190250842795,0.18921799362669284,0.19547309765067747,0.3816611069185115,0.10619641180679112,0.1274513899973271,-0.0010895880002761672,0.06807116827963695
2025-08-31 16:00:00+00:00,12942.916787487671,0.0005897768701843231,0.00042787701988341643,0.004989380960508688,0.1936036223472948,0.19538805167134937,0.3822648591584182,0.10269344469700428,0.1260500221259333,0.00042787701988341643,0.06849904529952038
2025-08-31 18:00:00+00:00,12928.204248387721,-0.001136725155659906,-0.0008675900015961671,0.03079252919380672,0.20416016996360362,0.21562403324884732,0.37172971239473945,0.09219597720967095,0.11629010718313869,-0.0008675900015961671,0.0676314552979242
2025-08-31 20:00:00+00:00,12909.872147862243,-0.0014179927987883257,-0.0010791301786981632,0.003823835748466828,0.20456077785597931,0.2190472611049384,0.36970423258384616,0.09127384904289418,0.11541387941234188,-0.0010791301786981632,0.06655232511922604
2025-08-31 22:00:00+00:00,12932.027274096878,0.001716138314995078,0.0012834107157257408,0.003685217114044903,0.20247202237994816,0.2174507994669247,0.3718046945700349,0.0923876894988524,0.11588479408423985,0.0012834107157257408,0.06783573583495178
2025-09-01 00:00:00+00:00,12783.912281669009,-0.011453346740502706,-0.008704698147042163,0.002917183087285405,0.20150230662468502,0.21639653630396133,0.3747218776573203,0.0920578149914175,0.11532146442261583,-0.008704698147042163,0.059131037687909616
