timestamp,portfolio_value,return,reward,turnover,weight_btc,weight_eth,weight_ltc,weight_bnb,weight_usdt,asset_return_btc,return_contribution_btc,pnl_contribution_btc,asset_return_eth,return_contribution_eth,pnl_contribution_eth,asset_return_ltc,return_contribution_ltc,pnl_contribution_ltc,asset_return_bnb,return_contribution_bnb,pnl_contribution_bnb,asset_return_usdt,return_contribution_usdt,pnl_contribution_usdt,dsr,cumulative_dsr
2025-06-04 18:00:00+00:00,10000.0,,,,0.0,0.0,0.0,0.0,1.0,,,,,,,,,,,,,,,,,0.0
2025-06-04 20:00:00+00:00,9982.451321563347,-0.0017548678436652761,0.0,0.7692623139719168,0.19907515284125285,0.2981008558936407,0.12376030538227943,0.1483259998547439,0.23073768602808317,-0.0013097434191794433,-0.00026073737135597275,-2.6073737135597277,-0.004307285954452955,-0.001284005629601083,-12.84005629601083,-0.0015721504772600037,-0.00019456982317259442,-1.9456982317259441,-0.00010487048495111395,-1.555501953562585e-05,-0.1555501953562585,0.0,0.0,0.0,0.0,0.0
2025-06-04 22:00:00+00:00,9966.57346508787,-0.0015905768998020675,0.0,0.21729680948903624,0.08670890846032622,0.2235541090396307,0.09337648712817985,0.2380632260812703,0.358297269290593,0.00016289606906716436,1.4124540341291732e-05,0.14099753639640247,-0.0018942570091320388,-0.0004234689379685885,-4.227258059465563,-0.005736137667303964,-0.0005356203850564762,-5.34680442066329,-0.0027119355128704115,-0.0006456121171182945,-6.444791531744829,0.0,0.0,0.0,0.0,0.0
2025-06-05 00:00:00+00:00,9934.848042946422,-0.0031831824902087617,0.0,0.217980583572291,0.16547985960182532,0.2540498163171182,0.14565260527813065,0.2945010330846239,0.14031668571830197,-0.0022276626429599267,-0.0003686333013972398,-3.674010880053469,-0.004227207637231611,-0.0010739213237730102,-10.703315769108121,-0.00475113122171944,-0.0006920146404617042,-6.8970147530779435,-0.003560643620137971,-0.0010486132245768076,-10.451080739207438,0.0,0.0,0.0,0.0,0.0
2025-06-05 02:00:00+00:00,9954.4465344806,0.001972701691002832,0.0,0.2880086776919676,0.32605233685908336,0.14263613030420239,0.1984209993071603,0.1179060414055722,0.2149844921239819,0.0007455810995669054,0.00024309845983175443,2.4151462579027947,0.0003106209350840494,4.430576817186166e-05,0.4401710742134577,0.005796771993634708,0.0011502012917327588,11.427075052165645,0.004538327000783937,0.0005350961712664572,5.3160991498946855,0.0,0.0,0.0,0.0,0.0
2025-06-05 04:00:00+00:00,9963.71578442724,0.0009311667820539095,0.0,0.1962293076451848,0.13619350265416363,0.16523646121522514,0.19205052586689517,0.26422141483388684,0.24229809542982922,0.002598236295479728,0.0003538629018045626,3.522509336549677,0.0063293322956960996,0.0010458364703960605,10.410723228367486,-0.0014690925528307863,-0.00028213999731829196,-2.808547518543437,-0.0007054409005629036,-0.00018639259282842167,-1.8554350997337357,0.0,0.0,0.0,0.0,0.0
2025-06-05 06:00:00+00:00,9947.22180622119,-0.0016554043253450075,-0.022196310141479686,0.1270632040827187,0.09599857287400856,0.15468830866756855,0.16860688648820818,0.39128461891660554,0.18942161305360913,-0.0037881084827146028,-0.0003636530082325278,-3.6233352181808867,-0.004529523809523761,-0.0007006643771647126,-6.981220714341928,-0.006224535989135305,-0.001049499632961903,-10.456916058693107,0.001171558172369247,0.00045841269301413566,4.567493785166743,0.0,0.0,0.0,-0.022196310141479686,-0.022196310141479686
2025-06-05 08:00:00+00:00,9936.707043064258,-0.0010570552624409413,-0.013675561625224597,0.19455900109849533,0.18101488370764507,0.22220399501725735,0.19249172615763677,0.19672561781811024,0.2075637772993506,-0.001253425491370086,-0.00022688866955655399,-2.2569119213974678,-0.0034518256024430594,-0.0007670094389656989,-7.629613016857081,-0.0033025851269787854,-0.0006357203118746844,-6.323650948937597,0.0029104656745080337,0.0005725631579559958,5.69541273025875,0.0,0.0,0.0,-0.013675561625224597,-0.03587187176670428
2025-06-05 10:00:00+00:00,9952.973733783989,0.0016370303209336345,0.029275584406188635,0.2123518116383193,0.17097584264455476,0.1409430447000987,0.1390247393702306,0.1291407843474461,0.41991558893766995,0.0036543927101586604,0.0006248128729734951,6.208582475472943,0.002146623196586761,0.0003025516091507966,3.006366705539145,0.004798903107861019,0.0006671662538333678,6.6294356133608225,0.00032909498878086474,4.249958497597485e-05,0.4223059253580772,0.0,0.0,0.0,0.029275584406188635,-0.006596287360515648
2025-06-05 12:00:00+00:00,9930.385199961273,-0.0022695261162041565,-0.025101731724665673,0.1392175449710561,0.22259322677384002,0.16361917676694965,0.15048389787296632,0.18260565461963024,0.28069804396661385,-0.0006883698760724588,-0.00015322647192887699,-1.5250590504285024,-0.00063992520155709,-0.00010470403467119539,-1.0421165069036158,-0.0011371389583806346,-0.00017112110288032271,-1.7031638422639996,-0.01007895681301596,-0.0018404745067237616,-18.318194423120644,0.0,0.0,0.0,-0.025101731724665673,-0.03169801908518132
2025-06-05 14:00:00+00:00,9908.867727291405,-0.0021668316219950034,-0.020937764483846353,0.08061293426994974,0.1762563788728761,0.16268665299419408,0.11714033527673595,0.1883340635505736,0.3555825693056201,-0.0028693727111865908,-0.0005057452437103954,-5.022245083092518,-0.006955494802550755,-0.001131566169345495,-11.236887940845374,-0.0025045537340618873,-0.00029338426412661044,-2.913418754384421,-0.0012538143146318959,-0.00023613594481250238,-2.3449208915449455,0.0,0.0,0.0,-0.020937764483846353,-0.05263578356902768
2025-06-05 16:00:00+00:00,9897.524841960343,-0.001144720632390689,-0.011499486232264157,0.1815058346392208,0.10782723993567211,0.17990627682724833,0.11767436089596738,0.35208624873750877,0.24250587360360332,4.305107771207517e-05,4.642078885949196e-06,0.045997745660522824,-0.00016603149965044306,-2.9870108938155792e-05,-0.29597895846797045,-0.001141291942479028,-0.00013430079992693677,-1.3307688621454437,-0.00279815473039402,-0.0009851918024115457,-9.762135256107815,0.0,0.0,0.0,-0.011499486232264157,-0.06413526980129183
2025-06-05 18:00:00+00:00,9846.556398721028,-0.005149615085908662,-0.018329855448759973,0.12573813757604213,0.08115349518752434,0.17003003609451478,0.10568505045448934,0.2748874070838261,0.3682440111796455,-0.012354744742015589,-0.0010026307179642536,-9.923562438363735,-0.007434039792387548,-0.001264010054227714,-12.51057091220644,-0.007198354661791528,-0.0007607584756207462,-7.529625911188218,-0.007720309419080751,-0.0021222158380959475,-21.00468397755633,0.0,0.0,0.0,-0.018329855448759973,-0.08246512525005181
2025-06-05 20:00:00+00:00,9739.099001612893,-0.010913195716026423,0.030158636146027405,0.2896369345957887,0.14264043099075366,0.1360816970468766,0.3338350492470487,0.17491055959467072,0.21253226312065032,-0.012836879954715275,-0.001831058089317153,-18.029616745795714,-0.01604161560040307,-0.0021829702742764997,-21.494739922395066,-0.012889860743468762,-0.004303087296083494,-42.3705917495061,-0.014842328915791625,-0.0025960800563492757,-25.562448690438007,0.0,0.0,0.0,0.030158636146027405,-0.05230648910402441
2025-06-05 22:00:00+00:00,9592.32858611831,-0.015070225230308747,0.006291121841224886,0.17471646500608026,0.18274171747038429,0.18672949961102805,0.15911858424096847,0.2248119641706376,0.24659823450698165,-0.0036495204423774297,-0.0006669196335833281,-6.495196337587427,-0.036248101986587455,-0.0067685899458049875,-65.91996758351641,-0.02553340328786291,-0.004062838982018436,-39.56839107348969,-0.015888285492629994,-0.0035718766689019953,-34.78686049998781,0.0,0.0,0.0,0.006291121841224886,-0.04601536726279953
2025-06-06 00:00:00+00:00,9570.750454509533,-0.0022495196463562244,-0.006834973947916071,0.1977221988448039,0.13280340113053415,0.1713913493372359,0.19391838626724148,0.38773436098916847,0.11415250227582,-0.00033611436042457754,-4.4637130233198106e-05,-0.4281740203381921,-0.009547489219584038,-0.0016363570601272215,-15.696474604954865,0.0,0.0,0.0,-0.0014662756598239346,-0.0005685254559958047,-5.453482983484505,0.0,0.0,0.0,-0.006834973947916071,-0.0528503412107156
2025-06-06 02:00:00+00:00,9588.907791970916,0.0018971696679051368,0.007906376934573266,0.20806760010769793,0.11580126643710498,0.1439914685711631,0.18973805581190686,0.22824910679630714,0.3222201023835179,0.003275581627543378,0.00037931650078763666,3.630343572316239,0.0031814152326823386,0.0004580966514885985,4.384328735443799,0.005623354869586095,0.0010669644200956847,10.211650208576273,-3.157911357443144e-05,-7.207904466783114e-06,-0.06898505495152578,0.0,0.0,0.0,0.007906376934573266,-0.044943964276142334
2025-06-06 04:00:00+00:00,9651.771643329328,0.0065558927796814034,0.031506048194701715,0.22158753955124347,0.2186064691208262,0.18417645414340728,0.2683354071071849,0.1190321813039151,0.20984948832466643,0.006403204832936549,0.0013997819995856687,13.422380522887648,0.01403972416071353,0.0025857866130717423,24.794869402457714,0.003926234384294958,0.001053547701908015,10.102371768038816,0.012742574726437361,0.0015167764651159783,14.544229665028707,0.0,0.0,0.0,0.031506048194701715,-0.01343791608144062
2025-06-06 06:00:00+00:00,9647.885666453225,-0.0004026179876300577,-0.0010534299855627974,0.05746507765743626,0.2299845718990419,0.19684988297486922,0.21087032944974865,0.12770317392748942,0.23459204174885076,0.004497172010268002,0.0010342801795378402,9.982636108120891,0.001706234474895263,0.00033587205671081993,3.241760392748192,-0.005451528798293359,-0.001149565673700913,-11.095345371571247,-0.004880102279459897,-0.0006232045501778048,-6.015028005399946,0.0,0.0,0.0,-0.0010534299855627974,-0.014491346067003417
2025-06-06 08:00:00+00:00,9657.744385522103,0.0010218528089691208,0.0038921659250023407,0.07295356840339627,0.23649507673409015,0.13484746565295225,0.22886458596326933,0.1761519809823168,0.2236408906673715,0.001905798333881048,0.0004507119232108996,4.348417103646005,-0.00172771953217421,-0.0002329786002727965,-2.247750898162249,-0.00035748331744522854,-8.181527143587821e-05,-0.7893443845831893,0.0050293772032903306,0.000885934757466896,8.54739724797758,0.0,0.0,0.0,0.0038921659250023407,-0.010599180142001077
2025-06-06 10:00:00+00:00,9678.280959928072,0.0021264359032690163,0.008058911893472008,0.13899448284930313,0.2303161210133329,0.14364115557808255,0.16527152278595147,0.3063527739064896,0.15441842671614342,0.004784759037382624,0.0011020071414734548,10.64290328337052,0.00524914075353089,0.000753992643629184,7.28186822073472,0.0005960185957800679,9.850490093331629e-05,0.9513351539351463,0.0005612197175193234,0.00017193121723306124,1.660467747928578,0.0,0.0,0.0,0.008058911893472008,-0.002540268248529069
2025-06-06 12:00:00+00:00,9711.13485558718,0.0033946003216000645,0.013042516641909089,0.20554518220714807,0.2643307243581624,0.2296942816199638,0.15319898774841859,0.11288012673687443,0.23989587953658073,0.0027401492358600787,0.0007243056323643598,7.010033410880646,0.0030868573604534433,0.0007090334838726513,6.862225266916149,0.007624493685966183,0.001168064714784228,11.304858489060008,0.007026892275092678,0.0007931964905788254,7.676778492250812,0.0,0.0,0.0,0.013042516641909089,0.01050224839338002
2025-06-06 14:00:00+00:00,9777.275060214113,0.006810759567290017,0.02745879030836584,0.146009068081279,0.1744738445809505,0.2086596256928055,0.20750057717007664,0.2045876053964954,0.20477834715967194,0.001643926722723954,0.00028682221552301046,2.785369214522245,0.010887870282495049,0.0022718589377372376,22.06232851723735,0.015961220146606836,0.003311962392759574,32.16291343272141,0.0045951758389675135,0.0009401160212701953,9.129593462452931,0.0,0.0,0.0,0.02745879030836584,0.03796103870174586
2025-06-06 16:00:00+00:00,9820.216149045304,0.0043919280747175505,0.015272769700273784,0.1446301034335698,0.2219272122798353,0.15634010396862305,0.28550639653591386,0.1122770236871081,0.22394926352851977,0.009543237945783156,0.0021179041934307977,20.707331850353825,0.0026007646487768987,0.00040660381558769976,3.9754773455335153,0.0075642965204234525,0.002159655041875252,21.115541379592567,-0.002602803018635358,-0.0002922349761761985,-2.8572617442898114,0.0,0.0,0.0,0.015272769700273784,0.05323380840201964
2025-06-06 18:00:00+00:00,9812.704113408496,-0.0007649562415728806,-0.0022234419861810917,0.1601815449679212,0.21035187955613124,0.16862636988208612,0.13690018429169673,0.1591436434471602,0.32497792282292576,-0.0016189581194736569,-0.0003405508833539434,-3.3442832842840384,-0.004028498338393693,-0.0006793110508793443,-6.670981352070273,0.0031185031185030354,0.00042692365163729654,4.192482538217971,-0.0010808974537145355,-0.00017201795897688938,-1.6892535386706617,0.0,0.0,0.0,-0.0022234419861810917,0.051010366415838546
2025-06-06 20:00:00+00:00,9779.811948018545,-0.0033519980843001833,-0.009742932188754671,0.12214587885540526,0.3023109760080107,0.11393274062249142,0.14441644464097464,0.181814165501408,0.2575256732271151,-0.006693916079103968,-0.002023644303189637,-19.857422777984617,-0.006197214654072303,-0.0007060656497643226,-6.928413305778811,-0.0008059873344846702,-0.00011639782527193208,-1.1421774188376912,-0.002782458147191913,-0.0005058903060742915,-4.964151887348683,0.0,0.0,0.0,-0.009742932188754671,0.04126743422708387
2025-06-06 22:00:00+00:00,9797.245937965685,0.0017826508362129494,0.005844255447823987,0.2065026701113092,0.11606304438030968,0.19589245441054387,0.12416170615736653,0.2312368995498299,0.33264589550195006,0.0015974891527328339,0.0001854094544306942,1.813269597716903,0.00301929936151879,0.0005914579625281039,5.784347648683055,0.005531228393639065,0.0006867667545002961,6.716449711163915,0.0013796096789695511,0.0003190166647538552,3.1199229895767795,0.0,0.0,0.0,0.005844255447823987,0.04711168967490786
2025-06-07 00:00:00+00:00,9767.217502508878,-0.003064987410435662,-0.0088282001076105,0.16043309367392417,0.17693530235118934,0.1941770667120963,0.11030327318918595,0.33079773525287437,0.18778662249465403,-0.0009374794333624203,-0.0001658732069900015,-1.6251006034001334,-0.006188993064474735,-0.001201760519161212,-11.773943364759717,-0.00011460004584007422,-1.2640760163790939e-05,-0.12384463616749922,-0.005092879256965888,-0.0016847129241206573,-16.5055468524794,0.0,0.0,0.0,-0.0088282001076105,0.03828348956729736
2025-06-07 02:00:00+00:00,9760.61169062875,-0.0006763248467059814,-0.0018890139422242723,0.13134111855048758,0.1831071534108136,0.23392761836479536,0.1280262671907073,0.19945661670238685,0.25548234433129696,0.001583301234854284,0.000289913782105994,2.83165096680421,-0.0019385323694518508,-0.00045347626030893507,-4.429201266661702,-0.00538681948424069,-0.0006896543905975068,-6.736004434526063,0.0008868696612778226,0.0001768920220944663,1.7277428542552586,0.0,0.0,0.0,-0.0018890139422242723,0.036394475625073086
2025-06-07 04:00:00+00:00,9811.064469529823,0.005169018141507892,0.017725144335766337,0.053527428189975496,0.13741124036668803,0.23498161523489486,0.18049969851058328,0.1933651149673828,0.25374233092045106,0.004002161726432307,0.0005499420069771489,5.367770382468997,0.007158175858859472,0.0016820397254502296,16.417736608331484,0.00991011753860338,0.0017887732279223537,17.45952088034265,0.005938316129834753,0.0011482631811581606,11.2077510299309,0.0,0.0,0.0,0.017725144335766337,0.05411961996083942
2025-06-07 06:00:00+00:00,9826.559596558916,0.0015793522789719272,0.0049712356160121025,0.1267960079467742,0.19658658179933045,0.21035882632609101,0.21734530441455605,0.2241401755775418,0.1515691118824807,5.5115022095098e-05,1.0834873799469887e-05,0.10630164536581861,0.002012864655944968,0.0004234238465778545,4.154238656711636,0.003993610223642197,0.0008679924297705964,8.51592968754316,0.0012362849636839979,0.0002771011288240062,2.7186570394718133,0.0,0.0,0.0,0.0049712356160121025,0.05909085557685152
2025-06-07 08:00:00+00:00,9831.114463098842,0.0004635260688307967,0.0015082728089766528,0.11873693637040877,0.24217014598397368,0.20993854998902156,0.14288571624263255,0.18028310371612594,0.22472248406824621,-9.859133576672896e-05,-2.3875878175383717e-05,-0.23461773981058845,-0.0010946271050521483,-0.0002298044272133284,-2.258186899564857,0.0036367769064666877,0.0005196434730951582,5.106307557332432,0.001095848124710752,0.00019756290112435062,1.941363621967508,0.0,0.0,0.0,0.0015082728089766528,0.06059912838582818
2025-06-07 10:00:00+00:00,9815.257780289845,-0.0016129079636408006,-0.004646889472357734,0.27750824024398013,0.12413280888515829,0.08689164851190177,0.10646171457458763,0.30384505759165215,0.3786687704367001,-0.00018060967303068498,-2.2419586025128946e-05,-0.22040951642833387,-0.0021956672701071156,-0.00019078514868323438,-1.8756306345642084,-0.004303023440153986,-0.0004581072532934338,-4.503704843503561,-0.0030989346448558885,-0.0009415959756390035,-9.256937814500272,0.0,0.0,0.0,-0.004646889472357734,0.05595223891347044
2025-06-07 12:00:00+00:00,9839.37308069254,0.00245691972055206,0.007764867724388622,0.0775805478299674,0.0930988461648468,0.13508566851918855,0.12117772454094805,0.3185155754479724,0.33212218532704424,0.0028795946592827804,0.00026808694020168203,2.631342425608658,0.004006758387641751,0.0005412556353894519,5.3125635863820415,0.006482429205049378,0.0007855260205656704,7.710140384977318,0.00270646458397783,0.0008620511243952557,8.461254005728142,0.0,0.0,0.0,0.007764867724388622,0.06371710663785907
2025-06-07 14:00:00+00:00,9862.778272736608,0.0023787279791226013,0.007425456967969648,0.11005902445217397,0.18623395468568638,0.1401477039824303,0.1318284330626045,0.20845655099579838,0.3333333572734804,0.004379647705216705,0.0008156391122725982,8.025377524854962,0.00466390999134525,0.0006536362768677531,6.431371187176666,0.0015819209039547033,0.0002085421539973274,2.0519240562309413,0.003362381429783179,0.0007009104359849227,6.8965192758065195,0.0,0.0,0.0,0.007425456967969648,0.07114256360582871
2025-06-07 16:00:00+00:00,9879.21151241261,0.0016661876827776616,0.005134919710104679,0.1971438795327725,0.2580170967373121,0.18176591284298912,0.2155709616831925,0.08980205814259293,0.25484397059391345,-0.0004963520209585459,-0.0001280673074074215,-1.263099456945797,0.0049254207545663675,0.0008952735995895601,8.829885006186608,0.004061371841155292,0.0008755138335508845,8.634998815026,0.0002613253808434468,2.346755704463845e-05,0.23145531173406705,0.0,0.0,0.0,0.005134919710104679,0.0762774833159334
2025-06-07 18:00:00+00:00,9847.378548690782,-0.003222217044531575,-0.009313893840779887,0.11501317211808189,0.30164632809282654,0.13926920498865628,0.25598525254948207,0.12077170803887076,0.18232750633016434,-0.001562172721735866,-0.00047122366535840086,-4.655318259729981,-0.004663161027879781,-0.0006494347290869023,-6.41590305215589,-0.007303370786516883,-0.0018695552152490338,-18.469731405579292,-0.0019210081450745653,-0.00023200343483723807,-2.292011004363311,0.0,0.0,0.0,-0.009313893840779887,0.06696358947515352
2025-06-07 20:00:00+00:00,9864.86527840346,0.0017757751086966075,0.005460475557827636,0.27603886914449616,0.10217821162145248,0.20071010714238374,0.17941449987636,0.28980100266051295,0.22789617869929088,0.0031567498513422887,0.000322551054346441,3.1762823334287376,0.0037081339712918826,0.0007442599666763066,7.329009630497578,-0.002490096208262571,-0.00044675936584944955,-4.399408595692567,0.003987989837554773,0.0011557234535233094,11.380846344444265,0.0,0.0,0.0,0.005460475557827636,0.07242406503298116
2025-06-07 22:00:00+00:00,9883.780749055906,0.0019174585884975015,0.005861530981212261,0.1478637490666256,0.19907667076113025,0.21557411881375424,0.15846473647432496,0.3259022809160903,0.10098219303470032,0.00036622999981750226,7.290784909651769e-05,0.7192261090753165,0.00191872244071023,0.00041362689940428363,4.080373638146998,0.004992624531941381,0.0007911549307693409,7.804636806384164,0.0019630697503221217,0.0006397689092273594,6.311234098839033,0.0,0.0,0.0,0.005861530981212261,0.07828559601419341
2025-06-08 00:00:00+00:00,9873.32817592433,-0.0010575480574653373,-0.0030491905311413737,0.24656337809798878,0.15411454713608402,0.21950747157300265,0.1297850854743881,0.15298067744308455,0.3436122183734407,-0.002008989205559697,-0.0003096144616161139,-3.0601614553506558,0.0009951905730472,0.00021845176642287846,2.1591293635677036,-0.002935531218245302,-0.00038098817007270117,-3.7656035409826014,-0.0038266087063001386,-0.0005853971921994006,-5.7859374988118155,0.0,0.0,0.0,-0.0030491905311413737,0.07523640548305204
2025-06-08 02:00:00+00:00,9875.41820492584,0.0002116843443538112,0.0006978572727675446,0.1347640904350158,0.17410389292313408,0.24809482709947606,0.21597247459588045,0.09392158121880359,0.26790722416270585,0.0013090211805255603,0.00022790568344833672,2.2501876058437538,-0.002285474364661866,-0.0005670143673410704,-5.598318929222499,0.002830936473785517,0.0006114043556671939,6.036595851691765,-0.0006453397252698112,-6.061132742064897e-05,-0.5984355268024684,0.0,0.0,0.0,0.0006978572727675446,0.07593426275581958
2025-06-08 04:00:00+00:00,9857.58554118435,-0.001805762892410551,-0.005229794771300176,0.2825688330464672,0.22355280503268873,0.2038820399540862,0.133633282231807,0.3270415021557161,0.11189037062570201,-0.002069536737139277,-0.00046265074270568357,-4.568869567038168,-0.0028385744401259183,-0.0005787343474144004,-5.715243710272046,-0.0018066847335139746,-0.00024143321089757001,-2.3842539261715627,-0.00159901599015988,-0.0005229445913928969,-5.1642965380089185,0.0,0.0,0.0,-0.005229794771300176,0.0707044679845194
2025-06-08 06:00:00+00:00,9848.800295054407,-0.0008912168292366672,-0.002549995652364001,0.18419475546443947,0.22829281814818572,0.18820945495357028,0.20669705207962533,0.15851933169179253,0.2182813431268262,-0.00031525077037330984,-7.196948679190948e-05,-0.7094453724063848,-0.00012342140047449934,-2.3229074512911843e-05,-0.22898258905357366,-0.0037330316742082426,-0.0007716066423787121,-7.6061784813941955,-0.00015399778243196938,-2.4411625553133853e-05,-0.24063968708937866,0.0,0.0,0.0,-0.002549995652364001,0.06815447233215541
2025-06-08 08:00:00+00:00,9821.996352762975,-0.0027215438924975102,-0.00780319984827074,0.1261408554418147,0.1522741226661458,0.15848396225676853,0.29016328264573593,0.2011939565674966,0.1978846758638532,-0.00011267248706670063,-1.7157104116694496e-05,-0.16897689208677993,0.0012104753903185994,0.00019184093607200006,1.8894030677894278,-0.00999205177699547,-0.0028993265439791645,-28.55488812180107,1.5402150140175763e-05,3.0988195263485843e-06,0.030519654665422294,0.0,0.0,0.0,-0.00780319984827074,0.060351272483884666
2025-06-08 10:00:00+00:00,9791.341607449544,-0.0031210300037230222,-0.008809879539992458,0.15227816498020733,0.30455228764635306,0.12606033661172983,0.22815395338555197,0.1828151139252463,0.1584183084311188,-0.0027171546877321484,-0.0008275156760378379,-8.127855951897832,-0.006748990832985302,-0.0008507800561956061,-8.356358608956722,-0.003670145658905777,-0.0008373582415801746,-8.224529594756493,-0.0033114112772806292,-0.0006053760299094035,-5.946001157820291,0.0,0.0,0.0,-0.008809879539992458,0.051541392943892206
2025-06-08 12:00:00+00:00,9836.569838479916,0.004619206728111933,0.014739673524853983,0.2931909176943881,0.1401798337118513,0.2923984103276991,0.11174524767206716,0.309667957903665,0.1460085503847173,0.005199828799695716,0.0007289111364714409,7.137017938666151,0.006414465781507728,0.0018755795976142817,18.36444055220419,0.003683665246920542,0.0004116320853581224,4.030430364328206,0.005176783285943953,0.0016030839086680888,15.696342175174703,0.0,0.0,0.0,0.014739673524853983,0.0662810664687462
2025-06-08 14:00:00+00:00,9837.542290281124,9.88608648315261e-05,0.0003789515561717289,0.3032334406896838,0.27148170417917145,0.1841133268091692,0.21673810710323635,0.11471960073251122,0.21294726117591184,-0.0005564559631008326,-0.00015106761316327616,-1.4859871272130338,-0.001877859558384598,-0.00034573897057458566,-3.4008855299410645,0.003326069503383433,0.0007208860082571267,7.091045565804236,-0.0010915184405122513,-0.00012521855968773877,-1.2317211074423082,0.0,0.0,0.0,0.0003789515561717289,0.06666001802491792
2025-06-08 16:00:00+00:00,9866.241141526101,0.002917278563908227,0.008850431053640988,0.15841135093420697,0.21247188888385313,0.22872943265652418,0.14364275733960158,0.22851484581936324,0.186641075300658,0.003376286000195128,0.0007173658638735681,7.057117023460279,0.002256076658774253,0.0005160311341910616,5.076478105706302,0.006630086877000396,0.0009523639604134448,9.368920736306881,0.0032011819748831716,0.0007315176054301526,7.1963353795043075,0.0,0.0,0.0,0.008850431053640988,0.0755104490785589
2025-06-08 18:00:00+00:00,9872.817335016442,0.000666534843007532,0.0020098266724971367,0.25032483688973145,0.18907242740467353,0.1507155222930059,0.24700343425179408,0.07960338077232958,0.33360523527819685,0.0009286260928835777,0.00017557758953281585,1.7322908373786503,0.003483877125721735,0.0005250743606078074,5.180510258989262,-0.00022711787417661888,-5.6098894901591725e-05,-0.5534852248722332,0.0002761413843888061,2.1981787768500357e-05,0.21687761884587345,0.0,0.0,0.0,0.0020098266724971367,0.07752027575105604
2025-06-08 20:00:00+00:00,9895.159584685793,0.0022630064865182113,0.006742564198265628,0.2967538543903628,0.14482215808631005,0.1589745094439806,0.15749006368145863,0.3680982480117178,0.1706150207765331,0.0019516802653019028,0.0002826465479154837,2.790517737942543,0.0037095751426761137,0.0005897278885525195,5.822275721043958,-0.00045433893684698745,-7.155386809699827e-05,-0.7064382693355244,0.0039722707892395626,0.0014621859181472064,14.435894479700671,0.0,0.0,0.0,0.006742564198265628,0.08426283994932167
2025-06-08 22:00:00+00:00,9906.115832218498,0.001107233030345766,0.0032729487848496288,0.21612636599941143,0.17669320721166276,0.25437104275616945,0.24328543892164955,0.1519718820123063,0.17367842909821193,0.00039448681856102397,6.970314117427262e-05,0.6897237054733106,0.0022269956091858223,0.0005664831953220085,5.605441619754006,0.0013636363636364557,0.0003317528712568172,3.282747603763927,0.000916576282061099,0.00013929382259266772,1.3783346037153585,0.0,0.0,0.0,0.0032729487848496288,0.0875357887341713
2025-06-09 00:00:00+00:00,9858.017256225063,-0.004855442517338767,-0.013742963309976031,0.2893784186894625,0.14177739218594315,0.15725074673958758,0.08594313127448851,0.2825846387944558,0.3324440910055249,-0.0056230527954352905,-0.0007972217614606932,-7.897371112994892,-0.011173272397762113,-0.0017570054280729144,-17.405099288326937,-0.010667271901951825,-0.0009167787494101083,-9.081716484172949,-0.004899192625265281,-0.0013844365783950508,-13.714389107941619,0.0,0.0,0.0,-0.013742963309976031,0.07379282542419527
2025-06-09 02:00:00+00:00,9838.58331726746,-0.001971384148808553,-0.0054637284064448155,0.1813195340858959,0.1373213733030546,0.22103243085987126,0.20348098124010078,0.16572336908547242,0.27244184551150097,-0.0019511224439514585,-0.0002679308134858265,-2.641266582817696,-0.005952570681796443,-0.001315711167662669,-12.970303395026617,-0.00034411562284930586,-7.00209845974252e-05,-0.6902680744592868,-0.0019171779141103906,-0.0003177211830626324,-3.1321009052996724,0.0,0.0,0.0,-0.0054637284064448155,0.06832909701775046
2025-06-09 04:00:00+00:00,9861.66016512412,0.002345545808018813,0.006932584566632689,0.11665739966279082,0.24383675013279255,0.19982152373103673,0.21362300407315363,0.0924885037261387,0.25023021833687836,0.001245454866783291,0.00030368766715350775,2.9878564157163745,0.0007815944526834429,0.00015617939447493123,1.536583984981992,0.008261617900172213,0.0017648716343393277,17.363836618729465,0.0013061851709565975,0.00012080711205104639,1.1885708372326858,0.0,0.0,0.0,0.006932584566632689,0.07526168158438315
2025-06-09 06:00:00+00:00,9821.683349408086,-0.004053761237627495,-0.011106869666062164,0.02526517610218837,0.23948473552114333,0.17890836224049755,0.22600492623681404,0.09404801905727292,0.2615539569442721,-0.002650220321687269,-0.0006346873128120349,-6.2590705900681165,-0.006396059034383228,-0.0011443084466350416,-11.28478102479585,-0.008193922840559864,-0.0018518669271708778,-18.262482306791856,-0.004496623695518842,-0.00042289855100954106,-4.170481794379501,0.0,0.0,0.0,-0.011106869666062164,0.06415481191832098
2025-06-09 08:00:00+00:00,9831.50232256423,0.0009997240602077264,0.002944793587503107,0.08243280280517527,0.26073797281401284,0.15531228531300437,0.16716820035913196,0.13896576281192913,0.27781577870192165,0.001723206646629949,0.00044930540778192584,4.412935442410751,0.004389571442391382,0.0006817543722625064,6.695975566436821,-0.001721170395869276,-0.0002877249575888816,-2.825943425159866,0.001125379622920697,0.0001563892377521758,1.5360055724571675,0.0,0.0,0.0,0.002944793587503107,0.06709960550582408
2025-06-09 10:00:00+00:00,9908.872816480205,0.007869651186309723,0.024047895073094825,0.1948432729169025,0.2580230951368252,0.272230736941839,0.22221823052092524,0.1618405539382037,0.08568738346220678,0.009964123962409754,0.0025709741051079715,25.27653788562152,0.007035159745883535,0.0019151867221254355,18.829162706720396,0.011839080459770113,0.0026308595107649765,25.865301390426062,0.004650446566061062,0.0007526308483113395,7.399491933206422,0.0,0.0,0.0,0.024047895073094825,0.0911475005789189
2025-06-09 12:00:00+00:00,10005.080052995041,0.009709200864383503,0.027054143464984512,0.12573214728168605,0.3151970029336686,0.21209597532760618,0.22497485818946686,0.09624316827075052,0.15148899527850784,0.010755583794888057,0.0033901277769506494,33.59234497342076,0.012943848882158271,0.0027453382531545034,27.20320758872591,0.013858911734635937,0.003117906702160058,30.894940965355243,0.004736212869010714,0.00045582813211829225,4.516742987333894,0.0,0.0,0.0,0.027054143464984512,0.11820164404390342
2025-06-09 14:00:00+00:00,9936.805508014822,-0.006823987876017059,-0.017709080096252477,0.15177558469098756,0.23036609651946038,0.3101551222257524,0.2048054379698065,0.1499596060635918,0.10471373722138884,-0.006799697213816014,-0.0015664197046610458,-15.672154541722612,-0.009631045959917817,-0.0029871182368601495,-29.8863570875472,-0.008963585434173638,-0.0018357910406257099,-18.3672363220313,-0.0028985065063843463,-0.00043465889387015426,-4.348797028917169,0.0,0.0,0.0,-0.017709080096252477,0.10049256394765094
2025-06-09 16:00:00+00:00,9965.006372684284,0.002838021197729415,0.007031393388458789,0.13307455429000659,0.22999713588215373,0.17826470926751076,0.22704553266415087,0.2607940656592541,0.10389855652693063,0.005694198295599362,0.0013096492991328946,13.0137303691915,0.0066777896953085225,0.0011904142385837531,11.828914762778309,-0.003730921424533573,-0.0008470890421613177,-8.417359059927582,0.004543994124937001,0.001185046702174085,11.77557859741825,0.0,0.0,0.0,0.007031393388458789,0.10752395733610973
2025-06-09 18:00:00+00:00,10037.260918272537,0.0072508278355261,0.01774651660195249,0.09453158120627497,0.14930200440212935,0.2156384705792098,0.21320908293790025,0.29191841387510675,0.12993202820565392,0.006518828149453038,0.0009732741090663622,9.698682699214917,0.014829664063517267,0.003197846077860333,31.86655654474166,0.009418974126191637,0.002008210835661129,20.011833775056783,0.0036705351975387934,0.0010714968129382763,10.677472569240823,0.0,0.0,0.0,0.01774651660195249,0.12527047393806223
2025-06-09 20:00:00+00:00,10040.08476123668,0.00028133601259699536,0.0006222627778853713,0.10048632527731773,0.15912215522530607,0.1449957627924763,0.183365465447316,0.37862582695866254,0.13389078957623912,0.0021072098995758015,0.0003353037807326023,3.365531534096373,0.003456870773693499,0.0005012316147067066,5.030992497298265,-0.005283867341202897,-0.0009688787943815412,-9.724889257388856,0.0010925810710329387,0.00041367941153922763,4.152208190136671,0.0,0.0,0.0,0.0006222627778853713,0.1258927367159476
2025-06-09 22:00:00+00:00,10133.947530387779,0.009348802463649516,0.021337925100501576,0.29146647635163947,0.1343666053320828,0.16187197958033528,0.14529248383304197,0.14998788211452033,0.40848104914001965,0.01296798091038931,0.0017424635729402643,17.494481965687566,0.024351114865650336,0.00394176316829095,39.57563631836198,0.016161844484629206,0.0023481945284951275,23.57607210196328,0.00877658365039169,0.0013163811939231752,13.216578765086618,0.0,0.0,0.0,0.021337925100501576,0.1472306618164492
2025-06-10 00:00:00+00:00,10186.989540347113,0.005234091631151816,0.011324843742582138,0.29041916261537887,0.3451159322284221,0.160940236093783,0.22496231955208157,0.12083941829636036,0.14814209382935298,0.002630446141051568,0.0009078088721456673,9.1996874779447,0.01388731264800902,0.0022350273762787505,22.649650160189122,0.009231453675898171,0.0020767292317676427,21.04546506955581,0.00012021036814435782,1.4526150959755526e-05,0.14720725164465456,0.0,0.0,0.0,0.011324843742582138,0.15855550555903133
2025-06-10 02:00:00+00:00,10203.34472045118,0.001605496897713563,0.0034490567395196307,0.3355399411482233,0.15373472855981526,0.08517353334843746,0.15657028481781066,0.1379735561349566,0.4665478971389801,-0.004302802517108684,-0.0006614901770141934,-6.738593514285948,0.01053680231929044,0.0008974566837279774,9.142381850051512,0.0077143486885606904,0.0012078377713518513,12.304230743197477,0.001171910213648264,0.00016169261964792773,1.647161025104764,0.0,0.0,0.0,0.0034490567395196307,0.16200456229855095
2025-06-10 04:00:00+00:00,10150.116454825382,-0.005216746771194402,-0.012798769132802774,0.32054543566166566,0.1942925482569454,0.15666028760598802,0.30488295320097675,0.19816174945877543,0.14600246147731438,-0.0020088610309013655,-0.0003903067287879006,-3.9824341005345962,-0.007192518008987014,-0.001126781939899154,-11.49694455756977,-0.009842519685039242,-0.0030008164685135113,-30.61836487105029,-0.0035266222462333463,-0.0006988416339938362,-7.130522096642484,0.0,0.0,0.0,-0.012798769132802774,0.14920579316574817
2025-06-10 06:00:00+00:00,10114.382898174264,-0.003520507061190472,-0.008286972393759619,0.17087085868001134,0.1693394534908344,0.14037682831587522,0.17524864857718922,0.3282108324616597,0.18682423715444144,-0.0023505031531551035,-0.00039803291938376827,-4.040080484599371,-0.006802063304932493,-0.0009548520727502233,-9.691859735546165,-0.007179147338193137,-0.0012581358689548725,-12.770225585884882,-0.002771042604780116,-0.0009094862001016078,-9.23139084508794,0.0,0.0,0.0,-0.008286972393759619,0.14091882077198856
2025-06-10 08:00:00+00:00,10122.304343079204,0.0007831861799863931,0.001653845571868966,0.21708001240242691,0.23307449517381365,0.18198499765474832,0.24555243027008714,0.11113082005923275,0.22825725684211803,-0.0009637684361308851,-0.0002246298417156619,-2.271992229468483,0.00253126638208645,0.0004606525066075459,4.6592158348324695,0.003226165313160667,0.0007921927330996585,8.012540631721116,-0.002204871860700286,-0.00024502921800514916,-2.4783193321442942,0.0,0.0,0.0,0.001653845571868966,0.1425726663438575
2025-06-10 10:00:00+00:00,10140.819125766702,0.0018291074897542107,0.003948163803082601,0.19355460888973486,0.1604200018670384,0.2425204284408672,0.16268357456085608,0.2441499981628488,0.19022599696838957,0.0027804552056798215,0.0004460406292863736,4.51495899901524,0.00564361908745914,0.0013686929190476465,13.854326278817746,-0.0017742293191396197,-0.0002886379677283072,-2.921681354313799,0.0012410891313887618,0.0003030119091484978,3.0671787639785606,0.0,0.0,0.0,0.003948163803082601,0.14652083014694012
2025-06-10 12:00:00+00:00,10244.935453974007,0.010267053076881725,0.02080569383832151,0.16637215720075468,0.22958278677315588,0.17739571612366678,0.22836793041593906,0.14290255327929455,0.22175101340794381,0.00030271545350046836,6.949825741393722e-05,0.704769257990712,0.030147039707034917,0.005347955697838077,54.23265142438938,0.017773828038213813,0.004058972324655678,41.161304180826036,0.005532628905718706,0.0007906267969740325,8.017603344097935,0.0,0.0,0.0,0.02080569383832151,0.16732652398526163
2025-06-10 14:00:00+00:00,10208.658121486184,-0.0035410015661691383,-0.008096218576346858,0.19005097355282374,0.11009116266728601,0.22117203410156394,0.18015271349274295,0.2891772088542211,0.199406880884186,-0.002160359964444636,-0.00023783654026556664,-2.4366200036172203,-0.010801690197718483,-0.0023890317927643214,-24.475476514362278,-0.0013097576948265521,-0.0002359564027410033,-2.4173581160334745,-0.0023451946060525364,-0.0006781768303982471,-6.947877853810718,0.0,0.0,0.0,-0.008096218576346858,0.15923030540891478
2025-06-10 16:00:00+00:00,10177.489338582876,-0.003053171389656583,-0.006874456203399957,0.2638056125619781,0.1754775955567928,0.10041914588742977,0.27453583953672145,0.14612448450637713,0.30344293451267884,-0.002651930446543771,-0.00046535437834335276,-4.750643753844022,-0.003907161184977803,-0.000392353789039989,-4.00540569497896,-0.006120218579234948,-0.0016802193457985072,-17.152784870364133,-0.003526061208806164,-0.0005152438764747337,-5.259948584119814,0.0,0.0,0.0,-0.006874456203399957,0.15235584920551482
2025-06-10 18:00:00+00:00,10195.050308027008,0.0017254716620099502,0.0035011882450557245,0.2973654344146219,0.1344363953569464,0.1564578089212993,0.1514048892160036,0.3874512558871295,0.17024965061862127,-0.002788963505251263,-0.0003749382004280538,-3.8159295374839677,0.0028247760669748434,0.0004419582741322094,4.498025623079049,-0.0014295139652518163,-0.00021643540354168126,-2.2027690120373435,0.004839026750744768,0.001874886991847476,19.081642370575405,0.0,0.0,0.0,0.0035011882450557245,0.15585703745057053
2025-06-10 20:00:00+00:00,10267.788103939822,0.007134618635039489,0.013974218182459594,0.2234978369942562,0.1640259606937868,0.17861911747621168,0.25470264441234586,0.16395341889287326,0.23869885852478243,0.0074962720090825385,0.0012295832179117067,12.535662764515585,0.012044456120378966,0.002151370122703047,21.933326632143803,0.011782843299195989,0.003001121347001508,30.596583113174155,0.004589986305286731,0.000752543947423227,7.6722234029810314,0.0,0.0,0.0,0.013974218182459594,0.16983125563303011
2025-06-10 22:00:00+00:00,10286.344684257308,0.0018072617130038835,0.003542165504815572,0.20611552605007366,0.1362797977917095,0.21424811715098874,0.12463603056669817,0.3344399452681697,0.19039610922243366,0.003074695301493735,0.0004190188539586855,4.302396804003489,-0.00027760852871083763,-5.947710458135316e-05,-0.6106983068772026,0.0052242054854159115,0.0006511242345670098,6.685605669874065,0.0023818797375438905,0.0007965957290595412,8.179276150486826,0.0,0.0,0.0,0.003542165504815572,0.17337342113784568
2025-06-11 00:00:00+00:00,10369.833448066656,0.008116465700116293,0.014972554075910721,0.2828991155779383,0.18989224823871617,0.18284435588096334,0.3539226956976299,0.125389111100379,0.14795158908231154,0.003744024606633145,0.0007109612500146429,7.313192474801053,0.015683827878193224,0.002867699406136136,29.498144542356282,0.010502381983542586,0.003717031342861613,38.23466559486236,0.006545813220151464,0.0008207737011039016,8.442761197328315,0.0,0.0,0.0,0.014972554075910721,0.1883459752137564
2025-06-11 02:00:00+00:00,10290.274100945133,-0.007672191411748911,-0.017939965038329155,0.2084500073125214,0.21840428393950467,0.13024850143148434,0.19806854283458752,0.2304191425862884,0.22285952920813498,-0.006065415551153808,-0.0013247127402452835,-13.737050482875578,-0.011259014135015843,-0.0014664697186817135,-15.207046739362532,-0.01671488267438126,-0.0033106924549657895,-34.33132935576616,-0.006815043577675262,-0.001570316497856125,-16.283920543519336,0.0,0.0,0.0,-0.017939965038329155,0.17040601017542725
2025-06-11 04:00:00+00:00,10303.575518930915,0.0012926203768043095,0.002387711176191437,0.20184026935412624,0.22035572810000167,0.19309839629537362,0.3351074731643275,0.13004186817160984,0.12139653426868735,0.0010712963114178908,0.00023606627871333548,2.4291867139503314,0.0022874995511188434,0.0004417124948474357,4.545342645792428,0.0008717445788384293,0.0002921281230592469,3.006078458874281,0.0024816121509299016,0.0003227134801842914,3.320810167166284,0.0,0.0,0.0,0.002387711176191437,0.1727937213516187
2025-06-11 06:00:00+00:00,10292.438687573744,-0.0010808705518495485,-0.002365252241127113,0.19020297330295988,0.2633801320527827,0.13826650367855023,0.20807623144697576,0.2772204375217887,0.11305669529990259,-0.0023232149700678217,-0.0006118886656034645,-6.304641075223161,0.0009422909493490561,0.00013028727501443585,1.3424247772669606,-0.00021774632553073214,-4.530783482786115e-05,-0.4668326977481156,-0.001998270154194959,-0.0005539613264326586,-5.707782361466038,0.0,0.0,0.0,-0.002365252241127113,0.1704284691104916
2025-06-11 08:00:00+00:00,10290.289536324603,-0.0002088087492555415,-0.000579877402890344,0.20127969928334843,0.152750811543275,0.16352814793257797,0.24712769256767675,0.186570058747948,0.2500232892085223,-0.00019457733965078106,-2.9721846539588268e-05,-0.3059102831901881,-0.0007516913054371743,-0.0001229226869951629,-1.2651742192095325,-0.0015245562452357309,-0.0003767600670747473,-3.8777798902930076,0.0017183671029823433,0.00032059585135395697,3.299713143551108,0.0,0.0,0.0,-0.000579877402890344,0.16984859170760125
2025-06-11 10:00:00+00:00,10255.337324796295,-0.003396620804975939,-0.007294305613543827,0.08792544961630314,0.19796395046754567,0.16148664142956656,0.21669142707348518,0.13112238112884783,0.29273559990055475,-0.0016164940134352213,-0.00032000754080677423,-3.292970248708917,-0.011574007737498171,-0.001869047637408396,-19.233041346115836,-0.005780346820809301,-0.0012525516015808506,-12.88911863945405,0.0003430838765494659,4.498597482008165e-05,0.4629187059724482,0.0,0.0,0.0,-0.007294305613543827,0.16255428609405742
2025-06-11 12:00:00+00:00,10251.614343135865,-0.0003630286886252387,-0.0008711580078430027,0.0891010044613281,0.17912012990375373,0.11475082988409019,0.1931700547214254,0.16865365866869184,0.34430532682203885,-0.00016216737613372612,-2.9047441479223914e-05,-0.2978913107917211,0.004700484544937433,0.0005393845023889105,5.53157001976567,-0.00032909170688899536,-6.357066302811452e-05,-0.6519385933142707,-0.004801526945214962,-0.0008097950865068108,-8.304721776089941,0.0,0.0,0.0,-0.0008711580078430027,0.1616831280862144
2025-06-11 14:00:00+00:00,10286.298085793927,0.0033832469206457657,0.006421937632113248,0.06735540207428699,0.1385045469296126,0.12897630758287987,0.16643023562127957,0.19145132120644925,0.37463758865977875,0.003953242088710285,0.0005475420043998934,5.613189465775307,0.00870769696925966,0.0011230866026457446,11.513450724266846,0.007791067705475774,0.001296669233963675,13.292952917205005,0.0021726101288583877,0.00041594907963645226,4.264149550815216,0.0,0.0,0.0,0.006421937632113248,0.16810506571832765
2025-06-11 16:00:00+00:00,10369.333182433056,0.008072398441749043,0.014484855117167293,0.12108782426392935,0.15410794799206642,0.2344607307843554,0.12073396287413217,0.15991196681252642,0.33078539153691966,0.00047135407169673904,7.263940876688981e-05,0.7471906113520613,0.024603061078529498,0.005768451680004157,59.33601347402153,0.016877177700348467,0.002037648545894003,20.959860337150264,0.0012110338640949347,0.00019365880708399483,1.9920322166052316,0.0,0.0,0.0,0.014484855117167293,0.18258992083549494
2025-06-11 18:00:00+00:00,10317.587238894674,-0.004990286513895166,-0.010744195108169265,0.04182734569103147,0.1611681705405965,0.21122263157436003,0.11893792282611483,0.14311876037950763,0.365552514679421,-0.006843534055006706,-0.0011029598636777007,-11.436958313325022,-0.012564567918469938,-0.0026539211003339994,-27.519392129252587,-0.0049255808973123205,-0.0005858383606383182,-6.074753152509097,-0.004524684168085269,-0.0006475671892451475,-6.714839943294614,0.0,0.0,0.0,-0.010744195108169265,0.17184572572732568
2025-06-11 20:00:00+00:00,10287.867170483622,-0.0028805250416506726,-0.005990159926439511,0.1307372147772786,0.1039210521819677,0.25947137547067195,0.11928891999039232,0.2252562340961968,0.29206241826077123,-0.002223706222303501,-0.0002310898903653684,-2.3842901038712943,-0.0056128941043402936,-0.0014563853536244012,-15.026382939468228,-0.011729258581728241,-0.0013991705885024026,-14.43606460896914,0.0009150503277679523,0.00020612079084149948,2.126669241257133,0.0,0.0,0.0,-0.005990159926439511,0.16585556580088617
2025-06-11 22:00:00+00:00,10233.576738081032,-0.005277131936379487,-0.011050819879719927,0.17069740617782508,0.21399582034295356,0.20526394987871469,0.1799115580072316,0.11800743491561674,0.2828212368554835,-0.0021537143249682478,-0.0004608858637559506,-4.741532547074832,-0.011097208991511898,-0.00227785695022732,-23.43428973730159,-0.010344076655052326,-0.0018610189471566967,-19.145915730101375,-0.0057400635453510596,-0.0006773701752395195,-6.96869438811139,0.0,0.0,0.0,-0.011050819879719927,0.15480474592116625
2025-06-12 00:00:00+00:00,10248.728965572753,0.0014806384785622313,0.00270084050704801,0.2006844086485579,0.102120951027765,0.23594628602900936,0.0911020186738622,0.2598497452285166,0.3109809990408468,0.0012622091037015615,0.0001288979940659063,1.3190875136581657,-0.003774127457675802,-0.0008904913566387127,-9.11291163276015,0.007371548025085328,0.0006715629058365955,6.872490531327487,0.006044527516920084,0.001570668935298442,16.07356107949664,0.0,0.0,0.0,0.00270084050704801,0.15750558642821424
2025-06-12 02:00:00+00:00,10255.667478841739,0.0006770120755748028,0.0011752256579847945,0.1143154401951727,0.18333769391252291,0.24311764515643988,0.11702935685684643,0.20720819414262423,0.24930710993156646,-0.0011886404848518994,-0.00021792260538381036,-2.233429718050138,0.0016236109106653185,0.00039472846125125513,4.0454650143617,0.00010921799912622099,1.2781712194933257e-05,0.13099630400182696,0.002352341853705475,0.0004874245075124247,4.995481668672621,0.0,0.0,0.0,0.0011752256579847945,0.15868081208619905
2025-06-12 04:00:00+00:00,10212.22214988981,-0.0042362263637700116,-0.008692265295018297,0.09765125737335716,0.12306696139900232,0.2229465354986306,0.09981994165481918,0.2555402414647075,0.2986263199828404,-0.006044731287988214,-0.0007439067120861871,-7.629259874434394,-0.003969597636972688,-0.0008850080404866116,-9.076348179331996,-0.013759965054056855,-0.0013735189088683061,-14.086353205254877,-0.004828173814257375,-0.0012337927023289073,-12.65336769290684,0.0,0.0,0.0,-0.008692265295018297,0.14998854679118076
2025-06-12 06:00:00+00:00,10211.130431968471,-0.0001069030721537902,-0.0003137538871980308,0.03684123737842932,0.14374651094119006,0.22386011197323247,0.10636120712654419,0.26424708735462216,0.261785082604411,-0.0010488592438867572,-0.0001507698567771361,-1.5396952709151834,-0.00011211248860787393,-2.5097514253356408e-05,-0.2563013909653015,-0.004650647768796423,-0.000494648510609557,-5.051460476456923,0.0021329007450132664,0.0005636128094862593,5.7557392169972035,0.0,0.0,0.0,-0.0003137538871980308,0.14967479290398272
2025-06-12 08:00:00+00:00,10183.09090543616,-0.0027459767279561704,-0.005536967135147079,0.05289203953408934,0.1387223551695437,0.23311271542110337,0.13722626077169156,0.21637920359217921,0.2745594650454821,-0.001052280756821733,-0.00014597486488590069,-1.4905683851389062,-0.00860107712395608,-0.002005020443911736,-20.473525271546062,-0.004004894871509568,-0.0005495767480009821,-5.611799856215096,-0.0002098384244131335,-4.540467115755152e-05,-0.4636330194103954,0.0,0.0,0.0,-0.005536967135147079,0.14413782576883563
2025-06-12 10:00:00+00:00,10194.69160513274,0.001139212033390325,0.0020906701971395887,0.185046872167613,0.2255352461874502,0.19872916512101463,0.1972794334715267,0.2545600120420506,0.12389614317795783,-0.0011723112676875758,-0.0002643975103662392,-2.692383883230413,0.004235695861714239,0.0008417563023050075,8.571680946595693,-0.00011169440411040732,-2.203500876484092e-05,-0.22438449735445765,0.0022937155193092362,0.0005838882502163975,5.94578713056963,0.0,0.0,0.0,0.0020906701971395887,0.14622849596597523
2025-06-12 12:00:00+00:00,10129.332048696133,-0.006411136203835854,-0.013114363716244205,0.166513975391623,0.22572704647311295,0.16432369171617325,0.18169046162311842,0.13804048190367726,0.2902183182839181,-0.005640544576719697,-0.0012732234678028724,-12.98012059866794,-0.008283077817336282,-0.0013611059257170404,-13.87605515460394,-0.014968722073279594,-0.0027196740234023318,-27.726237935077336,-0.007658136021658213,-0.0010571327869136095,-10.777142748258752,0.0,0.0,0.0,-0.013114363716244205,0.13311413224973104
2025-06-12 14:00:00+00:00,10155.555302834362,0.002588843372115967,0.004814734643465191,0.1734133630708799,0.12015272026275294,0.10748873648894809,0.1706863799898237,0.25398656427812527,0.34768559898035,0.0015888539811854674,0.00019090512793973878,1.9337414307004315,0.007227635724228909,0.0007768894317997487,7.869371019822523,0.008958947607166978,0.0015291703355858246,15.489474088164913,0.000361745421659565,9.187847679065464e-05,0.9306675995409618,0.0,0.0,0.0,0.004814734643465191,0.13792886689319622
2025-06-12 16:00:00+00:00,10105.258729359764,-0.0049526167673529745,-0.009817091567223062,0.12141197081164493,0.08929813970721623,0.15722623828591745,0.12692604300696747,0.32566103329280083,0.300888545707098,-0.0004654863884457905,-4.156706854723972e-05,-0.4221366634081998,-0.010816394074623759,-0.0017006209521711806,-17.270750128933255,-0.011801730920534936,-0.0014979470063764752,-15.21248366397147,-0.0052584791092227245,-0.0017124817402580793,-17.391203018284955,0.0,0.0,0.0,-0.009817091567223062,0.12811177532597315
2025-06-12 18:00:00+00:00,10189.4558873994,0.008332014082430925,0.015223221631278299,0.18426025239412686,0.16793938919902351,0.15103233942330802,0.13221716656262855,0.1475946797612834,0.4012164250537565,0.011833569797916166,0.001987322483906053,20.082407878544572,0.015560024854860188,0.002350066955314353,23.748034614770287,0.019222020018198283,0.0025414810224163027,25.68232328727452,0.009845501363223264,0.0014531436207942169,14.684392259044214,0.0,0.0,0.0,0.015223221631278299,0.14333499695725144
2025-06-12 20:00:00+00:00,10055.789489889372,-0.013118109444423159,-0.0266081425828056,0.16581665038248494,0.2321786054402296,0.13669865047531746,0.23379460070390737,0.07055620367028563,0.32677193971025986,-0.01382986386227758,-0.0032109985049718365,-32.71832762091595,-0.02429664278395871,-0.003321318279648016,-33.84242609848672,-0.024439236692333388,-0.005713761583992366,-58.22012161120753,-0.01235938203089848,-0.0008720310758109416,-8.88552217941703,0.0,0.0,0.0,-0.0266081425828056,0.11672685437444584
2025-06-12 22:00:00+00:00,9974.387771008434,-0.008095010238906054,-0.014480608403123627,0.19067634452844032,0.17360060119554352,0.1915659651663249,0.10169626042015319,0.1740716786584049,0.35906549455957354,-0.008385445051868223,-0.0014557183022965191,-14.638396804472936,-0.022786641929498974,-0.004365145054123919,-43.89497975710188,-0.010638297872340496,-0.0010818751108527007,-10.879108369085486,-0.006849315068493178,-0.001192271771632915,-11.989233950278049,0.0,0.0,0.0,-0.014480608403123627,0.10224624597132222
2025-06-13 00:00:00+00:00,9972.529008289905,-0.00018635356487058617,-0.00031376852051645765,0.1058332547154525,0.14719466805862297,0.15169133201849766,0.16146130094932507,0.22013989284468546,0.3195128061288688,-0.0021019068822577536,-0.00030938948582406514,-3.085970703882143,0.0034439681195628236,0.0005224201114857253,5.210820771332081,-0.004162330905306932,-0.0006720553629524392,-6.703340793673445,0.0012386268063306893,0.0002726711724201929,2.7197280076945045,0.0,0.0,0.0,-0.00031376852051645765,0.10193247745080576
2025-06-13 02:00:00+00:00,9730.503025223845,-0.02426926839369134,-0.041389171842166214,0.16697093783998326,0.14130692756000623,0.20880490953805092,0.13317055888576393,0.3299972531651155,0.18672035085106345,-0.017962134436321442,-0.0025381740296163673,-25.312014138437302,-0.054717595150340914,-0.011425302505506628,-113.93916066465218,-0.042493904562870055,-0.005658937019875719,-56.43391358679624,-0.014081495509805197,-0.004646854838692623,-46.340894676174486,0.0,0.0,0.0,-0.041389171842166214,0.06054330560863955
2025-06-13 04:00:00+00:00,9787.990632369394,0.005907978960237404,0.00923438276344204,0.2125903478824427,0.22236141216394464,0.1460858359664357,0.2647064221642682,0.21224361096674696,0.15460271873860457,0.004852580592472178,0.0010790266731814646,10.499472307689462,0.006509051023594337,0.0009508801601299627,9.252542274769935,0.009943009579240991,0.0026319784912659286,25.61047467158721,0.005871053691483219,0.001246093635660048,12.125117891502276,0.0,0.0,0.0,0.00923438276344204,0.06977768837208159
2025-06-13 06:00:00+00:00,9763.39428422123,-0.0025129108794632723,-0.0036158418318163192,0.11456288254997021,0.17955218918761892,0.11247403986299528,0.24287997408005338,0.1959281955807577,0.26916560128857475,-0.002636817513930745,-0.00047344635711452006,-4.634088508366337,-0.0030584810207133772,-0.0003439997162439309,-3.3670660001333257,-0.0050426221635250235,-0.0012247519403724603,-11.98786051934188,-0.0024024763987495756,-0.00047071286573236126,-4.607333120324104,0.0,0.0,0.0,-0.0036158418318163192,0.06616184654026527
2025-06-13 08:00:00+00:00,9838.608679346724,0.007703713783950192,0.011986628057798892,0.1934703599675262,0.21884842148346323,0.2666481675346772,0.19139416101439596,0.13820355811498328,0.18490569185248032,0.008583948079589732,0.0018785834873142184,18.341351282476023,0.007911019975026301,0.002109458979670991,20.595479744918897,0.011343067455050093,0.002170996878889012,21.196298518407108,0.011176806582583243,0.001544674438075971,15.081265579693573,0.0,0.0,0.0,0.011986628057798892,0.07814847459806416
2025-06-13 10:00:00+00:00,9826.716808493857,-0.0012086943632418283,-0.0017161033284594839,0.09586746170467937,0.2256985676638986,0.20851939896520197,0.23089031546846456,0.10046486497977908,0.2344268529226557,-0.0006163305575737077,-0.00013910492405187782,-1.368598913116672,-0.0020977969174260647,-0.0004374313523727364,-4.303715900072779,-0.0026249850853119483,-0.0006060836344476901,-5.963019706287051,-0.00025953802232026035,-2.6074452369523844e-05,-0.25653633339201004,0.0,0.0,0.0,-0.0017161033284594839,0.07643237126960468
2025-06-13 12:00:00+00:00,9858.752727773184,0.003260083698722081,0.0049190476132213645,0.13281904695768526,0.17875689541826467,0.14816477824493177,0.20536756147668345,0.13782508509423938,0.3298856797658807,0.0019948419522741734,0.00035659175423864134,3.5041261851471672,0.00961858826889217,0.0014251359978897104,14.004407864852483,0.00753678669697333,0.0015478115053273202,15.209905335780157,-0.0005039398937145556,-6.945555873359058e-05,-0.6825201064507068,0.0,0.0,0.0,0.0049190476132213645,0.08135141888282604
2025-06-13 14:00:00+00:00,9830.02460847102,-0.0029139709753785337,-0.004214001395335271,0.18810201152833067,0.1955608564325744,0.16042171044080986,0.19490356996107833,0.2968662034123823,0.1522476597531552,-0.0029194737064577314,-0.0005709347783672562,-5.628704803608765,-0.0009468022833256651,-0.00015188764174036746,-1.4974227023228839,-0.004749465685110477,-0.0009256878174356706,-9.126127295210322,-0.004262730897923617,-0.0012654607378352395,-12.475864501023034,0.0,0.0,0.0,-0.004214001395335271,0.07713741748749077
2025-06-13 16:00:00+00:00,9861.390916385895,0.0031908676899795917,0.004815286444176679,0.11467927876609718,0.1398016132971687,0.26169512390526317,0.1530579085250297,0.27979182921773943,0.16565352505479908,0.00672234357864121,0.0009397944774319036,9.238202840060774,0.0032559968541094886,0.0008520785001713297,8.37595262503325,0.004175614411835005,0.0006391108086824379,6.282474976888178,0.0027158902596207124,0.0007598839036939204,7.46967747289226,0.0,0.0,0.0,0.004815286444176679,0.08195270393166745
2025-06-13 18:00:00+00:00,9880.293643493229,0.0019168418803804477,0.002887450668341338,0.20614195599695406,0.14744424521571975,0.20956850255268508,0.35155723260343263,0.15445580500268874,0.1369742146254737,-0.0004356161179670526,-6.4229089717454e-05,-0.6333881619074356,-0.003170957323382795,-0.0006645327779198027,-6.553217499819028,0.008197695140786498,0.0028819590174215086,28.420124475796886,-0.0015302452983213533,-0.0002363552694038042,-2.3307917067386157,0.0,0.0,0.0,0.002887450668341338,0.0848401546000088
2025-06-13 20:00:00+00:00,9852.30006723676,-0.0028332737129634048,-0.0041219537063444675,0.2224892938857371,0.3097575222195553,0.2616674954029804,0.15681150150935813,0.12671224221102623,0.14505123865707997,-0.0026655991492248177,-0.0008256893876944343,-8.158053608737136,-0.006082911618872422,-0.0015917002480680354,-15.726465843333207,-0.0011784115012961616,-0.00018478847691414803,-1.8257644138456521,-0.0018237827399654183,-0.00023109560028678714,-2.283292390552795,0.0,0.0,0.0,-0.0041219537063444675,0.08071820089366433
2025-06-13 22:00:00+00:00,9904.710206199945,0.005319584117973939,0.008035218873748116,0.2470957338935942,0.22731522292891065,0.11689639147652416,0.2652155534312301,0.10682991153453296,0.28374292062880224,0.0047813714412168196,0.001086878515066128,10.708253267064203,0.01039672115582424,0.001215339186303491,11.973886346933353,0.010146295422369,0.002690955355720351,26.51209963209473,0.0030554276063259334,0.0003264110608839693,3.2158997170939525,0.0,0.0,0.0,0.008035218873748116,0.08875341976741244
2025-06-14 00:00:00+00:00,9953.575013900256,0.004933491912739049,0.007355044045496842,0.1979315956977754,0.28880004375550455,0.14619596516394037,0.14503276821543554,0.21397711271829825,0.2059941101468214,0.004298825007399643,0.001241500850234274,12.296706142321323,0.009862960062646753,0.00144192496573204,14.281848924660641,0.010861948142957267,0.0015753384073856017,15.603270401850937,0.003153270369973704,0.0006747276893871333,6.682982231478445,0.0,0.0,0.0,0.007355044045496842,0.09610846381290929
2025-06-14 02:00:00+00:00,9900.22609340981,-0.005359774796085178,-0.007837745515504412,0.15121587206946457,0.13758417168603995,0.20037412544708705,0.20834438445568915,0.22978450780592205,0.22391281060526183,-0.005621374270635027,-0.0007734121227625371,-7.698215580576747,-0.008324318875305936,-0.0016679781145821063,-16.60234528503691,-0.00658578856152503,-0.0013721120640062508,-13.657420356563726,-0.006729228656443098,-0.0015462724947342835,-15.39093926826838,0.0,0.0,0.0,-0.007837745515504412,0.08827071829740488
2025-06-14 04:00:00+00:00,9892.965511078719,-0.0007333754060347441,-0.0010426224443670776,0.15069549989510206,0.15921374725823212,0.21800531525128428,0.09103377074106843,0.34121924232463463,0.19052792442478045,-0.002289932668280703,-0.00036458876108601295,-3.609511165867701,-0.00350311996621977,-0.0007636987725988093,-7.560790515987777,0.001977204000930488,0.00017999233572902931,1.781964818798315,0.0006298583586812345,0.0002149197919210488,2.1277545319669744,0.0,0.0,0.0,-0.0010426224443670776,0.0872280958530378
2025-06-14 06:00:00+00:00,9902.104950323082,0.0009238321142562373,0.0013897631693326723,0.1862308491448027,0.16554191663105652,0.2793512224719873,0.11563678180259317,0.15498839317983198,0.28448168591453105,0.0005651493036651356,9.355589891143352e-05,0.9255452812887789,0.0013849872094664484,0.0003868978700725187,3.8275672849372424,0.00150899593731868,0.00017449543394471977,1.7262773098558275,0.001734858371075454,0.0002688829113275653,2.6600493682820407,0.0,0.0,0.0,0.0013897631693326723,0.08861785902237047
2025-06-14 08:00:00+00:00,9888.390737182439,-0.0013849795785284915,-0.0020033528724657276,0.1756601796725736,0.15233560895902531,0.22279322682094274,0.2497110798246904,0.19657427483030832,0.17858580956503317,-0.0020107647288445385,-0.0003063110694418622,-3.033124357059021,-0.005794796045903827,-0.0012910413098361534,-12.784026545200172,0.001622624014835372,0.0004051871948940152,4.012206128367551,-0.0009808729769494873,-0.0001928143941444912,-1.909268366751712,0.0,0.0,0.0,-0.0020033528724657276,0.08661450614990475
2025-06-14 10:00:00+00:00,9856.055014369364,-0.0032700692835169755,-0.004754352244035356,0.13774066151220749,0.17996910189536777,0.1748177641186495,0.35981824840055554,0.1580139618014692,0.12738092378395816,-0.002039750243132188,-0.00036709201934735793,-3.629949323808011,-0.005714285714285672,-0.0009989586521065611,-9.878093482318773,-0.0035871326081925448,-0.0012907157718603578,-12.763101882799244,-0.0038813205694649966,-0.0006133028402026987,-6.064578124148047,0.0,0.0,0.0,-0.004754352244035356,0.0818601539058694
2025-06-14 12:00:00+00:00,9875.578953002192,0.001980908041236072,0.0029813326695459935,0.22185173935232358,0.17240244011509523,0.19094094536854572,0.14553317082850445,0.279310433583904,0.21181301010395065,0.002095606179000953,0.0003612876187800353,3.560870646706534,0.0061474435196196,0.0011737986772359064,11.569024338631081,-0.0010451747764487207,-0.00015210759928655561,-1.4991808666719424,0.0021407340099490746,0.0005979293445066855,5.8932245141637045,0.0,0.0,0.0,0.0029813326695459935,0.08484148657541539
2025-06-14 14:00:00+00:00,9869.380987667259,-0.0006276052638968711,-0.0008873808597390724,0.13506401748134916,0.22262885448593014,0.12371187413073434,0.23037077393901864,0.2721748112498316,0.15111368619448518,-0.0006147579400126446,-0.00013686285597114522,-1.351599939876412,-0.0015008804377372176,-0.0001856767317986281,-1.8336652246127647,0.0029063008602649987,0.0006695267784788834,6.611964562017421,-0.0035807591824189577,-0.0009745924546059812,-9.624664732461572,0.0,0.0,0.0,-0.0008873808597390724,0.08395410571567631
2025-06-14 16:00:00+00:00,9825.894074893005,-0.004406245217262821,-0.006413288395498165,0.15726184628831458,0.10628723780847371,0.13018838775879601,0.18945054432816053,0.2981284348720961,0.27594539523247363,-0.0016770552615991141,-0.00017824957140753713,-1.7592129311093843,-0.0060322720637551175,-0.000785331774502704,-7.750738484287977,-0.0110119392604614,-0.002086217887003054,-20.589679150119302,-0.00454987121550976,-0.0013564459843495261,-13.387282208736814,0.0,0.0,0.0,-0.006413288395498165,0.07754081732017815
2025-06-14 18:00:00+00:00,9804.752553394515,-0.002151613007157412,-0.003101353462647464,0.06722887967212121,0.15147778902431658,0.1522267162150744,0.16228941294841237,0.2587194997911241,0.27528658202107265,-0.002223456044846417,-0.0003368042056660869,-3.3094024488534486,-0.003143593142839074,-0.0004785388612506175,-4.702072161368489,-0.0035161744022502717,-0.0005706378795654314,-5.607027359731481,-0.002959313315360479,-0.0007656320606752761,-7.523019528537318,0.0,0.0,0.0,-0.003101353462647464,0.07443946385753068
2025-06-14 20:00:00+00:00,9786.321290393998,-0.0018798294908662062,-0.0026995425275763017,0.08379218788460122,0.10483384102048746,0.11507847633430228,0.16929466396029383,0.2632361767733181,0.34755684191159836,0.00035828938042903324,3.756085194722622e-05,0.3682748590372396,-0.0015886983424181489,-0.0001828249846003122,-1.792553734584224,-0.003528581510232831,-0.0005973700210313732,-5.8570652390286915,-0.00432005718636852,-0.001137195337181747,-11.149918885941071,0.0,0.0,0.0,-0.0026995425275763017,0.07173992132995438
2025-06-14 22:00:00+00:00,9825.50881159622,0.00400431582403578,0.00611092536211582,0.035642116898009106,0.11855619800127909,0.099664687171136,0.18912384993101672,0.2430078490384753,0.34964741585809295,0.006401507716612409,0.0007589384163574168,7.427215182096493,0.008155533399800463,0.0008128186850048643,7.954504802293157,0.00684608120868746,0.0012947572351273608,12.67091029601856,0.00468215941192085,0.0011378014875461381,11.134890921814733,0.0,0.0,0.0,0.00611092536211582,0.07785084669207021
2025-06-15 00:00:00+00:00,9832.586762481404,0.0007203648198686899,0.0011251066613952195,0.019899737665317135,0.12264583908797437,0.11272195506458856,0.16922411226569958,0.2456105546584547,0.34979753892328286,0.0009407917444290703,0.00011538419290254247,1.1337084040828491,0.00111552839257123,0.00012574454134068688,1.2355040989530441,-0.0014067995310667047,-0.00023806440178056557,-2.33910387742233,0.0029204790828452065,0.0007173004874060262,7.047842259570174,0.0,0.0,0.0,0.0011251066613952195,0.07897595335346543
2025-06-15 02:00:00+00:00,9837.497424391018,0.0004994272644867469,0.000795354062080305,0.05346998698553443,0.1211442677085044,0.13411841272567215,0.11725569665963512,0.2499276786888403,0.37755394421734806,6.0712635428172845e-05,7.3549877595993995e-06,0.0723185552832498,-0.0006993918846832647,-9.38013294469358e-05,-0.922309710223098,0.0028175628081708037,0.00033037528995434547,3.248443702656053,0.0010222889980018302,0.0002554983162197379,2.5122093618984827,0.0,0.0,0.0,0.000795354062080305,0.07977130741554574
2025-06-15 04:00:00+00:00,9848.801226311838,0.0011490525926638627,0.0017667642327649413,0.08734894190918863,0.15235809539421832,0.09926633407127503,0.1363652847625771,0.1974308154340488,0.4145794703378808,0.0004980979601507673,7.588925652831617e-05,0.7465603656362596,0.0004389086595493197,4.356885362559828e-05,0.4286084853254924,0.004682744088035484,0.0006385637310352332,6.281869059368625,0.001980596345180663,0.0003910307514747151,3.846764010490194,0.0,0.0,0.0,0.0017667642327649413,0.08153807164831067
2025-06-15 06:00:00+00:00,9884.615203059591,0.003636379283610009,0.005524164251431023,0.11920190638402876,0.19962571451648542,0.1253326835353451,0.1276847678030607,0.24329875323174038,0.3040580809133684,0.005692517763222993,0.0011363729258811754,11.191911065966092,0.008300034385856803,0.0010402655830150731,10.245368949688851,0.004311349335819115,0.0005504936388619437,5.421702425500377,0.0037371631534246497,0.0009092471358518165,8.954994306597897,0.0,0.0,0.0,0.005524164251431023,0.0870622358997417
2025-06-15 08:00:00+00:00,9852.731735773625,-0.003225564843039901,-0.004745106204846197,0.18371297792097732,0.10908527506323264,0.14396164652139018,0.0880513512304772,0.4083827681666727,0.2505189590182274,-0.006089619553151349,-0.0006642878239859547,-6.566229524178942,-0.008819690252478307,-0.0012696971305554325,-12.550467559969368,-0.007889546351084742,-0.0006946852168084924,-6.866696055405972,-0.0014616059202733345,-0.0005968946716900215,-5.900074146412449,0.0,0.0,0.0,-0.004745106204846197,0.0823171296948955
2025-06-15 10:00:00+00:00,9808.825716091642,-0.004456228065417377,-0.006521971274483024,0.12085290575289062,0.1317079987250221,0.18554331783221317,0.1446998620107554,0.4018089584878944,0.1362398629441151,-0.00486445725993101,-0.0006406879305889179,-6.312526306440561,-0.007217404028300178,-0.0013391410895463958,-13.194197911652243,-0.005262542392702629,-0.000761489158049821,-7.5027483939650095,-0.004267973251979917,-0.0017149098872322422,-16.89654706992508,0.0,0.0,0.0,-0.006521971274483024,0.07579515842041248
2025-06-15 12:00:00+00:00,9830.034979164084,0.002162263219505197,0.003304880621695326,0.05455005492520041,0.11011266809214144,0.18806281132019992,0.11174513771843553,0.42207672122531625,0.1680026616439068,0.000527664498406466,5.810254577703749e-05,0.5699177451881972,0.002286524641883947,0.0004300102523056084,4.217895620998307,0.0034093581001644058,0.0003809791904343352,3.736958480428082,0.0030638297872340736,0.001293171230988216,12.684491225827099,0.0,0.0,0.0,0.003304880621695326,0.07910003904210781
2025-06-15 14:00:00+00:00,9869.054193887237,0.00396938716961418,0.006042508052201956,0.08689845419439371,0.10611265558954545,0.15287998479950046,0.12791637768138892,0.4928039354567566,0.12028704647280854,0.0051963165654811405,0.00055139495004715,5.420231646297917,0.010707046619768734,0.001636893124477787,16.090716670769833,0.011130638547158789,0.0014237909642333896,13.995914981431978,0.0007250512935224052,0.00035730813085585325,3.512351424652775,0.0,0.0,0.0,0.006042508052201956,0.08514254709430977
2025-06-15 16:00:00+00:00,9859.472342811965,-0.0009708986177427249,-0.0014050584723083813,0.10246454664237487,0.06496585229058499,0.1718113537955549,0.1324473502262333,0.43148619211334227,0.19928925157428462,0.0004550969867405108,2.956576361847434e-05,0.29178612343438287,-0.00048367308418273414,-8.310052738790695e-05,-0.8201236083318643,-0.0018539976825028281,-0.000245557080373077,-2.4234161338946207,-0.0015569600739940848,-0.0006718067736002153,-6.630097456481058,0.0,0.0,0.0,-0.0014050584723083813,0.08373748862200138
2025-06-15 18:00:00+00:00,9873.977961228877,0.0014712367875840775,0.002243990786776645,0.13725173565490154,0.11603761374873327,0.2284096641817139,0.16202901403682748,0.3058983179501285,0.18762539008259677,0.0011903680412230777,0.00013812746698627968,1.3618639405338973,0.004697440013218923,0.00107294069593308,10.578629117029624,-0.0005804504295332524,-9.40498107945259e-05,-0.9272815083753263,0.0011579613704086889,0.00035421843545924364,3.492406867724538,0.0,0.0,0.0,0.002243990786776645,0.08598147940877802
2025-06-15 20:00:00+00:00,9845.90898818241,-0.002842721865157343,-0.004189659361675882,0.051694166489849945,0.1518323857399427,0.2365280897436274,0.16980998297355454,0.2624650284724182,0.17936451307045717,-0.0037417098079139954,-0.0005681127268821247,-5.609532544727739,-0.00664121390112582,-0.0015708336376121137,-15.510376718538998,-0.00011615750958304805,-1.9724704724547885e-05,-0.19476129974193293,-0.002606255012028935,-0.0006840507959385571,-6.7543024834583845,0.0,0.0,0.0,-0.004189659361675882,0.08179182004710214
2025-06-15 22:00:00+00:00,9808.85349677991,-0.0037635419387865637,-0.005528489085376025,0.19412219888838148,0.10580021955793309,0.15150701925627325,0.15931211414001065,0.4565872273607997,0.1267934196849834,-0.004619818054538483,-0.0004887777644878747,-4.8124613845948705,-0.007639575999590087,-0.0011574493880796583,-11.396141333459738,-0.007086431226765777,-0.0011289543404438451,-11.115581687823598,-0.002164669501352856,-0.0009883604457751854,-9.731306996621871,0.0,0.0,0.0,-0.005528489085376025,0.07626333096172612
2025-06-16 00:00:00+00:00,9871.7769058267,0.006414960634027949,0.009874472452576624,0.026017069342640663,0.10968322352442975,0.15956385625896524,0.1704111956238024,0.4595653742504599,0.10077635034234265,0.0075020215585202,0.0008228459074882619,8.071174956977277,0.012000429012357872,0.0019148347299737876,18.782333336859,0.0097110097110098,0.0016548647755675356,16.232326140523522,0.004400712791508443,0.0020224152209983638,19.837574612430714,0.0,0.0,0.0,0.009874472452576624,0.08613780341430274
2025-06-16 02:00:00+00:00,9895.86898157288,0.0024405004262159913,0.003677886097156146,0.2745380618201404,0.1126385107137918,0.18263176256774258,0.2543227355121095,0.18502731243031947,0.2653796787760366,0.002093584466241527,0.00023581823633097435,2.3279450193848956,0.002735886827705869,0.0004996598335297927,4.932530405408621,0.004403244495944536,0.0011198451853372542,11.054861838713526,0.003162652925839504,0.00058517717101797,5.776738482672197,0.0,0.0,0.0,0.003677886097156146,0.0898156895114589
2025-06-16 04:00:00+00:00,9911.305014250836,0.001559846104137014,0.002350357962882094,0.10323525751319192,0.1299713234532566,0.24755479981486037,0.18804198625306645,0.2060067199569288,0.22842517052188768,0.0010089298227691224,0.00013113194433676245,1.297664540455509,0.005347237717207021,0.0013237343626456548,13.099501819147282,-0.0016151361329026503,-0.0003037134065001111,-3.005508078672284,0.001983882874015741,0.0004086932036547078,4.044374397026271,0.0,0.0,0.0,0.002350357962882094,0.09216604747434098
2025-06-16 06:00:00+00:00,9958.16210095936,0.004727640471275038,0.007101407553808203,0.21821588446305445,0.1185221276187249,0.11417497628759604,0.11465512115180805,0.2835154208794692,0.36913235406240175,0.006024630423278943,0.0007140520158835194,7.077187325462243,0.015251630487686185,0.0017413545492787471,17.259096075854952,0.008204298590247294,0.0009406648488304115,9.323216232942363,0.004696637146409222,0.0013315690572823595,13.19758707426391,0.0,0.0,0.0,0.007101407553808203,0.09926745502814918
2025-06-16 08:00:00+00:00,9991.067800938148,0.003304394891866589,0.00491384838711436,0.12115385897203435,0.12223261013825865,0.2132665648936965,0.13300690899820825,0.28069754747023495,0.2507963684996017,0.004709178369855405,0.000575615163754056,5.732069108433157,0.008157489012126984,0.0017397196597743955,17.3244103822593,0.0034383954154726393,0.00045733034612562576,4.554169720406833,0.0018943155257489241,0.0005317297222125117,5.295050767690282,0.0,0.0,0.0,0.00491384838711436,0.10418130341526355
2025-06-16 10:00:00+00:00,9974.996433469603,-0.001608573556775913,-0.0024028644236261374,0.2735020694817796,0.33050794557162466,0.16494253683986695,0.19823364304662175,0.15633042312171455,0.14998545142017197,-0.0010829259362349353,-0.00035791562639123667,-3.575959290290093,-0.0027199860006315024,-0.000448641391113084,-4.482406556918032,-0.003997715591090745,-0.0007924817254861972,-7.917738650337049,-6.099141545834463e-05,-9.534813785395298e-06,-0.09526297099920414,0.0,0.0,0.0,-0.0024028644236261374,0.10177843899163741
2025-06-16 12:00:00+00:00,9963.69193633427,-0.001133283326037383,-0.0016919342244769151,0.15896225759699856,0.1715456879746262,0.17855885573732844,0.2107662247540863,0.2565997743955933,0.18252945713836588,-0.0005784235126071735,-9.922605941089744e-05,-0.989779588730945,-0.0017279919436665736,-0.0003085482641844255,-3.077767834792881,-0.0009174311926605228,-0.00019336350894869718,-1.9288003121264221,-0.002073834611689751,-0.000532145493493363,-5.308149399683217,0.0,0.0,0.0,-0.0016919342244769151,0.1000865047671605
2025-06-16 14:00:00+00:00,10013.107022446771,0.004959515652255401,0.007400473363986794,0.16981501523456194,0.1788918540683546,0.21503796877375173,0.24026539633105565,0.0867847591610313,0.27902002166580675,0.0025828000449084065,0.00046204188872149435,4.603643040903009,0.008792476910672864,0.0018907163753612043,18.838515503081588,0.009756657483930065,0.002344187177242817,23.356758875152448,0.0030255336705224956,0.0002625702109298858,2.6161686933636914,0.0,0.0,0.0,0.007400473363986794,0.10748697813114728
2025-06-16 16:00:00+00:00,10013.273233172993,1.6599315861648965e-05,6.304944153312473e-06,0.11639769467912868,0.20486634426925823,0.23545265133778578,0.2162350902715987,0.1567932810752223,0.18665263304613502,0.0024720030951830285,0.0005064302371324382,5.070940163810201,-0.0029469473716109418,-0.0006938665719987153,-6.947760244721405,-0.00022735023303399604,-4.916109816337514e-05,-0.49225533725088666,0.001614844380798619,0.0002531967488913012,2.53528614438418,0.0,0.0,0.0,6.304944153312473e-06,0.1074932830753006
2025-06-16 18:00:00+00:00,10013.239550014163,-3.363850965245577e-06,-2.3425041012336756e-05,0.1634154350453177,0.18492282062589616,0.13920442169764136,0.1830596736149603,0.32020871612053997,0.17260436794096218,0.003072377220340483,0.0005681526616121126,5.68906783887656,0.0006268425371547259,8.725925288010589e-05,0.8737507412110377,0.0011370096645821892,0.00020814061809547107,2.084168879911463,-0.0027073478637807957,-0.0008669163835529351,-8.680670618829737,0.0,0.0,0.0,-2.3425041012336756e-05,0.10746985803428825
2025-06-16 20:00:00+00:00,10078.952861183434,0.006562642473601524,0.009724205107446066,0.16317068549225955,0.20843897636042782,0.19140559386218556,0.2390969013132509,0.15703803062828045,0.20402049783585527,0.008324438928640099,0.0017351375290606387,17.374347730703835,0.010118114272046341,0.0019366636710064853,19.392277265597755,0.008745031232254341,0.002090909869519613,20.936781400988743,0.005093870579084614,0.0007999314040147863,8.009904771979215,0.0,0.0,0.0,0.009724205107446066,0.11719406314173432
2025-06-16 22:00:00+00:00,10061.494009626496,-0.0017322088710401344,-0.0026265846633030626,0.10993807394384567,0.20238082457122758,0.17952249423649427,0.25895423847396615,0.24711876741141084,0.1120236753069011,-0.0012784853220846326,-0.0002587409136856994,-2.607837472297696,-0.004348741232982789,-0.0007806968729341578,-7.868606981176689,-0.0011258725512270917,-0.000291549469121753,-2.9385133559812036,-0.0016235983187410374,-0.0004012216152985241,-4.0438937474816985,0.0,0.0,0.0,-0.0026265846633030626,0.11456747847843125
2025-06-17 00:00:00+00:00,9867.87338180131,-0.01924372539902501,-0.0298447770603119,0.15600554219170407,0.29062845162829637,0.18379439610923468,0.27566930110635596,0.09111322521970676,0.15879462593640614,-0.01583744266821252,-0.004602811440414519,-46.31115973517099,-0.03956254695221151,-0.007271374425624957,-73.16089022517681,-0.02310640216411175,-0.006369725735663077,-64.08895733233777,-0.010973311447504464,-0.0009998137973224607,-10.059620532501858,0.0,0.0,0.0,-0.0298447770603119,0.08472270141811936
2025-06-17 02:00:00+00:00,9919.897247360488,0.0052720442942774184,0.007390196421259905,0.28848344383447966,0.144334044154845,0.13303482939244599,0.18423983146211634,0.34179136512131214,0.1965999298692805,0.0035486836263991517,0.0005121958592242706,5.054283885508031,0.014440858904868792,0.001921137200689604,18.957538645473225,0.0035767855082498023,0.0006589863592160837,6.502793953078549,0.0063773550112180555,0.00217972487514746,21.509249075117808,0.0,0.0,0.0,0.007390196421259905,0.09211289783937926
2025-06-17 04:00:00+00:00,9951.93041913438,0.0032291838287352524,0.004476120614343425,0.10553076792349783,0.2122386538175605,0.14340787675038308,0.16034721238314628,0.2601532162767844,0.22385304077212576,0.0038899537768242176,0.0008255985530057071,8.189852813386116,0.0102638216753006,0.0014719128737994188,14.60122446515732,0.0020694412508621696,0.0003318291357664402,3.2917109304835197,0.0023057307334055643,0.0005998432661636864,5.950383564864878,0.0,0.0,0.0,0.004476120614343425,0.09658901845372268
2025-06-17 06:00:00+00:00,9907.135969206074,-0.00450108150295951,-0.006195641325243846,0.08075265328921695,0.16189332152649533,0.17755690990396114,0.18010447050758358,0.22974589527863262,0.25069940278332736,-0.0043535478673238925,-0.000704810324665655,-7.01422330976011,-0.010508552581115271,-0.0018658661238661225,-18.568969836135622,-0.010096374483708037,-0.0018184021804345135,-18.096611973686517,-0.00048750761730642633,-0.00011200287399321793,-1.1146448087235805,0.0,0.0,0.0,-0.006195641325243846,0.09039337712847884
2025-06-17 08:00:00+00:00,9911.16516077439,0.00040669589887930123,0.0005793184204878495,0.11194865669063539,0.18429950288836006,0.19223887834396036,0.25496497739635504,0.20105769658904907,0.16743894478227556,-0.0033932335660989965,-0.0006253712594161423,-6.195638098269367,0.0008720930232557489,0.00016765018460227851,1.6609331741172717,0.0012749188687992685,0.000325059660565592,3.2204102553272937,0.0026825996829655807,0.000539357313127573,5.343486237140522,0.0,0.0,0.0,0.0005793184204878495,0.09097269554896668
2025-06-17 10:00:00+00:00,9885.62658606722,-0.002576747969879973,-0.003529798447295111,0.1849593454301907,0.0993774637958114,0.17981122417834153,0.16735532522433183,0.27745180996488733,0.276004176836628,-0.005600864455595711,-0.0005565997046612097,-5.516551601335496,-0.0060567334688740315,-0.0010890686595601726,-10.793939356324048,-0.004051394837365385,-0.000678022500619463,-6.7199929863607535,-0.0009120758847136479,-0.0002530571050391275,-2.508090763150226,0.0,0.0,0.0,-0.003529798447295111,0.08744289710167158
2025-06-17 12:00:00+00:00,9825.905340996751,-0.006041220002649027,-0.008248745131909922,0.23989023246481356,0.2384300274254884,0.2024920892234451,0.24551212901436484,0.19432534745954322,0.1192404068771586,-0.0048897622827607234,-0.0011658661551827581,-11.525317459470644,-0.005622202048616742,-0.0011384514388607372,-11.254305810948184,-0.010692701069270116,-0.0026251878044306815,-25.95162635289938,-0.005720893433144636,-0.0011117146041748505,-10.989995447150097,0.0,0.0,0.0,-0.008248745131909922,0.07919415196976165
2025-06-17 14:00:00+00:00,9828.157562918088,0.00022921266215942117,0.0003627463966601667,0.08228673300956657,0.183883218003235,0.1998729564093441,0.2840513417233291,0.16920455668633097,0.16298792717776084,-0.002765958977477334,-0.0005086134376434696,-4.997587493443686,0.00034088504729301583,6.813370219819416e-05,0.669475308331118,0.003524436090225569,0.001001120800246697,9.83691821812696,-0.001958743955438491,-0.0003314284026420003,-3.2565841116780523,0.0,0.0,0.0,0.0003627463966601667,0.07955689836642181
2025-06-17 16:00:00+00:00,9709.905707416485,-0.012031945432760514,-0.016047302596381853,0.07069302046760388,0.1871671132765916,0.20783972447374505,0.23404477832046497,0.22864691381617738,0.14230147011302113,-0.01051416772853131,-0.0019679064222551034,-19.340894387001573,-0.021166839662364656,-0.004399310123405809,-43.23711306097291,-0.01533598688831661,-0.0035893076516016185,-35.276281141728205,-0.009076970254523253,-0.002075421235497984,-20.397566911900313,0.0,0.0,0.0,-0.016047302596381853,0.06350959577003995
2025-06-17 18:00:00+00:00,9647.188546294386,-0.006459090645359788,-0.00836438073554548,0.13235472118947472,0.16998414359142167,0.13797172775034933,0.18874102353955585,0.3102664215341939,0.19303668358447923,-0.004102200253603083,-0.0006973089969492329,-6.770804609310221,-0.012809072392667598,-0.0017672898488956493,-17.16021779045108,-0.01129473308762341,-0.0021317794835641305,-20.699377774412717,-0.006003589775329554,-0.001862712315950776,-18.08676094792542,0.0,0.0,0.0,-0.00836438073554548,0.055145215034494474
2025-06-17 20:00:00+00:00,9749.607518579052,0.010616458027453644,0.015220685824414574,0.17918976950451426,0.15660488923407134,0.21905971547784872,0.06814220145223515,0.26505472847435074,0.2911384653614941,0.008400793727243006,0.0013156053711331722,12.691893067839315,0.024872314552087715,0.005448522149055892,52.562920470603274,0.019961519961519958,0.0013602219145107063,13.122317274086308,0.009402241594022476,0.002492108592753874,24.041841472136994,0.0,0.0,0.0,0.015220685824414574,0.07036590085890905
2025-06-17 22:00:00+00:00,9732.692807104804,-0.0017349120405119054,-0.0022024836211921067,0.14191263608773466,0.15242487036692817,0.12491144153032423,0.15157384749849118,0.32353571851582935,0.2475541220884271,-0.0012755272618757418,-0.0001944220775408928,-1.895538948970448,-0.0034211900204085266,-0.0004273457771983884,-4.166453602406416,-0.004480075453902277,-0.0006790622736315173,-6.620590648581227,-0.0013416815742397503,-0.0004340819121411067,-4.232128274290106,0.0,0.0,0.0,-0.0022024836211921067,0.06816341723771695
2025-06-18 00:00:00+00:00,9720.860524735413,-0.0012157254527496277,-0.0015231332588747006,0.17299672992223827,0.1376980073622746,0.1981245169548523,0.2328679790778113,0.16526585159824467,0.26604364500681715,-1.358168171627927e-05,-1.8701705089602934e-06,-0.01820179506061738,-0.003873461628520869,-0.0007674277140938527,-7.469138192934123,-0.002486972998578807,-0.0005791363762001312,-5.636556442975759,0.0008030019920626241,0.00013270880805331647,1.2916140615799654,0.0,0.0,0.0,-0.0015231332588747006,0.06664028397884225
2025-06-18 02:00:00+00:00,9758.864005948551,0.003909477058788617,0.005335866819528059,0.2189810292065758,0.13173543744222924,0.1489840534081302,0.1718726447446501,0.3842468808048205,0.16316098360017,0.0021592297819335027,0.0002844470798612992,2.7650703899999654,0.0037968883842307566,0.0005656758218209443,5.49885576613648,0.009141635996675612,0.0015711971560415329,15.273388410740685,0.0038729188847228535,0.0014881570010648406,14.466166646259847,0.0,0.0,0.0,0.005335866819528059,0.07197615079837032
2025-06-18 04:00:00+00:00,9781.998764809643,0.0023706405629784766,0.003225843718901553,0.03666804181714236,0.11948276203000392,0.1849270869517625,0.16010695642169906,0.37159720272285446,0.16388599187368003,0.0038932238130304775,0.00046517313438186505,4.539561357653452,0.0033657738898502654,0.0006224227607883119,6.074139076740182,0.0034117647058824474,0.000546247263085812,5.330752754076039,0.001982785121426245,0.0007367974047224879,7.1903056726225945,0.0,0.0,0.0,0.003225843718901553,0.07520199451727187
2025-06-18 06:00:00+00:00,9796.48033799125,0.001480430894522755,0.0020260917695494292,0.20675130184191537,0.2142249596354899,0.16121556620104155,0.2721160606581285,0.23173683053376712,0.12070658297157302,0.0022690532209774794,0.0004860878346746789,4.754910598376703,0.0036116077786041423,0.0005822473929237527,5.695543278393784,0.00035174111853653045,9.571440754764449e-05,0.9362782164055452,0.0013652610102932172,0.00031638125937667895,3.094841088431593,0.0,0.0,0.0,0.0020260917695494292,0.0772280862868213
2025-06-18 08:00:00+00:00,9774.228440143763,-0.00227141759895059,-0.0029437427937719436,0.1899741728304142,0.2960007001376254,0.21013965260193007,0.240110515733675,0.07376820262780638,0.1799809288989632,-0.00427105870407829,-0.001264236366736073,-12.385066709303434,-0.0013992408625630448,-0.0002940359887654232,-2.8805177826022845,-0.0023441162681667738,-0.0005628469660892216,-5.513919236591088,-0.0020374398725450105,-0.00015029827735987234,-1.4723941189899448,0.0,0.0,0.0,-0.0029437427937719436,0.07428434349304935
2025-06-18 10:00:00+00:00,9743.430046822197,-0.003150979487554458,-0.004088407871980775,0.17073325657673696,0.255952991063424,0.13527879884534946,0.18428582198772,0.18288226252447717,0.2416001255790293,-0.0026313372817682312,-0.0006734986477652785,-6.582929637385751,-0.0025537390370784507,-0.00034546674950045216,-3.3766709280913405,-0.0063439849624060685,-0.0011691064834747373,-11.427113840335242,-0.005265177680558897,-0.0009629076068139899,-9.411678915752068,0.0,0.0,0.0,-0.004088407871980775,0.07019593562106857
2025-06-18 12:00:00+00:00,9724.506802472342,-0.0019421542782078354,-0.0024968225401081168,0.1126335872381531,0.24563973785899587,0.15530088591998556,0.15913056786004304,0.2754937626879942,0.1644350456729813,0.0013711947102219568,0.0003368199091725633,3.2817812233998764,-0.005227397737300521,-0.0008118194996588989,-7.909906505572677,-0.0014187751241429014,-0.00022577049117056296,-2.199778987357069,-0.004506033764389961,-0.0012413841965509369,-12.09534008032463,0.0,0.0,0.0,-0.0024968225401081168,0.06769911308096045
2025-06-18 14:00:00+00:00,9697.500423712512,-0.0027771463693114446,-0.0035864804264624066,0.18502377069447173,0.14126413096633894,0.1322301523209022,0.19738137589792862,0.21791633248526276,0.31120800832956746,-0.0038225656515825657,-0.0005399914148325883,-5.25115018681617,-0.0047178442713596835,-0.0006238412666281868,-6.066548640988765,-0.0005919962112241883,-0.00011684902669779106,-1.1362991549849415,-0.006867152379476105,-0.0014964646611528782,-14.552380777040632,0.0,0.0,0.0,-0.0035864804264624066,0.06411263265449804
2025-06-18 16:00:00+00:00,9726.253999541235,0.0029650502265938547,0.004097270433048451,0.13557227304192596,0.16575330563242865,0.12949884477075993,0.2816013606526643,0.24477944610636332,0.17836704283778376,0.0034583552518567817,0.0005732338150465319,5.558935164300083,0.002781774580335794,0.00036023659456615087,3.4933945284420007,0.004975713777988444,0.0014011677700997546,13.587825044234686,0.002575428847924943,0.000630412046881417,6.113421091746014,0.0,0.0,0.0,0.004097270433048451,0.06820990308754649
2025-06-18 18:00:00+00:00,9704.835543352943,-0.002202127991855995,-0.002842591875783598,0.13298402587554464,0.10217298841137325,0.22644230096294135,0.22299117560385384,0.23398592250068462,0.21440761252114707,-0.004475243129813289,-0.0004572489644404909,-4.447319569175413,-0.004886486831197079,-0.0011065073216813784,-10.762171263025166,-0.0017682423670870584,-0.00039430244418928444,-3.8350857248249124,-0.0010430937850294253,-0.00024406926154484088,-2.3738796312655843,0.0,0.0,0.0,-0.002842591875783598,0.06536731121176288
2025-06-18 20:00:00+00:00,9673.380536357512,-0.0032411684726563863,-0.004196632644066212,0.12861090582850462,0.20694865735587895,0.23604816051844707,0.23722055293234703,0.1641795824581133,0.15560304673521375,-0.0050184986389602,-0.0010385715552751194,-10.079166143949324,-0.0017142628269314342,-0.000404648586942318,-3.9270479891253514,-0.005314123760037814,-0.0012606193767070934,-12.234103733706434,-0.003272812280838533,-0.0005373289537318558,-5.214689128649563,0.0,0.0,0.0,-0.004196632644066212,0.061170678567696674
2025-06-18 22:00:00+00:00,9752.398075984784,0.008168554863553945,0.011478602136188738,0.14405594695872875,0.18684749000210044,0.18657728808179977,0.162736645764044,0.1646097125502166,0.2992288636018391,0.01230227878454171,0.002298649912197709,22.235715320553222,0.014415708427953478,0.0026896437842655048,26.017947832448897,0.011159919268669105,0.0018161278287807331,17.56809559046477,0.008287076850910902,0.0013641333383099979,13.19578088380433,0.0,0.0,0.0,0.011478602136188738,0.0726492807038854
2025-06-19 00:00:00+00:00,9743.813942134375,-0.0008802074918933203,-0.0011005037827144734,0.12620324836249422,0.1792240936680283,0.19429364994865433,0.24508539023498782,0.20074785457491254,0.1806490115734171,-0.0018908414472826873,-0.00033888434465918256,-3.3049350308355763,-0.001324974785927524,-0.00025743418724779557,-2.510600672408108,-0.0010567101091933928,-0.0002589842094769193,-2.525717106213148,-0.00012405985888197524,-2.4904750509422937e-05,-0.24288104095097732,0.0,0.0,0.0,-0.0011005037827144734,0.07154877692117093
2025-06-19 02:00:00+00:00,9712.235048042658,-0.003240917189024248,-0.0041937293220913425,0.08049087740862396,0.16462941669196943,0.19439758696883866,0.17918918980242274,0.27644666844057925,0.18533713809619,-0.002741431976324149,-0.00045132034716295757,-4.397581491055353,-0.004059405940594063,-0.0007891387193784547,-7.689220856157853,-0.004583921015514858,-0.0008213890928884062,-8.00346249520316,-0.004265086775129157,-0.0011790690295944294,-11.488629249301049,0.0,0.0,0.0,-0.0041937293220913425,0.06735504759907958
2025-06-19 04:00:00+00:00,9747.101797792364,0.0035899820769611035,0.004924663636960641,0.13782886841991088,0.21705207447749247,0.1671451948090485,0.11445417639206702,0.2306052055908142,0.2707433487305778,0.0047874148237199154,0.0010391183188727066,10.092161355618666,0.004250919574510403,0.0007105207803991389,6.900744825755138,0.005785807061046366,0.0006622097819354677,6.431537053270335,0.005108875112924682,0.0011781331957537906,11.442306515062466,0.0,0.0,0.0,0.004924663636960641,0.07227971123604023
2025-06-19 06:00:00+00:00,9743.21128112201,-0.00039914599755538004,-0.0004659813172995835,0.09409629110304785,0.1834037404967483,0.15290309330631896,0.09075074811503868,0.32470149669386206,0.24824092138803203,-0.001970979831495634,-0.00036148507353994994,-3.523431810176351,-0.001322541814495759,-0.00020222073446335342,-1.9710660844386443,0.0007043907020425344,6.39239831756373e-05,0.6230735713333032,0.00030993336432683094,0.00010063582727228604,0.9809076529280211,0.0,0.0,0.0,-0.0004659813172995835,0.07181372991874065
2025-06-19 08:00:00+00:00,9731.595216500558,-0.0011922213617556105,-0.0015182271770126047,0.20092761138476772,0.1214837721191263,0.20783704111812268,0.13148840489053187,0.18569385368671631,0.3534969281855028,-0.0023834796763096966,-0.0002895541018473761,-2.8211867916145064,-0.00123309940129257,-0.00025628373096917635,-2.4970265387469173,-0.002815579540121904,-0.00037021606257304644,-3.6070933173142783,-0.0014872192099149029,-0.0002761674663660118,-2.6907579737762095,0.0,0.0,0.0,-0.0015182271770126047,0.07029550274172804
2025-06-19 10:00:00+00:00,9761.02711564402,0.00302436532641199,0.004158863608655616,0.17719454051301559,0.1591686559188486,0.22940471704500048,0.16642156230857802,0.2687026770550857,0.17630238767248727,0.0033556998877610766,0.0005341222408019616,5.197861443614929,0.007673710495079478,0.001760385384808958,17.13135799000435,0.004235294117647115,0.0007048442638951633,6.8592590669000275,9.308964532861452e-05,2.5013436905907177e-05,0.2434206429417648,0.0,0.0,0.0,0.004158863608655616,0.07445436635038365
2025-06-19 12:00:00+00:00,9750.412497332594,-0.001087448911438087,-0.0013909572382017387,0.13666630375888073,0.1550261124030403,0.16844991351495095,0.22210860625715378,0.19713372034206278,0.25728164748279214,-0.0020741185210584323,-0.0003215425309828322,-3.1385853637562326,-0.002560748841753613,-0.0004313579209269069,-4.210496362715367,0.0015229615745078195,0.00033826287269713226,3.301793072612349,-0.0034129692832765013,-0.0006728113322254802,-6.567329657565489,0.0,0.0,0.0,-0.0013909572382017387,0.07306340911218191
2025-06-19 14:00:00+00:00,9709.401963418157,-0.004206030660308631,-0.00549900982733168,0.2013946604629251,0.13891750138975148,0.17772560428841733,0.15840694762384544,0.3892526900315215,0.13569725666646423,-0.004704311273654338,-0.0006535111678957,-6.3720034585966525,-0.008689401300250421,-0.0015443290969915653,-15.057845727300919,-0.006901391975669524,-0.0010932284372215096,-10.659428216723988,-0.0023505603985055634,-0.0009149619581998558,-8.921256511815777,0.0,0.0,0.0,-0.00549900982733168,0.06756439928485024
2025-06-19 16:00:00+00:00,9686.17543289308,-0.002392169014382764,-0.0030999796062297774,0.029230334609415452,0.16706891842882446,0.17880452185875986,0.14849341024867133,0.386487649213324,0.11914550025042046,-0.0017873422338929856,-0.0002986093338786601,-2.8993180526564504,-0.006713628865815169,-0.0012004271992892496,-11.655430205719599,-0.0010600706713781438,-0.00015741350909753916,-1.5283910343001885,-0.0019036028023530216,-0.0007357189721173151,-7.143391232399848,0.0,0.0,0.0,-0.0030999796062297774,0.06446441967862046
2025-06-19 18:00:00+00:00,9719.956108329478,0.003487514310517569,0.004842052691441411,0.05821472851340369,0.12941478459351025,0.20227726789047706,0.18323539273035774,0.36614288934186584,0.11892966544378909,0.0040767768966119,0.0005275952039108283,5.11037970263328,0.006157314368002931,0.0012454847279024122,12.063983573451868,0.0012970168612191912,0.0002376593939433944,2.3020105830107656,0.0040333296856192025,0.0014767749847609342,14.304301577302413,0.0,0.0,0.0,0.004842052691441411,0.06930647237006188
2025-06-19 20:00:00+00:00,9722.400425294507,0.00025147407434646183,0.00040995786679809073,0.051843008998692944,0.11528539363309175,0.1935247598280064,0.15427428275455402,0.4066090748888367,0.13030648889551125,-0.0025915286948157146,-0.0002987654056932821,-2.903986630025952,-0.0013754225936085662,-0.00026617832709011145,-2.5872416563044505,0.0036504945831370428,0.0005631774335128519,5.474059934946563,0.000622810432074683,0.0002532403736170035,2.4614853164142323,0.0,0.0,0.0,0.00040995786679809073,0.06971643023685997
2025-06-19 22:00:00+00:00,9725.530380271248,0.0003219323253337937,0.000504824833369023,0.24584540094946192,0.19656443411050525,0.24917043517209791,0.17643351862595888,0.1607636739393747,0.21706793815206324,0.0007865673481506352,0.0001546111656790304,1.5031916629530846,0.002095917153385196,0.000522240589193654,5.077432126482436,-0.002933239469670279,-0.0005175217606064689,-5.031553785419495,0.0010114370185947408,0.0001626023310675782,1.5808849727253005,0.0,0.0,0.0,0.000504824833369023,0.070221255070229
2025-06-20 00:00:00+00:00,9744.36006768852,0.0019361090532881656,0.002701604457621287,0.17997080602505025,0.17313382836646055,0.1479113756392384,0.3430327509162619,0.10548253319122865,0.23043951188681047,0.0031259689578841954,0.0005412109730332059,5.263563760370607,0.0043862444823354885,0.0006487754552722612,6.309685400224686,0.0015297717109907794,0.0005247617982950438,5.103586811724221,0.002098554329239999,0.00022136082668765475,2.152851444952745,0.0,0.0,0.0,0.002701604457621287,0.07292285952785028
2025-06-20 02:00:00+00:00,9746.825663037696,0.0002530279394491384,0.00040515373780458577,0.16595458207830888,0.16963348058346406,0.11213380685670135,0.21635608540348655,0.18984913761357952,0.31202748954276843,0.0011457253532654033,0.00019435337946712927,1.8938493098998084,0.0024433488158086547,0.00027398200419543765,2.669779300947291,-0.0018799201033955493,-0.0004067321544419787,-3.963344563989337,0.001008299077018604,0.00019142471022855017,1.8653113023199304,0.0,0.0,0.0,0.00040515373780458577,0.07332801326565487
2025-06-20 04:00:00+00:00,9740.132068316274,-0.0006867461215405247,-0.0008667053836541376,0.15782482626283761,0.16392469785357083,0.10226419026985921,0.16386535755719736,0.3476739638764172,0.2222717904429554,-0.0017356614190888742,-0.00028451777370024366,-2.773145138291887,-0.003992418756850302,-0.00040828147138749406,-3.9794483230624182,0.001648028251912903,0.0002700547387640708,2.632176458210586,-0.0007593367426003139,-0.00026400161521685785,-2.5731777182790734,0.0,0.0,0.0,-0.0008667053836541376,0.07246130788200074
2025-06-20 06:00:00+00:00,9730.950998049711,-0.0009426022360033258,-0.001212378069082983,0.0937140201932255,0.11000299422856542,0.15352297456697092,0.14884011337524403,0.3229068914901504,0.26472702633906914,-0.00011434401716925446,-1.2578184260740484e-05,-0.12251317587922941,-0.0005204195137453738,-7.98963517728864e-05,-0.7782010180445685,-0.00399576918556821,-0.0005947307386012788,-5.792755939063738,-0.0007909306617452927,-0.00025539696136842006,-2.487600133575081,0.0,0.0,0.0,-0.001212378069082983,0.07124892981291775
2025-06-20 08:00:00+00:00,9796.42790219391,0.006728726119093531,0.009455018705156396,0.1439053473889473,0.11306136747678772,0.17489151392211924,0.22549715661006153,0.17900154410120317,0.3075484178898284,0.011732693545555728,0.0013265143764466115,12.908246395410444,0.01341473593837561,0.0023461234771279716,22.830012591306293,0.00920353982300881,0.002075372060835956,20.19534382671613,0.0054788142169797105,0.0009807162046829925,9.54330133076349,0.0,0.0,0.0,0.009455018705156396,0.08070394851807415
2025-06-20 10:00:00+00:00,9798.576352071652,0.00021930951763152686,0.00034038340805757583,0.137346919833474,0.09084728137429489,0.17539091641388124,0.11036432287908028,0.2772699321676708,0.34612754716507266,0.0012175397550404643,0.00011061017671055114,1.083584621393842,0.001447263143032007,0.0002538368089484178,2.4866939977861446,0.000701508242721971,7.742148220210382e-05,0.758453968473899,-0.0008026797153575238,-0.00022255895022954593,-2.1802827099117095,0.0,0.0,0.0,0.00034038340805757583,0.08104433192613172
2025-06-20 12:00:00+00:00,9797.895424669498,-6.949248316169885e-05,-5.160597652589641e-05,0.06745015602532753,0.13544825595552776,0.19069507659847362,0.1179093441385826,0.22437844278981328,0.3315688805176027,0.0003516122293847346,4.762526324279727e-05,0.4666597781720606,-0.0014451715994407976,-0.0002755871088533015,-2.7003613277457563,0.001285196868793026,0.00015153671988834568,1.48484411996845,3.089709721781908e-05,6.9326425604597175e-06,0.06793002745028605,0.0,0.0,0.0,-5.160597652589641e-05,0.08099272594960583
2025-06-20 14:00:00+00:00,9771.629327981302,-0.0026807896542824883,-0.0035799039538211793,0.3604431274550699,0.22500134914033806,0.27657372930588003,0.3029207257014358,0.09575839598555778,0.0997457998667883,-0.0028669206443385775,-0.0006450610128544672,-6.320240346479456,-0.005236033322351341,-0.0014481492627325676,-14.18881503556593,-0.0019836639439906323,-0.0006008929214614147,-5.8874860059030825,0.0001390326417745058,1.331354276596133e-05,0.13044469975275422,0.0,0.0,0.0,-0.0035799039538211793,0.07741282199578464
2025-06-20 16:00:00+00:00,9665.71374044647,-0.010839091821825417,-0.01425749551592018,0.22842285093440168,0.27321899983661907,0.16876450353705752,0.1823071005358567,0.1835584467925614,0.19215094929790538,-0.013778130266492328,-0.0037644469710296836,-36.78478042574403,-0.016760701654779164,-0.002828611493701544,-27.640143029319006,-0.020226820998480166,-0.0036874930892907007,-36.03281561804138,-0.0030428469926785384,-0.000558540267803489,-5.457848461727103,0.0,0.0,0.0,-0.01425749551592018,0.06315532647986447
2025-06-20 18:00:00+00:00,9533.383803246454,-0.013690653453379005,-0.01706718063579005,0.167646455919164,0.13296280731016719,0.2476293147034948,0.24195515155660843,0.21269204052453625,0.1647606859051932,-0.00900746512118833,-0.0011976578492616157,-11.576217929961565,-0.02982219762769789,-0.007384850361499017,-71.37984961028212,-0.01646778042959418,-0.003984464309643411,-38.51269142603888,-0.00528313579673112,-0.0011236809329749635,-10.861178233733813,0.0,0.0,0.0,-0.01706718063579005,0.04608814584407442
2025-06-20 20:00:00+00:00,9545.982882751567,0.0013215747697918221,0.001862986217838972,0.1130799322746775,0.18907694371238626,0.1532826859873429,0.2232218479980829,0.26076253386003956,0.17365598844214836,0.0002706254866660096,5.1169039909486236e-05,0.48781409630076744,-0.0018888902666350793,-0.0002895341736051733,-2.760240401133906,0.005823829167677763,0.0013000059092341673,12.39345527921769,0.0009968226278735948,0.0002599339942533419,2.478050530727966,0.0,0.0,0.0,0.001862986217838972,0.04795113206191339
2025-06-20 22:00:00+00:00,9550.68903579511,0.0004929982696751546,0.000768501308675657,0.14706279216887397,0.09495030008490898,0.20297622201243892,0.1702856994566862,0.3180343504372913,0.2137534280086746,0.002175840389068595,0.00020659669787892823,1.9721685415852457,0.0007453909989894036,0.00015129664889694682,1.4442752205879281,0.00024125452352219412,4.108219528506638e-05,0.3921699329771008,0.00029563701997892267,9.402272761421317e-05,0.897539348394892,0.0,0.0,0.0,0.000768501308675657,0.04871963337058905
2025-06-21 00:00:00+00:00,9538.28865861714,-0.00129837513623304,-0.0015605866794443602,0.2720079352154468,0.22171176049554348,0.138035721631193,0.26150046446840675,0.11096691560309042,0.2677851378017664,-0.0022602675752684265,-0.0005011279033037562,-4.786116771614177,-0.0042000463453389925,-0.0005797564281633226,-5.5370733618911805,0.0,0.0,0.0,-0.0019599608007839775,-0.00021749080476596115,-2.07718704446452,0.0,0.0,0.0,-0.0015605866794443602,0.04715904669114469
2025-06-21 02:00:00+00:00,9582.326960710458,0.0046170024487076685,0.006355805238596996,0.09549647517303886,0.14767971422361414,0.17825151190186755,0.2400360355672972,0.11479540431955745,0.31923733398766363,0.0021043973947989514,0.00031077680587682726,2.964278882856202,0.010230667902214607,0.0018236320213356615,17.39432862659699,0.008441871683550373,0.002026353411687256,19.327943765046705,0.003974376957964987,0.00045624020980792343,4.351750818816021,0.0,0.0,0.0,0.006355805238596996,0.05351485192974169
2025-06-21 04:00:00+00:00,9577.324773769726,-0.000522022151951371,-0.0005704448531471689,0.17377580474265297,0.18662160924201712,0.16357900989786522,0.1879023530600827,0.2496293140438075,0.2122677137562275,-0.00018837784073788555,-3.515537578404061e-05,-0.3368703051893199,-0.0022705677653417355,-0.00037141722696060946,-3.559041307576963,-0.0007175316909830975,-0.00013482589313090415,-1.2919457907501297,7.762046696480063e-05,1.9376343924183202e-05,0.18567046278469895,0.0,0.0,0.0,-0.0005704448531471689,0.05294440707659452
2025-06-21 06:00:00+00:00,9574.369102149238,-0.0003086114014410363,-0.00029238424540029045,0.10430250317479699,0.15596680762456058,0.1370188006659275,0.20382010498825476,0.33801406529043243,0.16518022143082475,-0.0007212848900428614,-0.00011249650168781731,-1.0774155325771604,-0.0007255966589573282,-9.942038397753712e-05,-0.952181306485765,0.002872187649592961,0.000585409588286006,5.606657752693901,-0.0020179755048820303,-0.0006821041040616879,-6.532732534120006,0.0,0.0,0.0,-0.00029238424540029045,0.05265202283119423
2025-06-21 08:00:00+00:00,9560.484539851128,-0.0014501803878643098,-0.0017769855385710673,0.16759769958469412,0.2261275778599975,0.18730247937371394,0.23250704878229655,0.1704163657057382,0.18364652827825367,0.00036056433685116573,8.153354015485034e-05,0.7806322076474432,0.0012459619692799517,0.00023337176605149016,2.234387426197388,-0.005847255369928361,-0.001359528089538479,-13.016623733981197,-0.0023798043271997527,-0.0004055576045321713,-3.8829581979744807,0.0,0.0,0.0,-0.0017769855385710673,0.05087503729262317
2025-06-21 10:00:00+00:00,9584.114027120471,0.002471578419571517,0.003420446526833837,0.08894147252752256,0.19521443122904897,0.24686792500207017,0.20007875235766004,0.14481633623380083,0.21302255517742016,0.0037200423358156876,0.0007262059487342423,6.942880745621644,0.007536518532253789,0.0018605246917971403,17.787517551937846,0.0,0.0,0.0,-0.0007951604353113595,-0.00011515222095986527,-1.100911028216313,0.0,0.0,0.0,0.003420446526833837,0.054295483819457
2025-06-21 12:00:00+00:00,9586.037926391899,0.00020073835369490448,0.0003728355070276249,0.106687635610012,0.21592180514735101,0.17501711301990927,0.16524192872980883,0.18308003312268678,0.26073911998024407,0.00030103029206407506,6.499900406650938e-05,0.6229578666226931,-0.000977449144016207,-0.00017107032730949808,-1.639557523591051,-0.0008402352658745116,-0.00013884209591990803,-1.3306784790607964,0.0024341910215799345,0.0004456517728578012,4.271177407457558,0.0,0.0,0.0,0.0003728355070276249,0.054668319326484624
2025-06-21 14:00:00+00:00,9534.440967659155,-0.005382511432662773,-0.006790448772698214,0.07490973258914363,0.2226501518212505,0.2425155250743758,0.16592490259058645,0.16704832117163435,0.20186109934215288,-0.0029106240859776422,-0.0006480508946375105,-6.212240454227376,-0.00910449288711479,-0.002207980873054563,-21.165788389848938,-0.006246996636232516,-0.0010365323083506015,-9.936238019779408,-0.008919259685880032,-0.0014899473566200982,-14.282691868887616,0.0,0.0,0.0,-0.006790448772698214,0.04787787055378641
2025-06-21 16:00:00+00:00,9538.466015778438,0.0004221587959835213,0.0006825329327540438,0.168295387272503,0.17530943528619133,0.13793089230729044,0.21178907887473425,0.15067828320127585,0.3242923103305081,-0.00010997149913360982,-1.9279041410689015e-05,-0.1838148822432707,0.0012724591098569604,0.00017551142044711107,1.6734032774029863,0.0010880077369439523,0.0002304281564159438,2.1970036546343463,0.0002355897596983958,3.5498260531155404e-05,0.3384560694888861,0.0,0.0,0.0,0.0006825329327540438,0.048560403486540456
2025-06-21 18:00:00+00:00,9485.809827564624,-0.005520404237611125,-0.006919472564238895,0.13822535797732777,0.19818086304123694,0.16779896936302716,0.19353727854196545,0.23616413636782127,0.20431875268594912,-0.003649253724137158,-0.00072321225250595,-6.898335492722579,-0.010063583361872408,-0.0016886589162210981,-16.107215684616193,-0.008090810288612471,-0.0015658734044573918,-14.936030253428116,-0.00653215042788724,-0.0015426596644266843,-14.714606783046097,0.0,0.0,0.0,-0.006919472564238895,0.04164093092230156
2025-06-21 20:00:00+00:00,9428.24393958561,-0.006068631885464653,-0.007516917280883573,0.11727779411882772,0.08978374099912673,0.15891829728630966,0.26239703066531544,0.2696907879421878,0.2192101431070603,-0.00908938664109138,-0.0008160791360246708,-7.74117148857327,-0.006018672890963472,-0.0009564772477551859,-9.072961276598106,-0.013757000243486694,-0.0036097960147529304,-34.241838512246964,-0.002544690132608385,-0.0006862794869318657,-6.5099167015943005,0.0,0.0,0.0,-0.007516917280883573,0.03412401364141799
2025-06-21 22:00:00+00:00,9268.423533331297,-0.016951237927063927,-0.01904018337573897,0.23337623968298504,0.15630216230964045,0.20886896223826545,0.14419404609646458,0.3865979413627034,0.1040368879929262,-0.007721640673084562,-0.0012069091337811846,-11.379033726202973,-0.04317415588990092,-0.009017741136236702,-85.02146321647554,-0.020861622021972726,-0.0030081216874833557,-28.36130506955099,-0.009618431894530044,-0.0037184659695626825,-35.05860424208469,0.0,0.0,0.0,-0.01904018337573897,0.01508383026567902
2025-06-22 00:00:00+00:00,9330.574615377758,0.006705679970596071,0.009261741264958136,0.2981514138722377,0.19787204266076894,0.18714351372840737,0.31103900882961255,0.1101719760003238,0.19377345878088742,0.0065487753708248775,0.001295819559551653,12.010204500699537,0.006100447015513932,0.0011416590897972533,10.581379974918452,0.01147251638930924,0.0035684001265122315,33.07344370890834,0.006351898369626019,0.0006998011947349337,6.486053861934617,0.0,0.0,0.0,0.009261741264958136,0.024345571530637156
2025-06-22 02:00:00+00:00,9310.785344504411,-0.002120905912989802,-0.0024313795789256227,0.10950061913960797,0.17327672427044427,0.17066078102564589,0.24261644078309072,0.2193203185352105,0.19412573538560868,0.002614472656781608,0.00045302725766176253,4.227004630413041,-0.012723677103479325,-0.002171432671997909,-20.260714568345588,-0.0021189081391000952,-0.0005140819510547872,-4.796680002735669,0.000508760214951165,0.00011158145240113167,1.0411190673209807,0.0,0.0,0.0,-0.0024313795789256227,0.021914191951711532
2025-06-22 04:00:00+00:00,9323.084529899737,0.001320961115550178,0.0018713335583979312,0.07903355982532055,0.24964523884069367,0.13379174600443758,0.24528148603816183,0.17847365573137097,0.19280787338533592,-0.00011339329080906069,-2.830809516696019e-05,-0.2635705976113691,-0.0008515294439469523,-0.0001139276110798506,-1.0607555315766715,0.005745690731950859,0.0014093115610486005,13.121797428451943,0.00030192277133322953,5.388526074838825e-05,0.5017140960608921,0.0,0.0,0.0,0.0018713335583979312,0.023785525510109463
2025-06-22 06:00:00+00:00,9376.921880020222,0.005774628552151916,0.007848680367643598,0.19082838918188144,0.18597366108551766,0.20200526787556286,0.1181246746114564,0.2051213068442152,0.2887750895832479,0.004673876732105509,0.0008692179673320767,8.10379258434458,0.010681892448047847,0.0021577985453858574,20.117338237127043,0.012170889220069592,0.0014376823288528029,13.403633879037793,0.006386122098841929,0.0013099297105811788,12.212585419975428,0.0,0.0,0.0,0.007848680367643598,0.03163420587775306
2025-06-22 08:00:00+00:00,9351.820995297137,-0.002676878942179068,-0.003125423930005411,0.11359267859924348,0.21244844050318923,0.1364119717804027,0.19984631100028832,0.21051756963695523,0.2407757070791646,-0.0041736875484242875,-0.000886693410810319,-8.314454844697039,-0.007899439436902744,-0.0010775781095477774,-10.10436575284938,-0.002085889570552113,-0.0004168573358288154,-3.9088386731801568,-0.001404871272750241,-0.00029575008599215676,-2.7732254523577167,0.0,0.0,0.0,-0.003125423930005411,0.02850878194774765
2025-06-22 10:00:00+00:00,9293.040292534764,-0.006285482024509841,-0.007315383671255525,0.09647417305758095,0.1466911557566461,0.18333847634822134,0.16912942268925046,0.21697075497389004,0.28387019023199206,-0.0021930276327144504,-0.0003216977580491443,-3.0084598478640063,-0.012656945686113086,-0.002320505137314166,-21.700948662829486,-0.012172630025820697,-0.0020587498888768904,-19.25306043486455,-0.007302962283835535,-0.0015845292402696402,-14.818233816815845,0.0,0.0,0.0,-0.007315383671255525,0.021193398276492127
2025-06-22 12:00:00+00:00,9353.17963266576,0.0064714386506326575,0.00880853689343294,0.21159872880782354,0.2127479847661241,0.12687705703748406,0.3116107732179077,0.22003130424357828,0.12873288073490577,0.00527866979243341,0.0011230263605860227,10.436329218504584,0.013849550614420503,0.0017571902232493524,16.32963954630439,0.008837440876275693,0.0027538417847238123,25.591562664704234,0.0038057324840763407,0.0008373802820734702,7.781808701482886,0.0,0.0,0.0,0.00880853689343294,0.030001935169925067
2025-06-22 14:00:00+00:00,9158.32005656824,-0.020833511570437245,-0.021368609590766408,0.11375970229697822,0.1950671410559483,0.12438980441382379,0.26161496947834134,0.33379100654055655,0.08513707851133001,-0.018238462783582543,-0.0035577247924487593,-33.27603906736176,-0.032146942366916065,-0.003998751873523155,-37.40104457952082,-0.022455274521899993,-0.005874635958674643,-54.94652539800156,-0.022176747727597257,-0.007402398945790688,-69.23596705263596,0.0,0.0,0.0,-0.021368609590766408,0.00863332557915866
2025-06-22 16:00:00+00:00,9017.580968850867,-0.015367347597383601,-0.015103606077039155,0.06495859957388281,0.22759427234176285,0.12160231789321292,0.28710437417980766,0.27161989348728466,0.092079142097932,-0.01942633399712046,-0.00442132235034268,-40.4918851576968,-0.011377634742923526,-0.0013835467568818504,-12.670964012750993,-0.019815726366275488,-0.005689181717307838,-52.10334702708172,-0.01425998929284078,-0.0038732967728512323,-35.47289151984448,0.0,0.0,0.0,-0.015103606077039155,-0.006470280497880496
2025-06-22 18:00:00+00:00,9092.973154327403,0.008360577602459037,0.010811058174165047,0.05685369982434083,0.2538649057167259,0.14665157887226515,0.2632528213092968,0.23861774653345463,0.0976129475682575,0.005801455742768802,0.0014727860151577598,13.280967141476319,0.007986574095360632,0.0011712437008649696,10.561784906806407,0.017254699974246668,0.004542348449065886,40.960994928185784,0.004920838682070938,0.0011741994373704221,10.588438500066914,0.0,0.0,0.0,0.010811058174165047,0.0043407776762845515
2025-06-22 20:00:00+00:00,9026.998584953837,-0.007255555279206784,-0.0074351962654022235,0.11807331296178869,0.20193922488267893,0.141966147199807,0.3813261342710855,0.18464202969979562,0.090126463946633,-0.0060028140326884305,-0.0012122036128759698,-11.022534909459882,-0.0038681366802446604,-0.0005491444613365862,-4.993355844781161,-0.01037974683544296,-0.003958068735471997,-35.99061275462948,-0.008319549303155926,-0.0015361384695222306,-13.968065864695227,0.0,0.0,0.0,-0.0074351962654022235,-0.003094418589117672
2025-06-22 22:00:00+00:00,9032.204190278264,0.0005766706702605332,0.0009091491694753845,0.20779540479388656,0.1599378481557222,0.20139696084965267,0.2155321062041556,0.28306942853337247,0.14006365625709694,0.0029426740835241105,0.0004706449607424582,4.248511394637824,-0.0021476424015129947,-0.0004325286526565666,-3.904435535482816,-0.0002558199027885566,-5.513740245695995e-05,-0.4977252539570077,0.0020973362178586807,0.0005936917646316016,5.359254719228214,0.0,0.0,0.0,0.0009091491694753845,-0.0021852694196422876
2025-06-23 00:00:00+00:00,9216.069645444124,0.020356653956490816,0.028636219737507098,0.29604196906155356,0.26740934045012804,0.14550462935926026,0.4041025829713034,0.11354647544519533,0.06943697177411301,0.01804951971704627,0.004826610162976925,43.594928538879834,0.022302785553668825,0.0032451585456656465,29.31093461427857,0.02622824974411464,0.010598903468413154,95.73146031975611,0.014848384970336248,0.0016859817794350922,15.228131692946445,0.0,0.0,0.0,0.028636219737507098,0.02645095031786481
2025-06-23 02:00:00+00:00,9270.030852222884,0.0058551214188614885,0.0067833907629864685,0.2204179725885261,0.22897269104461165,0.21231586081514395,0.22212125978829367,0.2319462212019172,0.10464396715003349,0.0013646465809997732,0.0003124667999763467,2.8797157904710695,0.00826412892220696,0.0017546056460056984,16.170567833877996,0.009101109587333234,0.0020215499270097755,18.630744919064576,0.007615985450057705,0.0017664990458696676,16.28017823534545,0.0,0.0,0.0,0.0067833907629864685,0.03323434108085128
2025-06-23 04:00:00+00:00,9230.38227467465,-0.0042770707218010495,-0.004315291524142159,0.14237235335473739,0.1668336787970442,0.13674568574525198,0.28825202163344815,0.30818781271150014,0.09998080111275552,0.0005190815382341007,8.660028261922357e-05,0.8027872916914237,-0.005093250107964464,-0.0006964799786856793,-6.456390890371784,-0.011860637509266025,-0.003418852739907437,-31.69287037814868,-0.0008058017727639033,-0.0002483382858271566,-2.302103571405887,0.0,0.0,0.0,-0.004315291524142159,0.02891904955670912
2025-06-23 06:00:00+00:00,9287.021507682757,0.0061361741391261415,0.007086703622712976,0.16029522860088186,0.2840882276073962,0.13156767015633122,0.33129270142397804,0.16696987954631173,0.08608152126598288,0.0060984163474095965,0.0017324882913475634,15.99152921553592,0.005240147314816035,0.0006894339734863008,6.363739128426464,0.00925231307826957,0.003065223794120328,28.293187377159253,0.0038870967741935214,0.0006490280801719492,5.990777286985278,0.0,0.0,0.0,0.007086703622712976,0.0360057531794221
2025-06-23 08:00:00+00:00,9314.400685239047,0.00294811178520904,0.0033844322023976214,0.11808041084940357,0.16673511719887332,0.15877026307634834,0.33056540098309733,0.21003771661256335,0.13389150212911768,0.0015724517227448942,0.0002621829222814402,2.434898438174852,0.005560056624435594,0.0008827716529810326,8.198319327607509,0.003964321110009994,0.0013104673973562111,12.17033890436418,0.0023457206664418973,0.0004926898125903565,4.575620886142827,0.0,0.0,0.0,0.0033844322023976214,0.039390185381819716
2025-06-23 10:00:00+00:00,9288.18420800958,-0.002814617721032101,-0.002833373071049721,0.14887354118906926,0.22649975124964933,0.11874724328196756,0.25207985599298105,0.2991466237508566,0.10352652572454547,-0.0035649592116394624,-0.0008074623746514842,-7.521028095758532,-0.003036916688432534,-0.0003606254848283654,-3.35901026299999,-0.0011105626850937966,-0.0002799504817296226,-2.607570958855398,-0.004568259413018749,-0.0013665793798226288,-12.728867911853445,0.0,0.0,0.0,-0.002833373071049721,0.036556812310769994
2025-06-23 12:00:00+00:00,9264.411061966593,-0.002559504151789544,-0.0025641120302355527,0.08554198084558781,0.19246324747508092,0.11326309825197722,0.30862559141595364,0.25312529170982756,0.1325227711471607,-0.0027435898395218317,-0.0005280402102540078,-4.904534742075334,0.0006083454336347494,6.89030886209143e-05,0.6399845796118608,-0.0018529956763434496,-0.0005718818865027022,-5.311744307061125,-0.0060384528678625315,-0.0015284851436537482,-14.196851573461997,0.0,0.0,0.0,-0.0025641120302355527,0.033992700280534444
2025-06-23 14:00:00+00:00,9380.665582110089,0.01254850625322072,0.014874147477874503,0.12111369307253292,0.16440956029710324,0.14258673191512555,0.21556558552139832,0.3429763578505251,0.13446176441584767,0.01051594941207834,0.0017289226189463813,16.017449836251107,0.018598727245293656,0.002651931735687228,24.568585707681024,0.013737623762376305,0.002961358910009323,27.435246244343706,0.015179743062193163,0.005206292988577788,48.23323835521917,0.0,0.0,0.0,0.014874147477874503,0.048866847758408945
2025-06-23 16:00:00+00:00,9296.676556858203,-0.008953418551884008,-0.008953248353532253,0.0980217307833437,0.10290312613097653,0.20180535434730362,0.17905028890418145,0.36997700556991847,0.14626422504762004,-0.00911970838505316,-0.0009384465022248496,-8.803252804072246,-0.02037215340980869,-0.004111209637684072,-38.56588274906227,-0.009766817238432424,-0.001748751448215665,-16.404452521941863,-0.005824715945359382,-0.002155010963759421,-20.215437176807892,0.0,0.0,0.0,-0.008953248353532253,0.039913599404876696
2025-06-23 18:00:00+00:00,9367.720187816862,0.007641830983810043,0.008589101038113018,0.0927752430596073,0.16024236082411625,0.17043597186292678,0.11764442832895093,0.40506445420573584,0.1466127847782702,0.01048415062367436,0.0016800050471732103,15.618463537458643,0.011629820371531485,0.001982139737613233,18.427312031086014,0.010726174331155303,0.0012618746473454332,11.73124045167,0.006709578002857208,0.0027178115516781664,25.266614938444825,0.0,0.0,0.0,0.008589101038113018,0.04850270044298971
2025-06-23 20:00:00+00:00,9433.082848767168,0.006977435239292718,0.007716448550273905,0.06694807139274359,0.15095203135406066,0.17483810431734942,0.12222812327662644,0.3474067122830478,0.2045750287689156,0.006608640059201365,0.0009975876414242658,9.345121887686703,0.016745212513408436,0.002927701212235489,27.42588574975429,0.013051963893632612,0.001595317051793004,14.944483752049802,0.004193440375017898,0.0014568293338399591,13.647169560816375,0.0,0.0,0.0,0.007716448550273905,0.056219148993263614
2025-06-23 22:00:00+00:00,9486.342509383036,0.00564605033897576,0.00615700198759197,0.0893668596920716,0.15694422232473734,0.22575880515214652,0.15468209116322426,0.3064455740673306,0.15616930729256123,0.005275427897864837,0.0008279479288606208,7.810101407407421,0.012275323529793214,0.0027712623729421455,26.141547559634354,0.003732691149909817,0.0005773804727345107,5.446477834564992,0.004795173070816228,0.0014694595644384834,13.86153381426153,0.0,0.0,0.0,0.00615700198759197,0.06237615098085558
2025-06-24 00:00:00+00:00,9592.99301398228,0.011242531512409188,0.012318634200698163,0.1798830972578831,0.11963481463974901,0.09791156164397999,0.139955645098496,0.3142020486464542,0.32829592997132073,0.015702346413190016,0.0018785473025511152,17.82054313207748,0.030113277178834386,0.0029484379947976986,27.969892686329487,0.018594049904030685,0.0026023422493122424,24.68670990361419,0.012136152460415106,0.003813203965748132,36.17335887722447,0.0,0.0,0.0,0.012318634200698163,0.07469478518155374
2025-06-24 02:00:00+00:00,9592.285425874104,-7.376093229139857e-05,-1.955195662862328e-05,0.08762380050819502,0.10967762421742593,0.1738310344910069,0.10910602034274657,0.32590637630762237,0.2814789446411983,0.0011089493092160119,0.00012162692561236782,1.166766247711587,0.0009329673337037381,0.00016217867676403724,1.5557789132142998,0.0010599458249911375,0.00011564647074369234,1.109395785935947,-0.0014519906323183784,-0.000473213005411496,-4.539529055038041,0.0,0.0,0.0,-1.955195662862328e-05,0.07467523322492511
2025-06-24 04:00:00+00:00,9565.608185051833,-0.0027811141597509264,-0.0028037397412144067,0.08993917118609555,0.1111146073124174,0.2097871246031242,0.16165211832173335,0.27774653466366733,0.23969961509905782,-0.005036948528104324,-0.0005596785577531708,-5.368596472709978,-0.006379691040676594,-0.0013383770392798558,-12.838094568208694,-0.006000000000000005,-0.0009699127099304009,-9.303679551835442,0.0003127101020996559,8.685414721250102e-05,0.8331297704831976,0.0,0.0,0.0,-0.0028037397412144067,0.0718714934837107
2025-06-24 06:00:00+00:00,9611.87875519312,0.004837180161068558,0.0051447939248005,0.20223679051808652,0.22830449875916142,0.1892414291728623,0.22856974693746085,0.09605543957584267,0.2578288855546728,0.0045457664726131775,0.0010378189360061528,9.92736930886224,0.008968067675348301,0.0016971299438018614,16.234080081527644,0.007574860930287697,0.0017313840459223181,16.561741401142687,0.0038607624615096814,0.0003708472353382248,3.547379349755167,0.0,0.0,0.0,0.0051447939248005,0.0770162874085112
2025-06-24 08:00:00+00:00,9561.72690232081,-0.005217695119719838,-0.005299585329398403,0.25269103047171027,0.19847160985280518,0.1443598257104586,0.11884663589124336,0.34874647004755294,0.18957545849793989,-0.004391035986570202,-0.0008714959811761886,-8.37671370670359,-0.011037098866951478,-0.0015933136687822154,-15.314737803326585,-0.009044990015270704,-0.0010749666349848092,-10.332448961351925,-0.0048112855007473865,-0.0016779188347766242,-16.12795240092783,0.0,0.0,0.0,-0.005299585329398403,0.07171670207911279
2025-06-24 10:00:00+00:00,9583.513143820937,0.0022784839728939746,0.0024405843050280683,0.15445896820451843,0.20482060227564766,0.15891016462527743,0.1439522828849322,0.19428750184303448,0.2980294483711081,0.0025277856292933443,0.0005177425750155898,4.950513108003415,0.009413740802487025,0.0014959391006629044,14.303761143042092,0.0027264106211475347,0.0003924730329959136,3.75271995803247,-0.0006571227411404923,-0.00012767073578043327,-1.2207527089508607,0.0,0.0,0.0,0.0024405843050280683,0.07415728638414086
2025-06-24 12:00:00+00:00,9568.68639579654,-0.001547109896119497,-0.0015428894673254012,0.17992640509947905,0.15660485349369563,0.26035901758074836,0.22242983502894034,0.13744412520444124,0.22316216869217434,-0.00027566804586243165,-4.3170953935179474e-05,-0.4137294044690807,-0.002649182065037503,-0.0006897384398457026,-6.610117404059838,-0.003428301217638041,-0.0007625564742687448,-7.307969994060268,-0.0003757456202151399,-5.164402806987012e-05,-0.49493122180745774,0.0,0.0,0.0,-0.0015428894673254012,0.07261439691681545
2025-06-24 14:00:00+00:00,9575.108400571095,0.0006711480039073712,0.0007617242932163976,0.0903713840008499,0.14709104473173928,0.17950144234185486,0.25251614064726857,0.19661725317699263,0.22427411910214468,-0.0009940097930979386,-0.00014620993894035579,-1.3990370536688252,0.005026064147685805,0.0009021857638122874,8.632732644671945,-0.0023724792408066353,-0.0005990893016542532,-5.732497650606303,0.002615546053970963,0.0005142614806896928,4.9208068341576485,0.0,0.0,0.0,0.0007617242932163976,0.07337612121003186
2025-06-24 16:00:00+00:00,9592.014565968784,0.0017656369714501197,0.0019105602522853594,0.11205490841027783,0.14295329151138036,0.1613241530818396,0.18076298233200105,0.17863054556235655,0.33632902751242255,0.001706269758517287,0.00024391687818637432,2.335530549363429,0.0068385951146991975,0.0011032305651484536,10.563552252119754,0.003210463733650526,0.0005803329991634002,5.556751375418091,-0.0009060234941263845,-0.00016184347104810862,-1.5496687792103296,0.0,0.0,0.0,0.0019105602522853594,0.07528668146231722
2025-06-24 18:00:00+00:00,9638.653391718653,0.004862255517765544,0.0051963532957848115,0.27429220665747056,0.11168270793943091,0.14119975024222794,0.09827040367726735,0.4529227522198271,0.19592438592124675,0.007620049727910416,0.0008510277882461591,8.163070940901356,0.008014404600284575,0.0011316319279003446,10.854629935735442,0.0037928173521393216,0.0003727216922688754,3.5751519012955875,0.005534882266487351,0.0025068741093501653,24.04597297193681,0.0,0.0,0.0,0.0051963532957848115,0.08048303475810203
2025-06-24 20:00:00+00:00,9601.971780084503,-0.0038056780489343495,-0.0039092118325800024,0.34403943456550545,0.19566293422736872,0.2380578976063037,0.25755958228292536,0.1088833176543216,0.1998362682290806,-0.0038048335124840627,-0.0007444648892992574,-7.175639030259739,-0.00952942851911387,-0.0022685557186497996,-21.865822271866637,-0.002597709292714634,-0.0006690649203240546,-6.448884863561419,-0.0011350914292822534,-0.00012359252066123752,-1.1912654684624948,0.0,0.0,0.0,-0.0039092118325800024,0.07657382292552203
2025-06-24 22:00:00+00:00,9639.079775683464,0.0038646224388959975,0.004130010353179262,0.08522471618654244,0.13034022246034838,0.2799092842011191,0.2612919861321039,0.1485242433968701,0.17993426380955851,0.0032736607751373548,0.00042668967369111934,4.097062205635593,0.0045188827678568355,0.0012648772409395786,12.14531557277298,0.0074582692080027435,0.0019487859744669505,18.712187932256136,0.0015099861454879182,0.00022426954979834927,2.1534298882960057,0.0,0.0,0.0,0.004130010353179262,0.0807038332787013
2025-06-25 00:00:00+00:00,9634.851497515805,-0.00043865994120376064,-0.0004174171762878515,0.1977305774666278,0.2509466926627517,0.13428340871330263,0.2827885346500647,0.0964195414180588,0.23556182255582223,0.0008865067557928263,0.0002224659383893955,2.1443669275076656,0.0013209391345598842,0.00017738020969150118,1.709781991843841,-0.0030552291421855893,-0.0008639837721388369,-8.328008504542174,0.0002642377518029537,2.5477682854179638e-05,0.2455814175310003,0.0,0.0,0.0,-0.0004174171762878515,0.08028641610241345
2025-06-25 02:00:00+00:00,9657.38862331205,0.0023391253930644287,0.0025083927073651156,0.18514615153445999,0.1990023797474863,0.19525959550148267,0.15354515928380216,0.22058950616433867,0.23160335930289014,0.0028696398103371656,0.0005710651512752212,5.502127927943155,0.005088913031048081,0.0009936590999846725,9.57375786750753,0.0016501650165017256,0.0002533748503033155,2.4412290558777423,0.002361972246825994,0.0005210262915012195,5.020010944915631,0.0,0.0,0.0,0.0025083927073651156,0.08279480880977856
2025-06-25 04:00:00+00:00,9645.546485349436,-0.0012262256832068748,-0.00125079379463657,0.17062063848672732,0.3344020366577332,0.17513083459548834,0.18876614086028254,0.1263552667124508,0.17534572117404507,-0.0014607930148132775,-0.0004884921592889503,-4.717558621694247,-0.006721063667246341,-0.0011770654894142651,-11.367378866362554,-0.0009413979759943514,-0.00017770406294213462,-1.7161571957736994,0.004883342376560185,0.0006170360284384754,5.958956721215383,0.0,0.0,0.0,-0.00125079379463657,0.081544015015142
2025-06-25 06:00:00+00:00,9623.637194214689,-0.002271441143124972,-0.0023459380239373587,0.22184850835411646,0.17803286896060228,0.15646542265553984,0.14195221214324558,0.18747593303341845,0.3360735632071939,-0.00017217032794536458,-3.0651977434001015e-05,-0.2956550732075387,-0.0061365254174883255,-0.0009601540430837739,-9.261210455660747,-0.00011778563015318877,-1.6719930758931317e-05,-0.1612728693670959,-0.006741746374575808,-0.0012639151918482658,-12.191152736511798,0.0,0.0,0.0,-0.0023459380239373587,0.07919807699120464
2025-06-25 08:00:00+00:00,9650.174628164008,0.002757526433485267,0.0029735352642069274,0.060440162208356546,0.196127142971449,0.1805660004144617,0.14928168581720197,0.19839176979804998,0.2756334009988373,0.0036368182942843053,0.0007132787815642792,6.864336212106132,0.006244391573158703,0.0011275248113870354,10.850889712264175,0.003416185652020287,0.0005099739531981257,4.907804304078184,0.002050230650948226,0.00040674888733582663,3.914403720870501,0.0,0.0,0.0,0.0029735352642069274,0.08217161225541157
2025-06-25 10:00:00+00:00,9619.988160238598,-0.003128074785021114,-0.0032547358757748085,0.04723243496475539,0.18476195997250217,0.18143415869236676,0.1257341678630222,0.18607203578642123,0.32199767768568766,0.00026313320825521735,4.861700729108654e-05,0.46916261025770795,-0.009813667137100968,-0.0017805344407068415,-17.182468284281356,-0.007043907020427453,-0.0008856597877179459,-8.546771612620843,-0.0027435480120902023,-0.000510497563887413,-4.926390638765847,0.0,0.0,0.0,-0.0032547358757748085,0.07891687637963676
2025-06-25 12:00:00+00:00,9643.526515232372,0.002446817459824188,0.0026509951120523984,0.11370621948995795,0.1393258013724497,0.26816568306457506,0.15270886298077185,0.16928021738177348,0.2705194352004299,0.005345403953274985,0.000744752689449498,7.164512054810024,0.003470271342168818,0.0009306076848921207,8.952434910489254,-0.0018917001655237575,-0.00028887938137767095,-2.779016228590245,0.006263794336162087,0.0010603364668602398,10.200424257064732,0.0,0.0,0.0,0.0026509951120523984,0.08156787149168916
2025-06-25 14:00:00+00:00,9678.914143647702,0.003669573403405349,0.00395807034646495,0.21995623054320862,0.17557151760404707,0.14981874094558484,0.2627687213536777,0.24293087332047883,0.1689101467762115,0.006765050324623489,0.0011877501521618972,11.45410008584454,0.002490777946116962,0.000373165215862273,3.598628653730241,0.008410329305851727,0.002209971477862022,21.31191854466968,-0.0004170463848256478,-0.00010131344248084311,-0.9770188689134803,0.0,0.0,0.0,0.00395807034646495,0.08552594183815411
2025-06-25 16:00:00+00:00,9604.894588457331,-0.007647506124325817,-0.008016192362100659,0.19354528190968445,0.2066508762568964,0.22856714399266168,0.2056813279806021,0.10647298478386998,0.25262766698596983,-0.008295063842609585,-0.0017141822116821688,-16.591422453439844,-0.012041018312039853,-0.002752181166346289,-26.638125216829927,-0.011746740279572454,-0.0024160851401456916,-23.385080635213175,-0.007185462187470959,-0.0007650576061516684,-7.4049268848866365,0.0,0.0,0.0,-0.008016192362100659,0.07750974947605345
2025-06-25 18:00:00+00:00,9640.379129046487,0.003694422699005848,0.003989560157322162,0.19898310634001487,0.26138874492050307,0.1580851980138251,0.15625120745529267,0.2507182224602782,0.17355662715010098,0.0034995518462037634,0.000914743464863431,8.786014555493479,0.007120618201015061,0.001125664338288313,10.811887311244819,0.004516819208368217,0.000705758455164793,6.778735566770327,0.0037821600336191974,0.0009482564406893112,9.107903155646575,0.0,0.0,0.0,0.003989560157322162,0.08149930963337561
2025-06-25 20:00:00+00:00,9668.426885974932,0.002909403930384477,0.0031358808557145805,0.19592734943224815,0.16583391793846855,0.1255882689711728,0.285515580691948,0.18284262905271687,0.2402196033456938,0.003343775668620097,0.000554511419834593,5.345700318591345,0.004115039499426265,0.0005168006874809461,4.982154561468189,0.0037865341379716977,0.001081114493212874,10.42235359647906,0.004140048378093564,0.0007569773298560636,7.297548451905734,0.0,0.0,0.0,0.0031358808557145805,0.08463519048909018
2025-06-25 22:00:00+00:00,9652.913087554025,-0.0016045835174501118,-0.0016665813864228487,0.0977269045856414,0.17602023018491342,0.16303004593067136,0.2536883928728663,0.11694291228615712,0.29031841872539177,-0.0017817095818949413,-0.0003136169307278134,-3.032182364945729,-0.0009002010037858499,-0.00014675981099404356,-1.4189365023954101,-0.004125898856536581,-0.0010466926500707619,-10.119871359296505,-0.0008338609305271749,-9.751412565749277e-05,-0.942808194269241,0.0,0.0,0.0,-0.0016665813864228487,0.08296860910266733
2025-06-26 00:00:00+00:00,9645.95051685498,-0.0007212921773865572,-0.000730128445810121,0.04455169510851582,0.16617902840313595,0.16065337371725114,0.2739242005450464,0.14125879972249286,0.25798459761207365,-0.0021295965675083295,-0.00035389428847918753,-3.4161108088713688,-0.0049781946844400515,-0.0007997637710765807,-7.720050172776688,0.0023674242424243097,0.0006484947929570412,6.259863874145661,-0.0015300208639208446,-0.00021612891078783009,-2.0862735915426414,0.0,0.0,0.0,-0.000730128445810121,0.08223848065685721
2025-06-26 02:00:00+00:00,9690.394451428876,0.004607522555318609,0.0049840981832038654,0.24583316139867592,0.09758187092122149,0.20437418419603523,0.0966881966282849,0.16914239775567017,0.4322133504987881,0.002770806458209263,0.00027038047815266316,2.608076712984178,0.016836882365102168,0.003441024097772368,33.19194817441782,0.0040151157298062845,0.0003882142991688297,3.7446959197180667,0.003002817075813402,0.0005079036802247488,4.899213766776462,0.0,0.0,0.0,0.0049840981832038654,0.08722257884006107
2025-06-26 04:00:00+00:00,9723.777373307461,0.00344494974336792,0.0037096245966311957,0.21528780252990282,0.1970641708962489,0.20836045452447557,0.206601506076442,0.17104832053394817,0.21692554796888538,0.002004682175004824,0.00039505103072781455,3.8282003161960727,0.01202413773472899,0.0025053548036730305,24.277876288373815,0.0018819101387910209,0.00038880546897475095,3.7676783592381287,0.0009104938271604635,0.00015573843999232414,1.509166914775807,0.0,0.0,0.0,0.0037096245966311957,0.09093220343669227
2025-06-26 06:00:00+00:00,9703.75868183896,-0.002058736096062207,-0.0021771536441176614,0.14060367308370428,0.1560866550815266,0.25001827903127327,0.1655040859201621,0.11251958342124604,0.31587139654579194,-0.002055560588088756,-0.0003208455765121897,-3.1198309572150182,-0.0053037821592017975,-0.001326042487800404,-12.894141938917903,-0.0008217891523832899,-0.00013600946248430119,-1.3225257338605578,-0.002451471653895476,-0.00027583856926531206,-2.6821928385075444,0.0,0.0,0.0,-0.0021771536441176614,0.0887550497925746
2025-06-26 08:00:00+00:00,9725.907507537584,0.0022824996400702046,0.002466251283550258,0.06612209540695246,0.16437201912414395,0.19046355018479255,0.17450294781156056,0.10595221686077437,0.36470926601872866,0.0016900164253987882,0.000277791412195767,2.6956208278349787,0.005772361336085607,0.0010994244330202972,10.668549386946584,0.00469980025848904,0.0008201289992318718,7.958333896524173,0.0008037094281299062,8.515479562226877e-05,0.8263215873198128,0.0,0.0,0.0,0.002466251283550258,0.09122130107612486
2025-06-26 10:00:00+00:00,9689.662787901103,-0.0037266157022767064,-0.0039660803031486115,0.038998843478382735,0.1767467461557935,0.19187032237754628,0.16390199774319297,0.13116956111475378,0.33631137260871347,-0.004534290957973086,-0.0008014211729453788,-7.794548202649036,-0.010639066942985331,-0.0020413212041468913,-19.853701224707912,-0.0036253069816396533,-0.0005941950567230842,-5.779086163124765,-0.002208425994563834,-0.0002896782684613517,-2.8173840459987485,0.0,0.0,0.0,-0.0039660803031486115,0.08725522077297625
2025-06-26 12:00:00+00:00,9672.05958155533,-0.0018166995829569253,-0.0019185993867611559,0.05070308901365059,0.1815141506009985,0.19379543012500552,0.1868279462200185,0.08046647210110311,0.3573960009528742,2.7020698694091294e-06,4.904639172103491e-07,0.0047524299674013264,-0.005293518281717424,-0.0010258596522800085,-9.940234098306764,-0.0031690140845069825,-0.0005920603929507517,-5.736865557765004,-0.00247643517157059,-0.00019927000164337539,-1.930859119668806,0.0,0.0,0.0,-0.0019185993867611559,0.08533662138621509
2025-06-26 14:00:00+00:00,9637.797281085626,-0.003542399649299224,-0.0037585416853286673,0.04037639529444199,0.17542580576533767,0.18659456750085807,0.15974075838538487,0.0833168191384618,0.3949220492099576,-0.0034046920105228473,-0.000597270839328778,-5.776839144313501,-0.006807190809476116,-0.0012701848249900118,-12.285303306890823,-0.008713057812316127,-0.0013918304627950806,-13.461867163577748,-0.0033980356561003067,-0.00028311352218535364,-2.738290854920727,0.0,0.0,0.0,-0.0037585416853286673,0.08157807970088642
2025-06-26 16:00:00+00:00,9656.92614050295,0.0019847750330736604,0.002181370754981389,0.14580339186368643,0.17924680427868664,0.27299684067481333,0.12542862608260447,0.138896939314844,0.2834307896490516,0.003305908441856076,0.0005925735234406339,5.711103493059471,-0.0002588682935649178,-7.067022629410268e-05,-0.6811053148310088,0.007007958189808816,0.0008789985673920556,8.471610002889314,0.00420364315740307,0.0005838731685350734,5.62725123620618,0.0,0.0,0.0,0.002181370754981389,0.0837594504558678
2025-06-26 18:00:00+00:00,9635.165897499734,-0.0022533301680698384,-0.0023866974607569583,0.07163642743305766,0.20255175405045653,0.2071352665153727,0.16615449384375017,0.14650254921498607,0.27765593637543456,-0.0011239953627503185,-0.00022766723226965617,-2.1985656466407995,-0.00506773419261497,-0.0010497064726163689,-10.136937875264156,-0.006133522057088836,-0.0010191122528750728,-9.841491754896143,0.00029457364341101133,4.315578969125944e-05,0.41675227358357103,0.0,0.0,0.0,-0.0023866974607569583,0.08137275299511085
2025-06-26 20:00:00+00:00,9662.228173633743,0.0028086985135389883,0.0030876396582674524,0.1387510231498411,0.10555456498809544,0.225439830257802,0.12440065975627013,0.17965875038471188,0.36494619461312056,0.0031716626245801294,0.0003347834686265566,3.22569425995727,0.006258494408665216,0.0014109139171588894,13.594389658917095,0.008544979824353094,0.0010630011277535422,10.242192215134686,0.0,0.0,0.0,0.0,0.0,0.0,0.0030876396582674524,0.0844603926533783
2025-06-26 22:00:00+00:00,9631.72857483271,-0.003156580268333947,-0.003366776078301453,0.1289610118259229,0.13408294824815087,0.19757462566434952,0.12580411955236354,0.27868791915448593,0.26385038738065014,-0.00468116894753301,-0.0006276649337329194,-6.06464180631617,-0.00892497926810254,-0.0017633494379574394,-17.037884619393598,-0.004471640385973252,-0.000562550781712156,-5.4354940121588795,-0.0007284675831925602,-0.00020301511493143199,-1.9615783631639745,0.0,0.0,0.0,-0.003366776078301453,0.08109361657507685
2025-06-27 00:00:00+00:00,9618.637212813179,-0.0013591913349529174,-0.0014281063609113773,0.12444538546028187,0.09823541986727723,0.1483100436834578,0.08647084445384699,0.2821806701466925,0.3848030218487254,-0.000771095170970959,-7.574885787796208e-05,-0.7295924389341092,0.0007621824929995302,0.0001130393188315271,1.0887640372692449,-0.0039007092198581894,-0.00033729762021004437,-3.2487591268001554,-0.003753567440129113,-0.0010591841756964382,-10.201774491066013,0.0,0.0,0.0,-0.0014281063609113773,0.07966551021416547
2025-06-27 02:00:00+00:00,9643.294317531036,0.0025634717447303628,0.002840798442837482,0.036060730932077116,0.09969726124856707,0.16643681470698263,0.10294296298110948,0.26381714844597576,0.3671058126173651,0.0016432429278561145,0.0001638268194733313,1.575790742243011,0.0042260633454196395,0.0007033725219615796,6.765485114209905,0.009255962976148169,0.0009528362540081409,9.164986250520215,0.002817997820333318,0.000743436149287311,7.150842610885464,0.0,0.0,0.0,0.002840798442837482,0.08250630865700295
2025-06-27 04:00:00+00:00,9669.458659678337,0.0027132161775604525,0.0030001568716212603,0.03103652000409341,0.1012513089017662,0.143198591946978,0.09514466573702071,0.28802005827387517,0.37238537514035996,0.0033135803022326105,0.00033550434275216186,3.2353671219689075,0.008577304970385446,0.0012282579944590118,11.844453338428655,0.0037624926513817325,0.00035798110565371175,3.452117161933916,0.0027479778298737934,0.000791472734695567,7.63240452497051,0.0,0.0,0.0,0.0030001568716212603,0.08550646552862422
2025-06-27 06:00:00+00:00,9650.191204271812,-0.0019926095228961164,-0.002135001734817209,0.05552496745426332,0.09605373474133533,0.1324881711856101,0.11348508686791899,0.32520460459724015,0.33276840260789536,-0.0019541717281789106,-0.00018770549281751394,-1.8150105029935002,-0.0028524957294298048,-0.0003779219425069177,-3.6543005996559743,-0.007028230057397278,-0.0007975992985914493,-7.712353444718457,-0.0019353440267542155,-0.0006293827889802353,-6.08579085915744,0.0,0.0,0.0,-0.002135001734817209,0.08337146379380701
2025-06-27 08:00:00+00:00,9641.987692904997,-0.000850087961281456,-0.0008917195505516207,0.10730538223914671,0.07592845236102788,0.16045935946353485,0.10479861908044587,0.40453879855846214,0.25427477053652925,-0.003710435561561698,-0.0002817276297747011,-2.718725494852166,0.0009426229508198158,0.00015125267490417475,1.459617232982851,-0.0012976288781408885,-0.00013598971450807327,-1.3123267468172435,-0.001442688053612029,-0.0005836232919028564,-5.632076358129106,0.0,0.0,0.0,-0.0008917195505516207,0.0824797442432554
2025-06-27 10:00:00+00:00,9661.936388205559,0.002068940133084812,0.002308110062127954,0.1693215723862941,0.09433228597866324,0.20542828589120282,0.1072694513085436,0.2352172261721681,0.35775275064942236,0.002003280255623352,0.00018897400596887162,1.8220850398308155,0.007607583016009389,0.001562812738753836,15.068621193379638,-0.001063075832742788,-0.00011403556127769194,-1.0995294783930194,0.001833152089482537,0.0004311889496397964,4.1575185457435495,0.0,0.0,0.0,0.002308110062127954,0.08478785430538335
2025-06-27 12:00:00+00:00,9644.196198259178,-0.001836090534402222,-0.00197621114782156,0.2212500071079252,0.15464180797672258,0.2544613243262365,0.2191768979833757,0.15733521266744768,0.21438475704621754,-0.0009358090639470795,-0.00014471520556978077,-1.3982291106213125,-0.005538669093982707,-0.0014093770726596362,-13.61731162303277,-0.0020101690906939584,-0.0004405826257203648,-4.256881303458743,0.0010079394616051562,0.00015858436954755998,1.5322320907322071,0.0,0.0,0.0,-0.00197621114782156,0.08281164315756179
2025-06-27 14:00:00+00:00,9616.278215461358,-0.002894796230178246,-0.0031290520327340375,0.12360103039545021,0.13096320433338457,0.22634234509914627,0.14737345045835373,0.17755442566575222,0.3177665744433632,-0.0015198591185939803,-0.0001990456203063812,-1.9196350146389416,-0.00785779957094701,-0.0017785527822072118,-17.152711980566078,-0.006279620853080536,-0.0009254493926887094,-8.925215514649716,4.6473440428851376e-05,8.251565024056256e-06,0.07957971203469175,0.0,0.0,0.0,-0.0031290520327340375,0.07968259112482776
2025-06-27 16:00:00+00:00,9643.466285473129,0.0028272965280950356,0.0031719746566425022,0.0591528934972074,0.16261870926995045,0.2372770327200149,0.16393615139812662,0.17425749903482074,0.2619106075770873,0.004561369019200345,0.0007417639424063,7.133008440376436,0.004217428192519135,0.001000698847230676,9.622998524861643,0.004888517944437787,0.0008014048178518118,7.706531691674155,0.0016264948261974776,0.0002834289206062479,2.7255313548575884,0.0,0.0,0.0,0.0031719746566425022,0.08285456578147025
2025-06-27 18:00:00+00:00,9582.895518911013,-0.006281016054710421,-0.006815301534976984,0.08656578231062001,0.16529485394568944,0.22120554865934636,0.19162242941758698,0.23046085865024138,0.1914163093271358,-0.0040304450030635985,-0.0006662118181175313,-6.424591207000169,-0.01369419175969766,-0.0030292312016502207,-29.212288964017155,-0.008898908400569505,-0.0017052304468817019,-16.444332323465968,-0.00381992236433093,-0.0008803425880609662,-8.489554067632087,0.0,0.0,0.0,-0.006815301534976984,0.07603926424649327
2025-06-27 20:00:00+00:00,9599.157910744314,0.0016970227632355985,0.0019267604572386456,0.2029895119244272,0.1230552583350548,0.1298185463650728,0.12225951539806793,0.2824786218046647,0.3423880580971397,-0.000699223163346141,-8.60430869994136e-05,-0.824541912839951,0.0032434185631655676,0.00042105588312364706,4.034934535596717,0.006943613073147281,0.0008489227694346758,8.135138203117082,0.0018163753221349666,0.0005130871976766892,4.916861007426554,0.0,0.0,0.0,0.0019267604572386456,0.07796602470373191
2025-06-27 22:00:00+00:00,9624.68813978491,0.00265963215502701,0.0029956755016791914,0.0831035139540339,0.07646337152690413,0.13757551271435012,0.13935823957804905,0.34072644522944023,0.3058764309512565,0.0023500711884585357,0.00017969436639777816,1.7249145987234193,0.002975956098430377,0.0004094186860569561,3.9300746190701727,0.010462489596956281,0.0014580341318354794,13.99589987074376,0.0017975856565062287,0.0006124849707367969,5.879339952060123,0.0,0.0,0.0,0.0029956755016791914,0.0809617002054111
2025-06-28 00:00:00+00:00,9621.462227346441,-0.0003351705937498789,-0.0003288764355672808,0.30649832698365853,0.27552927641390684,0.16773346551626037,0.21663270887279465,0.12590602880080154,0.21419852039623663,-4.138175453216597e-05,-1.14018848829856e-05,-0.10973958620446438,0.0013719858668925777,0.00023012794409322276,2.214909694147126,-0.001882574420519978,-0.0004078271963718745,-3.925209580002112,-0.0011601466425356088,-0.00014606945658824158,-1.4058729664096756,0.0,0.0,0.0,-0.0003288764355672808,0.08063282376984382
2025-06-28 02:00:00+00:00,9623.867418372713,0.00024998186028686397,0.0003183160725952276,0.09261969445118874,0.1847267234479347,0.18354385775327842,0.24934565935797418,0.1700023805297926,0.21238137891101994,0.00017384792818297967,3.2114358151453696e-05,0.308987083909687,-0.0023027686872980624,-0.00042265904838013923,-4.0665980690357015,0.002357656489449411,0.0005878714119013701,5.656182584145854,0.0003097317722851045,5.265513861417941e-05,0.5066194272520183,0.0,0.0,0.0,0.0003183160725952276,0.08095113984243905
2025-06-28 04:00:00+00:00,9633.73694725368,0.0010255262725383666,0.001180357310020999,0.12044873369991586,0.28445681986662885,0.191963151433816,0.2616450029586583,0.08895780156554932,0.17297722417534736,0.002185003501105287,0.0006215391473218601,5.981610349154006,0.0013815411215298834,0.000265204987524285,2.5522976386249083,0.001293661060802087,0.00033847995208106306,3.2574861826053,-0.00224486004458746,-0.00019969781438884147,-1.921865289417013,0.0,0.0,0.0,0.001180357310020999,0.08213149715246006
2025-06-28 06:00:00+00:00,9635.70919183507,0.00020472269402710698,0.0002655264122796803,0.1961741116102793,0.14171958948714447,0.20370586256896017,0.20820812172786346,0.1727867300547362,0.2735796961612958,-4.9580555028239104e-05,-7.026535905146823e-06,-0.06769179856061752,0.0005245917891059104,0.00010686242289641352,1.0294844717302265,0.00011745360582571251,2.4454794659136444e-05,0.23559105884522472,0.0004654987819447953,8.043201237670385e-05,0.7748608493754171,0.0,0.0,0.0,0.0002655264122796803,0.08239702356473974
2025-06-28 08:00:00+00:00,9660.483791779607,0.0025711236662817687,0.0029148231022495443,0.21798617530869935,0.238258696751035,0.1935703556422196,0.1400247654551284,0.2942337980995449,0.13391238405207204,0.0017726859295430497,0.00042235783932182406,4.0697173145969,0.0039509536784740895,0.0007647875086681653,7.369270027074484,0.0025836758661186288,0.0003617786071653367,3.485993450472324,0.0034741070459234358,0.0010221997111264426,9.849619152392217,0.0,0.0,0.0,0.0029148231022495443,0.08531184666698928
2025-06-28 10:00:00+00:00,9656.017653512987,-0.0004623100005013152,-0.0004858252987217622,0.15235547216337242,0.13244856712484462,0.16877965711168522,0.1246284904540988,0.2878754290939269,0.2862678562154445,-0.0016468342887998588,-0.00021812084184360387,-2.1071528572794582,-0.0019121874190405341,-0.00032273833691893967,-3.1178084727913227,0.0015227831791027047,0.00018978216890046365,1.8333875666317088,-0.00038639279145613603,-0.00011123299063923537,-1.0745645031815059,0.0,0.0,0.0,-0.0004858252987217622,0.08482602136826752
2025-06-28 12:00:00+00:00,9654.078527910298,-0.00020082042849036,-0.0001935461602135422,0.2549083195285364,0.2261595658908922,0.1911066924025568,0.263498775925716,0.19188466032366366,0.1273503054571713,0.0006093674283371708,0.0001378142730607839,1.3307370535809886,0.00012360328290328404,2.362141456574411e-05,0.2280887960477739,-0.0009356725146199008,-0.0002465485622696805,-2.3806772697242806,-0.0006030057517470988,-0.00011570755384720751,-1.1172741825934402,0.0,0.0,0.0,-0.0001935461602135422,0.08463247520805398
2025-06-28 14:00:00+00:00,9644.691067246835,-0.0009723828780057939,-0.001057731352340697,0.1374664454560872,0.33061263467603297,0.22100874577772656,0.24811994157957626,0.06979704921371621,0.13046162875294792,-0.002529490779791921,-0.0008362816110957401,-8.073528344965615,-0.0018455809048290028,-0.0004078895210075796,-3.937797466518891,0.0015218918286115102,0.00037761171160552236,3.6454931168983293,-0.001516159475223211,-0.00010582345750799661,-1.0216279688771779,0.0,0.0,0.0,-0.001057731352340697,0.08357474385571328
2025-06-28 16:00:00+00:00,9678.019659821366,0.003455641278932696,0.003940920138525662,0.3697873555601809,0.14134350943650853,0.14664047366774227,0.14196998336890407,0.33615978974124533,0.2338862437855997,0.003244483588929814,0.00045858669676849823,4.422927017881368,0.005431418029336221,0.0007964657125093788,7.681665742807591,0.010987726475745196,0.0015599273450236123,15.045017330103304,0.001905824385255439,0.0006406615246312066,6.178982483739336,0.0,0.0,0.0,0.003940920138525662,0.08751566399423895
2025-06-28 18:00:00+00:00,9710.310259393678,0.003336488321713868,0.0037933385436803133,0.1997668664622987,0.17474525820155876,0.14514655711588326,0.30833510106615264,0.25218956271706316,0.11958352089934228,0.00014751145842950564,2.5776927890952464e-05,0.24946961489843564,0.003267517753786864,0.00047426895227718757,4.589984244181503,0.0084402821135392,0.0026024352385049495,25.186419401662807,0.0009279020135473104,0.00023400720304077863,2.2647263115684657,0.0,0.0,0.0,0.0037933385436803133,0.09130900253791926
2025-06-28 20:00:00+00:00,9688.953238951042,-0.002199416895250709,-0.002459377757196952,0.2042510512823796,0.15611866340477343,0.11763365797237615,0.15022354372406538,0.3125433643125131,0.26348077058627184,-0.0022276062942463426,-0.00034777091724979946,-3.376963505689478,-0.0044393345498883185,-0.0005222151620665149,-5.070871245825412,-0.009974776427424947,-0.0014984462627830482,-14.550378118652349,0.0005407743889249694,0.00016901544684865338,1.6411924275304859,0.0,0.0,0.0,-0.002459377757196952,0.08884962478072231
2025-06-28 22:00:00+00:00,9695.725135989725,0.0006989296853511543,0.0008105346328129045,0.1545561571448379,0.1660581337303635,0.262250344791624,0.12064208483897657,0.24047037170724594,0.21057906493178996,0.0009851179390321096,0.00016358684645997412,1.5849853058581531,0.0014055506922954208,0.0003686061536765799,3.5714077865619847,-0.000926462072958878,-0.00011177031600599905,-1.082937365284906,0.0011581759500902677,0.0002785070012205994,2.6984413115468686,0.0,0.0,0.0,0.0008105346328129045,0.08966015941353521
2025-06-29 00:00:00+00:00,9695.981772809055,2.6469069175259562e-05,4.896762955605383e-05,0.16824683744860536,0.12146085481173914,0.18504814010882428,0.15964726010173086,0.1940230178600647,0.33982072711764105,-0.0003221798063325343,-3.913223468023018e-05,-0.3794153914165566,-0.000414506921444846,-7.670373487560328e-05,-0.7436983302576785,0.00034774545033045,5.5516608358098884e-05,0.5382737751225166,0.0004473099703850014,8.678843037299414e-05,0.8414767658805334,0.0,0.0,0.0,4.896762955605383e-05,0.08970912704309127
2025-06-29 02:00:00+00:00,9680.466267919363,-0.0016001994695578725,-0.00179387469004161,0.24458027307675329,0.25221212389444686,0.2988771441028698,0.15207375850510407,0.1893987954899975,0.10743817800758176,0.0001324363944159579,3.34020643165714e-05,0.323865806787672,-0.0024757556597497787,-0.0007399467810825301,-7.174510502224944,-0.0034762456546928444,-0.000528645742196177,-5.125739480607247,-0.0019271981622238643,-0.0003650090105957367,-3.53912071364733,0.0,0.0,0.0,-0.00179387469004161,0.08791525235304966
2025-06-29 04:00:00+00:00,9691.910671015425,0.0011822161019234563,0.0013691594223570799,0.27781566682980563,0.14435165656557647,0.2120989946681687,0.25640930018385966,0.10622174542376338,0.28091830315863175,-0.0009339210332585113,-0.00013481304825230093,-1.3050531660817846,-0.0007079383764340141,-0.00015015301792866998,-1.453551225084781,0.0048837209302325935,0.0012522314660142074,12.122184466377746,0.002023603559070608,0.00021495070209021964,2.080823020849955,0.0,0.0,0.0,0.0013691594223570799,0.08928441177540673
2025-06-29 06:00:00+00:00,9701.026205462653,0.0009405301757979359,0.00109262881919781,0.15898132015587346,0.18358490346988604,0.13065159579258173,0.21721338198727952,0.2259698186753273,0.2425803000749254,0.0009254666368438969,0.00016990170318958688,1.6466721301668525,0.0024301136387039346,0.00031749822485398644,3.0771644334908057,0.0005785697755149588,0.0001256730976552253,1.2180124362242417,0.0014491189665006843,0.00032745715009913735,3.173685447346129,0.0,0.0,0.0,0.00109262881919781,0.09037704059460454
2025-06-29 08:00:00+00:00,9713.322714701892,0.0012675472654958889,0.001466482437551247,0.11692539381273025,0.17205327462305756,0.1482970751998847,0.26889837795622,0.27356473711181406,0.1371865351090236,0.0008589134283849553,0.0001477788679713486,1.4336066708036583,0.0027693660452714486,0.0004106888846716273,3.9841036324916854,0.0031224702208858535,0.000839627177612806,8.145245252840477,-0.00047720940256468225,-0.00013054766475989314,-1.2664463168976765,0.0,0.0,0.0,0.001466482437551247,0.09184352303215579
2025-06-29 10:00:00+00:00,9728.153453768024,0.0015268450870766694,0.0017631555260894385,0.21266337677267644,0.20775859887165832,0.14577240955268939,0.09079891984727269,0.24152548409528035,0.3141445876330993,0.004557356708900784,0.0009468300443995788,9.196865777228629,0.003187858275524258,0.00046470178213565223,4.513798375980681,0.0,0.0,0.0,0.0004774372401048499,0.00011531326054143847,1.1200749129234915,0.0,0.0,0.0,0.0017631555260894385,0.09360667855824523
2025-06-29 12:00:00+00:00,9755.92518698616,0.0028547795170089088,0.003288356185010203,0.20038632625769928,0.22150114879155888,0.1466685997048375,0.22406552591452664,0.29400646421367704,0.11375826137540007,0.0054265557553856425,0.0012019883337993655,11.69312696083917,0.005697854420840587,0.0008356963292267068,8.129782131468048,0.0005764353239567921,0.00012915928401808916,1.2564813349067792,0.0023398654577362343,0.0006879355699647473,6.69234279092243,0.0,0.0,0.0,0.003288356185010203,0.09689503474325543
2025-06-29 14:00:00+00:00,9733.1273659597,-0.0023368179428920176,-0.0026836834071500195,0.21007081090585294,0.2028430127232319,0.1983911369050677,0.31315164779943566,0.10259378937615102,0.18302041319611376,-0.003923315810744232,-0.0007958171989160492,-7.76393305514186,-0.006221976736629942,-0.0012343850385768973,-12.042568088291235,-0.0004608825901601943,-0.0001443261425507368,-1.408035049251288,-0.0015818653725062637,-0.0001622895628483343,-1.583284833777038,0.0,0.0,0.0,-0.0026836834071500195,0.09421135133610542
2025-06-29 16:00:00+00:00,9714.110676782377,-0.001953810780677799,-0.0022396673688117436,0.1484517504241032,0.18971321915099515,0.19581491512665236,0.18040591272598464,0.21125269730537555,0.22281325569099242,-0.0027839494729967607,-0.0005281520164759319,-5.140570844948691,-0.004180766024226346,-0.0008186563441982737,-7.96808646703274,-0.0013832853025936842,-0.00024955284757485345,-2.4289296499839756,-0.0016920473773266442,-0.0003574495724287401,-3.479102215356764,0.0,0.0,0.0,-0.0022396673688117436,0.09197168396729367
2025-06-29 18:00:00+00:00,9712.124085521142,-0.0002045057264977346,-0.00022260740592256888,0.21367522510162915,0.22063737740045486,0.17813887742541334,0.363156979578154,0.12186665095318706,0.11620011464279072,-0.0019144187621205067,-0.00042239233492049385,-4.103165890442207,0.0010054623279940333,0.00017911193040239984,1.7399131154610543,0.00023086690522933218,8.38409279876402e-05,0.8144400537160781,-0.0003697996918335944,-4.506624996728079e-05,-0.4377785399697057,0.0,0.0,0.0,-0.00022260740592256888,0.0917490765613711
2025-06-29 20:00:00+00:00,9710.439071540302,-0.00017349592797643532,-0.0001867939256427306,0.26937773424219313,0.25802318246549477,0.15977891713803302,0.11213920562334115,0.1651548655755113,0.30490382919761966,-0.0012798430118748927,-0.00033022916698018383,-3.2072266463698265,-0.00047967726329778415,-7.66423137054551e-05,-0.7443596609088176,0.002308136180034559,0.00025883255769956856,2.5138139177510204,-0.00015414020593129685,-2.545700499036496e-05,-0.24724159131215542,0.0,0.0,0.0,-0.0001867939256427306,0.09156228263572837
2025-06-29 22:00:00+00:00,9708.299709748208,-0.00022031565991342095,-0.0002410835768296682,0.07467562129451971,0.18334756117097512,0.17761853633721209,0.12502122076425004,0.20313829182953452,0.31087438989802824,0.0012725451274964161,0.00023331804560647548,2.2656206661525418,-0.0027974093200489047,-0.0004968717489631622,-4.824842844676454,-0.00023028209556696932,-2.87901487079322e-05,-0.27956498488896037,0.000354577128233613,7.202819215119796e-05,0.6994253713174052,0.0,0.0,0.0,-0.0002410835768296682,0.0913211990588987
2025-06-30 00:00:00+00:00,9807.566962937168,0.010224988531131272,0.011980437565293206,0.03960097029913791,0.21101410459741163,0.1886700296044012,0.10674327249110974,0.20402122543504672,0.28955136787203056,0.007563917403453857,0.0015960932581385943,15.495351714717986,0.028356950414412996,0.005350106674177837,51.94043907204264,0.013013935275826283,0.0013891500393291903,13.486284923616289,0.009261970441831524,0.0018896385594856487,18.345177478583544,0.0,0.0,0.0,0.011980437565293206,0.10330163662419191
2025-06-30 02:00:00+00:00,9816.14532273196,0.0008746674712710205,0.000989432856756057,0.2027471962974989,0.3026690075890887,0.17464640510854532,0.2178355657969316,0.13482478796761396,0.17002423353782037,0.001264247704323207,0.0003826485980142887,3.752851748299163,0.004207848517453261,0.000734885616814534,7.2074398970079265,0.00011368804001832267,2.476529852173552e-05,0.24288732360904997,-0.0019850358833408688,-0.0002676320420795379,-2.6248191741226856,0.0,0.0,0.0,0.000989432856756057,0.10429106948094796
2025-06-30 04:00:00+00:00,9791.75180339069,-0.0024850405672762416,-0.0028845129578422423,0.1521548809913203,0.1797536702431583,0.2044208722514406,0.27362873609085847,0.10558524432222408,0.23661147709231856,9.051198445053643e-05,1.62698614059756e-05,0.1597073239417646,-0.004544712241248305,-0.0009290340404877781,-9.119533151192877,-0.006820506991019548,-0.001866286707451543,-18.319741534227294,0.0027845777233781455,0.000294010319257104,2.8860480202105516,0.0,0.0,0.0,-0.0028845129578422423,0.10140655652310572
2025-06-30 06:00:00+00:00,9778.734628688875,-0.0013294020276646023,-0.0015443241610509396,0.08523973133253587,0.2001972301327631,0.13307533747186276,0.3140238236059582,0.1299863282500554,0.22271728053936052,-0.002055965997116771,-0.00041159869786992195,-4.030272292141069,0.001548495518566062,0.00020606656370684583,2.01775264679503,-0.0034336728854299503,-0.0010782550884948163,-10.558006207284306,-0.0003509200207498786,-4.5614805006709974e-05,-0.4466488491857671,0.0,0.0,0.0,-0.0015443241610509396,0.09986223236205478
2025-06-30 08:00:00+00:00,9725.334582749452,-0.00546083393885725,-0.006328843685617568,0.19100648908487614,0.2863652557174376,0.2379138009720644,0.21220912659799931,0.11088318564976789,0.15262863106273078,-0.00615613166746487,-0.001762902219183793,-17.238952977725024,-0.00897697627313665,-0.0021357465463779776,-20.884898711169,-0.006891007235557578,-0.0014623346268381673,-14.299782254193211,-0.0009005021444161709,-9.985054645731237e-05,-0.9764119963356278,0.0,0.0,0.0,-0.006328843685617568,0.09353338867643722
2025-06-30 10:00:00+00:00,9672.61780547267,-0.0054205618149415795,-0.006232372717623098,0.09100786750038958,0.24664612862651278,0.1866250605625996,0.22807647574677628,0.18132807548697874,0.15732425957713247,-0.0012571776162727533,-0.0003100779920495822,-3.0156122194293116,-0.011622188180278936,-0.0021689915730144856,-21.09416875472991,-0.009945645888747578,-0.002268367863330962,-22.06063642765009,-0.0037121906507792124,-0.0006731243865465497,-6.54635987497317,0.0,0.0,0.0,-0.006232372717623098,0.08730101595881412
2025-06-30 12:00:00+00:00,9685.237279716637,0.001304659658611498,0.0015315915942527892,0.12536830450901582,0.2531774947791093,0.30393136344062177,0.181724029200742,0.10231221752399731,0.15885489505552966,0.0016322291711909909,0.00041324369246751696,3.997148297760577,0.0027490343710872,0.0008355177645496649,8.08164400617181,-0.0014017054082468006,-0.0002547235545390796,-2.4638435891079897,0.0030360182161093263,0.00031062175613339566,3.004525529143072,0.0,0.0,0.0,0.0015315915942527892,0.0888326075530669
2025-06-30 14:00:00+00:00,9677.57323263505,-0.0007913122683775358,-0.000892214432013099,0.18615494171329186,0.2011146633020291,0.18617584520576305,0.24750439864152216,0.22268678979650902,0.1425183030541767,-0.0011956801317849486,-0.00024046880712085572,-2.328997455335901,0.0015863266775402174,0.0002953357099634999,2.86039642817007,-0.0017545911802548941,-0.00043426903493070615,-4.2059986465374415,-0.0018497286555070325,-0.00041191013628947377,-3.989447407883972,0.0,0.0,0.0,-0.000892214432013099,0.08794039312105381
2025-06-30 16:00:00+00:00,9717.413994842098,0.004116813301158639,0.004813475067580149,0.13243637695501498,0.22567589238572072,0.26421273629249414,0.27734265542611436,0.1204294221560783,0.11233929373959242,0.0005113206180227259,0.0001153927367674969,1.1167216605816304,0.005019472792914259,0.0013262086413616042,12.834481248530357,0.0072650574173891425,0.0020149103159618933,19.49944213991305,0.005482892761968783,0.0006603016070676447,6.390117158023745,0.0,0.0,0.0,0.004813475067580149,0.09275386818863396
2025-06-30 18:00:00+00:00,9728.5063795221,0.001141495534294336,0.001334717462111091,0.1587873966986689,0.3220271993660612,0.17941803501346776,0.21304350964365049,0.18286551187440678,0.10264574410241385,-0.001092391583714103,-0.0003517798023145088,-3.4183899741137944,0.005196442497686693,0.0009323355019954229,9.059890054978455,0.0006979990693345428,0.00014870417145903273,1.4450199968274036,0.002254310607445298,0.00041223566315438926,4.005864602309475,0.0,0.0,0.0,0.001334717462111091,0.09408858565074504
2025-06-30 20:00:00+00:00,9780.069472986768,0.0053002065736633104,0.006174780349446915,0.062253932923635374,0.35032657823695984,0.12835662661687797,0.20185098511660485,0.20070431304486838,0.11876149698468895,0.0026336518772285267,0.0009226382504168156,8.975892105171098,0.01128785229314655,0.0014488706420978815,14.09534728475152,0.012438967681934532,0.002510817880432096,24.4265077676018,0.0020820668693009026,0.0004178798007165174,4.065346307144063,0.0,0.0,0.0,0.006174780349446915,0.10026336600019196
2025-06-30 22:00:00+00:00,9746.459784988196,-0.003436549003195232,-0.003996770161989588,0.3148636238309446,0.14037611590978788,0.10456910743191146,0.12072534279779887,0.30910536018535717,0.3252240736751448,-0.005709447880046015,-0.0008014701173902321,-7.8384334285993305,-0.01112210866912322,-0.0011630289762909398,-11.374504187222072,-0.0026409461476634144,-0.00031882912898719204,-3.1181710315065976,-0.003730833977888093,-0.0011532207805268677,-11.278579351244792,0.0,0.0,0.0,-0.003996770161989588,0.09626659583820238
2025-07-01 00:00:00+00:00,9728.733855292305,-0.0018187044410928055,-0.0021075532849883826,0.08063584010346596,0.10988017802917245,0.13542733669748014,0.17050295363569604,0.26340710975852777,0.32078242187912354,0.0001466431689112202,1.6113177506726884e-05,0.15704643657768994,-0.0009084587153751489,-0.00012303014432287057,-1.1991083539841518,-0.010016117890858878,-0.0017077776843547768,-16.644786522264095,-1.5222785465285327e-05,-4.009789921884933e-06,-0.03908125621990246,0.0,0.0,0.0,-0.0021075532849883826,0.094159042553214
2025-07-01 02:00:00+00:00,9744.349584361977,0.0016051142216390146,0.0018760711002257426,0.04433718654396416,0.09440037036397941,0.1655481451362575,0.18471933174088281,0.24458430827480002,0.31074784448408016,0.0006858832826193151,6.47476359057253e-05,0.6299125174861694,0.0013357634572133126,0.00022113316268245858,2.1513456863166955,0.004884288870798947,0.0009022225762434126,8.777483322508331,0.001704977926625162,0.00041701084680741796,4.0569875433594405,0.0,0.0,0.0,0.0018760711002257426,0.09603511365343974
2025-07-01 04:00:00+00:00,9739.299905528087,-0.0005182160995120476,-0.0006005569957598128,0.23497909842474096,0.23184024423356475,0.26308736969141316,0.1811914098536764,0.1712652815178103,0.1526156947035354,-0.0002575079276254666,-5.970070083276729e-05,-0.5817444993458947,-0.001350053640524207,-0.00035518206122783026,-3.461018170698238,0.0026617289665549215,0.0004822824240984553,4.6995285388088694,-0.0034193489559587453,-0.0005856157615499053,-5.706444702654642,0.0,0.0,0.0,-0.0006005569957598128,0.09543455665767993
2025-07-01 06:00:00+00:00,9691.963147478278,-0.004860386116967272,-0.005667824139379907,0.18610272633048097,0.3290405512188606,0.15629210659388176,0.23752240057918783,0.0919578182848607,0.185187123323209,-0.002424612418847949,-0.0007977958067898241,-7.769972625698838,-0.009612018845833514,-0.0015022826740354119,-14.631181505309568,-0.00877192982456143,-0.002083529829642005,-20.29212187299733,-0.005184744651325901,-0.00047677780650003066,-4.643482045803637,0.0,0.0,0.0,-0.005667824139379907,0.08976673251830002
2025-07-01 08:00:00+00:00,9725.290433523362,0.003438651750729679,0.004046630572921318,0.2385056434754762,0.09564051077799754,0.1650659226990965,0.24613318228522196,0.3130788639490881,0.18008152028859592,0.002305192743571105,0.00022046981143687398,2.1367852875776676,0.001417811613867892,0.00023403238225659873,2.268233224147504,0.009082440614811338,0.0022354900114400626,21.666286807432883,0.0023912810215060976,0.000748659545596144,7.255980725925662,0.0,0.0,0.0,0.004046630572921318,0.09381336309122133
2025-07-01 10:00:00+00:00,9686.073558773991,-0.004032463093769305,-0.004695637061020099,0.1528645452015596,0.18459588426706075,0.1867509438347499,0.18163644355366032,0.35530301452593105,0.09171371381859793,-0.005808974314835402,-0.0010723127503316843,-10.428552932545854,-0.003318418031423631,-0.0006197176994066159,-6.0269346135242685,-0.009923840295407382,-0.0018025310576523029,-17.530138051114687,-0.00151392350863222,-0.0005379015863787021,-5.231249152185832,0.0,0.0,0.0,-0.004695637061020099,0.08911772603020124
2025-07-01 12:00:00+00:00,9675.434935963956,-0.0010983421450890707,-0.0012619893624400632,0.20311660984549715,0.188374511479416,0.2571093989932812,0.18496016654205905,0.15218640468043396,0.2173695183048098,0.00046360429440217565,8.73312324777692e-05,0.8458967417580646,-0.0031747969961535283,-0.0008162701476067082,-7.90645269354988,-0.0011655011655010705,-0.00021557128967604193,-2.0880393689619186,-0.001010812632094904,-0.00015383194028408966,-1.4900274892806205,0.0,0.0,0.0,-0.0012619893624400632,0.08785573666776117
2025-07-01 14:00:00+00:00,9668.951066592877,-0.0006701372510891586,-0.0007608629106582946,0.16812865156134418,0.24601804564104643,0.24960747726734261,0.2954452839417728,0.11120598219984666,0.0977232109499915,0.0018914544885413331,0.00046533193668992385,4.502288877069457,-0.002278434495008419,-0.0005687142864179432,-5.502558075389979,-0.0012835472578762719,-0.000379217984055939,-3.669098931280655,-0.0016863923468449782,-0.00018753691730520028,-1.8145012414777182,0.0,0.0,0.0,-0.0007608629106582946,0.08709487375710287
2025-07-01 16:00:00+00:00,9585.567591758396,-0.008623838745298677,-0.009999339433704811,0.13384497253179414,0.30613851254730734,0.15391434217100794,0.25729344650631336,0.14627198494551966,0.1363817138298518,-0.007979220172229518,-0.002442746594813814,-23.618797293341146,-0.008156433269080332,-0.0012553920610722232,-12.138324407896503,-0.014604509872648719,-0.0037576446796692684,-36.33248253336522,-0.007985503240271363,-0.0011680554097433713,-11.29387059987775,0.0,0.0,0.0,-0.009999339433704811,0.07709553432339805
2025-07-01 18:00:00+00:00,9599.250668627992,0.0014274665259635503,0.001720987735051717,0.18580240072400117,0.15443994893580354,0.2272271927867868,0.22318960939381594,0.2069078604665513,0.18823538841704238,0.0028182668541296696,0.00043525298903925383,4.172146945950644,0.0035980425328239196,0.0008175731042610394,7.836902252097928,0.0002371354043158025,5.292615826268857e-05,0.5073272673991034,0.000588253506300429,0.00012171427440056873,1.1667004041484803,0.0,0.0,0.0,0.001720987735051717,0.07881652205844977
2025-07-01 20:00:00+00:00,9559.904859361312,-0.0040988417351438145,-0.00470180676400853,0.1850267581612487,0.09720481041132358,0.18197732178658033,0.14064786075725366,0.2736097293323612,0.3065602777124812,-0.008049406233000544,-0.0007824410068025442,-7.510847357711282,-0.01208341213521591,-0.0021989069784100553,-21.10785928275348,-0.005808440018966299,-0.0008169446630044318,-7.842056602577362,-0.0010984590630609414,-0.00030054908692678326,-2.885046023637457,0.0,0.0,0.0,-0.00470180676400853,0.07411471529444125
2025-07-01 22:00:00+00:00,9554.20141136516,-0.0005966009160191953,-0.0006384530488208103,0.0965105316595194,0.11156893893081893,0.18378126021795652,0.1503963683926599,0.3442036864056028,0.21004974605296176,0.003658495394432304,0.0004081744492401,3.902108900757559,0.001747909791208091,0.0003212330641755282,3.070957531199156,-0.012042446643615201,-0.0018111402417621027,-17.314328398206346,0.0014094323549911358,0.00048513181232727915,4.637813970098316,0.0,0.0,0.0,-0.0006384530488208103,0.07347626224562044
2025-07-02 00:00:00+00:00,9559.352796742338,0.0005391748776667599,0.0006926530597428736,0.1715546240095579,0.14867783269510104,0.19118469232984506,0.21455763480088663,0.17264906239604494,0.2729307777781223,-0.000973586583695063,-0.00014475074320480957,-1.3829777550235474,-0.0008558122530711865,-0.00016361820229552628,-1.5632412592969476,0.004223992276128241,0.000906289792183289,8.658875211583418,-0.00034026231130890316,-5.874596901619329e-05,-0.561270820086528,0.0,0.0,0.0,0.0006926530597428736,0.07416891530536332
2025-07-02 02:00:00+00:00,9577.637626364329,0.0019127685744815724,0.0023172862887609127,0.1256765933353947,0.175591834179295,0.12517901607437798,0.17943331207312116,0.14810246804388286,0.3716933696293231,0.0003678045456174672,6.458347478445325e-05,0.6173762203041014,0.002619531727518609,0.0003279104042263951,3.1346112397225006,0.00745102752073068,0.0013369625463926823,12.780496656998645,0.0012377386514836886,0.00018331214907804164,1.7523455049660257,0.0,0.0,0.0,0.0023172862887609127,0.07648620159412423
2025-07-02 04:00:00+00:00,9603.121421850192,0.002660760041256153,0.0032049537636976615,0.2619045622227914,0.12259791466617757,0.138412658268579,0.27576125831654746,0.30044544182904687,0.16278272691964904,0.0044901626939084505,0.0005504845827850422,5.272341852815489,0.007979065321339851,0.001104403641625282,10.577577872724088,-0.0004771561493497334,-0.00013158118015816093,-1.2602368620042255,0.003785888679420202,0.0011374529970039893,10.89411262232628,0.0,0.0,0.0,0.0032049537636976615,0.07969115535782188
2025-07-02 06:00:00+00:00,9633.142845805003,0.003126215179004662,0.0037533089427514367,0.11412209906802387,0.20856309762079714,0.15050020859955257,0.1966092177935451,0.2654753832840254,0.17885209270207983,0.004182223783296246,0.0008722575471876345,8.376395136768076,0.005624241426837484,0.0008464495079532865,8.12855740234076,0.004893185344313045,0.0009620453430642264,9.23863824277129,0.0016779814960203865,0.0004454627807995145,4.277833172932774,0.0,0.0,0.0,0.0037533089427514367,0.08344446430057333
2025-07-02 08:00:00+00:00,9655.734252175198,0.002345175061951113,0.002812552400271096,0.2198901366495355,0.14115760700978996,0.23233794280529987,0.14196199918936606,0.16763795584967608,0.31690449514586794,0.00413704839034712,0.0005839758508651029,5.625522789884055,0.001149651013411468,0.00026710755140004866,2.573085197829871,-0.0015439429928741921,-0.00021918123390283348,-2.1114041353057935,0.010220077457429255,0.0017132728935887952,16.50420251778654,0.0,0.0,0.0,0.002812552400271096,0.08625701670084442
2025-07-02 10:00:00+00:00,9668.8230948525,0.0013555512543599925,0.0016325980555590397,0.1684923686052863,0.22488345969654086,0.1921744124429319,0.2267285151079015,0.13579187018505823,0.22042174256756752,0.0051937803511392655,0.001167995294268113,11.277852169244067,0.0006456806822965344,0.00012408330574608788,1.1981154254156283,-0.0005947424765075926,-0.00013484507857016248,-1.3020282438871735,0.0014604536534159607,0.00019831773291595416,1.9149033265303113,0.0,0.0,0.0,0.0016325980555590397,0.08788961475640346
2025-07-02 12:00:00+00:00,9666.358923699738,-0.00025485740390406513,-0.0002782726022047953,0.0966378985090785,0.19938029935005508,0.16917354813506363,0.17859464125317703,0.14098911540040063,0.3118623958613036,-0.0014509065959716905,-0.0002892821914338051,-2.7970183334647167,-0.0011925133034660362,-0.00020174170674561523,-1.9506048733769648,0.0027374434658415936,0.000488892733732833,4.727017354821589,-0.0017925230521501634,-0.00025272623945747776,-2.443565300741684,0.0,0.0,0.0,-0.0002782726022047953,0.08761134215419866
2025-07-02 14:00:00+00:00,9685.699540698333,0.0020008171795873027,0.002405636044575587,0.16264992914843623,0.14488650678886084,0.29686325101405847,0.12741025125320754,0.175949341669842,0.25489064927403104,0.002681708723801579,0.0003885434092168248,3.7558000509277734,0.0016109973054638793,0.0004782458974748954,4.622896498779245,0.007240356083086041,0.0009224955877086821,8.917173456321454,0.0012022340247446195,0.00021153228518690033,2.0447469925669917,0.0,0.0,0.0,0.002405636044575587,0.09001697819877424
2025-07-02 16:00:00+00:00,9776.612494213954,0.00938630742504609,0.011276020065312333,0.1712690385399681,0.20384474114360313,0.14757058628195663,0.23972105543843342,0.15587648166341428,0.25298713547259255,0.008996530609536757,0.0018338954532915223,17.76256034963446,0.020080583598339308,0.002963303494490774,28.701667295539053,0.015437190666981015,0.003700619639693023,35.843089944473945,0.0056999544003648595,0.0008884888375707705,8.60563592597481,0.0,0.0,0.0,0.011276020065312333,0.10129299826408658
2025-07-02 18:00:00+00:00,9870.74561198294,0.009628398161908863,0.011282234265608718,0.16229983456976887,0.17486030346892525,0.21410002496692576,0.19952064717853038,0.251646877548214,0.1598721468374046,0.003604360031359777,0.0006302594888948355,6.1618027937261495,0.027232853907044108,0.005830554701418785,57.003073942088804,0.012997562956945652,0.0025932821729134897,25.353514892728334,0.002282173354492434,0.0005743017986817543,5.6147261404415865,0.0,0.0,0.0,0.011282234265608718,0.1125752325296953
2025-07-02 20:00:00+00:00,9926.498427549537,0.005648288159601045,0.006484740257916311,0.18442855485466633,0.29539425364126987,0.14794591402421794,0.24079326997047526,0.13337243363625553,0.18249412872778145,0.0050074370235486665,0.0014791681222268201,14.60049225185543,0.014749480885280608,0.0021821254309555707,21.53920502240108,0.007675564211249819,0.0018482242052951956,18.24335096437821,0.0010404728873878444,0.00013877040112345845,1.36976732796249,0.0,0.0,0.0,0.006484740257916311,0.11905997278761161
2025-07-02 22:00:00+00:00,9912.167576755013,-0.0014436964755618466,-0.0017412483338618144,0.16708430941390026,0.16464398316948928,0.1430372338691513,0.24563621291241536,0.2956138001082157,0.1510687699407284,-0.0021367455127433432,-0.0003518022922375967,-3.4921649007048265,-0.003006069726996574,-0.00042997989856738476,-4.2681947870070545,0.0005684402000911692,0.00013962949801757043,1.386031992510944,-0.0027114559011826023,-0.0008015437827744356,-7.956523099322543,0.0,0.0,0.0,-0.0017412483338618144,0.1173187244537498
2025-07-03 00:00:00+00:00,9857.072131959603,-0.005558364945787856,-0.006619607897499702,0.2218573457741671,0.1963390156828793,0.1681138730806351,0.321336610094536,0.07375645433404861,0.240454046807901,-0.0054110957066765275,-0.0010624092048147236,-10.530778073210579,-0.010200623820709409,-0.0017148663783380447,-16.99804291382966,-0.00784001817975244,-0.0025192848649611835,-24.971573755077873,-0.0035495808473678947,-0.0002618044976739037,-2.5950500532919016,0.0,0.0,0.0,-0.006619607897499702,0.1106991165562501
2025-07-03 02:00:00+00:00,9873.695246210154,0.0016864149950425004,0.0019261308709009716,0.14309452056628924,0.19472216114385194,0.2380486695867941,0.21470794400737417,0.14691617839417884,0.20560504686780093,0.0011609598162014567,0.00022606460441191678,2.2283351121711767,0.003781497893332375,0.0009001805425530366,8.873144539731813,0.0014887769125058181,0.00031965222996977057,3.1508350879537677,0.0016371077762618036,0.00024051761810777654,2.3707995106954667,0.0,0.0,0.0,0.0019261308709009716,0.11262524742715108
2025-07-03 04:00:00+00:00,9864.973612225956,-0.0008833201518496044,-0.0010704485201602637,0.10316457750930785,0.19990632358945795,0.14709287212375974,0.21221410283373812,0.24489659345788078,0.1958901079951636,-0.0031911625279558153,-0.0006379335689400879,-6.298761647041624,-0.007329088069205958,-0.0010780566141474852,-10.644402466253439,0.0064036592338478915,0.0013589467991640132,13.417826550758223,-0.0021489754532521,-0.0005262767679260446,-5.196296421662231,0.0,0.0,0.0,-0.0010704485201602637,0.11155479890699081
2025-07-03 06:00:00+00:00,9945.744487459973,0.008187642299814661,0.009415800811733026,0.08458263643355171,0.22562951970299047,0.20595231244377887,0.2005484371320082,0.20542954135076122,0.1624401893704613,0.006556032411473289,0.0014792344441579566,14.592608757913972,0.011092370042401711,0.00228449926071473,22.536524924100515,0.019884104079082032,0.003987725996830091,39.338811731516294,0.002123271050715747,0.0004361825981118848,4.302929820485903,0.0,0.0,0.0,0.009415800811733026,0.12097059971872384
2025-07-03 08:00:00+00:00,9989.706218123665,0.004420154843020623,0.0050199271796784635,0.040246312592161645,0.21000629777159116,0.23621747657328376,0.21052958559466495,0.18760060032562095,0.15564603973483923,-0.0005522205567805027,-0.00011596979468284012,-1.153405946178722,0.004077802620451543,0.0009632482449669874,9.58022092243591,0.01426024955436711,0.0030022044291574132,29.85915815152026,0.0030419516919910627,0.0005706719635790617,5.6757575359144115,0.0,0.0,0.0,0.0050199271796784635,0.12599052689840232
2025-07-03 10:00:00+00:00,10037.297685806743,0.004764050778263735,0.0053832925431271696,0.17782097976065275,0.2493947714640509,0.18559225843957233,0.2977855280784664,0.06040483869867961,0.20682260331923072,0.006059663804873994,0.0015112484697655307,15.096928235546596,-0.00031920744253299826,-5.924243017041915e-05,-0.5918144730501932,0.010874340949033279,0.0032382213620131667,32.348880075763816,0.0012221434283388177,7.382337665545758e-05,0.73747384481791,0.0,0.0,0.0,0.0053832925431271696,0.13137381944152948
2025-07-03 12:00:00+00:00,10010.868623228242,-0.0026330854584370755,-0.0031787816803204756,0.26868314220253836,0.15238642678513262,0.1431333443952635,0.16856964459915522,0.31078758157386316,0.22512300264658552,-0.003119912383044321,-0.00047543229993481204,-4.772055523893466,-0.0006847839468177019,-9.801541649620595e-05,-0.9838099131707521,-0.00760621536455508,-0.0012821770207476837,-12.869592443145311,-0.0025015823261702597,-0.0007774607212583739,-7.803604698292317,0.0,0.0,0.0,-0.0031787816803204756,0.128195037761209
2025-07-03 14:00:00+00:00,10044.194074980851,0.0033289270898315434,0.0037542964141219527,0.11535101314561515,0.2503412783401709,0.12602300916397033,0.18596580618973207,0.2343510484396432,0.20331885786648352,0.0059896433531712034,0.0014994549738345866,15.010846749504188,0.01043663717768073,0.0013152564226838921,13.166859253345597,-0.0009854374247235675,-0.00018325766513825164,-1.8345684098985913,0.0029761904761904656,0.0006974733584513166,6.98231415965791,0.0,0.0,0.0,0.0037542964141219527,0.13194933417533095
2025-07-03 16:00:00+00:00,9920.447716662158,-0.012320187901081522,-0.015161303773464342,0.10495711102818711,0.1534505140325883,0.18446612173529,0.17789945946912755,0.24315692282710974,0.2410269819358844,-0.010228864482578759,-0.001569624512821396,-15.76561323162537,-0.02063862779985448,-0.003807127628177297,-38.239528765634304,-0.02498903989478296,-0.004445536689934353,-44.65183328114861,-0.010272786154332691,-0.0024978990701484756,-25.089383040285497,0.0,0.0,0.0,-0.015161303773464342,0.11678803040186661
2025-07-03 18:00:00+00:00,9962.748258031901,0.004263975031963171,0.004784096957892769,0.10305070892925244,0.16424352158507893,0.1998525006136969,0.2547707819674825,0.2195335642685999,0.1615996315651418,0.003923379778855596,0.0006443897113949312,6.392634441048433,0.002680391516113323,0.0005356829471189858,5.314214669601398,0.009442446043165464,0.002405659362103026,23.865217925841907,0.0030894729633068607,0.0006782430113462285,6.728474333251758,0.0,0.0,0.0,0.004784096957892769,0.12157212735975938
2025-07-03 20:00:00+00:00,9978.109445059286,0.0015418624087988808,0.0016968231537494674,0.11826247188746129,0.10944610148720144,0.20461253541717667,0.19130573017789876,0.2483586375633498,0.24627699535437347,0.0022582971265836527,0.00024716181650432983,2.4624109568305124,0.0033405628130565024,0.000683521026899827,6.809747920074427,-0.0016703786191535341,-0.0003195530014107171,-3.183626108153488,0.0037475345167652385,0.0009307325668054411,9.272654258634468,0.0,0.0,0.0,0.0016968231537494674,0.12326895051350885
2025-07-03 22:00:00+00:00,9979.47445810798,0.00013680076934487667,9.192699173343928e-05,0.2545469981492058,0.23428312738671175,0.2272190857256626,0.29840915211910823,0.1399008872122402,0.10018774755627724,-0.00014043279712350198,-3.2901034897757666e-05,-0.32829012706554095,0.003673598812074186,0.0008347117634023767,8.328845330307347,-0.003234802007808235,-0.0009652945244232444,-9.631814411411588,0.0021464092990914896,0.000300284565263502,2.996272256861271,0.0,0.0,0.0,9.192699173343928e-05,0.12336087750524229
2025-07-04 00:00:00+00:00,9966.029070327208,-0.001347304192942478,-0.001621306828589532,0.11503610290656657,0.15998525969346486,0.19830176828680238,0.28658823434464875,0.19361136062489562,0.16151337705018837,-0.0018510221382138647,-0.00029613625748049776,-2.9552842176463154,-0.0016412896067068417,-0.0003254706312807171,-3.2480258517301963,-0.003133393017009878,-0.0008979935722527128,-8.96150391784109,0.0008899078417472506,0.00017229626807144946,1.7194262064463552,0.0,0.0,0.0,-0.001621306828589532,0.12173957067665275
2025-07-04 02:00:00+00:00,9945.783875543739,-0.002031420402309113,-0.0024163426580404326,0.06799672516274183,0.18693353446691346,0.21256850511636433,0.25260276178252244,0.22039307418462697,0.12750212444957293,-0.0007734651448372265,-0.0001445865733113859,-1.440953992800268,-0.00045151779443208806,-9.597846259586684e-05,-0.9565241483557215,-0.0050516389762012,-0.0012760579569166574,-12.71723069405375,-0.002335814822628901,-0.0005147974094852027,-5.130485948258669,0.0,0.0,0.0,-0.0024163426580404326,0.11932322801861232
2025-07-04 04:00:00+00:00,9937.882580346955,-0.0007944366472925704,-0.0009743934665302841,0.11259614717862573,0.2376934942219815,0.12033615557775124,0.2322389641425097,0.2569104603101583,0.1528209257475992,-0.002414885624211327,-0.0005740026021652212,-5.708905825135004,-0.004694817554602437,-0.0005649562956597965,-5.618933215760125,0.001466771973372527,0.0003406416037293005,3.3879477697102365,1.5105055662045785e-05,3.880646803146745e-06,0.038596074401417255,0.0,0.0,0.0,-0.0009743934665302841,0.11834883455208203
2025-07-04 06:00:00+00:00,9923.316679746387,-0.0014656945765663314,-0.0017553545530013869,0.2936040893895775,0.16354312097899706,0.21779355685022211,0.09945798987721016,0.17023771842886481,0.3489676138647059,-0.002046769010609961,-0.000334734991918247,-3.326557045216926,-0.003522205800778111,-0.0007671137293099496,-7.623486167654338,0.0007886435331230235,7.843690053407692e-05,0.7794967074740098,-0.0025980303304935504,-0.0004422827558722116,-4.395354095170297,0.0,0.0,0.0,-0.0017553545530013869,0.11659347999908065
2025-07-04 08:00:00+00:00,9848.763468578169,-0.007512932779862084,-0.00890984920170952,0.2508377393659694,0.1690730347333512,0.13252812125278907,0.16985120619199226,0.34515232772569804,0.1833953100961695,-0.0028620702308003176,-0.00048389889954139257,-4.801882021130022,-0.01321603051949305,-0.0017514956951679356,-17.38064644636397,-0.017561634582911156,-0.002982864816610465,-29.599912188099275,-0.006648291737339607,-0.00229467336854229,-22.770770512625536,0.0,0.0,0.0,-0.00890984920170952,0.10768363079737113
2025-07-04 10:00:00+00:00,9885.381899224765,0.003718073925059315,0.004244381873176429,0.22214542166882148,0.12592219465165663,0.19516497641419522,0.2576650405743713,0.1661577461385711,0.25509004222120574,0.002737810487580594,0.0003447511051364705,3.395372090020022,0.0065367470117163595,0.0012757440763671844,12.564501654580123,0.00630228027959201,0.001623877303952135,15.993183468616994,0.0028509139694785635,0.00047370143960352517,4.665373433380086,0.0,0.0,0.0,0.004244381873176429,0.11192801267054756
2025-07-04 12:00:00+00:00,9898.35226050142,0.0013120748807562356,0.001474960720875556,0.11289532256222908,0.13814429940577322,0.22473045114608647,0.2808533276852535,0.21407720210391012,0.14219471965897668,-0.001005526727194006,-0.00013890778526199602,-1.3731565060903361,-0.000889683202232483,-0.00019993890741480078,-1.9764724563090479,0.0037576861762698144,0.0010553586670022535,10.432623463974053,0.0027820006080876425,0.0005955629064307791,5.887366775080516,0.0,0.0,0.0,0.001474960720875556,0.1134029733914231
2025-07-04 14:00:00+00:00,9852.149222020604,-0.004667750476529983,-0.005489835863055878,0.2940656214510228,0.13313293741241586,0.18045850922649848,0.11456284446443957,0.13558536778664662,0.4362603411099994,-0.008428660642127661,-0.0011221323497388747,-11.10726128061956,-0.009159736387886364,-0.001652952373465685,-16.361504862395254,-0.009415768576290562,-0.0010786972309187331,-10.677325174061064,-0.006003365523096327,-0.0008139685224066896,-8.056947163741258,0.0,0.0,0.0,-0.005489835863055878,0.10791313752836723
2025-07-04 16:00:00+00:00,9809.446916104958,-0.004334313757672362,-0.005066689918755048,0.11227798035896813,0.11002902753823986,0.20458092067883016,0.1101268740684534,0.2237409366932831,0.35152224102119345,-0.0036762914811140357,-0.00040449877661409285,-3.985182307326821,-0.010028307302492157,-0.002051600340794081,-20.212672701451613,-0.008131012368300383,-0.0008954429751328534,-8.822037810818957,-0.004392453520826067,-0.0009827716651313336,-9.682413096047561,0.0,0.0,0.0,-0.005066689918755048,0.10284644760961219
2025-07-04 18:00:00+00:00,9817.624404744945,0.0008336340172820642,0.0009495746482302401,0.05152780239128475,0.10166715875712981,0.22789950402945988,0.09791056483236148,0.19279131231920038,0.37973146006184855,0.0028081320186452707,0.0002854948037505881,2.800546122215197,-0.0015836705965159847,-0.0003609177434920318,-3.540403445865472,0.007504907054612708,0.0007348096887315046,7.2080766350513015,0.0009038128647804733,0.00017424726829200346,1.7092693285867067,0.0,0.0,0.0,0.0009495746482302401,0.10379602225784243
2025-07-04 20:00:00+00:00,9777.826538774096,-0.004053716492924135,-0.004730289856406232,0.22250940561129956,0.1484241149326385,0.19079750120839487,0.14702225689534568,0.319432069692007,0.19432405727161395,-0.0037649928802098165,-0.0005588157359728274,-5.486243007242338,-0.005603710705931242,-0.0010691740001864114,-10.49674875714889,-0.010314004125601683,-0.001516388164173866,-14.88732944765973,-0.002846735437264658,-0.0009093385925910303,-8.92754475879812,0.0,0.0,0.0,-0.004730289856406232,0.0990657324014362
2025-07-04 22:00:00+00:00,9808.302670011588,0.0031168615148407476,0.003607297487382841,0.2748157438232365,0.21982577601308478,0.22679297385104188,0.3144408669954889,0.10303680807526351,0.13590357506512096,0.004112526358710067,0.0009040392981777063,8.839539441816685,0.005772244085765932,0.001309104402004944,12.800195763949935,0.002200092635479267,0.0006917990357704908,6.764290971455035,0.002056728880157177,0.0002119187788876067,2.07210506027184,0.0,0.0,0.0,0.003607297487382841,0.10267302988881903
2025-07-05 00:00:00+00:00,9827.158259460823,0.001922411051494652,0.0022156446900203214,0.2409454046465309,0.17964266914616822,0.14292660030315668,0.23076601874755037,0.3439822127217944,0.10268249908133037,0.0006770382200400604,0.00012162495296196722,1.1929343508768968,0.0044615323000520846,0.0006376716437891676,6.254476486367971,0.0033506643558638416,0.000773219473562024,7.583970627043355,0.0011334742517539187,0.0003898949811814932,3.8242079849465576,0.0,0.0,0.0,0.0022156446900203214,0.10488867457883935
2025-07-05 02:00:00+00:00,9820.76660941278,-0.0006504067482468399,-0.0007762289499098677,0.21403120548308163,0.1454690496487936,0.17882423715741763,0.28138933094171503,0.1641246267360873,0.2301927555159863,-2.8800496368663886e-05,-4.1895808361630666e-06,-0.04117167391777866,0.0024521140013715748,0.0004384974157182948,4.309183500628267,-0.0048364808843850415,-0.0013609341201695011,-13.37411497960576,0.0016829865361076557,0.0002762195370405295,2.7144531048522844,0.0,0.0,0.0,-0.0007762289499098677,0.10411244562892949
2025-07-05 04:00:00+00:00,9838.287859289649,0.0017841020537107415,0.0020604955076348516,0.182501818567117,0.1466657937084897,0.2791549304264971,0.155550610163177,0.24509900797442877,0.1735296577274074,0.001607502939865224,0.00023576569456406368,2.3153998608197686,0.0016108567769339555,0.00044967861149204966,4.416188692708223,0.003934274473501587,0.0006119787949025838,6.010100914647967,0.0019856422789064077,0.0004866789527520445,4.779560408691259,0.0,0.0,0.0,0.0020604955076348516,0.10617294113656434
2025-07-05 06:00:00+00:00,9834.95486489637,-0.00033877788909492405,-0.00041840380750172935,0.2068948856029746,0.15481440619736056,0.1879518254837797,0.22687274109026398,0.12940722731417162,0.30095379991442417,-0.00026896653238983603,-4.163989399889561e-05,-0.40966526359144256,0.0005321176694834673,0.0001000124873515922,0.9839516400885291,-0.001498386353158243,-0.00033994301915325493,-3.3444572781857365,-0.0004420731707316383,-5.720746329436572e-05,-0.5628234915897165,0.0,0.0,0.0,-0.00041840380750172935,0.1057545373290626
2025-07-05 08:00:00+00:00,9822.239423101832,-0.0012928825774202457,-0.0015379711654280436,0.18973737969306037,0.34455178589042085,0.15021442688129022,0.2177494093160534,0.08525323770678932,0.2022311402054461,-0.000667464319051847,-0.00022997602314744754,-2.2618038076635094,0.0006905912890244892,0.00010373677469002509,1.0202464969063207,-0.004617338104582647,-0.001005422644885377,-9.888286332592415,-0.0018910798981257582,-0.0001612206840774462,-1.5855981511894002,0.0,0.0,0.0,-0.0015379711654280436,0.10421656616363456
2025-07-05 10:00:00+00:00,9826.689572312256,0.0004530686963256855,0.0005143691249183927,0.2993532816696631,0.09735471393403687,0.11757268790117968,0.1982349385828849,0.2064538057935752,0.3803838537883234,0.0002277576303433282,2.217327894836883e-05,0.21779125462610227,0.00012295146986507355,1.445573479343759e-05,0.14198768817800753,0.0008117824423052866,0.00016092364259305282,1.5806305463866324,0.0012376426726969925,0.00025551603999082625,2.5097397212327577,0.0,0.0,0.0,0.0005143691249183927,0.10473093528855296
2025-07-05 12:00:00+00:00,9831.781456891193,0.0005181688646483447,0.000590956569047411,0.2550518837960461,0.1872257721436393,0.2213469684978422,0.25964148357266603,0.173430980060104,0.15835479572574845,0.00031579024310834924,5.912407210138826e-05,0.58099390279135,-0.0013959224787141178,-0.0003089832089213636,-3.036282077127143,0.0028968713789108147,0.0007521479825395987,7.391124736857575,9.156391161035948e-05,1.588001892872138e-05,0.15604801641498764,0.0,0.0,0.0,0.000590956569047411,0.10532189185760037
2025-07-05 14:00:00+00:00,9825.255458339936,-0.000663765623744762,-0.0008039912405527958,0.26278251801803676,0.11847433797633058,0.14027539933123095,0.14668196888854929,0.37469813494147247,0.21987015886241676,0.00012764516863028597,1.512267684935021e-05,0.14868285382599913,-0.0014653847528504071,-0.00020555743137998803,-2.02099574216795,-0.0006932409012131435,-0.00010168594030401618,-0.9997539423075711,-0.0009918515579698806,-0.00037164492891010803,-3.6539317206060455,0.0,0.0,0.0,-0.0008039912405527958,0.10451790061704758
2025-07-05 16:00:00+00:00,9819.318022853076,-0.0006043034211207112,-0.0007334146545243434,0.28450390506695294,0.23380354226984182,0.1220049159629458,0.21642391070805794,0.10846471324280467,0.3193029178163498,-0.0006288959177256359,-0.00014703809328329667,-1.4446868286156072,-0.002684515713365254,-0.00032752411401033534,-3.218008088917999,-0.0003468609087755592,-7.506899434895745e-05,-0.7375720464791841,-0.0005040553544426452,-5.4672219478121774e-05,-0.5371685228469749,0.0,0.0,0.0,-0.0007334146545243434,0.10378448596252324
2025-07-05 18:00:00+00:00,9816.841147021847,-0.0002522451992555456,-0.00031552953363520953,0.2501932424306381,0.19439508541220502,0.18132414606752098,0.15507611860792217,0.29933872556886765,0.1698659243434843,0.00029687760276897457,5.771154694724549e-05,0.566688033065819,-0.0016230205728824387,-0.0002942928194279269,-2.8897547858048886,0.002081887578070818,0.00032285104498527,3.170177084720811,-0.001130875970413836,-0.00033851497176013416,-3.3239861632098857,0.0,0.0,0.0,-0.00031552953363520953,0.10346895642888802
2025-07-05 20:00:00+00:00,9823.299140892115,0.000657848464037345,0.0007660976942936015,0.12514957417357578,0.24705156935584419,0.1944440831092612,0.17785372888964174,0.17418915139529187,0.20646146724996112,0.00047830476210219963,0.00011816594210772212,1.160016282659688,0.0008507748841668494,0.00016542814228421093,1.6239817940510266,0.0013850415512466352,0.0002463348045563079,2.418229645311948,0.0007343716532541844,0.0001279195750891039,1.2557661482442661,0.0,0.0,0.0,0.0007660976942936015,0.10423505412318163
2025-07-05 22:00:00+00:00,9852.608411558263,0.002983648389993648,0.003529328471401741,0.1835719777766899,0.11460356835939142,0.26684373841205805,0.18302727542635278,0.28018792733247383,0.1553374904697239,-0.0004789083368148539,-5.488460431604356e-05,-0.5391478864259944,0.004358011437784581,0.0011629080641009457,11.423593787019334,0.006339326878745943,0.001160269726653915,11.397676609042533,0.0025531264332669945,0.0007153552035548307,7.027148156512873,0.0,0.0,0.0,0.003529328471401741,0.10776438259458336
2025-07-06 00:00:00+00:00,9863.551755863942,0.0011107052923001299,0.001297235769290069,0.24434199561850525,0.24499187223760097,0.14672877228650133,0.285176655273862,0.1559608978395253,0.16714180236251036,0.0010003701545351351,0.00024508255709018093,2.414702463512925,-9.13913337174943e-05,-1.3409738193993873e-05,-0.13212089932693816,0.002748826022219708,0.000783901010946371,7.723469694279242,0.0006099699589794394,9.513146245757178e-05,0.9372930472133109,0.0,0.0,0.0,0.001297235769290069,0.10906161836387343
2025-07-06 02:00:00+00:00,9855.932327594084,-0.0007724832249526966,-0.0009545729468669963,0.11381841340223983,0.20324350661805768,0.17928784009332477,0.22526566749315646,0.2372202434349417,0.15498274236051934,0.00018604759491203104,3.78129655877771e-05,0.3729701431177416,0.0005722415177116247,0.00010259594572224324,1.011960420573154,-0.0034266133637921303,-0.0007718983466356044,-7.61365929230609,-0.0005943581693768074,-0.00014099378962711257,-1.3906995412424175,0.0,0.0,0.0,-0.0009545729468669963,0.10810704541700643
2025-07-06 04:00:00+00:00,9840.505953782895,-0.001565186661032551,-0.0019076530300426973,0.1551069339764483,0.14872294724927074,0.12616271175192412,0.38037260146960483,0.21514610693489158,0.1295956325943087,-0.0015502006362142495,-0.00023055040744547777,-2.272289213881872,-0.0012232610232498775,-0.00015432992787363804,-1.5210653252450526,-0.002292263610315204,-0.0008719142727097026,-8.593528067290242,-0.001433407545213261,-0.0003083920530037327,-3.0394912047725975,0.0,0.0,0.0,-0.0019076530300426973,0.10619939238696373
2025-07-06 06:00:00+00:00,9830.991384224857,-0.0009668780856111647,-0.0011853179697060758,0.22054473202918704,0.15348260338649256,0.18510136554390197,0.1598278694404178,0.35665275164265836,0.14493540998652935,-0.00043618497241437737,-6.694680512422408e-05,-0.6587904344116703,-0.0016303613039710951,-0.00030178210369498636,-2.9696885881556403,-0.00149339460080411,-0.00023868607728034412,-2.3487917645623106,-0.0010078797874291112,-0.00035946309951161013,-3.5372987709092527,0.0,0.0,0.0,-0.0011853179697060758,0.10501407441725766
2025-07-06 08:00:00+00:00,9834.130987201526,0.0003193577182568848,0.0003650697358985183,0.24290267213423405,0.27124034421183574,0.1726211558866245,0.18268980934776374,0.1262302891657017,0.24721840138807416,0.00034211898592784173,9.279647150447198e-05,0.9122813118469315,0.0028558000223046776,0.0004929715008312814,4.846398577340724,-0.002070869765301464,-0.0003783268026069727,-3.719327536850487,0.000886606132868728,0.00011191654852810407,1.1002506243319743,0.0,0.0,0.0,0.0003650697358985183,0.10537914415315618
2025-07-06 10:00:00+00:00,9817.343461779114,-0.0017070675023813688,-0.0020848064644495364,0.20560815584129405,0.13670412956628886,0.15156182217491856,0.1701248346609021,0.3318384450069958,0.20977076859089464,-0.0017614721764497299,-0.0002408005206367967,-2.368063861728583,-0.004190082808745443,-0.0006350565855572602,-6.24522964665505,-0.0026516024902004665,-0.00045110343523179066,-4.43621027084601,-0.0011454578776955993,-0.0003801069609555212,-3.738021643183692,0.0,0.0,0.0,-0.0020848064644495364,0.10329433768870663
2025-07-06 12:00:00+00:00,9875.753107826107,0.005949638644547135,0.0071514249988649595,0.2638479143671004,0.12832895609332987,0.21681738690244312,0.36871718430047795,0.1746225711776722,0.11151390152607682,0.002095503013444633,0.00026891371420577673,2.640018293940819,0.003525704941570451,0.0007644341324203361,7.504712431877576,0.011559357299734119,0.0042621336758811405,41.842830176140296,0.0037461200899069347,0.0006541571220398814,6.422085145034472,0.0,0.0,0.0,0.0071514249988649595,0.11044576268757159
2025-07-06 14:00:00+00:00,9930.446231331145,0.005538121792625089,0.006591695654369329,0.3303123723851024,0.12784027219462185,0.17890037679130388,0.10910017540530792,0.14233290169758708,0.44182627391117923,0.006441578148710159,0.000823493103894035,8.132614580054883,0.016763773080989308,0.0029990453206329044,29.61783114575175,0.005827905382241871,0.0006358254994481262,6.279255652209919,0.007586143862535533,0.0010797578686500236,10.663422127020164,0.0,0.0,0.0,0.006591695654369329,0.11703745834194092
2025-07-06 16:00:00+00:00,9935.641758924534,0.0005231917551697549,0.0005801623526418152,0.03529300031725523,0.14002912029847067,0.16545782205760667,0.11107213880490971,0.16346509051139174,0.41997582832762126,0.0012302778155224292,0.00017227472023032995,1.7107648462649074,0.00015244379123791063,2.5223017684429156e-05,0.2504758209071383,-0.00022722108611672454,-2.523793201655917e-05,-0.25062392688043167,0.0021468311562651277,0.0003509319492715549,3.484910853097405,0.0,0.0,0.0,0.0005801623526418152,0.11761762069458273
2025-07-06 18:00:00+00:00,9919.34193260848,-0.0016405408640476817,-0.0020404028003125287,0.234550708832037,0.1729236420920432,0.18465960411516472,0.2544361812484945,0.20255545304871334,0.18542511949558424,0.00012148091014263507,2.1006921426520687e-05,0.2087172457517855,-0.004424104333824563,-0.0008169533548482284,-8.11695586752355,-0.003295454545454657,-0.0008384828700234761,-8.330865417548141,-3.0172283740137473e-05,-6.1115606024978725e-06,-0.060722276734375843,0.0,0.0,0.0,-0.0020404028003125287,0.1155772178942702
2025-07-06 20:00:00+00:00,9901.195188794598,-0.0018294302119204388,-0.002268831400941896,0.133847904850261,0.2812598929363583,0.21017125812111065,0.1967641850013347,0.17564782045203586,0.13615684348916057,-0.003495985052409889,-0.0009832803815479144,-9.753494320199493,-0.0024888218922111127,-0.0005230788283253728,-5.188597755867582,-0.0019382054497775192,-0.0003813694156906189,-3.782933636874351,0.0003319051354775393,5.8298413643467463e-05,0.5782818990582012,0.0,0.0,0.0,-0.002268831400941896,0.1133083864933283
2025-07-06 22:00:00+00:00,9955.812872520914,0.005516271791927579,0.0065771535612793065,0.039105509360938595,0.28622269925103555,0.17106574876017205,0.2008320675588172,0.18012011556000024,0.16175936886997502,0.006170992860133895,0.0017662782334863915,17.48826554746808,0.01835855256685215,0.0031405195410015413,31.09489696967988,0.0034270047978066653,0.0006882524590774989,6.814521936494183,-0.000437366150876195,-7.877844163785275e-05,-0.7800007273254437,0.0,0.0,0.0,0.0065771535612793065,0.11988554005460761
2025-07-07 00:00:00+00:00,9939.171537467195,-0.0016715194697612724,-0.002089366060878588,0.24973599565636723,0.11694806957092424,0.17422822958632972,0.12037070158256122,0.31815382014457727,0.27029917911560747,-4.019843191316319e-05,-4.70112901202267e-06,-0.04680356073327683,-0.006704795764578497,-0.0011681646958004335,-11.630029115674432,-0.00557832422586535,-0.0006714668007224098,-6.684997818102603,0.0005431748570394745,0.00017281315577359345,1.7204954407917035,0.0,0.0,0.0,-0.002089366060878588,0.11779617399372902
2025-07-07 02:00:00+00:00,9925.852147989679,-0.0013400905123033022,-0.0016822344178367135,0.28113254340669547,0.27906181357906673,0.2073806856888737,0.20623704487857022,0.10022166540475869,0.2070987904487306,-0.0016915154548122757,-0.00047203737051693356,-4.691660397662763,-0.0027428171260722722,-0.0005688072963240537,-5.653473289927703,0.0,0.0,0.0,-0.0029858398805664432,-0.0002992458454623147,-2.974255789924345,0.0,0.0,0.0,-0.0016822344178367135,0.1161139395758923
2025-07-07 04:00:00+00:00,9948.444583186978,0.002276120464062754,0.0027054805083076288,0.12533165076503283,0.25741415884524854,0.14251567120133676,0.1902728116542278,0.07736691708542347,0.3324304412137635,0.0033969267595512775,0.0008744170444688079,8.679334299079503,0.005504622946982174,0.0007844950339994449,7.7867817183106265,0.0034344590726962387,0.0006534841842732853,6.486387394146272,-0.0004688799818497458,-3.627579867878414e-05,-0.3600682142358507,0.0,0.0,0.0,0.0027054805083076288,0.11881942008419993
2025-07-07 06:00:00+00:00,9943.356557913628,-0.0005114392738285307,-0.0006775613566973019,0.10611727821440659,0.18519925931125442,0.1086132925209243,0.21879760150075458,0.13881630205707304,0.3485735446099937,-0.002829065981311163,-0.0005239409242814945,-5.2123972500782125,-0.0030728522043447226,-0.00033375259534406044,-3.3203191992752137,0.0011409013120364797,0.00024962647062264575,2.483395109485943,0.0006960837721685653,9.662777517437838e-05,0.9612960665189537,0.0,0.0,0.0,-0.0006775613566973019,0.11814185872750263
2025-07-07 08:00:00+00:00,9960.610262629189,0.001735199237306629,0.002057028756632888,0.33455459985055014,0.12366284029654023,0.16150629652367146,0.12363602794343195,0.420477897904876,0.1707169373314803,-0.00017345069430241278,-2.144940550884329e-05,-0.21327908692970565,0.00344037143557685,0.000555641649225844,5.5249430366797405,0.002051282051282133,0.0002536123650121782,2.5217581728118272,0.0022531377589596335,0.0009473946285774499,9.420282592997733,0.0,0.0,0.0,0.002057028756632888,0.12019888748413551
2025-07-07 10:00:00+00:00,9942.696179188935,-0.001798492558981545,-0.002268954193889313,0.2295549896466574,0.1755971174048879,0.23404007214115294,0.16740531995647892,0.1909229082582186,0.2320345822392616,-0.0019440484125087254,-0.0003413692973320806,-3.4002465263524373,-0.002346480085946956,-0.0005491703685928043,-5.470072009337341,-0.004890253610826845,-0.0008186544703887943,-8.154298119301886,-0.00046771979058213287,-8.929842266786577e-05,-0.8894667852621427,0.0,0.0,0.0,-0.002268954193889313,0.1179299332902462
2025-07-07 12:00:00+00:00,9910.339511747101,-0.0032543152137706408,-0.004073756184926899,0.17947978912336937,0.1737101963354427,0.16257343264047644,0.34688510907984826,0.1457607592900181,0.17107050265421433,-0.001902083665406451,-0.00033041132696419315,-3.285179438167629,-0.0036115819428679252,-0.0005871472737143997,-5.837826954981361,-0.006628571428571428,-0.0022993527230435653,-22.86176553401293,-0.0002566115203479491,-3.7403890048482996e-05,-0.37189551467185494,0.0,0.0,0.0,-0.004073756184926899,0.1138561771053193
2025-07-07 14:00:00+00:00,9922.567330501986,0.0012338445862919909,0.0014683842135072905,0.09180549699992119,0.19252446886679062,0.2224776922173541,0.29532372636473836,0.15884772418171383,0.13082638836940316,-0.0009680417363412408,-0.00018637172112998316,-1.8470070317867842,0.001182212962204332,0.00026301601154066185,2.6065779713935524,0.0037965945697193693,0.0011212244558256547,11.111715026106127,0.00022648004710790204,3.597584005565758e-05,0.3565327891718773,0.0,0.0,0.0,0.0014683842135072905,0.11532456131882658
2025-07-07 16:00:00+00:00,9862.256319130682,-0.00607816599902622,-0.007619368335118277,0.1558739728545015,0.23986780411775271,0.18928223182487972,0.1913906891617287,0.14010224892269638,0.23935702597294256,-0.0022503879788650094,-0.0005397956229033376,-5.356158412968627,-0.012552513230606133,-0.00237596771930046,-23.575699669858057,-0.01272206303724932,-0.0024348844122581027,-24.16030452262078,-0.005192766355704537,-0.0007275182445643199,-7.218848765858075,0.0,0.0,0.0,-0.007619368335118277,0.1077051929837083
2025-07-07 18:00:00+00:00,9839.015583105871,-0.0023565333603962927,-0.0029225340515072317,0.09901949569690001,0.20295216769671498,0.19197807728590183,0.2877143393976065,0.1345994186959512,0.18275599692382535,-0.0032267212373440213,-0.0006548700696719955,-6.458496482832187,-0.000260477304928064,-5.0005932176703286e-05,-0.49317132060371227,-0.0058045042953331905,-0.0016700391188623582,-16.47035385319573,0.0001365664168007097,1.838176031476451e-05,0.18128563182103186,0.0,0.0,0.0,-0.0029225340515072317,0.10478265893220107
2025-07-07 20:00:00+00:00,9864.035132349833,0.002542891515175734,0.003095029225430463,0.14903774889999938,0.12952546891728348,0.14238028985942766,0.26170107670351284,0.27537077931493203,0.191022385204844,0.001051571956944608,0.00013620535082351577,1.3401265692549738,0.004271361743283908,0.000608157723103233,5.983673314598895,0.0031527323680522468,0.0008250734552772887,8.11791058368025,0.0035350700186616013,0.0009734549859716964,9.577838776427628,0.0,0.0,0.0,0.003095029225430463,0.10787768815763153
2025-07-07 22:00:00+00:00,9856.493665121092,-0.0007645418054126899,-0.0009673406665832329,0.161789590425438,0.15943648183316925,0.2125689407775964,0.16162766758940492,0.3370607059063154,0.12930620389351385,0.0010204830483857563,0.0001627022270050128,1.604900483289004,-0.001686340640809414,-0.00035846364380707026,-3.5358979761830778,0.0002328017692936335,3.7627206981616726e-05,0.37115609159886626,-0.0017991049830673456,-0.0006064075955922491,-5.981625827445735,0.0,0.0,0.0,-0.0009673406665832329,0.1069103474910483
2025-07-08 00:00:00+00:00,9864.582633481932,0.0008206740282768134,0.0009862485120262403,0.2204640421512583,0.2547442233153396,0.16955191860081048,0.15068912013227626,0.1705522333889718,0.25446250456260194,0.0008875170176765312,0.00022608983334715445,2.228453010134511,0.0010316260316260983,0.00017491417294074536,1.7240404375303517,0.001396485511462764,0.00021043517299979567,2.0741529495911473,0.0012268080272623827,0.00020923484898911798,2.0623219635838095,0.0,0.0,0.0,0.0009862485120262403,0.10789659600307454
2025-07-08 02:00:00+00:00,9826.393338697651,-0.003871354339377713,-0.004833130043019448,0.1262681701005215,0.1874512341492128,0.20044566476105402,0.2251842075642047,0.19143156989732132,0.19548732362820723,-0.005153286988142103,-0.0009659900058523169,-9.529088235847876,-0.006037839751406371,-0.0012102588026913672,-11.938697967047897,-0.004299825682742453,-0.0009682528390325747,-9.551410140740312,-0.0037969321998002625,-0.000726852691801454,-7.170098440644218,0.0,0.0,0.0,-0.004833130043019448,0.10306346596005508
2025-07-08 04:00:00+00:00,9851.075989809584,0.0025118728979358486,0.0030831749730836503,0.121131762210718,0.12101249935560349,0.1657938212524086,0.33983270220477485,0.17139038598885806,0.2019705911983551,0.0018243344809429907,0.00022076727519951888,2.1693460824229835,0.004503452779041961,0.0007466446450671456,7.336823966662072,0.0036181139122313244,0.0012295534276782606,12.082075611310525,0.0018373699795004583,0.00031490754999092375,3.0944054515364106,0.0,0.0,0.0,0.0030831749730836503,0.10614664093313873
2025-07-08 06:00:00+00:00,9868.945391405185,0.0018139542943415112,0.002217938564185338,0.18292930935482463,0.17217574327843166,0.17288864831529363,0.15690339284995022,0.24206141855838278,0.2559707969979418,0.002867614839902055,0.0004937337164963971,4.86380835993711,0.005444524549605534,0.0009412964901007336,9.272783252923372,0.003139899988370942,0.00049266096138492,4.853240567815492,-0.00046986783072622273,-0.00011373687364053955,-1.1204305850763256,0.0,0.0,0.0,0.002217938564185338,0.10836457949732407
2025-07-08 08:00:00+00:00,9892.915432204314,0.0024288350830276527,0.0029738639665881903,0.30210917376243374,0.2403130025977558,0.1566222798574415,0.39087530729305975,0.12535405481471357,0.08683535543702922,0.0025290418880012933,0.000607761649801088,5.99796653287726,0.0004976196540171784,7.793832471404175e-05,0.7691690705004831,0.004289357755622447,0.0016766040308187932,16.546313623160486,0.000530745318067849,6.653107769372972e-05,0.6565915725907542,0.0,0.0,0.0,0.0029738639665881903,0.11133844346391226
2025-07-08 10:00:00+00:00,9885.025824392418,-0.0007975007838653598,-0.0010271430792676047,0.31945698993515187,0.1561997962288003,0.1455520477843108,0.16660175579999412,0.32958250847409426,0.20206389171280045,-0.00013476565938708163,-2.1050368534902055e-05,-0.20824951573252065,-0.0005522005780481676,-8.037392492259093e-05,-0.7951324422135307,-0.0058871060833428634,-0.0009808022100657476,-9.702993319899532,0.0008638981509550003,0.00028472571965788076,2.816767465948928,0.0,0.0,0.0,-0.0010271430792676047,0.11031130038464466
2025-07-08 12:00:00+00:00,9913.084296063673,0.002838482384337032,0.0034850809824812402,0.08147099612231523,0.124060748566568,0.159510052371567,0.14994520717707563,0.2969071086369298,0.2695768832478595,0.002640177250869069,0.0003275423660912403,3.2377647473945057,0.00907128106864774,0.0014469605183372056,14.303242090639516,0.0048769159312587185,0.0007312701696977693,7.228624512070276,0.0011205839150778552,0.0003327093302108169,3.2888403211502295,0.0,0.0,0.0,0.0034850809824812402,0.1137963813671259
2025-07-08 14:00:00+00:00,9932.686612634125,0.0019774185293911445,0.0024140137732133055,0.22394819929634951,0.18859973265138616,0.23195811726305812,0.2369063574971159,0.1459069899299911,0.19662880265844865,0.0025582869306874922,0.0004824922311731963,4.782986159815736,0.005024930489756052,0.0011655734157815505,11.554427523893382,0.0009244280101687874,0.00021900287265739422,2.170993937732847,0.0007563037921072269,0.00011035000977900324,1.0939089490107097,0.0,0.0,0.0,0.0024140137732133055,0.1162103951403392
2025-07-08 16:00:00+00:00,9885.269689376164,-0.0047738265695052295,-0.0060787687827361615,0.0957977370571077,0.15497276787998082,0.22178249643719147,0.18491120603728023,0.21594173475428782,0.22239179489125968,-0.007027585738838882,-0.0010890844134617416,-10.817534173619928,-0.009049109385263376,-0.0020069340699969307,-19.93424716949783,-0.0030016162549065806,-0.0005550324817558802,-5.512963701113725,-0.00519943773522169,-0.0011227756042906773,-11.152178213730199,0.0,0.0,0.0,-0.0060787687827361615,0.11013162635760304
2025-07-08 18:00:00+00:00,9958.953846367283,0.007453934926055711,0.009156185971848136,0.08275641431721567,0.12846713388744782,0.1655317161125088,0.21913923340430488,0.25517665417205404,0.23168526242368448,0.006674711492324237,0.0008574810549445043,8.476431481657206,0.020259837484598586,0.0033536456669861375,33.15169186076577,0.010074108383510971,0.002207632388394475,21.823041534281014,0.004056702675600654,0.0010351758157305943,10.23299211441689,0.0,0.0,0.0,0.009156185971848136,0.11928781232945118
2025-07-08 20:00:00+00:00,9952.304382445387,-0.0006676869904684513,-0.0008848517843053252,0.160383222872772,0.2770209050168875,0.16174207750361583,0.23096868514763724,0.1306625785983751,0.19960575373348435,-0.00201062454600609,-0.0005569850313837755,-5.546988220668453,-0.0023044820838937774,-0.0003727317198188415,-3.712017994752944,0.0010317551301155525,0.00023830312579711856,2.3732498312585606,0.00018158707100046634,2.3726634937047153e-05,0.2362924622676581,0.0,0.0,0.0,-0.0008848517843053252,0.11840296054514586
2025-07-08 22:00:00+00:00,9959.660018899396,0.0007390887749558966,0.0008645673102665059,0.046890824917329335,0.25104170873663834,0.1511050479513055,0.22069408606286736,0.15644035763189454,0.22071879961729424,0.0010850231774079955,0.00027238607247535986,2.7108691028136107,-0.0005094594749885939,-7.69818983973984e-05,-0.7661472847893936,0.003664681630783484,0.0008087735632171393,8.049160677611907,-0.0016945049624788044,-0.0002650889623392042,-2.6382460416263624,0.0,0.0,0.0,0.0008645673102665059,0.11926752785541236
2025-07-09 00:00:00+00:00,9970.010806403492,0.0010392711683383919,0.0012370029093747516,0.14506432774510508,0.11902760173825347,0.19811689364507484,0.27615750921489396,0.1433901368851744,0.26330785851660343,0.0003039767971113605,3.6181629144240894e-05,0.3603567252065412,0.002287987490801946,0.00045328897437647077,4.5146040751052485,0.001369237790963096,0.00037812529787527223,3.7659994113827735,0.0011972599418039742,0.0001716752669424078,1.7098272924001803,0.0,0.0,0.0,0.0012370029093747516,0.12050453076478712
2025-07-09 02:00:00+00:00,9956.150749026921,-0.001390174759657142,-0.0018023354736743681,0.16793095175736963,0.15648140742861855,0.17269919553778545,0.15374877591097622,0.2738672829521789,0.24320333817044087,-0.0013056931323681686,-0.00020431669902285255,-2.03703969718653,-0.003919319376732622,-0.0006768633034173784,-6.748334449529229,-0.00341841385597097,-0.0005255769459126567,-5.240007830345731,6.0548264535276175e-05,1.658218869574586e-05,0.16532460049040804,0.0,0.0,0.0,-0.0018023354736743681,0.11870219529111276
2025-07-09 04:00:00+00:00,9946.250765419052,-0.0009943585485421677,-0.00130207401215371,0.1295736707953304,0.17871048735326991,0.16591702622897236,0.2183195753621393,0.15107578146566158,0.2859771295899568,-0.003717201119278757,-0.0006643028236164271,-6.613899054929389,-0.005090211132437683,-0.0008445526939716702,-8.408493936678749,0.0013720557969358893,0.000299546638960205,2.9823314938521417,0.00142279806862744,0.00021495033008572448,2.14007788988657,0.0,0.0,0.0,-0.00130207401215371,0.11740012127895905
2025-07-09 06:00:00+00:00,9991.08851923383,0.004508005566345524,0.005543656177735709,0.08315839766495745,0.2310970917693781,0.1300847589165934,0.24909136861098857,0.12725564129215705,0.26247113941088285,0.003706433900144912,0.0008565460951589226,8.519422254591134,0.014067769143509823,0.001830002357527767,18.20166234927922,0.005366522036994725,0.0013367543188760463,13.2956936672981,0.003808890433941503,0.00048470279478278835,4.820975543609062,0.0,0.0,0.0,0.005543656177735709,0.12294377745669476
2025-07-09 08:00:00+00:00,9982.251764600602,-0.0008844636514045871,-0.001177062125259937,0.186254505747028,0.2164506170459287,0.16776818497781834,0.20021278413400811,0.2758267209779601,0.1397416928642847,-0.0005856877441323682,-0.0001267724736136891,-1.2665950056766029,-0.001270831747964274,-0.0002132051357681545,-2.1301513842148987,0.00045428733674057753,9.09541324856547e-05,0.9087307888542974,-0.0023037658289791763,-0.0006354401745083982,-6.348739032190799,0.0,0.0,0.0,-0.001177062125259937,0.12176671533143482
2025-07-09 10:00:00+00:00,9961.71027693507,-0.0020578010002088613,-0.002665484554620294,0.15697705641110798,0.23675144543544815,0.1882551728021438,0.2871056285131946,0.11884966456685213,0.16903808868236128,0.000450538332597894,0.0001066656014666281,1.064762888462433,-0.005219325983100154,-0.0009825651148592386,-9.808212351638627,-0.0026109660574412663,-0.0007496230509482925,-7.48292602311388,-0.0036371868397222507,-0.00043227843586795845,-4.315112179241717,0.0,0.0,0.0,-0.002665484554620294,0.11910123077681453
2025-07-09 12:00:00+00:00,9993.502080972417,0.00319140018666844,0.003930552122689823,0.13131818060713485,0.14807981209872512,0.18350854154212193,0.2492057125028047,0.15376891903295606,0.2654370148233922,0.00271139079269056,0.0004015022391078315,3.9996489815329266,0.005847975612371492,0.00107315347560019,10.690444006615001,0.005804689278397612,0.0014465617274804683,14.41022882686313,0.0017570699344127139,0.00027018274447995,2.69148222233644,0.0,0.0,0.0,0.003930552122689823,0.12303178289950435
2025-07-09 14:00:00+00:00,10019.510095588734,0.0026024925402111858,0.003190183642422265,0.1881443709511441,0.30468216393544895,0.1322008059280481,0.1852385304190292,0.18531093814737634,0.1925675615700974,0.0011527782349747273,0.00035123096716978736,3.510027401313225,0.01076746762715941,0.0014234678981146418,14.225429402006105,0.0033948172456714776,0.0006288509576293609,6.284423353690516,0.0010735616541921456,0.0001989427172973957,1.9881344593058314,0.0,0.0,0.0,0.003190183642422265,0.1262219665419266
2025-07-09 16:00:00+00:00,10015.862865424093,-0.000364012823965044,-0.0005328201853803629,0.1128861051904213,0.26070693670635314,0.2315153291958708,0.18362061163123486,0.11801797897384522,0.20613914349269602,-0.001031927849495129,-0.0002690307485438497,-2.695556301058896,0.0008023475257183943,0.0001857557515461865,1.861181627930688,-0.001917221157099358,-0.00035204132149892794,-3.527281574822908,0.0006041748482012999,7.130349453154713e-05,0.7144260833095926,0.0,0.0,0.0,-0.0005328201853803629,0.12568914635654624
2025-07-09 18:00:00+00:00,10021.38913779903,0.0005517520007201264,0.0006263393492270433,0.09521176289828133,0.244032328208613,0.29306370982795565,0.19176925887828353,0.143532713992993,0.12760198909215478,0.0008864841830096282,0.00021633079909994974,2.1667396173527065,0.0019948510260308083,0.0005846184422426924,5.855458146100663,-0.0015819209039548143,-0.00030336379935547907,-3.0384502126785082,0.00037738127585051906,5.416655873296335e-05,0.5425248241613007,0.0,0.0,0.0,0.0006263393492270433,0.12631548570577328
2025-07-09 20:00:00+00:00,10237.073329796936,0.021522384674633716,0.025089447416822973,0.0507382066760355,0.23106252209200615,0.2558823974345051,0.20911123445098417,0.14294562582701495,0.16099822019548965,0.02365143415181792,0.0054649600262120564,54.7664910451874,0.03864184453109165,0.009887767819907151,99.08916902749631,0.022747849705749168,0.004756830933074665,47.67005384306087,0.009883659519246635,0.001412825895439844,14.15847808216204,0.0,0.0,0.0,0.025089447416822973,0.15140493312259626
2025-07-09 22:00:00+00:00,10204.94118849616,-0.003138801517348682,-0.003941292038310684,0.130242482361697,0.2446594918262971,0.2410393871999797,0.15109616873103884,0.08556121941978871,0.27764373282289573,-0.00833673452677719,-0.0020396612328120525,-20.880161608241004,-0.004245915927971411,-0.001023432973380862,-10.476958396632,0.0011065619121388703,0.00016719726538787574,1.7116106663172033,-0.002838956459373043,-0.00024290457654364342,-2.4866319622205504,0.0,0.0,0.0,-0.003941292038310684,0.14746364108428558
2025-07-10 00:00:00+00:00,10230.263747179062,0.0024814017263958127,0.002791375198890522,0.19572300921502828,0.13393393024097275,0.2111001229056144,0.1501548205219716,0.28128422863481695,0.22352689769662432,0.0037506420416255626,0.0005023382295619377,5.126332089412856,0.005618773313187608,0.0011861237369926903,12.10432297828969,0.0015474743008732084,0.00023236072590998008,2.3712275424276226,0.0019929273555503446,0.0005605790339312043,5.720676072771933,0.0,0.0,0.0,0.002791375198890522,0.1502550162831761
2025-07-10 02:00:00+00:00,10240.583844521483,0.0010087811612155316,0.0010676879290736007,0.04935023018829403,0.10600860547644136,0.19900124921931994,0.1816916653640375,0.27195819689734874,0.24134028304285243,-0.0003982595249654164,-4.221893685929378e-05,-0.43191085919607497,0.002037027673237768,0.00040537105166864047,4.147052774041543,0.0019865357024611008,0.0003609369800852755,3.692480502382685,0.0010468228925211154,0.0002846920663209096,2.912474925192299,0.0,0.0,0.0,0.0010676879290736007,0.15132270421224972
2025-07-10 04:00:00+00:00,10245.718925315794,0.0005014441434467484,0.0004665325662805902,0.20801123440833633,0.16862656847127663,0.20759692640929386,0.31848925958756463,0.1383756208128993,0.16691162471896553,-0.001035887316900741,-0.00017467812357188983,-1.7888059702416224,0.000630771559771981,0.00013094623707505943,1.3409659198917336,0.000991298601167312,0.00031571795751596574,3.2331362151633187,0.0016582261461928205,0.00022945807242761307,2.349784629497255,0.0,0.0,0.0,0.0004665325662805902,0.15178923677853032
2025-07-10 06:00:00+00:00,10248.381337500676,0.000259856063228725,0.00017844709271176321,0.2277228901865505,0.18508717131470992,0.17970366840594915,0.16885911545382332,0.08817613276343494,0.37817391206208284,0.00010461445163123528,1.936279293106488e-05,0.1983857339807823,0.002042411558536461,0.000367028849463714,3.760474429087256,-0.0027508802816901268,-0.0004645112110855591,-4.759251306440673,0.003832960477255787,0.00033797563191950524,3.4628033282532393,0.0,0.0,0.0,0.00017844709271176321,0.15196768387124207
2025-07-10 08:00:00+00:00,10264.159268549229,0.0015395534698557697,0.0017001520277492642,0.23396116702328404,0.17390819941574648,0.12821900018896878,0.3279999499938692,0.16299646524667302,0.20687638515474255,0.0012949410250460147,0.0002252008620153335,2.3079443114670086,0.003335969516140569,0.0004277346760204217,4.383588071129587,0.003751517157674078,0.00123049744011824,12.610607001150125,-0.002109735985855954,-0.00034387950829822546,-3.5242083351924425,0.0,0.0,0.0,0.0017001520277492642,0.15366783589899133
2025-07-10 10:00:00+00:00,10248.454404426157,-0.001530068241555249,-0.0020006122205883533,0.09380239006832605,0.22249371810541071,0.171028986357809,0.3125464252630458,0.16540335045649457,0.12852751981723984,-0.0016957656833378465,-0.0003772972119214,-3.8726386747408204,-0.004600369749344413,-0.0007867965751015027,-8.075805358790879,-0.000879410794767499,-0.0002748567002423158,-2.821172947315023,-0.0005508821558847243,-9.111775429003033e-05,-0.9352471422254061,0.0,0.0,0.0,-0.0020006122205883533,0.15166722367840296
2025-07-10 12:00:00+00:00,10244.03101971527,-0.0004316148110075459,-0.000655169016541233,0.1514229725714912,0.1994888087494013,0.1867996785997794,0.18412836204756405,0.25395188502961796,0.1756312655736373,-0.0001925408521165073,-3.840974522431668e-05,-0.3936405226170348,0.00016197304768494902,3.0256513249375217e-05,0.3100824964731378,0.0003300693145560363,6.077512225136515e-05,0.6228510693165413,-0.001906804910022597,-0.00048423670128396957,-4.9626777540584905,0.0,0.0,0.0,-0.000655169016541233,0.15101205466186174
2025-07-10 14:00:00+00:00,10236.40662862,-0.0007442764552935634,-0.001036060200616192,0.1767804784715904,0.22332261334907788,0.22572904206022246,0.2981456724590348,0.11593565309331048,0.13686701903835433,-0.001965501888443799,-0.00043894101826981696,-4.496525406981412,0.0022024767066495254,0.000497162957151951,5.09295275491796,-0.0027496700395952534,-0.0008198022229955876,-8.398079402398334,0.00014925373134322406,1.7303828819890185e-05,0.17726095919079812,0.0,0.0,0.0,-0.001036060200616192,0.14997599446124554
2025-07-10 16:00:00+00:00,10239.346722851085,0.0002872193668884867,0.00021971029682940553,0.18148712662862437,0.21443186504384326,0.21825085024769297,0.1330274859481745,0.1555638781445294,0.2787259206157598,0.00547482179437897,0.0011739762481513631,12.017298248419051,-0.005562318434650715,-0.0012139807277109353,-12.42680036815715,0.005845373331862858,0.0007775953187662203,7.959781875402419,-0.002895090285032209,-0.0004503714723181615,-4.610185524578977,0.0,0.0,0.0,0.00021971029682940553,0.15019570475807495
2025-07-10 18:00:00+00:00,10387.322354487922,0.014451667244219812,0.0158721922949837,0.12781182143592468,0.23026631854061308,0.2181326250841872,0.2450048538873294,0.09238552166304856,0.21421068082482175,0.020774286319523494,0.004783618431105297,48.98112770590807,0.02204873398523821,0.004809548223982944,49.24663184563401,0.015789473684210575,0.0038684976929578446,39.61088917474489,0.010715996168582542,0.000990002896173728,10.136982910549545,0.0,0.0,0.0,0.0158721922949837,0.16606789705305866
2025-07-10 20:00:00+00:00,10364.960141252473,-0.002152837128982142,-0.002766134928001228,0.10055490954655771,0.23411466509775156,0.24684433063064665,0.1984342746060357,0.1603803791060084,0.1602263505595578,-0.0037022469454901508,-0.0008667503037526003,-9.003214805928582,-0.005006394901038047,-0.0012358001982194192,-12.836655024645179,-0.0009715025906735786,-0.00019277941185819598,-2.0024618942796732,0.0008884676893916588,0.00014249278484807355,1.4801184894056323,0.0,0.0,0.0,-0.002766134928001228,0.16330176212505743
2025-07-10 22:00:00+00:00,10632.38308285663,0.02580067245409019,0.024526156675222864,0.15001258187827132,0.30068063708952075,0.17396323190013607,0.28188088449253784,0.09626036194880971,0.14721488456899576,0.028143595247383635,0.00846223414897292,87.71071966004986,0.05537939287198035,0.00963397816467706,99.85579967857439,0.022906537007023386,0.006456914912200803,66.92566570042004,0.012960113622914049,0.001247545228239406,12.930756565111162,0.0,0.0,0.0,0.024526156675222864,0.1878279188002803
2025-07-11 00:00:00+00:00,10607.192141744752,-0.0023692657530836264,-0.002881570148870696,0.1366671288428295,0.24302098497804814,0.28330876796071114,0.20992062266301156,0.12358195473106406,0.1401676696671651,-0.004124885012102397,-0.0010024336185623125,-10.658258247688687,-0.0070251701618683216,-0.001990292303273264,-21.16155021526241,0.0020069715855075554,0.0004213047248967176,4.479473229719426,0.001635800666004661,0.00020215544385523244,2.1493941213537466,0.0,0.0,0.0,-0.002881570148870696,0.1849463486514096
2025-07-11 02:00:00+00:00,10620.774833091113,0.0012805171401492532,0.0011812113997580719,0.07948071527204494,0.2181997843306313,0.26343593857539715,0.17513393742369746,0.1718119871160913,0.1714183525541828,-0.0003658305003162443,-7.982413627057146e-05,-0.8467099509707678,0.0012841842041955154,0.00033830027113594506,3.5884159775433155,0.0008433480919249892,0.0001476988719575857,1.5666703139730673,0.005088947214931583,0.0008743421333262939,9.274315005815007,0.0,0.0,0.0,0.0011812113997580719,0.18612756005116768
2025-07-11 04:00:00+00:00,10667.70894254671,0.004419085254435815,0.004461710293910905,0.16007729301143836,0.18856170933695918,0.22419462361003176,0.3228352110499882,0.08061408406369053,0.18379437193933046,0.0078825485435281,0.0014863468272992167,15.786154976624344,0.004964332606900657,0.0011129766802791005,11.820674715725564,0.005582473140931077,0.0018022188946333747,19.14096107984343,0.00021761522726304605,1.7542852224122312e-05,0.1863186834025947,0.0,0.0,0.0,0.004461710293910905,0.19058927034507858
2025-07-11 06:00:00+00:00,10730.592377294153,0.00589474601211156,0.005912549263139466,0.09268935016296082,0.22604836475167395,0.18743431782210346,0.27002210577786956,0.0774981449607766,0.23899706668757648,0.008373338886527026,0.0018927795628110367,20.19162146846895,0.011829278558801226,0.002217212756996543,23.652580355340664,0.005027757410704936,0.001357605643378836,14.482541862324286,0.005511719656532854,0.00042714804892514494,4.556691061310148,0.0,0.0,0.0,0.005912549263139466,0.19650181960821805
2025-07-11 08:00:00+00:00,10660.729335265614,-0.006510641684271659,-0.007920224506626503,0.039801128040576665,0.2558243962562067,0.19745941435814743,0.2407509376666533,0.06699911799644606,0.23896613372254666,-0.0028296192494882133,-0.0007238856361352628,-7.76772168914578,-0.01200380714038507,-0.0023702647280085844,-25.434344622538116,-0.01083897863470562,-0.0026094942696541995,-28.001419318544126,-0.012044890658357899,-0.0008069970504736118,-8.659556398311004,0.0,0.0,0.0,-0.007920224506626503,0.18858159510159156
2025-07-11 10:00:00+00:00,10746.414977765455,0.008037502857932246,0.007943174438202043,0.15581875468384213,0.20988520193290336,0.15954916606947925,0.3726459352711537,0.09092287507578778,0.16699682165067603,0.00802769545145754,0.0016848944808850156,17.962204019198015,0.015558422398199934,0.002482333318989507,26.46348363365869,0.008850489937835881,0.003298099100492787,35.16014183123659,0.006292981354670157,0.0005721759575649365,6.099813015746212,0.0,0.0,0.0,0.007943174438202043,0.19652476953979361
2025-07-11 12:00:00+00:00,10698.647485778232,-0.0044449699817153175,-0.0053379644389375735,0.13620754254725131,0.28221875819391096,0.19389629130145786,0.23643839272390235,0.10857746004548736,0.17886909773524154,-0.005473437024538175,-0.0015447066001177386,-16.600058143758417,-0.01027860696517402,-0.0019929837702925756,-21.4174306395156,-0.0032375979112271303,-0.0007654924464168062,-8.226299491539885,-0.0013058618688335244,-0.00014178716488819746,-1.5237037124094253,0.0,0.0,0.0,-0.0053379644389375735,0.19118680510085603
2025-07-11 14:00:00+00:00,10764.178675511319,0.006125184498339514,0.006080247672400986,0.06476723196446244,0.26587222618459494,0.23750341044727105,0.2575985055425516,0.06193045909385822,0.17709539873172428,0.0014196001405850645,0.00037743224966931504,4.03801458897624,0.006317002959105311,0.0015003097465930144,16.05128509827593,0.015611902766135888,0.004021602821232232,43.025710912174866,0.003646665698096685,0.00022583968084495269,2.4161791336608114,0.0,0.0,0.0,0.006080247672400986,0.197267052773257
2025-07-11 16:00:00+00:00,10687.989281401684,-0.007078049928971055,-0.008560385726414842,0.07701040681793052,0.2498331302817744,0.22575308676477793,0.2140928490908478,0.05621512831294509,0.25410580554965473,-0.009209235050979703,-0.0023007720202868954,-24.765921117985297,-0.01724023097979921,-0.0038920353602274233,-41.89456402889604,-0.002785515320334331,-0.0005963589111165824,-6.419313873992267,-0.005138894920455606,-0.0002888836373401536,-3.109595088761027,0.0,0.0,0.0,-0.008560385726414842,0.18870666704684216
2025-07-11 18:00:00+00:00,10752.974750156298,0.006080233338902801,0.006019006179083485,0.13038721386650204,0.3768615245246521,0.2150159048394529,0.17911039048607688,0.05957394793656945,0.16943823221324866,0.006308072927047492,0.0023772699800998025,25.408236066304685,0.01430657824735948,0.003076141867012433,32.87777130269985,-0.0005172770535898374,-9.26496950579631e-05,-0.9902389477046442,0.012076943223816139,0.0007194711868485278,7.689700333314414,0.0,0.0,0.0,0.006019006179083485,0.19472567322592566
2025-07-11 20:00:00+00:00,10789.132730437434,0.003362602546854348,0.003299919150865742,0.08861907374035355,0.3060514287340631,0.22676246936087713,0.25598289970500626,0.05882256830764787,0.15238063389240575,0.00398503876359757,0.0012196268071596606,13.114616262001576,0.00477397930718837,0.0010825593363757641,11.64073320959455,0.004657902908601574,0.0011923434930882137,12.821239474690723,-0.0022427971706250327,-0.00013192708976929036,-1.4186086651507825,0.0,0.0,0.0,0.003299919150865742,0.1980255923767914
2025-07-11 22:00:00+00:00,10669.07240868048,-0.011127893664543467,-0.013788295273715934,0.037850485732069214,0.300433473044058,0.24370184301085868,0.2237503696629421,0.06789196290479665,0.16422235137734456,-0.004138725976495672,-0.001243411819096255,-13.415335154824154,-0.01368865540630404,-0.003335950550856849,-35.99201327537042,-0.02699361219864005,-0.006039830707983814,-65.16453517780927,-0.007492795389049012,-0.0005087005866065469,-5.488438148949418,0.0,0.0,0.0,-0.013788295273715934,0.18423729710307546
2025-07-12 00:00:00+00:00,10655.946139502403,-0.0012303102533448205,-0.0015463304332637394,0.03804959183448722,0.3108644196298217,0.2567837384670525,0.19641022083231816,0.08242871269732632,0.15351290837348125,-0.0007849856134148903,-0.00024402409713197943,-2.6035107617639675,-0.0027710075747615637,-0.0007115496843677948,-7.591575104893743,-0.0021177467174926523,-0.0004159471004496487,-4.437769732877995,0.0017131242740999753,0.00014121062860460257,1.506586421457792,0.0,0.0,0.0,-0.0015463304332637394,0.18269096666981172
2025-07-12 02:00:00+00:00,10685.576390823053,0.0027806307326205594,0.0027139289636905046,0.05923432916051037,0.2517744083978523,0.27164700455212165,0.2400294110089204,0.08318058559616531,0.15336859044494028,0.0009967015424283687,0.0002509439411941294,2.6740451213991014,0.0001250756369561845,3.397642212159617e-05,0.36205092414072676,0.008488964346349936,0.0020376011121301003,21.712567704648546,0.0055074060117683565,0.0004581092571747332,4.881587570461412,0.0,0.0,0.0,0.0027139289636905046,0.1854048956335022
2025-07-12 04:00:00+00:00,10692.620263924828,0.0006591944921028887,0.0004935723201309764,0.03625318280622266,0.26535938289370825,0.277056838713911,0.20459353106932882,0.08236328272953426,0.17062696459351767,0.0011017911543900194,0.00029237062080668196,3.12414860306216,0.0025417598983294987,0.0007042119622009627,7.524910717429783,-0.002525252525252597,-0.0005166503309831683,-5.520706579064659,0.0021764824584162845,0.00017926224007841225,1.915520360347936,0.0,0.0,0.0,0.0004935723201309764,0.18589846795363318
2025-07-12 06:00:00+00:00,10631.554233184115,-0.005711044555349971,-0.0067119266353877225,0.056816676345187875,0.21836188412017782,0.2672376611422536,0.23096376552234488,0.10429664097069684,0.17914004824452695,-0.0007195110788913439,-0.00015711379483205576,-1.6799581463633673,-0.004484002562287093,-0.001198294357301475,-12.81290652702853,-0.016877637130801593,-0.0038981226248496806,-41.681144969731534,-0.00438665880423994,-0.00045751377836675933,-4.8920210975892235,0.0,0.0,0.0,-0.0067119266353877225,0.17918654131824546
2025-07-12 08:00:00+00:00,10644.596337195513,0.001226735407198426,0.0011119115374056724,0.06388604911832155,0.25753657823158577,0.25796799308872814,0.25567512052925845,0.08985718186542994,0.13896312628499774,0.0003595047586162359,9.258562539199758e-05,0.9843290975682906,0.0034001625575723615,0.0008771331111523792,9.325288240938029,0.0,0.0,0.0,0.0028602796717902557,0.00025701667065404927,2.732486672890945,0.0,0.0,0.0,0.0011119115374056724,0.18029845285565113
2025-07-12 10:00:00+00:00,10670.514556502341,0.0024348710355752783,0.0023779077313748954,0.12778135442483346,0.21201045283320527,0.2726889852722345,0.17341989150280543,0.11920338323903154,0.2226772871527232,0.003625182926067838,0.0007685766737588464,8.181188446347328,0.003793657436783615,0.00103448859690699,11.011713529506672,0.003969957081545017,0.0006884695263523309,7.328480198480752,-0.0004753536342946285,-5.666376144288905e-05,-0.6031628675066971,0.0,0.0,0.0,0.0023779077313748954,0.18267636058702602
2025-07-12 12:00:00+00:00,10647.883537629095,-0.002120892929146996,-0.00254795795268019,0.14783360766934467,0.2909500885162497,0.19308165352745552,0.24231386348910572,0.08708341110319018,0.1865709833639989,-0.0029518751842330104,-0.0008588483461415152,-9.164353779331,-0.0035943888530234336,-0.0006940105431624188,-7.405449603180687,-0.0012824623276690428,-0.0003107584013967172,-3.3159520456590683,-0.002954358760033915,-0.00025727563844634457,-2.745263445075153,0.0,0.0,0.0,-0.00254795795268019,0.18012840263434582
2025-07-12 14:00:00+00:00,10593.255821457326,-0.005130382575909877,-0.006011523905352184,0.11465317929985702,0.20324950946553985,0.2155689749862994,0.21536126323995855,0.11842316467059036,0.24739708763761187,-0.0026313555725320237,-0.0005348217293465485,-5.694719487475438,-0.007960477696151935,-0.0017160320173607707,-18.272109067700196,-0.00952380952380949,-0.00205105964990436,-21.83944428091193,-0.006995837187789178,-0.0008284691792981976,-8.821443335682366,0.0,0.0,0.0,-0.006011523905352184,0.17411687872899365
2025-07-12 16:00:00+00:00,10523.199335002597,-0.006613310169742628,-0.007721739871800424,0.04639735262253125,0.19997374164311724,0.17573422793216908,0.21207442549398023,0.14916328180030722,0.26305432313042626,-0.0034042553191488967,-0.0006807616736786891,-7.211482562721805,-0.008078780869446911,-0.0014197183187254305,-15.039439344667773,-0.015341400172860897,-0.0032535186279327236,-34.465355145568175,-0.008442503639010113,-0.0012593115494057847,-13.340209401771274,0.0,0.0,0.0,-0.007721739871800424,0.16639513885719323
2025-07-12 18:00:00+00:00,10583.085180011121,0.0056908401240038315,0.005728432757058107,0.07669099929421297,0.17472851046475893,0.1929865466520955,0.16062865737812554,0.16291684293599926,0.30873944256902075,0.0032314261315113946,0.0005646222746358842,5.9416327449759905,0.008648685722123961,0.001669079990591988,17.564061447063747,0.01382488479262678,0.002220672682646905,23.368581297288344,0.007589547856723389,0.001236465176129054,13.01156951919513,0.0,0.0,0.0,0.005728432757058107,0.17212357161425135
2025-07-12 20:00:00+00:00,10589.53140652852,0.0006091065514217506,0.0004743810592847677,0.09322060506299763,0.2086605545150337,0.22085073640922287,0.19146396556554068,0.16350590600417966,0.2155188375060232,0.0006176454565265388,0.00012887824345251872,1.3639294283082162,-3.0599026951017017e-05,-6.757817635537766e-06,-0.07151855966787753,0.004870129870129691,0.0009324543777542223,9.868244106247202,-0.0027244780511969102,-0.0004454682521494526,-4.714428457488329,0.0,0.0,0.0,0.0004743810592847677,0.17259795267353611
2025-07-12 22:00:00+00:00,10581.356364613428,-0.0007719927918673629,-0.001020744691082569,0.11745350464679996,0.19716467725619233,0.2816131351414697,0.20719424384171867,0.20446673364255483,0.10956121011806459,-0.000559331884656622,-0.00011028049051742066,-1.1678187178615969,-0.0006731991921610225,-0.00018958173507917025,-2.007581737725043,-0.001615508885298822,-0.00033472414190906724,-3.5445718132693766,-0.0006720233747261606,-0.00013740642436170468,-1.4550696462370571,0.0,0.0,0.0,-0.001020744691082569,0.17157720798245354
2025-07-13 00:00:00+00:00,10592.152201902993,0.001020269700552528,0.0009190582662771803,0.1933019429394496,0.17015752176519894,0.12984441516699388,0.1926681763677382,0.29637121273480715,0.21095867396526183,-0.0005550485886691714,-9.444569230721749e-05,-0.9993635274052972,0.0013915351115949548,0.00018068306274938447,1.9118718760010467,0.0007551240560947914,0.00014548837481919309,1.5394643408703328,0.002660663119115947,0.0007885439552911678,8.343864600097644,0.0,0.0,0.0,0.0009190582662771803,0.1724962662487307
2025-07-13 02:00:00+00:00,10618.260260347148,0.0024648492531541204,0.0024470022282861276,0.13137475299388413,0.08395107113169037,0.16903471921298777,0.14749987400736259,0.3635816561382855,0.23593267950967364,0.0011358371657297361,9.535474669419466e-05,1.010011990158816,0.002133666747075713,0.00036066375948603217,3.8202054341865868,0.0081923035464051,0.001208363740924822,12.799172659136591,0.0022016154900417195,0.0008004670060490714,8.478668360673367,0.0,0.0,0.0,0.0024470022282861276,0.17494326847701683
2025-07-13 04:00:00+00:00,10611.617640590477,-0.0006255845678859226,-0.0008716623128303205,0.09303747024449174,0.1171177697485752,0.16931005501716664,0.20709530983079066,0.3051610952651081,0.20131577013835936,0.0017032263728382624,0.0001994780741637725,2.118110107703767,0.0018782398790331278,0.0003180048972545353,3.37665876311361,-0.004490537795359795,-0.0009299693160369124,-9.874656231816964,-0.0006983138629850227,-0.00021309822326731818,-2.2627323956699485,0.0,0.0,0.0,-0.0008716623128303205,0.17407160616418652
2025-07-13 06:00:00+00:00,10627.387790124865,0.0014861211615904727,0.0014187327174658784,0.2039136784525405,0.17951075582037385,0.1933131229660187,0.14226231536800293,0.1660804112753554,0.3188333945702492,5.435078454940623e-05,9.756550413894209e-06,0.10353278248339011,-0.0015058661098911186,-0.00029110368047174207,-3.089080950934752,0.010095585866179757,0.0014362214203192177,15.24063255965332,0.0019944969354628306,0.00033124687132910283,3.5150651431863116,0.0,0.0,0.0,0.0014187327174658784,0.17549033888165239
2025-07-13 08:00:00+00:00,10651.571078172123,0.002275562774676191,0.0022565526312672214,0.12990084949215208,0.223554050445362,0.19366323554501333,0.22776975765617222,0.08986049539077094,0.2651524609626815,0.002029551802781304,0.0004537145261004471,4.821800214882181,0.0041651698264117964,0.00080664026517737,8.572478905169065,0.003402445507708851,0.0007749741887291768,8.235951230962376,0.002673408305001068,0.00024023379466919724,2.553057696242791,0.0,0.0,0.0,0.0022565526312672214,0.1777468915129196
2025-07-13 10:00:00+00:00,10636.820214535815,-0.001384853326147866,-0.0017309924293603656,0.33119665865583103,0.12049150639021293,0.09278040707823086,0.1005184715222727,0.28849968640011525,0.3977099286091682,-0.002201967999895582,-0.0002653184413304629,-2.826058236181266,-0.004610270169931985,-0.0004277427431069141,-4.5561322313756145,-0.0010596587898697996,-0.0001065152818928534,-1.134555095993268,-0.002028691493986323,-0.0005852768598176355,-6.234118072756926,0.0,0.0,0.0,-0.0017309924293603656,0.17601589908355925
2025-07-13 12:00:00+00:00,10669.85627732647,0.0031058213003835036,0.0031376198523193457,0.17543831947615895,0.080348025586845,0.13732217846817021,0.1276254654757914,0.39228924053281616,0.2624150899363772,0.0028270118455064885,0.00022714482009706925,2.4160986140356076,0.00518090794733661,0.0007114535657713195,7.567603670099957,0.006046462289169385,0.000771682564137062,8.208248697417933,0.0035574270364453486,0.0013955403503780528,14.844111809101666,0.0,0.0,0.0,0.0031376198523193457,0.17915351893587858
2025-07-13 14:00:00+00:00,10700.311870300031,0.0028543583139239064,0.002869923715334078,0.12311252219154223,0.15010264801751616,0.14826550856936177,0.10351189215578295,0.2932902916612824,0.30482965959605673,0.004556456691132915,0.0006839362149161803,7.297501116014312,0.00845991155546999,0.0012543130892235786,13.383340388784955,0.004955714888232876,0.0005129754250655694,5.473374059250079,0.001374520726325823,0.00040313358471857837,4.301377409510645,0.0,0.0,0.0,0.002869923715334078,0.18202344265121265
2025-07-13 16:00:00+00:00,10721.05204686,0.0019382777634300787,0.00189814762976459,0.22865298866869724,0.24637406771678932,0.1865498203829292,0.19760914931163956,0.08246936923013587,0.286997593358506,0.0005246606525588504,0.00012926277914186908,1.383152050039713,0.0009298747345005687,0.00017346796469970506,1.8561613217930408,0.008813345923827542,0.0017415977905967668,18.63563951201089,-0.0012859413379568974,-0.0001060507710082623,-1.1347763238741795,0.0,0.0,0.0,0.00189814762976459,0.18392159028097724
2025-07-13 18:00:00+00:00,10720.176813864562,-8.163685724250919e-05,-0.0003001522871208538,0.10583072895487133,0.2806062643858015,0.1817800293659464,0.23480239551432547,0.11687465531330912,0.18593665542061746,0.00023063525476851865,6.471769727626163e-05,0.6938418008517306,-0.00020050594333032024,-3.6447976266632394e-05,-0.39076065055728393,0.0,0.0,0.0,-0.0009403799134851676,-0.00010990657825213842,-1.1783141457334674,0.0,0.0,0.0,-0.0003001522871208538,0.18362143799385638
2025-07-13 20:00:00+00:00,10728.16967650536,0.0007455905606389676,0.000612634040313714,0.25493365795338635,0.11838396757269427,0.18722265569318786,0.14209103437404644,0.24143333955507792,0.3108690028049936,0.002202956033550141,0.00026079467563987105,2.7957650349738747,-0.0007921573084032074,-0.00014830979500601613,-1.5899072256925004,0.0018720748829952338,0.0002660050565504647,2.8516212396030234,0.0015205050973123857,0.000367100623454648,3.9353835919137428,0.0,0.0,0.0,0.000612634040313714,0.1842340720341701
2025-07-13 22:00:00+00:00,10666.879799571723,-0.005712985418925884,-0.006898345353793555,0.19482119750252253,0.19400401172448528,0.22121737584439424,0.20078319050055254,0.2679476166280969,0.11604780530247104,-0.0026246397036207014,-0.0005091906318337801,-5.462683495999765,-0.008185424792437557,-0.0018107581927546818,-19.426121134994425,-0.016609571265441603,-0.003334922711521665,-35.77761670723576,-0.0002168852387905984,-5.811388281575651e-05,-0.6234555954079849,0.0,0.0,0.0,-0.006898345353793555,0.17733572668037656
2025-07-14 00:00:00+00:00,10678.29773431688,0.0010704099942717682,0.0009832933828338609,0.19072274842302195,0.1745390581293499,0.18116920310289553,0.14707202096072017,0.19044916408154142,0.306770553725493,0.0036897952496128816,0.0006440133875575819,6.869613394391726,0.0023743756302720964,0.000430163740803331,4.588504917283259,-0.00105563179562973,-0.00015525390157365834,-1.6560747065007526,0.0007954183900731326,0.00015148676748451354,1.615891139982976,0.0,0.0,0.0,0.0009832933828338609,0.17831902006321043
2025-07-14 02:00:00+00:00,10687.894980652452,0.0008987618227510475,0.0007960514496383356,0.1372076341987849,0.15429123274418424,0.2561352796095157,0.2093135786528849,0.12106546239568128,0.2591944465977339,0.00011697364901941398,1.804800850579092e-05,0.19272200833631897,0.0007637877141213334,0.00019563297971878058,2.089027204088715,0.004861037725879758,0.0010174812023705734,10.86496721798371,-0.002745625063221624,-0.0003324003678440975,-3.549470094835724,0.0,0.0,0.0,0.0007960514496383356,0.17911507151284878
2025-07-14 04:00:00+00:00,10825.565889951908,0.012881012542569965,0.012561345540401829,0.11566825029818754,0.20734680794814409,0.20134456635570233,0.2256055445854677,0.16738617155732624,0.19831690955335976,0.013851066048544913,0.0028719743318447013,30.695360045885664,0.021198265138015593,0.004268155501706952,45.61759776333788,0.017877799978967213,0.0040333308002449605,43.10781601524905,0.010201272260943917,0.0017075519087733518,18.250135474982223,0.0,0.0,0.0,0.012561345540401829,0.19167641705325061
2025-07-14 06:00:00+00:00,10870.784185250643,0.004176991370096083,0.004172283432315808,0.04457295007254505,0.24497127028309806,0.17951074212432755,0.23255403232305874,0.16031063586726116,0.18265331940225454,0.014175871271488116,0.0034726811927461203,37.59373906686991,0.0009449026289363172,0.00016962017215558638,1.8362343499352862,0.0019630127079244275,0.0004565065207292324,4.9419414193470015,0.00048769992110742066,7.818348446514371e-05,0.8463804625834446,0.0,0.0,0.0,0.004172283432315808,0.19584870048556643
2025-07-14 08:00:00+00:00,10907.42806920484,0.0033708592986250565,0.0033415460176070104,0.16322391231686192,0.1364587418101252,0.12479935828043838,0.3283383965219883,0.16832346642211357,0.24208003696533437,0.002237837226064965,0.00030537245224468586,3.3196380244727384,0.0015788331107617903,0.00019703735905497974,2.141950606718426,0.0021653949267890216,0.0007109822980987556,7.728935122165111,0.012817388062911217,0.0021574671892266354,23.453360200842063,0.0,0.0,0.0,0.0033415460176070104,0.19919024650317343
2025-07-14 10:00:00+00:00,10879.614730422814,-0.0025499447354185092,-0.0031372329934920514,0.14110117847597728,0.24955164614573885,0.11510664651384579,0.2155211973380376,0.19633174056247724,0.22348876943990043,-0.006210889645779538,-0.0015499377351338086,-16.90583435771828,-0.00010180557106354016,-1.1718497881551125e-05,-0.1278186727221482,-0.0019549336351476487,-0.0004213296377634236,-4.5956227173286734,-0.002887759579859206,-0.0005669588646397259,-6.184063034255853,0.0,0.0,0.0,-0.0031372329934920514,0.19605301350968138
2025-07-14 12:00:00+00:00,10878.496803811282,-0.00010275424628831048,-0.00035392777594631174,0.20363367007835212,0.19872493721987944,0.318740316592198,0.1768214681448858,0.18541432480757475,0.12029895323546203,-0.004152615144866534,-0.0008252281839619225,-8.978164706192201,0.0022990695337159472,0.000732806151044098,7.972648595443815,-0.00010309278350517648,-1.8229017334528172e-05,-0.19832468551386553,4.25900424481096e-05,7.896803964042189e-06,0.08591418473045467,0.0,0.0,0.0,-0.00035392777594631174,0.19569908573373507
2025-07-14 14:00:00+00:00,10889.673158008649,0.001027380381584627,0.0008852776357939625,0.22829267645151152,0.2592710120317802,0.17525642506107256,0.24805469675109876,0.10060553988718875,0.2168123262688599,0.0020039149653778843,0.0005195570610991539,5.651999828564728,0.001490967359283779,0.0002613016092708229,2.842568721283391,0.0015465511908445695,0.0003836292866550003,4.173309968724823,-0.0013628233156354197,-0.00013710757544035005,-1.4915243212061622,0.0,0.0,0.0,0.0008852776357939625,0.19658436336952903
2025-07-14 16:00:00+00:00,10747.13507866843,-0.01308928902382986,-0.016747281169192094,0.23075884821941728,0.2092723912882297,0.2304226118051153,0.13497456361844815,0.2761982013625632,0.14913223192564368,-0.015055544856226177,-0.0031507098742096585,-34.31020074585373,-0.014324697506102324,-0.003300734212674319,-35.943916757480345,-0.01750051472102121,-0.0023621243375680657,-25.722761994693926,-0.015480624342535498,-0.004275720599377817,-46.56119984218926,0.0,0.0,0.0,-0.016747281169192094,0.17983708220033695
2025-07-14 18:00:00+00:00,10755.664076866049,0.0007936066807745588,0.0006556851143089772,0.28228128286393583,0.20934898174172928,0.1473464644490079,0.23698766544598887,0.07699306585473473,0.3293238225085392,0.00015182073941377716,3.1783517203550675e-05,0.341581752661741,-0.0011983482048013583,-0.00017657237115629578,-1.8976471239774881,0.004086336965632764,0.0009684114577109548,10.407648747749832,-0.0003898522892994416,-3.0015922983651e-05,-0.3225851788162057,0.0,0.0,0.0,0.0006556851143089772,0.18049276731464592
2025-07-14 20:00:00+00:00,10723.134895674179,-0.0030243768268885464,-0.0035779680123619447,0.27483242095463317,0.16917615032808903,0.16411404113010264,0.17374204693390108,0.3350579101282732,0.15790985147963413,0.0003586429019315496,6.067382549127392e-05,0.6525872852425345,-0.00283162782041102,-0.00046470988458407705,-4.998263411785525,-0.008869873734738576,-0.001541070018718726,-16.575231440268293,-0.0032211469016321104,-0.0010792707490770172,-11.608273625059987,0.0,0.0,0.0,-0.0035779680123619447,0.176914799302284
2025-07-14 22:00:00+00:00,10748.092886924707,0.0023274901876499466,0.00229319889744892,0.17897597294358536,0.19707398155160996,0.21586803793003698,0.26982742704346296,0.15608193718468785,0.16114861629020236,0.0007966521765738754,0.00015699941634916985,1.6835259200542625,0.003546252937157268,0.0007655226635477703,8.20880278691854,0.0037902716361339905,0.0010227192433738513,10.966756407099638,0.0024490269103134565,0.0003822488643791551,4.098906136455945,0.0,0.0,0.0,0.00229319889744892,0.1792079981997329
2025-07-15 00:00:00+00:00,10743.96103250113,-0.000384426750591575,-0.0006191372268230896,0.21838317083656433,0.1603145405348773,0.19350665189046226,0.11056508326320591,0.16578146832594257,0.3698322559855119,-0.0016145294991951609,-0.00025883255484347777,-2.7819563416177324,0.0008701456995872103,0.00016837898098400505,1.8097529278218152,0.003041745332494239,0.0003363108259526935,3.6146999962179183,-0.003801896611541622,-0.0006302840026847958,-6.774351005998887,0.0,0.0,0.0,-0.0006191372268230896,0.17858886097290982
2025-07-15 02:00:00+00:00,10654.964492868841,-0.008283401192825368,-0.009892429634958802,0.08920022184370499,0.24951476237858233,0.19293129231828457,0.10406030324063781,0.16080321774909861,0.2926904243133967,-0.011761066751935001,-0.002934559775927707,-31.528795880112533,-0.012251087566075292,-0.0023636181564273737,-25.394621368367865,-0.021018508836139205,-0.002187192403154671,-23.499109950076285,-0.004962779156327479,-0.0007980308573156156,-8.574012433732443,0.0,0.0,0.0,-0.009892429634958802,0.16869643133795104
2025-07-15 04:00:00+00:00,10580.54642749251,-0.006984356017904776,-0.008143055606452246,0.1375792544192569,0.1426521678808474,0.16221463239676256,0.12986603992233725,0.19288724924622883,0.3723799105538239,-0.01083535819925252,-0.0015456873368888868,-16.469243691628087,-0.00836499601906815,-0.001356924754233522,-14.457985075852957,-0.018585772270882428,-0.002413660643717886,-25.717468456649026,-0.00864797071648371,-0.0016680832830644815,-17.773368152200135,0.0,0.0,0.0,-0.008143055606452246,0.1605533757314988
2025-07-15 06:00:00+00:00,10620.054611897369,0.003734040077760162,0.003786065563614063,0.07714925155442733,0.14194867517791812,0.22554977438671162,0.14368014948681557,0.18441583851075063,0.3044055624378041,0.0015933628150126555,0.00022617574066880467,2.393062924918794,0.007690248967575641,0.0017345339196143277,18.352316666539956,0.008924684370918756,0.0012822999845362535,13.56743452035876,0.0026626261437525667,0.000491030432940776,5.195370293041629,0.0,0.0,0.0,0.003786065563614063,0.16433944129511285
2025-07-15 08:00:00+00:00,10596.121952203961,-0.002253534521997262,-0.002637273559319028,0.20181901198909635,0.16715139862132045,0.10764739888815254,0.1759114762489264,0.3288008002943338,0.22048892594726674,-0.00473847898225177,-0.0007920433892211145,-8.41154404852052,0.0010119381809992056,0.000108932513020173,1.1568692372854583,-0.002373247033441217,-0.00041748138915602965,-4.433675152287813,-0.0035065068442905467,-0.0011529422566402905,-12.244309729884078,0.0,0.0,0.0,-0.002637273559319028,0.16170216773579382
2025-07-15 10:00:00+00:00,10582.551854792075,-0.0012806664054168066,-0.0015536887626232824,0.1461033286492777,0.08152589765138579,0.12103589196960739,0.11543364856958344,0.4387940352654612,0.24321052654396227,7.44996130719322e-06,6.073647830370188e-07,0.006435711310534151,-0.0015549958018472587,-0.00018821030388557782,-1.9942993326329497,0.005082179930795849,0.000586654572098878,6.216263389777742,-0.00382803297997647,-0.0016797180384131437,-17.798497180342487,0.0,0.0,0.0,-0.0015536887626232824,0.16014847897317053
2025-07-15 12:00:00+00:00,10607.931462087136,0.002398250218218262,0.0024139713567417225,0.23209363715463663,0.18696551366311495,0.18503494288404632,0.17808861879805188,0.32479687037552396,0.12511405427926278,0.002859907518410587,0.0005347040782086398,5.658533634611727,0.0027750961192383183,0.0005134897519210008,5.434031926608309,-0.002904787520172092,-0.0005173095973692661,-5.474455639141868,0.005749334909843418,0.0018673659854578873,19.761497372982998,0.0,0.0,0.0,0.0024139713567417225,0.16256245032991226
2025-07-15 14:00:00+00:00,10691.445626573939,0.007872803928389228,0.007959137726173194,0.24285856239983927,0.12612057322461578,0.16641831923751366,0.11014002951559058,0.22934846134317788,0.3679726166791021,0.008317965113985526,0.0010490665282382112,11.128425830720643,0.02367566552168321,0.0039400644629480714,41.7959337791583,0.010789814415192112,0.001188390478157004,12.606364742486456,0.007391732428103204,0.0016952824590459419,17.983440134437892,0.0,0.0,0.0,0.007959137726173194,0.17052158805608544
2025-07-15 16:00:00+00:00,10631.460173416066,-0.0056106026493533846,-0.00652117438792587,0.36546032863286465,0.25985716627290384,0.15455751369265947,0.34186376510016714,0.11487473541656665,0.12884681951770285,-0.014368082549871986,-0.003733649216184893,-39.918107583541186,-0.003853589802405133,-0.0005956012586511242,-6.367838471987496,-0.00256191289496166,-0.000875825188130262,-9.363837377278587,-0.003530166880616137,-0.00040552698638710515,-4.335669725066125,0.0,0.0,0.0,-0.00652117438792587,0.16400041366815957
2025-07-15 18:00:00+00:00,10749.906320898068,0.011141098734318384,0.010980155692283571,0.2534115800991235,0.12533215549180263,0.18161488218014357,0.22297719578214487,0.2311674674085145,0.23890829913739442,0.008433352867990518,0.0010569702929682273,11.23713757417562,0.018539839602097485,0.0033671107849736945,35.79730420992754,0.02258133561643838,0.005035122892768902,53.530708502728075,0.007275655101742107,0.0016818947636075606,17.88099719517081,0.0,0.0,0.0,0.010980155692283571,0.17498056936044315
2025-07-15 20:00:00+00:00,10682.207568323161,-0.006297613258573046,-0.007275094548697274,0.19172035965478762,0.3170525151465903,0.13043572554542407,0.174892260584024,0.1388862936277331,0.2387332050962286,-0.008152897173966722,-0.0025848965547376774,-27.787395812642195,-0.01790201207893305,-0.002335061934238578,-25.101697046559757,-0.0038723181580323507,-0.0006772384763588416,-7.280250177765288,-0.00504309154591831,-0.0007004162932379489,-7.529409537938622,0.0,0.0,0.0,-0.007275094548697274,0.16770547481174589
2025-07-15 22:00:00+00:00,10763.603548717621,0.007619771463328276,0.007529713238638098,0.17338828912870702,0.14366422601788326,0.2069831956069246,0.220562258202279,0.15044655959644923,0.278343760576464,0.009773908361620398,0.001404160979941912,14.999539047079558,0.013134399037117772,0.00271859988507915,29.040648267634975,0.011241857533095034,0.0024795294838877422,26.486848618666063,0.0067630733274905985,0.0010174811144194706,10.868944461077554,0.0,0.0,0.0,0.007529713238638098,0.175235188050384
2025-07-16 00:00:00+00:00,10805.7277361591,0.003913576642879785,0.0038542212687472915,0.11173432471898583,0.17434686516009953,0.17290844121067353,0.15007388300938887,0.23149824517321874,0.27117256544661933,0.0017368201534087024,0.00030280914909369043,3.25931763176901,0.018530840915213842,0.0032041388169725964,34.48807994095012,0.0011428571428571122,0.00017151300915358266,1.84609803397674,0.0010156261335112493,0.00023511566765991538,2.530691834783378,0.0,0.0,0.0,0.0038542212687472915,0.17908940931913128
2025-07-16 02:00:00+00:00,10810.068263232011,0.000401687621499643,0.0002295573468883337,0.1755261074606514,0.21465725661141283,0.2573570491870113,0.20084099104238926,0.18637316139666488,0.14077154176252182,-0.00028694421648189916,-6.159465831051582e-05,-0.6655751077051835,0.0005959399598456372,0.00015336934955849919,1.6572674344009553,0.0008302200083021294,0.0001667422092506203,1.8017709152878723,0.00076819387474103,0.00014317072100103934,1.547063830926827,0.0,0.0,0.0,0.0002295573468883337,0.17931896666601962
2025-07-16 04:00:00+00:00,10759.844789577297,-0.004645990425938251,-0.0053634011891322,0.10974620553338729,0.28229712782489536,0.16865199987110205,0.2157091282146601,0.1653320051791868,0.16800973891015572,-0.0020524226563608527,-0.0005793930209734109,-6.263278107962789,-0.0075706182299977165,-0.0012767999047497377,-13.802294128832795,-0.010058067192036502,-0.002169616905518668,-23.453706853718998,-0.003751122440112442,-0.0006201805946964341,-6.704194564200278,0.0,0.0,0.0,-0.0053634011891322,0.17395556547688742
2025-07-16 06:00:00+00:00,10793.641877471211,0.0031410386074203545,0.0030910690584741232,0.16213145066361348,0.1339292489296597,0.15488842810272427,0.2669841668183162,0.17715823057455773,0.2670399255747422,0.003295379650462671,0.00044134772152455004,4.748832981837742,0.008523748395378616,0.0013202299905033122,14.205469784360748,0.00398030795014126,0.0010626792017487843,11.434263271928819,0.0017881285708054584,0.00031678169364370777,3.4085218557857204,0.0,0.0,0.0,0.0030910690584741232,0.17704663453536154
2025-07-16 08:00:00+00:00,10835.002737272043,0.003831965176384346,0.0037847719667477237,0.20953509522121574,0.1595016364962734,0.11646637874141683,0.19821994751155286,0.3611209382291597,0.16469109902159718,0.0027099388121574197,0.0004322396753438757,4.665440260896218,0.00632605264497732,0.0007367724432880702,7.9524578980408975,0.005529473135106988,0.0010960518746074488,11.830391413643783,0.004338992889275861,0.0015669011831449513,16.912570228252534,0.0,0.0,0.0,0.0037847719667477237,0.18083140650210927
2025-07-16 10:00:00+00:00,10883.418469366998,0.004468455917265754,0.004410359431195894,0.1392128402145945,0.19370101098421688,0.16322790310003288,0.12928334741126798,0.2908446981148501,0.22294304038963222,0.008496035679728564,0.001645690700521401,17.831063244852526,-6.008019124470465e-05,-9.806763634722094e-06,-0.10625631082599382,0.012450715916165311,0.0016096702313086037,17.440781362334043,0.004204655463884599,0.0012229017490704712,13.250143798593324,0.0,0.0,0.0,0.004410359431195894,0.18524176593330516
2025-07-16 12:00:00+00:00,10857.231779650174,-0.00240610887016156,-0.002854922611949672,0.13217169937730872,0.24931840608813188,0.1512505887896885,0.12606111997283426,0.17387254048631948,0.29949734466302597,-0.0035599292511044878,-0.0008875558866718879,-9.659642129600226,-0.003718871057000639,-0.0005624814370042779,-6.121720860168447,-0.006353761016601789,-0.0008009622297925554,-8.71720712498967,-0.0008920863309352933,-0.00015510931669283898,-1.6881196020657385,0.0,0.0,0.0,-0.002854922611949672,0.1823868433213555
2025-07-16 14:00:00+00:00,10884.557647559132,0.0025168356413072493,0.002441986099850458,0.13453906760752954,0.1263320770016594,0.19961535730557095,0.1317956178279952,0.16231980196526238,0.37993714589951205,-0.000581296172588952,-7.343635283627739e-05,-0.797315503795634,0.014385063910693274,0.002871479672396512,31.17632035376288,0.0007219471947195188,9.514947656724695e-05,1.0330599208029931,-0.0023186151674875477,-0.00037635715482023244,-4.086196861812948,0.0,0.0,0.0,0.002441986099850458,0.18482882942120596
2025-07-16 16:00:00+00:00,10948.524291869859,0.005876825350368855,0.005790538871365621,0.15782403753306135,0.19397899411586159,0.19777897993227303,0.1515759714073968,0.23271656880472,0.22394948573974863,0.0033339505755769494,0.0006467163790824144,7.039221709743244,0.015229315885487482,0.0030120385608980757,32.78470735276615,-0.001855096361950026,-0.00028118803311690297,-3.0606073562646965,0.010739495070514193,0.0024992584435052675,27.20332260448199,0.0,0.0,0.0,0.005790538871365621,0.1906193682925716
2025-07-16 18:00:00+00:00,11054.289360379626,0.009660212252376716,0.009227395719450837,0.07846181683881544,0.15404358715317149,0.20146149112188752,0.11304956153127142,0.29362828404866087,0.2378170761450087,-0.000188167907908654,-2.898605952135669e-05,-0.3173545767951593,0.02237954926521346,0.004508617365605646,49.3627067500797,0.025090345895715016,0.002836452602178518,31.05497021768898,0.007983319289927238,0.0023441283441139084,25.664746118791793,0.0,0.0,0.0,0.009227395719450837,0.19984676401202242
2025-07-16 20:00:00+00:00,11081.059556710277,0.002421702151800015,0.0022808662751027287,0.1420364727803037,0.12386812576325089,0.1843973528935551,0.25508603431157517,0.29055943418825875,0.14608905284336016,0.0013169193610493846,0.00016312433303452517,1.8032235790825744,0.02023761791208556,0.003731763171859773,41.25198992614601,-0.0074536663980659945,-0.0019013262025640973,-21.017810011615296,0.0014735052422782946,0.0004281408494698144,4.7327928370380645,0.0,0.0,0.0,0.0022808662751027287,0.20212763028712516
2025-07-16 22:00:00+00:00,11106.619858769058,0.002306665885872176,0.0021623330986228952,0.1379278765387641,0.21219685748300304,0.23399649771256703,0.17111633070902407,0.2424363501157328,0.14025396397967313,0.0005659641822168826,0.0001200958209143602,1.3307889440640372,-0.0030169433429267922,-0.0007059541760421135,-7.822720269030991,0.00537852648670567,0.0009203537170263729,10.198494351608916,0.008134797125233462,0.001972170523973556,21.853739032139487,0.0,0.0,0.0,0.0021623330986228952,0.20428996338574806
2025-07-17 00:00:00+00:00,11038.06193527531,-0.006172708201552311,-0.007366778896058674,0.20864518942059762,0.29872513259933436,0.1528389894608978,0.23154545465450097,0.11494866894680435,0.2019417543384625,-0.005592734273703992,-0.001670690287505067,-18.555721925056364,-0.0007883794061073202,-0.00012049511174122557,-1.3382934009496925,-0.016150196830523766,-0.003739504667883306,-41.53325680627231,-0.005585259405829435,-0.0006420181344227128,-7.130651361469164,0.0,0.0,0.0,-0.007366778896058674,0.1969231844896894
2025-07-17 02:00:00+00:00,10990.32828882636,-0.004324459015436658,-0.005091117652398536,0.08667020566047118,0.2223200936512721,0.17149447242770285,0.27659368964252057,0.1379151566524509,0.19167658762605366,-0.0040523326053582,-0.0009009149643293384,-9.944355174683583,-0.009829890103370986,-0.0016857718172999048,-18.60765372809796,-0.010054375705345286,-0.002780976873393573,-30.69659496908654,0.007564104373350755,0.0010432046395861584,11.514957422918574,0.0,0.0,0.0,-0.005091117652398536,0.19183206683729087
2025-07-17 04:00:00+00:00,10962.720685934075,-0.0025119907401086783,-0.002990183957216073,0.030728950549965675,0.21729010391213405,0.16580434400921046,0.28363897444971775,0.16159882239521928,0.1716677552337183,-0.000176978851662013,-3.845575306788896e-05,-0.42264135081014115,-0.002420458868675146,-0.0004013225949219583,-4.410667067916,-0.0038345942584723236,-0.0010876403829038657,-11.95352486829829,-0.006092692970292912,-0.0009845720092149653,-10.820769605261841,0.0,0.0,0.0,-0.002990183957216073,0.1888418828800748
2025-07-17 06:00:00+00:00,11039.608014838946,0.007013526213754917,0.006814622916453761,0.15822503186469578,0.17907913356934713,0.17946633943233833,0.163624912927809,0.24259095502001965,0.23523865905048597,0.0038790709801503898,0.0006946606701793299,7.615370898679768,0.013197682973337344,0.0023685398522133518,25.96564083331855,0.01758218893050345,0.0028768841328339146,31.53847719405387,0.00442490346946256,0.0010734415585283209,11.767839978819737,0.0,0.0,0.0,0.006814622916453761,0.19565650579652857
2025-07-17 08:00:00+00:00,11109.468491984868,0.006328166457723705,0.006116213865807047,0.08159871451432509,0.19195554499919246,0.15344016757377646,0.23234721601228872,0.21570930484499734,0.20654776656974502,-0.002321333117120794,-0.00044559276362159627,-4.91916944463121,0.021878556525037895,0.003357049379474155,37.060509235853,0.00408956139454042,0.0009501982047327996,10.489815716653792,0.011434423929513438,0.0024665116371383466,27.229321638046024,0.0,0.0,0.0,0.006116213865807047,0.20177271966233562
2025-07-17 10:00:00+00:00,11186.27100393912,0.006913248100902674,0.00661176301020165,0.11537771407326244,0.20687971026931062,0.22361290736907963,0.1931228313425109,0.1395559754415127,0.2368285755775861,0.003867663186454484,0.0008001410394329824,8.88914166672474,0.0052524725195046695,0.001174520650962634,13.048300165054938,0.025862946746767257,0.004994725502596274,55.48874559720659,-0.0004022693540108868,-5.6139092089216494e-05,-0.6236754747337876,0.0,0.0,0.0,0.00661176301020165,0.20838448267253726
2025-07-17 12:00:00+00:00,11119.57791560975,-0.005962048327443986,-0.007091155867788853,0.11434452922157828,0.18177947526632046,0.1343686131504915,0.25812095724613426,0.16700531280746378,0.25872564152958993,-0.006519696076445314,-0.0011851469316721175,-13.257374757171226,-0.00943736457771327,-0.001268085590102906,-14.185149067081166,-0.010918114143920521,-0.0028181940741513227,-31.525082655151998,-0.004135327912075715,-0.0006906217315176408,-7.725481849966013,0.0,0.0,0.0,-0.007091155867788853,0.2012933268047484
2025-07-17 14:00:00+00:00,11114.608773956768,-0.00044688221897407684,-0.0007339406373567155,0.12696927617839718,0.21777357232223216,0.16648384135783112,0.16482540368978407,0.13333159018541688,0.3175855924447359,0.0024322217043095673,0.0005296736092271624,5.889746967643664,-0.009614656452975323,-0.001600684939627191,-17.79894090452764,0.0011038635223281634,0.0001819447506861665,2.023148831591019,0.003316426063207256,0.00044218436073978535,4.916903452310132,0.0,0.0,0.0,-0.0007339406373567155,0.2005593861673917
2025-07-17 16:00:00+00:00,11205.372282256525,0.00816614512896115,0.007735967751337166,0.22786599985505412,0.1969798031688588,0.15931080949454984,0.3926914035448381,0.10554695925346831,0.14547102453828487,0.005072623482239358,0.0009992043750812398,11.105765714253938,0.0059406697664021735,0.0009464129094253285,10.519009226884709,0.01533680834001605,0.006022632792939082,66.93920728272047,0.0018749479181134898,0.00019789505151549975,2.1995260758968,0.0,0.0,0.0,0.007735967751337166,0.20829535391872886
2025-07-17 18:00:00+00:00,11205.757560298158,3.4383332559319085e-05,-0.0002359304882375269,0.2856679422942183,0.2169471058965078,0.17970880474544473,0.10702346125061976,0.31178297735540267,0.1845376507520249,0.003192409548326003,0.000692584012345704,7.760661695072563,0.0010378629962375374,0.00018651311854337384,2.089948928803147,0.0016783492941059297,0.000179622750642751,2.0127397913149574,-0.003285415251535251,-0.0010243365489725096,-11.478072373558863,0.0,0.0,0.0,-0.0002359304882375269,0.20805942343049133
2025-07-17 20:00:00+00:00,11176.989793902447,-0.0025672308401205345,-0.003098013666326802,0.13511551858661586,0.22088484242248324,0.145331096551275,0.09658485465901374,0.22148377355456264,0.31571543281266545,-0.0025309926060804733,-0.0005590579029665555,-6.264667322811913,-0.003422857209611996,-0.0004974475916113487,-5.574277110550981,-0.004829489453971991,-0.0004664555369891244,-5.226987660158818,-0.004714881780250368,-0.0010442698085535058,-11.701834302189559,0.0,0.0,0.0,-0.003098013666326802,0.20496140976416452
2025-07-17 22:00:00+00:00,11274.610793751568,0.00873410476784892,0.00819421572485053,0.2046168012119035,0.17887374856207222,0.21405080225522127,0.232481950166971,0.1683693987396121,0.2062241002761235,0.011033404096817412,0.0019735863501978554,22.05875449354661,0.016317344211562723,0.003492740619159592,39.03832625309527,0.006536595028226122,0.0015196403596137358,16.985004789804968,0.010382750380793837,0.001748137438877737,19.538914312675228,0.0,0.0,0.0,0.00819421572485053,0.21315562548901504
2025-07-18 00:00:00+00:00,11254.402633360882,-0.0017923599102760567,-0.0022381499164669115,0.08047677149978606,0.19575400781757835,0.25767765020573197,0.15376423145381146,0.1883390630333813,0.20446504748949695,-0.009101272704853947,-0.0017816106082158918,-20.08696619365319,0.0025605536332180545,0.000659797443433378,7.438959377423653,-0.00029518842861364636,-4.538942185983562e-05,-0.5117480656230461,-0.003319318433281704,-0.0006251573236337073,-7.048405508833438,0.0,0.0,0.0,-0.0022381499164669115,0.2109174755725481
2025-07-18 02:00:00+00:00,11444.682713811579,0.016907168389964797,0.01427265362904001,0.11779282718294898,0.14127165963367097,0.20269207100430323,0.17217735871369788,0.18001416323576844,0.3038447474125595,0.009727670209056294,0.0013742441148024017,15.466296584512843,0.03969363337244869,0.00804558475394715,90.54825024175096,0.02627952755905505,0.00452473964336193,50.923241757524885,0.016457593250444047,0.0029625998778533154,33.34229186690698,0.0,0.0,0.0,0.01427265362904001,0.22519012920158812
2025-07-18 04:00:00+00:00,11571.43507609799,0.011075218549610378,0.009635753548820642,0.18390960633642417,0.1664859482219115,0.15850509130882492,0.3308726764618815,0.16242129324273882,0.18171499076464326,-0.0009456784985617528,-0.000157442181546127,-1.801875813565744,-0.005114955088536544,-0.0008107464233490235,-9.278735576587133,0.033758511556535975,0.011169769072080416,127.83446301650594,0.005378839590443718,0.0008736380824251123,9.998510660058178,0.0,0.0,0.0,0.009635753548820642,0.23482588275040878
2025-07-18 06:00:00+00:00,11682.273249170657,0.009578602165051638,0.008319591131265052,0.16160860927162268,0.23536289832406013,0.15337856074550116,0.17439059775358265,0.25324574535116795,0.1836221978256882,0.0030514939394332696,0.0007182084578033183,8.31070254057556,0.020439884328773195,0.0031350400401517564,36.276912285583684,0.010390574264774077,0.001812018457036944,20.967653932294255,0.01545271848351537,0.003913335210059619,45.28290431421318,0.0,0.0,0.0,0.008319591131265052,0.24314547388167382
2025-07-18 08:00:00+00:00,11581.37949859894,-0.008636482679334586,-0.010379134020512302,0.19436865718373625,0.19228259929973954,0.14756574789714919,0.25151706375216165,0.10777020004010425,0.3008643890108454,-0.01036927292608325,-0.001993830751075703,-23.292475646665526,-0.017932319866154733,-0.0026461961925800296,-30.913586992634926,-0.011569185566063678,-0.0029098475835802264,-33.993634584823155,-0.010082640207536686,-0.0010866081520986269,-12.694053347592549,0.0,0.0,0.0,-0.010379134020512302,0.23276633986116152
2025-07-18 10:00:00+00:00,11665.50900611678,0.007264204365983771,0.006400203137749244,0.07548381639054982,0.15704995218960768,0.1792616898557193,0.2112658944717437,0.12020621399903754,0.33221624948389183,-0.003892256638224789,-0.0006112787189428863,-7.079450823494967,0.004666907133542342,0.0008365976591585112,9.688954978354246,0.03437064561077552,0.007261345188531802,84.09639429871227,-0.0018506511049872776,-0.00022245976276365597,-2.576390935734189,0.0,0.0,0.0,0.006400203137749244,0.23916654299891077
2025-07-18 12:00:00+00:00,11581.050303699292,-0.007240035764680345,-0.00849873283893012,0.19172094505129056,0.2823558984224135,0.1611915616929954,0.27768089329022844,0.10781342165385652,0.17095822494050614,0.002492870452755369,0.0007038766763384309,8.211079707021511,-0.002952288368701872,-0.0004758839727191205,-5.551428769621532,-0.025864391558149902,-0.007182047352275308,-83.78223807032478,-0.002652555791638922,-0.00028598111602434626,-3.336115284561339,0.0,0.0,0.0,-0.00849873283893012,0.23066781015998064
2025-07-18 14:00:00+00:00,11550.408065310166,-0.0026458945938036436,-0.0031144358822839655,0.05870892922115638,0.2556047049161078,0.18512737527310763,0.2818215515057402,0.07585568593900577,0.2015906823660385,-0.003339477147821235,-0.0008535860709429321,-9.885423226127129,0.007971791270916295,0.0014757967942098046,17.0912769117819,-0.018714852032820195,-0.005274248636089743,-61.081338768772696,0.026446841712463476,0.002006143319019227,23.233246693991926,0.0,0.0,0.0,-0.0031144358822839655,0.22755337427769667
2025-07-18 16:00:00+00:00,11369.244672723524,-0.015684588073623072,-0.019430224642747063,0.19399883502404808,0.28052516886081047,0.28115561594076255,0.16734033589674005,0.14890581635069636,0.12207306295099064,-0.007688086337191091,-0.0021567017179570207,-24.910784917559063,-0.020700685076435743,-0.005820113863061043,-67.22469010492378,-0.02414505824877855,-0.004040442157596956,-46.66875568452709,-0.02462852308180441,-0.0036673303350080537,-42.35916187963366,0.0,0.0,0.0,-0.019430224642747063,0.2081231496349496
2025-07-18 18:00:00+00:00,11412.404540622087,0.0037961948344826745,0.0033389273247768974,0.07356095749656008,0.24523786749240528,0.24703855361431715,0.20501563133370576,0.14474922254898684,0.15795872501058497,-0.0022079540988547697,-0.0005414739547242591,-6.156149875167321,0.010247833699995601,0.0025316100149269695,28.782493675621968,0.0056801771445074145,0.0011645251033684735,13.23977082772483,0.004432035347853969,0.0006415336709114904,7.293753270383229,0.0,0.0,0.0,0.0033389273247768974,0.2114620769597265
2025-07-18 20:00:00+00:00,11307.481149539095,-0.009193802297273925,-0.010311321317822556,0.07588266165021298,0.2375571203114169,0.27625358322346605,0.17833421883400055,0.1032287205794674,0.204626357051649,-0.001915476027595564,-0.0004550349691411543,-5.193043147968341,-0.013502027665129646,-0.0037299835232744334,-42.568080897462714,-0.02086923224200643,-0.0037216982295435546,-42.473525773668044,-0.01246828952339829,-0.0012870855753147829,-14.688741263891618,0.0,0.0,0.0,-0.010311321317822556,0.20115075564190393
2025-07-18 22:00:00+00:00,11305.844540793481,-0.0001447368095484744,-0.0003973485291442567,0.09435612548470736,0.24816275323654866,0.23136263642657218,0.16807101050729553,0.186979213139043,0.16542438669054052,0.002573466610152453,0.0006386385593377605,7.221393471080532,0.0006504129136526426,0.00015048124646856384,1.7015638578024321,-0.007137270238560811,-0.0011995682212585619,-13.56409504946733,0.0014210756449497541,0.0002657116059037631,3.004528974970562,0.0,0.0,0.0,-0.0003973485291442567,0.20075340711275969
2025-07-19 00:00:00+00:00,11300.15161217406,-0.0005035385546723396,-0.0007528437569086164,0.12781771316561025,0.1579281366210929,0.20371472093399648,0.16761469045185518,0.17750035213690457,0.2932420998561508,0.0021077219887248866,0.00033286860619462553,3.7633607141470424,-0.0019640395058949656,-0.00040010375984673725,-4.52351090901418,0.0016740521910389994,0.0002805957398012518,3.1723718130018908,-0.004038860386420762,-0.0007168991408214797,-8.105150237556064,0.0,0.0,0.0,-0.0007528437569086164,0.20000056335585106
2025-07-19 02:00:00+00:00,11275.744549168641,-0.0021598881008928084,-0.002431825472601506,0.12117281251056704,0.15141119693774222,0.21525393133036055,0.2772482925660582,0.13351713784925817,0.2225694413165809,0.0009489094918424534,0.0001436755219454506,1.6235551809418332,-0.0005413147181216882,-0.00011652012116267935,-1.316695035007168,-0.0053086905230042,-0.001471825383264529,-16.63184997753537,-0.005356751424813622,-0.0007152181184110505,-8.082073173818731,0.0,0.0,0.0,-0.002431825472601506,0.19756873788324955
2025-07-19 04:00:00+00:00,11363.932271608004,0.007821011025463927,0.006925376703506107,0.18475324977057306,0.18833135808619592,0.2543805547916968,0.09249504279548514,0.2220640781024572,0.24272896622416495,0.00242119529902296,0.0004559869988569073,5.14159291685254,0.01353173483779968,0.003442210215333614,38.813483072640615,0.013046056532911576,0.0012066955573239748,13.606390853001825,0.012231236484345986,0.0027161182539494314,30.626255596867747,0.0,0.0,0.0,0.006925376703506107,0.20449411458675565
2025-07-19 06:00:00+00:00,11367.047574870638,0.000274139548544738,7.0477168686150485e-06,0.2186253068407905,0.21092438789048573,0.167369476808822,0.2885273198319858,0.09351534090610426,0.2396634745626022,-0.0009850195055836064,-0.00020776463627541106,-2.3610232550690426,-0.0018536197073729666,-0.00031023936062553515,-3.5255390821355523,0.0028292682926829293,0.000816321197573424,9.276618801102327,-0.0002585420947351924,-2.4177652127739822e-05,-0.2747532012661345,0.0,0.0,0.0,7.0477168686150485e-06,0.20450116230362425
2025-07-19 08:00:00+00:00,11351.878583301175,-0.0013344706679152573,-0.0016039772204032928,0.12486473962693877,0.2472088736808516,0.1463546404192786,0.3299529069053578,0.14067000766930524,0.13581357132520688,-0.00036301039930453083,-8.973939194650925e-05,-1.0200719375959337,-0.004140746338158086,-0.0006060174413885711,-6.888629087465266,-0.0005837143691020952,-0.00019259825288766327,-2.1892735034110347,-0.0031713624608684654,-0.00044611558169251373,-5.071017040989892,0.0,0.0,0.0,-0.0016039772204032928,0.20289718508322097
2025-07-19 10:00:00+00:00,11331.889061064227,-0.001760899933016806,-0.0020386424731454545,0.23120326093837495,0.1531765601532586,0.16197821268419527,0.19278195949457577,0.28495589088592305,0.2071073767820473,0.0006874398236267343,0.00010529966749550594,1.1953490402709688,-0.0037407670812497074,-0.0006059227658887015,-6.878361669226562,-0.007203348583666003,-0.001388675654881609,-15.764077425802272,0.0004505919139232706,0.00012839882025799873,1.4575678178079128,0.0,0.0,0.0,-0.0020386424731454545,0.20085854261007552
2025-07-19 12:00:00+00:00,11318.133060728584,-0.0012139194322778862,-0.0014757319776151556,0.17616685742662452,0.21241589131937763,0.21487159599445652,0.2416544900384721,0.10878903345929851,0.22226898918839524,0.0006998223170164852,0.00014865338123424876,1.6845236246985937,-0.0015036114780360155,-0.00032308339804118237,-3.6611452240743336,-0.00676536915383863,-0.0016348818327928834,-18.52629955715831,0.005472908420908862,0.0005953924173219307,6.746920820890974,0.0,0.0,0.0,-0.0014757319776151556,0.19938281063246036
2025-07-19 14:00:00+00:00,11308.78976628852,-0.0008255155147876724,-0.0010793724775707348,0.1139455113095111,0.1335515522979654,0.21669003784544474,0.20657331775037327,0.16258015731429587,0.2806049347919208,-0.0011738651474875184,-0.00015677151263543816,-1.7743608401395816,0.0016888325944690585,0.00036595319881012095,4.14190699813221,-0.004047384007897281,-0.0008360815427211443,-9.46288215013714,-0.0012216475953904515,-0.00019861565824121088,-2.2479584479182186,0.0,0.0,0.0,-0.0010793724775707348,0.19830343815488963
2025-07-19 16:00:00+00:00,11299.65743454805,-0.0008075427989381364,-0.001060066204720167,0.10870783065236676,0.21309152432018644,0.1297912117989643,0.2117639073304892,0.14077115270840948,0.3045822038419505,-0.0011003641227990135,-0.0002344782682344866,-2.651665440227217,-0.001896733403582762,-0.0002461793269105807,-2.7839902528381715,0.0029735355337496827,0.0006296875032128845,7.121003592293639,-0.006795232464902656,-0.0009565727070059536,-10.817679639699836,0.0,0.0,0.0,-0.001060066204720167,0.19724337195016947
2025-07-19 18:00:00+00:00,11300.277337594014,5.48603397540818e-05,-0.00018968374765701134,0.13728409640122197,0.22097012100581634,0.23653384811332032,0.23442677073172524,0.13128345290450347,0.17678580724463458,-0.0021170084898877173,-0.0004677956221808294,-5.2859302800246395,-0.0025337837837837718,-0.0005993256286655047,-6.772174295665353,0.006127087656883079,0.0014363533733933133,16.230301074301924,-0.002394603248450311,-0.0003143717827928974,-3.5522934526478878,0.0,0.0,0.0,-0.00018968374765701134,0.19705368820251246
2025-07-19 20:00:00+00:00,11541.406760977708,0.021338363314455884,0.01681355513268052,0.12637437973078927,0.27562160087844706,0.26787182410139415,0.15965172542222866,0.17166837677458818,0.1251864728233419,0.0016952134983507783,0.0004672374582461942,5.279912860694497,0.009768557719446846,0.0026167213751479815,29.56967725438258,0.10637461938905801,0.01698289152659597,191.91138424480988,0.007406797794420328,0.0012715129544657376,14.368449023806384,0.0,0.0,0.0,0.01681355513268052,0.21386724333519297
2025-07-19 22:00:00+00:00,11514.46640052124,-0.0023342354198585347,-0.0026030741118912184,0.3806776755169362,0.13215692556467926,0.08586795435919804,0.10444259496125641,0.3159502622844703,0.36158226283039596,-0.0025597443153796418,-0.00033828793895223817,-3.9043187057805757,-0.001724615036295174,-0.00014808916522378069,-1.7091572927412872,-0.0008877840909090606,-9.272247421986226e-05,-1.0701477908556996,-0.0055551017073769415,-0.0017551358414626536,-20.25673666709137,0.0,0.0,0.0,-0.0026030741118912184,0.21126416922330174
2025-07-20 00:00:00+00:00,11547.080968889039,0.002832486303170921,0.0023857967919978748,0.09765338500689938,0.11328575819156586,0.1521943560859962,0.13576957824135763,0.279513004554024,0.3192373029270563,0.0011401306358624907,0.00012916056352111436,1.4872149689362606,0.005756781578298842,0.0008761496654369173,10.08839588450131,0.005509152301403919,0.0007479752844290149,8.61253628097821,0.0038610038610038533,0.0010792007897838744,12.426421233382406,0.0,0.0,0.0,0.0023857967919978748,0.21364996601529962
2025-07-20 02:00:00+00:00,11555.459397421411,0.0007255884456812967,0.00041434283781951504,0.08517982172482583,0.18474101797194,0.1606691049934871,0.12469235207717506,0.2847628175909848,0.2451347073664131,0.0008591309522123503,0.00015871672668291172,1.832714894124613,0.00356625835189317,0.000572987537574224,6.616333490533915,-0.01705549664192285,-0.002126689992125721,-24.557061534801694,0.007446808510638281,0.002120574173549882,24.486441682515444,0.0,0.0,0.0,0.00041434283781951504,0.21406430885311914
2025-07-20 04:00:00+00:00,11621.181165424096,0.0056875080204383255,0.004917513976119879,0.18063238061222164,0.2489378233968091,0.18722687025228968,0.19732612217423207,0.10413043697876312,0.262378747197906,0.0001420198615835755,3.535411522173139e-05,0.4085330429764753,0.014758059370674204,0.002763105266968807,31.928950723259298,0.011597590578081407,0.0022885075753372145,26.444756367500503,0.005767200064982436,0.0006005410629105722,6.939527868947414,0.0,0.0,0.0,0.004917513976119879,0.21898182282923903
2025-07-20 06:00:00+00:00,11713.810777700015,0.007970757099245388,0.006783606355373305,0.1123692695375991,0.2901028645567323,0.13782969502982992,0.2396214610284213,0.13303932650224976,0.19940665288276663,-0.0009416911103952152,-0.000273187288653262,-3.174758973530564,-0.002952424952364807,-0.0004069318307829015,-4.7290285275057995,0.035549235691432646,0.00851835979482479,98.99340240792372,0.000996069563344637,0.0001325164238567605,1.5399973690335416,0.0,0.0,0.0,0.006783606355373305,0.22576542918461234
2025-07-20 08:00:00+00:00,11749.892996604576,0.0030803143049955915,0.0025769688784705756,0.26609140828968486,0.10609746327435272,0.1973120670380117,0.15753545402111604,0.2512153665433936,0.2878396491231259,0.001549213165690011,0.00016436758695093965,1.9253708115304613,0.005837338678057913,0.0011517773605685415,13.491702059738657,0.009011328527291473,0.0014196037308802972,16.628969482848778,0.0013715945458945278,0.0003445656265958133,4.036176550442996,0.0,0.0,0.0,0.0025769688784705756,0.22834239806308293
2025-07-20 10:00:00+00:00,11801.493035708978,0.004391532681983793,0.0037415395710332718,0.217109192567849,0.2500157124536436,0.2705030104265698,0.1450828995400122,0.2352271986788461,0.09917117890092829,-0.000985940039222477,-0.00024650050134278096,-2.896354514387059,0.010530189450729255,0.002848447946784371,33.468958581114364,0.0031470613251680657,0.0004565847820856161,5.364822333384008,0.005666863619272711,0.0013330004544565867,15.662612704290165,0.0,0.0,0.0,0.0037415395710332718,0.2320839376341162
2025-07-20 12:00:00+00:00,11811.266433401079,0.0008281492572617935,0.0004692738943714932,0.2436922345209192,0.15354339223809693,0.21367503284123046,0.1302018960606249,0.1597162654382002,0.3428634134218475,-0.00029394523696757435,-4.513334881623262e-05,-0.5326409017329933,0.013371529997599163,0.0028571621113744994,33.71877875927771,-0.01500763099881297,-0.0019540220114236586,-23.060377159438357,-0.0001869408465750011,-2.9857493872814734e-05,-0.35236300600374654,0.0,0.0,0.0,0.0004692738943714932,0.23255321152848768
2025-07-20 14:00:00+00:00,11843.63313484791,0.0027403243868330818,0.0022645283824639837,0.14075087710263778,0.17410389636799917,0.24809482461454302,0.21597247726004784,0.09392158027807926,0.2679072214793306,0.004571573127100548,0.0007959286939594436,9.400925866343936,-0.002092261825538233,-0.0005190793306546115,-6.1309842744331124,0.011104415942153611,0.0023982482195528836,28.326348694568875,0.0006944815428173712,6.522680397536606e-05,0.7704111603522732,0.0,0.0,0.0,0.0022645283824639837,0.23481773991095167
2025-07-20 16:00:00+00:00,11878.451604195778,0.0029398470006149796,0.0024461516091948765,0.2825688305423263,0.22355280503268873,0.2038820399540862,0.133633282231807,0.3270415021557161,0.11189037062570201,0.0021430136715607784,0.00047907671750081315,5.674008885526803,0.00992840451979804,0.002024223366985794,23.974158941566355,-0.0023837902264599586,-0.0003185537121139468,-3.7728333000215426,0.0023088831945334842,0.0007551006282423191,8.943134820795205,0.0,0.0,0.0,0.0024461516091948765,0.23726389152014654
2025-07-20 18:00:00+00:00,11851.057068634645,-0.002306237923422351,-0.002693035137294401,0.16940253939944921,0.20253855817736544,0.2045491499646849,0.22768417452719136,0.1786532096115902,0.1865749077191682,-0.005497715029570749,-0.0011134992753592914,-13.22664725366241,-0.012469427320222048,-0.0025506107588978387,-30.29730646070904,0.009557945041815952,0.0021761928270221265,25.849801177180325,-0.0045804982623399715,-0.0008183207161873476,-9.720383023942237,0.0,0.0,0.0,-0.002693035137294401,0.23457085638285213
2025-07-20 20:00:00+00:00,11851.024028007205,-2.7879899024696453e-06,-0.0003430006234746502,0.09632962321913599,0.1522741226661458,0.15848396225676853,0.29016328264573593,0.2011939565674966,0.1978846758638532,0.0011549017232015402,0.0001758616466661345,2.0841464108244216,0.0029634780748091227,0.00046966374735681006,5.56601187299436,-0.007354184277261089,-0.0021339142510717365,-25.28913956902391,0.00738392391347964,0.0014856008671463223,17.605940657764183,0.0,0.0,0.0,-0.0003430006234746502,0.2342278557593775
2025-07-20 22:00:00+00:00,11858.175939640352,0.0006034846960267071,0.0002539951791150081,0.15589199883591634,0.3081661215020621,0.12094411382962442,0.24343781936520098,0.16687826772615566,0.1605736775769568,-0.0013298633151369588,-0.0004098188199536311,-4.856772682400041,0.005429434682780787,0.0006566581663047502,7.782071707064746,-0.004087541514093518,-0.000995062192755658,-11.792505955708839,0.00809996149198633,0.001351707542431246,16.019118564191263,0.0,0.0,0.0,0.0002539951791150081,0.2344818509384925
2025-07-21 00:00:00+00:00,11818.857425252436,-0.0033157303946283515,-0.003773648805320467,0.3148481787067346,0.14783935200499526,0.3252259008105309,0.11643206463710756,0.2774446594519839,0.1330580230953825,-0.0062099426032011795,-0.0009180738904454758,-10.886681718492554,-0.0036071495826580646,-0.0011731384723782997,-13.91128240702279,-0.0030782385634886555,-0.0003584056713925483,-4.250037509137763,-0.003121748178980255,-0.0008661123604120276,-10.27051275326302,0.0,0.0,0.0,-0.003773648805320467,0.23070820213317203
2025-07-21 02:00:00+00:00,11802.29106098237,-0.0014016891543737696,-0.0017468187728621998,0.2831197481052752,0.2289877558608503,0.2114962793802013,0.21725633543388345,0.10805453277703826,0.23420509654802676,0.0003475031916995164,7.957397602175512e-05,0.9404734773615798,-0.008789652593107267,-0.0018589788204867253,-21.97100563589655,0.005918174800583209,0.001285760969631862,15.196225583033304,-0.00840358341481462,-0.0009080452795406615,-10.73205769456457,0.0,0.0,0.0,-0.0017468187728621998,0.22896138336030983
2025-07-21 04:00:00+00:00,11895.656011666428,0.007910748023552606,0.006777601079530447,0.14684924968859853,0.18112833490779018,0.2255403165184827,0.14147179845645239,0.24085974532735538,0.2109998047899194,0.009361424910912408,0.0016956193064778726,20.01219258367292,0.009052896738969807,0.00204179319591639,24.097837584538635,0.0005968622100953613,8.44391702928837e-05,0.9965756647444693,0.01697625456386742,0.0040888963508654615,48.25834485110287,0.0,0.0,0.0,0.006777601079530447,0.2357389844398403
2025-07-21 06:00:00+00:00,11950.073076157467,0.00457453245434048,0.003935866037737082,0.23608114864503893,0.189072420664286,0.15071552814921446,0.2470034328074556,0.07960338505158471,0.33360523332745934,0.00022136074614365064,4.185321211343254e-05,0.49787141428470394,0.006770675310987961,0.0010204459054223975,12.138873469418334,0.014827439284192723,0.0036624284029397247,43.56698844872781,-0.0018867924528302993,-0.0001501950661350743,-1.7866688413923333,0.0,0.0,0.0,0.003935866037737082,0.23967485047757736
2025-07-21 08:00:00+00:00,11982.57647824868,0.0027199333329655925,0.002258256940346091,0.2952809686918289,0.14109472428425443,0.15075606196553626,0.15400178445452636,0.37484381992709176,0.1793036093685912,0.007886162839180644,0.001112695971454926,13.296798170432387,0.0012900428780644457,0.00019448178406368232,2.3240715315424803,0.013519187169367619,0.0020819789484573504,24.87980057708682,-0.0017853392144507874,-0.0006692233710103663,-7.997268187846318,0.0,0.0,0.0,0.002258256940346091,0.24193310741792345
2025-07-21 10:00:00+00:00,11934.685440143849,-0.003996722924470064,-0.004569054627882821,0.20581130967365624,0.18587665305632192,0.2262442752159237,0.23954295210572765,0.1702322160542354,0.17810390356779124,-0.005647674201757935,-0.0010497707781752996,-12.578958634116159,-0.004110674023813821,-0.0009300164651666825,-11.143993419890274,-0.012924606462303201,-0.0030959983867848736,-37.098037446184286,0.006338769068911176,0.001079062705656792,12.929951395358456,0.0,0.0,0.0,-0.004569054627882821,0.23736405279004064
2025-07-21 12:00:00+00:00,11945.019300886046,0.0008658678767885181,0.0005069259499168161,0.2460452248925597,0.14533684141564127,0.1575441107949988,0.10273770327477355,0.2515963556926387,0.3427849888219477,-0.005222678733390107,-0.0007590476308395602,-9.058994708156582,0.009692136803344464,0.0015269390743863859,18.223537539065923,-0.01107940238375027,-0.001138272354563554,-13.584922496927904,0.004913619612660458,0.0012362487878052463,14.754240408214756,0.0,0.0,0.0,0.0005069259499168161,0.23787097873995744
2025-07-21 14:00:00+00:00,11989.523328424011,0.00372573927399716,0.003196523209678223,0.1712840075291704,0.20503183753543536,0.1806003411571962,0.19127048432195248,0.20601118707218688,0.21708614991322916,0.00646928855950657,0.0013264101209026016,15.84399449507217,0.002935392484029853,0.0005301328840460611,6.332447531964584,0.0010185028008826702,0.00019480952400809345,2.3270035242731,0.008127649613774102,0.0016743867450404039,20.000581986655387,0.0,0.0,0.0,0.003196523209678223,0.24106750194963567
2025-07-21 16:00:00+00:00,11982.671645428894,-0.0005714725104102236,-0.0009352344371171073,0.14519679647115796,0.1418857535268553,0.23156048714215235,0.2855071348081542,0.15202166784712481,0.1890249566757132,-0.00438292071292723,-0.0006218740080021418,-7.45597292628222,-0.0024869956307413954,-0.000575889919774882,-6.904645627745181,0.002798032898083669,0.0007988583558308244,9.577930893340119,-0.0011351469886355936,-0.00017256693846402418,-2.068995334429129,0.0,0.0,0.0,-0.0009352344371171073,0.24013226751251857
2025-07-21 18:00:00+00:00,11881.393001644856,-0.008452092052666237,-0.009821186198622116,0.13305540875099986,0.17190313477681926,0.1774776150136072,0.22802897380376713,0.25505969534816075,0.16753058105764562,-0.003933036696847636,-0.0006761013373803752,-8.101500324864377,-0.01062101580686381,-0.001884992554424012,-22.58724683374119,-0.011837321383275534,-0.002699252247613709,-32.344253371341004,-0.012513721185510529,-0.0031917459132481405,-38.245643254092045,0.0,0.0,0.0,-0.009821186198622116,0.23031108131389644
2025-07-21 20:00:00+00:00,11772.007246569308,-0.00920647562625056,-0.010566870409605156,0.15634425517177142,0.17612867866086462,0.23383561941401745,0.3144948323218054,0.09871544017638927,0.17682542942692306,-0.009165718197781003,-0.0016143458351530096,-19.180677308021487,-0.00886760922040375,-0.002073562894774563,-24.636815666444942,-0.014460511679644017,-0.004547756195977154,-54.033678640069986,-0.009834436220019338,-0.0009708107003458347,-11.534583461010941,0.0,0.0,0.0,-0.010566870409605156,0.21974421090429128
2025-07-21 22:00:00+00:00,11804.147363682114,0.002730215539255003,0.0023115560430531797,0.1674222674733545,0.2435242774120401,0.24012473712651075,0.14707256484845105,0.14490822274016418,0.224370197872834,0.0038330815370384297,0.0009334484115687157,10.988561465285532,0.003803054754889068,0.0009132075232954642,10.750285581855815,-0.00017364125716279322,-2.553786505444147e-05,-0.3006319324827941,0.006273608579655088,0.0009090974694452645,10.701901998147475,0.0,0.0,0.0,0.0023115560430531797,0.22205576694734447
2025-07-22 00:00:00+00:00,11836.540110406779,0.002744183525218207,0.0023235700237909415,0.13374725159274975,0.1951849862131381,0.25955022905268343,0.1884000948847504,0.21790245237044178,0.13896223747898612,0.0014086051089767793,0.00027493856877538857,3.2454153817845364,0.003103437243380025,0.000805497847369914,9.508215291483188,0.002257728377909052,0.00042535624062205895,5.020967746364612,0.005683235112680318,0.0012383908684508453,14.618148305032049,0.0,0.0,0.0,0.0023235700237909415,0.2243793369711354
2025-07-22 02:00:00+00:00,11898.754091223322,0.005256095128832756,0.004579732030402277,0.14878319414977126,0.3008211393068179,0.16532502140270725,0.1592798890891731,0.1924646716662241,0.1821092785350776,0.003149163965760593,0.0009473350920440785,11.213169814975632,0.008534627570222497,0.0014109874857111697,16.701209969902273,0.012389533876277836,0.0019734035816800864,23.35827064857674,0.004802798151966714,0.0009243689693974216,10.941330383087957,0.0,0.0,0.0,0.004579732030402277,0.22895906900153767
2025-07-22 04:00:00+00:00,11796.361903091147,-0.008605286515476547,-0.009796526630944052,0.20797456651327045,0.09284657279354754,0.20008817550244232,0.18815822011287922,0.2419444402053312,0.2769625913857998,-0.0045860717973611465,-0.00042580104897012706,-5.066501973480482,-0.016682347546271736,-0.003337940483631157,-39.717332985866186,-0.009413778348309698,-0.0017712797785551127,-21.076022511783787,-0.01268995973503051,-0.0030702652043201497,-36.53233066104499,0.0,0.0,0.0,-0.009796526630944052,0.21916254237059363
2025-07-22 06:00:00+00:00,11724.242456527794,-0.006113702441127474,-0.006753675985109651,0.12688805108082313,0.09749409063468677,0.15634270497381156,0.10689929911579654,0.36418497344501505,0.2750789318306901,0.0010176606091629736,9.921589566508549e-05,1.1703866118046806,-0.011109235003872842,-0.001736847850695232,-20.488485817406975,-0.0032829373650107296,-0.0003509437033607069,-4.139858932453963,-0.011327009853577708,-0.004125126782736621,-48.661488425295225,0.0,0.0,0.0,-0.006753675985109651,0.21240886638548398
2025-07-22 08:00:00+00:00,11744.214971697604,0.0017035228709970365,0.0013621435049244594,0.24121165992462396,0.15010358087375233,0.21455521572040462,0.23728895805476188,0.20365942286404995,0.19439282248703127,0.005577550633567352,0.0008372103226031255,9.815656809306896,-0.0034610047483792927,-0.0007425766203978638,-8.70614834009356,-0.0007800988125162833,-0.0001851088344017459,-2.170260855371322,0.008808814136682885,0.0017939980031935207,21.033267555967562,0.0,0.0,0.0,0.0013621435049244594,0.21377100989040843
2025-07-22 10:00:00+00:00,11723.2723445115,-0.0017832292100045282,-0.0020794231525688347,0.13703858484032228,0.1637909989808132,0.22234671351867158,0.14880207117811609,0.15510772490037344,0.3099524914220257,0.003520825632763236,0.0005766795476275442,6.772648577119206,-0.004443948859232272,-0.0009880974238953453,-11.604428559207548,-0.012491325468424685,-0.0018587351014615443,-21.82938460700453,0.0031392618777534853,0.00048692376772481737,5.718537402989207,0.0,0.0,0.0,-0.0020794231525688347,0.21169158673783958
2025-07-22 12:00:00+00:00,11795.227371473073,0.006137793684820382,0.005383529894426275,0.1732503767930319,0.09833905326575189,0.15121065124796462,0.11213970237085247,0.28838069557931595,0.3499298975361151,0.006384339609367018,0.0006278299129121928,7.360221055100573,0.012219408452782021,0.0018477047100100533,21.6611455276845,0.015548137737174894,0.001743563538267812,20.44027020907366,0.006653342449902677,0.0019186955236303242,22.493390169713393,0.0,0.0,0.0,0.005383529894426275,0.21707511663226586
2025-07-22 14:00:00+00:00,11680.798466715743,-0.009701288593560951,-0.01092800494806032,0.2886020900174785,0.3264870030392348,0.16911908320330568,0.15468541065950697,0.14633014498773136,0.2033783581102212,-0.008452520536487818,-0.0027596380980854924,-32.550558829897895,-0.015480527892478335,-0.002618052684679138,-30.880526686285933,-0.020845947582389,-0.003224563962368399,-38.034465109993405,-0.007510645523655213,-0.0010990338484279229,-12.963354131152425,0.0,0.0,0.0,-0.01092800494806032,0.20614711168420555
2025-07-22 16:00:00+00:00,11802.811812308328,0.010445633998417045,0.008878109618665196,0.24066892655122518,0.1556586971528732,0.22524519180613436,0.14761125653657958,0.33087296293612795,0.14061189156828505,0.006468252527363383,0.0010068397612651636,11.760692339614568,0.019235513742002386,0.00433270698230686,50.60947707565857,0.022879858657243846,0.0033773246857751026,39.44984901120305,0.005224852927628421,0.001728762569069918,20.193327166107466,0.0,0.0,0.0,0.008878109618665196,0.21502522130287074
2025-07-22 18:00:00+00:00,11881.642012729884,0.006678933941770652,0.005745373206242309,0.2385599555664295,0.22879328482257769,0.13050792686005938,0.2172266358691796,0.18705027231577337,0.23642188013240997,0.002416492055808739,0.0005528771551961451,6.525505018104486,-0.005040195152913762,-0.0006577854203768951,-7.763717529588616,0.02694533206667238,0.005853243837221169,69.08473550227494,0.004975124378109541,0.0009305983697302323,10.983677430766857,0.0,0.0,0.0,0.005745373206242309,0.22077059450911304
2025-07-22 20:00:00+00:00,11813.879761628177,-0.0057031049268364675,-0.006224553077997261,0.1288782482811116,0.16273240772536732,0.11868734937633624,0.3405276768344263,0.13605347861559527,0.24199908744827486,0.0006939632828657505,0.00011293031589374372,1.3417975858339628,-0.007904048527181629,-0.0009381105690331219,-11.146293949609879,-0.016651248843663202,-0.005670211085124558,-67.37141825006266,0.005823345492444121,0.0007922864114274694,9.413663512131615,0.0,0.0,0.0,-0.006224553077997261,0.21454604143111577
2025-07-22 22:00:00+00:00,11879.098888908095,0.005520551131030813,0.00475845189000773,0.11955281590184601,0.16218147021204218,0.15026508737859828,0.22152579844590548,0.13926369733870353,0.3267639466247506,0.0009883292641286179,0.000160288693109965,1.8936313475496453,0.009713552380978374,0.0014596077972843069,17.243631016251754,0.013854442829043023,0.0030691165097269054,36.2581734203416,0.0059709611822760245,0.0008315381309096357,9.823691495775467,0.0,0.0,0.0,0.00475845189000773,0.2193044933211235
2025-07-23 00:00:00+00:00,11964.177852434044,0.007162072167392314,0.006110124999858967,0.11204365406149282,0.21723635278193396,0.18081577502172602,0.22978885102500868,0.15743872860807354,0.2147202925632577,0.004643467336683305,0.0010087299084831217,11.982802335070215,0.010909983863046424,0.0019726971876712638,23.433864970217833,0.009363137916490905,0.0021515447038191384,25.558412300574023,0.012888190760673712,0.0020291003674187892,24.103883920087547,0.0,0.0,0.0,0.006110124999858967,0.22541461832098247
2025-07-23 02:00:00+00:00,11988.810463551932,0.002058863669673357,0.0016388503742582438,0.15699893875019602,0.21693183133311056,0.13175872943889477,0.21320197157164683,0.06638823634289413,0.37171923131345386,-0.0038866426192012415,-0.0008431365011206428,-10.087435053286326,-0.002055410668382107,-0.0002708182981411759,-3.2401182846545367,0.011616246030419441,0.002476606555946741,29.630561305850954,0.010486977081188176,0.0006962119129884347,8.329603149976968,0.0,0.0,0.0,0.0016388503742582438,0.2270534686952407
2025-07-23 04:00:00+00:00,11936.475182456017,-0.004365343939252697,-0.004805199301901089,0.20578571873503504,0.3329144455576998,0.17625069839992477,0.19798467761770974,0.11169937189230993,0.1811508065323559,-0.007314947642114711,-0.002435251738558222,-29.19577152460985,-0.002642764095856398,-0.0004657890176009359,-5.584256248021675,-0.00892193308550182,-0.0017664060456598564,-21.17710728308828,0.0027046066369789123,0.0003021028625663172,3.621853959804055,0.0,0.0,0.0,-0.004805199301901089,0.2222482693933396
2025-07-23 06:00:00+00:00,11903.263469324385,-0.002782371899909525,-0.0031091231563292686,0.1701435896124656,0.201688466120915,0.13733308822424392,0.24264616673562683,0.22917642479220413,0.18915585412701016,0.0002603399121992034,5.250755756151102e-05,0.6267551577243571,-0.004052426762644723,-0.0005565322821165749,-6.643033773720107,-0.008252063015753874,-0.0020023314584335142,-23.900779760642603,-0.0012043809356534485,-0.000276015716920947,-3.294654754994689,0.0,0.0,0.0,-0.0031091231563292686,0.21913914623701033
2025-07-23 08:00:00+00:00,11820.503784201826,-0.006952688675323106,-0.007616549156824414,0.18765337631811757,0.15860321020383014,0.20514002660515399,0.36101048039578315,0.0846083043911713,0.19063797840406121,-0.0024837953613567887,-0.000393937917800569,-4.689146826137225,-0.010822615739244701,-0.0022201516806860163,-26.427050397068996,-0.011514540258867112,-0.004156869710390201,-49.48031537042872,-0.002147890419906373,-0.00018172936644631914,-2.163172528923935,0.0,0.0,0.0,-0.007616549156824414,0.21152259708018592
2025-07-23 10:00:00+00:00,11786.059550937833,-0.002913939531919856,-0.003198605061087696,0.18199782802135928,0.18807606650819692,0.30705443523377474,0.17901265237442396,0.10098708444189694,0.22486976144170745,-0.0026222144674689085,-0.0004931757825824386,-5.829586204292413,-0.003960983630656556,-0.0012162375916814753,-14.376541054959395,-0.00467647308902297,-0.0008371478514236175,-9.895509345689298,-0.0036378741723521735,-0.0003673783062323249,-4.3425966590528535,0.0,0.0,0.0,-0.003198605061087696,0.20832399201909824
2025-07-23 12:00:00+00:00,11840.622826880948,0.0046294756705834985,0.004015021106993398,0.26331617140883334,0.3509114862792312,0.14042084796641957,0.24348654859317356,0.1369939398609464,0.1281871773002293,0.004222720753751297,0.001481801215841023,17.464597372554383,0.003610493115191238,0.0005069885048120734,5.975396709356029,-0.0011959678797197615,-0.00029120209126126044,-3.432125188962849,0.021401589326999648,0.002931888041191662,34.5554070501674,0.0,0.0,0.0,0.004015021106993398,0.21233901312609163
2025-07-23 14:00:00+00:00,11559.265328142108,-0.023762052288338557,-0.029268247138245822,0.24615830915187323,0.147300024273053,0.21930266095438047,0.20093970144747858,0.2725732503375925,0.15988436298749556,-0.009760713948873678,-0.0014377534015914198,-17.023895746309098,-0.023031108472517547,-0.005050783372752075,-59.804420897038966,-0.039856312008210715,-0.008008715435727417,-94.82817880226786,-0.0339901295038777,-0.009264800078267644,-109.70100329322426,0.0,0.0,0.0,-0.029268247138245822,0.1830707659878458
2025-07-23 16:00:00+00:00,11704.594338127,0.012572512686518003,0.010265898496680968,0.23579623448128503,0.2576990223246217,0.15077898354109381,0.3263369378771948,0.15061342376369458,0.11457163249339507,0.010103386020822391,0.0026036326997341806,30.096081193254346,0.01583031816737379,0.002386879282408731,27.59057093160796,0.021200783894530506,0.006918598896737234,79.97392034637694,0.004404665872802305,0.0006634018076378572,7.668437513655083,0.0,0.0,0.0,0.010265898496680968,0.19333666448452677
2025-07-23 18:00:00+00:00,11581.874388787819,-0.010484767416451903,-0.010680986824799588,0.13370779043312123,0.2110964902026312,0.22286547547182178,0.3408425031609039,0.06350816545256385,0.1616873657120792,-0.0036721732678773877,-0.0007751828882648431,-9.073201244997618,-0.015698875750848607,-0.0034987374085859277,-40.95130206312798,-0.015003489183531005,-0.005113826809462254,-59.855268320193964,-0.0172736891755797,-0.0010970203101388768,-12.840177710861823,0.0,0.0,0.0,-0.010680986824799588,0.18265567765972718
2025-07-23 20:00:00+00:00,11574.694267467905,-0.0006199446720701227,-0.0007751501526398368,0.2356421378761894,0.2218467726216882,0.17076485925697002,0.1573009814995663,0.23365891431436006,0.2164284723074154,0.002214895389470728,0.0004913673938487381,5.690955434302117,0.00020630052969039525,3.522888091721871e-05,0.4080164736407913,-0.007173219978745982,-0.001128354543169041,-13.068460585001896,-7.78331257782483e-05,-1.8186403667038528e-05,-0.2106326428554304,0.0,0.0,0.0,-0.0007751501526398368,0.18188052750708733
2025-07-23 22:00:00+00:00,11549.590052836285,-0.002168887924943094,-0.0022107350487828407,0.12446357425526423,0.18006050196713042,0.18337229168895308,0.26915712332284747,0.19977453391985364,0.16763554910121536,-0.0017897076228081676,-0.00032225565293723837,-3.73001065871178,0.0010396517027433383,0.00019064331529036817,2.2066380886225008,-0.00544108464900539,-0.001464506691882396,-16.951217211199555,-0.0028670766197037567,-0.0005727688954138275,-6.6296248503303525,0.0,0.0,0.0,-0.0022107350487828407,0.1796697924583045
2025-07-24 00:00:00+00:00,11617.664902337276,0.00589413556581383,0.004930984544265955,0.17154627771866413,0.1181314653872191,0.2019637140999136,0.1595398821840947,0.23146291491188795,0.2889020234168847,0.0048590412648314985,0.0005740056649915114,6.629530118657637,0.010252069486867521,0.00207054603077816,23.91395784101509,0.0050224215246637005,0.0008012765383237081,9.25441553659459,0.010577536071609828,0.002448307331720451,28.276946004724667,0.0,0.0,0.0,0.004930984544265955,0.18460077700257047
2025-07-24 02:00:00+00:00,11710.248429535208,0.007969202759437981,0.006597681601948732,0.1209381656447713,0.1710692652631936,0.20845847764538492,0.22104548440742017,0.2015953739804259,0.1978313987035754,0.002849540233756498,0.00048746875412663306,5.663248635803064,0.0053964815381351006,0.0011249423260810683,13.069202978865682,0.020257005175798648,0.0044777195217280295,52.02064493009018,0.009321008316811374,0.0018790721575022492,21.83043065317306,0.0,0.0,0.0,0.006597681601948732,0.1911984586045192
2025-07-24 04:00:00+00:00,11647.660993673122,-0.005344671911846945,-0.0053099125797109155,0.08105434000854547,0.1465783276553273,0.22082726072322645,0.2310548526334624,0.26027156268508767,0.1412679963028963,-0.005084034177929353,-0.0007452092275434112,-8.726585186515377,-0.001831205607655928,-0.0004043801181596699,-4.735391643614537,-0.011632992215516502,-0.0026878593020423806,-31.47550017055339,-0.005790964055205405,-0.0015072232641014831,-17.649958861403324,0.0,0.0,0.0,-0.0053099125797109155,0.18588854602480828
2025-07-24 06:00:00+00:00,11390.77039580214,-0.022055123171126265,-0.02370074297028863,0.20457481029966285,0.25287201242141916,0.16759425443160933,0.31989355826652704,0.10892975867704181,0.15071041620340253,-0.007463820245808717,-0.0018873912459093816,-21.98369339477882,-0.023305567685289685,-0.003905879240321532,-45.494357273490714,-0.03867256637168148,-0.012371104863935625,-144.0944355723028,-0.03571795134968703,-0.0038907478209597277,-45.318111630411316,0.0,0.0,0.0,-0.02370074297028863,0.16218780305451966
2025-07-24 08:00:00+00:00,11517.296655647124,0.011107787748194122,0.00893424347306652,0.1487553326056883,0.13890958880389928,0.16400580913435558,0.28868909457561237,0.22980044083567178,0.1785950666504609,0.006901689339544381,0.0009587108282083652,10.920454920090796,0.010001883964648961,0.0016403670724901892,18.685044687569867,0.02154101077050541,0.00621865489558072,70.83527008629092,0.009965407131452997,0.002290054951914846,26.08549015103172,0.0,0.0,0.0,0.00893424347306652,0.17112204652758617
2025-07-24 10:00:00+00:00,11646.382489274083,0.01120799763056087,0.008864533952503943,0.05901228579962124,0.12771879828362104,0.21300000293581722,0.2535591588380494,0.21710888129389178,0.18861315864862055,0.0007672935994151864,9.799781644802172e-05,1.1286699236375213,0.01230824911606665,0.002621657097856966,30.19440252540158,0.025862845814184077,0.006557761429802682,75.52768378399813,0.008892226218234933,0.0019305812864532004,22.235077393922367,0.0,0.0,0.0,0.008864533952503943,0.1799865804800901
2025-07-24 12:00:00+00:00,11667.993773360107,0.001855622044521354,0.001376972482882853,0.14400887884607022,0.2000535962457661,0.16830891222575697,0.19197947807816476,0.17937077391776646,0.26028723953254573,0.0007841726236248459,0.00015687655343362802,1.8270443448870755,0.005228114660997596,0.0008799382915840375,10.248097910746088,-0.0010541110330288816,-0.0002023676859573198,-2.356851474128246,0.005693095163480599,0.0010211748854610082,11.892993304519553,0.0,0.0,0.0,0.001376972482882853,0.18136355296297296
2025-07-24 14:00:00+00:00,11597.571997543066,-0.00603546566658502,-0.005663482838476915,0.11019947830760235,0.2078574888812152,0.27070449789791023,0.1354745404890731,0.15712947612493833,0.22883399660686318,-0.0031409780775717433,-0.0006528758158350093,-7.617750953940289,-0.006891702597999538,-0.0018656148914531884,-21.767982936963694,-0.018114667604642976,-0.0024540762698513053,-28.634146635975828,-0.006764476759283378,-0.0010628986894455177,-12.40189529016292,0.0,0.0,0.0,-0.005663482838476915,0.17570007012449604
2025-07-24 16:00:00+00:00,11750.280923126847,0.01316731860911355,0.010202195983664033,0.18414804630355502,0.17495218192166345,0.13612291743565388,0.1358239735284465,0.34092808938911995,0.21217283772511628,0.007317841841845807,0.0012802723971885683,14.848051302861473,0.02778015003044132,0.0037815150689438416,43.85639327187023,0.016299480566003943,0.0022138602169243476,25.675403258276432,0.017281271650609886,0.005891670926056792,68.32907775077487,0.0,0.0,0.0,0.010202195983664033,0.18590226610816007
2025-07-24 18:00:00+00:00,11758.796497856349,0.0007247124375333151,0.00039800575140403263,0.14309452751236068,0.1298319490297463,0.22705048289059518,0.14260761481609785,0.24295379476867637,0.2575561584948842,0.00025442376166795455,3.303233285683019e-05,0.38813919061398794,-0.0016296903856308775,-0.000370021989019651,-4.347862318715057,0.0002643637645400876,3.77002859048664e-05,0.4429889502643796,0.004214800632220017,0.0010240018077912695,12.032308907337159,0.0,0.0,0.0,0.00039800575140403263,0.1863002718595641
2025-07-24 20:00:00+00:00,11745.00135048177,-0.0011731768108320208,-0.0012405423934299612,0.07123681121590729,0.1654886985145575,0.18215637462033998,0.14541356237250583,0.27572790894336446,0.23121345554923212,-0.0015070983383134173,-0.0002494077425409397,-2.9327348895286596,0.002169308049797314,0.00039515328978579863,4.646527120049663,-0.00290723284292127,-0.00042275108433552957,-4.971043969949599,-0.003250201538087416,-0.0008961712737413502,-10.537895635149251,0.0,0.0,0.0,-0.0012405423934299612,0.18505972946613414
2025-07-24 22:00:00+00:00,11718.922474886045,-0.002220423379913576,-0.002165307277667094,0.164910739250622,0.2600051404902462,0.12376362215282936,0.21580785964743918,0.25154753686426257,0.14887584084522273,-0.0034967045676003172,-0.0009091611623518061,-10.678099079627538,-0.0018726039911378667,-0.00023176025280106715,-2.7220244821365305,-0.001590386994168691,-0.00034321801322266955,-4.031096028809924,-0.0029270171384557786,-0.0007362839515380333,-8.647656005152255,0.0,0.0,0.0,-0.002165307277667094,0.18289442218846705
2025-07-25 00:00:00+00:00,11667.699433081647,-0.004370968569351966,-0.004108366808389459,0.1444859199187325,0.173259123900469,0.1496593087623059,0.2882551234930235,0.1938076335353073,0.19501881030889437,-0.0015737274831808534,-0.0002726626449940047,-3.195312398482117,-0.005053975274976086,-0.0007563744461547059,-8.863893496471869,-0.006460176991150424,-0.0018621791163708544,-21.82273269910184,-0.007635160364118598,-0.0014797523618324008,-17.34110321034343,0.0,0.0,0.0,-0.004108366808389459,0.17878605538007758
2025-07-25 02:00:00+00:00,11618.348750287108,-0.004229684101615811,-0.003963345173230898,0.21765716701375246,0.1472433871210383,0.19060729082190847,0.14274465713529022,0.3705168184894572,0.14888784643230593,-0.008295604785425903,-0.001221472946823604,-14.251779209178334,-0.006385303281673527,-0.0012170853595960323,-14.200586160170598,-0.007125679166295473,-0.001017152629448928,-11.867831157978763,-0.0020889015751096585,-0.0007739731657472466,-9.030486267209557,0.0,0.0,0.0,-0.003963345173230898,0.17482271020684667
2025-07-25 04:00:00+00:00,11449.212698451545,-0.01455766696893,-0.013971896548763928,0.14757747401139223,0.1456873467805263,0.24449547014676054,0.14299206613113433,0.2244953848185769,0.2423297321230019,-0.016527198916625907,-0.002407803759877217,-27.974703804506067,-0.023693555743793615,-0.005792967051027298,-67.30471149775741,-0.01928770072665298,-0.0027579881778230903,-32.043268499117524,-0.016031100074109794,-0.0035989079802023947,-41.813368034182794,0.0,0.0,0.0,-0.013971896548763928,0.16085081365808274
2025-07-25 06:00:00+00:00,11498.700081545661,0.0043223393955121965,0.003435241045342468,0.2955925280805153,0.33477884506954636,0.15116628528648646,0.24949309592262958,0.12270275044769577,0.14185902327364183,0.0006961552907152058,0.00023305806421469087,2.6683313482833744,0.010400416016640657,0.0015721922546696446,18.00036352657086,0.007775338455909386,0.0019398932632111112,22.21025058279726,0.004704016913319231,0.0005771958134167497,6.60843763646412,0.0,0.0,0.0,0.003435241045342468,0.1642860547034252
2025-07-25 08:00:00+00:00,11508.347583819403,0.0008390080796371999,0.000545362574155327,0.17639022946695113,0.27800756701427887,0.19853864383275036,0.129874144510946,0.15502964605278974,0.23854999858923512,-0.0015583549783549921,-0.0004332344760770606,-4.981633305395689,-0.00047888897757197846,-9.5077968153593e-05,-1.0932730401609156,0.008895343559952806,0.0011552751349798236,13.284162288800173,0.0013677731600820753,0.00021204538888802986,2.4382463304981705,0.0,0.0,0.0,0.000545362574155327,0.16483141727758052
2025-07-25 10:00:00+00:00,11692.91639648326,0.016037820488091648,0.012292861842359639,0.18157068469846763,0.23930286970286072,0.1753734120553965,0.22360657124483174,0.24286790401737154,0.1188492429795394,0.006186523917228293,0.0014804529268781135,17.0375668639961,0.02599905828448068,0.004559543561576501,52.47281213018824,0.03058929374718833,0.006839967091609753,78.71671875213133,0.013002364066193817,0.0031578569080272807,36.341714917543165,0.0,0.0,0.0,0.012292861842359639,0.17712427911994016
2025-07-25 12:00:00+00:00,11711.823713020933,0.0016169889441233715,0.0011506083269319496,0.21213287733750222,0.1298575542803071,0.2124729865443434,0.12091900932988317,0.25511398848270356,0.28163646136276277,0.004396577400445967,0.0005709287884259836,6.6758225914105065,-0.0012667434227300323,-0.00026914875821285365,-3.147133928000185,0.009864687909210135,0.0011928282893301659,13.947641462497776,0.0004797095812265617,0.00012238062458007562,1.4309864117642286,0.0,0.0,0.0,0.0011506083269319496,0.17827488744687212
2025-07-25 14:00:00+00:00,11688.460580837223,-0.001994832978721692,-0.0019106233190977144,0.27547702914824534,0.35420151587882487,0.16206883472742661,0.17205207687961077,0.08020442567839248,0.23147314683574524,-0.0028085628733419687,-0.0009947972271787133,-11.650889754919126,-0.004122137814836946,-0.0006680700722364845,-7.824318913978867,-0.003457814661134262,-0.0005949241939129173,-6.967647281719169,0.003278603548148906,0.00026295851460642284,3.0797237669082644,0.0,0.0,0.0,-0.0019106233190977144,0.1763642641277744
2025-07-25 16:00:00+00:00,11521.190714139526,-0.014310684075192082,-0.013452470011928074,0.14924797243245413,0.22180191660404083,0.14522046156975654,0.22605298599261942,0.1164644003777492,0.290460235455834,-0.00420939340076909,-0.0009336515240309856,-10.912949034874773,-0.01937922790695168,-0.00281426042151303,-32.8943720010654,-0.04103053435114512,-0.009275074806949097,-108.41134626534094,-0.011056574528545693,-0.0012876973226989693,-15.051199396416532,0.0,0.0,0.0,-0.013452470011928074,0.16291179411584633
2025-07-25 18:00:00+00:00,11572.399545479839,0.004444751641639462,0.0034586376062048624,0.16554268730561328,0.33809112831214655,0.10185333362564951,0.18673690712920912,0.16571787597525675,0.20760075495773808,0.002725723549382053,0.0009215429502775673,10.617272081418651,0.0006218683015015714,6.333935958405555e-05,0.7297448414793651,0.006693803708729185,0.0012499802014981174,14.401260290358364,0.013335248942061506,0.0022098891302797224,25.46055412705661,0.0,0.0,0.0,0.0034586376062048624,0.16637043172205118
2025-07-25 20:00:00+00:00,11570.923043213374,-0.00012758825519815892,-0.00027846231006303844,0.3662686320409212,0.12055427361391856,0.18908177348739652,0.13121327647058864,0.4447580681544309,0.11439260827366537,0.005567701008880377,0.0006712101508250553,7.767512044329324,0.0012869623563511734,0.00024334112475039865,2.8160407214580663,-0.001257974660796135,-0.00016506297696003823,-1.9101747195478955,-0.0019720306760326878,-0.0008770765538135746,-10.149880312703234,0.0,0.0,0.0,-0.00027846231006303844,0.16609196941198814
2025-07-25 22:00:00+00:00,11690.180111677299,0.010306616682052168,0.007965545661545032,0.3186426341012868,0.2799064754337436,0.19176863996696047,0.19654100766694177,0.12611543405314413,0.20566844287921002,0.004504553144008883,0.0012608535939435147,14.589239904279413,0.021603064965738827,0.004142790387597626,47.93590875905624,0.021142600089968377,0.004155387926381558,48.08167391085901,0.005927781795640019,0.0007475847741294672,8.650245889730117,0.0,0.0,0.0,0.007965545661545032,0.17405751507353318
2025-07-26 00:00:00+00:00,11728.054189990276,0.0032398199130521032,0.0024612422086868506,0.20272591903138665,0.22107480101662424,0.1336340834713768,0.36110531447011696,0.16427704628135553,0.11990875476052631,0.0034132374541897548,0.0007545807910074891,8.821185355689474,0.0013871676241528075,0.00018537287407482773,2.1670422857540115,0.0025550660792952318,0.0009226479400558335,10.785920598920733,0.008383510290020713,0.001377218307913953,16.099930072613553,0.0,0.0,0.0,0.0024612422086868506,0.17651875728222002
2025-07-26 02:00:00+00:00,11646.335352654512,-0.006967808641736059,-0.006298040207305492,0.20403927937798438,0.19909775034346733,0.21811188274139576,0.17904308576528957,0.2591192721264722,0.14462800902337522,-0.003915935059262687,-0.0007796538607903134,-9.143822728783931,-0.006134277591497317,-0.0013379588347398343,-15.691653717805021,-0.014412514280692457,-0.0025804610304514804,-30.26378680029311,-0.008759421470768136,-0.0022697349157544317,-26.61957408888099,0.0,0.0,0.0,-0.006298040207305492,0.17022071707491454
2025-07-26 04:00:00+00:00,11713.641790676913,0.005779194569307896,0.004481921464268598,0.0882359558406576,0.14204907855492627,0.18699603393632408,0.19183054352330772,0.25904783687942734,0.2200765071060147,0.0028669165832861943,0.00040724285894964144,4.7428869053013045,0.010096917441898112,0.001888083516617442,21.989253808345968,0.009540793580026685,0.0018302156181002039,21.315304856060834,0.006383579942457862,0.0016536525756406083,19.25899245269141,0.0,0.0,0.0,0.004481921464268598,0.17470263853918314
2025-07-26 06:00:00+00:00,11712.983180914489,-5.622587528227637e-05,-0.00023987944254101376,0.18895718281177284,0.289403675975087,0.2285986193279362,0.15493093089830745,0.21420214977010635,0.11286462402856309,-0.00037977826294588457,-0.00010990922535197216,-1.2874372952637876,0.002278379462494984,0.0005208343994314787,6.100867587202681,0.0019431195901784548,0.00030104932695308566,3.526383977252822,-0.003586333643893602,-0.0007682003763148686,-8.998424031615576,0.0,0.0,0.0,-0.00023987944254101376,0.17446275909664213
2025-07-26 08:00:00+00:00,11707.77081443214,-0.000445007595574857,-0.0005665354039552771,0.16128408657072282,0.15267135091783,0.20404685781447035,0.23051187570902665,0.24864950812316425,0.1641204074355088,-0.0011964750475946806,-0.00018266746185575483,-2.139580908416795,-0.0015528198889014355,-0.00031684801908215285,-3.711235518415329,-0.0022919605077573735,-0.0005283241156941652,-6.188251481197278,0.0023439901629265236,0.0005828320010572158,6.826701425681904,0.0,0.0,0.0,-0.0005665354039552771,0.17389622369268687
2025-07-26 10:00:00+00:00,11742.343047286638,0.0029529304427346305,0.0022458281404108015,0.15143203641294048,0.26870387679283525,0.216978844331295,0.11827511191458889,0.2711170321442748,0.12492513481700603,0.002268711499229248,0.0006096115751673843,7.137192607884708,0.0045187322965101195,0.0009804693115392643,11.479109990085773,0.0074218059727866326,0.0008778149320397032,10.27725604180717,0.001789023065619011,0.00048503462398827844,5.678674214719034,0.0,0.0,0.0,0.0022458281404108015,0.17614205183309767
2025-07-26 12:00:00+00:00,11721.904678098274,-0.0017405699276590966,-0.0016801036809403435,0.17486030879790204,0.23718360659405055,0.19432627230496285,0.205510908099499,0.15042956557148968,0.21254964742999802,0.001747885951079553,0.0004145698937921206,4.868021909984267,-0.0052512429803863725,-0.001020454473346087,-11.982526490167974,-0.003420452552183817,-0.0007029403101105453,-8.254166263084075,-0.0028700810000638066,-0.00043174503799458505,-5.069698345096222,0.0,0.0,0.0,-0.0016801036809403435,0.17446194815215732
2025-07-26 14:00:00+00:00,11750.022224642058,0.0023987182387108564,0.0018023727334787732,0.17194926221121332,0.17451874236813136,0.1816795842278785,0.2775966869194719,0.25029304896273,0.11591193752178822,0.002964438455679952,0.0005173500711129907,6.06432821879384,0.0011392293354228755,0.00020697471199983036,2.4261378448388546,0.005720320337939011,0.0015879419739299435,18.61370445275801,0.00034540104899583035,8.645148166809167e-05,1.013376027393731,0.0,0.0,0.0,0.0018023727334787732,0.1762643208856361
2025-07-26 16:00:00+00:00,11735.230664432882,-0.001258853806944754,-0.0012712856847842276,0.13297433387910035,0.1637221454951367,0.1878221923913206,0.17507528862195504,0.23063671025414123,0.24274366323744645,4.114277355116158e-05,6.735983157416739e-06,0.07914795180446126,-0.002112922484326818,-0.00039685373335917874,-4.663040186902523,-0.003850192509625483,-0.0006740735648727708,-7.920379368298757,-0.00084402214918744,-0.00019466249187022116,-2.2872886057793025,0.0,0.0,0.0,-0.0012712856847842276,0.17499303520085185
2025-07-26 18:00:00+00:00,11729.108180091636,-0.000521718278602055,-0.0006376473380072325,0.07091281940597692,0.15519218469865734,0.17578758417317653,0.22198492712669657,0.25463989115537655,0.1923954128460929,-0.0007628030451172219,-0.00011838107106653015,-1.3892291752683528,-0.003209555319991786,-0.0005641999759715226,-6.621016858893308,0.003338018271257903,0.0007409897426927673,8.695685550478393,-0.002278225032317449,-0.0005801269742567695,-6.807923857562706,0.0,0.0,0.0,-0.0006376473380072325,0.17435538786284463
2025-07-26 20:00:00+00:00,11784.199756495238,0.004696996187409337,0.0036817379111961277,0.13947576867630415,0.21144500909982972,0.1906710675785229,0.2903243879964821,0.19007768624364518,0.11748184908152025,0.0016275840077586423,0.00034414451533126345,4.0365082499055935,0.007189028205589532,0.0013707396828118688,16.077554026444904,0.005778322535457958,0.0016775879537531124,19.67661059118882,0.006863109822585534,0.0013045240355130925,15.300903536062766,0.0,0.0,0.0,0.0036817379111961277,0.17803712577404077
2025-07-26 22:00:00+00:00,11794.05469353813,0.0008362839434609099,0.0005070699070116439,0.18498760122231753,0.1969796657846205,0.1609827485272577,0.14949044914063886,0.2024796403570798,0.29006749619040306,-0.0017216135278309563,-0.00033912285732242325,-3.9962914926808693,0.0022050393280896863,0.00035497329164657524,4.183076176983885,-0.0019150417827298316,-0.00028628045622337226,-3.373586082516809,0.005465803689735926,0.0011067139653601302,13.041738441106725,0.0,0.0,0.0,0.0005070699070116439,0.1785441956810524
2025-07-27 00:00:00+00:00,11772.836734366878,-0.0017990385599006532,-0.001757869137687464,0.1495328420305988,0.20657884273976462,0.1973791313776419,0.2530277313657094,0.18178565381570286,0.16122864070118126,-0.0009198621079508085,-0.00019002404974063846,-2.2411540357287,-0.004698345469395515,-0.000927355347661366,-10.937279690663217,-0.0064538635967207325,-0.0016330064644219844,-19.25976755629421,0.0052333464272589225,0.0009513473019233359,11.220242111433755,0.0,0.0,0.0,-0.001757869137687464,0.17678632654336493
2025-07-27 02:00:00+00:00,11810.247882060681,0.003177751338774065,0.002463390172544279,0.1225531092859624,0.138881683229176,0.17262797882758266,0.2229229341403949,0.24019114976333292,0.22537625403951364,0.0015435042014504408,0.00021436446156874236,2.5236778076992668,0.004095041311268588,0.0007069187047797501,8.322438495842096,0.006495786516853785,0.0014480597898866615,17.047771487937272,0.0033656876339343,0.0008084083825389111,9.517259902324204,0.0,0.0,0.0,0.002463390172544279,0.1792497167159092
2025-07-27 04:00:00+00:00,11817.361766664793,0.0006023484583179499,0.00031006062001947773,0.10941721270736281,0.12404526014971864,0.2409429461308959,0.2640251795444445,0.21332541625650153,0.15766119791843958,0.000684408392745306,8.489761712674228e-05,1.0026619028631067,0.004685299606275173,0.0011288898906418668,13.33246944003282,-0.0006105006105004973,-0.00016118753329938677,-1.9036647237636681,-0.002110632310262983,-0.00045025151615127237,-5.317582015020175,0.0,0.0,0.0,0.00031006062001947773,0.17955977733592868
2025-07-27 06:00:00+00:00,11844.72081265882,0.0023151568458539607,0.001753628818496366,0.11361385880714224,0.18456653420480904,0.18593880665760004,0.22388742292748642,0.19485345353961311,0.21075378267049133,0.0007776087270883192,0.00014352054772610428,1.6960342334292544,0.004477971823223292,0.0008326287370564965,9.839475003117835,0.0028798324461121183,0.0006447582648230016,7.619341667460472,0.003562930415843102,0.0006942492962483583,8.204195090019288,0.0,0.0,0.0,0.001753628818496366,0.18131340615442504
2025-07-27 08:00:00+00:00,11813.59186248542,-0.0026280864416940103,-0.0025174378178277976,0.15558415027649058,0.1519121024746998,0.2701030015122369,0.10095770438110512,0.19771453410295164,0.27931265752900664,-0.0015115654882492668,-0.00022962509134814225,-2.719845098600023,-0.006048647693310039,-0.0016337578970531095,-19.35140616607067,-0.005830142707970776,-0.0005885978240109692,-6.97177689634842,-0.0008907065435568295,-0.00017610562928178897,-2.0859220123803843,0.0,0.0,0.0,-0.0025174378178277976,0.17879596833659725
2025-07-27 10:00:00+00:00,11772.163329652461,-0.0035068532344100893,-0.003303651965901185,0.219209134259649,0.26017254479916535,0.17517350670022322,0.1407553583210486,0.26886557209819156,0.15503301808137127,-0.0012873430460570434,-0.0003349313163221701,-3.9567418729951194,-0.0011942675159235527,-0.0002092040287024934,-2.4714510110789423,-0.013829321663019645,-0.00194655112601537,-22.995760542207005,-0.00377946032822285,-0.0010161667633700555,-12.004579406676635,0.0,0.0,0.0,-0.003303651965901185,0.17549231637069607
2025-07-27 12:00:00+00:00,11830.642015860789,0.004967539488772563,0.003955952652370137,0.2267827976804685,0.14912700697796882,0.2353961644818212,0.20510800173843344,0.15312831223891954,0.2572405145628569,0.001091959636410289,0.00016284067231861748,1.9169869912451813,0.013753155307559606,0.003237440008922333,38.111672554985226,0.004526493299014778,0.0009284199954433303,10.929511824874078,0.004171918326191237,0.0006388388120882823,7.520514837224417,0.0,0.0,0.0,0.003955952652370137,0.1794482690230662
2025-07-27 14:00:00+00:00,11822.773123926612,-0.000665128056755232,-0.0007831778803568644,0.1403492922865764,0.1363276024369424,0.14956431082511762,0.17147584168199698,0.293477604525496,0.24915464053044703,0.0010949185463771105,0.0001492676202913336,1.7659317802262056,-0.001360326688089386,-0.00020345632360110376,-2.407018930387787,0.0016787418271779764,0.000287863667782117,3.405612002902905,-0.0030625949216152026,-0.0008988030212275788,-10.63341678691761,0.0,0.0,0.0,-0.0007831778803568644,0.17866509114270934
2025-07-27 16:00:00+00:00,11899.869713133912,0.006521024162366281,0.005198443848816328,0.14791515268212838,0.18323686130657982,0.09775564996515525,0.2724817354944879,0.20420538059015786,0.24232037264361914,0.0032466458475022275,0.000594905194870349,7.033429149197485,0.002220431645612919,0.00021705973872009017,2.5662480452264145,0.001411308106200826,0.0003845556820950401,4.546514582926506,0.026074256864794032,0.005324503546680802,62.95039742994971,0.0,0.0,0.0,0.005198443848816328,0.18386353499152566
2025-07-27 18:00:00+00:00,11968.375004799012,0.005756810227047262,0.004569077645002062,0.14143593214506325,0.1645717523796264,0.1410124734833162,0.15380947178654317,0.3023844892170601,0.238221813133454,0.005151799436272864,0.0008478406611357966,10.0891934050133,0.0051616721618004124,0.000727860158845452,8.661441059641833,0.008367832291024335,0.0012870518646808324,15.315749503747963,0.009570787013178261,0.002894057542385181,34.43890769669618,0.0,0.0,0.0,0.004569077645002062,0.18843261263652772
2025-07-27 20:00:00+00:00,11971.753144058843,0.00028225546563133376,1.6856940018975866e-05,0.15157919559688024,0.1446810366288674,0.09965860990125479,0.3053886673834235,0.2725318595088697,0.17773982657758472,-0.0019855418791865365,-0.00028727025735073746,-3.438158167698746,-0.00258191254324891,-0.0002573098149467997,-3.079580357698737,-0.005503144654088188,-0.0016805980123302028,-20.1140272438877,0.009200515326089675,0.002507433550259074,30.00990502911515,0.0,0.0,0.0,1.6856940018975866e-05,0.1884494695765467
2025-07-27 22:00:00+00:00,12008.24891081039,0.003048489750196516,0.002365130674154559,0.18954488265148442,0.23395264811442296,0.1879748774588043,0.21614461010014518,0.1722310341406636,0.18969683018596403,0.002570107383145004,0.0006012834282252035,7.19841677232556,0.0022960403100045212,0.00043159789591357497,5.166983467372522,0.0015810276679841806,0.0003417306088539825,4.091114490968808,0.009718793279942073,0.001673877817203755,20.039252020879406,0.0,0.0,0.0,0.002365130674154559,0.19081460025070127
2025-07-28 00:00:00+00:00,12054.56794835348,0.003857268273427716,0.003031168798098162,0.1291211839621916,0.3630738320766146,0.16771572741015905,0.20172599097090232,0.07923744801173935,0.18824700153058485,0.0012561024434927237,0.0004560579276397024,5.4764571128459,0.009118818280376972,0.0015293692410144797,18.365046522639037,0.006664912742260887,0.0013444861276671715,16.14492407815899,0.00665537558741458,0.000527354977106362,6.332609829447909,0.0,0.0,0.0,0.003031168798098162,0.19384576904879944
2025-07-28 02:00:00+00:00,12030.702447126141,-0.0019797890168763237,-0.002002984040913198,0.2788780644911919,0.18274957337587067,0.19498478729751628,0.10317218518045422,0.2303379147071211,0.2887555394390377,-0.0031636580693503724,-0.0005781571624809113,-6.9694347999533885,-0.005795289906536771,-0.0011299933697535153,-13.621581856882669,-0.0060980921683073674,-0.0006291534944360853,-7.5841735486238235,0.0015521327014216268,0.0003575150097941881,4.309688978120301,0.0,0.0,0.0,-0.002002984040913198,0.19184278500788624
2025-07-28 04:00:00+00:00,12059.740500978183,0.002413662375880653,0.0018382283873550171,0.22798133504658671,0.13555776092587357,0.166152844347403,0.2202501952886943,0.3412412396454677,0.13679795979256137,0.002102021904476281,0.00028494538278794516,3.428093114004227,0.007829242506500522,0.0013008509115406525,15.6501502448184,0.010430361994916204,0.002297289266312069,27.638003597977225,-0.004306112550425234,-0.0014694231847600134,-17.67819310475618,0.0,0.0,0.0,0.0018382283873550171,0.19368101339524124
2025-07-28 06:00:00+00:00,12120.97193985456,0.005077342988550121,0.004034556313670769,0.3069411219976972,0.20185452024343561,0.19323023938344727,0.05176563903498867,0.20278467390147614,0.35036492743665226,0.001996345147571077,0.00040297129200327043,4.859729210903346,0.012882074122186449,0.002489206266385399,30.01918162601668,0.007026370575988983,0.00036372456296271106,4.386423843161996,0.008982142644979652,0.0018214408671987411,21.966104196293482,0.0,0.0,0.0,0.004034556313670769,0.19771556970891202
2025-07-28 08:00:00+00:00,12088.539573669832,-0.002675723229594201,-0.002662136539122379,0.09940698434280659,0.2265812681182876,0.17115961340962005,0.1264458755029433,0.18865406957638947,0.2871591733927596,-0.005238352484097097,-0.0011869125486973023,-14.38653369782126,-0.009359278740085242,-0.0016019305309458657,-19.416955015191157,-0.010595227840468624,-0.0013397228604412146,-16.23874319858965,0.007701093932150238,0.0014528427104901819,17.609865726873736,0.0,0.0,0.0,-0.002662136539122379,0.19505343316978965
2025-07-28 10:00:00+00:00,12084.009314150477,-0.00037475656110036774,-0.0005763337405558124,0.17649086093709437,0.23478557778516923,0.23889251912159928,0.22699952106117682,0.10731820364201598,0.19200417839003872,0.0002596299192911822,6.095736061109706e-05,0.7368854660537094,0.0003159508966068536,7.547830560913922e-05,0.912422484309625,-0.001218875152359411,-0.00027668407581895525,-3.3447063999417046,-0.0021851665751311256,-0.00023450815150164876,-2.8348610697758416,0.0,0.0,0.0,-0.0005763337405558124,0.19447709942923383
2025-07-28 12:00:00+00:00,12041.149252732403,-0.003546841143848174,-0.0034706050011336156,0.0559884986075412,0.22061619904497606,0.23775717562248846,0.19020831472095037,0.10342563361400517,0.24799267699757988,-0.0008693284704527349,-0.00019178794287286514,-2.317567288017462,-0.0037080405932864435,-0.0008816132585533213,-10.653422827836886,-0.010896094839609516,-0.00207252783648177,-25.044445679881843,-0.0038763321231993775,-0.00040091210594021755,-4.844625622337271,0.0,0.0,0.0,-0.0034706050011336156,0.19100649442810022
2025-07-28 14:00:00+00:00,11941.33587887888,-0.008289356087075615,-0.008054539961549053,0.16454365817331107,0.32589800304873995,0.23229663289715594,0.24947016889049753,0.06892728828169979,0.12340790688190668,-0.0033049591470795114,-0.0010770795861908796,-12.969276054395635,-0.00933811021186659,-0.0021692115598391563,-26.119800152775746,-0.017713933198202247,-0.0044190979066705055,-53.21101745665688,-0.009052540001646014,-0.000623967034375074,-7.513280189695076,0.0,0.0,0.0,-0.008054539961549053,0.18295195446655116
2025-07-28 16:00:00+00:00,11866.87964976353,-0.00623516747795713,-0.005952203980921544,0.10464337462382553,0.2931481795793675,0.1664283457200084,0.35411354351432306,0.06657205858573997,0.11973787260056097,-0.0021942880456474745,-0.0006432515460543252,-7.681282766042823,-0.00922579789102318,-0.0015354342809501301,-18.335136468770383,-0.009958729589090276,-0.0035265210236936962,-42.11137202785421,-0.007960706616521818,-0.0005299606272589783,-6.328437852680794,0.0,0.0,0.0,-0.005952203980921544,0.1769997504856296
2025-07-28 18:00:00+00:00,11817.13375714241,-0.004191994364930818,-0.003986003207896389,0.16482852104991563,0.2260402991710468,0.30332071002814903,0.2813313161239461,0.09450821532751498,0.09479945934934308,-0.004290505368780062,-0.0009698271171540276,-11.508821680343962,-0.006205177896646874,-0.0018821589654619063,-22.335353924859874,-0.0033529678296329024,-0.0009432948524318754,-11.193966488050515,-0.0041976607907388,-0.00039671342988300927,-4.707750527866574,0.0,0.0,0.0,-0.003986003207896389,0.17301374727773322
2025-07-28 20:00:00+00:00,11825.523811565365,0.0007099906453950172,0.00043212550467827655,0.15015691896026553,0.3351399669275135,0.20525829220008185,0.2292368149917477,0.11549910514020797,0.11486582074044888,0.003406792644992329,0.0011417523743716255,13.492240525484434,0.0034060161501712205,0.0006991130581900422,8.261512519996614,-0.004364429896344779,-0.0010004880086928406,-11.822900621140356,-0.001128898603288131,-0.00013038677847380977,-1.5407980013879068,0.0,0.0,0.0,0.00043212550467827655,0.1734458727824115
2025-07-28 22:00:00+00:00,11811.665864141702,-0.0011718675336908776,-0.0012297514401102463,0.14541223601704556,0.18972773091046802,0.21408872607652146,0.2987545308569979,0.13904646123459982,0.15838255092141282,0.00032320157928356075,6.13203022641497e-05,0.7251446945570879,-0.0021593892615151544,-0.00046230089610109986,-5.466950254951562,0.0008219178082191636,0.00024555166919752817,2.903777111064991,-0.007310064564221563,-0.0010164386090514555,-12.019918974332365,0.0,0.0,0.0,-0.0012297514401102463,0.17221612134230124
2025-07-29 00:00:00+00:00,11799.33223879037,-0.0010441901670088058,-0.0011144210553979982,0.27020370657822107,0.1253809500836098,0.16420081528606761,0.14278551589608884,0.3622529791115283,0.2053797396227054,-0.0003773700247292622,-4.7315012233630216e-05,-0.558869114861417,0.0025942356769423913,0.00042597561319814416,5.031481609369349,-0.005109955287891266,-0.0007296276019875016,-8.618117439931341,-0.0019136437957971708,-0.0006932231659858183,-8.188120405906927,0.0,0.0,0.0,-0.0011144210553979982,0.17110170028690325
2025-07-29 02:00:00+00:00,11770.370939469136,-0.0024544862993198923,-0.002388829257763701,0.08748894732401614,0.10492951444097648,0.20977310672603197,0.14050161351034834,0.297499369815886,0.24729639550675717,-0.0024408295551028303,-0.0002561150600501246,-3.0219866848891668,-0.010558041589892153,-0.002214793185254331,-26.13308063302464,-0.0058699440520957324,-0.0008247366105349227,-9.73134127719541,0.002827429708641249,0.0008411585565194857,9.925109273874739,0.0,0.0,0.0,-0.002388829257763701,0.16871287102913954
2025-07-29 04:00:00+00:00,11840.367297918736,0.005946826893524896,0.004895814046854773,0.23022115235216123,0.2961205547041339,0.17292989906032746,0.17953172559935227,0.14266075233126685,0.20875706830491964,0.008411862874833087,0.002490925500590684,29.319117124535197,0.008784508192578144,0.001519104115037158,17.880418929661346,0.008211089583910036,0.0014741510820502361,17.35130505655108,0.003242981606970119,0.0004626461958468179,5.4455173388513325,0.0,0.0,0.0,0.004895814046854773,0.1736086850759943
2025-07-29 06:00:00+00:00,11864.261182638314,0.002018001985781223,0.0015750071935737475,0.20754327787600113,0.13584854260607296,0.12565863328238724,0.20738928892057124,0.1460348038552287,0.38506873133573993,0.0002958787890525727,4.01947022808417e-05,0.47592003843565767,0.0040480918587204595,0.0005086776903683715,6.022930690218499,0.004026354319180081,0.0008350227591970278,9.886976171014359,0.004342162396873572,0.0006341068339349819,7.508057819910546,0.0,0.0,0.0,0.0015750071935737475,0.17518369226956806
2025-07-29 08:00:00+00:00,11902.877745530777,0.0032548645295312675,0.002634998996028173,0.18389161365982143,0.1908081350867196,0.19144969884577698,0.17924662626018747,0.20917575947101374,0.22931978033630224,0.0006934344018041383,0.0001323129250132226,1.5697951001957111,0.018412191444766135,0.0035250085071912678,41.82162160033919,0.008111556689755828,0.0014539691703569864,17.250269988619227,-0.008874957967046182,-0.0018564260730302093,-22.025123796689993,0.0,0.0,0.0,0.002634998996028173,0.17781869126559624
2025-07-29 10:00:00+00:00,11925.050197341296,0.0018627807732329682,0.0014369017364160846,0.15789005920987148,0.19913603435527094,0.1290047579258107,0.210228899853431,0.3277556458190904,0.13387466204639706,-0.0008207272449227698,-0.00016343636884124757,-1.9453631174908455,-0.0012250603503414226,-0.00015803861394030408,-1.8811143008045754,-0.0037971250339029483,-0.0007982654184833386,-9.501655684692144,0.009099831574355566,0.0029825211744978586,35.50058491350487,0.0,0.0,0.0,0.0014369017364160846,0.17925559300201233
2025-07-29 12:00:00+00:00,11860.041075240735,-0.005451475761087787,-0.005263928244304532,0.2204879528872225,0.14295682253124528,0.17599076323328194,0.14184038604596344,0.23183541856336104,0.3073766096261483,-0.0016199042301708877,-0.0002315763615501531,-2.7615597360032322,-0.012064215090081487,-0.002123190421513918,-25.319152355067697,-0.009075233687267481,-0.0012872346496593517,-15.350337812944804,-0.007804995196926012,-0.0018094743283643645,-21.578072196545474,0.0,0.0,0.0,-0.005263928244304532,0.1739916647577078
2025-07-29 14:00:00+00:00,11833.408087885851,-0.0022456066708304244,-0.0022249530341903754,0.10691109575252662,0.17892895294460925,0.2026183463754138,0.18615176824299423,0.2305974301325462,0.20170350230443654,0.000243607557247838,4.358844514774961e-05,0.5169607498581881,0.0034135848129455137,0.0006916549100112461,8.203055642625314,0.0007326678267240982,0.00013638741147944258,1.6175603022919487,-0.013518092702408224,-0.003117237437468863,-36.97056404965889,0.0,0.0,0.0,-0.0022249530341903754,0.17176671172351743
2025-07-29 16:00:00+00:00,11712.456774520437,-0.010221173179114463,-0.009929026053780642,0.11256216028905214,0.21209357819510802,0.22184211927856812,0.13335554046744838,0.17083149761903993,0.2618772644398356,-0.0102953711421232,-0.002183582104379565,-25.839218134527954,-0.020159158103127073,-0.004472150356469429,-52.92078019848693,-0.011256520545437798,-0.0015011193811197943,-17.76335822542518,-0.012083962067400367,-0.0020643213371456747,-24.42795680697496,0.0,0.0,0.0,-0.009929026053780642,0.16183768566973677
2025-07-29 18:00:00+00:00,11775.060284137593,0.005345036555724705,0.004437075625509251,0.1181751450182179,0.1326171880844051,0.27938447707375935,0.17608334737595766,0.18873647793355727,0.2231785095323206,0.003182878503768638,0.0004221043971840953,4.943879506353722,0.0021719712034369287,0.0006068150388914901,7.107294913145515,0.010921880784894311,0.001923161328245342,22.52494392750288,0.012678819789390117,0.002392955791403777,28.027391270155082,0.0,0.0,0.0,0.004437075625509251,0.16627476129524602
2025-07-29 20:00:00+00:00,11713.698423799018,-0.005211171650750329,-0.004943468359430618,0.23278094915588524,0.19389715845130995,0.13406049768460893,0.3139050510714357,0.10127950816682242,0.2568577846258229,-0.0021092147151031693,-0.0004089707398221938,-4.815655115854683,-0.0010186405922970598,-0.00013655946476508866,-1.6079959299784825,-0.010162973814319742,-0.003190208814221702,-37.56490110644765,-0.014567928484714665,-0.001475432631941344,-17.37330818629312,0.0,0.0,0.0,-0.004943468359430618,0.16133129293581538
2025-07-29 22:00:00+00:00,11746.085210745725,0.0027648643302021136,0.0022562321919595394,0.30680132614788225,0.10949296684945756,0.15792314772853755,0.15209739071500375,0.3842181842707761,0.19626831043622517,0.0006935529104885596,7.593916583646865e-05,0.8895284871632552,0.004049507553327336,0.0006395109795719415,7.491038753414017,0.0037924336324113295,0.0005768192599495869,6.756686856088392,0.003832704919052743,0.0014725949248441167,17.249532850040964,0.0,0.0,0.0,0.0022562321919595394,0.1635875251277749
2025-07-30 00:00:00+00:00,11756.109439049867,0.0008534101468097551,0.0005903271113193811,0.2730347565839361,0.22857851131918172,0.1367961473496014,0.14514497599959403,0.13926284278118575,0.35021752255043703,0.0029246610676136875,0.0006685146729483054,7.852430313084605,0.0033455518705998166,0.00045765860665630717,5.375696991216144,0.0,0.0,0.0,-0.0019586210316231423,-0.0002727631327948575,-3.203899000158348,0.0,0.0,0.0,0.0005903271113193811,0.16417785223909429
2025-07-30 02:00:00+00:00,11785.612950735773,0.002509632275785386,0.0020384670618304904,0.39547060892792907,0.12150199658725575,0.14345703438533108,0.0987486231768803,0.5280725646733853,0.10821978117714776,-0.0007520087833269296,-9.137056862537494e-05,-1.074162404268124,-0.0005429926274252983,-7.789611202353228e-05,-0.9157552178251337,0.004146701068927339,0.0004094810212826725,4.813903699413006,0.004297549403187162,0.0022694179351516208,26.679525608585028,0.0,0.0,0.0,0.0020384670618304904,0.1662163193009248
2025-07-30 04:00:00+00:00,11792.256959399541,0.0005637389155355926,0.0003305542016694777,0.3931917205783873,0.21255790824729007,0.12754167322210344,0.2830430615110436,0.15079620525822554,0.22606115176133737,0.0025437365123039957,0.0005406913121875944,6.372378531268431,0.006785820720357272,0.0008654749288595857,10.200152530104655,-0.00036707350646958403,-0.00010389760907074493,-1.224497007014654,-0.004897535154655741,-0.0007385297164408424,-8.704025390588411,0.0,0.0,0.0,0.0003305542016694777,0.16654687350259426
2025-07-30 06:00:00+00:00,11774.213269580847,-0.0015301303118494228,-0.0015564629793418233,0.20663621228910684,0.1451382774175862,0.16370547861024318,0.14382648005164064,0.17068929943833308,0.37664046448219696,-0.0014353193153865407,-0.00020831977297939164,-2.456560292696764,-0.0018913099285913226,-0.00030961779706034734,-3.651092622138836,-0.0012852290461764504,-0.00018484996977168638,-2.1797983424849634,-0.00484706876623453,-0.0008273427720379975,-9.756238561373983,0.0,0.0,0.0,-0.0015564629793418233,0.16499041052325245
2025-07-30 08:00:00+00:00,11794.10067764103,0.0016890647047784182,0.0013328552358968294,0.26519362336389074,0.2444774231403986,0.1534202283392179,0.30968095769271897,0.16457988270498725,0.12784150812267733,0.0011080387815269876,0.00027089046604734506,3.1895221199375903,0.0003149407911313684,4.8318288088708475e-05,0.5689098287775015,0.004596010662744732,0.0014232969836047366,16.758202230913284,-0.0003247118182613251,-5.344103296237202e-05,-0.6292261194456681,0.0,0.0,0.0,0.0013328552358968294,0.16632326575914927
2025-07-30 10:00:00+00:00,11762.873261694054,-0.002647714887339955,-0.002593962818811264,0.2897614559211706,0.12410027568872468,0.18717137227178007,0.1402966492232223,0.29067182698133376,0.2577598758349392,0.00034777308398870055,4.315873560011574e-05,0.5090184727874552,-0.006540834960015118,-0.0012242570552692634,-14.439010965158031,-0.007502973739591967,-0.0010526420748745826,-12.414966608591774,-0.0014241988881255052,-0.0004139744927962248,-4.8824568460140565,0.0,0.0,0.0,-0.002593962818811264,0.163729302940338
2025-07-30 12:00:00+00:00,11697.618764968032,-0.005547496370510439,-0.005329683708515922,0.18979333446485697,0.241551317568033,0.14808723312892783,0.13748192203071383,0.1427773588518375,0.33010216842048784,-0.0049430419125676694,-0.0011939982867747304,-14.044850522010986,-0.007481823631787732,-0.0011079625603900712,-13.032823176570453,-0.009587904489720578,-0.0013181635374936956,-15.50539062972464,-0.01349914301084676,-0.001927371985851942,-22.67143239771598,0.0,0.0,0.0,-0.005329683708515922,0.15839961923182208
2025-07-30 14:00:00+00:00,11704.512221933377,0.0005893042937926108,0.0003772108917118027,0.1842634043022232,0.19629623470333935,0.17334131634801914,0.20261188583050485,0.2366567161351784,0.19109384698295828,0.0008146794365264665,0.0001599185058803835,1.8706657152520247,0.002259072210484936,0.00039159055069068813,4.580676973943559,0.0064227869310249375,0.0013013329723824832,15.222496997212962,-0.00533911631918027,-0.001263537735160944,-14.780382721063866,0.0,0.0,0.0,0.0003772108917118027,0.15877683012353389
2025-07-30 16:00:00+00:00,11773.828659745988,0.005922197909513648,0.005021673784969603,0.17209184831822422,0.11695554715890397,0.2569427711890187,0.10986072505671594,0.26870723962025755,0.24753371697510373,0.0027552823529191084,0.00032224555516292667,3.7717270388681814,0.00811857688621509,0.0020860096432552197,24.4157253645516,0.011746207917129103,0.0012904469184427405,15.10405172866932,0.008274789305249275,0.0022234957926527614,26.024933680521688,0.0,0.0,0.0,0.005021673784969603,0.16379850390850348
2025-07-30 18:00:00+00:00,11794.16134121121,0.001726938793897758,0.0013788567170916566,0.1753267170627098,0.2113691523493375,0.19979438901460872,0.19077383692899222,0.1789338161514873,0.21912880555557418,-0.0016771185019390789,-0.00035449111614425385,-4.17371766288456,0.0020804529593785315,0.0004156628278926683,4.893942915833762,0.0071304506810494495,0.0013603034354567492,16.015979574331602,0.0017071320182093785,0.0003054636466925944,3.5964766379397908,0.0,0.0,0.0,0.0013788567170916566,0.16517736062559513
2025-07-30 20:00:00+00:00,11703.875645743223,-0.007655117888926069,-0.007423560281307335,0.13142371490047117,0.18282162698716328,0.3008680243392475,0.08789764739069532,0.20339354794876574,0.22501915333412822,-0.007515824631664114,-0.0013740552873110305,-16.20582975029062,-0.011689420916389581,-0.003516972976784009,-41.479746720870466,-0.011436870291367973,-0.001005273992123781,-11.856363655231359,-0.008647352142902243,-0.0017588156327072494,-20.743755341593776,0.0,0.0,0.0,-0.007423560281307335,0.1577538003442878
2025-07-30 22:00:00+00:00,11727.201366975667,0.001992991205518063,0.0016291395935214552,0.23904636982831745,0.2830259883535601,0.14751476773561925,0.12461413250780441,0.11770043472407651,0.32714467667893987,0.003507539083585476,0.0009927247158205196,11.618726624419141,0.0006435023546336183,9.49261003811023e-05,1.1110032743957596,0.005509135983839952,0.0006865162014937453,8.034900251070793,0.0018591621036547767,0.00021882418782269582,2.5610910825575903,0.0,0.0,0.0,0.0016291395935214552,0.15938293993780925
2025-07-31 00:00:00+00:00,11795.866704191429,0.00585521942252375,0.004971637487177823,0.10789341665335897,0.2133815889695479,0.15073539912237421,0.1418457001246937,0.2051416523737912,0.28889565940959305,0.004376407713087227,0.0009338448317971378,10.951386387994555,0.012465819313383308,0.001879040249590234,22.03588338359689,0.009040270294950137,0.0012823234693036733,15.038065542123018,0.008579490568915604,0.001760010871832705,20.640001902048535,0.0,0.0,0.0,0.004971637487177823,0.16435457742498708
2025-07-31 02:00:00+00:00,11822.935185488997,0.002294742893962148,0.001882093303038335,0.05608756539086068,0.18715045938894262,0.20322557619831141,0.14544308843961717,0.19744337916418508,0.26673749680894376,0.0018247578990175928,0.00034150427907474423,4.0283389548766735,0.007346456692913339,0.0014929878944332545,17.611086193706093,-0.0006334841628958809,-9.213589312916246e-05,-1.0868227140232274,0.002797696311325648,0.000552386613583312,6.515878863008446,0.0,0.0,0.0,0.001882093303038335,0.16623667072802542
2025-07-31 04:00:00+00:00,11856.16473719609,0.0028106008521367153,0.0023349713407464817,0.058055140229340316,0.16459481693632674,0.1907338813180558,0.14051280291778878,0.17936586178954467,0.3247926370382841,0.0034799787082868683,0.0005727864584327919,6.772017173176686,0.006597203223562387,0.0012583101766740433,14.876919662058423,0.001901657158380754,0.00026720717751275714,3.159173140830781,0.003971196260037946,0.0007122970395171228,8.421441731026638,0.0,0.0,0.0,0.0023349713407464817,0.1685716420687719
2025-07-31 06:00:00+00:00,11856.8732481339,5.9758864144858405e-05,-0.00012336392127913212,0.10194847018539885,0.1242221352062343,0.2356392705340902,0.1272437078534745,0.1310591683985525,0.3818357180076485,-0.0008790696751772575,-0.00010919991204556976,-1.2946921464995986,-0.0010793852939577908,-0.0002543455632934383,-3.0155628985819396,0.00027114967462038564,3.450208998196102e-05,0.4090624626036927,0.002966616179949755,0.00038880224950190546,4.609703520287008,0.0,0.0,0.0,-0.00012336392127913212,0.16844827814749277
2025-07-31 08:00:00+00:00,11872.529116365684,0.0013204044526874108,0.0010166344102161174,0.2893535853778768,0.22187357976961872,0.13895340305002093,0.2579489456438885,0.19205607142263095,0.189168000113841,0.0025681382058313496,0.0005698020170709275,6.756070292941016,0.0012101141705147533,0.00016814948207207828,1.9937270956679956,0.0,0.0,0.0,0.0030327234605496134,0.000582452953544405,6.906070843177233,0.0,0.0,0.0,0.0010166344102161174,0.1694649125577089
2025-07-31 10:00:00+00:00,11893.379931071197,0.001756223505636247,0.0014074921829297607,0.13793523471986188,0.28642143811035736,0.21234077942914414,0.21960858030659056,0.09997840406351506,0.18165079809039292,-0.0005089917093340501,-0.00014578613737370764,-1.7308501607318314,-0.0001889326856133744,-4.011811372278537e-05,-0.476303473267439,0.0033432727929882944,0.0007342113916458091,8.716946124882238,0.012081772822854386,0.0012079163650869308,14.341022214629188,0.0,0.0,0.0,0.0014074921829297607,0.17087240474063867
2025-07-31 12:00:00+00:00,11803.972041246221,-0.007517450072489473,-0.007417656160259628,0.1843341912056199,0.24677716946460035,0.1368927721386047,0.1776154724347375,0.28431259526913494,0.15440199069292254,-0.001975708056905945,-0.00048755964197165464,-5.798732061025935,-0.006375741636207355,-0.0008727929470199482,-10.380458120067537,-0.009456051873198978,-0.0016795411208256209,-19.975420659836264,-0.015748709122203053,-0.00447755636267225,-53.253278984046275,0.0,0.0,0.0,-0.007417656160259628,0.16345474858037903
2025-07-31 14:00:00+00:00,11767.385931793811,-0.0030994744247586697,-0.003047627220182876,0.23299614839605218,0.09951590347717454,0.2050484611344469,0.1563970993157009,0.21979608597954514,0.31924245009313246,0.001569299977824068,0.0001561703051198721,1.8434299153078617,-0.008044913962667155,-0.0016495972280039255,-19.471799558675603,-0.003545776888808083,-0.0005545492202302348,-6.545883491092584,-0.0047839718207822735,-0.0010514982816443817,-12.411856317948727,0.0,0.0,0.0,-0.003047627220182876,0.16040712136019616
2025-07-31 16:00:00+00:00,11748.909303423308,-0.0015701557234204513,-0.0016054846871681905,0.12600333005893183,0.15195007071048927,0.2110234481747521,0.22399127510101283,0.13389318005436107,0.27914202595938475,-0.002115691008064413,-0.0003214793982769339,-3.7829721486455314,-0.0050373335224304094,-0.001062995489509535,-12.508678168814779,-0.0031021897810218357,-0.0006948634446564127,-8.176726323167658,0.0038029017520959663,0.0005091826090224304,5.991748270124616,0.0,0.0,0.0,-0.0016054846871681905,0.15880163667302796
2025-07-31 18:00:00+00:00,11730.80045520452,-0.0015413216453642772,-0.001577151518246582,0.15650042159613353,0.21195596351258145,0.18978771751904852,0.21586965159201718,0.23038770884840248,0.15199895852795053,-0.004887149597763929,-0.0010358605018241783,-12.170231086930826,-0.0032995546920987495,-0.0006262149538426886,-7.357342697145161,-0.004484715357862101,-0.0009681139417910604,-11.374282897482802,0.0047262406381676225,0.0010888677520936503,12.793008462770713,0.0,0.0,0.0,-0.001577151518246582,0.15722448515478138
2025-07-31 20:00:00+00:00,11668.301461074072,-0.0053277689249858155,-0.005180983361934323,0.17038224228896184,0.1587344348841633,0.11576685262353684,0.18975792371204794,0.21335958796333962,0.3223812008169123,-0.008003363685784137,-0.0012704094118353793,-14.902919306654574,-0.010111523375945786,-0.0011705792364625634,-13.731831439948,-0.004872667095706551,-0.00092462719102129,-10.846617073327025,-0.009196460793708172,-0.0019621530856665827,-23.0176263105185,0.0,0.0,0.0,-0.005180983361934323,0.15204350179284706
2025-07-31 22:00:00+00:00,11648.511293247097,-0.0016960624383074918,-0.0017048120084499777,0.10239172392783272,0.09662166969471785,0.1339997455237851,0.14947896497366064,0.23498083319277555,0.3849187866150608,-0.0021305676084878433,-0.00020585899972957734,-2.402024867319874,-0.0017283309834096316,-0.00023159591195776388,-2.7023309178755586,-0.003325942350332567,-0.0004971584200897764,-5.800994319518815,-0.0032404732598155794,-0.0007614491065303742,-8.884817722261912,0.0,0.0,0.0,-0.0017048120084499777,0.15033868978439707
2025-08-01 00:00:00+00:00,11537.437990702309,-0.009535407551107381,-0.009297169086536999,0.24103752516247795,0.18007052815301117,0.21428232612474946,0.1406669829375261,0.31228691929599595,0.15269324348871752,-0.0066321448577344455,-0.0011942538273195186,-13.91127919453498,-0.008806700167504178,-0.0018871201973760159,-21.982140930849212,-0.01659251019651453,-0.0023340183487038377,-27.187839093522594,-0.013193044354838701,-0.004120015177708008,-47.99204332588118,0.0,0.0,0.0,-0.009297169086536999,0.14104152069786008
2025-08-01 02:00:00+00:00,11529.05661771135,-0.000726450100768703,-0.0007737096315894477,0.25928876657100314,0.18875592844705016,0.15932675877248398,0.2711824763787409,0.1079537200772582,0.27278111632446683,-0.0037610978950550766,-0.0007099295251613671,-8.190767874318007,-0.0024280835715000393,-0.0003868586854758181,-4.463358094841859,-0.0007540767273069848,-0.00020449239429068465,-2.359318318699021,0.005324786433925421,0.0005748305041591669,6.632071296900533,0.0,0.0,0.0,-0.0007737096315894477,0.14026781106627062
2025-08-01 04:00:00+00:00,11549.822952780605,0.0018012171991031302,0.0015309380404945564,0.05619781833269137,0.16957605844981619,0.12230881043702659,0.3105511001610226,0.12248600239115028,0.2750780285609844,0.002769129306702256,0.0004695780331684407,5.413791730832491,0.004220186967563988,0.0005161660478245939,5.950907589510048,0.004339213281765897,0.0013475474584857207,15.535950943934909,-0.0043439603708878005,-0.0005320743403756251,-6.134315195022003,0.0,0.0,0.0,0.0015309380404945564,0.14179874910676518
2025-08-01 06:00:00+00:00,11487.52688104847,-0.005393681962643251,-0.005167246197863694,0.14662940915723835,0.16809361566635841,0.1781812286231941,0.18827236714970813,0.21324299336222108,0.25220979519851827,-0.0006920135172211461,-0.00011632305419969624,-1.3435106813331938,-0.008067519932631217,-0.0014374806135383385,-16.60264658442225,-0.011176857330703505,-0.002104293386946117,-24.304216059934703,-0.008139000867479762,-0.0017355849079590984,-20.04569840644561,0.0,0.0,0.0,-0.005167246197863694,0.1366315029089015
2025-08-01 08:00:00+00:00,11441.50600067237,-0.0040061608432031895,-0.003823745232809879,0.14160457407023774,0.26676221042007314,0.2171993134923891,0.19219026159703617,0.20729782121280263,0.11655039327769903,-0.004207393049979302,-0.0011223734701185319,-12.893295408562286,-0.006628409100185362,-0.0014396859061069653,-16.538430546670387,-0.0020896656534954428,-0.0004016133885956307,-4.6135445972812725,-0.005028938906752378,-0.0010424880783820615,-11.975609823586497,0.0,0.0,0.0,-0.003823745232809879,0.13280775767609163
2025-08-01 10:00:00+00:00,11385.398744938122,-0.004903834838783572,-0.004659207602998557,0.17042478584749476,0.18000160645552096,0.19948357869254488,0.15274109619296838,0.180798539533772,0.28697517912519377,-0.0012434637774048074,-0.00022382547750211565,-2.560900543943815,-0.008877676519490563,-0.0017709506825827536,-20.262342861665406,-0.010660574909575504,-0.0016283078977358174,-18.630294582886567,-0.007083855789242421,-0.0012807507809628857,-14.653717745752681,0.0,0.0,0.0,-0.004659207602998557,0.12814855007309306
2025-08-01 12:00:00+00:00,11457.998105991997,0.006376532142640308,0.005672655257367067,0.1638670718604885,0.24863765305679703,0.18487350023643745,0.24797212145218087,0.13755602797422903,0.18096069728035574,0.0031928334643887,0.000793858619186809,9.038396926547806,0.006743461053748678,0.001246687248714613,14.194031436845714,0.015008658841639377,0.003721728973113348,42.37336837948455,0.004465506242595341,0.000614257301625539,6.993564310996489,0.0,0.0,0.0,0.005672655257367067,0.13382120533046013
2025-08-01 14:00:00+00:00,11357.667643531113,-0.0087563692656238,-0.008356205604159776,0.08326496312085316,0.26957040036916124,0.21832333029451825,0.23168684975454965,0.16643841372463708,0.11398100585713372,-0.008270193895112188,-0.0022293994794359857,-25.54445501287707,-0.011812601572451231,-0.0025789665147398157,-29.549793441305592,-0.007962085308056865,-0.001844710462500678,-21.13668898543639,-0.012637063535267168,-0.0021032928089473216,-24.099525021265,0.0,0.0,0.0,-0.008356205604159776,0.12546499972630035
2025-08-01 16:00:00+00:00,11436.247549368049,0.0069186657246209935,0.006138181894042366,0.12610457394802865,0.17039793783098559,0.19139121888466534,0.24245716326384725,0.21484813473700898,0.18090554528349295,0.00879547054866725,0.0014987300437460669,17.022077724242674,0.004558725890285054,0.0008725001047027376,9.909566208159792,0.016243072807185177,0.003938249355518254,44.72932727732693,0.002835427086204989,0.0006091862206539343,6.918934627206195,0.0,0.0,0.0,0.006138181894042366,0.1316031816203427
2025-08-01 18:00:00+00:00,11348.505169206574,-0.007672305079328486,-0.00725007542373988,0.04936417451657335,0.16533650543060127,0.1764001066409117,0.21314553339141176,0.22680646703060395,0.21831138750647125,-0.00812966125746839,-0.0013441297826443713,-15.3718009327993,-0.012126323940156447,-0.002139084836205838,-24.46310371594937,-0.012034599473486285,-0.0025651211239282375,-29.33536016735652,-0.007160154460370438,-0.0016239693365500396,-18.572115345369248,0.0,0.0,0.0,-0.00725007542373988,0.12435310619660282
2025-08-01 20:00:00+00:00,11346.65557392973,-0.00016298140145032608,-0.00021491099446439502,0.06837289958728346,0.1984900080664551,0.1111586129871487,0.2208751560761191,0.2236750610970835,0.24580116177319355,-0.00953793043174267,-0.0018931838883338898,-21.48480714301575,-0.01506893414514665,-0.001675041818769187,-19.009220738939298,0.01170536733917027,0.00258542483796754,29.340707138269696,0.0036652251872164587,0.0008198194676852107,9.303725466841795,0.0,0.0,0.0,-0.00021491099446439502,0.12413819520213842
2025-08-01 22:00:00+00:00,11375.84106699409,0.0025721670032373186,0.002264868509702071,0.22401508106392737,0.25245424944180367,0.20135615892651634,0.10837010629047748,0.3035283548462947,0.1342911304949079,0.004971733983995419,0.0012551353713538718,14.24158875740877,0.005275095071082925,0.0010621728814854564,12.052109846183955,0.012322453202897155,0.0013353855633573993,15.152160045814526,-0.0035598875548433773,-0.001080526812959409,-12.260365585046404,0.0,0.0,0.0,0.002264868509702071,0.12640306371184049
2025-08-02 00:00:00+00:00,11292.349544480026,-0.0073393713943759355,-0.006907330246541917,0.30161750985280883,0.1598588017320263,0.18083071168587142,0.3997812922717147,0.11503173994390821,0.14449745436647954,-0.005217130493060496,-0.0008340042291002664,-9.487499559445558,-0.013788599313538707,-0.0024934022270185225,-28.364547450651827,-0.00947779223192724,-0.003789044026362691,-43.10356263974534,-0.0019379078505041836,-0.0002229209118944554,-2.535912864220717,0.0,0.0,0.0,-0.006907330246541917,0.11949573346529857
2025-08-02 02:00:00+00:00,11365.765877910251,0.006501422325003488,0.005795274254661745,0.26439455968212344,0.23711073833077564,0.2692362415664234,0.15337577038070435,0.21376883314673026,0.12650841657536643,0.003321420199064562,0.0007875443957069501,8.893226598119176,0.008216248448344565,0.002212111852008249,24.979940264364217,0.009005628517823716,0.0013812452116836532,15.597503736971118,0.009919691446082401,0.0021205208656046364,23.945662830770907,0.0,0.0,0.0,0.005795274254661745,0.12529100771996032
2025-08-02 04:00:00+00:00,11378.821131914956,0.0011486470990993538,0.0009744060335699728,0.2054575925341817,0.18877287722191327,0.19792484942519412,0.2420528418702068,0.1279604938626401,0.24328893762004555,0.0020729412462261454,0.00039131508336208806,4.447595621988426,0.0033893774862305825,0.000670842028607331,7.624633438213295,0.0005578281889178083,0.00013502389840286608,1.5346500171697157,-0.0003792882459880964,-4.853391127293134e-05,-0.5516250726674067,0.0,0.0,0.0,0.0009744060335699728,0.1262654137535303
2025-08-02 06:00:00+00:00,11386.144777274054,0.0006436207471930275,0.0005153652259013822,0.16530347360567266,0.13956670925691939,0.20332754161080496,0.1636782078839006,0.28786127528270194,0.20556626596567298,0.0006250555812241654,8.723695057412785e-05,0.9926536566767066,-0.0026723041042396867,-0.0005433530239515198,-6.182716871029447,0.0024159078238243925,0.00039543146301627085,4.49954388759359,0.002446683239565539,0.0007043053575541486,8.014164685858065,0.0,0.0,0.0,0.0005153652259013822,0.12678077897943166
2025-08-02 08:00:00+00:00,11368.964620269933,-0.001508865146209219,-0.0014597325222858461,0.15551704277481682,0.15794724205094,0.1657485116972383,0.29413168020554836,0.29454431294185046,0.08762825310442286,1.2458209069254877e-05,1.967739763382816e-06,0.02240496982987573,-5.3987088561524565e-05,-8.948279579939694e-06,-0.10188640680471842,0.004356692621431124,0.0012814413208806516,14.590676403128397,-0.0094495999582338,-0.002783325927273314,-31.691351970274507,0.0,0.0,0.0,-0.0014597325222858461,0.1253210464571458
2025-08-02 10:00:00+00:00,11326.792070910817,-0.003709445034592417,-0.003504673527538742,0.2959777710300102,0.17362441367086062,0.1899192472676051,0.08436070614390771,0.20833751597348088,0.3437581169441457,-0.0025598668707799144,-0.0004444553845146234,-5.052997541835222,-0.007658055734732994,-0.0014544121806738565,-16.535160625370718,-0.007014305491462758,-0.0005917317643688879,-6.727377493799791,-0.005850341928768099,-0.0012188457050350489,-13.857013698111434,0.0,0.0,0.0,-0.003504673527538742,0.12181637292960706
2025-08-02 12:00:00+00:00,11330.186921345072,0.00029971861520914874,0.00021484383537299933,0.19712652289281146,0.21151624355294626,0.13696524915855304,0.20820346632558898,0.24372944880252542,0.19958559216038627,0.0008479144865924937,0.00017934768705816928,2.0314339597066664,0.004710470703449543,0.0006451707935520313,7.307715428788388,-0.005297890138488803,-0.0011030390910455234,-12.49389443035911,0.002372463518403034,0.0005782392256444716,6.549595476119411,0.0,0.0,0.0,0.00021484383537299933,0.12203121676498006
2025-08-02 14:00:00+00:00,11359.045868949675,0.0025470848632015465,0.0022713432208168235,0.048723060382609595,0.1657021976790874,0.14675675419907672,0.20557352675646665,0.28266100414461137,0.1993065172207579,-0.0028935614939161747,-0.0004794694986614934,-5.432479042918331,0.0001995057956432067,2.9278823012501316e-05,0.33173453756861954,0.017379928985236326,0.00357285329627197,40.481095689305306,-0.0020362828582005665,-0.0005755777574214314,-6.521403579353429,0.0,0.0,0.0,0.0022713432208168235,0.12430255998579688
2025-08-02 16:00:00+00:00,11256.287070323988,-0.009046428706356621,-0.008599878420138691,0.033533885530913354,0.15898056365715976,0.15823605055830522,0.22762811592815144,0.2811238816074382,0.17403138824894532,-0.005439552623326405,-0.0008647831420992138,-9.823111377799394,-0.014258969558638701,-0.0022562830279900885,-25.62922240827208,-0.0071638501102131436,-0.001630693703379498,-18.523124574895135,-0.01527678405808619,-0.004294668832887821,-48.783340264721325,0.0,0.0,0.0,-0.008599878420138691,0.11570268156565819
2025-08-02 18:00:00+00:00,11133.450487405531,-0.010912708795629717,-0.010246271915716088,0.09978829091408303,0.20345668395709804,0.18053463363245995,0.2606417034681415,0.23924231169892904,0.11612466724337142,-0.0010338468300887804,-0.00021034304776942062,-2.3676817289394703,-0.010146473450061144,-0.0018317898669682705,-20.61915259510544,-0.031452358926919444,-0.00819779640880369,-92.27674972156541,-0.002812125778716701,-0.0006727794720883345,-7.572998872847318,0.0,0.0,0.0,-0.010246271915716088,0.1054564096499421
2025-08-02 20:00:00+00:00,11099.42275213398,-0.0030563512461876997,-0.002810158192986127,0.32714684908605174,0.12413280888515829,0.08689164851190177,0.10646171457458763,0.30384505759165215,0.3786687704367001,-0.004387883897702727,-0.0005446803532837961,-6.064171744747696,-0.011982255864822267,-0.00104115796498581,-11.591680652737418,0.0008595988538682153,9.15143678291606e-05,1.018870683112177,-0.005140867875647714,-0.0015620272957472543,-17.390753557178012,0.0,0.0,0.0,-0.002810158192986127,0.10264625145695597
2025-08-02 22:00:00+00:00,11141.27073992047,0.0037702850608553663,0.0034219631647737273,0.08802387949779492,0.09627040140787972,0.13635115651815655,0.1279300146712105,0.32094112898656946,0.3185072984161838,0.005612610311984234,0.0005403282476807272,5.997331645928148,0.00863974934972811,0.0011780398158624187,13.075561935103055,0.008111461017272559,0.0010376993269446307,11.51786351936335,0.0031601361706745656,0.0010142176703675895,11.257230686094344,0.0,0.0,0.0,0.0034219631647737273,0.10606821462172969
2025-08-03 00:00:00+00:00,11123.61203168832,-0.0015849815200053184,-0.0014713467531927188,0.16211048940439107,0.24183055851269236,0.13490933534226066,0.1444803469707889,0.1872123666208949,0.2915673925533631,-0.002773098402506724,-0.000670619935488856,-7.471558264869344,-0.005418426165518353,-0.000730996272591195,-8.14422738281121,0.004354411207875719,0.0006291268421673759,7.009272478337949,-0.0043399491644584565,-0.0008124921540926431,-9.052195062807318,0.0,0.0,0.0,-0.0014713467531927188,0.10459686786853697
2025-08-03 02:00:00+00:00,11190.543728161003,0.0060170829656780575,0.005472180159342119,0.17421026688559554,0.2631418241267627,0.1886952965825443,0.24359338700203048,0.09261958766151818,0.21194990462714433,0.004990299552140032,0.0013131565270890948,14.607043744218306,0.00578678468093119,0.0010919390516276348,12.146306372555493,0.013289349670122519,0.0032371976971994607,36.009331253521644,0.004046548891272872,0.000374789689761867,4.169015102387837,0.0,0.0,0.0,0.005472180159342119,0.11006904802787909
2025-08-03 04:00:00+00:00,11230.60064040925,0.0035795322569933644,0.0032326275112255554,0.06287973342491382,0.3128143188874448,0.1446893217646061,0.23699113324285456,0.10582682632574988,0.19967839977934465,0.004387046396987504,0.0013723309306012648,15.357129288401337,0.008949548567779297,0.0012949041123713886,14.490681093267533,0.0010231606362198775,0.00024247999866722884,2.713483028290046,0.006329370714488691,0.0006698172153534822,7.495618838288178,0.0,0.0,0.0,0.0032326275112255554,0.11330167553910464
2025-08-03 06:00:00+00:00,11231.397940774852,7.099356402476406e-05,2.581273916238055e-05,0.26823628406403416,0.10217558779762512,0.2007082190393281,0.17939358026864005,0.2897737839317456,0.2279488289626611,0.00012605167766688297,1.2879404258490542e-05,0.1446434457134935,0.00017711294289113333,3.55480233364936e-05,0.39922565364810797,-0.0013937929752834144,-0.00025003751198937184,-2.808071442274175,0.000940746415084126,0.00027260364841915177,3.061502708514024,0.0,0.0,0.0,2.581273916238055e-05,0.11332748827826702
2025-08-03 08:00:00+00:00,11265.849946434195,0.0030674726192602827,0.002767998800167363,0.19596132129690397,0.23963082763443164,0.2592143004994256,0.14151010307127174,0.2576959755791574,0.10194879321571368,0.0007171366076585972,0.00017184803882017833,1.9300937093311477,0.0033384232191688845,0.0008653670395279031,9.71928158576812,0.006327347166651176,0.0008953835497205272,10.056408956534806,0.004403925938855302,0.0011348739911916739,12.746221407709104,0.0,0.0,0.0,0.002767998800167363,0.11609548707843438
2025-08-03 10:00:00+00:00,11292.36857869098,0.0023538953903054272,0.0021129086785117413,0.24064798996104284,0.15354848763735496,0.21969190361655047,0.13127558671672032,0.15288723885261776,0.34259678317675646,-0.0003962181178540636,-6.083869277101073e-05,-0.6853995836954178,0.002899104228873073,0.000636909726823917,7.175329411822643,0.01386962552011095,0.0018207432276937624,20.512219994184196,-0.0002807223922894897,-4.291887144124147e-05,-0.48351756552732633,0.0,0.0,0.0,0.0021129086785117413,0.11820839575694612
2025-08-03 12:00:00+00:00,11301.391020317962,0.0007989857543269929,0.00068473459037918,0.13370603904003664,0.1741928623010506,0.24809067090231504,0.2159384838072967,0.09393657394797533,0.2678414090413622,0.001823413762445103,0.0003176256624394404,3.5867460503170445,0.005536226365015828,0.0013734861131638617,15.509911427559993,-0.00446876424988607,-0.0009649781766126495,-10.896889240703198,0.000775546225229462,7.28521553363405e-05,0.8226733898100058,0.0,0.0,0.0,0.00068473459037918,0.11889313034732531
2025-08-03 14:00:00+00:00,11320.048641261264,0.0016509136715788845,0.0014692765599751375,0.2824648709393788,0.22355280503268873,0.2038820399540862,0.133633282231807,0.3270415021557161,0.11189037062570201,0.0006745874113258665,0.00015080590804163763,1.70431653495266,0.0019222768939448631,0.0003919177344940833,4.429215565314792,0.000641260534994581,8.56937500570504e-05,0.9684585773921213,0.0031265031265030885,0.001022496278986113,11.555630265642186,0.0,0.0,0.0,0.0014692765599751375,0.12036240690730045
2025-08-03 16:00:00+00:00,11323.862411869179,0.00033690408308080066,0.00025525719736026826,0.1916907339633192,0.194890141115023,0.1831945107133966,0.2620704936636024,0.18470096135075229,0.1751438931572258,0.0001760591193533667,3.4312186615364315e-05,0.38841562147395775,-0.00448434345603721,-0.0008215071052995585,-9.299500391132742,0.006316945893985126,0.0016554851288829483,18.740172183839647,-0.0028770079117717007,-0.0005313861271179534,-6.015316806266674,0.0,0.0,0.0,0.00025525719736026826,0.12061766410466071
2025-08-03 18:00:00+00:00,11312.96833004242,-0.0009620464670552263,-0.0009539841758765612,0.07625222157667946,0.1507743490503421,0.151058081201398,0.3271669054726412,0.19000218683389047,0.18099847744172823,0.0013896218519175996,0.00020951933014900695,2.3725680672343485,0.003834327151811312,0.0005792061022510382,6.5588502100057875,-0.007732896652110743,-0.0025299478680108193,-28.648781566556284,0.004100878950602516,0.0007791759685555478,8.82328146255793,0.0,0.0,0.0,-0.0009539841758765612,0.11966367992878416
2025-08-03 20:00:00+00:00,11321.740244867995,0.0007753857846732029,0.0006662728965751155,0.16613964357309288,0.31691399262343495,0.12639530335460747,0.238586086943601,0.16620396025292697,0.15190065682542955,0.0017155137226201322,0.000543670303235838,6.150524922491595,0.0019857757706700507,0.00025099273092807047,2.8394728160601197,-0.0011002108737506733,-0.0002624950071809734,-2.9695977030326097,0.001463369208051013,0.00024321775769026779,2.751514790053931,0.0,0.0,0.0,0.0006662728965751155,0.12032995282535927
2025-08-03 22:00:00+00:00,11335.33770895456,0.0012010047742198695,0.0010623683771667659,0.29078288962428445,0.1675910422925468,0.3144380433224933,0.12258116051621215,0.2689441099093256,0.12644564395942223,0.0010696053535030892,0.00017925627603527068,2.0294929945336904,0.0016272252806177612,0.0005116615332823439,5.792898973113578,0.002937127122533134,0.00036003645126375444,4.076239179892303,0.0005579245207827377,0.00015005051363850043,1.6988329390241244,0.0,0.0,0.0,0.0010623683771667659,0.12139232120252604
2025-08-04 00:00:00+00:00,11362.72951878704,0.002416497023361109,0.002191598712819515,0.32531420910587355,0.1949359731036324,0.15905184997316288,0.3242876117396045,0.09901609415278244,0.22270847103081778,-0.001980592379320245,-0.00038608870278443057,-4.376445831673705,-0.0016245817201722135,-0.0002583927280259738,-2.92896883371246,0.010249839846252495,0.003323896084454657,37.677484626765285,-0.002655301974217039,-0.00026291763028314343,-2.980260128897489,0.0,0.0,0.0,0.002191598712819515,0.12358391991534555
2025-08-04 02:00:00+00:00,11423.072969570538,0.005310647471078611,0.0048552171471083734,0.24916979890171184,0.17744143814803892,0.23311088520668502,0.16135783208041188,0.2741268578209722,0.15396298674389206,0.004055291356244828,0.0007195767303613935,8.176355755109668,0.011753771359119147,0.0027399320460412455,31.133106739023432,0.004529395778603229,0.0007308534834695863,8.304490450528204,0.004086740059370708,0.0011202852112063854,12.72949783883537,0.0,0.0,0.0,0.0048552171471083734,0.1284391370624539
2025-08-04 04:00:00+00:00,11445.588146453301,0.0019710262678652698,0.0017631079218467466,0.27722247368238456,0.18910204637020567,0.15040536186422493,0.2469192873165958,0.07960990748104767,0.33396339696792593,-0.0008838254792191691,-0.00016713320675447257,-1.9091748163946596,0.005353533925972043,0.0008052002073882298,9.197860724109079,0.005500946884299696,0.001358289884237729,15.515844461477096,-0.00031818422866836116,-2.5330617006216745e-05,-0.2893534864262583,0.0,0.0,0.0,0.0017631079218467466,0.13020224498430066
2025-08-04 06:00:00+00:00,11426.853122047112,-0.001636877385981765,-0.0016301179977628445,0.29983608434910936,0.14306430641749887,0.16735745697243046,0.15717536368138244,0.36249389672195154,0.16990897620673676,-0.001565410186783578,-0.00022395432263107992,-2.563288940453267,-0.006559285198170284,-0.0010977452903226832,-12.56434048274224,-0.0032286995515694583,-0.000507472026235846,-5.8083158081416375,0.0005304758368258611,0.0001922942532078445,2.200920825146795,0.0,0.0,0.0,-0.0016301179977628445,0.12857212698653783
2025-08-04 08:00:00+00:00,11460.221065832462,0.0029201341287014093,0.0026533337528017935,0.20174092728932197,0.18186752251929136,0.228845918214157,0.2400525061114609,0.1607529694326296,0.18848108372246125,0.0022879370329516036,0.0004161014398630464,4.75473003718735,0.005246981711976462,0.0012007503477301429,13.720797859759339,0.0030592046068023127,0.0007343697325706215,8.39153507136151,0.0035390488309208212,0.0005689126085375983,6.500880817039822,0.0,0.0,0.0,0.0026533337528017935,0.13122546073933963
2025-08-04 10:00:00+00:00,11467.064036900432,0.0005971063759296552,0.00047902830913076086,0.2143635043196332,0.1683103836939973,0.1671810061416684,0.1009110526896103,0.19937285954912806,0.3642246979255959,-0.0028526079304698193,-0.0004801235353059149,-5.502321853514801,-0.0013513513513514486,-0.0002259202785698384,-2.5890963356648,0.01309651955507718,0.001321583574872905,15.145639925016638,-9.245684246683705e-05,-1.8433385067496563e-05,-0.21125066786512567,0.0,0.0,0.0,0.00047902830913076086,0.1317044890484704
2025-08-04 12:00:00+00:00,11491.21701129475,0.0021062910538036167,0.0018967355501921224,0.10176362880558579,0.14831548964055777,0.21557126742295848,0.15428442021390604,0.14495648590261068,0.3368723368199671,0.0014622230899170585,0.00021687033354477787,2.4868660024619236,0.0023990753270186627,0.0005171717088885618,5.930441103898366,0.010979281034177557,0.001693932008723619,19.424426818189122,-0.002219169396597165,-0.00032168299735334195,-3.6887595302328444,0.0,0.0,0.0,0.0018967355501921224,0.13360122459866253
2025-08-04 14:00:00+00:00,11653.908477623632,0.014157896954602033,0.01270574698469453,0.18671526036880337,0.1687004952201895,0.17212337163307292,0.21569143145309894,0.24987972945258946,0.19360497224104933,0.003675330974122648,0.0006200301554325923,7.124901069622732,0.01841545007888712,0.0031697293577185896,36.42404791661624,0.03774741636013301,0.008141794268373215,93.55912479919238,0.008909658970557066,0.0022263431730776364,25.583392543449666,0.0,0.0,0.0,0.01270574698469453,0.14630697158335706
2025-08-04 16:00:00+00:00,11648.777845356186,-0.0004402499193551611,-0.0005349568212114934,0.15515491067507153,0.1149878277621347,0.1985957613066396,0.18601709477294995,0.37856225045409425,0.12183706570418151,-0.0007647465419542421,-8.79365436479225e-05,-1.0248044315114446,0.007649419113606282,0.0015191422124202,17.703944308039688,-0.005654485610600113,-0.001051830985719283,-12.257942041501174,-0.0021650986104002623,-0.0008196246024081555,-9.551830102473302,0.0,0.0,0.0,-0.0005349568212114934,0.14577201476214557
2025-08-04 18:00:00+00:00,11701.681828130851,0.004541590841287851,0.004057513170906812,0.33519123735761314,0.15405379213938103,0.12499975595762422,0.16710884165520648,0.13587527156324003,0.4179623386845483,0.0031996234999369655,0.0004929141335835681,5.741847238951208,0.00893696439191105,0.001117118367990859,13.013063695692377,0.011373281276523484,0.0019005758599386874,22.139385970672564,0.0075877123770449195,0.001030982479774736,12.009685869350326,0.0,0.0,0.0,0.004057513170906812,0.14982952793305238
2025-08-04 20:00:00+00:00,11691.465129708451,-0.0008730965832483274,-0.0009550417324018745,0.22283382890487455,0.20080531666010715,0.23023602254747752,0.23795487944950158,0.10444858967729588,0.22655519166561788,-0.003609494675086089,-0.0007248057212136327,-8.481445936850841,-0.003197066413146765,-0.0007360798547830417,-8.613372260767916,0.005454850621013918,0.0012980083219384056,15.188880393589262,-0.00679970243144834,-0.0007102193291900588,-8.310760618370594,0.0,0.0,0.0,-0.0009550417324018745,0.1488744862006505
2025-08-04 22:00:00+00:00,11735.583168710582,0.003773525260749825,0.0033638170107007383,0.1470244890164415,0.20263465068263456,0.16311244158744906,0.15805397139308855,0.2036129511641851,0.27258598517264276,0.002905357333598646,0.0005887260684019922,6.883070299672244,0.010979009354911584,0.0017908130220910725,20.937228001605583,0.0,0.0,0.0,0.006846254927726614,0.0013939861702567606,16.297740700852746,0.0,0.0,0.0,0.0033638170107007383,0.15223830321135123
2025-08-05 00:00:00+00:00,11775.768327113892,0.0034242148707575564,0.0030395741571163253,0.11461559156418603,0.22124558284003945,0.17406561915118987,0.18695775875916273,0.2597606456411512,0.1579703936084567,-0.0004870078113238252,-0.00010774832706399167,-1.2644894535489035,0.0029568573754319427,0.0005146872097963234,6.040154556436345,0.01176863366997738,0.002200237374596591,25.821068700483714,0.0031453517965047695,0.0008170386134286337,9.588424599939705,0.0,0.0,0.0,0.0030395741571163253,0.15527787736846757
2025-08-05 02:00:00+00:00,11730.474507862918,-0.003846357876002413,-0.003858658632064282,0.07428133484968139,0.21382158974975707,0.19679410721555105,0.19981873663896504,0.19290330388175222,0.19666226251397462,-0.003015252788165834,-0.0006447261446630062,-7.592145713984877,-0.010913762197694576,-0.0021477640880581345,-25.291572322267633,0.0013199142055766444,0.00026374358903014826,3.105783402180563,-0.00683042335614481,-0.0013176112323114203,-15.515884616902328,0.0,0.0,0.0,-0.003858658632064282,0.1514192187364033
2025-08-05 04:00:00+00:00,11711.241782288038,-0.0016395522245914347,-0.0016993134553811517,0.16556299035034716,0.2645706461466077,0.17629184288088026,0.3146326705924616,0.08055125275378669,0.16395358762626375,-0.003933985138452667,-0.001040816990011574,-12.209277168681382,-0.00772746292502402,-0.001362288679846162,-15.98029263128563,0.0032954358213874713,0.0010368517732492024,12.162763294532231,-0.003392850125103153,-0.0002732983279829009,-3.2059190694449775,0.0,0.0,0.0,-0.0016993134553811517,0.14971990528102214
2025-08-05 06:00:00+00:00,11761.861143133085,0.0043222880874685355,0.0038820546491262144,0.1664041576837026,0.295602170247517,0.2114252485360925,0.14822851290875902,0.10168399928215659,0.24306006902547492,0.001305392193115651,0.0003858767653091522,4.5190960967026985,0.003411885189789521,0.0007213586742278626,8.44800584563325,0.01880440137953676,0.002787348452628151,32.643311660214714,0.004206209416651285,0.00042770419530336956,5.0089472424967045,0.0,0.0,0.0,0.0038820546491262144,0.15360195993014836
2025-08-05 08:00:00+00:00,11657.58000416614,-0.008866040645942106,-0.00895469746794034,0.11238838523696167,0.2646006564703881,0.13003837707625973,0.1782373112347889,0.1695030893235391,0.2576205658950242,-0.003813611174239173,-0.001009084020226493,-11.868706127658507,-0.01389313393734315,-0.0018066405897152096,-21.249455751778367,-0.025791891674054934,-0.00459707742364249,-54.07018632111495,-0.0085735228670909,-0.0014532386123579139,-17.09279076639319,0.0,0.0,0.0,-0.00895469746794034,0.14464726246220802
2025-08-05 10:00:00+00:00,11785.063327169935,0.010935659284194023,0.009709486361390912,0.2052311473722763,0.12454697125779624,0.17324531904336565,0.11305984907510447,0.321252640714105,0.2678952199096287,0.006361866355706791,0.0007923511861501546,9.236897343941365,0.013026187978934622,0.002256726092329383,26.307964968819007,0.052949449822122796,0.00598645680549902,69.78759915158969,0.005914737995590391,0.0019001252002154654,22.150861539443994,0.0,0.0,0.0,0.009709486361390912,0.15435674882359893
2025-08-05 12:00:00+00:00,11808.173631828486,0.0019609826453178257,0.0016785469546329766,0.21476910524613352,0.23192568775120959,0.24221101873429018,0.13002263155254215,0.10648353546797139,0.2893571264939866,0.0011535836510754294,0.0002675456816542203,3.1530428012058342,0.0036169329282951246,0.0008760610092559615,10.324434472545914,0.002750058929834376,0.0003575698989816334,4.213983903388306,0.004318095313094794,0.0004598060554260105,5.418843481411743,0.0,0.0,0.0,0.0016785469546329766,0.1560352957782319
2025-08-05 14:00:00+00:00,11670.167131031118,-0.01168737055367956,-0.011836140367009373,0.17535650803446817,0.1998951978550168,0.18668902888240244,0.24233002069372306,0.1695326543612587,0.20155309820759898,-0.0038868883443600177,-0.0007769703146362044,-9.174600382000712,-0.007335728673308339,-0.0013695000621647283,-16.171294522841016,-0.03204826829650531,-0.0077662575194901206,-91.70531725963295,-0.01046785154208052,-0.0017746426573885055,-20.955288632892984,0.0,0.0,0.0,-0.011836140367009373,0.14419915541122255
2025-08-05 16:00:00+00:00,11525.709675878605,-0.012378353585733913,-0.012241816326188941,0.08475452651034757,0.16424843854620355,0.27144355539275006,0.24065211614675094,0.1591205961289504,0.16453529378534512,-0.012648544444760157,-0.002077503674934113,-24.244815101812442,-0.020955070814538623,-0.005688118925405215,-66.38129852065998,-0.011980895329069874,-0.002883227814273389,-33.647750469407995,-0.010869134563319616,-0.0017295031711211963,-20.183591060632672,0.0,0.0,0.0,-0.012241816326188941,0.1319573390850336
2025-08-05 18:00:00+00:00,11545.66882926285,0.0017317071091957129,0.0014960852291930446,0.10331213236263202,0.11674729802750153,0.223092780818303,0.23319189887726793,0.2074284431941146,0.21953957908281288,0.006251527440806148,0.0007298489372588994,8.412026958094613,0.009830748677330359,0.002193169059951484,25.2778298551204,-0.009586235149528943,-0.0022354323776026647,-25.764944584307347,0.005033646656697366,0.0010441214895879943,12.034241155337128,0.0,0.0,0.0,0.0014960852291930446,0.13345342431422663
2025-08-05 20:00:00+00:00,11486.649293338849,-0.005111833432673253,-0.004877641115212593,0.13798421428929408,0.18170016730399616,0.2961241258311025,0.20505009091001655,0.1577062708495802,0.15941934510530462,-0.000206793364414537,-3.757438891147762e-05,-0.43382145083384677,-0.0093966767715149,-0.002782582694682276,-32.12677828283938,-0.006700860357379268,-0.0013740120254559448,-15.863887813339016,-0.0058188194970307805,-0.0009176643236235543,-10.595048376987046,0.0,0.0,0.0,-0.004877641115212593,0.12857578319901403
2025-08-05 22:00:00+00:00,11503.70713909733,0.001485014935414952,0.0012838248029078288,0.22787571072587837,0.21291485442100658,0.11800124693124968,0.33620990558820574,0.223207479780259,0.10966651327927907,-8.79273619651677e-05,-1.8721041472436832e-05,-0.21504203779993383,0.0011087312586619547,0.00013083167103376456,1.5028175216263324,0.003497959523611316,0.0011760486411847256,13.508858293196642,0.0008819402685908972,0.0001968556646688989,2.261211981458757,0.0,0.0,0.0,0.0012838248029078288,0.12985960800192187
2025-08-06 00:00:00+00:00,11552.796240895812,0.004267241959910845,0.003807820444686468,0.11197682057382644,0.20041131867936138,0.19732306999298088,0.24234572417609135,0.21759837636019216,0.1423215107913743,0.004605633549905397,0.0009230210930904489,10.618164338122018,0.010180081160976684,0.0020087648674616283,23.108242746586235,-0.0018258776661963516,-0.0004424936452713064,-5.09031730611273,0.008170785436776518,0.0017779496446300737,20.45301201988654,0.0,0.0,0.0,0.003807820444686468,0.13366742844660834
2025-08-06 02:00:00+00:00,11485.487073256962,-0.005826223040321914,-0.005580615952102664,0.18968333314118316,0.3109836186859213,0.15179926862123425,0.14095913510443975,0.29670940949481545,0.09954856809358938,-0.002707269576950777,-0.0008419164897984559,-9.726489658491799,-0.0054567955238219445,-0.000828337569531796,-9.569615159479707,-0.015964080818159143,-0.0022502830248650896,-25.997061270613063,-0.0064227351581847,-0.0019056859561265725,-22.016001550267006,0.0,0.0,0.0,-0.005580615952102664,0.12808681249450568
2025-08-06 04:00:00+00:00,11468.9923626188,-0.0014361350574822148,-0.0014081894718773042,0.33395677270546964,0.1490151935604386,0.2173486919481223,0.21497524394321776,0.12472106191482847,0.29393980863339286,-0.0027305209760926097,-0.000406889111773278,-4.6733196335209914,-0.002402360604626619,-0.0005221499350032959,-5.997146328782318,-0.0010984368398816446,-0.0002361367276097738,-2.7121453324832574,-0.002172522258356846,-0.00027095928309586715,-3.112099343376556,0.0,0.0,0.0,-0.0014081894718773042,0.1266786230226284
2025-08-06 06:00:00+00:00,11537.911846986866,0.006009201348210721,0.00539816158612839,0.2508711953817819,0.3618802532231716,0.13347869407111218,0.2529813796622667,0.07563112328794007,0.17602854975550952,0.005620915447258401,0.002034098305399907,23.329057929447377,0.01530553873543039,0.0020429633224600704,23.430730742404876,0.0030451700219928934,0.0007703713134699372,8.835382710567323,0.015360983102918668,0.001161768406880806,13.324312985647774,0.0,0.0,0.0,0.00539816158612839,0.13207678460875677
2025-08-06 08:00:00+00:00,11544.407082384349,0.000562947219880113,0.00043341348466932806,0.2976779679966851,0.18841404157561814,0.14600201488805564,0.128769623313135,0.15370552667577417,0.38310879354741695,0.0006998807951186237,0.00013186736922945704,1.5214740816635437,0.0003545397579234333,5.176351901474475e-05,0.5972429192819534,-0.0016866250632484592,-0.00021718607406499656,-2.5058737769550907,0.0038808129974348127,0.0005965024057009077,6.882392173492669,0.0,0.0,0.0,0.00043341348466932806,0.1325101980934261
2025-08-06 10:00:00+00:00,11514.606485162165,-0.0025813882869442366,-0.0025026607633296368,0.2178800574046143,0.25727240656738865,0.11883521366255825,0.2145312505160375,0.21696559188571551,0.19239553736830006,-0.0011796592601281963,-0.0003034937767826862,-3.503655706149617,-0.0035029300979996236,-0.0004162714466407914,-4.805607036794331,-0.008531846595708603,-0.001830347719388364,-21.13027917493307,-0.0001441488664657431,-3.127534413239492e-05,-0.36105530430602767,0.0,0.0,0.0,-0.0025026607633296368,0.13000753733009646
2025-08-06 12:00:00+00:00,11496.224720776067,-0.0015963866771986674,-0.0015721113871963372,0.2805077129800187,0.0829307206573897,0.1777426091654277,0.10836522344601769,0.42089410472541927,0.21006734200574553,0.0011703594825807073,9.705875531862778e-05,1.1175933734336392,-0.0020484910643882026,-0.0003641041466364233,-4.192515968134195,-0.007838459572292789,-0.0008494164230240843,-9.78069585315637,-0.0011402508551880963,-0.0004799248628567875,-5.526145938241328,0.0,0.0,0.0,-0.0015721113871963372,0.1284354259429001
2025-08-06 14:00:00+00:00,11462.038458610865,-0.002973694668948106,-0.0028705800503740723,0.38635593312374866,0.2343403940900903,0.12099311979617106,0.3433114831370658,0.1820094176502467,0.11934558532642621,0.0003800338064627873,8.905727197404668e-05,1.0238224116329129,-0.004660697364095245,-0.0005639123145076746,-6.482862690393177,-0.007556891369686625,-0.0025943675840328076,-29.825432754338042,0.000524851729386322,9.552795761832933e-05,1.098210867897086,0.0,0.0,0.0,-0.0028705800503740723,0.12556484589252603
2025-08-06 16:00:00+00:00,11613.512192557273,0.013215252635329673,0.011829526431969965,0.10494294148035521,0.1863920161218248,0.17212095714959896,0.29332041176311086,0.1750059255121118,0.1731606894533534,0.010009443416032937,0.0018656803385717043,21.384499792183014,0.01719237473492541,0.002959167995049944,33.91809736475286,0.02336246430734623,0.006852687650431777,78.54576939409675,0.008786654776268277,0.0015377166512762475,17.62536739537466,0.0,0.0,0.0,0.011829526431969965,0.137394372324496
2025-08-06 18:00:00+00:00,11643.253478289746,0.002560920868669902,0.002239979631268582,0.11113764190240187,0.29622777632156866,0.17342283885225704,0.22477091128612042,0.17499804191184823,0.1305804316282056,0.0007462707905037114,0.00022106613680465364,2.567354275142379,0.004805304663410448,0.0008333495762786294,9.678115464774299,0.0021983596854655563,0.0004941273098367622,5.738553537464763,0.005785080991133729,0.0010123778457498567,11.757262455090828,0.0,0.0,0.0,0.002239979631268582,0.13963435195576457
2025-08-06 20:00:00+00:00,11668.53830990994,0.0021716294047314463,0.0018850391633082532,0.16757782905148558,0.17035495971586542,0.21197761979058932,0.19844916692132097,0.15961477383086534,0.2596034797413589,-0.002077922077922123,-0.00035398433187713065,-4.121529303388473,0.00036661769378465436,7.771474610158616e-05,0.9048524878616975,0.012823757698472882,0.00254486403206282,29.630496993089892,-0.0006074941512530518,-9.696504155582937e-05,-1.1289885573674199,0.0,0.0,0.0,0.0018850391633082532,0.14151939111907283
2025-08-06 22:00:00+00:00,11628.652516786806,-0.0034182338921799945,-0.003320570261055486,0.30827563888623344,0.4477857144694403,0.13739995542345387,0.2292940510539796,0.07340747800570448,0.11211280104742176,-0.0018326392503903444,-0.0008206296761007799,-9.575548813830935,-0.0037327006292654508,-0.0005128729000701711,-5.984477082583404,-0.007663473552686373,-0.0017571888960404916,-20.50382595119683,-0.004461976202793649,-0.0003275424199685516,-3.821941275523655,0.0,0.0,0.0,-0.003320570261055486,0.13819882085801735
2025-08-07 00:00:00+00:00,11635.284364120831,0.0005703023049706133,0.0004261634581967278,0.20441532627987896,0.27945622634298833,0.16367741529799595,0.19320821290055262,0.13878652312336853,0.22487162233509458,-0.0004910960803840014,-0.0001372398573959459,-1.5959146131108286,0.0036513156998401186,0.0005976379161868238,6.949723658193131,0.0007554772097708717,0.00014596440158692604,1.6973693058750876,-0.000259824618382698,-3.606015540719072e-05,-0.4193310169315517,0.0,0.0,0.0,0.0004261634581967278,0.1386249843162141
2025-08-07 02:00:00+00:00,11619.460874921186,-0.0013599572390718812,-0.0013736880651524146,0.09112722328370447,0.27050246665385613,0.12620031639392215,0.1960662750389427,0.22705568426868294,0.18017525764459613,-0.001989698959764863,-0.0005382184765150071,-6.262325024275996,-0.00427876013694195,-0.0005399808830557758,-6.2828311255430265,-0.00226472068444894,-0.0004440353486035484,-5.166477548723809,0.0007147033980898776,0.00016227746910245006,1.8881444988968383,0.0,0.0,0.0,-0.0013736880651524146,0.13725129625106167
2025-08-07 04:00:00+00:00,11596.046250614809,-0.002015121403516563,-0.0019908715252342922,0.2281203826325342,0.14204423785589715,0.30809593404956187,0.1063188322514211,0.27328044924557743,0.17026054659754256,-0.0018946795526486593,-0.000269128313037131,-3.127125903668485,-0.0029365652820002586,-0.0009047438234553847,-10.512635458466443,0.004203446826397617,0.0004469055580135366,5.192801646123108,-0.004713673548889741,-0.0012881548250375837,-14.96766459036515,0.0,0.0,0.0,-0.0019908715252342922,0.13526042472582736
2025-08-07 06:00:00+00:00,11670.938634043905,0.0064584412488978265,0.005798938998188648,0.27331904756821757,0.278425134289153,0.19958959483646255,0.24325698338638274,0.12472333228263584,0.15400495520536592,0.0001982609087369802,5.5200820139383225e-05,0.6401112634081573,0.00853756583661025,0.0017040093062186642,19.759770726389682,0.018836333193804844,0.004582069590785755,53.133890898287284,0.000939371403968936,0.00011716153175402375,1.3586105410125349,0.0,0.0,0.0,0.005798938998188648,0.141059363724016
2025-08-07 08:00:00+00:00,11623.411676508324,-0.00407224808782269,-0.003971550171858428,0.13062860014248884,0.14929027929686492,0.1980958496862618,0.2969841456706941,0.16761272485673856,0.1880170004894407,0.001913698274066622,0.00028569654982533435,3.334346900969544,0.0039072668112798414,0.0007740133389314109,9.033462180599923,-0.01791290057518491,-0.005319847473805375,-62.08761340925602,0.0011209739438728938,0.00018788949722594044,2.192846792105313,0.0,0.0,0.0,-0.003971550171858428,0.13708781355215757
2025-08-07 10:00:00+00:00,11600.702168779999,-0.0019537729851057716,-0.0019362172235397324,0.1047396242341535,0.23399966515948886,0.13039267572413757,0.2599639500077821,0.1876429632282681,0.18800074588032337,0.002388751645533649,0.0005589670852040519,6.4971045449446,0.008100129375190779,0.0010561975429428123,12.276618853340885,-0.012215528781793772,-0.0031755971135488596,-36.91127256950994,-0.0020962176941603516,-0.0003933404997037758,-4.571958557100486,0.0,0.0,0.0,-0.0019362172235397324,0.13515159632861784
2025-08-07 12:00:00+00:00,11788.561860423604,0.016193820762779056,0.014197806160425486,0.0607655195867189,0.22766763092056413,0.1341891651705416,0.25275933570875847,0.24461199336858294,0.14077187483155282,0.012665759273311261,0.002883583407564941,33.451592289996626,0.02534830136105448,0.0034014673981312047,39.459410222535126,0.025919024224970277,0.006551275345322706,75.99939410676005,0.01372579719221334,0.003357494611760204,38.94929502431376,0.0,0.0,0.0,0.014197806160425486,0.14934940248904333
2025-08-07 14:00:00+00:00,11790.039063745398,0.00012530818765565423,-1.3910457461923938e-05,0.0914502575104957,0.2626569174617892,0.15278817830309135,0.16782770182577197,0.23809336974107373,0.17863383266827368,0.0010339038413642587,0.0002715619959246389,3.2013253878977084,0.008016702334198156,0.0012248573456402766,14.439306589274656,-0.007348084544253619,-0.00123321214188356,-14.537797621619838,-0.0005791803953871799,-0.0001378990120257011,-1.625631033756276,0.0,0.0,0.0,-1.3910457461923938e-05,0.1493354920315814
2025-08-07 16:00:00+00:00,11792.892980362218,0.00024206167608016533,9.376713717568943e-05,0.12258601014482232,0.14836279511324932,0.19684244344249371,0.20405924391665725,0.2803935726556084,0.17034194487199122,0.0004268689620312571,6.33314723540488e-05,0.746680533018747,-0.005360721053272788,-0.001055217430739834,-12.441054729167696,0.007568826416035845,0.0015444889957926973,18.209585593920803,-0.0011075195425687134,-0.0003105413613267467,-3.661294780951018,0.0,0.0,0.0,9.376713717568943e-05,0.14942925916875707
2025-08-07 18:00:00+00:00,11787.24967622638,-0.00047853432955211956,-0.0005720632679223854,0.146282232868366,0.20829479557878547,0.2831926758453236,0.14072341452357365,0.2712793639011901,0.0965097501511271,-0.0015275542506714146,-0.0003181816003791071,-3.7522815615911886,-0.0017774256517445464,-0.0005033539264336564,-5.935998985677227,0.0018160805679379166,0.0002555650585701345,3.013851385237598,0.0003223103203764399,8.743613869050942e-05,1.0311250261932858,0.0,0.0,0.0,-0.0005720632679223854,0.14885719590083468
2025-08-07 20:00:00+00:00,11861.415152791122,0.0062920086196465086,0.005524384584969449,0.1871616559906797,0.25139884975963295,0.24241884300229743,0.1580969903234817,0.1248915407535366,0.22319377616105124,0.008157474516474972,0.002050779710385326,24.173052477251066,0.009767139489163634,0.0023677386544050986,27.909126687525184,0.007003955174686771,0.0011073042334785541,13.052071467554187,0.0061348111870085376,0.0007661860213775291,9.031225932411457,0.0,0.0,0.0,0.005524384584969449,0.15438158048580414
2025-08-07 22:00:00+00:00,11848.345182605759,-0.0011018896157839755,-0.0011674627294487258,0.21888099048793386,0.2419210917387853,0.15675757298641163,0.3769779808114157,0.12325925417974068,0.10108410028364688,-0.003032640601440484,-0.0007336597251518483,-8.702242580908703,0.0010161340366119376,0.00015928670540817287,1.889365741166677,-0.002454790933638762,-0.0009254021294773105,-10.976578841007342,0.0032280378141571475,0.00039788553343701033,4.719485495386133,0.0,0.0,0.0,-0.0011674627294487258,0.1532141177563554
2025-08-08 00:00:00+00:00,11917.96082703876,0.00587555843116414,0.005148699727378045,0.1531416547533411,0.20418938845454562,0.19463527818348977,0.26156802934231416,0.16601178997918797,0.17359551404046242,0.0031275145537235094,0.0006386052841074946,7.566415841541615,0.010014128781127951,0.00194910274108013,23.09364207268044,0.008120744811746405,0.0021241272172003293,25.167392481157297,0.007009882785566468,0.0011637231887761856,13.788194037622931,0.0,0.0,0.0,0.005148699727378045,0.15836281748373346
2025-08-08 02:00:00+00:00,11859.410434168913,-0.00491278614853412,-0.004836111271826088,0.1097246543957761,0.15038479240101285,0.1746075504873602,0.22567569869620036,0.2629217261658239,0.18641023224960257,-0.0049714817196470085,-0.0007476352463345457,-8.910287578728589,-0.0058691149016699695,-0.0010247917765094574,-12.213428248311173,-0.004963384865744547,-0.001120115347475047,-13.34949083297252,-0.007683822130929219,-0.0020202437782150693,-24.077186209835975,0.0,0.0,0.0,-0.004836111271826088,0.15352670621190737
2025-08-08 04:00:00+00:00,11856.980849955677,-0.00020486551390756964,-0.0003297561906736846,0.21371020468511687,0.1966213985531227,0.1533438623994787,0.39314929722920755,0.13589839681556848,0.12098704500262272,-0.00128901159323358,-0.0002534472622127754,-3.005735105997733,0.013335562786988664,0.0020449267050275982,24.251625102714954,-0.00678714531032798,-0.0026683614089479573,-31.645193135411066,0.0049449917583470615,0.0006720164522255647,7.969718925457037,0.0,0.0,0.0,-0.0003297561906736846,0.15319695002123368
2025-08-08 06:00:00+00:00,11789.311279652156,-0.005707150172530839,-0.005601250762015723,0.17371808047186116,0.23162136664412403,0.1866704755492137,0.22772911895611445,0.12760049461680034,0.22637854423374745,-0.0017706416815733705,-0.000410118446123074,-4.862766561894867,-0.0095679568642284,-0.001786055057879879,-21.177220618248203,-0.014655030462703666,-0.0033373771755465242,-39.5712172595343,-0.001360492320211626,-0.0001735994929813618,-2.0583658638420217,0.0,0.0,0.0,-0.005601250762015723,0.14759569925921795
2025-08-08 08:00:00+00:00,11872.204305591065,0.0070312017362692105,0.006195983769256996,0.07900189345582478,0.20412986899744873,0.13516007974006425,0.23695152900773342,0.14431658227412286,0.27944193998063077,0.0024590957365375754,0.0005019748905516,5.917938239282135,0.0037113930539536266,0.0005016321811190927,5.9138979311038335,0.02214237967914423,0.005246670720842991,61.85463430985499,0.005411186514050037,0.0007809239437555263,9.206555458667472,0.0,0.0,0.0,0.006195983769256996,0.15379168302847496
2025-08-08 10:00:00+00:00,11848.771785469662,-0.001973729521346604,-0.0019908701741706667,0.12792479280601432,0.23354770653897722,0.17230704108796133,0.2700547756253301,0.17257332957311497,0.15151714717461648,-0.001130227398020156,-0.0002639620166751232,-3.1338109908828984,-0.004073054509982077,-0.0007018159708049879,-8.33210259032355,-0.0009809531594866527,-0.00026491108538412663,-3.1450785284962306,-0.0043056505331408035,-0.0007430404484823661,-8.821528011700662,0.0,0.0,0.0,-0.0019908701741706667,0.1518008128543043
2025-08-08 12:00:00+00:00,11863.244059497432,0.0012214155432986099,0.000993817172450467,0.14583942990890225,0.2773599758763324,0.21014379952978313,0.20429587614848527,0.09249279914105756,0.21570754930434177,0.0017683481114181276,0.0004904689895238898,5.8114551247184805,0.004599964615656704,0.0009666540420366584,11.453663139594163,-0.002863922755911963,-0.000585087608640619,-6.932569549288882,0.003777376440363245,0.0003493801203786806,4.139725312746905,0.0,0.0,0.0,0.000993817172450467,0.15279463002675478
2025-08-08 14:00:00+00:00,11978.344273176619,0.00970225455212154,0.008461471482187566,0.11997671033641222,0.27990787943403245,0.2882780533251294,0.20953674367099143,0.1265464846019172,0.09573083896792947,0.00022644929473503161,6.33849418886149e-05,0.7519510353217007,0.020875606500305066,0.006017979203889362,71.39275604071956,0.014196619071065175,0.0029747133312884922,35.28975025611602,0.005106242793608828,0.0006461770750550703,7.665756347030489,0.0,0.0,0.0,0.008461471482187566,0.16125610150894235
2025-08-08 16:00:00+00:00,11860.418786558685,-0.009844890406264928,-0.009824722753258708,0.06842677860192957,0.23403959053274553,0.28849004003270584,0.18697825397034878,0.17244719966584995,0.11804491579834986,-0.006075027981154002,-0.0014217970611842543,-17.03077468545576,-0.011300678040682466,-0.0032601330603532043,-39.05099617327557,-0.017962618334816716,-0.0033586190129798036,-40.23069481990874,-0.0104631520560724,-0.0018043412717476657,-21.61302093929487,0.0,0.0,0.0,-0.009824722753258708,0.15143137875568363
2025-08-08 18:00:00+00:00,11986.263974747384,0.010610518098342193,0.009135581026365193,0.07945743183801507,0.22552372129824041,0.2675517874944198,0.17183129378850268,0.1375908497824722,0.197502347636365,0.004312623001746063,0.0009725987879101602,11.535428935913869,0.01975946755138369,0.005286680863310693,62.702249029750426,0.01540743182005433,0.00264747894359808,31.400208999669207,0.01238279657562158,0.00170375950352326,20.20730122336517,0.0,0.0,0.0,0.009135581026365193,0.16056695978204882
2025-08-08 20:00:00+00:00,12051.686433058458,0.005458119264593653,0.004690751336752314,0.08069759151807308,0.1845172395723628,0.26018215302823844,0.20283142529236703,0.18728830979668085,0.16518087231035083,-0.0021887798407078662,-0.0004038676142390514,-4.840863835120715,0.0070126714112133115,0.0018245719462490547,21.869800988659765,0.018987341772152,0.003851229594158888,46.16185454294767,0.0009941108370665752,0.00018618533842476245,2.23166661458688,0.0,0.0,0.0,0.004690751336752314,0.16525771111880114
2025-08-08 22:00:00+00:00,12036.552887779364,-0.0012557201320457212,-0.0013301405013482431,0.14786862174577414,0.26838647934480026,0.19507609480279,0.2005778491496703,0.10677932241905186,0.22918025428368752,0.004104817540336425,0.0011016775280036758,13.277072117847279,-0.005545459470374103,-0.0010817865773677282,-13.037352617927393,-0.0068482242395285775,-0.0013736020884592788,-16.554221653905454,0.0009176964561832257,9.799100577760995e-05,1.1809568748917747,0.0,0.0,0.0,-0.0013301405013482431,0.1639275706174529
2025-08-09 00:00:00+00:00,11989.407527582958,-0.003916849004524561,-0.003852124805233768,0.05025400510739428,0.21813247423740598,0.20289127286874453,0.2015979927220519,0.1368694606442942,0.24050879952750334,-0.0021952181718806196,-0.0004788483713232347,-5.763683746659126,-0.00716857415945682,-0.0014544411358661845,-17.50645765401522,-0.007536882617062202,-0.001519420406981465,-18.28858408740365,-0.0033911077618689056,-0.00046413909035367677,-5.586634708327836,0.0,0.0,0.0,-0.003852124805233768,0.1600754458122191
2025-08-09 02:00:00+00:00,12000.38663169137,0.000915733666000839,0.0006821165548192202,0.13912247472524625,0.19115560001859094,0.22905753923521396,0.31455420108082877,0.11662068643740803,0.14861197322795833,-0.0009554767381526608,-0.00018264472918537797,-2.1898020909685214,0.00590346451311996,0.0013522330543376687,16.212473160722542,-0.002423654871546277,-0.0007623708218148978,-9.140374469877141,0.0043604284814116046,0.000508516162663446,6.096807508534719,0.0,0.0,0.0,0.0006821165548192202,0.16075756236703834
2025-08-09 04:00:00+00:00,11998.872722685546,-0.00012615501919138007,-0.0002741072420949031,0.04344144722083644,0.20987404110779417,0.2387424308690054,0.2734699671218002,0.13165880093524981,0.14625475996615045,-0.0015377915820130594,-0.0003227425336986287,-3.8730351868752253,0.0044233086547091904,0.0010560314607091822,12.67278582373998,-0.0032393909944931076,-0.0008858761487586859,-10.630856292897969,0.0002007628990161603,2.643220255675231e-05,0.31719665020820886,0.0,0.0,0.0,-0.0002741072420949031,0.16048345512494344
2025-08-09 06:00:00+00:00,12177.745148891992,0.014907435918397818,0.012447177005243696,0.08751151518395048,0.21549537312242426,0.2326633506531576,0.3553601502911205,0.10083608172514615,0.09564504420815133,0.0030521374886465225,0.0006577215069368213,7.891916648707857,0.03232025514561765,0.00751973885614436,90.22838944270917,0.014705882352941124,0.005225884563104695,62.704723736140394,0.014916198313930096,0.0015040909922119422,18.047396378888912,0.0,0.0,0.0,0.012447177005243696,0.17293063213018714
2025-08-09 08:00:00+00:00,12176.80062175233,-7.756174300852593e-05,-0.0002588776344180972,0.1912568340009817,0.19267723696351022,0.24845956558029214,0.18692145244905295,0.1420185145605843,0.2299232304465604,0.00014365350876488492,2.7678761148931425e-05,0.3370648993087398,-0.0027044799674791342,-0.0006719539178404683,-8.18288356326073,0.0025622547842101273,0.0004789403858090917,5.832413959895126,0.0006180393320229793,8.777302787391929e-05,1.0688775643951822,0.0,0.0,0.0,-0.0002588776344180972,0.17267175449576905
2025-08-09 10:00:00+00:00,12232.349633608539,0.004561872496867183,0.003855711678419853,0.22708575846584209,0.26225794480496084,0.14608800363614982,0.2435990259428226,0.24284599169120616,0.10520903392486067,0.006465449313097338,0.0016956154490935535,20.64717125477524,0.01174400092072192,0.0017156576492093707,20.89122112960681,-0.00023959747623980565,-5.836571183037524e-05,-0.7107076361051305,0.00497832021840372,0.0012089651103946335,14.721327107930248,0.0,0.0,0.0,0.003855711678419853,0.1765274661741889
2025-08-09 12:00:00+00:00,12199.445296438396,-0.0026899441363037626,-0.0027081155920326166,0.22892148007372976,0.21782714181700372,0.22329962720692995,0.1588270926482483,0.14312724790000786,0.2569188904278103,-0.0034114287970612445,-0.0007431017843760701,-9.089880839846472,-0.007019589441703222,-0.001567471705478031,-19.173861942195945,-0.000239654896948438,-3.806369052123596e-05,-0.4656083708012295,-0.0023846399685325537,-0.00034130695592842576,-4.174986017299124,0.0,0.0,0.0,-0.0027081155920326166,0.17381935058215628
2025-08-09 14:00:00+00:00,12103.08811478969,-0.007898488767914456,-0.007826969880672397,0.10679631339350014,0.20107952090184256,0.2194618358501668,0.26562340604174833,0.08510212083071608,0.22873311637552615,-0.001209802749551625,-0.0002432665572655726,-2.9677170578142515,-0.00583532219570404,-0.001280630521846435,-15.622981996214941,-0.022293248102277285,-0.005921608492660635,-72.24033887313844,-0.00532281912272059,-0.00045298319614181385,-5.526143721537882,0.0,0.0,0.0,-0.007826969880672397,0.1659923807014839
2025-08-09 16:00:00+00:00,12107.309001090278,0.000348744573331611,0.0001472292672110044,0.08074075548844924,0.24545836328261464,0.24856389114754127,0.20671780449279847,0.09236197864101878,0.2068979624360268,-0.00064838068974582,-0.00015915046288906174,-1.926212075855881,0.010567632125409565,0.002626731761307563,31.791565961022158,-0.009807126511932052,-0.0020273076609297106,-24.536683256020467,-0.0009909820632245658,-9.152906415718007e-05,-1.107784328558589,0.0,0.0,0.0,0.0001472292672110044,0.1661396099686949
2025-08-09 18:00:00+00:00,12138.570822469208,0.0025820619079032765,0.002155213717989446,0.027082775559887015,0.2386010446090685,0.22833843426120046,0.22692548556522701,0.09734112961325103,0.20879390595125308,-0.0019014054625241528,-0.0004536773295836519,-5.4928116160587495,0.006038621521913257,0.0013788493834096605,16.694155550903563,0.008253549026081108,0.001872940620379862,22.676270831632714,-0.0022195218728300325,-0.00021605076630259388,-2.615793387547847,0.0,0.0,0.0,0.002155213717989446,0.16829482368668433
2025-08-09 20:00:00+00:00,12140.808881021187,0.00018437578729088534,-7.404321505485537e-06,0.07976660234632238,0.2515671623473383,0.18880366132516507,0.18669365615494002,0.10668940173194791,0.2662461184406088,-0.0011531648778926318,-0.0002900984160500642,-3.5213801687098427,0.00556789980613881,0.0010512398692906842,12.760549604788244,-0.003110674525212853,-0.0005807432002200197,-7.049392465538125,3.7281437572200815e-05,3.977534270285069e-06,0.048281581438653694,0.0,0.0,0.0,-7.404321505485537e-06,0.16828741936517885
2025-08-09 22:00:00+00:00,12147.5660724162,0.0005565684676559589,0.0003338214312092026,0.16428716421389555,0.23988443326239353,0.2441973436611098,0.20575715164474678,0.19651938812009195,0.11364168331165797,-9.945451899362467e-05,-2.3857590924169608e-05,-0.28965045177192883,0.004597787520223884,0.0011227674991568736,13.63130562508572,8.211528986712402e-05,1.6895808149542176e-05,0.2051287776339918,-0.0028457103091759084,-0.0005592372487262873,-6.789592555933963,0.0,0.0,0.0,0.0003338214312092026,0.16862124079638804
2025-08-10 00:00:00+00:00,12095.67817153629,-0.00427146479966337,-0.004225309090759693,0.07633588703503039,0.2026690350195693,0.25672501975114487,0.16663666285254058,0.19972215046699415,0.17424713190975102,-0.000530705710724666,-0.00010755761427194275,-1.3065632259598803,-0.004095228077556801,-0.0010513475090962127,-12.771313331816437,-0.013301584694966784,-0.002216531684219694,-26.925465085662694,-0.004486372643096481,-0.0008960279920755216,-10.88455923647182,0.0,0.0,0.0,-0.004225309090759693,0.16439593170562836
2025-08-10 02:00:00+00:00,12181.608407215394,0.007104209822754351,0.006104277750561776,0.06721032543196773,0.2519221862898737,0.25263243873631086,0.18459383701420395,0.19560784415337656,0.1152436938062349,0.0009803176565796878,0.0002469637673041205,2.9871942493408183,0.009416447802320205,0.002378900172533328,28.774410889175293,0.011234085046184505,0.0020737428640190884,25.08332629369484,0.012292978481028394,0.002404603018897814,29.08530424689255,0.0,0.0,0.0,0.006104277750561776,0.17050020945619013
2025-08-10 04:00:00+00:00,12218.65612456952,0.003041282900883773,0.002565699507328481,0.043803419422428,0.23383796697866996,0.24872136183992966,0.16901863154390398,0.23941126357580447,0.10901077606169171,0.016500592486885512,0.003858465001076824,47.00230969606379,-0.013490670231936397,-0.0033554178722206202,-40.8743865619635,0.010533245556286985,0.001780314749639534,21.687097121698514,0.003165770110678423,0.0007579210223880356,9.232697098327382,0.0,0.0,0.0,0.002565699507328481,0.17306590896351862
2025-08-10 06:00:00+00:00,12172.385303351042,-0.0037868993731180224,-0.0037788065796067302,0.08110190894977155,0.23270706211439005,0.26014379032155294,0.2386981120120523,0.16809862163477762,0.10035241391722696,-0.0038396624472574192,-0.0008935165676122232,-10.917571681259426,-0.00522776608457276,-0.001359970884155222,-16.61701657291943,-0.007491856677524389,-0.0017882920443899584,-21.85052554070431,0.0015162534978612197,0.0002548801230393813,3.114292576406169,0.0,0.0,0.0,-0.0037788065796067302,0.1692871023839119
2025-08-10 08:00:00+00:00,12057.423826990387,-0.00944444934133051,-0.00944809239761857,0.11845974030719415,0.31509816163849264,0.1874821100106621,0.24014124812629914,0.12230056163847439,0.13497791858607175,-0.0020052522343174672,-0.0006318512926549138,-7.69113738861603,-0.008394640508938456,-0.00157384491539676,-19.157446717929286,-0.021906793567443406,-0.005260724749731041,-64.03556862860121,-0.016173502043227983,-0.0019780283835477953,-24.077323625508402,0.0,0.0,0.0,-0.00944809239761857,0.15983900998629333
2025-08-10 10:00:00+00:00,12107.256056310622,0.004132908491504266,0.0035515024337826116,0.4252353577295452,0.12413282054737942,0.08689163595874992,0.10646170553977934,0.3038450770824685,0.3786687608716228,0.0041151603168163575,0.000510826457131062,6.15925109566915,0.009617406430401099,0.0008356721784177529,10.076053635607176,0.012247294690042931,0.0013038678809502535,15.721287655017052,0.004879269360690719,0.0014825419750051983,17.875636933941067,0.0,0.0,0.0,0.0035515024337826116,0.16339051242007593
2025-08-10 12:00:00+00:00,12089.589089067327,-0.0014592048901192107,-0.0015180273574318794,0.1013989219989466,0.10184133354019892,0.13860453582448018,0.1409108388259685,0.31908196592949567,0.29956132587985673,0.00031692468258293083,3.227603230604993e-05,0.39077418761110033,-0.0106002551255866,-0.0014692434413029975,-17.788506552910377,0.011767630728432898,0.0016581867169377224,20.076091171138067,-0.005266434262948261,-0.0016804241980599855,-20.34532604913268,0.0,0.0,0.0,-0.0015180273574318794,0.16187248506264407
2025-08-10 14:00:00+00:00,12062.557184174037,-0.0022359655645977582,-0.0022480819392519703,0.14359211206183622,0.24185675881296567,0.13490449920678585,0.14448752561503794,0.1871960917265614,0.2915551246386491,0.0010260238731187865,0.00024815080841723527,3.000041305884244,-0.0031407125327107543,-0.00042369625137782035,-5.1223135777360245,-0.01187648456057011,-0.0017160038671619766,-20.74578162923877,-0.001839868831120084,-0.00034441625447519656,-4.163850992200772,0.0,0.0,0.0,-0.0022480819392519703,0.1596244031233921
2025-08-10 16:00:00+00:00,12185.187795116439,0.01016622007009363,0.008692850358448564,0.14022545481451681,0.2616608467110912,0.17189981586405667,0.2279135758741585,0.08368065067803337,0.2548451108726604,0.003064617149952431,0.0008018903183018842,9.672847819951999,0.012115322319403932,0.002082621675839232,25.1217430578111,0.02984084880636595,0.006801134558578978,82.03907453012117,0.005742946708463981,0.0004805735173735359,5.796945534517932,0.0,0.0,0.0,0.008692850358448564,0.16831725348184068
2025-08-10 18:00:00+00:00,12164.521713382524,-0.001696000265354677,-0.0017522157595757967,0.10495294859911017,0.32092997440161153,0.1273395717276704,0.19969763554585063,0.1293644715866231,0.22266834673824423,-0.002480074064722504,-0.0007959301061054938,-9.698557814682395,0.0014390911203101542,0.00018325324693738845,2.2329752279969246,-0.005473277527366371,-0.001093000580901304,-13.318417338453749,7.480550568517152e-05,9.677174714732344e-06,0.11791819122516596,0.0,0.0,0.0,-0.0017522157595757967,0.16656503772226489
2025-08-10 20:00:00+00:00,12199.943772191558,0.0029119154573964165,0.002460722927646174,0.24859071817637413,0.10635264716897608,0.18871307066524076,0.16568424460211204,0.312802151190817,0.2264478863728542,0.0012045190896785574,0.00012810379375287987,1.5583213806735838,0.005868830802957303,0.0011075250820408232,13.472512908601356,0.00809323405632889,0.0013409213710109393,16.311667133601237,0.0010721320467748097,0.0003353652105917741,4.079557386156739,0.0,0.0,0.0,0.002460722927646174,0.16902576064991107
2025-08-10 22:00:00+00:00,12176.920635835677,-0.0018871510218235318,-0.0019414377671045332,0.15803741655498885,0.1834669630235209,0.1799197848553256,0.13448940378701457,0.393725251891261,0.10839859644287797,0.0004534687239308166,8.319652960573833e-05,1.014992983231478,-0.0059946337789493764,-0.0010785532197950393,-13.158288636815643,-0.003131021194605066,-0.00042108917370694144,-5.1372642423032895,-0.0011955168119551773,-0.0004707051579272895,-5.742576459993479,0.0,0.0,0.0,-0.0019414377671045332,0.16708432288280653
2025-08-11 00:00:00+00:00,12208.328343507916,0.0025792816272292383,0.0021727675771603806,0.2876545944305232,0.13984892118846606,0.19820363926518197,0.12347289721343217,0.16070520586937503,0.37776933646354477,0.004863418771885231,0.0006801438685358841,8.282057908111714,0.006452254500595611,0.0012788603234831994,15.57258066337406,-0.003382459531287796,-0.00041764207803529196,-5.085594438421241,0.006458530746596303,0.0010379195132454472,12.638663539175008,0.0,0.0,0.0,0.0021727675771603806,0.1692570904599669
2025-08-11 02:00:00+00:00,12261.255664113742,0.004335345439326484,0.0037257433663590326,0.1491679234226931,0.17807820942047373,0.22966598321141204,0.2029491884578875,0.10684086184905611,0.28246575706117055,0.005815283500204993,0.0010355752729889302,12.642642957066704,0.012522996861604963,0.002876106386973931,35.112451123037985,-0.0008080808080808133,-0.000163999344208395,-2.0021578422160595,0.0055003592576992055,0.0005876631235720176,7.174384367938657,0.0,0.0,0.0,0.0037257433663590326,0.17298283382632593
2025-08-11 04:00:00+00:00,12382.024905110029,0.009849663387229925,0.008337389695230436,0.23498643691721935,0.2556663170788202,0.2050540517280022,0.1529946848236741,0.264239191107929,0.12204575526157445,0.014509784311764529,0.003709663116596881,45.48512790032734,0.0013569372253885437,0.0002782454760064742,3.4116389186984057,0.018034775576223128,0.0027592248051499526,33.83156077070799,0.011741369538969648,0.003102529989476617,38.04091340655292,0.0,0.0,0.0,0.008337389695230436,0.18132022352155636
2025-08-11 06:00:00+00:00,12347.939448962503,-0.0027528176052577357,-0.0028091262094002375,0.17928101545062824,0.21373968308890262,0.18817315659951428,0.22372351725408265,0.14376570477570624,0.23059793828179412,0.002713732964207294,0.0005800324237575753,7.181975916737632,-0.0007378789460860125,-0.00013884901047332777,-1.7192319057306278,-0.013822688274547135,-0.003092460438688452,-38.290922169907894,-0.0007062920883109669,-0.00010154057985353152,-1.2572779886257408,0.0,0.0,0.0,-0.0028091262094002375,0.17851109731215611
2025-08-11 08:00:00+00:00,12281.249876435508,-0.00540086650105814,-0.005402738193731739,0.12089196219899545,0.14184572047106553,0.139175157018356,0.28640344850484456,0.18260197905611042,0.24997369494962357,-0.004278246957586385,-0.0006068510220519849,-7.493359674838917,-0.007611802706160908,-0.0010593738368226916,-13.081083990901679,-0.0062026743998711,-0.0017764673380758,-21.93571112361958,-0.01072372990823911,-0.001958174304107663,-24.17941773763571,0.0,0.0,0.0,-0.005402738193731739,0.17310835911842437
2025-08-11 10:00:00+00:00,12322.41384879473,0.003351773864499145,0.0028405665340456993,0.2084911685630747,0.269580506023289,0.12201826448452396,0.21946493687034133,0.2633583620669616,0.12557793055488412,-0.0008013188396567283,-0.00021601993828065558,-2.6529948403169072,-0.00176896312086261,-0.00021584580994478286,-2.6508563267134866,0.018156764205236264,0.00398477311007185,48.93799426569344,-0.0007637255022725498,-0.00020113349734726628,-2.4701707394431556,0.0,0.0,0.0,0.0028405665340456993,0.17594892565247006
2025-08-11 12:00:00+00:00,12189.615259499336,-0.010776994745098717,-0.010954310704474356,0.23899031288756492,0.14169719205419473,0.25618530079223195,0.10835793795187068,0.3105902815131701,0.1831692876885326,-0.007231734255052413,-0.0010247164376230606,-12.626980022054003,-0.018993795313316686,-0.00486593116552812,-59.960017581385586,0.007801926598200781,0.0008454006782328897,10.417377025237418,-0.018454369506527457,-0.005731747820180425,-70.62896871719028,0.0,0.0,0.0,-0.010954310704474356,0.1649946149479957
2025-08-11 14:00:00+00:00,12233.591970617053,0.0036077193727215816,0.0030715232627106476,0.24689407453761425,0.24128552434435466,0.22612558624177076,0.2490990331847428,0.09375592152601696,0.18973393470311478,-0.004574759460998834,-0.001103823235296401,-13.455180552758936,0.02260877876275358,0.005112423351938149,62.31847370380601,-0.0031598072517576847,-0.0007871049314629784,-9.5945062833883,0.004119464469618972,0.0003862241875428114,4.7079242500595875,0.0,0.0,0.0,0.0030715232627106476,0.16806613821070635
2025-08-11 16:00:00+00:00,12287.207710514074,0.004382665371364192,0.003743564537133256,0.13725305168062674,0.21249863233073008,0.22835711421480653,0.14349167514460456,0.22877744523360796,0.18687513307625092,0.002536538833141977,0.000539011032896456,6.594041044116088,0.011687680502462605,0.0026689649914070205,32.65102868873494,-0.007607575877644823,-0.0010916238064729408,-13.354480233801793,0.00990619136960591,0.002266313153533656,27.72515039797315,0.0,0.0,0.0,0.003743564537133256,0.1718097027478396
2025-08-11 18:00:00+00:00,12286.867580925109,-2.7681601628173734e-05,-0.00021105310382265439,0.28819102515474093,0.15622730887279668,0.14422224779671727,0.3004737358582442,0.08099260995488976,0.31808409751735217,-0.006768848949086692,-0.0010574790554822718,-12.99346480422891,-0.008326135056608508,-0.0012008139133231268,-14.754649974676502,0.008224866246107077,0.0024713562879021666,30.36606803613894,-0.002972430705209139,-0.00024074492072494172,-2.9580828461986033,0.0,0.0,0.0,-0.00021105310382265439,0.17159864964401694
2025-08-11 20:00:00+00:00,12200.833245165024,-0.0070021374604582005,-0.00695912618920039,0.2789218782732679,0.17218487970985388,0.13442000423679668,0.15660696100410115,0.3439569173911004,0.19283123765814789,-0.003436903478083342,-0.0005917828119481587,-7.271157047074531,-0.00799079579569073,-0.0010741228047121251,-13.197604667149761,-0.037620782512276296,-0.005891676419843825,-72.39024800028,0.0016148667113862203,0.0005554445760459081,6.8246739544191595,0.0,0.0,0.0,-0.00695912618920039,0.16463952345481656
2025-08-11 22:00:00+00:00,12136.320274231832,-0.005287587301363855,-0.005194427282963602,0.2145160574299515,0.21066410105199634,0.15647991149386262,0.31058388983484425,0.18469261384029365,0.13757948377900317,-0.003163088539440584,-0.0006663492037091227,-8.130015517503505,-0.009259563598458143,-0.0014489356923585222,-17.67822276543406,-0.0077359888075057,-0.0024026734955539387,-29.314618661831354,-0.004167080067467022,-0.0007696289097422714,-9.390113988423616,0.0,0.0,0.0,-0.005194427282963602,0.15944509617185296
2025-08-12 00:00:00+00:00,12139.548649680504,0.0002660094143632764,9.020338589111174e-05,0.27335487114001106,0.14396959295316916,0.184880641129036,0.10392352679366038,0.22398704850690387,0.34323919061723057,-0.00022415478861093074,-3.2271473674819376e-05,-0.39165694023904923,0.0007772622359560888,0.00014370074050894976,1.7439982104608944,-0.004229907937297717,-0.00043958695085647597,-5.3349680239672015,0.00265268506525862,0.000594167098385622,7.211002202418923,0.0,0.0,0.0,9.020338589111174e-05,0.15953529955774406
2025-08-12 02:00:00+00:00,12208.63340035452,0.005690882970005095,0.004927721935766817,0.20428993954341967,0.21298172799864895,0.2129065251797231,0.21117544724091308,0.13040572445007215,0.23253057513064254,0.0024526060360952062,0.0005223602716674738,6.341217930567623,0.011076856048228612,0.002358334931144353,28.629121628867797,0.00949525237381299,0.0020051641667053,24.34178795231506,0.006173222869492845,0.0008050236004879676,9.772623162264646,0.0,0.0,0.0,0.004927721935766817,0.16446302149351089
2025-08-12 04:00:00+00:00,12182.484693123599,-0.0021418209862999154,-0.0021702602316418574,0.18991466568101184,0.19141298581085886,0.19493722907843966,0.13910298850831748,0.3203203901310841,0.15422640647129995,-0.0010034705000769861,-0.0001920772845928516,-2.3450011521296883,0.0037681498829040816,0.0007345526969255685,8.967884590005987,-0.014521452145214608,-0.0020199773908798698,-24.661163442256957,-0.0020739204503369413,-0.0006643190077527626,-8.110427226540752,0.0,0.0,0.0,-0.0021702602316418574,0.16229276126186903
2025-08-12 06:00:00+00:00,12170.288873220921,-0.001001094621490584,-0.0010927861692272035,0.2426917772034599,0.17621075707774747,0.13068661970595646,0.23530074995784175,0.15708145103321877,0.30072042222523554,-0.0003171860131905291,-5.589158751877552e-05,-0.6808984094218608,-0.0001399877277425965,-1.829452293899768e-05,-0.22287274567233778,-0.002427997320830433,-0.0005713095904870313,-6.959970341142971,-0.002263786832925163,-0.0003555989205457794,-4.332078406440233,0.0,0.0,0.0,-0.0010927861692272035,0.16119997509264183
2025-08-12 08:00:00+00:00,12195.626195458142,0.0020818998218663136,0.0017477152275585228,0.19423870513741867,0.1407786878786864,0.158543352126863,0.1370964714509674,0.32346342374973086,0.24011806479375225,0.0014032149469784816,0.00019754275904739112,2.4041524424198255,0.007019033996112478,0.001112821178436083,13.543355205805254,0.0016785564414603105,0.0002301241652555009,2.800677567868275,0.001673795796912847,0.0005414117191273387,6.589137021126861,0.0,0.0,0.0,0.0017477152275585228,0.16294769032020034
2025-08-12 10:00:00+00:00,12149.926629547359,-0.0037472094649640296,-0.0037231427424537504,0.2010245400674318,0.1862965602524044,0.2019944305366375,0.21897869738174813,0.12243888368229908,0.2702914281469108,-0.004860626054686845,-0.0009055179146613745,-11.04335800050089,-0.006383861228064669,-0.001289504413387842,-15.726313803071653,-0.0025136154168412528,-0.0005504282296985774,-6.712816936831621,-0.00818170565664067,-0.0010017589072162355,-12.217077170379843,0.0,0.0,0.0,-0.0037231427424537504,0.1592245475777466
2025-08-12 12:00:00+00:00,12166.497461730227,0.0013638627366331902,0.0011046232463289918,0.08248506752392624,0.24895813927589294,0.19582246900558437,0.1468654633310053,0.1422623721827368,0.26609155620478053,0.0009614184401476322,0.00023935294592468596,2.9081207315509507,0.0006809669731016044,0.00013334863398401552,1.620176119056154,0.0044519109617808805,0.0006538319661103305,7.944010416293211,0.002371176477929504,0.0003373291906141581,4.098524915966617,0.0,0.0,0.0,0.0011046232463289918,0.16032917082407558
2025-08-12 14:00:00+00:00,12270.240526764948,0.00852694584953847,0.007400995656210191,0.165436212895415,0.11274606993988255,0.1665983254461798,0.20556892898246454,0.21425500042935663,0.3008316752021165,0.0027431987014756576,0.0003092848726555695,3.762913618115543,0.021568700564445153,0.003593309396086636,43.71798964669943,0.011958521491888252,0.002458300455301252,29.908906249592945,0.010109687620612595,0.002166051125495013,26.353255520312974,0.0,0.0,0.0,0.007400995656210191,0.16773016648028577
2025-08-12 16:00:00+00:00,12444.502229815358,0.01420197938828471,0.011828309162145584,0.20152069890921692,0.17097926732230292,0.15937153348188646,0.18577853259518456,0.35754250195615317,0.1263281646444729,0.009134827154328562,0.001561866053962975,19.164472152714946,0.02033311356932499,0.0032405194900046773,39.761953574027075,0.028344764895463115,0.005265848829034638,64.61323170983856,0.011561548606574767,0.004133745015282419,50.72204561383093,0.0,0.0,0.0,0.011828309162145584,0.17955847564243135
2025-08-12 18:00:00+00:00,12480.575934842376,0.0028987664079154992,0.0024022723241813905,0.15028857241806742,0.17498893559910741,0.2519073470953173,0.1405771987852378,0.25245526334803253,0.18007125517230502,-0.005528086514970831,-0.000967353975154525,-12.038238700831236,0.006179823012015362,0.001556742820475383,19.372889500654953,0.005705560912889762,0.0008020717706325869,9.98138393810918,0.0059705857266445506,0.0015073057919620541,18.757670289085386,0.0,0.0,0.0,0.0024022723241813905,0.18196074796661274
2025-08-12 20:00:00+00:00,12590.346902430188,0.008795344714931156,0.0073492736283388765,0.17184683490365232,0.2576459791783549,0.2120994717280785,0.2104003995223735,0.12041630381161894,0.19943784575957413,0.0033140773035968962,0.0008538586919579845,10.656648242606812,0.003713118797580517,0.0007875505354304256,9.829084259965198,0.02972433080303638,0.0062540110764940475,78.05366013752928,0.00747344323453536,0.000899924411048698,11.231574947711579,0.0,0.0,0.0,0.0073492736283388765,0.1893100215949516
2025-08-12 22:00:00+00:00,12669.806855590623,0.006311180603379412,0.0052710876430819885,0.08489231293463496,0.2399677332059622,0.2634568740921462,0.21913259196439333,0.1452190219401664,0.13222377879733188,0.001989633249479983,0.00047744778078892417,6.011233187927999,0.015390848289893233,0.004054824780081725,51.05165060979912,0.008070148211375638,0.0017684324950955565,22.26517858678323,7.213619313262143e-05,1.0475547413206231e-05,0.13189077592512163,0.0,0.0,0.0,0.0052710876430819885,0.1945811092380336
2025-08-13 00:00:00+00:00,12690.69078988593,0.0016483230197066098,0.0012515143809093312,0.09832817179620129,0.2685793693148683,0.18279742418916092,0.20146387007117733,0.14864373059354413,0.19851560583124936,0.0019242997026938102,0.0005168272005222921,6.5481008083330465,0.0008786675649572473,0.00016061816759274704,2.03500116089899,0.0042337002540220325,0.0008529376378966052,10.806555132013681,0.0007934408886538513,0.00011794001369496533,1.4942771940609236,0.0,0.0,0.0,0.0012515143809093312,0.19583262361894294
2025-08-13 02:00:00+00:00,12615.968206466592,-0.0058879839290457234,-0.005960884619465396,0.17506613510930363,0.19878189539967464,0.11753688706814021,0.34372221939155967,0.10863560652045484,0.2313233916201706,-0.005457401808262707,-0.0010848326754040727,-13.767276042317778,-0.0011523748943477186,-0.0001354465578171078,-1.718910383811322,-0.012877510347999443,-0.004426286437052144,-56.17263252009465,-0.002222275610224922,-0.00024141825877239828,-3.063764473113173,0.0,0.0,0.0,-0.005960884619465396,0.18987173899947754
2025-08-13 04:00:00+00:00,12711.069644179479,0.007538179880965564,0.006274170762621081,0.14590308570993354,0.21634535308804548,0.10390636805386272,0.2296529206842246,0.23697523454201752,0.21312012363184962,2.9628769099510066e-05,6.410046512397677e-06,0.08086894300238115,0.013469335235091862,0.0013995497043783165,17.65667457380656,0.01964590774965047,0.004511740094200073,56.91996958426871,0.0068381830658656995,0.0016204800358747766,20.443924611810022,0.0,0.0,0.0,0.006274170762621081,0.1961459097620986
2025-08-13 06:00:00+00:00,12693.819975004264,-0.001357058820231813,-0.0015110944037891403,0.15109371821470852,0.18226129333603244,0.24127222552324232,0.12282259738445193,0.25070309528734647,0.20294078846892685,-0.0034426103143059272,-0.0006274546083373635,-7.975619225137585,-0.003180553433512867,-0.0007673792052992392,-9.754210522053732,0.00038077831086757996,4.676818116842045e-05,0.5944736079633955,-3.587186569564693e-05,-8.993187763630668e-06,-0.11431303598669212,0.0,0.0,0.0,-0.0015110944037891403,0.19463481535830948
2025-08-13 08:00:00+00:00,12725.374803749957,0.0024858418354623954,0.0019987608773248716,0.24456948351139055,0.2892411690383002,0.17622600208304243,0.24268602953257465,0.07117983521615584,0.22066696412992695,0.004280818754037519,0.0012381890208588917,15.71734852580957,-0.0014269646669731184,-0.0002514682783744327,-3.1920930551093063,0.0025121802679657357,0.0006096710547026838,7.739054612366845,0.012495814798871185,0.0008894500382752525,11.290518662626708,0.0,0.0,0.0,0.0019987608773248716,0.19663357623563435
2025-08-13 10:00:00+00:00,12811.760951856357,0.006788495383330027,0.0056461471954910684,0.11193800824943413,0.20390387089661363,0.20485681512199855,0.216085319424827,0.1215413267142721,0.2536126678422886,0.004479162136938886,0.0009133184980953865,11.622320203461785,0.01755880318228975,0.0035970404972778913,45.773688512128295,0.006530488267902035,0.0014111426433696965,17.957319038433848,0.007133324672563779,0.0008669937445870523,11.032820352376902,0.0,0.0,0.0,0.0056461471954910684,0.2022797234311254
2025-08-13 12:00:00+00:00,12805.289296837946,-0.000505133918961718,-0.000732434116979892,0.11945281076752153,0.27316281096323,0.1612872926692538,0.2662791901257322,0.06973157694012665,0.2295391293016573,0.0037829258745003536,0.0010333546655440515,13.239092953435865,-0.0035140498255722408,-0.0005667715826714102,-7.261342031491401,-0.004300264051301572,-0.0011450708289073828,-14.670373732905398,0.0024860161591049312,0.00017335382707302363,2.2209677925490237,0.0,0.0,0.0,-0.000732434116979892,0.2015472893141455
2025-08-13 14:00:00+00:00,12809.791361628804,0.00035157853028529995,6.3554327176501e-05,0.19854556301319148,0.13982176695949117,0.16478854334583534,0.20107467111627958,0.19345792317511423,0.30085709540327965,0.00993245357629613,0.001388773209280842,17.78364271253925,-0.004110628789752324,-0.0006773845304987395,-8.674104878239106,0.0,0.0,0.0,-0.0018598884066955979,-0.0003598101484968026,-4.607473043439778,0.0,0.0,0.0,6.3554327176501e-05,0.201610843641322
2025-08-13 16:00:00+00:00,12708.404040085778,-0.007914830045298537,-0.008162985866523286,0.18113895683229525,0.21561099822401736,0.21056860708793154,0.26064433294195244,0.16722378156242296,0.1459522801836757,-0.006958808625946555,-0.0015003956742902394,-19.219755547548335,-0.0014172554056947062,-0.0002984294966649756,-3.8228195884342364,-0.014547658736172031,-0.003791764807156726,-48.57171607204434,-0.013898980428922902,-0.0023242400671865952,-29.7730303349984,0.0,0.0,0.0,-0.008162985866523286,0.19344785777479873
2025-08-13 18:00:00+00:00,12778.481747417989,0.005514280716222811,0.004613632871163824,0.12798830504277542,0.24112323922651532,0.2635337873657129,0.13712684977112574,0.21673466532491906,0.14148145831172704,0.007464732438911881,0.0017999204656296787,22.874116517241283,0.01328579575420541,0.00350125607327306,44.49537682695822,-0.0026910656620020568,-0.0003690173567575911,-4.689621667479946,0.0026858718387525737,0.000582121534077664,7.397835655493516,0.0,0.0,0.0,0.004613632871163824,0.19806149064596254
2025-08-13 20:00:00+00:00,12819.938097297889,0.0032442312552722896,0.002662180127827242,0.09635084336427638,0.24891931144969934,0.2526385848605687,0.09324940638177608,0.17515646785513653,0.23003622945281937,0.007559886967389184,0.0018818018585600713,24.046570701867118,0.0026722523723379243,0.0006751140577377508,8.626932664227143,0.00400894302675181,0.00037383155746296693,4.776999733649362,0.00178973568804075,0.0003134837815115003,4.005846780156276,0.0,0.0,0.0,0.002662180127827242,0.20072367077378978
2025-08-13 22:00:00+00:00,12788.462436078587,-0.002455211638341441,-0.002589392619001844,0.08115740525553945,0.18909065039129216,0.2313098406634365,0.14714211215426923,0.18446751860777022,0.24798987818323204,-0.0014913125848207143,-0.0002819932666004679,-3.615136221672819,-0.0037603028499803015,-0.0008697950530752096,-11.15071873776012,-0.006603701144129559,-0.0009716825343827876,-12.456909941012864,-0.0017983696359484824,-0.00033174078428297566,-4.2528963188568,0.0,0.0,0.0,-0.002589392619001844,0.19813427815478793
2025-08-14 00:00:00+00:00,12870.25497062772,0.0063958067639453015,0.005342966736713257,0.16331548472046103,0.17934144552283665,0.15840998974681708,0.2688692766459842,0.2260558388365162,0.16732344924784584,0.006080800305676037,0.0010905395167556476,13.946323645088894,0.005962517686331381,0.0009445223655569696,12.078988791961393,0.01190384169436487,0.0032005773056721894,40.93046264735441,0.005132216809491608,0.0011601675759604943,14.836759464727132,0.0,0.0,0.0,0.005342966736713257,0.20347724489150118
2025-08-14 02:00:00+00:00,12875.84117872084,0.00043404020401064975,0.0001355271197418943,0.08344408713124603,0.2159673852125668,0.205228137188333,0.20902630356822746,0.21902744161447363,0.15075073241639916,0.0002531903443161454,5.46808566230274e-05,0.7037565667507001,-0.005939810204008578,-0.0012190161834209326,-15.68904909394889,0.009166603009701513,0.001916061143395296,24.66019545480994,-0.0014504374896818772,-0.00031768561258674105,-4.088694834491417,0.0,0.0,0.0,0.0001355271197418943,0.2036127720112431
2025-08-14 04:00:00+00:00,12939.173742680066,0.0049187127334167,0.004100722302159449,0.1717929095623798,0.16786097224542146,0.1666763965120612,0.23127125464778225,0.13389268569551094,0.3002986908992242,-4.216068312024035e-06,-7.077133259094674e-07,-0.009112404384474602,0.011224079134100062,0.0018707890642380145,24.087982870016454,0.007493755203996422,0.0017330901680515998,22.31499375223501,0.009825340403169625,0.0013155412144529952,16.9386997413583,0.0,0.0,0.0,0.004100722302159449,0.20771349431340252
2025-08-14 06:00:00+00:00,12832.140040856686,-0.008272066203912862,-0.008638700828382953,0.16774481945917535,0.21392191353510148,0.16923636206118356,0.2580875770437566,0.22620027591990957,0.13255387144004888,-0.009748726133912311,-0.0020854661490961736,-26.98420883763332,-0.008872895148604343,-0.0015016164959001236,-19.42967673532613,-0.014350112697220085,-0.003703585816330379,-47.92134034842436,-0.0043386231011215415,-0.0009813977425861865,-12.698475901996675,0.0,0.0,0.0,-0.008638700828382953,0.19907479348501958
2025-08-14 08:00:00+00:00,12794.61025682785,-0.002924670702575271,-0.0030424331396449017,0.16764559661237247,0.1977298745807827,0.12431561794020793,0.28846147282803003,0.11966746238283145,0.26982557226814785,-0.003352444463803783,-0.0006628784233669614,-8.506148758707136,0.0035166841725966513,0.00043717876601690153,5.609939148417799,-0.012577178138577727,-0.0036280313298746323,-46.5554060975668,0.007763683345078709,0.0009290602846494214,11.92183167901955,0.0,0.0,0.0,-0.0030424331396449017,0.1960323603453747
2025-08-14 10:00:00+00:00,12806.296357148727,0.0009133611799266601,0.0005943393190367145,0.10276382175272414,0.21052631946629738,0.14257967302665506,0.1856976510753059,0.16245901452540784,0.2987373419063338,-0.0006200025286442479,-0.0001305268504152711,-1.6700401791146622,0.0024492615360640624,0.0003492149089687769,4.468068656129117,-0.004477381503782518,-0.0008314392282204344,-10.6379408773182,0.00939382990874238,0.0015261123495935887,19.52601272118178,0.0,0.0,0.0,0.0005943393190367145,0.1966266996644114
2025-08-14 12:00:00+00:00,12717.197390403076,-0.006957434394833005,-0.007134605003245064,0.22458300743339232,0.1891783671316174,0.1810661811897683,0.371794150345585,0.11950408366999242,0.13845721766303684,-0.005755700130801622,-0.0010888539524442876,-13.944186404654273,-0.008785714285714175,-0.0015907957347386585,-20.372201622751415,-0.01008064516129037,-0.0037479249026772855,-47.99703702802312,-0.00443382174651008,-0.0005298598049727726,-6.785541690222353,0.0,0.0,0.0,-0.007134605003245064,0.18949209466116634
2025-08-14 14:00:00+00:00,12519.319809909819,-0.015559841875426401,-0.016545611297531154,0.2684083295314055,0.1906475452635959,0.22533560875055325,0.12173519552215221,0.10115470896201977,0.3611269415016789,-0.020841728699361406,-0.003973424415583089,-50.53082260881713,-0.022353958517903116,-0.005037142850616314,-64.05833991494531,-0.03634654551151495,-0.0044246538243990765,-56.26919606908493,-0.02100367651322732,-0.00212462078482792,-27.01922190040976,0.0,0.0,0.0,-0.016545611297531154,0.1729464833636352
2025-08-14 16:00:00+00:00,12523.28706898318,0.00031689094404477314,9.81028346181021e-05,0.12986815681049138,0.18504775268234852,0.3014835147313523,0.13295560716857882,0.14365454814528542,0.23685857727243484,-0.001448971137609556,-0.0002681288527162343,-3.356790857418744,0.0013354405544678816,0.00040261331207576287,5.040444813603502,-0.002276052674361928,-0.00030261396526745773,-3.7885210101282456,0.0033762972089277365,0.0004850204499527023,6.07212612730424,0.0,0.0,0.0,9.81028346181021e-05,0.1730445861982533
2025-08-14 18:00:00+00:00,12398.191389690595,-0.009989045096827028,-0.009900924483547444,0.11515944032231686,0.23337805106415577,0.2711812089501248,0.14710225431087848,0.1963370429434954,0.15200144273134553,-0.0028507340690964167,-0.0006652987611479121,-8.331727372494177,-0.015174707233587492,-0.00411509545306846,-51.53452167504373,-0.014339253707022936,-0.002109336545438695,-26.41582708362606,-0.01578568308204542,-0.0030993143371719606,-38.81360316141979,0.0,0.0,0.0,-0.009900924483547444,0.16314366171470585
2025-08-14 20:00:00+00:00,12426.836682833113,0.0023104412766475,0.0018950061080493378,0.3084812011651834,0.11943483481620859,0.0985570446125988,0.1251884337311683,0.32338643386356747,0.33343325297645693,0.00021862253555671174,2.6111146421316557e-05,0.3237309907357173,-0.0024490083055235257,-0.00024136702082410712,-2.9925145193367158,0.00619937179699126,0.0007760896453825141,9.622107959009513,0.005410268714011401,0.0017496075056677763,21.691968712108263,0.0,0.0,0.0,0.0018950061080493378,0.16503866782275517
2025-08-14 22:00:00+00:00,12351.105806059466,-0.0060941395390078056,-0.0058928166801646125,0.09935700991843979,0.11795769204558043,0.1461580688050309,0.17694441945717598,0.29371188562044837,0.26522793407176437,-0.0003964528828126479,-4.6764667061396905e-05,-0.5811368800990444,-0.013167637802910748,-0.001924556511997555,-23.91614946147656,-0.0074755606670501296,-0.0013227587423480843,-16.43770686194937,-0.009533354810227768,-0.0028000596176007693,-34.7958835701209,0.0,0.0,0.0,-0.0058928166801646125,0.15914585114259056
2025-08-15 00:00:00+00:00,12428.707636553865,0.006282986455862652,0.005330543471271252,0.09700257443940893,0.19738863020985087,0.12312057056615462,0.1392663736808552,0.2574248551962365,0.28279957034690284,0.003358208828629472,0.0006628722406417992,8.187205180066574,0.015397877125163717,0.0018957954171576975,23.415169783957364,0.0038073166694256866,0.0005302311860055867,6.548941480027399,0.012407844648966382,0.0031940876120575687,39.450514050346854,0.0,0.0,0.0,0.005330543471271252,0.16447639461386182
2025-08-15 02:00:00+00:00,12489.62047651774,0.004900979389419893,0.004135574452177133,0.1923039549407006,0.16507252765589825,0.20750657413558404,0.21788357005245446,0.09743700280948851,0.3121003253465748,0.003267591241530088,0.0005393895455856464,6.703914964297642,0.012575766906246955,0.002609554307842958,32.43338755388981,0.006019129287599068,0.0013114693777893718,16.29986947083731,0.004521548749434778,0.00044056615820191574,5.475667974851349,0.0,0.0,0.0,0.004135574452177133,0.16861196906603895
2025-08-15 04:00:00+00:00,12538.330555859382,0.003900044795854614,0.0032670815826331507,0.16527788802420867,0.25795408674927733,0.1659722045346312,0.21447854366366745,0.16983333174031803,0.19176183331210592,0.002420593650424241,0.0006244020244862846,7.798544310603031,0.006613785344112388,0.0010977045338811677,13.709913023528594,0.0060650766330627714,0.0013008288034678428,16.24685806023604,0.005164530572599579,0.000877109434019319,10.954763947274573,0.0,0.0,0.0,0.0032670815826331507,0.1718790506486721
2025-08-15 06:00:00+00:00,12521.52048118348,-0.0013406948078943527,-0.0014144312093765509,0.17994199324487747,0.09958247733520785,0.20674976279891968,0.1929081598328595,0.24313578338311378,0.2576238166498992,0.00012927747257651667,1.2873770982803926e-05,0.16141559608282632,-0.0033833426475951,-0.0006995052898577559,-8.770628549808775,-0.003910386965376822,-0.0007543455537252424,-9.458233905949871,0.00041245374625842324,0.00010028226470584177,1.2573721837720349,0.0,0.0,0.0,-0.0014144312093765509,0.17046461943929556
2025-08-15 08:00:00+00:00,12517.605532260153,-0.00031265763045381577,-0.00046797065142261605,0.15982932801909555,0.19351019389688848,0.25900627991686537,0.18371423121541913,0.25678087772258307,0.10698841724824404,-0.00023398046918632343,-4.527760596033039e-05,-0.5669444703712322,0.0046245878249497885,0.0011977972886890724,14.99824328262626,-0.006542896867588133,-0.0012020232679507278,-15.051158968504135,-0.0010248194786378617,-0.0002631540452318301,-3.295088767076644,0.0,0.0,0.0,-0.00046797065142261605,0.16999664878787293
2025-08-15 10:00:00+00:00,12493.603213244814,-0.0019174848539108345,-0.0019519567701973624,0.22968649005439426,0.12301690997795003,0.21144197340056586,0.127258577286843,0.20160763203200285,0.33667490730263827,-0.0020885794759342158,-0.0002569305933727935,-3.2161558170101636,-0.0034201480555585695,-0.0007231628541894121,-9.052267344326427,-0.003704618424302364,-0.0004714444700673449,-5.901355906668453,-0.0023111572294411964,-0.0004659469362812839,-5.8325399473342685,0.0,0.0,0.0,-0.0019519567701973624,0.16804469201767558
2025-08-15 12:00:00+00:00,12500.911195630244,0.0005849379286898946,0.00035542784722273805,0.0770075000312565,0.16293927661649257,0.22263989061594047,0.1519216830672853,0.12460013200074631,0.3378990176995353,0.0025104457997775498,0.00040905022260066614,5.1105111754621895,0.0021387113237087974,0.0004761624551695999,5.948984779933453,0.00033052388035037517,5.021374419675902e-05,0.6273505958456816,-0.0028129062758539547,-0.00035048849327713044,-4.37886416581249,0.0,0.0,0.0,0.00035542784722273805,0.1684001198648983
2025-08-15 14:00:00+00:00,12341.843131259871,-0.012724517587643971,-0.01278074531015026,0.2520146873663609,0.20234968142879992,0.20889285689773557,0.11898854415402796,0.33720441455479994,0.13256450296463665,-0.010382164732688604,-0.0021008277262008607,-26.26226084255477,-0.020269001784569918,-0.004234049689244111,-52.92947916312646,-0.014703452833305763,-0.0017495424466724703,-21.870874758838212,-0.01376048926184048,-0.0046400977255265305,-58.00544960585304,0.0,0.0,0.0,-0.01278074531015026,0.15561937455474806
2025-08-15 16:00:00+00:00,12210.401396258974,-0.010650089585726257,-0.010305244915282353,0.21145944952548024,0.1962429460939181,0.22259237059465264,0.16543196715043432,0.13185170036420152,0.2838810157967935,-0.0042051288408716525,-0.000825226872437156,-10.18482060731958,-0.024089034940884213,-0.005362035392828835,-66.17739968255688,-0.014084507042253613,-0.0023300277063441604,-28.756836443188867,-0.016175745995120838,-0.0021327996141161055,-26.32267826783256,0.0,0.0,0.0,-0.010305244915282353,0.14531412963946572
2025-08-15 18:00:00+00:00,12256.874521650014,0.0038060276548547286,0.0032358085439229307,0.11954906133010197,0.14471553418895072,0.15457072116951798,0.23441702921541888,0.14705901744651967,0.31923769797959267,0.002657764985837252,0.000384619879674127,4.696363115801919,0.0018303403169128707,0.0002829170227708665,3.4545304098668206,0.008928571428571619,0.0020930091894234273,25.55648232891868,0.007109265253771424,0.001045481562986308,12.765749536451029,0.0,0.0,0.0,0.0032358085439229307,0.14854993818338866
2025-08-15 20:00:00+00:00,12179.478024993925,-0.0063145377330394645,-0.0059617358089558885,0.1732215887785506,0.26862914784910413,0.12230997924194219,0.26867082112691304,0.16211320065342272,0.1782768511286179,-0.005533268496189847,-0.0014863972009517726,-18.21858398139768,-0.012509630590811338,-0.0015300526578864997,-18.75366343923192,-0.009523809523809601,-0.00255876972501824,-31.36251944934548,-0.004560505536890358,-0.0007393181491829519,-9.061729786113967,0.0,0.0,0.0,-0.0059617358089558885,0.14258820237443276
2025-08-15 22:00:00+00:00,12250.34903037565,0.005818886920793089,0.004981213734443887,0.2852282354886124,0.14722690183706255,0.2637977164068232,0.10484483165034221,0.26950711142798406,0.21462343867778805,0.003281530761881646,0.00048312960735485017,5.884266436002341,0.010350294859072129,0.0027303841479605095,33.254653729876786,0.008594281824370276,0.0009010660310316975,10.974513924019053,0.006323792813539342,0.0017043071344460322,20.757571291825816,0.0,0.0,0.0,0.004981213734443887,0.14756941610887664
2025-08-16 00:00:00+00:00,12271.593484899295,0.0017341917745337513,0.0014177549914060805,0.23120994315507207,0.1555229977593064,0.18115569598996975,0.19579955937786933,0.12093918868976544,0.34658255818308914,0.00018777700411032328,2.9203642589499072e-05,0.357754814679707,0.002404703735984004,0.0004356257789418627,5.336567838667085,0.0050620096178182195,0.0009911392527353442,12.14180178371367,0.002300520644145765,0.0002782231002670454,3.4083300865845065,0.0,0.0,0.0,0.0014177549914060805,0.14898717110028273
2025-08-16 02:00:00+00:00,12354.654710787298,0.006768577038525115,0.005767064446411821,0.20758673233903796,0.20614261685101765,0.2812075156181,0.12974493048935334,0.1778544823089619,0.20505045473256714,0.004086941048579096,0.0008424927226699368,10.338728206591465,0.01083687917701881,0.0030474118704229797,37.39659965488741,0.008310249307479367,0.0010782127187481073,13.23138817472483,0.010123218168639703,0.0018004597266840915,22.094509851800062,0.0,0.0,0.0,0.005767064446411821,0.15475423554669454
2025-08-16 04:00:00+00:00,12307.483169016588,-0.003818118990369124,-0.00364350703212054,0.188856566451658,0.2167401711992427,0.16235634511891814,0.21966883827145361,0.10784908635648573,0.2933855590538998,-0.0033268939373685136,-0.0007210715615469742,-8.908590164681078,-0.012329585210737126,-0.0020017863916475457,-24.73137967355826,-0.0024142524142524158,-0.0005303360231328803,-6.552118446498842,-0.005238106627759587,-0.0005649250140417239,-6.979453485972165,0.0,0.0,0.0,-0.00364350703212054,0.151110728514574
2025-08-16 06:00:00+00:00,12295.390940969442,-0.0009825102241526342,-0.001022746724167535,0.25724858690402447,0.1323289240464069,0.16602038252652537,0.13618104479369236,0.36143363585290295,0.2040360127804724,0.0014148899217343303,0.00018723086098720878,2.3043406703205567,-0.0024795532742962756,-0.0004116563830935662,-5.066454006342311,-0.007927897855295019,-0.0010796294129517485,-13.287520828678904,0.0008896369319548736,0.0003215447109054716,3.9574061175553963,0.0,0.0,0.0,-0.001022746724167535,0.15008798179040647
2025-08-16 08:00:00+00:00,12317.838552719097,0.0018256932095469585,0.0014999879063592343,0.19983218895314828,0.23538043850526832,0.2008853663545632,0.15780883514138455,0.1616014468997547,0.24432391309902923,2.4660748880744876e-06,5.804657885418034e-07,0.007137053797979574,0.0069165803413506755,0.0013894397757930003,17.083705232307867,-0.0007570659488559395,-0.00011947169551416282,-1.468951202727097,0.0034352703773992133,0.0005551446634795793,6.825720666274348,0.0,0.0,0.0,0.0014999879063592343,0.15158796969676572
2025-08-16 10:00:00+00:00,12267.698667837138,-0.004070509989830313,-0.003888288318615246,0.20523952907847592,0.1327799621631159,0.1453528996487401,0.11070224911088415,0.22168467752840337,0.3894802115488565,-0.0024156419512999516,-0.0003207488468932431,-3.9509325120017844,-0.012057935595169655,-0.001752655902535666,-21.58893244590451,-0.004209108510817461,-0.0004659577788992572,-5.739592692864631,-0.006906870960019185,-0.0015311474615021467,-18.86042723118912,0.0,0.0,0.0,-0.003888288318615246,0.14769968137815048
2025-08-16 12:00:00+00:00,12235.905798922571,-0.0025915919338578937,-0.002497476474466605,0.17069899455438517,0.13609137570653868,0.26689003091942376,0.15655269885116288,0.18189388028732906,0.2585720142355456,0.0005670349154391907,7.71685617157603e-05,0.9466806617593405,-0.0023373410699019104,-0.0006238130304153599,-7.652750282205958,-0.008622875982754352,-0.0013499345069590673,-16.560589752689133,-0.003820980437062249,-0.000695012958199227,-8.526209541430205,0.0,0.0,0.0,-0.002497476474466605,0.14520220490368388
2025-08-16 14:00:00+00:00,12266.161463741446,0.0024726951413387432,0.0020963638190582634,0.18844047510112194,0.23416728893704117,0.14795917009320383,0.19399596645820827,0.23481517455090314,0.18906239996064358,0.002087349542318151,0.0004887889833886151,5.980775956294224,0.0013924719910296535,0.0002060290001707787,2.5209514379358504,0.005883857764134026,0.0011414446734558127,13.96660949908726,0.0027103550081069017,0.0006364324843235366,7.78732792555706,0.0,0.0,0.0,0.0020963638190582634,0.14729856872274213
2025-08-16 16:00:00+00:00,12293.723071786966,0.002246962762310911,0.001894505155139973,0.12777025579514129,0.3539669733062333,0.15592974151915295,0.18812058936970374,0.11342563503030219,0.18855706077460777,0.0004520354048207498,0.0001600056040716587,1.9626545746464512,0.0014610866205886364,0.00022782685908547876,2.7945610393195524,0.007714479484571157,0.0014512524273180144,17.80129659812946,0.003595993725111546,0.00040787787183575903,5.00309583342466,0.0,0.0,0.0,0.001894505155139973,0.1491930738778821
2025-08-16 18:00:00+00:00,12311.24278700126,0.0014250943438363698,0.0011585608884895253,0.1357170996857009,0.22455526042951293,0.16032794348164936,0.18181520256072323,0.19254765017921496,0.24075394334889946,0.000138430122530675,3.108521221616511e-05,0.3821529906132631,0.0009067336907242485,0.00014537474791934463,1.7871968925512614,0.004206275763439127,0.0007647648799559456,9.401807649206798,0.00251298576375536,0.0004838695037449144,5.9485576819229635,0.0,0.0,0.0,0.0011585608884895253,0.15035163476637164
2025-08-16 20:00:00+00:00,12332.169175771329,0.0016997787414415194,0.0014055402674007992,0.04674142460901744,0.19527842930014802,0.15502205562037377,0.22855662716974068,0.1897888486241007,0.2313540392856368,-0.00017724080253211927,-3.461130552636995e-05,-0.4261081855102189,0.003208155480882713,0.0004973348573962069,6.122810175843352,0.004775069112842312,0.0010913736909336446,13.436166480429774,0.0007675977787640065,0.00014568149863803797,1.7935202993070787,0.0,0.0,0.0,0.0014055402674007992,0.15175717503377245
2025-08-16 22:00:00+00:00,12320.814585256938,-0.000920729382848475,-0.0009823366345590005,0.17196664363272962,0.1522026541327835,0.27328046357598884,0.15815354133845766,0.24349708430121528,0.17286625665155472,-0.0018689217234361122,-0.0002844548466733922,-3.507945292044367,-0.0022994072689332956,-0.0006283830844040894,-7.749326504064225,-0.0009171252292813348,-0.00014504660286168803,-1.7887392448612545,0.0005632722522501687,0.00013715515109069475,1.691420526578925,0.0,0.0,0.0,-0.0009823366345590005,0.15077483839921346
2025-08-17 00:00:00+00:00,12363.192076363635,0.003439504004662696,0.0029667659787123786,0.09583757714376424,0.20262021694274382,0.19151985701757987,0.16693856756292635,0.2801320724105505,0.15878928606619944,-0.0006091839395785392,-0.00012343298199543896,-1.5207948848711614,0.003091845738901311,0.0005921498538347926,7.295768555785477,0.010097638320954783,0.0016856852770687043,20.769015747860973,0.00458748562667699,0.0012851018557546382,15.833501687922505,0.0,0.0,0.0,0.0029667659787123786,0.15374160437792583
2025-08-17 02:00:00+00:00,12366.126897445442,0.00023738376494348082,7.649459882073259e-05,0.08641184387168728,0.18300671560556975,0.21178163952907528,0.19021495323706641,0.21333372987603735,0.20166296175225132,0.0005052791490522957,9.246947753203776e-05,1.1432179119295744,-0.0035956580732698917,-0.0007614943619430536,-9.414501061769942,-0.00817911434236629,-0.001555789852153823,-19.234528772635095,0.011541534022486921,0.0024621985015083198,30.440633004282077,0.0,0.0,0.0,7.649459882073259e-05,0.15381809897674656
2025-08-17 04:00:00+00:00,12392.259153334873,0.002113212657944702,0.00178343614330751,0.11041560039770368,0.1363456623643052,0.14802709237263614,0.26473001708043864,0.22071847582394744,0.2301787523586727,0.0020860870451517854,0.0002844289199208164,3.5172841170441633,0.010594403213726178,0.0015682587031511982,19.393286131190937,0.004748021657642765,0.0012569438545260616,15.543527208033481,-0.004514433220570768,-0.0009964188196533743,-12.32184156683643,0.0,0.0,0.0,0.00178343614330751,0.15560153512005406
2025-08-17 06:00:00+00:00,12434.19166831834,0.0033837667905922083,0.0029214594183081116,0.17371287445633127,0.2817435170244637,0.17516255969388211,0.1584258534739499,0.15330976497410487,0.2313583048335994,0.0026769775849011523,0.0007542210797657056,9.346503079364677,0.0039907653196431525,0.0006990326685262682,8.662593985024749,0.008622119051566735,0.0013659665694984635,16.92741172401677,0.0036823908307284103,0.0005645464728017713,6.996006195060668,0.0,0.0,0.0,0.0029214594183081116,0.15852299453836216
2025-08-17 08:00:00+00:00,12486.519307295333,0.004208366765836525,0.0036477896065128376,0.1828069531591123,0.17883248628696075,0.16545668207575218,0.1673155102865629,0.32722706132060414,0.16116826003012,5.067796610158659e-05,9.062866677913046e-06,0.11268942133758632,-0.0007672434040555398,-0.0001269455479795353,-1.578465275017244,0.010767713299358883,0.0018016054453016414,22.401507417566624,0.007715266554201516,0.0025246440018365057,31.391907413105354,0.0,0.0,0.0,0.0036477896065128376,0.16217078414487499
2025-08-17 10:00:00+00:00,12542.204842434798,0.004459652347386365,0.0038602376451048084,0.08884208697998874,0.23925634456118705,0.16519663976272847,0.1957337389923254,0.24733636052488495,0.1524769161588742,0.0028812946598131273,0.0006893680279105578,8.607807190337288,0.017017675817976752,0.002811262861701201,35.102888000514376,-0.006180369195738833,-0.0012097067710349527,-15.105026952693832,0.008768335655166881,0.002168728228809559,27.079866901306968,0.0,0.0,0.0,0.0038602376451048084,0.1660310217899798
2025-08-17 12:00:00+00:00,12549.471707660898,0.0005793929629911311,0.0003633455086540276,0.12001928838984746,0.12338324458972318,0.17672189427310228,0.1915875505739418,0.2634244007104917,0.24488290985274108,-0.0003210079192375037,-3.9606998614519025e-05,-0.49675908981732886,0.0018819582931626222,0.00033258323451067294,4.17132705439239,0.0017183536535472221,0.0003292151675028961,4.129084068057806,-0.0001624695369619733,-4.27984404079189e-05,-0.5367868065328576,0.0,0.0,0.0,0.0003633455086540276,0.16639436729863383
2025-08-17 14:00:00+00:00,12521.392035405672,-0.0022375182724293638,-0.0022850357044960634,0.327170803741217,0.29056956292671976,0.24063637855730763,0.28765755169395674,0.09336826014538156,0.08776824667663415,0.0010311221557290917,0.00029961271411425925,3.7599812790323894,-0.003444874321405722,-0.0008289620812881355,-10.40303618584915,-0.004574415945106991,-0.0013158652911992742,-16.51341424299826,-0.004201680672268782,-0.0003923036140562133,-4.923203105411569,0.0,0.0,0.0,-0.0022850357044960634,0.16410933159413776
2025-08-17 16:00:00+00:00,12538.275114398562,0.0013483388224849095,0.0010786564159397996,0.23251992742859381,0.30229188352138286,0.1442361694264087,0.15153783339626198,0.15176360941935127,0.25017050423659526,-0.0015523095121431352,-0.00046925056623390725,-5.875670302650848,0.005727500600748225,0.0008261127470393788,10.344081571125978,0.004103069095683587,0.0006217702010350507,7.785428443092867,0.0024360677902883765,0.00036970644064438727,4.6292392813228105,0.0,0.0,0.0,0.0010786564159397996,0.16518798801007756
2025-08-17 18:00:00+00:00,12492.221445022938,-0.0036730466475995626,-0.003681575663822213,0.09899773070004479,0.2929076087472208,0.13533896746456547,0.2505355640963067,0.11367075731390146,0.20754710237800547,-0.0029272834675800885,-0.0008574236006141565,-10.75061299407849,-0.00834723443058838,-0.0011297060890205013,-14.164565742550279,-0.004249754821837204,-0.0010647147215599832,-13.349686097269332,-0.005464925642128637,-0.0006212022364049214,-7.788804541724559,0.0,0.0,0.0,-0.003681575663822213,0.16150641234625535
2025-08-17 20:00:00+00:00,12423.983895497167,-0.005462403130306087,-0.005434114052500136,0.20656128597545265,0.1377200868327463,0.13364705884650807,0.20085370865338598,0.2606455894209315,0.26713355624642815,-0.002798473045082739,-0.00038540595076789477,-4.81457648322215,-0.014226631387450173,-0.001901347442226132,-23.7520532922168,-0.009438608010505667,-0.0018957794234356203,-23.68249636847568,-0.004910385465259126,-0.00127987031387644,-15.988423381855503,0.0,0.0,0.0,-0.005434114052500136,0.1560722982937552
2025-08-17 22:00:00+00:00,12435.8026005219,0.0009512814185966931,0.0007366317222095026,0.20501898925592837,0.261546538487687,0.1587434636541043,0.2569498414467774,0.07846121067373567,0.2442989457376956,0.001105213257081461,0.00028906470168035825,3.591335198433464,0.0034263546770414433,0.0005439114091409986,6.757546587744938,-0.0005799983428618205,-0.00014903048223773843,-1.8515523112598389,0.0034072350874718715,0.0002673357900130747,3.3213755498124526,0.0,0.0,0.0,0.0007366317222095026,0.15680893001596471
2025-08-18 00:00:00+00:00,12432.891924989779,-0.00023405610603674358,-0.0003685551631616969,0.1501873930146822,0.19661602964858982,0.24926503207309042,0.21602586073161192,0.1381270352694318,0.1999660422772761,-0.0025063719195945744,-0.0004927928956533998,-6.1282751732852665,-0.0005564457197255734,-0.00013870246017432894,-1.7248764149347051,0.0008290499088043912,0.000179096220138933,2.2272052401473856,0.0015807407233938697,0.00021834302965205216,2.7152708159528203,0.0,0.0,0.0,-0.0003685551631616969,0.15644037485280302
2025-08-18 02:00:00+00:00,12304.578462713633,-0.010320484007283939,-0.010385981447389697,0.11191151601134766,0.24587617062994901,0.14433500711161,0.20904436968174467,0.1790297991649246,0.22171465341177174,-0.009671478244412168,-0.002377986035066926,-29.565243373122044,-0.01698886936145294,-0.002452088580103523,-30.486552306928747,-0.01491053677932408,-0.0031169637626502736,-38.75287359514034,-0.013257265776613902,-0.002373445629463215,-29.50879300095549,0.0,0.0,0.0,-0.010385981447389697,0.14605439340541332
2025-08-18 04:00:00+00:00,12176.430810945649,-0.010414631606950915,-0.010272139335894976,0.16192005645432117,0.14126732941391343,0.19748729619545344,0.1517331544434591,0.28365177929006696,0.22586044065710714,-0.008175228712113958,-0.0011548927275082856,-14.210468181643055,-0.017318872885750847,-0.003420257379359685,-42.08482528700655,-0.02001345442314162,-0.003036704570933677,-37.365369661134565,-0.00988104829155012,-0.0028027769291492683,-34.48698863820074,0.0,0.0,0.0,-0.010272139335894976,0.13578225406951835
2025-08-18 06:00:00+00:00,12202.017233855027,0.0021013072965829346,0.0018290592546900471,0.24087845316268974,0.26087177241589726,0.15396982162480305,0.273007164604165,0.1776487405352769,0.1345025008198578,0.003199732914784148,0.0008347199967372259,10.163910286783608,-0.001650378915888595,-0.0002541085472927028,-3.0941351445795062,0.005834906469881496,0.0015929712710728448,19.396704466042642,-0.000406844561445574,-7.22754239344333e-05,-0.8800566988693922,0.0,0.0,0.0,0.0018290592546900471,0.1376113133242084
2025-08-18 08:00:00+00:00,12110.340720924069,-0.007513225983372606,-0.007248889004955474,0.14506353229645436,0.18601595554189385,0.1822309991806943,0.3898095193447281,0.10765980987874205,0.13428371605394168,-0.004166378895510192,-0.0007750129513979086,-9.45672138941813,-0.012895627033055135,-0.0023499829992952095,-28.674533056666473,-0.009554683501109107,-0.0037245065830583445,-45.44649351408442,-0.006165006703696574,-0.0006637234496211433,-8.0987649707909,0.0,0.0,0.0,-0.007248889004955474,0.13036242431925293
2025-08-18 10:00:00+00:00,12141.953090535439,0.002610361701611859,0.002306055573183917,0.30380121696371876,0.20066782604343053,0.14517302768364862,0.12306627387805495,0.38051187827751803,0.15058099411734782,-0.0014541778600226651,-0.00029180670985123625,-3.533878680950301,0.008279565093823216,0.0012019695325741686,14.556260575643023,0.005770887166236083,0.0007102015805193622,8.600783120628266,0.002601751364112559,0.0009899972983695646,11.989204596049753,0.0,0.0,0.0,0.002306055573183917,0.13266847989243685
2025-08-18 12:00:00+00:00,12121.8167994124,-0.001658406268982754,-0.00163044999392892,0.19364175913759604,0.2151420669142154,0.16236002946140746,0.17290838069410058,0.186870119139922,0.2627194037903545,-0.0007926914181570766,-0.00017054127012747407,-2.070704101888123,-0.004277008516744729,-0.0006944152287853649,-8.431557133265335,-0.0035111758157060358,-0.0006071117246260184,-7.371522081123184,-0.0009971527085310683,-0.00018633804544389664,-2.262507806761854,0.0,0.0,0.0,-0.00163044999392892,0.13103802989850794
2025-08-18 14:00:00+00:00,12140.544618350816,0.0015449679902211752,0.0013398161090295423,0.09492520534518736,0.14627781766408526,0.13648399439228298,0.17272345966816782,0.2605620517142271,0.2839526765612368,-0.0009406921973875715,-0.00013760240172748688,-1.6679911048997442,0.0027536286134064447,0.00037582623223059516,4.5556967355126945,0.0065314541079408706,0.001128135350187414,13.675050039912785,0.0006854751425067196,0.00017860880953065304,2.1650632678917194,0.0,0.0,0.0,0.0013398161090295423,0.13237784600753746
2025-08-18 16:00:00+00:00,12242.201917617913,0.008373372238461227,0.007476673193612508,0.06736037898438228,0.10763941599599258,0.16469135290976317,0.18349724930188208,0.28894128254741497,0.25523069924494723,0.011374170861955246,0.0012243091090194983,14.863779364704552,0.013856322603374105,0.002282016515903813,27.704923331143718,0.008111338797814005,0.001488408357554505,18.070088075216724,0.011693165567052466,0.0033786382559834105,41.01850849603358,0.0,0.0,0.0,0.007476673193612508,0.13985451920114997
2025-08-18 18:00:00+00:00,12261.295019082321,0.0015596133434894373,0.0013290516661371458,0.11765943152810253,0.10376276109199213,0.13482322967878543,0.2128461939905296,0.37725176938687,0.1713160458518229,0.002442112615107961,0.0002534003478411875,3.1021782242664315,-0.0005338831716343861,-7.197985347090126e-05,-0.8811919001913238,-0.0016939103921401744,-0.0003605423799280416,-4.413832614937597,0.004608951819823348,0.0017387352290471926,21.285947755271362,0.0,0.0,0.0,0.0013290516661371458,0.1411835708672871
2025-08-18 20:00:00+00:00,12265.153219614276,0.00031466501099207427,0.00018168335472345151,0.17286549957314973,0.1479741510009126,0.2473124595716909,0.21070710716594754,0.2065253566383023,0.18748092562314667,-0.0009875548166787818,-0.0001461325855649046,-1.791774743512586,0.00273531037023389,0.0006764763353544958,8.294475921209141,-8.483922965984991e-05,-1.787622865581443e-05,-0.2191857133775141,-0.0009577637988933407,-0.00019780251014170244,-2.4253149323624363,0.0,0.0,0.0,0.00018168335472345151,0.14136525422201057
2025-08-18 22:00:00+00:00,12286.644402867363,0.0017522148209870977,0.0015089433747654366,0.1928977393049722,0.16965891509936726,0.1844443429196208,0.38192008237246505,0.11376653845749732,0.15021012115104954,0.0028801348075038202,0.0004886405467810231,5.993251175585345,-0.0004454567998749548,-8.216198675201305e-05,-1.0077293563413585,0.003139317834719213,0.0011989685260293105,14.70553267724458,0.0012900782331846106,0.0001467677349287772,1.8001287565971862,0.0,0.0,0.0,0.0015089433747654366,0.142874197596776
2025-08-19 00:00:00+00:00,12243.509508962765,-0.0035107139500621253,-0.003439583815880755,0.14049227141859993,0.26737785680609155,0.17580591645214175,0.2845424811774737,0.1565398681693729,0.11573387739491996,-0.003617262042537872,-0.0009671757724398014,-11.883344791036404,-0.009223227371506715,-0.0016214979406942165,-19.92276859729155,-0.0038907214750909525,-0.00110707554209286,-13.602243512806591,0.0011820330969267712,0.00018503530516475233,2.2734629965353585,0.0,0.0,0.0,-0.003439583815880755,0.13943461378089525
2025-08-19 02:00:00+00:00,12197.230323406477,-0.003779895423155336,-0.003689243669326156,0.1311064870406719,0.26965959377052173,0.11701894417090347,0.22328282682447198,0.14548000776294104,0.24455862747116175,-0.0036914814580598643,-0.0009954433903918362,-12.18772061589658,-0.0040065012902881225,-0.0004688365508088785,-5.740204767977809,-0.007047635221193893,-0.0015736159146158854,-19.26658141405473,-0.005100354191263312,-0.0007419995673387355,-9.084678758358065,0.0,0.0,0.0,-0.003689243669326156,0.1357453701115691
2025-08-19 04:00:00+00:00,12114.643696749838,-0.0067709327828428985,-0.006580724779324731,0.1573702358706561,0.18996382168274767,0.17651133637309202,0.14560836304158994,0.20549885679530158,0.2824176221072688,-0.008532012642705422,-0.0016207737282538416,-19.768950465638326,-0.017938827341696828,-0.003166406387049069,-38.62138800034285,-0.012485035060714855,-0.0018179255177075476,-22.173656250276917,-0.0008069492571319836,-0.0001658271498324405,-2.0226319403803124,0.0,0.0,0.0,-0.006580724779324731,0.12916464533224437
2025-08-19 06:00:00+00:00,12147.98027247252,0.0027517586614309265,0.0024660664157088045,0.21421001307585114,0.1417223528168973,0.12967271012126685,0.12636402796617638,0.4197088698711527,0.18253203922450675,0.0014187787284400954,0.00020107265952109613,2.4359236272559737,0.002801844191862468,0.000363322729696337,4.4015254172016745,0.010564599930724006,0.0013349854010974733,16.172872474658558,0.0020308788598575322,0.0008523778711160199,10.326254203564735,0.0,0.0,0.0,0.0024660664157088045,0.13163071174795318
2025-08-19 08:00:00+00:00,12094.241519660814,-0.004423677978262645,-0.004280369388948928,0.23003206578171537,0.11425839665426762,0.19628648333558435,0.2256746313294333,0.21714076025206697,0.24663972842864762,4.56629344827153e-05,5.21737368052392e-06,0.06338055254512193,0.0009171557770177863,0.00018002528214173662,2.186943576004116,-0.014310197086546683,-0.0032294484517579533,-39.23127608292254,-0.006352893766815582,-0.0013794721823269529,-16.757800857332438,0.0,0.0,0.0,-0.004280369388948928,0.12735034235900425
2025-08-19 10:00:00+00:00,12151.350162332184,0.004721969755484998,0.004281834014649396,0.1501694182921713,0.14508505013900208,0.2165737790958515,0.16308203148092607,0.12956394180840297,0.3456951974758174,0.002996569348176159,0.0004347574141251348,5.258061168892577,0.010962721551123655,0.0023742380355023848,28.714608226530867,0.005911501347474424,0.0009640596488483609,11.659570232531472,0.007323910061430183,0.0009489146570091173,11.476403043414367,0.0,0.0,0.0,0.004281834014649396,0.13163217637365365
2025-08-19 12:00:00+00:00,12191.413071551944,0.0032969924069795745,0.0029674124841531898,0.24704529495081734,0.12786665147954634,0.2728836299694186,0.12429030132868692,0.32029938588565315,0.15466003133669495,0.0016130390298734198,0.00020625389945573013,2.5062633546330324,0.00658059180941728,0.001795735780300812,21.820614265463984,0.004407570650764914,0.0005478182843110478,6.65673179799159,0.002332768890099368,0.0007471844429119843,9.079299801670624,0.0,0.0,0.0,0.0029674124841531898,0.13459958885780685
2025-08-19 14:00:00+00:00,12167.247076786869,-0.0019822144179056592,-0.0019655867120122517,0.3306083061963735,0.1759925758488731,0.1682732435151837,0.11577542121858649,0.10281634625361497,0.43714241316374164,-0.0027418711541320473,-0.00048254896706142157,-5.882953784696504,-0.003926719796515932,-0.0006607618765350179,-8.05562097877221,-0.0032696609877818084,-0.0003785463781024184,-4.615015262186469,-0.004477470878718526,-0.0004603571962068016,-5.612404739418604,0.0,0.0,0.0,-0.0019655867120122517,0.1326340021457946
2025-08-19 16:00:00+00:00,12023.817340852931,-0.011788183064645658,-0.011599679414499024,0.18717852815271857,0.14536385977548025,0.22571392103107674,0.18565806373084098,0.16267155437818606,0.28059260108441597,-0.012202323077991517,-0.0017737767808442655,-21.58198035159981,-0.02327109379732617,-0.005252609827676459,-63.909801571298374,-0.014761740331491802,-0.0027406361272422305,-33.34599690772451,-0.012424792623446757,-0.002021160328882704,-24.591957103315668,0.0,0.0,0.0,-0.011599679414499024,0.12103432273129558
2025-08-19 18:00:00+00:00,12022.661952301509,-9.609165863626762e-05,-0.00014929054188930088,0.16843130703539128,0.09616325591536284,0.15119883729039799,0.14094244429624583,0.25761856063532185,0.35407690186267143,-0.0023401744268360947,-0.00022503879229442695,-2.7058253331543316,-0.0014622603252754107,-0.00022109206099752126,-2.65837055694691,-0.0006133356698501125,-8.64450284827501e-05,-1.039399232501416,0.0016943042537851394,0.00043648422313843064,5.2482065711805825,0.0,0.0,0.0,-0.00014929054188930088,0.12088503218940627
2025-08-19 20:00:00+00:00,11975.978169016093,-0.0038829822771885895,-0.0037098486863254695,0.18757572695463753,0.19382480369256663,0.15529242198986998,0.14970837374478677,0.33467322566474267,0.16650117490803387,-0.003414549193090033,-0.0006618243270492874,-7.956890155923017,-0.010513591701883263,-0.001632681119198051,-19.629173172023453,-0.008679642293529799,-0.0012994151324508174,-15.622428873161269,-0.0008637132472019138,-0.00028906169849043375,-3.4752910843085885,0.0,0.0,0.0,-0.0037098486863254695,0.1171751835030808
2025-08-19 22:00:00+00:00,12024.195435718002,0.0040261652135151,0.003677569158620329,0.17737822467456194,0.06047967692510344,0.17268624614409075,0.10567527583768806,0.3935038345277588,0.2676549665653589,0.0025334013244118214,0.00015321929362205612,1.8349509154898107,0.0026919362626749432,0.000464860368060489,5.5671576195332015,0.01476961174493674,0.0015607827951617471,18.691900681433,0.00469449747265549,0.0018473027566708077,22.12325748545284,0.0,0.0,0.0,0.003677569158620329,0.12085275266170113
2025-08-20 00:00:00+00:00,11868.980758984562,-0.012908529103940974,-0.012463781008715728,0.2753061850370885,0.13754934683512496,0.23736358711558844,0.23923444999325746,0.2304081995344614,0.15544441652156787,-0.0048153265190784555,-0.0006623450174970975,-7.9641659362591595,-0.0186773894513802,-0.004433332158134457,-53.307252300862174,-0.018040787868223718,-0.004315977963099533,-51.89616252456088,-0.015176864244741739,-0.0034968739652098874,-42.04709597175784,0.0,0.0,0.0,-0.012463781008715728,0.1083889716529854
2025-08-20 02:00:00+00:00,11930.118650779741,0.005151065035546346,0.0046975760296738694,0.09631571277030411,0.12300791141471551,0.2471063041374462,0.1789867925685,0.2088815796093241,0.24201741227001414,0.0010984031160699015,0.00013511227319917393,1.6036449709036609,0.00843070188782935,0.0020832795847861014,24.726405307411586,0.010295553385994527,0.0018427680782769202,21.871778864339724,0.005217813372163427,0.0010899050992841507,12.936062652522745,0.0,0.0,0.0,0.0046975760296738694,0.11308654768265927
2025-08-20 04:00:00+00:00,11959.967561538448,0.002501979371073223,0.0022601789688403476,0.25013223895734865,0.2538780440112261,0.1350531418478805,0.2685538238921057,0.07080250294154122,0.27171248730724656,0.004681277624091207,0.0011884736066777955,14.178631140986234,0.00753782293658789,0.0010180066702792116,12.144940363716204,-0.0014934551524202755,-0.00040107309199383253,-4.7848495751215205,0.009838242394978325,0.0006965721861100484,8.310188829125906,0.0,0.0,0.0,0.0022601789688403476,0.11534672665149961
2025-08-20 06:00:00+00:00,11991.246664639337,0.0026153167172022276,0.002362003700877004,0.13898940678522426,0.16702645043449224,0.1635449226174762,0.21641601068361524,0.1681333549383276,0.2848792613260887,0.0016039511688523689,0.0002679022704036661,3.204102463690348,0.010224780966548552,0.0016722110119548263,19.999589459027103,0.0051909202885800365,0.0011233982606311322,13.435806755837055,-0.002665710358017881,-0.0004481948257873967,-5.36039557766664,0.0,0.0,0.0,0.002362003700877004,0.11770873035237663
2025-08-20 08:00:00+00:00,11983.706763951792,-0.000628783720193093,-0.0006354756714844009,0.10569300289494775,0.20896029970331,0.22730407624360618,0.11866299971994063,0.1627833038696718,0.2822893204634714,-0.0019158724026342444,-0.0004003412714477523,-4.800590935965332,0.00046853410976122056,0.00010649971300789463,1.277064328390963,-0.002888402625820574,-0.0003427465199788226,-4.109958064512796,4.7943235209402246e-05,7.804358225587274e-06,0.09358398454222397,0.0,0.0,0.0,-0.0006354756714844009,0.11707325468089222
2025-08-20 10:00:00+00:00,11989.286444264373,0.00046560554446859327,0.00038177143727848815,0.17282305842110635,0.13305707640373698,0.1466758984062159,0.14067846303735565,0.3135908989733631,0.2659976631793283,0.0018489711969691403,0.0002460187018234319,2.9482159811001,0.008964881177094597,0.0013149320007553242,15.75775951158824,0.00570575842696619,0.0008026773259680437,9.619049700473983,-0.006052543266695465,-0.0018980224840782066,-22.745344880580586,0.0,0.0,0.0,0.00038177143727848815,0.11745502611817071
2025-08-20 12:00:00+00:00,11975.945124145694,-0.0011127701536450653,-0.0010900053398350776,0.2009265313459052,0.20121432496678324,0.2488459269647978,0.17127771726163277,0.1420808368249678,0.2365811939818185,-0.00029278809020016894,-5.891315792794063e-05,-0.7063267257342648,-0.006500518620611184,-0.001617627581897919,-19.394200439516876,0.0015710919088767206,0.00026909303576062583,3.2262334858908193,0.0020740133363881252,0.0002946775504201683,3.532973560681555,0.0,0.0,0.0,-0.0010900053398350776,0.11636502077833563
2025-08-20 14:00:00+00:00,11881.770131230249,-0.007863679395588583,-0.0074946305243770335,0.15190957756078122,0.16429438098526147,0.13385629338553826,0.2010618111651085,0.21266762844899373,0.288119886015098,-0.008564954253528434,-0.0014071738572505362,-16.852236894564847,-0.014187338658352422,-0.0018990645658124104,-22.743093027378993,-0.01429193899782133,-0.002873563139963202,-34.4136344749671,-0.007917885034234518,-0.0016838778325624344,-20.166028518533107,0.0,0.0,0.0,-0.0074946305243770335,0.1088703902539586
2025-08-20 16:00:00+00:00,12009.33971138846,0.010736580387370385,0.00984147131208799,0.1255565111120398,0.25764845023441046,0.14187589778065732,0.22524464863288024,0.14230923205302803,0.23292177129902394,0.005863710958803781,0.0015107760411583232,17.950693640813245,0.028993391798866952,0.004113463491170596,48.87522764529689,0.016267350366899525,0.0036641336175802387,43.536393374201516,0.010176481290557371,0.001448207237461227,17.20726549789828,0.0,0.0,0.0,0.00984147131208799,0.11871186156604659
2025-08-20 18:00:00+00:00,12106.05722595423,0.008053524747414036,0.007267731952512272,0.17621409979919614,0.13702239217192752,0.1438516999843291,0.1798689757545798,0.13209686319461528,0.4071600688945483,0.007442176249012444,0.0010197447926047877,12.246461633310266,0.020734641702383483,0.0029827134574538275,35.82041917229303,0.011570247933884392,0.002081128645094329,24.992980882039387,0.01491282839440955,0.0019699378522610926,23.657652878126434,0.0,0.0,0.0,0.007267731952512272,0.12597959351855886
2025-08-20 20:00:00+00:00,12211.186560767403,0.008684027578176821,0.0077472778442419085,0.2211840540551372,0.1682108105691592,0.1597282754309162,0.2430272550957266,0.24305764406478692,0.18597601483941117,0.000692834539167908,0.0001165422594237437,1.4108672618258449,0.0006261625444299312,0.00010001586336122736,1.2107977653542372,0.006621947024423758,0.0016093136087350203,19.48244264185307,0.02821617017249123,0.00685815584665683,83.02522714414016,0.0,0.0,0.0,0.0077472778442419085,0.13372687136280076
2025-08-20 22:00:00+00:00,12225.875020260368,0.0012028691413295846,0.0010090168103022718,0.1860936212476335,0.169210812771815,0.1706686650803277,0.12067877191409329,0.17931250599878665,0.3601292442349774,0.0006963801707189354,0.00011783505468552634,1.4389058361631912,-0.0010421843078793902,-0.00017786820459344077,-2.171981829519251,-0.0035027765912003517,-0.00042271077731549243,-5.161800163046483,0.009400421120456581,0.0016856130685529915,20.58333564936819,0.0,0.0,0.0,0.0010090168103022718,0.13473588817310303
2025-08-21 00:00:00+00:00,12192.756622811079,-0.0027088774745697873,-0.002613520843196937,0.12064760582996974,0.24801524340120512,0.17594069823307074,0.15724991396192983,0.16005093741136486,0.2587432069924294,-0.0007433787609666398,-0.00018436926434042746,-2.2540755834034125,-0.0013703015354286086,-0.0002410918089331583,-2.9475583244252856,-0.004972565157750353,-0.000781935443226333,-9.559845002797044,-0.009381269378077706,-0.0015014809580698686,-18.35691853866301,0.0,0.0,0.0,-0.002613520843196937,0.1321223673299061
2025-08-21 02:00:00+00:00,12245.805040717532,0.004350814138880361,0.003870371557303031,0.08714218986766295,0.18719164685150658,0.23241760992212251,0.1309313206439655,0.17993950004031886,0.2695199225420867,0.004014133741274906,0.000751412305711449,9.161787366925013,-0.0010193350798863854,-0.0002369114229769695,-2.8886033215220417,0.007840772014475306,0.0010266026347234977,12.51711607352023,0.015614751740406163,0.0028097106214223836,34.2581177875304,0.0,0.0,0.0,0.003870371557303031,0.1359927388872091
2025-08-21 04:00:00+00:00,12133.680959948895,-0.00915612165928029,-0.008835827620593538,0.11708051959482255,0.17014953266567084,0.23025379316790123,0.17908910206899106,0.24886223821011574,0.17164533388732103,-0.0067576960955174625,-0.001149818832548925,-14.080457255539573,-0.008426175162867588,-0.0019401587931474201,-23.75880632891712,-0.008036248610754915,-0.0014392045477032746,-17.624218304888355,-0.018592372708526872,-0.004626939485880669,-56.660598879292486,0.0,0.0,0.0,-0.008835827620593538,0.12715691126661557
2025-08-21 06:00:00+00:00,12141.93827011655,0.0006805280437906727,0.0005485933576537329,0.145013683260668,0.11507377185628687,0.1840253581052019,0.1506604944814349,0.23358135840908725,0.31665901714798905,0.00035540463387961907,4.0897751755730445e-05,0.496240271783223,0.005294232685484346,0.0009742730658385215,11.821518548755904,0.0028440920451606733,0.0004284923138746225,5.199189030344953,-0.0032671061289988312,-0.0007631350876782017,-9.259637683229926,0.0,0.0,0.0,0.0005485933576537329,0.1277055046242693
2025-08-21 08:00:00+00:00,12127.048095564835,-0.0012263424685961136,-0.0012105733985663624,0.2672010144736126,0.2868010767951745,0.1733670990996021,0.24613420401615987,0.1733425149001817,0.1203551051888818,-0.0008692477362188811,-0.00024930118674934294,-3.02699962017732,-0.0016651304545179935,-0.0002886788365221865,-3.5051206129414556,-0.002062564455139193,-0.0005076676603977098,-6.1640693942834845,-0.0010424146957307423,-0.00018069478492687457,-2.1939849243140976,0.0,0.0,0.0,-0.0012105733985663624,0.12649493122570293
2025-08-21 10:00:00+00:00,12059.596987105931,-0.005562038504949298,-0.005287086266047565,0.15890898638717843,0.22209731128788554,0.17137959893702984,0.3036864949272041,0.08112479418286458,0.22171180066501603,-0.004558367837755095,-0.001012401240626579,-12.277438537088031,-0.007838470442772638,-0.0013433539207621374,-16.29091760644803,-0.007147778160523588,-0.0021706836960866268,-26.323985582700963,-0.012765513403209305,-0.0010355996474739541,-12.55876673266663,0.0,0.0,0.0,-0.005287086266047565,0.12120784495965536
2025-08-21 12:00:00+00:00,12040.167671903995,-0.0016111081674378995,-0.0015527197941284441,0.10528508397002782,0.2678322241486693,0.18204464141622168,0.2153443344699427,0.13000992281291673,0.20476887715224956,-0.002012756572439711,-0.0005390810694663801,-6.501100441142601,0.0003577273790038582,6.512235243552219e-05,0.785349325224674,-0.0051175297076936355,-0.0011020310290334463,-13.290050077428997,-0.0002701210847123603,-3.51184213735953e-05,-0.42351400858892646,0.0,0.0,0.0,-0.0015527197941284441,0.11965512516552693
2025-08-21 14:00:00+00:00,12036.570424286627,-0.00029877055830065876,-0.00033323428879848666,0.14851019782822572,0.19517710638814617,0.18066271836684455,0.15859017233042658,0.27852012064114245,0.18704988227344022,0.0029901373105203355,0.0005836063479705927,7.0267182839534845,-0.0039102215013099295,-0.0007064312458431359,-8.505550648623387,8.718395815154878e-05,1.382651894770282e-05,0.16647360644909953,-0.0006813589586955882,-0.00018977217937581842,-2.284888859147495,0.0,0.0,0.0,-0.00033323428879848666,0.11932189087672844
2025-08-21 16:00:00+00:00,11973.555002943169,-0.005235330257887123,-0.0049621605325648795,0.11926521907969886,0.14725517188775258,0.2025961366485319,0.25592197312843806,0.20756304394576713,0.18666367438951023,-0.006123169371499704,-0.0009016683582980108,-10.852994694004915,-0.004491060115444201,-0.0009098714288453048,-10.95173153034281,-0.004969052392990947,-0.00127168969299283,-15.306782547547638,-0.010368419815202201,-0.002152100777750977,-25.90391257156166,0.0,0.0,0.0,-0.0049621605325648795,0.11435973034416357
2025-08-21 18:00:00+00:00,11981.871490873491,0.0006945713222412369,0.0005996111060036643,0.09862410584423678,0.13138159733330823,0.17114421904647278,0.20462335944070478,0.26637679023691757,0.2264740339425966,-0.0033793152852577,-0.0004439798400700208,-5.316017035276306,-0.00011313656998190869,-1.9362669915150377e-05,-0.23183999323288598,0.00525670229542663,0.0010756440832698612,12.879283594622065,0.0003088472868952863,8.226974895654677e-05,0.9850613642095392,0.0,0.0,0.0,0.0005996111060036643,0.11495934145016723
2025-08-21 20:00:00+00:00,11953.819502249122,-0.0023412025947479233,-0.0022291281433158804,0.17430450823105603,0.12244056925641045,0.1882728037182357,0.12625903450663642,0.1793776350168277,0.38364995750188974,-0.0019322855822191398,-0.00023659014665286597,-2.834792733201553,-0.004261959652819947,-0.0008024110931704098,-9.614386601219167,-0.000697228516646331,-8.803139934226004e-05,-1.054780914080725,-0.006768792304951976,-0.0012141699555823875,-14.548028375867741,0.0,0.0,0.0,-0.0022291281433158804,0.11273021330685135
2025-08-21 22:00:00+00:00,11990.563057123913,0.003073792009982767,0.0028095425075659822,0.15983831946933574,0.21653668295470388,0.16810267199720133,0.19200124027767873,0.12372001635786008,0.299639388412556,0.003877579233274142,0.0008396381450672267,10.036882833336891,0.004597429038138312,0.0007728401056285735,9.238391126783114,0.005145648002790937,0.0009879707985682204,11.810024599577432,0.003825920612147371,0.00047334296071874677,5.658256315092095,0.0,0.0,0.0,0.0028095425075659822,0.11553975581441733
2025-08-22 00:00:00+00:00,11973.009011277758,-0.0014639884517955142,-0.0014154705822725306,0.13847085672948378,0.1638691906644413,0.12487648384931735,0.17102007786703882,0.1021240024771628,0.43811024514203983,-0.0011431361885841929,-0.00018732480204252584,-2.2461298510541603,-0.004293605308800297,-0.0005361703339997435,-6.428984199183114,-0.0042516268980477,-0.0007271135631657144,-8.71850102882855,-0.00013101476893762065,-1.3379752587530483e-05,-0.16043076708950108,0.0,0.0,0.0,-0.0014154705822725306,0.11412428523214481
2025-08-22 02:00:00+00:00,12029.934213317341,0.004754460803125129,0.004367931938157807,0.2735242943826472,0.1738116562144131,0.20222556494247945,0.09150408529470262,0.288356750216676,0.24410194333172877,0.0030229333333333663,0.000525421049292429,6.290870957893267,0.007571060043073841,0.0015310618944240403,18.33141785876303,0.003921226908330411,0.00035880828147974897,4.2960147874781205,0.008112068041310705,0.002339169577928911,28.006898435449642,0.0,0.0,0.0,0.004367931938157807,0.11849221717030262
2025-08-22 04:00:00+00:00,12043.204286488552,0.0011030877589107394,0.000975888392149007,0.08755732678840904,0.1377072955407311,0.15077259882775243,0.1481293141436014,0.31328835698361196,0.2501024345043031,0.0007901447783447146,0.00010880870051148109,1.3089615089896665,0.005083045787343643,0.00076638402331826,9.219549382656131,0.0030379307351793283,0.00045000659621788065,5.413549748059965,-0.0007089684509038463,-0.00022211156113688258,-2.67198746849391,0.0,0.0,0.0,0.000975888392149007,0.11946810556245162
2025-08-22 06:00:00+00:00,12075.666981222957,0.002695519727322537,0.002457431876501492,0.1192211177291436,0.12158535679138172,0.19564530949683065,0.1475225758931746,0.21079591625424457,0.3244508415643685,0.0027693447684584704,0.0003367117717513695,4.055088652867248,0.002865202281878698,0.0005605633872091834,6.750979387686179,0.004586362062997562,0.0006765919455121347,8.148335018395368,0.005321035828308007,0.0011216526228498495,13.508291675456434,0.0,0.0,0.0,0.002457431876501492,0.12192553743895311
2025-08-22 08:00:00+00:00,12101.370046293821,0.002128500654318363,0.0019279332980457007,0.16218999044077248,0.19500933863890244,0.20372395511029845,0.2282099388729586,0.1825267031303002,0.19053006424754038,-0.0012994297697725976,-0.0002534009400110555,-3.0599853643023627,0.008608334750966673,0.0017537240023803567,21.177387029722645,0.0019812214661036887,0.0004521344296733162,5.459824803480138,0.0009644789461302761,0.0001760431622757457,2.1258386019632973,0.0,0.0,0.0,0.0019279332980457007,0.12385347073699882
2025-08-22 10:00:00+00:00,12090.525997324128,-0.0008961009313994174,-0.0009132827499778508,0.2424889068172997,0.09026456337803648,0.20698367822319666,0.09046580731652484,0.32464142307316557,0.2876445280090765,-0.0003993109145661311,-3.604362535539625e-05,-0.4361772482356287,0.00010859193231271824,2.2476757575450824e-05,0.27199956086136834,-0.0007737276478678723,-6.999589630748292e-05,-0.847046242938862,-0.0025028788982632832,-0.000812538167311989,-9.832825039379781,0.0,0.0,0.0,-0.0009132827499778508,0.12294018798702097
2025-08-22 12:00:00+00:00,12022.023933274355,-0.00566576376122382,-0.005488642661556,0.10374120611419367,0.12158016057096843,0.18437529903719904,0.16289141623778655,0.31695007729374364,0.2142030468603024,-0.006454331091811261,-0.0007847186105206071,-9.487660761083466,-0.012482095827750506,-0.002301390150852474,-27.825017448867534,-0.01608878946915604,-0.0026207257021824133,-31.685952234092,0.00012958098222393133,4.1070702331674255e-05,0.49656639426946825,0.0,0.0,0.0,-0.005488642661556,0.11745154532546496
2025-08-22 14:00:00+00:00,12032.2263697986,0.0008486455010298054,0.0007480731664005521,0.23488771276471054,0.23428069243653948,0.15849571283895364,0.28507859713692607,0.14594147443892433,0.1762035231486566,0.001487624511429475,0.0003485217006232662,4.189936226158386,0.0037196723880998928,0.0005895521266792655,7.0876097768509245,-0.0012242042672263587,-0.00034899443510992887,-4.195619451471129,0.0017785630153122067,0.0002595661088372026,3.120509972707746,0.0,0.0,0.0,0.0007480731664005521,0.11819961849186551
2025-08-22 16:00:00+00:00,12414.646297414622,0.03178297314750597,0.02808883819809984,0.29190211115092973,0.12188013122388201,0.15829039352822893,0.1057823665093785,0.35456503317839017,0.25948207556012043,0.03452529223350931,0.004207947147962989,50.63097263643909,0.07589378319857731,0.012013256808848892,144.5462253625942,0.045788828576431406,0.00484365064650717,58.27990103499561,0.03022892147064704,0.010718118544186918,128.96282858199322,0.0,0.0,0.0,0.02808883819809984,0.14628845668996535
2025-08-22 18:00:00+00:00,12614.837931854447,0.016125440036218762,0.013050362998546354,0.22442167672584012,0.1669339364237767,0.1200765184412324,0.2851502380353239,0.19818060108105637,0.2296587060186107,0.005613609949235432,0.000937102006373548,11.63378995372518,0.03973492717862959,0.004771231716125742,59.233154158707656,0.02185014650481376,0.006230574476954345,77.3503783610873,0.02112483166328083,0.004186531836765126,51.97431196630461,0.0,0.0,0.0,0.013050362998546354,0.1593388196885117
2025-08-22 20:00:00+00:00,12632.550217771799,0.0014040835096761036,0.0010504143921106397,0.23914090264067617,0.17207142451619556,0.22389436291219247,0.11954472762928611,0.3283661711583536,0.15612331378397232,-0.0031465337754192912,-0.0005414285490247204,-6.830033397625957,0.006977795649972585,0.0015622891115820799,19.708023945308806,0.0036047845321973693,0.0004309329850637981,5.4361497660700655,-0.00014529522872819278,-4.771003794505389e-05,-0.6018543963994808,0.0,0.0,0.0,0.0010504143921106397,0.16038923408062236
2025-08-22 22:00:00+00:00,12672.047561967782,0.003126632668391655,0.0025034816623238495,0.24564460510820452,0.2862310533768401,0.18881966593480792,0.25102970387684603,0.12543966503903253,0.14847991177247338,0.00319298339156604,0.0009139309995827031,11.545279247806874,0.0038381957376372178,0.0007247268369730631,9.155148162229136,0.004408163265306131,0.0011065799191305888,13.97892639839502,0.0030404650122959342,0.0003813949127052999,4.817990387552393,0.0,0.0,0.0,0.0025034816623238495,0.1628927157429462
2025-08-23 00:00:00+00:00,12668.3938858892,-0.00028832562857071097,-0.00040987744271537413,0.21340631704058866,0.20207309575175894,0.15680549147612732,0.1537955189200192,0.19102361190970318,0.29630228194239144,-0.0007884419721833069,-0.00015932291013970304,-2.018947495001436,-0.004015211633395577,-0.0006296072335552574,-7.978412808971179,-0.0007314694408322442,-0.00011249672222693127,-1.4255638146251512,0.003209557348549108,0.0006131012373511807,7.7692480400154595,0.0,0.0,0.0,-0.00040987744271537413,0.16248283830023083
2025-08-23 02:00:00+00:00,12581.904977926628,-0.006827140736357193,-0.006305102436717296,0.14484386451918663,0.2019048602239814,0.18209413243140543,0.27335074248392766,0.12027921995875185,0.22237104490193366,-0.004125419032633304,-0.0008329421531491798,-10.552039280254455,-0.010655888677109315,-0.0019403748039438574,-24.581432302615816,-0.009028060187067921,-0.002467826955324603,-31.26340391226676,-0.013185958675849818,-0.0015859968239395525,-20.092032467435516,0.0,0.0,0.0,-0.006305102436717296,0.15617773586351352
2025-08-23 04:00:00+00:00,12474.215118106336,-0.00855910611383731,-0.007867639344394056,0.1271393422281223,0.2586392282435258,0.21069602682756003,0.1462114002558054,0.13577477305990707,0.24867857161320178,-0.007598048286875381,-0.001965153345074492,-24.725372654781914,-0.017978989997029626,-0.0037881017587465876,-47.6615363752663,-0.01337820091923847,-0.0019560454893053597,-24.61077847894203,-0.006258935305573421,-0.0008498055207108714,-10.692172311301643,0.0,0.0,0.0,-0.007867639344394056,0.14831009651911947
2025-08-23 06:00:00+00:00,12566.36123606641,0.00738692712027417,0.006050100466992681,0.17724769271092075,0.1678259764351841,0.17147135726332763,0.2134335701336044,0.08856500172156036,0.35870409444632345,0.0033377529240814496,0.0005601616435833602,6.987576842970845,0.012141531920513371,0.0020819249576664446,25.970379781685658,0.01830130604774971,0.003906113087878946,48.72569493385257,0.00947019042332653,0.0008387274311454186,10.462466401564672,0.0,0.0,0.0,0.006050100466992681,0.15436019698611214
2025-08-23 08:00:00+00:00,12515.310973840407,-0.0040624538215156165,-0.0037076722979126667,0.18240261602274122,0.1796444529763533,0.20588309287185924,0.3496059740066449,0.08422352520691835,0.18064295493822438,-0.001337162306149109,-0.00024021379102875576,-3.0186132719523138,-0.007942537613408351,-0.0016352342090995868,-20.54894377711876,-0.005228331018707677,-0.0018278557582244513,-22.96949574527252,-0.004264248762806733,-0.00035915006316282325,-4.513209431660105,0.0,0.0,0.0,-0.0037076722979126667,0.15065252468819948
2025-08-23 10:00:00+00:00,12542.095681045981,0.002140155147687351,0.0016997881340764104,0.2066051959738774,0.24066764300721707,0.2391135414606097,0.14300077803276753,0.13475412509116608,0.2424639124082398,-0.0002905885744199921,-6.993526729048678e-05,-0.8752616181790913,0.005284382961842526,0.0012635675244402724,15.8139405048157,-8.212203334145851e-05,-1.1743514661461444e-05,-0.14697373791404414,0.007111221304362481,0.0009582664051990269,11.99300205684998,0.0,0.0,0.0,0.0016997881340764104,0.1523523128222759
2025-08-23 12:00:00+00:00,12491.485600146938,-0.004035217254443904,-0.0036871425368595486,0.16739777545043866,0.30014671306299556,0.1322234762166283,0.18090028594438876,0.20477332257420497,0.18195620220178255,-0.003936222620478325,-0.0011814442814207802,-14.817787219404039,-0.007143158605554256,-0.000944493261993107,-11.845924862020778,-0.003942181340341633,-0.0007131417317124351,-8.944291833284185,-0.005841278367127778,-0.0011961379793175818,-15.00207698433411,0.0,0.0,0.0,-0.0036871425368595486,0.14866517028541634
2025-08-23 14:00:00+00:00,12498.463397080553,0.0005586042490842584,0.00035827840856642967,0.25969125771357515,0.11096489109081331,0.19849150501774357,0.12784626667894444,0.18731790609825638,0.3753794311142424,-0.0038609790831040103,-0.0004284331234605447,-5.351766192333369,0.0028693184837245145,0.0005695353442097088,7.114342550970307,-0.0032981530343008103,-0.0004216565523711912,-5.267116752152337,0.004479863127800021,0.0008391585807062855,10.482337327132306,0.0,0.0,0.0,0.00035827840856642967,0.14902344869398276
2025-08-23 16:00:00+00:00,12495.527936812545,-0.00023486569306552414,-0.00032885828813271307,0.22598254581447585,0.172003704102558,0.1724314219475916,0.15753485579651857,0.32257304978341333,0.17545696836991842,-0.0004530539001811329,-7.792694898926542e-05,-0.9739671195884974,0.006896332482065004,0.0011891444161058324,14.862477958541472,8.272667107878107e-05,1.3032334198921798e-05,0.1628841519637452,-0.004213357238906257,-0.0013591154943810128,-16.98685525892613,0.0,0.0,0.0,-0.00032885828813271307,0.14869459040585006
2025-08-23 18:00:00+00:00,12475.062985172392,-0.0016377820724054854,-0.0015584584988220672,0.12753719410349648,0.09859395928918563,0.19932932840743567,0.16925373279761988,0.26844560049328925,0.26437737901246955,0.0023959855375110806,0.00023622970054284502,2.9518148226379815,-0.0002525789361795816,-5.0346389718540556e-05,-0.6291047192456753,0.0026470344941682544,0.0004480204689820366,5.598252286428897,-0.008462369463449693,-0.0022716858522118266,-28.385914029974693,0.0,0.0,0.0,-0.0015584584988220672,0.14713613190702798
2025-08-23 20:00:00+00:00,12481.994561216425,0.0005556345528894462,0.000363006447775294,0.27035095811612353,0.22768631560381983,0.19165682975853732,0.31051233459910926,0.16221670450624212,0.10792781553229149,0.0003992598010025272,9.090599305897972e-05,1.1340579891404163,0.0018674509820433283,0.0003579097349478915,4.464946486481303,-0.0009900173253031275,-0.0003074125909734399,-3.8349914348287006,0.0025535681859452097,0.0004142314158560148,5.1675630032409225,0.0,0.0,0.0,0.000363006447775294,0.14749913835480327
2025-08-23 22:00:00+00:00,12456.134183696151,-0.002071814515976963,-0.00194701758649162,0.1793223603063242,0.21051726094287518,0.24384381167560915,0.16178145965016894,0.2893520828954945,0.09450538483585223,-0.0009198852953152814,-0.00019365173275140088,-2.4171598749731222,-0.001826144334749591,-0.0004452939952551598,-5.558157226917237,-0.00256007927987445,-0.00041417336271824183,-5.169709660849812,-0.0035206085785118857,-0.0010186954252521603,-12.715350757533518,0.0,0.0,0.0,-0.00194701758649162,0.14555212076831164
2025-08-24 00:00:00+00:00,12499.17304536224,0.0034552342670185793,0.00286636176152044,0.21887969073501673,0.2877122482472968,0.16581044534411488,0.2542119361835526,0.1485057584919721,0.1437596117330637,0.003564783916543579,0.0010256319951445572,12.775409754612603,0.0059853009597954365,0.0009924254176622396,12.361784169711552,0.005547276039079341,0.0014101837824389877,17.56543841773221,0.00018176447867679357,2.6993071772795115e-05,0.3362293240320769,0.0,0.0,0.0,0.00286636176152044,0.14841848252983209
2025-08-24 02:00:00+00:00,12506.432153854721,0.0005807671008421651,0.00038479462741263957,0.09439201151632007,0.23840282200913349,0.16776140150545277,0.23021419200629414,0.2409468138469543,0.12267477063216543,0.0003112491668693096,7.42026797296351e-05,0.9274721343703022,-0.0003536748702493986,-5.933299191029827e-05,-0.741613333185896,0.0002470152326059516,5.686641218762595e-05,0.7107831264020331,0.0021126280638785744,0.0005090310008352023,6.362466564893125,0.0,0.0,0.0,0.00038479462741263957,0.14880327715724473
2025-08-24 04:00:00+00:00,12490.817972337563,-0.0012484920819200054,-0.0012281884847096867,0.1491117996040824,0.17700220756407264,0.24901436101451827,0.21174094956353645,0.1717088711306903,0.19053361072718225,-0.0037928887708825743,-0.0006713496854911978,-8.396189293107371,0.00248706745856464,0.0006193155139944757,7.745427457601575,-0.002304906157392206,-0.00048804301842106764,-6.103676898045553,-0.004125674389082845,-0.0007084148920022157,-8.85974278360603,0.0,0.0,0.0,-0.0012281884847096867,0.14757508867253505
2025-08-24 06:00:00+00:00,12487.086213737319,-0.0002987601459336007,-0.0003848708145135822,0.18321811769150093,0.1599635938097659,0.15467285499159386,0.18314916151935082,0.35492698882219126,0.14728740085709816,-0.0003477172061165934,-5.5622093919901394e-05,-0.6947654503937523,-0.0009877646655905847,-0.00015278038088671272,-1.9083519274003296,0.0010726072607261106,0.00019644712044155485,2.4537852226253354,-0.0008080670126560108,-0.00028680479156854144,-3.5824264450768664,0.0,0.0,0.0,-0.0003848708145135822,0.14719021785802147
2025-08-24 08:00:00+00:00,12402.097856161727,-0.006806100007709997,-0.0063060800703677155,0.1334377714417025,0.17133271843192832,0.1652582520548424,0.2535800025408299,0.22148921738048877,0.1883398095919106,-0.0009375977479565423,-0.00016064117095304834,-2.00594015116643,-0.005259351235194942,-0.0008691511920707925,-10.85316586816055,-0.015247671639330718,-0.0038665046130432236,-48.28137644888378,-0.00862255532901246,-0.0019098030316429327,-23.8478751073822,0.0,0.0,0.0,-0.0063060800703677155,0.14088413778765377
2025-08-24 10:00:00+00:00,12409.970816154859,0.0006348087303005026,0.00045403360185914933,0.20757315251932187,0.1657347027518052,0.15883788725178433,0.13783183618613273,0.14168261169904522,0.39591296211123245,-0.0004093545211217853,-6.784424987822665e-05,-0.8414110259676553,0.0029293714669973436,0.0004652951747935181,5.770636289789087,0.0036826247070638196,0.0005075829253590254,6.295093110419467,-0.0019072567673146246,-0.0002702251199738142,-3.3513583811082865,0.0,0.0,0.0,0.00045403360185914933,0.1413381713895129
2025-08-24 12:00:00+00:00,12347.821671361793,-0.005008000882013615,-0.004615026735851361,0.13964605025197863,0.1290473116299126,0.18084058824258284,0.17742935955241831,0.21972843759393978,0.29295430298114644,-0.0009660299495407587,-0.00012466356794221502,-1.5470712400006268,-0.0052193335344800085,-0.0009438673466096038,-11.713366225746705,-0.01192461641094067,-0.00211577705270146,-26.25673147751526,-0.00829975825946816,-0.0018236929147603359,-22.63197584980416,0.0,0.0,0.0,-0.004615026735851361,0.13672314465366153
2025-08-24 14:00:00+00:00,12367.535538156571,0.0015965461212077666,0.0013099376766616169,0.09660979469686477,0.10958330862793395,0.19154764428353221,0.1002835678575322,0.24684558497381032,0.3517398942571913,-0.0015272349342657643,-0.00016735945714900765,-2.066524731891862,0.004488460801267191,0.0008597540929417059,10.616090220867598,0.0044729513039074575,0.00044856351560884064,5.538782299017076,0.001845639531509402,0.0004555879698062276,5.625519006785059,0.0,0.0,0.0,0.0013099376766616169,0.13803308233032316
2025-08-24 16:00:00+00:00,12399.22055721013,0.0025619509202785464,0.0021531330941309077,0.021538714539773206,0.10036347880167365,0.17966975297999296,0.09984257444755852,0.2648695315941496,0.3552546621766252,-0.0013529745537078641,-0.0001357892329402631,-1.6793781640877248,0.006137503564658697,0.0011027237493760544,13.637975159177612,0.0026046042681902026,0.000260050395553209,3.216182508715986,0.005040088983639945,0.0013349660082895458,16.51023954975198,0.0,0.0,0.0,0.0021531330941309077,0.14018621542445406
2025-08-24 18:00:00+00:00,12531.790259835172,0.01069177711722795,0.00902500052236143,0.17395864463503302,0.12318631479996496,0.18496670984822888,0.24568142621606434,0.2492566088200241,0.1969089403157177,0.00020472026182516423,2.521873461912593e-05,0.312692652716293,0.02235161963274579,0.004134305543248067,51.26216628162923,0.018939076510517072,0.004652979328318998,57.6933169399667,0.007539513274846366,0.0018792735110417594,23.30152675072944,0.0,0.0,0.0,0.00902500052236143,0.1492112159468155
2025-08-24 20:00:00+00:00,12412.066827082475,-0.009553577762661327,-0.008920856997508515,0.17961410175741466,0.22156243167583115,0.17543632187190547,0.14344753784374412,0.3304945937015725,0.12905911490694666,-0.015935809650173827,-0.003530776736815689,-44.246953520079465,-0.01886634757295802,-0.0033098426253567056,-41.478253574032436,-0.007155193683691108,-0.001026394916720599,-12.862565820103535,-0.005103149993706868,-0.0016865634837683339,-21.135659838481683,0.0,0.0,0.0,-0.008920856997508515,0.14029035894930697
2025-08-24 22:00:00+00:00,12382.778959576013,-0.002359628570687172,-0.002193456931442559,0.14959643385428126,0.2203154627953847,0.1521705056782227,0.20870133606152388,0.2054109449214205,0.21340175054344818,0.003449378330372843,0.0007599513832124643,9.43256735376687,-0.005819643009260411,-0.0008855780195858906,-10.991853559695427,-0.018141153081510875,-0.0037860828858079505,-46.99311379152155,0.007555979804717561,0.0015520809514942046,19.264532490987822,0.0,0.0,0.0,-0.002193456931442559,0.1380969020178644
2025-08-25 00:00:00+00:00,12378.503557723187,-0.00034526998073554723,-0.00040164398313957526,0.18422079257052335,0.10309305790448943,0.2302893210765933,0.21698937904379378,0.1384125572417924,0.311215684733331,0.004471166951651728,0.0004609462734472711,5.70779581633784,-0.001013584117032451,-0.00023341759816542147,-2.8903585233575497,-0.0029528389437273317,-0.0006407346888157256,-7.934076023337851,0.0004908227559126122,6.793603279832873e-05,0.841236877532211,0.0,0.0,0.0,-0.00040164398313957526,0.13769525803472482
2025-08-25 02:00:00+00:00,12313.881061500628,-0.005220541879009226,-0.004783649817578966,0.12830084702926453,0.19726272161368655,0.251994973722367,0.21252932699464042,0.1508380879160862,0.18737488975321995,-0.003759155032456052,-0.000741541152670067,-9.179169796524576,-0.01005826177002811,-0.002534631410430922,-31.37494393153611,-0.007869351836182203,-0.0016724680496278414,-20.702651702496595,-0.0018026035070907165,-0.00027190126628039477,-3.365730792001306,0.0,0.0,0.0,-0.004783649817578966,0.13291160821714584
2025-08-25 04:00:00+00:00,12311.947032872256,-0.0001570608501667207,-0.0002230130104578205,0.14693877513208015,0.21315378118261197,0.30652071159498034,0.28905130468518164,0.09090183920818548,0.10037236332904037,-0.001327620493875581,-0.00028298732824510683,-3.4846723019220827,-0.0009847698787210923,-0.0003018523639828917,-3.7169741082181242,0.0010234541577824885,0.00029583075959250203,3.642824787955456,0.0014515446950043032,0.0001319480824687758,1.6247929938135812,0.0,0.0,0.0,-0.0002230130104578205,0.13268859520668802
2025-08-25 06:00:00+00:00,12219.642529328921,-0.00749714917525934,-0.00686065758798799,0.14591124680727288,0.28124604076309306,0.21101852987448647,0.2386422395984028,0.11427758287753689,0.1548156068864809,-0.005374220532561758,-0.0015114782469707157,-18.609240118042063,-0.004693902157841157,-0.0009905003327223207,-12.19498763251956,-0.019936951520831636,-0.0047577987616960445,-58.57776634706691,-0.002077151335311611,-0.00023737183387025906,-2.9225094457063823,0.0,0.0,0.0,-0.00686065758798799,0.12582793761870004
2025-08-25 08:00:00+00:00,12022.951501738522,-0.016096299635468977,-0.014802129093038805,0.13579352915970996,0.14545251160338302,0.2454630754311638,0.260700430535781,0.1919568868652241,0.15642709556444803,-0.007109251179770348,-0.001034058439716911,-12.63582448777627,-0.024196530661690696,-0.0059393548309830515,-72.57679288945569,-0.021646526992958326,-0.00564325890666864,-68.95860653994235,-0.01812713008074296,-0.003479627458100377,-42.519803673224054,0.0,0.0,0.0,-0.014802129093038805,0.11102580852566123
2025-08-25 10:00:00+00:00,12050.071983475813,0.002255725786914347,0.0019190953179508148,0.255533055478767,0.1263962112372563,0.13759246948940823,0.13209428136489634,0.37414329418093506,0.22977374372750412,0.0025866376544279035,0.00032694119936331045,3.9307981838653068,0.004776352156328212,0.0006571900883402587,7.901364559538186,0.001510574018126709,0.00019953818937293153,2.399037973575473,0.0028653628877266524,0.0010720563098378464,12.889281020313193,0.0,0.0,0.0,0.0019190953179508148,0.11294490384361204
2025-08-25 12:00:00+00:00,11990.838247071417,-0.004915633407470404,-0.004328179396261213,0.09811062116132885,0.10492951444097648,0.20977310672603197,0.14050161351034834,0.297499369815886,0.24729639550675717,-0.005232826475849772,-0.0005490779412648028,-6.616428716779578,-0.0028656276418183024,-0.0006011316131442181,-7.243679209930764,-0.010912962470055798,-0.0015332888352207162,-18.476240835869415,-0.007502990743214255,-0.002232135017840667,-26.897387641817105,0.0,0.0,0.0,-0.004328179396261213,0.10861672444735082
2025-08-25 14:00:00+00:00,12024.496638243556,0.002807009024607466,0.0024081511030959383,0.22725156306367805,0.25776539681029853,0.15849750753949632,0.21491729420470435,0.13529816413291676,0.23352163731258402,0.0024882441635329933,0.0006413832441739914,7.690722735272241,0.006565103215596224,0.001040552496411534,12.477096672057066,0.0008073196986004838,0.0001735069651813734,2.080493954230101,0.007033105917872984,0.0009515663188405672,11.410077810578427,0.0,0.0,0.0,0.0024081511030959383,0.11102487555044675
2025-08-25 16:00:00+00:00,12038.699504871902,0.0011811610128589865,0.0009964218937095818,0.17723877280871042,0.13387618738581,0.10794283213263445,0.24343814275367023,0.13250327615555677,0.3822395615723286,0.00635876930749113,0.0008512877913528198,10.236307185299763,-0.0038226629923028277,-0.0004126290696777782,-4.96165686118201,0.001165187774491372,0.0002836511477814619,3.410762272932115,0.003462941873707326,0.000458851143402483,5.517454031297369,0.0,0.0,0.0,0.0009964218937095818,0.11202129744415633
2025-08-25 18:00:00+00:00,12037.212841540699,-0.00012349035961908212,-0.00014056107470247154,0.2022225836344846,0.15977294657887872,0.12684539837537515,0.24512285968463204,0.28824181742327015,0.180016977937844,0.002056583451165439,0.00032858639787806173,3.9557529054422633,-0.005586894969843215,-0.0007086719181311421,-8.531488269922,0.00044762757385852225,0.00010972375097789481,1.3209312665702702,0.0005095423383361108,0.00014687140965610342,1.7681407667067703,0.0,0.0,0.0,-0.00014056107470247154,0.11188073636945385
2025-08-25 20:00:00+00:00,11848.274951587013,-0.015696149303072573,-0.014005561599191623,0.11253258517559993,0.20002678788734254,0.12473549881616587,0.17986659866334767,0.36052056129040627,0.13485055334273774,-0.015256147304044898,-0.0030516381407642416,-36.73321781574271,-0.03629319723293534,-0.00452705006048368,-54.49306512235175,-0.021744966442953095,-0.003911193152142607,-47.07986443671703,-0.011667206815130338,-0.004206267949682043,-50.63174257887375,0.0,0.0,0.0,-0.014005561599191623,0.09787517477026222
2025-08-25 22:00:00+00:00,11737.47463574721,-0.00935159897052877,-0.008039694368674407,0.3264411809531385,0.12876925267903344,0.13239852846895284,0.25023198888455767,0.1053369155455769,0.3832633144218793,-0.007479668951579255,-0.0009631513811814302,-11.411682384238373,-0.0157295592646719,-0.002082570500107743,-24.67486789134061,-0.017746066593486987,-0.004440633538566056,-52.613847124169396,-0.01770740619290767,-0.0018652435506735408,-22.099918440054534,0.0,0.0,0.0,-0.008039694368674407,0.08983548040158781
2025-08-26 00:00:00+00:00,11791.525030814606,0.004604942438195556,0.003983000820566665,0.21800935831393542,0.1992103236621904,0.20114971913487212,0.1781591575099956,0.18415401221043604,0.23732678748250585,0.0020381659473132085,0.0004060236980415192,4.765692857274616,0.00582879969476946,0.0011724614214963052,13.761736196205002,0.01629726205997395,0.0029035064783245745,34.079833644062404,0.0006676522485573599,0.00012295084033315712,1.4431323698542369,0.0,0.0,0.0,0.003983000820566665,0.09381848122215448
2025-08-26 02:00:00+00:00,11842.83450955044,0.004351386152490706,0.0037519027433758315,0.09935489177371772,0.24386814605482557,0.22040850164511547,0.13577536098138296,0.21959229908127523,0.18035569223740078,-0.0019504689680449605,-0.0004756572511745933,-5.608724383313687,0.010362942938688446,0.00228408072575015,26.932795050084085,0.007880509484101461,0.001069979019921088,12.616684395845988,0.0067078110851641615,0.0014729836579940618,17.36872367321784,0.0,0.0,0.0,0.0037519027433758315,0.09757038396553032
2025-08-26 04:00:00+00:00,11829.49135528176,-0.0011266858671308633,-0.0009648811948012386,0.14564124330353218,0.10989098753404318,0.26320198117061183,0.1504864552001118,0.20792821429852545,0.2684923617967077,-0.00016051362905389333,-1.763900120940542e-05,-0.20889577223674846,-0.004283594781885114,-0.001127450633124257,-13.352211265778442,0.0007273388489863475,0.00010945464511328487,1.2962532483782063,-0.000437895733475413,-9.105087791048566e-05,-1.0783004790431634,0.0,0.0,0.0,-0.0009648811948012386,0.09660550277072907
2025-08-26 06:00:00+00:00,11865.574752546398,0.0030502915282598223,0.002632533473029669,0.2657710763257197,0.21075931815126916,0.09005614477058738,0.28498256752336865,0.11530297437283016,0.29889899518194457,0.002879789209222272,0.0006069424101550687,7.179819994083261,0.006339464586674115,0.000570907740585536,6.753548181920039,0.006359589352230355,0.0018123721019928834,21.439440113078646,0.0005209690023442182,6.006927552633428e-05,0.7105889755568096,0.0,0.0,0.0,0.002632533473029669,0.09923803624375874
2025-08-26 08:00:00+00:00,11854.402058941363,-0.00094160576609544,-0.0008136654807392436,0.2723625559349798,0.13415301527989343,0.17993605729622936,0.1694821748807034,0.29778561778216806,0.21864313476100572,0.0009728120802932061,0.00013050567387203939,1.5485248289601246,-0.00017830984834632524,-3.208437108852635e-05,-0.38069950353934784,-0.0013541572627967513,-0.00022950551802929366,-2.723214880298469,-0.0027218290691344293,-0.0008105215508496594,-9.61730405015647,0.0,0.0,0.0,-0.0008136654807392436,0.09842437076301949
2025-08-26 10:00:00+00:00,11841.285721891758,-0.0011064528589792573,-0.000956074723062919,0.1709297148688868,0.1871068206732022,0.16429861889529926,0.28542672737789204,0.14249334131421137,0.2206744917393951,-0.0013626077937902714,-0.000254953212120624,-3.022317882696439,-0.0022055669684176715,-0.0003623716067921155,-4.295698721658344,-0.0025311878502983776,-0.0007224686644893476,-8.56443402384314,0.0016375545851528006,0.00023334062442282983,2.766113578592657,0.0,0.0,0.0,-0.000956074723062919,0.09746829603995658
2025-08-26 12:00:00+00:00,11831.317920965354,-0.0008417836677968703,-0.0007265680369223696,0.2997896601697241,0.16226325429977642,0.22607977260753004,0.12564507935135927,0.38050184777170476,0.10551004596962968,-0.0025089670812116216,-0.00040711316352840915,-4.8207432904831355,0.0016538723463945804,0.00037390708399476886,4.427540615021439,0.002175095160413143,0.0002732900040268669,3.2361050226190797,-0.0028432650159933015,-0.001081867592290097,-12.810703273562138,0.0,0.0,0.0,-0.0007265680369223696,0.09674172800303421
2025-08-26 14:00:00+00:00,11903.371468413145,0.0060900694182269765,0.005301141739178329,0.30886343543172645,0.22306082918233192,0.19886293453941478,0.23358802467370027,0.09885525040809352,0.24563296119645964,0.001985228328561295,0.0004428266770851373,5.239223200478922,0.011978117292037682,0.002382003554951922,28.182241347505855,0.011665762344004404,0.002724982382248824,32.24013289341537,0.005465130093857518,0.0005402568039410925,6.391950006391713,0.0,0.0,0.0,0.005301141739178329,0.10204286974221254
2025-08-26 16:00:00+00:00,11920.274535801393,0.0014200235146070023,0.0012243465078416887,0.11363272992852218,0.21389539491296922,0.14154471177032435,0.18643895178363118,0.2036601220266805,0.2544608195063948,-0.0038904702553239634,-0.0008321536716596793,-9.905434272569067,0.008651264321123397,0.001224540714782302,14.576163006249892,0.0011620631089657163,0.00021665382794199572,2.5789109940472423,0.00398203946591047,0.0008109826435423839,9.65342766052068,0.0,0.0,0.0,0.0012243465078416887,0.10326721625005422
2025-08-26 18:00:00+00:00,11968.798123521758,0.004070677028002145,0.0035266053708457434,0.2440530159564377,0.25105902994968704,0.1774902914842837,0.35738275298939176,0.10958470478959083,0.10448322078704685,0.002933716945418441,0.0007365361304637127,8.779712880664288,0.0007700767642615514,0.00013668114935405678,1.62927682416923,0.00821428571428573,0.0029356440424128665,34.99368292495116,0.0023891628514600693,0.00026181570577150877,3.1209150905809855,0.0,0.0,0.0,0.0035266053708457434,0.10679382162089997
2025-08-26 20:00:00+00:00,12087.827201278453,0.009944948233588486,0.008587871574736812,0.18329186080956308,0.28271831590089896,0.17264543643418195,0.17893574722993041,0.15698334584413606,0.20871715459085277,0.010255294051436659,0.002899359463290679,34.70184810364853,0.01640239601460247,0.0028317988185073304,33.89322838514167,0.014257881686149387,0.0025512447134270807,30.535332938710848,0.01059058353880471,0.0016625452383633942,19.898668329193825,0.0,0.0,0.0,0.008587871574736812,0.11538169319563678
2025-08-26 22:00:00+00:00,12091.2918277705,0.0002866211134850464,0.00020681755792681508,0.11163434146745421,0.18945117476660106,0.17755215702226448,0.16738562377187657,0.15016626896903346,0.3154447754702243,0.004216943315919375,0.0007989048651250917,9.657023959892777,0.0018230509344767665,0.00032368662577780485,3.9126679997669886,-0.006985069414127243,-0.0011692002009735451,-14.133089993068252,0.00221907240449859,0.00033322982355569504,4.02802452545375,0.0,0.0,0.0,0.00020681755792681508,0.11558851075356359
2025-08-27 00:00:00+00:00,12095.06319736231,0.00031190791236620233,0.00022889906581986252,0.22353562899285656,0.16659500554556964,0.205129810866621,0.08476232794525516,0.3461242441175335,0.19738861152502057,0.0016007585276103242,0.00026667837578435986,3.2244860657645407,-0.000964154725118127,-0.00019777687640964035,-2.3913779294538604,-0.002198188692517311,-0.00018632359084070398,-2.2528929112530585,0.001240392752396735,0.0004293300038321868,5.191154366752797,0.0,0.0,0.0,0.00022889906581986252,0.11581740981938346
2025-08-27 02:00:00+00:00,12056.42474930343,-0.0031945635527811335,-0.002842037111770367,0.2173042059118827,0.2685735542275252,0.17746878888096074,0.17721114877905134,0.15648106019131108,0.22026544792115157,-0.0041493077955342406,-0.0011143943422306085,-13.478669996062212,-0.008216266033130304,-0.0014581307820234106,-17.63618395859248,-0.00061684878392676,-0.00010931248162262196,-1.3221413734861187,-0.0032766006715294616,-0.000512725946904492,-6.201452730737262,0.0,0.0,0.0,-0.002842037111770367,0.1129753727076131
2025-08-27 04:00:00+00:00,12099.224438449048,0.0035499486817673767,0.003051231008197552,0.21112807546169154,0.16598571637695594,0.14769640210734009,0.19100113814575823,0.35381914628629574,0.14149759708365,0.0010662224118207497,0.0001769776908432329,2.133718211956924,0.008926477646548303,0.001318408631886781,15.895294459175064,0.008023983775681032,0.0015325900336181754,18.477556411849946,0.0014752517801759346,0.0005219723254191873,6.293120062635354,0.0,0.0,0.0,0.003051231008197552,0.11602660371581065
2025-08-27 06:00:00+00:00,12093.779042442571,-0.0004500615749528362,-0.00043743799437870985,0.13902000619999275,0.11080666758655612,0.16482909326210202,0.17915804653492112,0.28182128048753985,0.26338491212888077,-0.0004125898697833197,-4.571770855066078e-05,-0.5531488165660459,0.0023742494938698844,0.0003913453912525777,4.734975721717592,-0.002799160251924393,-0.000501492082672972,-6.067665262365533,-0.0010439139814879539,-0.00029419717498178113,-3.559557649262237,0.0,0.0,0.0,-0.00043743799437870985,0.11558916572143195
2025-08-27 08:00:00+00:00,12039.269290448008,-0.00450725549088195,-0.004021997717052721,0.0813881715129723,0.12187166172189981,0.1721843620740189,0.11215623288549532,0.3447891890532516,0.24899855426533432,-0.005809260445472031,-0.0007079842238649803,-8.562204768958269,-0.007374596109212428,-0.0012697901266182838,-15.3565612215967,-0.008596491228070158,-0.0009641500721735543,-11.660217936622024,-0.004539965630950715,-0.001565331068225131,-18.93076806738533,0.0,0.0,0.0,-0.004021997717052721,0.11156716800437923
2025-08-27 10:00:00+00:00,12038.599229947486,-5.565624327845357e-05,-8.108521137746662e-05,0.10326627020084805,0.11544808563719534,0.1417880995209654,0.15354778008586126,0.4066639120537337,0.1825521227022442,0.0007729045215456587,8.92303473927787e-05,1.0742681811418882,0.0017159848574159753,0.00024330623173976593,2.9292292439591905,-0.003362236772252669,-0.0005162639925024488,-6.215441230698813,0.00031493124001258366,0.0001280711700914506,1.5418833050737448,0.0,0.0,0.0,-8.108521137746662e-05,0.11148608279300176
2025-08-27 12:00:00+00:00,12064.25081334098,0.002130778083357221,0.0018384677332257708,0.1256021998756169,0.08675069537608579,0.14106561443466412,0.13436790778607605,0.3296614598253129,0.3081543225778612,0.004614172431073316,0.0004002826669807744,4.8188426064760765,0.004478763468982239,0.0006317995206595072,7.605981222892734,0.0032848011363637575,0.0004413718561865232,5.313498888007571,0.0019939365671641784,0.0006573240395304162,7.913260676116839,0.0,0.0,0.0,0.0018384677332257708,0.11332455052622753
2025-08-27 14:00:00+00:00,12060.400003650571,-0.0003191917799113515,-0.000318253345596694,0.21238051104197808,0.18968923755159658,0.19011950779894915,0.1947559832882583,0.17795136876783416,0.24748390259336192,0.0014837129780285174,0.00028144438354763825,3.3954156331248453,-0.0029161160978720124,-0.0005544105572120192,-6.688548015769928,-8.848774444747409e-05,-1.7233517678827935e-05,-0.20790947967352605,-0.0001629214136923407,-2.8992088568142586e-05,-0.3497678280886679,0.0,0.0,0.0,-0.000318253345596694,0.11300629718063084
2025-08-27 16:00:00+00:00,12126.249473650332,0.005459973962706885,0.004758028087069123,0.19533683406587016,0.09855682047385653,0.14476981644829032,0.13590125765078706,0.3350028084607843,0.28576929696628195,0.004599181036323063,0.00045328065972365756,5.466746070185933,0.013524305668892733,0.001957911249276173,23.613192837917854,0.006194690265486802,0.0008418661978367444,10.153243095463566,0.006587753296786625,0.00220691585587031,26.61628799619479,0.0,0.0,0.0,0.004758028087069123,0.11776432526769996
2025-08-27 18:00:00+00:00,12142.400635031841,0.0013319172936863627,0.0011276583186447119,0.29027965291738245,0.2352176607193724,0.1260129341979182,0.2895200703226536,0.23046787916549208,0.11878145559456373,0.003083125275278986,0.0007252055149558941,8.79402299402223,-0.005528622160005825,-0.0006966779004539664,-8.44809002368373,0.0033421284080914493,0.0009676132517379747,11.733519684584703,0.001456933732641108,0.0003357764274464602,4.071708726586827,0.0,0.0,0.0,0.0011276583186447119,0.11889198358634467
2025-08-27 20:00:00+00:00,12059.27365379995,-0.006846008769638475,-0.006194915789212756,0.23796946804274594,0.20407178114534918,0.2925606024001827,0.13769629828464072,0.17546806273478213,0.1902032554350451,-0.002355416737504945,-0.00048067408896220154,-5.836537363057988,-0.014277294287571074,-0.004176973817416481,-50.718489533109256,-0.007976858345021043,-0.001098383866050343,-13.337016952638415,-0.0062118255608539785,-0.001089976997209449,-13.234937383086113,0.0,0.0,0.0,-0.006194915789212756,0.11269706779713191
2025-08-27 22:00:00+00:00,12019.855590061608,-0.003268693029942112,-0.0029406413893678404,0.1462910937530629,0.28319390615958434,0.1771826295400112,0.20486526702346855,0.15335568203185582,0.18140251524508014,-0.0049293955033106185,-0.0013959747675880243,-16.83444173614377,-0.008322929671244261,-0.0014746785646276392,-17.783552362237618,-0.0013254396041354477,-0.00027153653842468896,-3.2745334238688892,-0.0008249003729479121,-0.0001265031593017593,-1.5255362160901638,0.0,0.0,0.0,-0.0029406413893678404,0.10975642640776408
2025-08-28 00:00:00+00:00,11978.691379753078,-0.0034246842651392832,-0.0030745675110781696,0.18833417517774576,0.1340837984591189,0.20367525707666553,0.19444580680413778,0.12455107477390619,0.3432440628861715,-0.00238666116611419,-0.0003200125947874608,-3.8465051763461813,-0.004635907856085808,-0.0009442197243720103,-11.34938473223934,-0.007520792780038921,-0.0014623866199214024,-17.57767598829357,-0.005604651162790741,-0.0006980653260584099,-8.390644411651357,0.0,0.0,0.0,-0.0030745675110781696,0.10668185889668591
2025-08-28 02:00:00+00:00,12013.451339756264,0.0029018161417816053,0.0025514940560581977,0.3250836964103082,0.4092641299204113,0.13991177491142517,0.2443491717531536,0.08050527156342095,0.12596965185158884,0.003466592055994866,0.0014187517815857484,16.994789736090524,0.0021634407361468266,0.0003026908333099828,3.625840075700567,0.004368369439244013,0.0010674074543910626,12.786144472598398,0.001403213358591282,0.00011296607249481114,1.3531857187981555,0.0,0.0,0.0,0.0025514940560581977,0.10923335295274411
2025-08-28 04:00:00+00:00,12049.462868874973,0.00299760061453251,0.0026330542603502285,0.20353542912419864,0.25736362648963074,0.15672015446616094,0.1927142460597356,0.09358970187885333,0.29961227110561944,0.0031553714805256927,0.0008120778471500475,9.755857700831122,0.005570734601878513,0.0008730463872963881,10.488300291135161,0.002307828865613315,0.0004447514998715649,5.343000501990659,0.00927158504402259,0.0008677248802145095,10.424370624752843,0.0,0.0,0.0,0.0026330542603502285,0.11186640721309433
2025-08-28 06:00:00+00:00,12109.164120160058,0.004954681543465275,0.004357775814725648,0.1472219427261643,0.2788053176977395,0.12003393899967364,0.19207805668988057,0.2193699533969089,0.18971273321579749,0.007618214285714409,0.002123998654218063,25.593042917540963,0.006433827576943996,0.0007722776669053137,9.305531071836972,0.005047821466524827,0.0009695757378075517,11.68286685127415,0.004963439466864061,0.0010888294845343475,13.119810444432897,0.0,0.0,0.0,0.004357775814725648,0.11622418302781998
2025-08-28 08:00:00+00:00,12127.625747243315,0.0015245996255449016,0.0013128575157114063,0.11715484130358111,0.16924024458921572,0.17030859586722022,0.20487702364515134,0.2734511708776727,0.18212296502074013,0.0023115862690339384,0.00039121342556037634,4.737267576120617,0.00568385679656247,0.0009680096701329106,11.721787965541413,-0.00017622698035069106,-3.610485922022215e-05,-0.4371996658329441,0.0007368093851094493,0.00020148138907183694,2.439771207428697,0.0,0.0,0.0,0.0013128575157114063,0.11753704054353138
2025-08-28 10:00:00+00:00,12105.010012427883,-0.001864811405527704,-0.0017199712342729043,0.16916355924687054,0.21920384990723926,0.26924512192378747,0.17945034183796682,0.12971429343798668,0.20238639289301988,-0.002273986861586086,-0.0004984666746981505,-6.045217278212047,-0.0022472056769680115,-0.0006050491664830796,-7.337809849788303,-0.0014981933550718418,-0.00026885130970701244,-3.2605280657828506,-0.0037963761863675227,-0.0004924442546394616,-5.972179621647578,0.0,0.0,0.0,-0.0017199712342729043,0.11581706930925847
2025-08-28 12:00:00+00:00,12129.665674631777,0.0020368146890073547,0.00177658095176619,0.1224227237695714,0.22542770630866443,0.1741450723330006,0.29564920920611304,0.11943498114845547,0.18534303100376653,0.00046333015201804884,0.00010444745343307356,1.2643374695799505,0.0018096627268346932,0.00031514384646296275,3.8148194167891996,0.0015887025595764381,0.00046969865540250164,5.685706926471196,0.009607945031468335,0.0011475247337088168,13.890798391053869,0.0,0.0,0.0,0.00177658095176619,0.11759365026102467
2025-08-28 14:00:00+00:00,12119.293092960716,-0.000855141596586216,-0.000816515731532173,0.04038129004341559,0.25633214701026275,0.17826590413686724,0.26685671117117876,0.10784618913997412,0.19069904854171715,-0.0006769157299698625,-0.0001735152624081941,-2.1046821224573975,-0.004261348179133262,-0.0007596530859951838,-9.214337961823883,0.0003524850193865614,9.406299301060696e-05,1.140952657573888,-0.00014869548308871217,-1.6036241193445076e-05,-0.19451424435424686,0.0,0.0,0.0,-0.000816515731532173,0.1167771345294925
2025-08-28 16:00:00+00:00,12048.905102831177,-0.005807928695975061,-0.005323699059976561,0.15223080026363373,0.21921761923859978,0.1491833698259875,0.23645155451324845,0.2600769894036078,0.1350704670185564,-0.001366801748605817,-0.0002996270253005224,-3.631267738188986,-0.015562127202904286,-0.0023216105777899305,-28.13627903995404,-0.007840028188865422,-0.0018537868526849169,-22.466586199565697,-0.005125037179399161,-0.0013329042401996915,-16.15385715183017,0.0,0.0,0.0,-0.005323699059976561,0.11145343546951593
2025-08-28 18:00:00+00:00,12062.174687021961,0.0011013103744726823,0.0009577785619021519,0.1863752014218215,0.16608818458024735,0.1336296496601565,0.11875950791561041,0.2859101724444384,0.2956124853995473,-0.002578397144513689,-0.00042824130085917226,-5.159838795165142,-0.003161627083421159,-0.0004224871195136319,-5.090507210188244,-0.0005327177483797074,-6.326529765548602e-05,-0.7622775677533188,0.007048731688245935,0.0020153040925009725,24.28220776389152,0.0,0.0,0.0,0.0009577785619021519,0.11241121403141809
2025-08-28 20:00:00+00:00,11994.467364433372,-0.005613193669084945,-0.005133172983202001,0.05516828998955186,0.11607668864721153,0.14934125350701616,0.1494955148339453,0.28075337838792236,0.30433316462390464,-0.004329999644090088,-0.0005026120205295819,-6.062593991424885,-0.011421520478777425,-0.001705704185256676,-20.574501846950497,-0.007550857244381204,-0.0011288192911863937,-13.61601548037059,-0.00810696628187113,-0.0022760581721122937,-27.454211269842382,0.0,0.0,0.0,-0.005133172983202001,0.10727804104821609
2025-08-28 22:00:00+00:00,12049.464755890296,0.004585229988619924,0.004098926731245731,0.20363126704837303,0.3197079556955845,0.1433491006951292,0.13662848605797312,0.18010539688319946,0.22020906066811358,0.0011055272250490855,0.00035344584908625554,4.239394701959535,0.011244815241219452,0.001611934152311691,19.33429158351815,0.011815252416756294,0.0016143000500942206,19.362669267258287,0.0055831194096858106,0.0010055499371277572,12.061035904186914,0.0,0.0,0.0,0.004098926731245731,0.11137696777946182
2025-08-29 00:00:00+00:00,12092.510001284349,0.0035723782148091897,0.0031797046950752046,0.18659172278616698,0.23922238589333983,0.23850103393438138,0.22806827560488802,0.0982285796352703,0.19597972493212049,0.0048366852169785535,0.0011570433774206557,13.941753397266465,0.005079761162106733,0.0012115282893021705,14.598267422710565,0.005307855626326852,0.001210553479856068,14.586521490646044,-6.868603612875113e-05,-6.7469317697040835e-06,-0.0812969165694459,0.0,0.0,0.0,0.0031797046950752046,0.11455667247453703
2025-08-29 02:00:00+00:00,11997.810010428304,-0.007831293159648976,-0.0072001024636239586,0.20531937192989547,0.31255741538486465,0.12675017124127716,0.34796934648341654,0.11031185119511244,0.10241121569532924,-0.009602289838309463,-0.003001266893638356,-36.29284992784543,-0.012123160134775546,-0.0015366126230682252,-18.58150351255229,-0.009591693065821971,-0.0033376151677835895,-40.3601447968614,0.0004006960663094361,4.420152484119343e-05,0.5345073812141501,0.0,0.0,0.0,-0.0072001024636239586,0.10735657001091307
2025-08-29 04:00:00+00:00,12029.273890007962,0.0026224685632052045,0.002337806451941021,0.37923919325335,0.09306803859072287,0.19844841394021115,0.18821953002420833,0.2919720792823994,0.22829193816245827,0.0019575552087258696,0.0001821858237091698,2.1858308994560036,0.007458751354759707,0.001480177376326465,17.758886942899164,0.006130608618391875,0.00115390027291608,13.844276245428496,-0.0006637446642939748,-0.00019379490974650999,-2.325114508126727,0.0,0.0,0.0,0.002337806451941021,0.1096943764628541
2025-08-29 06:00:00+00:00,11995.95544855967,-0.0027697799345951877,-0.00253699774043745,0.1987282757209391,0.22582679245936343,0.23963678802540195,0.12208475066454554,0.31675322704950715,0.09569844180118202,-0.0034807989383394133,-0.0007860576594411472,-9.455702878756163,-0.002285205189598627,-0.0005476192316143946,-6.58746172452526,-0.0034440127163546386,-0.00042046143376168023,-5.057845746904692,-0.0032064128256512614,-0.0010156416097779658,-12.21743109810774,0.0,0.0,0.0,-0.00253699774043745,0.10715737872241665
2025-08-29 08:00:00+00:00,11846.379853907492,-0.012468835458215768,-0.011415366604821049,0.23911030861671964,0.15428147446575913,0.20118549038188271,0.15752761728135092,0.18763953406991102,0.29936588380109624,-0.011642951174239746,-0.0017962916742945497,-21.548234897456073,-0.021980180779508363,-0.004422093448807823,-53.04723600126622,-0.02153300841825423,-0.0033920435090268597,-40.69080281386222,-0.015233499913837711,-0.0028584068260865377,-34.289320939592955,0.0,0.0,0.0,-0.011415366604821049,0.0957420121175956
2025-08-29 10:00:00+00:00,11810.352660048942,-0.0030411986026826084,-0.002715570770270536,0.11434966367471841,0.1842208268071846,0.22188963835530287,0.2212337806412237,0.09391461129701086,0.278741142899278,-0.0022420595353290773,-0.0004130340613492547,-4.892958383345403,-0.009910911361026953,-0.0021991285376697332,-26.051712004803772,-0.0014490128599891072,-0.00032057059321314235,-3.7976010171953436,-0.00115493647849374,-0.00010846541045047812,-1.2849224532063512,0.0,0.0,0.0,-0.002715570770270536,0.09302644134732506
2025-08-29 12:00:00+00:00,11812.788542642498,0.00020624977624889745,0.0001988425392584031,0.2820050170981988,0.22601620306339354,0.20836285993436957,0.12619004292068756,0.33412425213900077,0.10530664194254871,0.002970683697250287,0.0006714226497548336,7.929738277549108,0.002044904913074186,0.00042608223598198075,5.032181469129387,-0.002176673317612954,-0.000274674499373894,-3.2440027043280804,-0.0018453632328895297,-0.0006165806101140228,-7.282034448794749,0.0,0.0,0.0,0.0001988425392584031,0.09322528388658347
2025-08-29 14:00:00+00:00,11790.399421040029,-0.0018953290767583335,-0.0016905323795600726,0.2053548098166868,0.17598822397529934,0.2070471475925745,0.163947931060218,0.18011313375220314,0.27290356361970497,-0.009016173744293865,-0.0015867404043110019,-18.743828868192928,-0.003499383409103274,-0.0007245373531876121,-8.558806544451146,-0.000818033084893588,-0.0001341148318071114,-1.5842701485694712,0.0030539889073506465,0.0005500635125473917,6.497783958745517,0.0,0.0,0.0,-0.0016905323795600726,0.09153475150702339
2025-08-29 16:00:00+00:00,11774.251813884232,-0.0013695555662840274,-0.001216483224820424,0.08979922411682165,0.14699886269056553,0.17063068865005196,0.18900208268385127,0.15571972986263788,0.33764863611289336,-0.006598253773802298,-0.0009699358004926699,-11.435930500574772,-0.003502436929584185,-0.0005976232252483231,-7.046216528967903,0.0,0.0,0.0,0.001271537393698452,0.00019800345945696556,2.33453987374533,0.0,0.0,0.0,-0.001216483224820424,0.09031826828220296
2025-08-29 18:00:00+00:00,11763.278991505116,-0.0009319337273028215,-0.0008212926802206116,0.15172720941364623,0.15316137393825202,0.12999030572592346,0.2534636253529435,0.23682288535950544,0.22656180962337566,0.0007360713625705895,0.00011273770120791274,1.3274020829404052,0.003899353583095788,0.0005068781644000966,5.968111146606147,-0.003911580096425005,-0.000991443272098298,-11.673502744866703,-0.0023650852828782654,-0.0005601063208125329,-6.594832863794989,0.0,0.0,0.0,-0.0008212926802206116,0.08949697560198235
2025-08-29 20:00:00+00:00,11772.661272572828,0.0007975906271106498,0.0007457529689135685,0.1374198083021826,0.12795956511264836,0.20228394932172974,0.14124562587636452,0.2544664277161819,0.2740444319730755,-0.0023417474285262196,-0.0002996489825578777,-3.524854581348966,0.0018140149967804664,0.0003669461176775976,4.316489557091248,0.001004566210045743,0.00014189058307215844,1.6690985149451327,0.0023123007392356065,0.0005884029089187714,6.921547577024683,0.0,0.0,0.0,0.0007457529689135685,0.09024272857089591
2025-08-29 22:00:00+00:00,11799.028899816876,0.0022397337894598784,0.00205854941319427,0.18546064831867382,0.21193574471376977,0.1837459439292664,0.24273009459391695,0.2054609332691606,0.15612728349388635,0.002199293775247302,0.00046610896410139514,5.487342950475533,0.005528947495732295,0.0010159216765386842,11.960101777354227,0.002372046346136303,0.0005757670339788199,6.778310262946577,0.0008855022312326266,0.0001819361148409795,2.141872253270762,0.0,0.0,0.0,0.00205854941319427,0.09230127798409017
2025-08-30 00:00:00+00:00,11815.500903328468,0.0013960473909720521,0.0012872158642868205,0.2678979002413231,0.06729085945735448,0.15963707978387517,0.1435859437544003,0.4091359202159847,0.2203501967883853,-0.0006694329183956071,-4.504671642788545e-05,-0.5315075089744761,-0.0010561791059821024,-0.00016860534820772684,-1.9893793761666565,0.00036406662419219415,5.227484982411479e-05,0.6167924638083175,0.0038066190936287825,0.0015574246057835496,18.376097932926008,0.0,0.0,0.0,0.0012872158642868205,0.09358849384837699
2025-08-30 02:00:00+00:00,11677.405464865828,-0.011687649943282417,-0.010594495831389992,0.2383555278643021,0.17122914852697232,0.20767868613341167,0.22996157619954805,0.2316995510248839,0.15943103811518394,-0.008575865447962294,-0.0014684381385364658,-17.350332152359584,-0.021806439183703397,-0.004528732638919668,-53.50924458608845,-0.013738513329087376,-0.003159330179795433,-37.32906859328583,-0.010924272295024906,-0.002531148986030849,-29.906793130906433,0.0,0.0,0.0,-0.010594495831389992,0.082993998016987
2025-08-30 04:00:00+00:00,11798.63289735525,0.010381367064299037,0.009565736421899371,0.193629363169048,0.1023901485395496,0.2323834801279688,0.1450459677684259,0.19182479627438087,0.3283556072896749,0.00919738176533258,0.0009417212851273477,10.99686128132656,0.02048252092565228,0.004759799494497022,55.58210862870513,0.02047970479704797,0.0029704986018994975,34.687716607197494,0.008910983960228824,0.00170934768277517,19.96074597219451,0.0,0.0,0.0,0.009565736421899371,0.09255973443888636
2025-08-30 06:00:00+00:00,11803.496012970121,0.00041217619508799843,0.000385307305083452,0.272138322108693,0.25433064426862,0.14479174557224495,0.26524379414804844,0.1046731691246439,0.23096064688644266,-0.0008208512636139753,-0.00020876763072365318,-2.463172635759007,0.006297588030676815,0.0009118387638565725,10.758450836321902,-0.0002711986982462111,-7.193377169083672e-05,-0.8487201651023479,-0.0020918557084418365,-0.00021896116635408415,-2.5834424205885727,0.0,0.0,0.0,0.000385307305083452,0.09294504174396981
2025-08-30 08:00:00+00:00,11821.985733704278,0.0015664613868499836,0.0014262071893534152,0.25173132353219685,0.16154175680214958,0.1427068979903479,0.10838620566421912,0.24058746856119104,0.3467776709820924,0.0016341908235746327,0.00026399005659019783,3.116005580426157,0.005141705119101836,0.0007337567879281152,8.660895320799272,0.0009042408897730336,9.800723904893651e-05,1.1568280553563317,0.001956491358829915,0.00047070730328273405,5.555991777573669,0.0,0.0,0.0,0.0014262071893534152,0.09437124893332323
2025-08-30 10:00:00+00:00,11812.151894829694,-0.000831826318868555,-0.000740625244666226,0.13590928066838076,0.19290270878690907,0.2361926993901068,0.1194487329480815,0.2040122134606686,0.24744364541423403,-6.109233087592258e-05,-1.1784876112071587e-05,-0.13932063727038263,-0.0025849595333443665,-0.0006105485699947966,-7.217896484212034,0.0002710271930617125,3.237385480569663e-05,0.3827232496579592,-0.001185550234785393,-0.00024186672756738338,-2.8593450027593454,0.0,0.0,0.0,-0.000740625244666226,0.093630623688657
2025-08-30 12:00:00+00:00,11816.526413680522,0.0003703405518127878,0.0003474153348938364,0.07140162562381472,0.1574140236471878,0.20027975890601335,0.11954047953235518,0.25134463946370733,0.27142109845073636,0.0014963467226476457,0.00023554595838324845,2.7823046386361643,0.0002414023197394588,4.834799839677116e-05,0.5710939008736434,-0.0016257225433525813,-0.00019433965241892764,-2.29556949356078,0.0011171364070099443,0.00028078624745169584,3.3166898048786684,0.0,0.0,0.0,0.0003474153348938364,0.09397803902355084
2025-08-30 14:00:00+00:00,11772.511259431378,-0.0037248809597875436,-0.003363800908390703,0.10998226632855662,0.1950647667342114,0.2296341678814448,0.16251759379845676,0.14295195447613007,0.269831517109757,-0.001369801125340353,-0.00026719993698677623,-3.1573751131380123,-0.007474835328216467,-0.0017164775906458147,-20.28280278835697,-0.005427899402931091,-0.000882129150344441,-10.423702405322643,-0.006009531558758496,-0.0008590742818105116,-10.151273942327535,0.0,0.0,0.0,-0.003363800908390703,0.09061423811516015
2025-08-30 16:00:00+00:00,11810.606439497293,0.0032359433961378576,0.002967165799534693,0.0862182923964036,0.16810254034577882,0.17037810187347374,0.18116707019006145,0.19458537904443354,0.2857669085462524,0.0031220532650813038,0.0005248250849550003,6.17850922186477,0.003899762343894775,0.0006644341059104407,7.822057992980883,0.006185191922867039,0.001120553099229054,13.191723977464765,0.00475951024990362,0.0009261311060433625,10.902888873605121,0.0,0.0,0.0,0.002967165799534693,0.09358140391469484
2025-08-30 18:00:00+00:00,11789.262469786689,-0.001807186601292971,-0.0016313193272989076,0.09914165965142768,0.26724419999720656,0.15561348453173168,0.1743994279571005,0.12145497789174778,0.28128790962221356,-0.0007832278466477494,-0.00020931309929291255,-2.472114638380009,-0.0031511068862768443,-0.0004903547227054749,-5.7913866456231915,-0.005604773097089177,-0.0009774692219616991,-11.544504287311252,-0.00107076350093116,-0.0001300495573328845,-1.535964139289538,0.0,0.0,0.0,-0.0016313193272989076,0.09195008458739594
2025-08-30 20:00:00+00:00,11794.711159048253,0.00046217388708825373,0.0004380711313519247,0.15014205967998295,0.1482564577214624,0.13159856798408406,0.2417367752925508,0.1143155770351565,0.36409262196674613,0.00040088354328471354,5.943357408622018e-05,0.7006780044199622,-0.001792570688489148,-0.0002358997356154155,-2.7810838997234204,0.002272727272727204,0.0005494017620285079,6.477041573917366,0.0007806310295008778,8.923828658894112e-05,1.0520535829510724,0.0,0.0,0.0,0.0004380711313519247,0.09238815571874787
2025-08-30 22:00:00+00:00,11787.763197085804,-0.0005890743629715554,-0.0005233079365109655,0.16805626460468978,0.15577625042164903,0.14045839849237912,0.23066105500574333,0.26599221843136467,0.2071120776488639,-0.0022020922495175066,-0.00034303367371241156,-4.045983099265098,-0.001770529298700474,-0.0002486857097793037,-2.9331761162297885,-0.002176870748299309,-0.0005021193034138605,-5.9223521511489965,0.0018976657547005171,0.0005047643239340204,5.953549404194038,0.0,0.0,0.0,-0.0005233079365109655,0.0918648477822369
2025-08-31 00:00:00+00:00,11818.83379590746,0.002635835001278137,0.0024369423127378396,0.16051929443780183,0.14704123749949538,0.19359409724673962,0.09749353586488034,0.2473754560565795,0.31449567333230527,0.0020965354857003238,0.0003082771722789812,3.633898305891855,0.0061606838865218005,0.0011926720354337233,14.05893552547906,0.007453867830197192,0.0007267039306354077,8.566213848721654,0.001650049966301692,0.0004081818629300247,4.811551141564467,0.0,0.0,0.0,0.0024369423127378396,0.09430179009497473
2025-08-31 02:00:00+00:00,11890.531867636852,0.006066425246983402,0.005595569937701595,0.12248238952671286,0.22322168999702696,0.1926027994666578,0.1437954728940615,0.16793983340853935,0.2724402042337143,0.005630496819732933,0.001256849015623671,14.854489622206065,0.018931339598051933,0.003646229004238794,43.094174582915464,0.006857349093205789,0.0009860557556571903,11.654029089610269,0.0010556844547562338,0.00017729147146374662,2.0953784346618916,0.0,0.0,0.0,0.005595569937701595,0.09989736003267632
2025-08-31 04:00:00+00:00,11909.345557891778,0.0015822412709839816,0.0014485793813413892,0.08239413026787273,0.23652875884983918,0.21042028917276165,0.19506504460301818,0.11137433645194453,0.2466115709224364,-0.0018750053687770496,-0.00044349269271362054,-5.273363995775383,0.007095254123190786,0.0014929854243560345,17.752390766222756,0.00259879917555339,0.0005069348770936089,6.027725310898127,0.00023177388140127597,2.5813662247958798e-05,0.30693817357976844,0.0,0.0,0.0,0.0014485793813413892,0.10134593941401772
2025-08-31 06:00:00+00:00,11869.012364753607,-0.0033866842591903207,-0.003125918923687036,0.22227317965259388,0.13807847297935652,0.18729173595680548,0.09437070403686315,0.3081695420750444,0.2720895449519305,-0.004275531788664355,-0.000590358900553471,-7.030788149868354,-0.00631890412912306,-0.001183478523688084,-14.094454698945002,-0.007329281372899454,-0.0006916694432447884,-8.237330411436801,-0.002989190253849472,-0.0009211773917039774,-10.970619877920099,0.0,0.0,0.0,-0.003125918923687036,0.09822002049033068
2025-08-31 08:00:00+00:00,11856.862216589581,-0.0010236865368938722,-0.0009426064137932786,0.14184298288261993,0.14051840634493962,0.13645493373559456,0.18360130368932906,0.3583419919396153,0.18108336429052146,-0.00044686840415120166,-6.279323599723325e-05,-0.7452936944740528,-0.0020001076291100706,-0.0002729245539942718,-3.239344906002876,0.0006302899333692213,0.00011572205346884938,1.3735064834964514,-0.0022428038534391126,-0.0008036908003712166,-9.539016047044694,0.0,0.0,0.0,-0.0009426064137932786,0.09727741407653741
2025-08-31 10:00:00+00:00,11868.845285250862,0.001010644168953365,0.0009366547983767319,0.14324170473652717,0.08595386130688747,0.13766694755892273,0.10880601696404714,0.5003716828528143,0.16720149131732837,-0.0018450301610044573,-0.00015858746656600137,-1.8803497403510852,0.0030915512577400772,0.0004256044248750248,5.046333024514021,0.0017996940520110805,0.00019581754155321236,2.321781609787744,0.0010948054973212162,0.0005478096690911293,6.495303767329053,0.0,0.0,0.0,0.0009366547983767319,0.09821406887491414
2025-08-31 12:00:00+00:00,11872.506718856943,0.0003084911394566498,0.00028631836932576694,0.3933170506889985,0.29598074986304784,0.17235806553296731,0.2574050611228407,0.13689877161693675,0.13735735186420736,-0.001086651193721866,-0.0003216278351573739,-3.8173510149130387,0.0027729247860948103,0.00047793595199971866,5.672547870543743,0.0002694691457827414,6.936272194092621e-05,0.8232554152807285,0.000604974753938059,8.282030067337885e-05,0.9829813351702913,0.0,0.0,0.0,0.00028631836932576694,0.09850038724423991
2025-08-31 14:00:00+00:00,11867.18861258355,-0.00044793457686123514,-0.0004158364527720147,0.31607004064121663,0.11413346186925835,0.12412083317405957,0.17141954083432132,0.4242963808687239,0.16602978325363693,0.0002606334527694987,2.9746998243520725e-05,0.3531714365120255,-0.0012821142823956633,-0.00015913709295531123,-1.8893562053312944,-0.003412356321839005,-0.0005849445538527358,-6.944758145775383,0.0006278631723368733,0.0002664000717032912,3.1628366412012965,0.0,0.0,0.0,-0.0004158364527720147,0.0980845507914679
2025-08-31 16:00:00+00:00,11880.491943044695,0.0011210178666107304,0.0010442167484478828,0.21764435727754594,0.14829647738480106,0.1280697697461258,0.10470310853608122,0.273368455889418,0.3455621884435739,0.0036956033692554513,0.0005480449614719856,6.503752925964138,0.0031400685268516693,0.00040214785322094973,4.772364424318575,-0.002342764462065272,-0.0002452947217460941,-2.9109587286320986,0.0015221938182663486,0.0004161197736638891,4.938171839494949,0.0,0.0,0.0,0.0010442167484478828,0.09912876753991579
2025-08-31 18:00:00+00:00,11883.15122047481,0.0002238356326373092,0.00020717217832072658,0.10722457320944559,0.1162671081971708,0.10757313369958359,0.12744668276999171,0.2186698879141449,0.430043187419109,0.0016099256478827595,0.0001871813994917851,2.2238071085499835,-0.0017813826561552393,-0.0001916289146407069,-2.276645776443318,-0.0037030346820808857,-0.00047193948641343974,-5.606873265939522,0.003202190483925227,0.0007002226341996708,8.318989363946722,0.0,0.0,0.0,0.00020717217832072658,0.09933593971823651
2025-08-31 20:00:00+00:00,11874.052972367728,-0.0007656427102776102,-0.0007181558309001652,0.09035861188208653,0.08733602189803505,0.13927232073324675,0.12062658668122955,0.2773293127625682,0.37543575792492034,-0.0005860879528282181,-5.118659028237979e-05,-0.6082579927860056,-0.004755108558972099,-0.0006622550043465688,-7.86967636316648,-0.0007252289003716328,-8.748188681441155e-05,-1.039560490068114,0.00012721616339184116,3.52807711657499e-05,0.4192467389375734,0.0,0.0,0.0,-0.0007181558309001652,0.09861778388733634
2025-08-31 22:00:00+00:00,11891.702038779234,0.0014863557079102035,0.0013929876285961402,0.10836033413691781,0.15107658686044878,0.17399203538286662,0.13052664120611376,0.20968019090867623,0.3347245456418945,0.0009850362618195607,0.00014881591636947464,1.7670480741025876,0.0031440754039497865,0.0005470440789304319,6.49563037144006,0.0015422298829719239,0.00020130208659202312,2.390271639641838,0.0028099632276417097,0.0005891936260182738,6.9961163263224035,0.0,0.0,0.0,0.0013929876285961402,0.10001077151593249
2025-09-01 00:00:00+00:00,11778.92855427989,-0.009483376234250315,-0.008926560027977056,0.23615531099226733,0.260828765154139,0.19229536616150733,0.2386264431260502,0.08364147325062872,0.22460795230767475,-0.0072538479951356205,-0.0018920122151870507,-22.499245516735066,-0.017489893758626973,-0.0033632255244410354,-39.99447582586982,-0.013858695652173902,-0.003307051249844715,-39.326468090125815,-0.011012326887374524,-0.0009210872447775157,-10.95329506661433,0.0,0.0,0.0,-0.008926560027977056,0.09108421148795544
