timestamp,portfolio_value,return,reward,turnover,weight_btc,weight_eth,weight_ltc,weight_bnb,weight_usdt,dsr,cumulative_dsr
2025-06-04 18:00:00+00:00,10000.0,,,,0.0,0.0,0.0,0.0,1.0,,0.0
2025-06-04 20:00:00+00:00,9999.996689107527,-3.310892472170496e-07,0.0,0.00018156674657976804,4.539168664494293e-05,4.539168664494293e-05,4.539168664494293e-05,4.539168664494293e-05,0.9998184332534202,0.0,0.0
2025-06-04 22:00:00+00:00,9974.548401070304,-0.002544829646288013,0.0,0.9998070833998003,0.249997162536595,0.249997162536595,0.249997162536595,0.249997162536595,1.1349853619981923e-05,0.0,0.0
2025-06-05 00:00:00+00:00,9937.726164879212,-0.003691619380697089,0.0,0.0,0.249997162536595,0.249997162536595,0.249997162536595,0.249997162536595,1.1349853619981923e-05,0.0,0.0
2025-06-05 02:00:00+00:00,9966.026751240204,0.002847792934867595,0.0,0.0,0.249997162536595,0.249997162536595,0.249997162536595,0.249997162536595,1.1349853619981923e-05,0.0,0.0
2025-06-05 04:00:00+00:00,9966.029806142878,3.0653165487649577e-07,0.0,0.9998070833998003,4.539168664494293e-05,4.539168664494293e-05,4.539168664494293e-05,4.539168664494293e-05,0.9998184332534202,0.0,0.0
2025-06-05 06:00:00+00:00,9932.717209522101,-0.003342614588634219,-7.161667506886127,0.9998070833998003,0.249997162536595,0.249997162536595,0.249997162536595,0.249997162536595,1.1349853619981923e-05,-7.161667506886127,-7.161667506886127
2025-06-05 08:00:00+00:00,9932.71491130741,-2.313782465500802e-07,0.037478453934760875,0.9998070833998003,4.539168664494293e-05,4.539168664494293e-05,4.539168664494293e-05,4.539168664494293e-05,0.9998184332534202,0.037478453934760875,-7.124189052951366
2025-06-05 10:00:00+00:00,9932.719838791985,4.960863789799498e-07,0.03904794033184105,0.0,4.539168664494293e-05,4.539168664494293e-05,4.539168664494293e-05,4.539168664494293e-05,0.9998184332534202,0.03904794033184105,-7.085141112619525
2025-06-05 12:00:00+00:00,9901.570212376777,-0.003136062118006564,-5.235097937528561,0.9998070833998003,0.249997162536595,0.249997162536595,0.249997162536595,0.249997162536595,1.1349853619981923e-05,-5.235097937528561,-12.320239050148086
2025-06-05 14:00:00+00:00,9901.564107405511,-6.165659722743189e-07,0.0487904393052871,0.9998070833998003,4.539168664494293e-05,4.539168664494293e-05,4.539168664494293e-05,4.539168664494293e-05,0.9998184332534202,0.0487904393052871,-12.271448610842798
2025-06-05 16:00:00+00:00,9901.562281552953,-1.8440041770560567e-07,0.049556806299339264,0.0,4.539168664494293e-05,4.539168664494293e-05,4.539168664494293e-05,4.539168664494293e-05,0.9998184332534202,0.049556806299339264,-12.221891804543459
2025-06-05 18:00:00+00:00,9901.546682338334,-1.5754296317900403e-06,0.04654008841808127,0.0,4.539168664494293e-05,4.539168664494293e-05,4.539168664494293e-05,4.539168664494293e-05,0.9998184332534202,0.04654008841808127,-12.175351716125377
2025-06-05 20:00:00+00:00,9761.414937238847,-0.014152510672847056,12.488557278532246,0.9998070833998003,0.249997162536595,0.249997162536595,0.249997162536595,0.249997162536595,1.1349853619981923e-05,12.488557278532246,0.3132055624068695
2025-06-05 22:00:00+00:00,9562.969304811797,-0.02032959706179477,-0.4816268878798847,0.0,0.249997162536595,0.249997162536595,0.249997162536595,0.249997162536595,1.1349853619981923e-05,-0.4816268878798847,-0.16842132547301525
2025-06-06 00:00:00+00:00,9535.834976089991,-0.0028374376050911434,-1.3848063688257186,0.0,0.249997162536595,0.249997162536595,0.249997162536595,0.249997162536595,1.1349853619981923e-05,-1.3848063688257186,-1.5532276942987338
2025-06-06 02:00:00+00:00,9564.558426912547,0.003012158966107971,1.9376482310713847,0.0,0.249997162536595,0.249997162536595,0.249997162536595,0.249997162536595,1.1349853619981923e-05,1.9376482310713847,0.384420536772651
2025-06-06 04:00:00+00:00,9564.57453902705,1.6845643868833142e-06,0.06125057611778851,0.9998070833998003,4.539168664494293e-05,4.539168664494293e-05,4.539168664494293e-05,4.539168664494293e-05,0.9998184332534202,0.06125057611778851,0.4456711128904395
2025-06-06 06:00:00+00:00,9564.572746749383,-1.8738707710679203e-07,0.06004603204042282,0.0,4.539168664494293e-05,4.539168664494293e-05,4.539168664494293e-05,4.539168664494293e-05,0.9998184332534202,0.06004603204042282,0.5057171449308623
2025-06-06 08:00:00+00:00,9564.574852375157,2.2014844046988936e-07,0.06011763090991047,0.0,4.539168664494293e-05,4.539168664494293e-05,4.539168664494293e-05,4.539168664494293e-05,0.9998184332534202,0.06011763090991047,0.5658347758407728
2025-06-06 10:00:00+00:00,9564.579711032215,5.079846340267129e-07,0.060122907941309735,0.0,4.539168664494293e-05,4.539168664494293e-05,4.539168664494293e-05,4.539168664494293e-05,0.9998184332534202,0.060122907941309735,0.6259576837820825
2025-06-06 12:00:00+00:00,9564.588601775597,9.295487779563786e-07,0.060204320747394964,0.0,4.539168664494293e-05,4.539168664494293e-05,4.539168664494293e-05,4.539168664494293e-05,0.9998184332534202,0.060204320747394964,0.6861620045294775
2025-06-06 14:00:00+00:00,9564.60296710752,1.501928887885489e-06,0.06037187316480619,0.0,4.539168664494293e-05,4.539168664494293e-05,4.539168664494293e-05,4.539168664494293e-05,0.9998184332534202,0.06037187316480619,0.7465338776942837
2025-06-06 16:00:00+00:00,9564.610393517847,7.764473187117297e-07,0.05980588414217993,0.0,4.539168664494293e-05,4.539168664494293e-05,4.539168664494293e-05,4.539168664494293e-05,0.9998184332534202,0.05980588414217993,0.8063397618364636
2025-06-06 18:00:00+00:00,9564.608826287416,-1.6385721603443387e-07,0.05911756281212318,0.0,4.539168664494293e-05,4.539168664494293e-05,4.539168664494293e-05,4.539168664494293e-05,0.9998184332534202,0.05911756281212318,0.8654573246485868
2025-06-06 20:00:00+00:00,9564.601671617987,-7.480357595860554e-07,0.058631074370268335,0.0,4.539168664494293e-05,4.539168664494293e-05,4.539168664494293e-05,4.539168664494293e-05,0.9998184332534202,0.058631074370268335,0.9240883990188552
2025-06-06 22:00:00+00:00,9592.165647897958,0.0028818739374964733,1.854700266921742,0.9998070833998003,0.249997162536595,0.249997162536595,0.249997162536595,0.249997162536595,1.1349853619981923e-05,1.854700266921742,2.7787886659405974
2025-06-07 00:00:00+00:00,9562.588656405052,-0.003083452953023906,-1.5321780501412225,0.0,0.249997162536595,0.249997162536595,0.249997162536595,0.249997162536595,1.1349853619981923e-05,-1.5321780501412225,1.2466106157993748
2025-06-07 02:00:00+00:00,9550.981763555692,-0.001213781462991817,-0.6012507171597289,0.0,0.249997162536595,0.249997162536595,0.249997162536595,0.249997162536595,1.1349853619981923e-05,-0.6012507171597289,0.6453598986396459
2025-06-07 04:00:00+00:00,9615.47110202794,0.006752116177032433,4.7191327859884185,0.0,0.249997162536595,0.249997162536595,0.249997162536595,0.249997162536595,1.1349853619981923e-05,4.7191327859884185,5.364492684628065
2025-06-07 06:00:00+00:00,9633.014029134561,0.0018244480088887005,1.087709837719735,0.0,0.249997162536595,0.249997162536595,0.249997162536595,0.249997162536595,1.1349853619981923e-05,1.087709837719735,6.4522025223477995
2025-06-07 08:00:00+00:00,9633.015576771078,1.6065963485860176e-07,0.04519996322496527,0.9998070833998003,4.539168664494293e-05,4.539168664494293e-05,4.539168664494293e-05,4.539168664494293e-05,0.9998184332534202,0.04519996322496527,6.497402485572764
2025-06-07 10:00:00+00:00,9609.467371457926,-0.002444531011652861,-1.2098592774733143,0.9998070833998003,0.249997162536595,0.249997162536595,0.249997162536595,0.249997162536595,1.1349853619981923e-05,-1.2098592774733143,5.28754320809945
2025-06-07 12:00:00+00:00,9648.085573131568,0.004018766096063312,2.463691446247515,0.0,0.249997162536595,0.249997162536595,0.249997162536595,0.249997162536595,1.1349853619981923e-05,2.463691446247515,7.751234654346964
2025-06-07 14:00:00+00:00,9681.824207837986,0.003496925317534009,2.0703052347141604,0.0,0.249997162536595,0.249997162536595,0.249997162536595,0.249997162536595,1.1349853619981923e-05,2.0703052347141604,9.821539889061125
2025-06-07 16:00:00+00:00,9681.828054014471,3.9725741784677254e-07,0.03683973157676589,0.9998070833998003,4.539168664494293e-05,4.539168664494293e-05,4.539168664494293e-05,4.539168664494293e-05,0.9998184332534202,0.03683973157676589,9.85837962063789
2025-06-07 18:00:00+00:00,9681.821264259635,-7.012885167797536e-07,0.036158604144958355,0.0,4.539168664494293e-05,4.539168664494293e-05,4.539168664494293e-05,4.539168664494293e-05,0.9998184332534202,0.036158604144958355,9.894538224782849
2025-06-07 20:00:00+00:00,9702.062763659555,0.0020906706339066097,1.203338486001079,0.9998070833998003,0.249997162536595,0.249997162536595,0.249997162536595,0.249997162536595,1.1349853619981923e-05,1.203338486001079,11.097876710783929
2025-06-07 22:00:00+00:00,9702.066833175619,4.1944854043755854e-07,0.03361844647918822,0.9998070833998003,4.539168664494293e-05,4.539168664494293e-05,4.539168664494293e-05,4.539168664494293e-05,0.9998184332534202,0.03361844647918822,11.131495157263117
2025-06-08 00:00:00+00:00,9702.06340870533,-3.5296296635230357e-07,0.03311903728583108,0.0,4.539168664494293e-05,4.539168664494293e-05,4.539168664494293e-05,4.539168664494293e-05,0.9998184332534202,0.03311903728583108,11.164614194548948
2025-06-08 02:00:00+00:00,9704.996172301473,0.00030228246019423473,0.19678720151033713,0.9998070833998003,0.249997162536595,0.249997162536595,0.249997162536595,0.249997162536595,1.1349853619981923e-05,0.19678720151033713,11.361401396059286
2025-06-08 04:00:00+00:00,9684.8250230747,-0.0020784293850977377,-1.0478286637141265,0.0,0.249997162536595,0.249997162536595,0.249997162536595,0.249997162536595,1.1349853619981923e-05,-1.0478286637141265,10.31357273234516
2025-06-08 06:00:00+00:00,9684.82312145066,-1.963508927944559e-07,0.03527468406712616,0.9998070833998003,4.539168664494293e-05,4.539168664494293e-05,4.539168664494293e-05,4.539168664494293e-05,0.9998184332534202,0.03527468406712616,10.348847416412285
2025-06-08 08:00:00+00:00,9684.819218216799,-4.030258282462835e-07,0.03507300431938557,0.0,4.539168664494293e-05,4.539168664494293e-05,4.539168664494293e-05,4.539168664494293e-05,0.9998184332534202,0.03507300431938557,10.383920420731672
2025-06-08 10:00:00+00:00,9644.996413992394,-0.0041118789444721466,-2.0223623932734625,0.9998070833998003,0.249997162536595,0.249997162536595,0.249997162536595,0.249997162536595,1.1349853619981923e-05,-2.0223623932734625,8.361558027458209
2025-06-08 12:00:00+00:00,9694.365559631608,0.005118627682182672,3.0960971876481933,0.0,0.249997162536595,0.249997162536595,0.249997162536595,0.249997162536595,1.1349853619981923e-05,3.0960971876481933,11.457655215106403
2025-06-08 14:00:00+00:00,9694.365471726534,-9.067645708214653e-09,0.03257591632259078,0.9998070833998003,4.539168664494293e-05,4.539168664494293e-05,4.539168664494293e-05,4.539168664494293e-05,0.9998184332534202,0.03257591632259078,11.490231131428994
2025-06-08 16:00:00+00:00,9694.372276398608,7.019203159335025e-07,0.03286976615502425,0.0,4.539168664494293e-05,4.539168664494293e-05,4.539168664494293e-05,4.539168664494293e-05,0.9998184332534202,0.03286976615502425,11.523100897584017
2025-06-08 18:00:00+00:00,9705.185078931056,0.0011153690227855516,0.6356171638629762,0.9998070833998003,0.249997162536595,0.249997162536595,0.249997162536595,0.249997162536595,1.1349853619981923e-05,0.6356171638629762,12.158718061446994
2025-06-08 20:00:00+00:00,9705.189122681744,4.166587917779941e-07,0.0310261478741813,0.9998070833998003,4.539168664494293e-05,4.539168664494293e-05,4.539168664494293e-05,4.539168664494293e-05,0.9998184332534202,0.0310261478741813,12.189744209321175
2025-06-08 22:00:00+00:00,9705.19128204951,2.2249620680284876e-07,0.030844743268590158,0.0,4.539168664494293e-05,4.539168664494293e-05,4.539168664494293e-05,4.539168664494293e-05,0.9998184332534202,0.030844743268590158,12.220588952589765
2025-06-09 00:00:00+00:00,9705.177025107892,-1.4690016099452357e-06,0.029863819190386824,0.0,4.539168664494293e-05,4.539168664494293e-05,4.539168664494293e-05,4.539168664494293e-05,0.9998184332534202,0.029863819190386824,12.250452771780152
2025-06-09 02:00:00+00:00,9680.514056277296,-0.002541217822899232,-1.2737182472851043,0.9998070833998003,0.249997162536595,0.249997162536595,0.249997162536595,0.249997162536595,1.1349853619981923e-05,-1.2737182472851043,10.976734524495047
2025-06-09 04:00:00+00:00,9708.574770675586,0.002898680197679542,1.6641569613576281,0.0,0.249997162536595,0.249997162536595,0.249997162536595,0.249997162536595,1.1349853619981923e-05,1.6641569613576281,12.640891485852675
2025-06-09 06:00:00+00:00,9708.56519150457,-9.866711895521187e-07,0.029074118177324294,0.9998070833998003,4.539168664494293e-05,4.539168664494293e-05,4.539168664494293e-05,4.539168664494293e-05,0.9998184332534202,0.029074118177324294,12.669965604029999
2025-06-09 08:00:00+00:00,9721.955547278967,0.0013792311747685727,0.7811341861377562,0.9998070833998003,0.249997162536595,0.249997162536595,0.249997162536595,0.249997162536595,1.1349853619981923e-05,0.7811341861377562,13.451099790167754
2025-06-09 10:00:00+00:00,9803.34880578901,0.00837210766025618,5.041312076612425,0.0,0.249997162536595,0.249997162536595,0.249997162536595,0.249997162536595,1.1349853619981923e-05,5.041312076612425,18.49241186678018
2025-06-09 12:00:00+00:00,9803.367626466768,1.9198212908718054e-06,0.01645886120522963,0.9998070833998003,4.539168664494293e-05,4.539168664494293e-05,4.539168664494293e-05,4.539168664494293e-05,0.9998184332534202,0.01645886120522963,18.50887072798541
2025-06-09 14:00:00+00:00,9803.355036398705,-1.2842595058049724e-06,0.01478585927180237,0.0,4.539168664494293e-05,4.539168664494293e-05,4.539168664494293e-05,4.539168664494293e-05,0.9998184332534202,0.01478585927180237,18.523656587257214
2025-06-09 16:00:00+00:00,9803.360903629673,5.984921432945577e-07,0.015709728525059002,0.0,4.539168664494293e-05,4.539168664494293e-05,4.539168664494293e-05,4.539168664494293e-05,0.9998184332534202,0.015709728525059002,18.539366315782274
2025-06-09 18:00:00+00:00,9887.761985144887,0.008609402667606082,4.726614676700073,0.9998070833998003,0.249997162536595,0.249997162536595,0.249997162536595,0.249997162536595,1.1349853619981923e-05,4.726614676700073,23.265980992482348
2025-06-09 20:00:00+00:00,9887.762601285482,6.231345337341682e-08,0.004097038229075668,0.9998070833998003,4.539168664494293e-05,4.539168664494293e-05,4.539168664494293e-05,4.539168664494293e-05,0.9998184332534202,0.004097038229075668,23.270078030711424
2025-06-09 22:00:00+00:00,9887.790543845675,2.825974016660902e-06,0.005444000258948514,0.0,4.539168664494293e-05,4.539168664494293e-05,4.539168664494293e-05,4.539168664494293e-05,0.9998184332534202,0.005444000258948514,23.27552203097037
2025-06-10 00:00:00+00:00,9951.737676662815,0.006467282304735182,3.2288326970638495,0.9998070833998003,0.249997162536595,0.249997162536595,0.249997162536595,0.249997162536595,1.1349853619981923e-05,3.2288326970638495,26.504354728034222
2025-06-10 02:00:00+00:00,9989.355461758958,0.00378002177291693,1.8031818032458573,0.0,0.249997162536595,0.249997162536595,0.249997162536595,0.249997162536595,1.1349853619981923e-05,1.8031818032458573,28.30753653128008
2025-06-10 04:00:00+00:00,9989.345227524283,-1.0245140153360517e-06,-0.008825645143573537,0.9998070833998003,4.539168664494293e-05,4.539168664494293e-05,4.539168664494293e-05,4.539168664494293e-05,0.9998184332534202,-0.008825645143573537,28.298710886136504
2025-06-10 06:00:00+00:00,9941.639761858607,-0.00477563489689299,-2.34436391597008,0.9998070833998003,0.249997162536595,0.249997162536595,0.249997162536595,0.249997162536595,1.1349853619981923e-05,-2.34436391597008,25.954346970166423
2025-06-10 08:00:00+00:00,9948.0738967067,0.0006471905040031303,0.30454900504021404,0.0,0.249997162536595,0.249997162536595,0.249997162536595,0.249997162536595,1.1349853619981923e-05,0.30454900504021404,26.258895975206638
2025-06-10 10:00:00+00:00,9948.077459935746,3.5818280824766986e-07,-0.003105617359366401,0.9998070833998003,4.539168664494293e-05,4.539168664494293e-05,4.539168664494293e-05,4.539168664494293e-05,0.9998184332534202,-0.003105617359366401,26.25579035784727
2025-06-10 12:00:00+00:00,9948.101734091679,2.4400851350650955e-06,-0.00210413243510817,0.0,4.539168664494293e-05,4.539168664494293e-05,4.539168664494293e-05,4.539168664494293e-05,0.9998184332534202,-0.00210413243510817,26.253686225412164
2025-06-10 14:00:00+00:00,9906.775295391533,-0.004154203465624162,-2.0031110832865107,0.9998070833998003,0.249997162536595,0.249997162536595,0.249997162536595,0.249997162536595,1.1349853619981923e-05,-2.0031110832865107,24.250575142125655
2025-06-10 16:00:00+00:00,9866.640007618353,-0.004051296872742304,-1.9155066575001203,0.0,0.249997162536595,0.249997162536595,0.249997162536595,0.249997162536595,1.1349853619981923e-05,-1.9155066575001203,22.335068484625534
2025-06-10 18:00:00+00:00,9875.138357389758,0.0008613215608195421,0.4138464478862127,0.0,0.249997162536595,0.249997162536595,0.249997162536595,0.249997162536595,1.1349853619981923e-05,0.4138464478862127,22.748914932511745
2025-06-10 20:00:00+00:00,9963.800188961728,0.008978287530080242,4.347080418461955,0.0,0.249997162536595,0.249997162536595,0.249997162536595,0.249997162536595,1.1349853619981923e-05,4.347080418461955,27.095995350973702
2025-06-10 22:00:00+00:00,9989.713676618343,0.0026007634803158408,1.168202169623234,0.0,0.249997162536595,0.249997162536595,0.249997162536595,0.249997162536595,1.1349853619981923e-05,1.168202169623234,28.264197520596937
2025-06-11 00:00:00+00:00,9989.73021668045,1.6557093267233137e-06,-0.007168042108925464,0.9998070833998003,4.539168664494293e-05,4.539168664494293e-05,4.539168664494293e-05,4.539168664494293e-05,0.9998184332534202,-0.007168042108925464,28.25702947848801
2025-06-11 02:00:00+00:00,9989.711691244001,-1.854448122828926e-06,-0.00874382098606546,0.0,4.539168664494293e-05,4.539168664494293e-05,4.539168664494293e-05,4.539168664494293e-05,0.9998184332534202,-0.00874382098606546,28.248285657501945
2025-06-11 04:00:00+00:00,10006.474618291264,0.001678019102588917,0.7522078116877702,0.9998070833998003,0.249997162536595,0.249997162536595,0.249997162536595,0.249997162536595,1.1349853619981923e-05,0.7522078116877702,29.000493469189717
2025-06-11 06:00:00+00:00,10006.472984522185,-1.6327119607667898e-07,-0.00983785410644838,0.9998070833998003,4.539168664494293e-05,4.539168664494293e-05,4.539168664494293e-05,4.539168664494293e-05,0.9998184332534202,-0.00983785410644838,28.99065561508327
2025-06-11 08:00:00+00:00,10004.590643756463,-0.00018811231176390033,-0.09585689362478805,0.9998070833998003,0.249997162536595,0.249997162536595,0.249997162536595,0.249997162536595,1.1349853619981923e-05,-0.09585689362478805,28.894798721458482
2025-06-11 10:00:00+00:00,9958.000382459204,-0.0046568883181976675,-2.1881588802630736,0.0,0.249997162536595,0.249997162536595,0.249997162536595,0.249997162536595,1.1349853619981923e-05,-2.1881588802630736,26.706639841195408
2025-06-11 12:00:00+00:00,9958.000114732755,-2.6885563329299847e-08,-0.0040865988396591845,0.9998070833998003,4.539168664494293e-05,4.539168664494293e-05,4.539168664494293e-05,4.539168664494293e-05,0.9998184332534202,-0.0040865988396591845,26.702553242355748
2025-06-11 14:00:00+00:00,9958.010341295358,1.0269695204373505e-06,-0.003596406665811115,0.0,4.539168664494293e-05,4.539168664494293e-05,4.539168664494293e-05,4.539168664494293e-05,0.9998184332534202,-0.003596406665811115,26.698956835689938
2025-06-11 16:00:00+00:00,9958.02985127246,1.9592244266049265e-06,-0.00316055961483657,0.0,4.539168664494293e-05,4.539168664494293e-05,4.539168664494293e-05,4.539168664494293e-05,0.9998184332534202,-0.00316055961483657,26.6957962760751
2025-06-11 18:00:00+00:00,9958.016806950878,-1.3099299537133287e-06,-0.004646864217055035,0.0,4.539168664494293e-05,4.539168664494293e-05,4.539168664494293e-05,4.539168664494293e-05,0.9998184332534202,-0.004646864217055035,26.691149411858046
2025-06-11 20:00:00+00:00,9911.586067611735,-0.0046626492241642,-2.1621984650823762,0.9998070833998003,0.249997162536595,0.249997162536595,0.249997162536595,0.249997162536595,1.1349853619981923e-05,-2.1621984650823762,24.52895094677567
2025-06-11 22:00:00+00:00,9838.89764091249,-0.007333682642051671,-3.3194082904430924,0.0,0.249997162536595,0.249997162536595,0.249997162536595,0.249997162536595,1.1349853619981923e-05,-3.3194082904430924,21.209542656332577
2025-06-12 00:00:00+00:00,9838.902510754437,4.94958086206313e-07,0.009643088980469349,0.9998070833998003,4.539168664494293e-05,4.539168664494293e-05,4.539168664494293e-05,4.539168664494293e-05,0.9998184332534202,0.009643088980469349,21.219185745313045
2025-06-12 02:00:00+00:00,9838.903804357546,1.3147839476584831e-07,0.009457704075782666,0.0,4.539168664494293e-05,4.539168664494293e-05,4.539168664494293e-05,4.539168664494293e-05,0.9998184332534202,0.009457704075782666,21.228643449388827
2025-06-12 04:00:00+00:00,9838.891030368479,-1.2983142553444172e-06,0.008796213021487531,0.0,4.539168664494293e-05,4.539168664494293e-05,4.539168664494293e-05,4.539168664494293e-05,0.9998184332534202,0.008796213021487531,21.237439662410313
2025-06-12 06:00:00+00:00,9829.842504825487,-0.0009196692508395987,-0.40043013247995435,0.9998070833998003,0.249997162536595,0.249997162536595,0.249997162536595,0.249997162536595,1.1349853619981923e-05,-0.40043013247995435,20.83700952993036
2025-06-12 08:00:00+00:00,9795.762603604386,-0.003466983443973918,-1.518839985367117,0.0,0.249997162536595,0.249997162536595,0.249997162536595,0.249997162536595,1.1349853619981923e-05,-1.518839985367117,19.318169544563244
2025-06-12 10:00:00+00:00,9795.764935954032,2.3809781227875817e-07,0.014255968396967118,0.9998070833998003,4.539168664494293e-05,4.539168664494293e-05,4.539168664494293e-05,4.539168664494293e-05,0.9998184332534202,0.014255968396967118,19.33242551296021
2025-06-12 12:00:00+00:00,9795.748683918397,-1.6590879570785064e-06,0.013370391940167113,0.0,4.539168664494293e-05,4.539168664494293e-05,4.539168664494293e-05,4.539168664494293e-05,0.9998184332534202,0.013370391940167113,19.345795904900378
2025-06-12 14:00:00+00:00,9840.165000768711,0.004534244219967952,2.10911771080285,0.9998070833998003,0.249997162536595,0.249997162536595,0.249997162536595,0.249997162536595,1.1349853619981923e-05,2.10911771080285,21.454913615703227
2025-06-12 16:00:00+00:00,9840.15234144278,-1.286495290513029e-06,0.008269411112770304,0.9998070833998003,4.539168664494293e-05,4.539168664494293e-05,4.539168664494293e-05,4.539168664494293e-05,0.9998184332534202,0.008269411112770304,21.463183026815997
2025-06-12 18:00:00+00:00,9840.17756042763,2.562865286648074e-06,0.009966041020359365,0.0,4.539168664494293e-05,4.539168664494293e-05,4.539168664494293e-05,4.539168664494293e-05,0.9998184332534202,0.009966041020359365,21.473149067836356
2025-06-12 20:00:00+00:00,9840.144094202074,-3.4009778126039626e-06,0.007274359307358538,0.0,4.539168664494293e-05,4.539168664494293e-05,4.539168664494293e-05,4.539168664494293e-05,0.9998184332534202,0.007274359307358538,21.480423427143716
2025-06-12 22:00:00+00:00,9720.440838128156,-0.012164786910432391,-5.188821107959082,0.9998070833998003,0.249997162536595,0.249997162536595,0.249997162536595,0.249997162536595,1.1349853619981923e-05,-5.188821107959082,16.291602319184634
2025-06-13 00:00:00+00:00,9716.597315286092,-0.00039540622756405354,-0.14471619822638918,0.0,0.249997162536595,0.249997162536595,0.249997162536595,0.249997162536595,1.1349853619981923e-05,-0.14471619822638918,16.146886120958243
2025-06-13 02:00:00+00:00,9402.620867454543,-0.03231341565813409,-9.662800579514371,0.0,0.249997162536595,0.249997162536595,0.249997162536595,0.249997162536595,1.1349853619981923e-05,-9.662800579514371,6.484085541443871
2025-06-13 04:00:00+00:00,9402.632466063407,1.2335506266597825e-06,0.04057356237388161,0.9998070833998003,4.539168664494293e-05,4.539168664494293e-05,4.539168664494293e-05,4.539168664494293e-05,0.9998184332534202,0.04057356237388161,6.524659103817753
2025-06-13 06:00:00+00:00,9402.626857724232,-5.964647874134524e-07,0.03990871939834991,0.0,4.539168664494293e-05,4.539168664494293e-05,4.539168664494293e-05,4.539168664494293e-05,0.9998184332534202,0.03990871939834991,6.5645678232161035
2025-06-13 08:00:00+00:00,9402.64350930144,1.7709494867533128e-06,0.04053566296200329,0.0,4.539168664494293e-05,4.539168664494293e-05,4.539168664494293e-05,4.539168664494293e-05,0.9998184332534202,0.04053566296200329,6.605103486178107
2025-06-13 10:00:00+00:00,9402.641119787027,-2.5413219288135803e-07,0.03980833972358999,0.0,4.539168664494293e-05,4.539168664494293e-05,4.539168664494293e-05,4.539168664494293e-05,0.9998184332534202,0.03980833972358999,6.644911825901698
2025-06-13 12:00:00+00:00,9402.649078050494,8.463859637875038e-07,0.040047268405655645,0.0,4.539168664494293e-05,4.539168664494293e-05,4.539168664494293e-05,4.539168664494293e-05,0.9998184332534202,0.040047268405655645,6.684959094307353
2025-06-13 14:00:00+00:00,9372.37648207805,-0.003219581601009735,-0.9204338882034417,0.9998070833998003,0.249997162536595,0.249997162536595,0.249997162536595,0.249997162536595,1.1349853619981923e-05,-0.9204338882034417,5.764525206103912
2025-06-13 16:00:00+00:00,9372.383658982115,7.657507227188622e-07,0.042269056017719395,0.9998070833998003,4.539168664494293e-05,4.539168664494293e-05,4.539168664494293e-05,4.539168664494293e-05,0.9998184332534202,0.042269056017719395,5.806794262121631
2025-06-13 18:00:00+00:00,9372.384961165564,1.3893834245832624e-07,0.04196643269878947,0.0,4.539168664494293e-05,4.539168664494293e-05,4.539168664494293e-05,4.539168664494293e-05,0.9998184332534202,0.04196643269878947,5.84876069482042
2025-06-13 20:00:00+00:00,9344.852240933253,-0.002937642910144258,-0.8407957515318224,0.9998070833998003,0.249997162536595,0.249997162536595,0.249997162536595,0.249997162536595,1.1349853619981923e-05,-0.8407957515318224,5.007964943288598
2025-06-13 22:00:00+00:00,9344.864279043844,1.2882076979246632e-06,0.04436852477343088,0.9998070833998003,4.539168664494293e-05,4.539168664494293e-05,4.539168664494293e-05,4.539168664494293e-05,0.9998184332534202,0.04436852477343088,5.052333468062028
2025-06-14 00:00:00+00:00,9344.876231141305,1.2790017172319428e-06,0.04425303759490667,0.0,4.539168664494293e-05,4.539168664494293e-05,4.539168664494293e-05,4.539168664494293e-05,0.9998184332534202,0.04425303759490667,5.096586505656935
2025-06-14 02:00:00+00:00,9344.864667701535,-1.2374096225571096e-06,0.0433501284657837,0.0,4.539168664494293e-05,4.539168664494293e-05,4.539168664494293e-05,4.539168664494293e-05,0.9998184332534202,0.0433501284657837,5.139936634122719
2025-06-14 04:00:00+00:00,9337.421590192473,-0.0007964885285913739,-0.20454363302449896,0.9998070833998003,0.249997162536595,0.249997162536595,0.249997162536595,0.249997162536595,1.1349853619981923e-05,-0.20454363302449896,4.9353930010982205
2025-06-14 06:00:00+00:00,9349.546073088848,0.0012984829676225475,0.4614397078780559,0.0,0.249997162536595,0.249997162536595,0.249997162536595,0.249997162536595,1.1349853619981923e-05,0.4614397078780559,5.396832708976277
2025-06-14 08:00:00+00:00,9349.543032827702,-3.251774067596528e-07,0.042868027484488,0.9998070833998003,4.539168664494293e-05,4.539168664494293e-05,4.539168664494293e-05,4.539168664494293e-05,0.9998184332534202,0.042868027484488,5.439700736460765
2025-06-14 10:00:00+00:00,9313.962607356121,-0.0038055790905129967,-1.1025622493688019,0.9998070833998003,0.249997162536595,0.249997162536595,0.249997162536595,0.249997162536595,1.1349853619981923e-05,-1.1025622493688019,4.337138487091963
2025-06-14 12:00:00+00:00,9313.96655550026,4.238952103464973e-07,0.04581497423348182,0.9998070833998003,4.539168664494293e-05,4.539168664494293e-05,4.539168664494293e-05,4.539168664494293e-05,0.9998184332534202,0.04581497423348182,4.382953461325444
2025-06-14 14:00:00+00:00,9307.469912399665,-0.0006975162581786729,-0.17400839164564905,0.9998070833998003,0.249997162536595,0.249997162536595,0.249997162536595,0.249997162536595,1.1349853619981923e-05,-0.17400839164564905,4.208945069679795
2025-06-14 16:00:00+00:00,9307.460080768462,-1.0563161949490484e-06,0.04567337048490129,0.9998070833998003,4.539168664494293e-05,4.539168664494293e-05,4.539168664494293e-05,4.539168664494293e-05,0.9998184332534202,0.04567337048490129,4.2546184401646965
2025-06-14 18:00:00+00:00,9279.904408649589,-0.0029606006235589695,-0.8600685372258898,0.9998070833998003,0.249997162536595,0.249997162536595,0.249997162536595,0.249997162536595,1.1349853619981923e-05,-0.8600685372258898,3.394549902938807
2025-06-14 20:00:00+00:00,9258.841474115203,-0.0022697361531821333,-0.6535672813133798,0.0,0.249997162536595,0.249997162536595,0.249997162536595,0.249997162536595,1.1349853619981923e-05,-0.6535672813133798,2.740982621625427
2025-06-14 22:00:00+00:00,9258.852437092139,1.184054934651918e-06,0.050163748369302354,0.9998070833998003,4.539168664494293e-05,4.539168664494293e-05,4.539168664494293e-05,4.539168664494293e-05,0.9998184332534202,0.050163748369302354,2.7911463699947294
2025-06-15 00:00:00+00:00,9258.853937473503,1.6204830719559118e-07,0.049706878420523584,0.0,4.539168664494293e-05,4.539168664494293e-05,4.539168664494293e-05,4.539168664494293e-05,0.9998184332534202,0.049706878420523584,2.840853248415253
2025-06-15 02:00:00+00:00,9266.263650656676,0.0008002840560194022,0.3106433147961289,0.9998070833998003,0.249997162536595,0.249997162536595,0.249997162536595,0.249997162536595,1.1349853619981923e-05,0.3106433147961289,3.151496563211382
2025-06-15 04:00:00+00:00,9283.870155730356,0.0019000651975224307,0.6800768868880211,0.0,0.249997162536595,0.249997162536595,0.249997162536595,0.249997162536595,1.1349853619981923e-05,0.6800768868880211,3.8315734500994028
2025-06-15 06:00:00+00:00,9283.879444066975,1.0004810993837154e-06,0.04730182765917042,0.9998070833998003,4.539168664494293e-05,4.539168664494293e-05,4.539168664494293e-05,4.539168664494293e-05,0.9998184332534202,0.04730182765917042,3.8788752777585733
2025-06-15 08:00:00+00:00,9283.869220442688,-1.1012232924601485e-06,0.0465004385984964,0.0,4.539168664494293e-05,4.539168664494293e-05,4.539168664494293e-05,4.539168664494293e-05,0.9998184332534202,0.0465004385984964,3.92537571635707
2025-06-15 10:00:00+00:00,9233.708169522715,-0.005403032908899792,-1.5673072695938524,0.9998070833998003,0.249997162536595,0.249997162536595,0.249997162536595,0.249997162536595,1.1349853619981923e-05,-1.5673072695938524,2.358068446763218
2025-06-15 12:00:00+00:00,9255.14715847407,0.0023218179043297785,0.8303606446173962,0.0,0.249997162536595,0.249997162536595,0.249997162536595,0.249997162536595,1.1349853619981923e-05,0.8303606446173962,3.188429091380614
2025-06-15 14:00:00+00:00,9255.158820239334,1.260030236513418e-06,0.04902138566729602,0.9998070833998003,4.539168664494293e-05,4.539168664494293e-05,4.539168664494293e-05,4.539168664494293e-05,0.9998184332534202,0.04902138566729602,3.23745047704791
2025-06-15 16:00:00+00:00,9255.157375266159,-1.5612624290267818e-07,0.048436646223124186,0.0,4.539168664494293e-05,4.539168664494293e-05,4.539168664494293e-05,4.539168664494293e-05,0.9998184332534202,0.048436646223124186,3.285887123271034
2025-06-15 18:00:00+00:00,9270.116591675056,0.0016163114037233085,0.5872301384935178,0.9998070833998003,0.249997162536595,0.249997162536595,0.249997162536595,0.249997162536595,1.1349853619981923e-05,0.5872301384935178,3.873117261764552
2025-06-15 20:00:00+00:00,9239.744937684984,-0.0032762968717509854,-0.9681561821394966,0.0,0.249997162536595,0.249997162536595,0.249997162536595,0.249997162536595,1.1349853619981923e-05,-0.9681561821394966,2.904961079625055
2025-06-15 22:00:00+00:00,9239.735916019843,-9.76397638733445e-07,0.049022442634567606,0.9998070833998003,4.539168664494293e-05,4.539168664494293e-05,4.539168664494293e-05,4.539168664494293e-05,0.9998184332534202,0.049022442634567606,2.9539835222596227
2025-06-16 00:00:00+00:00,9317.381555301592,0.008403447889363093,3.156491829316688,0.9998070833998003,0.249997162536595,0.249997162536595,0.249997162536595,0.249997162536595,1.1349853619981923e-05,3.156491829316688,6.11047535157631
2025-06-16 02:00:00+00:00,9317.386797695508,5.626466925930101e-07,0.041460444292052756,0.9998070833998003,4.539168664494293e-05,4.539168664494293e-05,4.539168664494293e-05,4.539168664494293e-05,0.9998184332534202,0.041460444292052756,6.151935795868363
2025-06-16 04:00:00+00:00,9317.389641876294,3.0525520176130414e-07,0.041272337614469586,0.0,4.539168664494293e-05,4.539168664494293e-05,4.539168664494293e-05,4.539168664494293e-05,0.9998184332534202,0.041272337614469586,6.193208133482833
2025-06-16 06:00:00+00:00,9317.404096507486,1.5513606006314356e-06,0.041568480947850026,0.0,4.539168664494293e-05,4.539168664494293e-05,4.539168664494293e-05,4.539168664494293e-05,0.9998184332534202,0.041568480947850026,6.234776614430683
2025-06-16 08:00:00+00:00,9359.796355891713,0.004549792940731003,1.596312198690246,0.9998070833998003,0.249997162536595,0.249997162536595,0.249997162536595,0.249997162536595,1.1349853619981923e-05,1.596312198690246,7.831088813120929
2025-06-16 10:00:00+00:00,9359.79301582832,-3.5685214360146493e-07,0.0368007459757579,0.9998070833998003,4.539168664494293e-05,4.539168664494293e-05,4.539168664494293e-05,4.539168664494293e-05,0.9998184332534202,0.0368007459757579,7.867889559096687
2025-06-16 12:00:00+00:00,9359.790765072457,-2.404706877270318e-07,0.03674434964923068,0.0,4.539168664494293e-05,4.539168664494293e-05,4.539168664494293e-05,4.539168664494293e-05,0.9998184332534202,0.03674434964923068,7.904633908745918
2025-06-16 14:00:00+00:00,9416.317335227835,0.006039298481576738,2.1243641199779764,0.9998070833998003,0.249997162536595,0.249997162536595,0.249997162536595,0.249997162536595,1.1349853619981923e-05,2.1243641199779764,10.028998028723894
2025-06-16 16:00:00+00:00,9418.465525639094,0.00022813487850731231,0.10456439826259771,0.0,0.249997162536595,0.249997162536595,0.249997162536595,0.249997162536595,1.1349853619981923e-05,0.10456439826259771,10.133562426986492
2025-06-16 18:00:00+00:00,9418.466435778613,9.663352459839718e-08,0.031153320866589056,0.9998070833998003,4.539168664494293e-05,4.539168664494293e-05,4.539168664494293e-05,4.539168664494293e-05,0.9998184332534202,0.031153320866589056,10.16471574785308
2025-06-16 20:00:00+00:00,9494.476023203344,0.008070272155559092,2.8331805363077422,0.9998070833998003,0.249997162536595,0.249997162536595,0.249997162536595,0.249997162536595,1.1349853619981923e-05,2.8331805363077422,12.997896284160822
2025-06-16 22:00:00+00:00,9474.593160659577,-0.0020941505876864897,-0.6281555359680046,0.0,0.249997162536595,0.249997162536595,0.249997162536595,0.249997162536595,1.1349853619981923e-05,-0.6281555359680046,12.369740748192818
2025-06-17 00:00:00+00:00,9262.649620150007,-0.022369671912626652,-5.788960353514355,0.0,0.249997162536595,0.249997162536595,0.249997162536595,0.249997162536595,1.1349853619981923e-05,-5.788960353514355,6.580780394678463
2025-06-17 02:00:00+00:00,9327.357022021004,0.006985841473505893,2.186310703496607,0.0,0.249997162536595,0.249997162536595,0.249997162536595,0.249997162536595,1.1349853619981923e-05,2.186310703496607,8.76709109817507
2025-06-17 04:00:00+00:00,9370.56305862862,0.0046321842838878535,1.400455429575522,0.0,0.249997162536595,0.249997162536595,0.249997162536595,0.249997162536595,1.1349853619981923e-05,1.400455429575522,10.167546527750593
2025-06-17 06:00:00+00:00,9370.552235290326,-1.155036066257485e-06,0.029550023823663632,0.9998070833998003,4.539168664494293e-05,4.539168664494293e-05,4.539168664494293e-05,4.539168664494293e-05,0.9998184332534202,0.029550023823663632,10.197096551574257
2025-06-17 08:00:00+00:00,9370.552846246777,6.51996204846564e-08,0.029819465187593007,0.0,4.539168664494293e-05,4.539168664494293e-05,4.539168664494293e-05,4.539168664494293e-05,0.9998184332534202,0.029819465187593007,10.22691601676185
2025-06-17 10:00:00+00:00,9331.616137649342,-0.004155219999963158,-1.1072179770129296,0.9998070833998003,0.249997162536595,0.249997162536595,0.249997162536595,0.249997162536595,1.1349853619981923e-05,-1.1072179770129296,9.11969803974892
2025-06-17 12:00:00+00:00,9268.80210575534,-0.006731313308160205,-1.7586253986535556,0.0,0.249997162536595,0.249997162536595,0.249997162536595,0.249997162536595,1.1349853619981923e-05,-1.7586253986535556,7.361072641095364
2025-06-17 14:00:00+00:00,9268.801744190592,-3.900878916504e-08,0.036949078558769104,0.9998070833998003,4.539168664494293e-05,4.539168664494293e-05,4.539168664494293e-05,4.539168664494293e-05,0.9998184332534202,0.036949078558769104,7.398021719654134
2025-06-17 16:00:00+00:00,9131.134585002663,-0.014852746124839184,-3.5239432936665964,0.9997742454290557,0.12121771214307796,0.28887505532403107,0.33703401054188353,0.25282903416664293,4.418782436455235e-05,-3.5239432936665964,3.874078425987537
2025-06-17 18:00:00+00:00,9053.042366174668,-0.008552301808830555,-2.047375921550397,0.12877945039351704,0.249997162536595,0.249997162536595,0.249997162536595,0.249997162536595,1.1349853619981923e-05,-2.047375921550397,1.82670250443714
2025-06-17 20:00:00+00:00,9053.068105722874,2.8431931679646405e-06,0.05153650473077744,0.9998070833998003,4.539168664494293e-05,4.539168664494293e-05,4.539168664494293e-05,4.539168664494293e-05,0.9998184332534202,0.05153650473077744,1.8782390091679175
2025-06-17 22:00:00+00:00,9053.06378332383,-4.774512898817526e-07,0.05050354337853384,0.0,4.539168664494293e-05,4.539168664494293e-05,4.539168664494293e-05,4.539168664494293e-05,0.9998184332534202,0.05050354337853384,1.9287425525464514
2025-06-18 00:00:00+00:00,9040.455239443738,-0.0013927377716390803,-0.32164521340651553,0.9998070833998003,0.249997162536595,0.249997162536595,0.249997162536595,0.249997162536595,1.1349853619981923e-05,-0.32164521340651553,1.607097339139936
2025-06-18 02:00:00+00:00,9040.4630242778,8.611108464186318e-07,0.051568820388378636,0.9998070833998003,4.539168664494293e-05,4.539168664494293e-05,4.539168664494293e-05,4.539168664494293e-05,0.9998184332534202,0.051568820388378636,1.6586661595283145
2025-06-18 04:00:00+00:00,9040.46821681116,5.743658644372504e-07,0.05135785477009902,0.0,4.539168664494293e-05,4.539168664494293e-05,4.539168664494293e-05,4.539168664494293e-05,0.9998184332534202,0.05135785477009902,1.7100240142984136
2025-06-18 06:00:00+00:00,9040.471334604159,3.4487074395868564e-07,0.05116277900120476,0.0,4.539168664494293e-05,4.539168664494293e-05,4.539168664494293e-05,4.539168664494293e-05,0.9998184332534202,0.05116277900120476,1.7611867932996184
2025-06-18 08:00:00+00:00,9040.467209702116,-4.5627068446835394e-07,0.05081072962119101,0.0,4.539168664494293e-05,4.539168664494293e-05,4.539168664494293e-05,4.539168664494293e-05,0.9998184332534202,0.05081072962119101,1.8119975229208094
2025-06-18 10:00:00+00:00,9040.460317983709,-7.623188323948459e-07,0.050595011708503536,0.0,4.539168664494293e-05,4.539168664494293e-05,4.539168664494293e-05,4.539168664494293e-05,0.9998184332534202,0.050595011708503536,1.8625925346293128
2025-06-18 12:00:00+00:00,9018.354356362783,-0.002445225225639482,-0.6025468026811317,0.9998070833998003,0.249997162536595,0.249997162536595,0.249997162536595,0.249997162536595,1.1349853619981923e-05,-0.6025468026811317,1.260045731948181
2025-06-18 14:00:00+00:00,9018.347806810469,-7.262469465086911e-07,0.05202970103199079,0.9998070833998003,4.539168664494293e-05,4.539168664494293e-05,4.539168664494293e-05,4.539168664494293e-05,0.9998184332534202,0.05202970103199079,1.3120754329801718
2025-06-18 16:00:00+00:00,9049.44107683382,0.003447778982295583,1.055560436513005,0.9998070833998003,0.249997162536595,0.249997162536595,0.249997162536595,0.249997162536595,1.1349853619981923e-05,1.055560436513005,2.367635869493177
2025-06-18 18:00:00+00:00,9021.901528278426,-0.0030432319876520903,-0.7602647153556319,0.0,0.249997162536595,0.249997162536595,0.249997162536595,0.249997162536595,1.1349853619981923e-05,-0.7602647153556319,1.607371154137545
2025-06-18 20:00:00+00:00,9021.89525456621,-6.953869087225258e-07,0.051145846403222464,0.9998070833998003,4.539168664494293e-05,4.539168664494293e-05,4.539168664494293e-05,4.539168664494293e-05,0.9998184332534202,0.051145846403222464,1.6585170005407674
2025-06-18 22:00:00+00:00,9126.017983787757,0.011541114841568001,3.7781095280416683,0.9998070833998003,0.249997162536595,0.249997162536595,0.249997162536595,0.249997162536595,1.1349853619981923e-05,3.7781095280416683,5.436626528582436
2025-06-19 00:00:00+00:00,9126.016162522372,-1.99568463156235e-07,0.041714823989177474,0.9998070833998003,4.539168664494293e-05,4.539168664494293e-05,4.539168664494293e-05,4.539168664494293e-05,0.9998184332534202,0.041714823989177474,5.478341352571613
2025-06-19 02:00:00+00:00,9126.009679647874,-7.103728923993697e-07,0.04146934158288258,0.0,4.539168664494293e-05,4.539168664494293e-05,4.539168664494293e-05,4.539168664494293e-05,0.9998184332534202,0.04146934158288258,5.519810694154495
2025-06-19 04:00:00+00:00,9171.486389033644,0.004983197583845267,1.473825151315712,0.9998070833998003,0.249997162536595,0.249997162536595,0.249997162536595,0.249997162536595,1.1349853619981923e-05,1.473825151315712,6.993635845470207
2025-06-19 06:00:00+00:00,9166.260540952071,-0.000569792927765782,-0.11591137037579008,0.0,0.249997162536595,0.249997162536595,0.249997162536595,0.249997162536595,1.1349853619981923e-05,-0.11591137037579008,6.877724475094417
2025-06-19 08:00:00+00:00,9166.257245920493,-3.594739167751017e-07,0.03801173302630796,0.9998070833998003,4.539168664494293e-05,4.539168664494293e-05,4.539168664494293e-05,4.539168664494293e-05,0.9998184332534202,0.03801173302630796,6.915736208120725
2025-06-19 10:00:00+00:00,9166.263635866724,6.971161794244317e-07,0.03820286780145102,0.0,4.539168664494293e-05,4.539168664494293e-05,4.539168664494293e-05,4.539168664494293e-05,0.9998184332534202,0.03820286780145102,6.953939075922176
2025-06-19 12:00:00+00:00,9151.311624297492,-0.001631200253800944,-0.4006336653085747,0.9998070833998003,0.249997162536595,0.249997162536595,0.249997162536595,0.249997162536595,1.1349853619981923e-05,-0.4006336653085747,6.553305410613602
2025-06-19 14:00:00+00:00,9099.502828106592,-0.00566135198077439,-1.4206064187096479,0.0,0.249997162536595,0.249997162536595,0.249997162536595,0.249997162536595,1.1349853619981923e-05,-1.4206064187096479,5.132698991903954
2025-06-19 16:00:00+00:00,9099.498092729378,-5.20399553973203e-07,0.042406956248641,0.9998070833998003,4.539168664494293e-05,4.539168664494293e-05,4.539168664494293e-05,4.539168664494293e-05,0.9998184332534202,0.042406956248641,5.175105948152595
2025-06-19 18:00:00+00:00,9134.904833908418,0.0038910652893405975,1.1570124265798298,0.9998070833998003,0.249997162536595,0.249997162536595,0.249997162536595,0.249997162536595,1.1349853619981923e-05,1.1570124265798298,6.332118374732425
2025-06-19 20:00:00+00:00,9134.904960937605,1.390591236884617e-08,0.03949763213645343,0.9998070833998003,4.539168664494293e-05,4.539168664494293e-05,4.539168664494293e-05,4.539168664494293e-05,0.9998184332534202,0.03949763213645343,6.371616006868878
2025-06-19 22:00:00+00:00,9134.905359283212,4.360697859991488e-08,0.039405105418789735,0.0,4.539168664494293e-05,4.539168664494293e-05,4.539168664494293e-05,4.539168664494293e-05,0.9998184332534202,0.039405105418789735,6.411021112287668
2025-06-20 00:00:00+00:00,9160.347013972194,0.002785103259239528,0.8283268255692743,0.9998070833998003,0.249997162536595,0.249997162536595,0.249997162536595,0.249997162536595,1.1349853619981923e-05,0.8283268255692743,7.239347937856942
2025-06-20 02:00:00+00:00,9166.570146785074,0.000679355575000431,0.22542323201244124,0.0,0.249997162536595,0.249997162536595,0.249997162536595,0.249997162536595,1.1349853619981923e-05,0.22542323201244124,7.464771169869383
2025-06-20 04:00:00+00:00,9166.568133182816,-2.196680139086022e-07,0.03655028025950662,0.9998070833998003,4.539168664494293e-05,4.539168664494293e-05,4.539168664494293e-05,4.539168664494293e-05,0.9998184332534202,0.03655028025950662,7.50132145012889
2025-06-20 06:00:00+00:00,9166.56587738787,-2.4608936682156503e-07,0.03644988508732312,0.0,4.539168664494293e-05,4.539168664494293e-05,4.539168664494293e-05,4.539168664494293e-05,0.9998184332534202,0.03644988508732312,7.537771335216212
2025-06-20 08:00:00+00:00,9257.840425061884,0.009957332865426789,3.0693522672406583,0.9998070833998003,0.249997162536595,0.249997162536595,0.249997162536595,0.249997162536595,1.1349853619981923e-05,3.0693522672406583,10.60712360245687
2025-06-20 10:00:00+00:00,9257.841502374133,1.16367554336561e-07,0.02882556243194988,0.9998070833998003,4.539168664494293e-05,4.539168664494293e-05,4.539168664494293e-05,4.539168664494293e-05,0.9998184332534202,0.02882556243194988,10.63594916488882
2025-06-20 12:00:00+00:00,9257.841595889633,1.0101220647238452e-08,0.02872380294047142,0.0,4.539168664494293e-05,4.539168664494293e-05,4.539168664494293e-05,4.539168664494293e-05,0.9998184332534202,0.02872380294047142,10.66467296782929
2025-06-20 14:00:00+00:00,9234.818565030344,-0.002486868091317343,-0.6379686440996376,0.9998070833998003,0.249997162536595,0.249997162536595,0.249997162536595,0.249997162536595,1.1349853619981923e-05,-0.6379686440996376,10.026704323729652
2025-06-20 16:00:00+00:00,9110.59204151227,-0.01345197229845817,-3.247335227716983,0.0,0.249997162536595,0.249997162536595,0.249997162536595,0.249997162536595,1.1349853619981923e-05,-3.247335227716983,6.779369096012669
2025-06-20 18:00:00+00:00,8972.612372408648,-0.015144972848626984,-3.3858588602424886,0.0,0.249997162536595,0.249997162536595,0.249997162536595,0.249997162536595,1.1349853619981923e-05,-3.3858588602424886,3.3935102357701803
2025-06-20 20:00:00+00:00,8984.281990484207,0.001300581992312797,0.3875441197852303,0.0,0.249997162536595,0.249997162536595,0.249997162536595,0.249997162536595,1.1349853619981923e-05,0.3875441197852303,3.7810543555554106
2025-06-20 22:00:00+00:00,8992.049090221482,0.0008645209205925106,0.2714550231234058,0.0,0.249997162536595,0.249997162536595,0.249997162536595,0.249997162536595,1.1349853619981923e-05,0.2714550231234058,4.052509378678816
2025-06-21 00:00:00+00:00,8992.045653366158,-3.822104716177324e-07,0.04486670575096355,0.9998070833998003,4.539168664494293e-05,4.539168664494293e-05,4.539168664494293e-05,4.539168664494293e-05,0.9998184332534202,0.04486670575096355,4.097376084429779
2025-06-21 02:00:00+00:00,8992.055755964397,1.123503886348313e-06,0.04514260954129738,0.0,4.539168664494293e-05,4.539168664494293e-05,4.539168664494293e-05,4.539168664494293e-05,0.9998184332534202,0.04514260954129738,4.142518693971077
2025-06-21 04:00:00+00:00,8985.089561681581,-0.0007747054146316268,-0.15521597553773336,0.9998070833998003,0.249997162536595,0.249997162536595,0.249997162536595,0.249997162536595,1.1349853619981923e-05,-0.15521597553773336,3.9873027184333436
2025-06-21 06:00:00+00:00,8985.089319962332,-2.6902263883543025e-08,0.04512649413391421,0.9998070833998003,4.539168664494293e-05,4.539168664494293e-05,4.539168664494293e-05,4.539168664494293e-05,0.9998184332534202,0.04512649413391421,4.032429212567258
2025-06-21 08:00:00+00:00,8985.086619788653,-3.005171771065171e-07,0.04493920328434258,0.0,4.539168664494293e-05,4.539168664494293e-05,4.539168664494293e-05,4.539168664494293e-05,0.9998184332534202,0.04493920328434258,4.0773684158516
2025-06-21 10:00:00+00:00,8985.09088645237,4.748606103110268e-07,0.045027265581794665,0.0,4.539168664494293e-05,4.539168664494293e-05,4.539168664494293e-05,4.539168664494293e-05,0.9998184332534202,0.045027265581794665,4.122395681433395
2025-06-21 12:00:00+00:00,8985.091260668356,4.1648547620340556e-08,0.044798252072664406,0.0,4.539168664494293e-05,4.539168664494293e-05,4.539168664494293e-05,4.539168664494293e-05,0.9998184332534202,0.044798252072664406,4.167193933506059
2025-06-21 14:00:00+00:00,8985.08017478747,-1.2338083791951642e-06,0.04434723463782942,0.0,4.539168664494293e-05,4.539168664494293e-05,4.539168664494293e-05,4.539168664494293e-05,0.9998184332534202,0.04434723463782942,4.211541168143889
2025-06-21 16:00:00+00:00,8990.664529907895,0.0006215142226659108,0.20999314265255273,0.9998070833998003,0.249997162536595,0.249997162536595,0.249997162536595,0.249997162536595,1.1349853619981923e-05,0.20999314265255273,4.421534310796441
2025-06-21 18:00:00+00:00,8926.975839715995,-0.0070838690488380035,-1.6807586434226007,0.0,0.249997162536595,0.249997162536595,0.249997162536595,0.249997162536595,1.1349853619981923e-05,-1.6807586434226007,2.740775667373841
2025-06-21 20:00:00+00:00,8926.963112155843,-1.4257415254267667e-06,0.047931683752787745,0.9998070833998003,4.539168664494293e-05,4.539168664494293e-05,4.539168664494293e-05,4.539168664494293e-05,0.9998184332534202,0.047931683752787745,2.7887073511266287
2025-06-21 22:00:00+00:00,8745.355369537858,-0.02034373171887428,-3.9751205717512765,0.9998070833998003,0.249997162536595,0.249997162536595,0.249997162536595,0.249997162536595,1.1349853619981923e-05,-3.9751205717512765,-1.1864132206246478
2025-06-22 00:00:00+00:00,8811.980309905397,0.0076183228184883,2.161403937275295,0.0,0.249997162536595,0.249997162536595,0.249997162536595,0.249997162536595,1.1349853619981923e-05,2.161403937275295,0.9749907166506473
2025-06-22 02:00:00+00:00,8811.975622274038,-5.3196117049914e-07,0.05226422135549275,0.9998070833998003,4.539168664494293e-05,4.539168664494293e-05,4.539168664494293e-05,4.539168664494293e-05,0.9998184332534202,0.05226422135549275,1.02725493800614
2025-06-22 04:00:00+00:00,8811.977655301736,2.3071190667817056e-07,0.05231790645466143,0.0,4.539168664494293e-05,4.539168664494293e-05,4.539168664494293e-05,4.539168664494293e-05,0.9998184332534202,0.05231790645466143,1.0795728444608015
2025-06-22 06:00:00+00:00,8886.68647335469,0.008478098898492593,2.382618405084735,0.9998070833998003,0.249997162536595,0.249997162536595,0.249997162536595,0.249997162536595,1.1349853619981923e-05,2.382618405084735,3.4621912495455365
2025-06-22 08:00:00+00:00,8852.109017948329,-0.0038909277951951933,-0.8685008147207629,0.0,0.249997162536595,0.249997162536595,0.249997162536595,0.249997162536595,1.1349853619981923e-05,-0.8685008147207629,2.5936904348247736
2025-06-22 10:00:00+00:00,8852.095225518706,-1.5580953189185587e-06,0.04790901442680571,0.9998070833998003,4.539168664494293e-05,4.539168664494293e-05,4.539168664494293e-05,4.539168664494293e-05,0.9998184332534202,0.04790901442680571,2.6415994492515793
2025-06-22 12:00:00+00:00,8852.107991631128,1.442157150154105e-06,0.04852461201300741,0.0,4.539168664494293e-05,4.539168664494293e-05,4.539168664494293e-05,4.539168664494293e-05,0.9998184332534202,0.04852461201300741,2.6901240612645867
2025-06-22 14:00:00+00:00,8852.069812477937,-4.313001290349226e-06,0.046978306446387785,0.0,4.539168664494293e-05,4.539168664494293e-05,4.539168664494293e-05,4.539168664494293e-05,0.9998184332534202,0.046978306446387785,2.7371023677109747
2025-06-22 16:00:00+00:00,8708.491568160263,-0.016219737006059855,-3.2173740049342308,0.9998070833998003,0.249997162536595,0.249997162536595,0.249997162536595,0.249997162536595,1.1349853619981923e-05,-3.2173740049342308,-0.48027163722325605
2025-06-22 18:00:00+00:00,8708.505784311476,1.6324470317338821e-06,0.05637500310446621,0.9998070833998003,4.539168664494293e-05,4.539168664494293e-05,4.539168664494293e-05,4.539168664494293e-05,0.9998184332534202,0.05637500310446621,-0.42389663411878986
2025-06-22 20:00:00+00:00,8708.49449067101,-1.296851692453407e-06,0.05552416909541816,0.0,4.539168664494293e-05,4.539168664494293e-05,4.539168664494293e-05,4.539168664494293e-05,0.9998184332534202,0.05552416909541816,-0.36837246502337173
2025-06-22 22:00:00+00:00,8708.495532880645,1.1967736050786357e-07,0.05572135652945489,0.0,4.539168664494293e-05,4.539168664494293e-05,4.539168664494293e-05,4.539168664494293e-05,0.9998184332534202,0.05572135652945489,-0.31265110849391686
2025-06-23 00:00:00+00:00,8708.527721195078,3.6961969276365184e-06,0.05644249707218504,0.0,4.539168664494293e-05,4.539168664494293e-05,4.539168664494293e-05,4.539168664494293e-05,0.9998184332534202,0.05644249707218504,-0.25620861142173185
2025-06-23 02:00:00+00:00,8765.885506170678,0.006586392879705886,1.789705003598807,0.9998070833998003,0.249997162536595,0.249997162536595,0.249997162536595,0.249997162536595,1.1349853619981923e-05,1.789705003598807,1.533496392177075
2025-06-23 04:00:00+00:00,8765.87864616164,-7.825802691754459e-07,0.05061415520808707,0.9998070833998003,4.539168664494293e-05,4.539168664494293e-05,4.539168664494293e-05,4.539168664494293e-05,0.9998184332534202,0.05061415520808707,1.584110547385162
2025-06-23 06:00:00+00:00,8765.888385898754,1.1110965034819628e-06,0.05094074158271692,0.0,4.539168664494293e-05,4.539168664494293e-05,4.539168664494293e-05,4.539168664494293e-05,0.9998184332534202,0.05094074158271692,1.635051288967879
2025-06-23 08:00:00+00:00,8795.34702504512,0.0033605993881640497,0.8970379364668337,0.9998070833998003,0.249997162536595,0.249997162536595,0.249997162536595,0.249997162536595,1.1349853619981923e-05,0.8970379364668337,2.5320892254347127
2025-06-23 10:00:00+00:00,8795.342122152842,-5.574415953147706e-07,0.04809842222094053,0.9998070833998003,4.539168664494293e-05,4.539168664494293e-05,4.539168664494293e-05,4.539168664494293e-05,0.9998184332534202,0.04809842222094053,2.580187647655653
2025-06-23 12:00:00+00:00,8795.338119141936,-4.5512850447568274e-07,0.04799924043478764,0.0,4.539168664494293e-05,4.539168664494293e-05,4.539168664494293e-05,4.539168664494293e-05,0.9998184332534202,0.04799924043478764,2.6281868880904407
2025-06-23 14:00:00+00:00,8922.939531910248,0.01450784620668567,4.159704819280092,0.9998070833998003,0.249997162536595,0.249997162536595,0.249997162536595,0.249997162536595,1.1349853619981923e-05,4.159704819280092,6.787891707370533
2025-06-23 16:00:00+00:00,8822.371571532894,-0.011270720822179989,-2.356348569571997,0.0,0.249997162536595,0.249997162536595,0.249997162536595,0.249997162536595,1.1349853619981923e-05,-2.356348569571997,4.431543137798537
2025-06-23 18:00:00+00:00,8822.387409707084,1.7952286482540687e-06,0.04403891919856909,0.9998070833998003,4.539168664494293e-05,4.539168664494293e-05,4.539168664494293e-05,4.539168664494293e-05,0.9998184332534202,0.04403891919856909,4.475582056997106
2025-06-23 20:00:00+00:00,8911.93198647766,0.010149699011409523,2.6512379586635197,0.9998070833998003,0.249997162536595,0.249997162536595,0.249997162536595,0.249997162536595,1.1349853619981923e-05,2.6512379586635197,7.126820015660625
2025-06-23 22:00:00+00:00,8970.034039260354,0.00651957991497847,1.6186405066934415,0.0,0.249997162536595,0.249997162536595,0.249997162536595,0.249997162536595,1.1349853619981923e-05,1.6186405066934415,8.745460522354067
2025-06-24 00:00:00+00:00,8970.065206039611,3.4745441457944338e-06,0.033548020640225606,0.9998070833998003,4.539168664494293e-05,4.539168664494293e-05,4.539168664494293e-05,4.539168664494293e-05,0.9998184332534202,0.033548020640225606,8.779008542994292
2025-06-24 02:00:00+00:00,8970.065877811969,7.489046536553197e-08,0.032684374430691186,0.0,4.539168664494293e-05,4.539168664494293e-05,4.539168664494293e-05,4.539168664494293e-05,0.9998184332534202,0.032684374430691186,8.811692917424983
2025-06-24 04:00:00+00:00,8931.710469623784,-0.004275933834896373,-0.9204249872332452,0.9998070833998003,0.249997162536595,0.249997162536595,0.249997162536595,0.249997162536595,1.1349853619981923e-05,-0.9204249872332452,7.891267930191738
2025-06-24 06:00:00+00:00,8987.420170099485,0.006237293591766971,1.543094429857388,0.0,0.249997162536595,0.249997162536595,0.249997162536595,0.249997162536595,1.1349853619981923e-05,1.543094429857388,9.434362360049127
2025-06-24 08:00:00+00:00,8987.40822340245,-1.3292687790760666e-06,0.030718391515781557,0.9998070833998003,4.539168664494293e-05,4.539168664494293e-05,4.539168664494293e-05,4.539168664494293e-05,0.9998184332534202,0.030718391515781557,9.465080751564908
2025-06-24 10:00:00+00:00,9018.888093047062,0.0035026638227739692,0.8565355316160814,0.9998070833998003,0.249997162536595,0.249997162536595,0.249997162536595,0.249997162536595,1.1349853619981923e-05,0.8565355316160814,10.32161628318099
2025-06-24 12:00:00+00:00,9003.71647310207,-0.001682205144189431,-0.3539652270491632,0.0,0.249997162536595,0.249997162536595,0.249997162536595,0.249997162536595,1.1349853619981923e-05,-0.3539652270491632,9.967651056131826
2025-06-24 14:00:00+00:00,9003.718220317913,1.940549604157701e-07,0.029721235165642342,0.9998070833998003,4.539168664494293e-05,4.539168664494293e-05,4.539168664494293e-05,4.539168664494293e-05,0.9998184332534202,0.029721235165642342,9.997372291297468
2025-06-24 16:00:00+00:00,9028.138964673235,0.0027122954936789298,0.6682004538399761,0.9998070833998003,0.249997162536595,0.249997162536595,0.249997162536595,0.249997162536595,1.1349853619981923e-05,0.6682004538399761,10.665572745137444
2025-06-24 18:00:00+00:00,9028.149194225201,1.1330742699369543e-06,0.02817449239874357,0.9998070833998003,4.539168664494293e-05,4.539168664494293e-05,4.539168664494293e-05,4.539168664494293e-05,0.9998184332534202,0.02817449239874357,10.693747237536188
2025-06-24 20:00:00+00:00,8989.628634221217,-0.004266717261232711,-0.9349888329486709,0.9998070833998003,0.249997162536595,0.249997162536595,0.249997162536595,0.249997162536595,1.1349853619981923e-05,-0.9349888329486709,9.758758404587518
2025-06-24 22:00:00+00:00,9027.296546114145,0.004190152165967706,1.031439694806689,0.0,0.249997162536595,0.249997162536595,0.249997162536595,0.249997162536595,1.1349853619981923e-05,1.031439694806689,10.790198099394207
2025-06-25 00:00:00+00:00,9025.979601492212,-0.00014588471921847982,-0.006218778049535328,0.0,0.249997162536595,0.249997162536595,0.249997162536595,0.249997162536595,1.1349853619981923e-05,-0.006218778049535328,10.783979321344672
2025-06-25 02:00:00+00:00,9025.984505937071,5.4336981415685e-07,0.027741842895776834,0.9998070833998003,4.539168664494293e-05,4.539168664494293e-05,4.539168664494293e-05,4.539168664494293e-05,0.9998184332534202,0.027741842895776834,10.81172116424045
2025-06-25 04:00:00+00:00,9025.98276882525,-1.9245676968361093e-07,0.02750049675157658,0.0,4.539168664494293e-05,4.539168664494293e-05,4.539168664494293e-05,4.539168664494293e-05,0.9998184332534202,0.02750049675157658,10.839221660992026
2025-06-25 06:00:00+00:00,9025.977373742011,-5.977280677046265e-07,0.027336186677869547,0.0,4.539168664494293e-05,4.539168664494293e-05,4.539168664494293e-05,4.539168664494293e-05,0.9998184332534202,0.027336186677869547,10.866557847669895
2025-06-25 08:00:00+00:00,9060.608812314487,0.0038368629942752684,0.9485501245301736,0.9998070833998003,0.249997162536595,0.249997162536595,0.249997162536595,0.249997162536595,1.1349853619981923e-05,0.9485501245301736,11.81510797220007
2025-06-25 10:00:00+00:00,9060.600859057628,-8.777839352775731e-07,0.0248101019809567,0.9998070833998003,4.539168664494293e-05,4.539168664494293e-05,4.539168664494293e-05,4.539168664494293e-05,0.9998184332534202,0.0248101019809567,11.839918074181027
2025-06-25 12:00:00+00:00,9060.606282870109,5.986150991501465e-07,0.02509380032866735,0.0,4.539168664494293e-05,4.539168664494293e-05,4.539168664494293e-05,4.539168664494293e-05,0.9998184332534202,0.02509380032866735,11.865011874509694
2025-06-25 14:00:00+00:00,9060.613377019034,7.829662501204445e-07,0.02507428021118841,0.0,4.539168664494293e-05,4.539168664494293e-05,4.539168664494293e-05,4.539168664494293e-05,0.9998184332534202,0.02507428021118841,11.890086154720882
2025-06-25 16:00:00+00:00,9060.597226895461,-1.7824536706323132e-06,0.024405945724521337,0.0,4.539168664494293e-05,4.539168664494293e-05,4.539168664494293e-05,4.539168664494293e-05,0.9998184332534202,0.024405945724521337,11.914492100445402
2025-06-25 18:00:00+00:00,9060.605007883534,8.587720961245444e-07,0.024968373288777664,0.0,4.539168664494293e-05,4.539168664494293e-05,4.539168664494293e-05,4.539168664494293e-05,0.9998184332534202,0.024968373288777664,11.93946047373418
2025-06-25 20:00:00+00:00,9095.4548651645,0.0038463057655250057,0.9575726249219946,0.9998070833998003,0.249997162536595,0.249997162536595,0.249997162536595,0.249997162536595,1.1349853619981923e-05,0.9575726249219946,12.897033098656173
2025-06-25 22:00:00+00:00,9095.45171023947,-3.468683070035647e-07,0.022209974547671405,0.9998070833998003,4.539168664494293e-05,4.539168664494293e-05,4.539168664494293e-05,4.539168664494293e-05,0.9998184332534202,0.022209974547671405,12.919243073203845
2025-06-26 00:00:00+00:00,9081.193869538864,-0.001567579176365103,-0.34740618034021825,0.9998070833998003,0.249997162536595,0.249997162536595,0.249997162536595,0.249997162536595,1.1349853619981923e-05,-0.34740618034021825,12.571836892863626
2025-06-26 02:00:00+00:00,9081.204844905165,1.2085818737072564e-06,0.023400262757002813,0.9998070833998003,4.539168664494293e-05,4.539168664494293e-05,4.539168664494293e-05,4.539168664494293e-05,0.9998184332534202,0.023400262757002813,12.595237155620628
2025-06-26 04:00:00+00:00,9119.393656402102,0.00420525823931415,1.0509331196606482,0.9998070833998003,0.249997162536595,0.249997162536595,0.249997162536595,0.249997162536595,1.1349853619981923e-05,1.0509331196606482,13.646170275281277
2025-06-26 06:00:00+00:00,9119.389255092647,-4.826318087235253e-07,0.020296788089001715,0.9998070833998003,4.539168664494293e-05,4.539168664494293e-05,4.539168664494293e-05,4.539168664494293e-05,0.9998184332534202,0.020296788089001715,13.666467063370279
2025-06-26 08:00:00+00:00,9119.394622249918,5.885435001179057e-07,0.02050183889387841,0.0,4.539168664494293e-05,4.539168664494293e-05,4.539168664494293e-05,4.539168664494293e-05,0.9998184332534202,0.02050183889387841,13.686968902264157
2025-06-26 10:00:00+00:00,9071.502177934744,-0.005251713112438867,-1.2077819261736786,0.9998070833998003,0.249997162536595,0.249997162536595,0.249997162536595,0.249997162536595,1.1349853619981923e-05,-1.2077819261736786,12.479186976090478
2025-06-26 12:00:00+00:00,9071.497674700135,-4.964155351859885e-07,0.023223821686130526,0.9998070833998003,4.539168664494293e-05,4.539168664494293e-05,4.539168664494293e-05,4.539168664494293e-05,0.9998184332534202,0.023223821686130526,12.502410797776609
2025-06-26 14:00:00+00:00,9071.488482755245,-1.0132775446662428e-06,0.02304076530905847,0.0,4.539168664494293e-05,4.539168664494293e-05,4.539168664494293e-05,4.539168664494293e-05,0.9998184332534202,0.02304076530905847,12.525451563085667
2025-06-26 16:00:00+00:00,9103.824891264125,0.0035646199155023126,0.8993144642030783,0.9998070833998003,0.249997162536595,0.249997162536595,0.249997162536595,0.249997162536595,1.1349853619981923e-05,0.8993144642030783,13.424766027288745
2025-06-26 18:00:00+00:00,9076.443905649492,-0.003007635355652304,-0.6929579919336732,0.0,0.249997162536595,0.249997162536595,0.249997162536595,0.249997162536595,1.1349853619981923e-05,-0.6929579919336732,12.731808035355073
2025-06-26 20:00:00+00:00,9076.451311317756,8.159217796400725e-07,0.022905803884372074,0.9998070833998003,4.539168664494293e-05,4.539168664494293e-05,4.539168664494293e-05,4.539168664494293e-05,0.9998184332534202,0.022905803884372074,12.754713839239445
2025-06-26 22:00:00+00:00,9033.77827850355,-0.004701510684136632,-1.0860279859196906,0.9998070833998003,0.249997162536595,0.249997162536595,0.249997162536595,0.249997162536595,1.1349853619981923e-05,-1.0860279859196906,11.668685853319754
2025-06-27 00:00:00+00:00,9016.471586587872,-0.001915775590470371,-0.4328713067361283,0.0,0.249997162536595,0.249997162536595,0.249997162536595,0.249997162536595,1.1349853619981923e-05,-0.4328713067361283,11.235814546583626
2025-06-27 02:00:00+00:00,9016.478930279976,8.14475156216944e-07,0.026674861156210324,0.9998070833998003,4.539168664494293e-05,4.539168664494293e-05,4.539168664494293e-05,4.539168664494293e-05,0.9998184332534202,0.026674861156210324,11.262489407739837
2025-06-27 04:00:00+00:00,9016.486461461478,8.352685742219473e-07,0.02661308178759477,0.0,4.539168664494293e-05,4.539168664494293e-05,4.539168664494293e-05,4.539168664494293e-05,0.9998184332534202,0.02661308178759477,11.289102489527432
2025-06-27 06:00:00+00:00,9016.48082566614,-6.250544890887552e-07,0.02619039769351834,0.0,4.539168664494293e-05,4.539168664494293e-05,4.539168664494293e-05,4.539168664494293e-05,0.9998184332534202,0.02619039769351834,11.31529288722095
2025-06-27 08:00:00+00:00,9016.478571335938,-2.500232901926768e-07,0.026215577899520004,0.0,4.539168664494293e-05,4.539168664494293e-05,4.539168664494293e-05,4.539168664494293e-05,0.9998184332534202,0.026215577899520004,11.341508465120471
2025-06-27 10:00:00+00:00,9016.482819975965,4.712083541519857e-07,0.026325975726851383,0.0,4.539168664494293e-05,4.539168664494293e-05,4.539168664494293e-05,4.539168664494293e-05,0.9998184332534202,0.026325975726851383,11.367834440847323
2025-06-27 12:00:00+00:00,9016.479759958625,-3.393803770041525e-07,0.026060729930983104,0.0,4.539168664494293e-05,4.539168664494293e-05,4.539168664494293e-05,4.539168664494293e-05,0.9998184332534202,0.026060729930983104,11.393895170778306
2025-06-27 14:00:00+00:00,9016.473370873684,-7.086008188656929e-07,0.025903845983941416,0.0,4.539168664494293e-05,4.539168664494293e-05,4.539168664494293e-05,4.539168664494293e-05,0.9998184332534202,0.025903845983941416,11.419799016762248
2025-06-27 16:00:00+00:00,9050.947037209451,0.0038234090999625385,0.9927847258381061,0.9998070833998003,0.249997162536595,0.249997162536595,0.249997162536595,0.249997162536595,1.1349853619981923e-05,0.9927847258381061,12.412583742600354
2025-06-27 18:00:00+00:00,8982.062265994926,-0.007610780499690393,-1.7719653214953484,0.0,0.249997162536595,0.249997162536595,0.249997162536595,0.249997162536595,1.1349853619981923e-05,-1.7719653214953484,10.640618421105007
2025-06-27 20:00:00+00:00,8982.066874834505,5.131159686040969e-07,0.028079712359274225,0.9998070833998003,4.539168664494293e-05,4.539168664494293e-05,4.539168664494293e-05,4.539168664494293e-05,0.9998184332534202,0.028079712359274225,10.66869813346428
2025-06-27 22:00:00+00:00,9021.556313901348,0.004396475735165461,1.1424194695540817,0.9998070833998003,0.249997162536595,0.249997162536595,0.249997162536595,0.249997162536595,1.1349853619981923e-05,1.1424194695540817,11.811117603018362
2025-06-28 00:00:00+00:00,9021.555612783195,-7.771587612545059e-08,0.024986248427719553,0.9998070833998003,4.539168664494293e-05,4.539168664494293e-05,4.539168664494293e-05,4.539168664494293e-05,0.9998184332534202,0.024986248427719553,11.836103851446081
2025-06-28 02:00:00+00:00,9022.770052629463,0.00013461534777302477,0.05814422079042441,0.9998070833998003,0.249997162536595,0.249997162536595,0.249997162536595,0.249997162536595,1.1349853619981923e-05,0.05814422079042441,11.894248072236506
2025-06-28 04:00:00+00:00,9022.771123767156,1.1871494970688809e-07,0.024824953121277568,0.9998070833998003,4.539168664494293e-05,4.539168664494293e-05,4.539168664494293e-05,4.539168664494293e-05,0.9998184332534202,0.024824953121277568,11.919073025357783
2025-06-28 06:00:00+00:00,9025.157537585703,0.000264487903528984,0.09034214875005574,0.9998070833998003,0.249997162536595,0.249997162536595,0.249997162536595,0.249997162536595,1.1349853619981923e-05,0.09034214875005574,12.009415174107838
2025-06-28 08:00:00+00:00,9025.162364047172,5.347786392622012e-07,0.024637823932988,0.9998070833998003,4.539168664494293e-05,4.539168664494293e-05,4.539168664494293e-05,4.539168664494293e-05,0.9998184332534202,0.024637823932988,12.034052998040826
2025-06-28 10:00:00+00:00,9025.161371574239,-1.0996732174246248e-07,0.024415574916723214,0.0,4.539168664494293e-05,4.539168664494293e-05,4.539168664494293e-05,4.539168664494293e-05,0.9998184332534202,0.024415574916723214,12.05846857295755
2025-06-28 12:00:00+00:00,9023.343482031425,-0.00020142460261593335,-0.025813614374935397,0.9998070833998003,0.249997162536595,0.249997162536595,0.249997162536595,0.249997162536595,1.1349853619981923e-05,-0.025813614374935397,12.032654958582613
2025-06-28 14:00:00+00:00,9013.487081507583,-0.0010923224349676998,-0.24696701390362713,0.0,0.249997162536595,0.249997162536595,0.249997162536595,0.249997162536595,1.1349853619981923e-05,-0.24696701390362713,11.785687944678987
2025-06-28 16:00:00+00:00,9013.495906376884,9.790738280418602e-07,0.025315646305696004,0.9998070833998003,4.539168664494293e-05,4.539168664494293e-05,4.539168664494293e-05,4.539168664494293e-05,0.9998184332534202,0.025315646305696004,11.811003590984683
2025-06-28 18:00:00+00:00,9042.300939716299,0.003195767062925671,0.8443906406238009,0.9998070833998003,0.249997162536595,0.249997162536595,0.249997162536595,0.249997162536595,1.1349853619981923e-05,0.8443906406238009,12.655394231608483
2025-06-28 20:00:00+00:00,9042.294331160116,-7.308489540166757e-07,0.022695820746978988,0.9998070833998003,4.539168664494293e-05,4.539168664494293e-05,4.539168664494293e-05,4.539168664494293e-05,0.9998184332534202,0.022695820746978988,12.678090052355461
2025-06-28 22:00:00+00:00,9048.22235249977,0.0006555881862003284,0.1887061847498551,0.9998070833998003,0.249997162536595,0.249997162536595,0.249997162536595,0.249997162536595,1.1349853619981923e-05,0.1887061847498551,12.866796237105316
2025-06-29 00:00:00+00:00,9048.222376472613,2.64945341971982e-09,0.022347402049867883,0.9998070833998003,4.539168664494293e-05,4.539168664494293e-05,4.539168664494293e-05,4.539168664494293e-05,0.9998184332534202,0.022347402049867883,12.889143639155183
2025-06-29 02:00:00+00:00,9030.698966596494,-0.0019366687894058793,-0.4629332220005848,0.9998070833998003,0.249997162536595,0.249997162536595,0.249997162536595,0.249997162536595,1.1349853619981923e-05,-0.4629332220005848,12.426210417154598
2025-06-29 04:00:00+00:00,9030.70112500887,2.390083409335773e-07,0.023518153041908265,0.9998070833998003,4.539168664494293e-05,4.539168664494293e-05,4.539168664494293e-05,4.539168664494293e-05,0.9998184332534202,0.023518153041908265,12.449728570196507
2025-06-29 06:00:00+00:00,9042.854660459741,0.0013458019795620322,0.36862544704837713,0.9998070833998003,0.249997162536595,0.249997162536595,0.249997162536595,0.249997162536595,1.1349853619981923e-05,0.36862544704837713,12.818354017244884
2025-06-29 08:00:00+00:00,9057.037177755143,0.0015683672720533954,0.4259665282981169,0.0,0.249997162536595,0.249997162536595,0.249997162536595,0.249997162536595,1.1349853619981923e-05,0.4259665282981169,13.244320545543001
2025-06-29 10:00:00+00:00,9057.04055820418,3.7324005316620375e-07,0.021491237362379526,0.9998070833998003,4.539168664494293e-05,4.539168664494293e-05,4.539168664494293e-05,4.539168664494293e-05,0.9998184332534202,0.021491237362379526,13.26581178290538
2025-06-29 12:00:00+00:00,9057.046330541896,6.373315520740873e-07,0.021505020114325646,0.0,4.539168664494293e-05,4.539168664494293e-05,4.539168664494293e-05,4.539168664494293e-05,0.9998184332534202,0.021505020114325646,13.287316803019706
2025-06-29 14:00:00+00:00,9029.449731868317,-0.003046975544391232,-0.7480294098075827,0.9998070833998003,0.249997162536595,0.249997162536595,0.249997162536595,0.249997162536595,1.1349853619981923e-05,-0.7480294098075827,12.539287393212124
2025-06-29 16:00:00+00:00,9029.445616834566,-4.557347207570252e-07,0.02305394105083932,0.9998070833998003,4.539168664494293e-05,4.539168664494293e-05,4.539168664494293e-05,4.539168664494293e-05,0.9998184332534202,0.02305394105083932,12.562341334262964
2025-06-29 18:00:00+00:00,9027.08017899948,-0.0002619693318353676,-0.04430702116817125,0.9998070833998003,0.249997162536595,0.249997162536595,0.249997162536595,0.249997162536595,1.1349853619981923e-05,-0.04430702116817125,12.518034313094793
2025-06-29 20:00:00+00:00,9027.970409836103,9.861780542228644e-05,0.04872370292027947,0.0,0.249997162536595,0.249997162536595,0.249997162536595,0.249997162536595,1.1349853619981923e-05,0.04872370292027947,12.566758016015072
2025-06-29 22:00:00+00:00,9027.969835890139,-6.357419643010926e-08,0.02308558199010554,0.9998070833998003,4.539168664494293e-05,4.539168664494293e-05,4.539168664494293e-05,4.539168664494293e-05,0.9998184332534202,0.02308558199010554,12.589843598005178
2025-06-30 00:00:00+00:00,9027.99368462402,2.6416497080712424e-06,0.02372993249069585,0.0,4.539168664494293e-05,4.539168664494293e-05,4.539168664494293e-05,4.539168664494293e-05,0.9998184332534202,0.02372993249069585,12.613573530495874
2025-06-30 02:00:00+00:00,9027.9951601958,1.6344404208206678e-07,0.02302667221591024,0.0,4.539168664494293e-05,4.539168664494293e-05,4.539168664494293e-05,4.539168664494293e-05,0.9998184332534202,0.02302667221591024,12.636600202711783
2025-06-30 04:00:00+00:00,9027.991680975298,-3.853812989483212e-07,0.022825538055151657,0.0,4.539168664494293e-05,4.539168664494293e-05,4.539168664494293e-05,4.539168664494293e-05,0.9998184332534202,0.022825538055151657,12.659425740766935
2025-06-30 06:00:00+00:00,9027.98992210588,-1.948239962199217e-07,0.022817652458000458,0.0,4.539168664494293e-05,4.539168664494293e-05,4.539168664494293e-05,4.539168664494293e-05,0.9998184332534202,0.022817652458000458,12.682243393224935
2025-06-30 08:00:00+00:00,8976.249705821854,-0.005731089282381097,-1.4291990439450413,0.9998070833998003,0.249997162536595,0.249997162536595,0.249997162536595,0.249997162536595,1.1349853619981923e-05,-1.4291990439450413,11.253044349279893
2025-06-30 10:00:00+00:00,8976.238893315352,-1.2045683728727219e-06,0.0260855191937466,0.9998070833998003,4.539168664494293e-05,4.539168664494293e-05,4.539168664494293e-05,4.539168664494293e-05,0.9998184332534202,0.0260855191937466,11.279129868473639
2025-06-30 12:00:00+00:00,8976.241344341623,2.730571566743169e-07,0.026406636655611715,0.0,4.539168664494293e-05,4.539168664494293e-05,4.539168664494293e-05,4.539168664494293e-05,0.9998184332534202,0.026406636655611715,11.30553650512925
2025-06-30 14:00:00+00:00,8969.029749429857,-0.0008034092038213084,-0.18391333811807398,0.9998070833998003,0.249997162536595,0.249997162536595,0.249997162536595,0.249997162536595,1.1349853619981923e-05,-0.18391333811807398,11.121623167011176
2025-06-30 16:00:00+00:00,9010.014933009632,0.004569634032307701,1.2703801316244756,0.0,0.249997162536595,0.249997162536595,0.249997162536595,0.249997162536595,1.1349853619981923e-05,1.2703801316244756,12.392003298635652
2025-06-30 18:00:00+00:00,9010.017818918395,3.2030010878915873e-07,0.02362264192588645,0.9998070833998003,4.539168664494293e-05,4.539168664494293e-05,4.539168664494293e-05,4.539168664494293e-05,0.9998184332534202,0.02362264192588645,12.415625940561538
2025-06-30 20:00:00+00:00,9074.084036942193,0.00711055397573986,1.9816651137423016,0.9998070833998003,0.249997162536595,0.249997162536595,0.249997162536595,0.249997162536595,1.1349853619981923e-05,1.9816651137423016,14.39729105430384
2025-06-30 22:00:00+00:00,9021.447377636383,-0.005800768330061498,-1.4580367010728912,0.0,0.249997162536595,0.249997162536595,0.249997162536595,0.249997162536595,1.1349853619981923e-05,-1.4580367010728912,12.93925435323095
2025-07-01 00:00:00+00:00,9021.442957852807,-4.899195651747129e-07,0.022057868724862973,0.9998070833998003,4.539168664494293e-05,4.539168664494293e-05,4.539168664494293e-05,4.539168664494293e-05,0.9998184332534202,0.022057868724862973,12.961312221955813
2025-07-01 02:00:00+00:00,9040.863453753362,0.002152703951162139,0.5929772774974644,0.9998070833998003,0.249997162536595,0.249997162536595,0.249997162536595,0.249997162536595,1.1349853619981923e-05,0.5929772774974644,13.554289499453278
2025-07-01 04:00:00+00:00,9040.862483130057,-1.0735958011886641e-07,0.020609390246420643,0.9998070833998003,4.539168664494293e-05,4.539168664494293e-05,4.539168664494293e-05,4.539168664494293e-05,0.9998184332534202,0.020609390246420643,13.574898889699698
2025-07-01 06:00:00+00:00,9040.85181599733,-1.179879989042095e-06,0.0202754726453323,0.0,4.539168664494293e-05,4.539168664494293e-05,4.539168664494293e-05,4.539168664494293e-05,0.9998184332534202,0.0202754726453323,13.59517436234503
2025-07-01 08:00:00+00:00,9075.199263103874,0.0037991383782852253,1.0424315102053512,0.9998070833998003,0.249997162536595,0.249997162536595,0.249997162536595,0.249997162536595,1.1349853619981923e-05,1.0424315102053512,14.637605872550381
2025-07-01 10:00:00+00:00,9028.541570182668,-0.005141230684696664,-1.3037044056081941,0.0,0.249997162536595,0.249997162536595,0.249997162536595,0.249997162536595,1.1349853619981923e-05,-1.3037044056081941,13.333901466942187
2025-07-01 12:00:00+00:00,9017.5099314906,-0.0012218627567159982,-0.2980941016285748,0.0,0.249997162536595,0.249997162536595,0.249997162536595,0.249997162536595,1.1349853619981923e-05,-0.2980941016285748,13.035807365313612
2025-07-01 14:00:00+00:00,9017.508557436315,-1.5237624308332459e-07,0.021897557913627585,0.9998070833998003,4.539168664494293e-05,4.539168664494293e-05,4.539168664494293e-05,4.539168664494293e-05,0.9998184332534202,0.021897557913627585,13.05770492322724
2025-07-01 16:00:00+00:00,9017.492706249472,-1.7578233213461518e-06,0.02141787227626056,0.0,4.539168664494293e-05,4.539168664494293e-05,4.539168664494293e-05,4.539168664494293e-05,0.9998184332534202,0.02141787227626056,13.0791227955035
2025-07-01 18:00:00+00:00,9033.818011352343,0.0018104040263385458,0.5066727047481762,0.9998070833998003,0.249997162536595,0.249997162536595,0.249997162536595,0.249997162536595,1.1349853619981923e-05,0.5066727047481762,13.585795500251676
2025-07-01 20:00:00+00:00,9033.806923439413,-1.227378381469257e-06,0.020227164999201984,0.9998070833998003,4.539168664494293e-05,4.539168664494293e-05,4.539168664494293e-05,4.539168664494293e-05,0.9998184332534202,0.020227164999201984,13.606022665250878
2025-07-01 22:00:00+00:00,9022.003013038428,-0.0013066374454338556,-0.3247785466338765,0.9998070833998003,0.249997162536595,0.249997162536595,0.249997162536595,0.249997162536595,1.1349853619981923e-05,-0.3247785466338765,13.281244118617002
2025-07-02 00:00:00+00:00,9026.636505855135,0.0005135769529238745,0.15873077103811936,0.0,0.249997162536595,0.249997162536595,0.249997162536595,0.249997162536595,1.1349853619981923e-05,0.15873077103811936,13.43997488965512
2025-07-02 02:00:00+00:00,9026.641289954281,5.299979834335992e-07,0.02106213063903137,0.9998070833998003,4.539168664494293e-05,4.539168664494293e-05,4.539168664494293e-05,4.539168664494293e-05,0.9998184332534202,0.02106213063903137,13.461037020294151
2025-07-02 04:00:00+00:00,9026.647754728629,7.161882409693825e-07,0.021059401704992212,0.0,4.539168664494293e-05,4.539168664494293e-05,4.539168664494293e-05,4.539168664494293e-05,0.9998184332534202,0.021059401704992212,13.482096421999143
2025-07-02 06:00:00+00:00,9026.65446521387,7.434083420209794e-07,0.02101420782331198,0.0,4.539168664494293e-05,4.539168664494293e-05,4.539168664494293e-05,4.539168664494293e-05,0.9998184332534202,0.02101420782331198,13.503110629822455
2025-07-02 08:00:00+00:00,9026.660186276595,6.337965796258896e-07,0.02093230143078124,0.0,4.539168664494293e-05,4.539168664494293e-05,4.539168664494293e-05,4.539168664494293e-05,0.9998184332534202,0.02093230143078124,13.524042931253236
2025-07-02 10:00:00+00:00,9026.662933622547,3.043590758723218e-07,0.020791083203501294,0.0,4.539168664494293e-05,4.539168664494293e-05,4.539168664494293e-05,4.539168664494293e-05,0.9998184332534202,0.020791083203501294,13.544834014456738
2025-07-02 12:00:00+00:00,9026.662237687087,-7.70977564235926e-08,0.020635694024592137,0.0,4.539168664494293e-05,4.539168664494293e-05,4.539168664494293e-05,4.539168664494293e-05,0.9998184332534202,0.020635694024592137,13.56546970848133
2025-07-02 14:00:00+00:00,9055.401215681815,0.003183787898337289,0.9001270622670144,0.9998070833998003,0.249997162536595,0.249997162536595,0.249997162536595,0.249997162536595,1.1349853619981923e-05,0.9001270622670144,14.465596770748345
2025-07-02 16:00:00+00:00,9055.421855747654,2.279309922128793e-06,0.01896204878148869,0.9998070833998003,4.539168664494293e-05,4.539168664494293e-05,4.539168664494293e-05,4.539168664494293e-05,0.9998184332534202,0.01896204878148869,14.484558819529834
2025-07-02 18:00:00+00:00,9055.440811699069,2.0933261547612494e-06,0.0188653213163528,0.0,4.539168664494293e-05,4.539168664494293e-05,4.539168664494293e-05,4.539168664494293e-05,0.9998184332534202,0.0188653213163528,14.503424140846187
2025-07-02 20:00:00+00:00,9055.452515271803,1.292435451554498e-06,0.018600820202162124,0.0,4.539168664494293e-05,4.539168664494293e-05,4.539168664494293e-05,4.539168664494293e-05,0.9998184332534202,0.018600820202162124,14.522024961048349
2025-07-02 22:00:00+00:00,9038.958578447948,-0.0018214370619291681,-0.4754870958079201,0.9998070833998003,0.249997162536595,0.249997162536595,0.249997162536595,0.249997162536595,1.1349853619981923e-05,-0.4754870958079201,14.046537865240428
2025-07-03 00:00:00+00:00,8977.943320975633,-0.006750253023373283,-1.764760208854657,0.0,0.249997162536595,0.249997162536595,0.249997162536595,0.249997162536595,1.1349853619981923e-05,-1.764760208854657,12.28177765638577
2025-07-03 02:00:00+00:00,8996.052395624498,0.0020170627059490696,0.5811783291393186,0.0,0.249997162536595,0.249997162536595,0.249997162536595,0.249997162536595,1.1349853619981923e-05,0.5811783291393186,12.862955985525089
2025-07-03 04:00:00+00:00,8981.961213716637,-0.001566373925824942,-0.40143561686568424,0.0,0.249997162536595,0.249997162536595,0.249997162536595,0.249997162536595,1.1349853619981923e-05,-0.40143561686568424,12.461520368659404
2025-07-03 06:00:00+00:00,9071.006867089116,0.009913831874100503,2.908539737262478,0.0,0.249997162536595,0.249997162536595,0.249997162536595,0.249997162536595,1.1349853619981923e-05,2.908539737262478,15.370060105921882
2025-07-03 08:00:00+00:00,9118.23857236797,0.005206886729434354,1.4490062082656505,0.0,0.249997162536595,0.249997162536595,0.249997162536595,0.249997162536595,1.1349853619981923e-05,1.4490062082656505,16.81906631418753
2025-07-03 10:00:00+00:00,9158.898481145194,0.004459184573261667,1.2268493347179261,0.0,0.249997162536595,0.249997162536595,0.249997162536595,0.249997162536595,1.1349853619981923e-05,1.2268493347179261,18.045915648905456
2025-07-03 12:00:00+00:00,9127.04306261511,-0.0034780840289541847,-0.9140553953150352,0.0,0.249997162536595,0.249997162536595,0.249997162536595,0.249997162536595,1.1349853619981923e-05,-0.9140553953150352,17.13186025359042
2025-07-03 14:00:00+00:00,9169.065850305069,0.004604206137920889,1.2639010809477857,0.0,0.249997162536595,0.249997162536595,0.249997162536595,0.249997162536595,1.1349853619981923e-05,1.2639010809477857,18.395761334538207
2025-07-03 16:00:00+00:00,9017.481552179752,-0.01653214194336646,-4.247096836664349,0.0,0.249997162536595,0.249997162536595,0.249997162536595,0.249997162536595,1.1349853619981923e-05,-4.247096836664349,14.148664497873858
2025-07-03 18:00:00+00:00,9017.48938477557,8.686012578976945e-07,0.019035239935813728,0.9998070833998003,4.539168664494293e-05,4.539168664494293e-05,4.539168664494293e-05,4.539168664494293e-05,0.9998184332534202,0.019035239935813728,14.167699737809672
2025-07-03 20:00:00+00:00,9034.793786203365,0.0019189821788989305,0.5166215750244566,0.9998070833998003,0.249997162536595,0.249997162536595,0.249997162536595,0.249997162536595,1.1349853619981923e-05,0.5166215750244566,14.684321312834129
2025-07-03 22:00:00+00:00,9034.794788815969,1.1097238383449202e-07,0.017494356281196045,0.9998070833998003,4.539168664494293e-05,4.539168664494293e-05,4.539168664494293e-05,4.539168664494293e-05,0.9998184332534202,0.017494356281196045,14.701815669115325
2025-07-04 00:00:00+00:00,9021.839498827238,-0.001433932954931974,-0.3503385712172325,0.9998070833998003,0.249997162536595,0.249997162536595,0.249997162536595,0.249997162536595,1.1349853619981923e-05,-0.3503385712172325,14.351477097898092
2025-07-04 02:00:00+00:00,9002.414713811972,-0.002153084747050782,-0.5331197088525124,0.0,0.249997162536595,0.249997162536595,0.249997162536595,0.249997162536595,1.1349853619981923e-05,-0.5331197088525124,13.81835738904558
2025-07-04 04:00:00+00:00,8989.748851334902,-0.0014069405686940482,-0.34252105231485064,0.0,0.249997162536595,0.249997162536595,0.249997162536595,0.249997162536595,1.1349853619981923e-05,-0.34252105231485064,13.47583633673073
2025-07-04 06:00:00+00:00,8989.745840521677,-3.349162780978473e-07,0.02041954115855623,0.9998070833998003,4.539168664494293e-05,4.539168664494293e-05,4.539168664494293e-05,4.539168664494293e-05,0.9998184332534202,0.02041954115855623,13.496255877889286
2025-07-04 08:00:00+00:00,8989.729400600381,-1.8287415003291173e-06,0.019978774740730128,0.0,4.539168664494293e-05,4.539168664494293e-05,4.539168664494293e-05,4.539168664494293e-05,0.9998184332534202,0.019978774740730128,13.516234652630017
2025-07-04 10:00:00+00:00,8989.736920209964,8.36466732932698e-07,0.02062342216362029,0.0,4.539168664494293e-05,4.539168664494293e-05,4.539168664494293e-05,4.539168664494293e-05,0.9998184332534202,0.02062342216362029,13.536858074793637
2025-07-04 12:00:00+00:00,8989.738815432038,2.1082063802871658e-07,0.020408272748500426,0.0,4.539168664494293e-05,4.539168664494293e-05,4.539168664494293e-05,4.539168664494293e-05,0.9998184332534202,0.020408272748500426,13.557266347542138
2025-07-04 14:00:00+00:00,8989.725346398447,-1.4982675099489654e-06,0.019908465740786196,0.0,4.539168664494293e-05,4.539168664494293e-05,4.539168664494293e-05,4.539168664494293e-05,0.9998184332534202,0.019908465740786196,13.577174813282923
2025-07-04 16:00:00+00:00,8930.780240980497,-0.006556941747009468,-1.6451544255566515,0.9998070833998003,0.249997162536595,0.249997162536595,0.249997162536595,0.249997162536595,1.1349853619981923e-05,-1.6451544255566515,11.932020387726272
2025-07-04 18:00:00+00:00,8952.287953264004,0.0024082680015810867,0.6653331175002293,0.0,0.249997162536595,0.249997162536595,0.249997162536595,0.249997162536595,1.1349853619981923e-05,0.6653331175002293,12.5973535052265
2025-07-04 20:00:00+00:00,8952.278798211888,-1.0226494237048002e-06,0.022426541626887134,0.9998070833998003,4.539168664494293e-05,4.539168664494293e-05,4.539168664494293e-05,4.539168664494293e-05,0.9998184332534202,0.022426541626887134,12.619780046853387
2025-07-04 22:00:00+00:00,8952.284544775535,6.419107109140682e-07,0.02280729397817611,0.0,4.539168664494293e-05,4.539168664494293e-05,4.539168664494293e-05,4.539168664494293e-05,0.9998184332534202,0.02280729397817611,12.642587340831563
2025-07-05 00:00:00+00:00,8973.820607892314,0.00240564997784247,0.6660576529672059,0.9998070833998003,0.249997162536595,0.249997162536595,0.249997162536595,0.249997162536595,1.1349853619981923e-05,0.6660576529672059,13.308644993798769
2025-07-05 02:00:00+00:00,8973.820310462748,-3.3144140032055155e-08,0.020895551311971038,0.9998070833998003,4.539168664494293e-05,4.539168664494293e-05,4.539168664494293e-05,4.539168664494293e-05,0.9998184332534202,0.020895551311971038,13.32954054511074
2025-07-05 04:00:00+00:00,8973.824032819404,4.148017819651075e-07,0.02096151152632748,0.0,4.539168664494293e-05,4.539168664494293e-05,4.539168664494293e-05,4.539168664494293e-05,0.9998184332534202,0.02096151152632748,13.350502056637067
2025-07-05 06:00:00+00:00,8973.823349589624,-7.613585670039012e-08,0.020778782312291293,0.0,4.539168664494293e-05,4.539168664494293e-05,4.539168664494293e-05,4.539168664494293e-05,0.9998184332534202,0.020778782312291293,13.371280838949358
2025-07-05 08:00:00+00:00,8959.2740506993,-0.0016213043564079646,-0.4066723824980472,0.9998070833998003,0.249997162536595,0.249997162536595,0.249997162536595,0.249997162536595,1.1349853619981923e-05,-0.4066723824980472,12.96460845645131
2025-07-05 10:00:00+00:00,8959.275026777626,1.0894614020264925e-07,0.02180018935183763,0.9998070833998003,4.539168664494293e-05,4.539168664494293e-05,4.539168664494293e-05,4.539168664494293e-05,0.9998184332534202,0.02180018935183763,12.986408645803149
2025-07-05 12:00:00+00:00,8959.275802839833,8.66210942923074e-08,0.021739418051639793,0.0,4.539168664494293e-05,4.539168664494293e-05,4.539168664494293e-05,4.539168664494293e-05,0.9998184332534202,0.021739418051639793,13.008148063854788
2025-07-05 14:00:00+00:00,8952.505283189485,-0.0007556994336754837,-0.17993680390084782,0.9998070833998003,0.249997162536595,0.249997162536595,0.249997162536595,0.249997162536595,1.1349853619981923e-05,-0.17993680390084782,12.82821125995394
2025-07-05 16:00:00+00:00,8952.503590934413,-1.8902586686527344e-07,0.022064365942703706,0.9998070833998003,4.539168664494293e-05,4.539168664494293e-05,4.539168664494293e-05,4.539168664494293e-05,0.9998184332534202,0.022064365942703706,12.850275625896645
2025-07-05 18:00:00+00:00,8952.503438492568,-1.7027845255315145e-08,0.022055004300536547,0.0,4.539168664494293e-05,4.539168664494293e-05,4.539168664494293e-05,4.539168664494293e-05,0.9998184332534202,0.022055004300536547,12.872330630197181
2025-07-05 20:00:00+00:00,8960.221511918604,0.0008621134277202007,0.25592320032024246,0.9998070833998003,0.249997162536595,0.249997162536595,0.249997162536595,0.249997162536595,1.1349853619981923e-05,0.25592320032024246,13.128253830517425
2025-07-05 22:00:00+00:00,8988.830180838786,0.0031928528644217195,0.9010488958278712,0.0,0.249997162536595,0.249997162536595,0.249997162536595,0.249997162536595,1.1349853619981923e-05,0.9010488958278712,14.029302726345296
2025-07-06 00:00:00+00:00,8988.83192216842,1.9372149648432943e-07,0.0191471811394099,0.9998070833998003,4.539168664494293e-05,4.539168664494293e-05,4.539168664494293e-05,4.539168664494293e-05,0.9998184332534202,0.0191471811394099,14.048449907484706
2025-07-06 02:00:00+00:00,8988.830590934474,-1.4809865805535534e-07,0.01900645470253194,0.0,4.539168664494293e-05,4.539168664494293e-05,4.539168664494293e-05,4.539168664494293e-05,0.9998184332534202,0.01900645470253194,14.067456362187238
2025-07-06 04:00:00+00:00,8974.225855732475,-0.0016247647626966212,-0.4191376425145612,0.9998070833998003,0.249997162536595,0.249997162536595,0.249997162536595,0.249997162536595,1.1349853619981923e-05,-0.4191376425145612,13.648318719672677
2025-07-06 06:00:00+00:00,8974.223995006756,-2.073410842586667e-07,0.019997253736831918,0.9998070833998003,4.539168664494293e-05,4.539168664494293e-05,4.539168664494293e-05,4.539168664494293e-05,0.9998184332534202,0.019997253736831918,13.66831597340951
2025-07-06 08:00:00+00:00,8978.741692328766,0.0005034081302765068,0.1579269278176693,0.9998070833998003,0.249997162536595,0.249997162536595,0.249997162536595,0.249997162536595,1.1349853619981923e-05,0.1579269278176693,13.826242901227179
2025-07-06 10:00:00+00:00,8956.859365914466,-0.002437126176933496,-0.6391750541786996,0.0,0.249997162536595,0.249997162536595,0.249997162536595,0.249997162536595,1.1349853619981923e-05,-0.6391750541786996,13.187067847048478
2025-07-06 12:00:00+00:00,9003.718178474473,0.005231611957460181,1.5000714701112101,0.0,0.249997162536595,0.249997162536595,0.249997162536595,0.249997162536595,1.1349853619981923e-05,1.5000714701112101,14.687139317159689
2025-07-06 14:00:00+00:00,9086.144933366473,0.009154746212410459,2.6294780161816416,0.0,0.249997162536595,0.249997162536595,0.249997162536595,0.249997162536595,1.1349853619981923e-05,2.6294780161816416,17.31661733334133
2025-07-06 16:00:00+00:00,9086.146295365103,1.4989840467591058e-07,0.010999534312016189,0.9998070833998003,4.539168664494293e-05,4.539168664494293e-05,4.539168664494293e-05,4.539168664494293e-05,0.9998184332534202,0.010999534312016189,17.327616867653347
2025-07-06 18:00:00+00:00,9086.143149203854,-3.4625914512778683e-07,0.010837962643132531,0.0,4.539168664494293e-05,4.539168664494293e-05,4.539168664494293e-05,4.539168664494293e-05,0.9998184332534202,0.010837962643132531,17.33845483029648
2025-07-06 20:00:00+00:00,9068.899873110855,-0.0018977552752411952,-0.5004218999109925,0.9998070833998003,0.249997162536595,0.249997162536595,0.249997162536595,0.249997162536595,1.1349853619981923e-05,-0.5004218999109925,16.838032930385488
2025-07-06 22:00:00+00:00,9131.291346207745,0.006879717933801384,1.9223626500349829,0.0,0.249997162536595,0.249997162536595,0.249997162536595,0.249997162536595,1.1349853619981923e-05,1.9223626500349829,18.76039558042047
2025-07-07 00:00:00+00:00,9131.28646351829,-5.347205853493344e-07,0.00723541618820024,0.9998070833998003,4.539168664494293e-05,4.539168664494293e-05,4.539168664494293e-05,4.539168664494293e-05,0.9998184332534202,0.00723541618820024,18.767630996608673
2025-07-07 02:00:00+00:00,9131.283387971864,-3.368141432216183e-07,0.007270437369435085,0.0,4.539168664494293e-05,4.539168664494293e-05,4.539168664494293e-05,4.539168664494293e-05,0.9998184332534202,0.007270437369435085,18.77490143397811
2025-07-07 04:00:00+00:00,9158.373609510934,0.0029667485268013013,0.816181728478905,0.9998070833998003,0.249997162536595,0.249997162536595,0.249997162536595,0.249997162536595,1.1349853619981923e-05,0.816181728478905,19.591083162457014
2025-07-07 06:00:00+00:00,9158.371919661233,-1.8451416957371255e-07,0.005250160956214809,0.9998070833998003,4.539168664494293e-05,4.539168664494293e-05,4.539168664494293e-05,4.539168664494293e-05,0.9998184332534202,0.005250160956214809,19.59633332341323
2025-07-07 08:00:00+00:00,9158.375067173107,3.436759177965729e-07,0.00538051150680479,0.0,4.539168664494293e-05,4.539168664494293e-05,4.539168664494293e-05,4.539168664494293e-05,0.9998184332534202,0.00538051150680479,19.601713834920034
2025-07-07 10:00:00+00:00,9136.284168095599,-0.0024120980976951112,-0.6499752298326475,0.9998070833998003,0.249997162536595,0.249997162536595,0.249997162536595,0.249997162536595,1.1349853619981923e-05,-0.6499752298326475,18.951738605087385
2025-07-07 12:00:00+00:00,9107.964638577836,-0.0030996769580193934,-0.8344202571236252,0.0,0.249997162536595,0.249997162536595,0.249997162536595,0.249997162536595,1.1349853619981923e-05,-0.8344202571236252,18.11731834796376
2025-07-07 14:00:00+00:00,9117.61270039755,0.0010592994376425742,0.2992127881100319,0.0,0.249997162536595,0.249997162536595,0.249997162536595,0.249997162536595,1.1349853619981923e-05,0.2992127881100319,18.416531136073793
2025-07-07 16:00:00+00:00,9117.599159712627,-1.4851129752389354e-06,0.007833893533250657,0.9998070833998003,4.539168664494293e-05,4.539168664494293e-05,4.539168664494293e-05,4.539168664494293e-05,0.9998184332534202,0.007833893533250657,18.424365029607042
2025-07-07 18:00:00+00:00,9096.73118052948,-0.00228875812783658,-0.6169329524349729,0.9998070833998003,0.249997162536595,0.249997162536595,0.249997162536595,0.249997162536595,1.1349853619981923e-05,-0.6169329524349729,17.80743207717207
2025-07-07 20:00:00+00:00,9124.045479878461,0.003002649941711477,0.842211168636354,0.0,0.249997162536595,0.249997162536595,0.249997162536595,0.249997162536595,1.1349853619981923e-05,0.842211168636354,18.649643245808424
2025-07-07 22:00:00+00:00,9124.044555416087,-1.0132154385603419e-07,0.007630534448475426,0.9998070833998003,4.539168664494293e-05,4.539168664494293e-05,4.539168664494293e-05,4.539168664494293e-05,0.9998184332534202,0.007630534448475426,18.657273780256897
2025-07-08 00:00:00+00:00,9134.405786271127,0.001135596258009356,0.3216650489139934,0.9998070833998003,0.249997162536595,0.249997162536595,0.249997162536595,0.249997162536595,1.1349853619981923e-05,0.3216650489139934,18.97893882917089
2025-07-08 02:00:00+00:00,9134.397789011036,-8.755096148097768e-07,0.006590806385534883,0.9998070833998003,4.539168664494293e-05,4.539168664494293e-05,4.539168664494293e-05,4.539168664494293e-05,0.9998184332534202,0.006590806385534883,18.985529635556425
2025-07-08 04:00:00+00:00,9134.402674658348,5.348625517711218e-07,0.006964602774184807,0.0,4.539168664494293e-05,4.539168664494293e-05,4.539168664494293e-05,4.539168664494293e-05,0.9998184332534202,0.006964602774184807,18.99249423833061
2025-07-08 06:00:00+00:00,9134.407228151593,4.984992895493457e-07,0.006937427079768108,0.0,4.539168664494293e-05,4.539168664494293e-05,4.539168664494293e-05,4.539168664494293e-05,0.9998184332534202,0.006937427079768108,18.99943166541038
2025-07-08 08:00:00+00:00,9134.410481625398,3.561778806128784e-07,0.006880754047036843,0.0,4.539168664494293e-05,4.539168664494293e-05,4.539168664494293e-05,4.539168664494293e-05,0.9998184332534202,0.006880754047036843,19.006312419457416
2025-07-08 10:00:00+00:00,9121.37086092768,-0.001427527340045535,-0.3908104486895,0.9998070833998003,0.249997162536595,0.249997162536595,0.249997162536595,0.249997162536595,1.1349853619981923e-05,-0.3908104486895,18.615501970767916
2025-07-08 12:00:00+00:00,9121.378193045688,8.0383947987282e-07,0.00796903802382016,0.9998070833998003,4.539168664494293e-05,4.539168664494293e-05,4.539168664494293e-05,4.539168664494293e-05,0.9998184332534202,0.00796903802382016,18.623471008791736
2025-07-08 14:00:00+00:00,9121.382028642503,4.205062802123489e-07,0.007842086262994047,0.0,4.539168664494293e-05,4.539168664494293e-05,4.539168664494293e-05,4.539168664494293e-05,0.9998184332534202,0.007842086262994047,18.63131309505473
2025-07-08 16:00:00+00:00,9121.371976806717,-1.102007980237693e-06,0.007394490624026486,0.0,4.539168664494293e-05,4.539168664494293e-05,4.539168664494293e-05,4.539168664494293e-05,0.9998184332534202,0.007394490624026486,18.638707585678755
2025-07-08 18:00:00+00:00,9215.014020033712,0.010266223487552297,2.966943661155549,0.9998070833998003,0.249997162536595,0.249997162536595,0.249997162536595,0.249997162536595,1.1349853619981923e-05,2.966943661155549,21.605651246834306
2025-07-08 20:00:00+00:00,9207.868400461846,-0.0007754323060529046,-0.21423786228382546,0.0,0.249997162536595,0.249997162536595,0.249997162536595,0.249997162536595,1.1349853619981923e-05,-0.21423786228382546,21.391413384550482
2025-07-08 22:00:00+00:00,9207.869464481215,1.1555544918728835e-07,0.0009717214850758035,0.9998070833998003,4.539168664494293e-05,4.539168664494293e-05,4.539168664494293e-05,4.539168664494293e-05,0.9998184332534202,0.0009717214850758035,21.392385106035558
2025-07-09 00:00:00+00:00,9219.743940937093,0.0012896008682228846,0.35980579900240417,0.9998070833998003,0.249997162536595,0.249997162536595,0.249997162536595,0.249997162536595,1.1349853619981923e-05,0.35980579900240417,21.752190905037963
2025-07-09 02:00:00+00:00,9199.961180880266,-0.0021456951715316014,-0.5981535540736282,0.0,0.249997162536595,0.249997162536595,0.249997162536595,0.249997162536595,1.1349853619981923e-05,-0.5981535540736282,21.154037350964334
2025-07-09 04:00:00+00:00,9186.13251189782,-0.0015031225361238868,-0.41793470884958234,0.0,0.249997162536595,0.249997162536595,0.249997162536595,0.249997162536595,1.1349853619981923e-05,-0.41793470884958234,20.73610264211475
2025-07-09 06:00:00+00:00,9248.02249426304,0.00673732741009994,1.897048276138729,0.0,0.249997162536595,0.249997162536595,0.249997162536595,0.249997162536595,1.1349853619981923e-05,1.897048276138729,22.63315091825348
2025-07-09 08:00:00+00:00,9239.45430333115,-0.0009264889804501507,-0.2598884103186199,0.0,0.249997162536595,0.249997162536595,0.249997162536595,0.249997162536595,1.1349853619981923e-05,-0.2598884103186199,22.37326250793486
2025-07-09 10:00:00+00:00,9214.006962469852,-0.0027542038767508054,-0.7699565190687426,0.0,0.249997162536595,0.249997162536595,0.249997162536595,0.249997162536595,1.1349853619981923e-05,-0.7699565190687426,21.60330598886612
2025-07-09 12:00:00+00:00,9214.013704958415,7.317650824102249e-07,0.0006503514779974682,0.9998070833998003,4.539168664494293e-05,4.539168664494293e-05,4.539168664494293e-05,4.539168664494293e-05,0.9998184332534202,0.0006503514779974682,21.603956340344116
2025-07-09 14:00:00+00:00,9251.764529777833,0.00409710968837642,1.1469321423079613,0.9998070833998003,0.249997162536595,0.249997162536595,0.249997162536595,0.249997162536595,1.1349853619981923e-05,1.1469321423079613,22.750888482652076
2025-07-09 16:00:00+00:00,9248.196565683445,-0.00038565228102208044,-0.11022955594759284,0.0,0.249997162536595,0.249997162536595,0.249997162536595,0.249997162536595,1.1349853619981923e-05,-0.11022955594759284,22.640658926704482
2025-07-09 18:00:00+00:00,9248.197269587543,7.611257957747837e-08,-0.0021230094572659065,0.9998070833998003,4.539168664494293e-05,4.539168664494293e-05,4.539168664494293e-05,4.539168664494293e-05,0.9998184332534202,-0.0021230094572659065,22.638535917247218
2025-07-09 20:00:00+00:00,9467.665569712706,0.02373092763136443,6.568161004553192,0.9998070833998003,0.249997162536595,0.249997162536595,0.249997162536595,0.249997162536595,1.1349853619981923e-05,6.568161004553192,29.20669692180041
2025-07-09 22:00:00+00:00,9467.659417774752,-6.497840370382585e-07,-0.017228195998785247,0.9998070833998003,4.539168664494293e-05,4.539168664494293e-05,4.539168664494293e-05,4.539168664494293e-05,0.9998184332534202,-0.017228195998785247,29.189468725801625
2025-07-10 00:00:00+00:00,9467.664965807724,5.859983684176111e-07,-0.01686939099649532,0.0,4.539168664494293e-05,4.539168664494293e-05,4.539168664494293e-05,4.539168664494293e-05,0.9998184332534202,-0.01686939099649532,29.17259933480513
2025-07-10 02:00:00+00:00,9478.723372965727,0.0011680184288249845,0.2808735082858067,0.9998070833998003,0.249997162536595,0.249997162536595,0.249997162536595,0.249997162536595,1.1349853619981923e-05,0.2808735082858067,29.45347284309094
2025-07-10 04:00:00+00:00,9484.041845589707,0.0005610958791294675,0.12611074689974788,0.0,0.249997162536595,0.249997162536595,0.249997162536595,0.249997162536595,1.1349853619981923e-05,0.12611074689974788,29.579583589990687
2025-07-10 06:00:00+00:00,9484.04323570913,1.4657457703388913e-07,-0.017962817669082233,0.9998070833998003,4.539168664494293e-05,4.539168664494293e-05,4.539168664494293e-05,4.539168664494293e-05,0.9998184332534202,-0.017962817669082233,29.561620772321604
2025-07-10 08:00:00+00:00,9484.04593608233,2.8472805665704e-07,-0.01788191264647179,0.0,4.539168664494293e-05,4.539168664494293e-05,4.539168664494293e-05,4.539168664494293e-05,0.9998184332534202,-0.01788191264647179,29.54373885967513
2025-07-10 10:00:00+00:00,9465.726693578063,-0.0019315851723758317,-0.5223893223300846,0.9998070833998003,0.249997162536595,0.249997162536595,0.249997162536595,0.249997162536595,1.1349853619981923e-05,-0.5223893223300846,29.021349537345046
2025-07-10 12:00:00+00:00,9461.923163073792,-0.0004018212893099518,-0.12096195161868833,0.0,0.249997162536595,0.249997162536595,0.249997162536595,0.249997162536595,1.1349853619981923e-05,-0.12096195161868833,28.900387585726357
2025-07-10 14:00:00+00:00,9461.92214799304,-1.0728059551983879e-07,-0.01632142225700019,0.9998070833998003,4.539168664494293e-05,4.539168664494293e-05,4.539168664494293e-05,4.539168664494293e-05,0.9998184332534202,-0.01632142225700019,28.884066163469356
2025-07-10 16:00:00+00:00,9468.693936659656,0.0007156884785880612,0.1696635362464367,0.9998070833998003,0.249997162536595,0.249997162536595,0.249997162536595,0.249997162536595,1.1349853619981923e-05,0.1696635362464367,29.05372969971579
2025-07-10 18:00:00+00:00,9632.804637604235,0.017331925822334962,4.1699073991396824,0.0,0.249997162536595,0.249997162536595,0.249997162536595,0.249997162536595,1.1349853619981923e-05,4.1699073991396824,33.22363709885548
2025-07-10 20:00:00+00:00,9632.800793450173,-3.9906903602022777e-07,-0.026818523996995896,0.9998070833998003,4.539168664494293e-05,4.539168664494293e-05,4.539168664494293e-05,4.539168664494293e-05,0.9998184332534202,-0.026818523996995896,33.19681857485848
2025-07-10 22:00:00+00:00,9920.311681925137,0.029847070923594468,5.975467283120732,0.9998070833998003,0.249997162536595,0.249997162536595,0.249997162536595,0.249997162536595,1.1349853619981923e-05,5.975467283120732,39.17228585797922
2025-07-11 00:00:00+00:00,9920.308301398045,-3.4076823397116774e-07,-0.04037928653005633,0.9998070833998003,4.539168664494293e-05,4.539168664494293e-05,4.539168664494293e-05,4.539168664494293e-05,0.9998184332534202,-0.04037928653005633,39.131906571449164
2025-07-11 02:00:00+00:00,9920.311386242047,3.109625132098097e-07,-0.040130511129287234,0.0,4.539168664494293e-05,4.539168664494293e-05,4.539168664494293e-05,4.539168664494293e-05,0.9998184332534202,-0.040130511129287234,39.09177606031988
2025-07-11 04:00:00+00:00,9966.556797366069,0.004661689469562098,0.9633318633713056,0.9998070833998003,0.249997162536595,0.249997162536595,0.249997162536595,0.249997162536595,1.1349853619981923e-05,0.9633318633713056,40.05510792369119
2025-07-11 06:00:00+00:00,10043.154135744995,0.007685436398573339,1.5602380695715903,0.0,0.249997162536595,0.249997162536595,0.249997162536595,0.249997162536595,1.1349853619981923e-05,1.5602380695715903,41.61534599326278
2025-07-11 08:00:00+00:00,10043.136941346218,-1.712051666734526e-06,-0.04691705038938144,0.9998070833998003,4.539168664494293e-05,4.539168664494293e-05,4.539168664494293e-05,4.539168664494293e-05,0.9998184332534202,-0.04691705038938144,41.568428942873396
2025-07-11 10:00:00+00:00,10043.154597194763,1.7580013742284703e-06,-0.046018007130920094,0.0,4.539168664494293e-05,4.539168664494293e-05,4.539168664494293e-05,4.539168664494293e-05,0.9998184332534202,-0.046018007130920094,41.52241093574248
2025-07-11 12:00:00+00:00,9992.197455060486,-0.005073818354693979,-1.2478626060413487,0.9998070833998003,0.249997162536595,0.249997162536595,0.249997162536595,0.249997162536595,1.1349853619981923e-05,-1.2478626060413487,40.274548329701126
2025-07-11 14:00:00+00:00,10059.631960830018,0.006748716293169314,1.376217580346363,0.0,0.249997162536595,0.249997162536595,0.249997162536595,0.249997162536595,1.1349853619981923e-05,1.376217580346363,41.65076591004749
2025-07-11 16:00:00+00:00,10059.616264904767,-1.5602882204910925e-06,-0.04697126357949401,0.9998070833998003,4.539168664494293e-05,4.539168664494293e-05,4.539168664494293e-05,4.539168664494293e-05,0.9998184332534202,-0.04697126357949401,41.603794646467996
2025-07-11 18:00:00+00:00,10140.530668045783,0.008043488042710272,1.614365669795,0.9998070833998003,0.249997162536595,0.249997162536595,0.249997162536595,0.249997162536595,1.1349853619981923e-05,1.614365669795,43.218160316262995
2025-07-11 20:00:00+00:00,10168.858232821245,0.0027934992460232305,0.5564712828892678,0.0,0.249997162536595,0.249997162536595,0.249997162536595,0.249997162536595,1.1349853619981923e-05,0.5564712828892678,43.774631599152265
2025-07-11 22:00:00+00:00,10168.834085737446,-2.374611116158098e-06,-0.05260247356615854,0.9998070833998003,4.539168664494293e-05,4.539168664494293e-05,4.539168664494293e-05,4.539168664494293e-05,0.9998184332534202,-0.05260247356615854,43.722029125586104
2025-07-12 00:00:00+00:00,10158.765489207139,-0.000990142669790367,-0.27752738188949583,0.9998070833998003,0.249997162536595,0.249997162536595,0.249997162536595,0.249997162536595,1.1349853619981923e-05,-0.27752738188949583,43.444501743696605
2025-07-12 02:00:00+00:00,10197.160482290823,0.0037794939871853227,0.7658604082337398,0.0,0.249997162536595,0.249997162536595,0.249997162536595,0.249997162536595,1.1349853619981923e-05,0.7658604082337398,44.21036215193035
2025-07-12 04:00:00+00:00,10205.559739576162,0.0008236858976503266,0.13132512345427524,0.0,0.249997162536595,0.249997162536595,0.249997162536595,0.249997162536595,1.1349853619981923e-05,0.13132512345427524,44.34168727538462
2025-07-12 06:00:00+00:00,10205.5474784277,-1.2014185184617965e-06,-0.053807315011571266,0.9998070833998003,4.539168664494293e-05,4.539168664494293e-05,4.539168664494293e-05,4.539168664494293e-05,0.9998184332534202,-0.053807315011571266,44.287879960373054
2025-07-12 08:00:00+00:00,10222.437332550775,0.001654967963137392,0.3155191700301591,0.9998070833998003,0.249997162536595,0.249997162536595,0.249997162536595,0.249997162536595,1.1349853619981923e-05,0.3155191700301591,44.60339913040321
2025-07-12 10:00:00+00:00,10222.442396537912,4.953796216453348e-07,-0.0541004258680862,0.9998070833998003,4.539168664494293e-05,4.539168664494293e-05,4.539168664494293e-05,4.539168664494293e-05,0.9998184332534202,-0.0541004258680862,44.549298704535126
2025-07-12 12:00:00+00:00,10222.437393036507,-4.894624210579025e-07,-0.05418510730013032,0.0,4.539168664494293e-05,4.539168664494293e-05,4.539168664494293e-05,4.539168664494293e-05,0.9998184332534202,-0.05418510730013032,44.495113597235
2025-07-12 14:00:00+00:00,10222.42481293905,-1.2306358037456326e-06,-0.054214875208798294,0.0,4.539168664494293e-05,4.539168664494293e-05,4.539168664494293e-05,4.539168664494293e-05,0.9998184332534202,-0.054214875208798294,44.4408987220262
2025-07-12 16:00:00+00:00,10132.297425249018,-0.008816634931465048,-2.2911828920488717,0.9998070833998003,0.249997162536595,0.249997162536595,0.249997162536595,0.249997162536595,1.1349853619981923e-05,-2.2911828920488717,42.149715829977325
2025-07-12 18:00:00+00:00,10132.312738144838,1.511295531065626e-06,-0.04760182649992134,0.9998070833998003,4.539168664494293e-05,4.539168664494293e-05,4.539168664494293e-05,4.539168664494293e-05,0.9998184332534202,-0.04760182649992134,42.1021140034774
2025-07-12 20:00:00+00:00,10132.313994974971,1.2404178259147328e-07,-0.04779449026979078,0.0,4.539168664494293e-05,4.539168664494293e-05,4.539168664494293e-05,4.539168664494293e-05,0.9998184332534202,-0.04779449026979078,42.05431951320761
2025-07-12 22:00:00+00:00,10132.312376017508,-1.597816119563127e-07,-0.047736356730487275,0.0,4.539168664494293e-05,4.539168664494293e-05,4.539168664494293e-05,4.539168664494293e-05,0.9998184332534202,-0.047736356730487275,42.00658315647712
2025-07-13 00:00:00+00:00,10143.083595118822,0.001063056358863124,0.192922086495998,0.9998070833998003,0.249997162536595,0.249997162536595,0.249997162536595,0.249997162536595,1.1349853619981923e-05,0.192922086495998,42.19950524297312
2025-07-13 02:00:00+00:00,10143.089885918229,6.20205813009781e-07,-0.04793160179995545,0.9998070833998003,4.539168664494293e-05,4.539168664494293e-05,4.539168664494293e-05,4.539168664494293e-05,0.9998184332534202,-0.04793160179995545,42.151573641173165
2025-07-13 04:00:00+00:00,10143.089145858767,-7.296193468829605e-08,-0.04796743132439812,0.0,4.539168664494293e-05,4.539168664494293e-05,4.539168664494293e-05,4.539168664494293e-05,0.9998184332534202,-0.04796743132439812,42.10360620984877
2025-07-13 06:00:00+00:00,10143.09404398209,4.829025212353306e-07,-0.04771601497461293,0.0,4.539168664494293e-05,4.539168664494293e-05,4.539168664494293e-05,4.539168664494293e-05,0.9998184332534202,-0.04771601497461293,42.05589019487416
2025-07-13 08:00:00+00:00,10143.099693504066,5.56982115411994e-07,-0.04757597614619268,0.0,4.539168664494293e-05,4.539168664494293e-05,4.539168664494293e-05,4.539168664494293e-05,0.9998184332534202,-0.04757597614619268,42.00831421872797
2025-07-13 10:00:00+00:00,10143.095135150346,-4.4940440869015015e-07,-0.0476865346575004,0.0,4.539168664494293e-05,4.539168664494293e-05,4.539168664494293e-05,4.539168664494293e-05,0.9998184332534202,-0.0476865346575004,41.96062768407047
2025-07-13 12:00:00+00:00,10143.103243842059,7.994297207555865e-07,-0.04727423242585921,0.0,4.539168664494293e-05,4.539168664494293e-05,4.539168664494293e-05,4.539168664494293e-05,0.9998184332534202,-0.04727423242585921,41.91335345164461
2025-07-13 14:00:00+00:00,10192.16133712893,0.004836596070009935,1.0201559792127393,0.9998070833998003,0.249997162536595,0.249997162536595,0.249997162536595,0.249997162536595,1.1349853619981923e-05,1.0201559792127393,42.93350943085735
2025-07-13 16:00:00+00:00,10192.165492528193,4.077054047149287e-07,-0.04986530287942366,0.9998070833998003,4.539168664494293e-05,4.539168664494293e-05,4.539168664494293e-05,4.539168664494293e-05,0.9998184332534202,-0.04986530287942366,42.883644127977924
2025-07-13 18:00:00+00:00,10192.165071410234,-4.131781009648667e-08,-0.049841477419342445,0.0,4.539168664494293e-05,4.539168664494293e-05,4.539168664494293e-05,4.539168664494293e-05,0.9998184332534202,-0.049841477419342445,42.83380265055858
2025-07-13 20:00:00+00:00,10204.404139663646,0.0012008310469523412,0.22764019403222582,0.9998070833998003,0.249997162536595,0.249997162536595,0.249997162536595,0.249997162536595,1.1349853619981923e-05,0.22764019403222582,43.06144284459081
2025-07-13 22:00:00+00:00,10133.901382543385,-0.006909051832455635,-1.8007000774358588,0.0,0.249997162536595,0.249997162536595,0.249997162536595,0.249997162536595,1.1349853619981923e-05,-1.8007000774358588,41.26074276715495
2025-07-14 00:00:00+00:00,10133.904052334083,2.6345141897528824e-07,-0.045629560668525714,0.9998070833998003,4.539168664494293e-05,4.539168664494293e-05,4.539168664494293e-05,4.539168664494293e-05,0.9998184332534202,-0.045629560668525714,41.21511320648643
2025-07-14 02:00:00+00:00,10133.905430559147,1.3600139251277998e-07,-0.04554219115080867,0.0,4.539168664494293e-05,4.539168664494293e-05,4.539168664494293e-05,4.539168664494293e-05,0.9998184332534202,-0.04554219115080867,41.16957101533562
2025-07-14 04:00:00+00:00,10293.837932904566,0.01578192173208337,3.0467394012608384,0.9998070833998003,0.249997162536595,0.249997162536595,0.249997162536595,0.249997162536595,1.1349853619981923e-05,3.0467394012608384,44.21631041659646
2025-07-14 06:00:00+00:00,10293.846143263632,7.975994104309154e-07,-0.0529156340136873,0.9998070833998003,4.539168664494293e-05,4.539168664494293e-05,4.539168664494293e-05,4.539168664494293e-05,0.9998184332534202,-0.0529156340136873,44.16339478258277
2025-07-14 08:00:00+00:00,10293.85492740292,8.533388944939432e-07,-0.052765605035974196,0.0,4.539168664494293e-05,4.539168664494293e-05,4.539168664494293e-05,4.539168664494293e-05,0.9998184332534202,-0.052765605035974196,44.1106291775468
2025-07-14 10:00:00+00:00,10265.147265690302,-0.0027888154549560395,-0.7140265234670384,0.9998070833998003,0.249997162536595,0.249997162536595,0.249997162536595,0.249997162536595,1.1349853619981923e-05,-0.7140265234670384,43.39660265407976
2025-07-14 12:00:00+00:00,10260.235324388485,-0.00047850665700975857,-0.1614781056677444,0.0,0.249997162536595,0.249997162536595,0.249997162536595,0.249997162536595,1.1349853619981923e-05,-0.1614781056677444,43.23512454841201
2025-07-14 14:00:00+00:00,10260.237037625357,1.6697832148142682e-07,-0.0505261426168922,0.9998070833998003,4.539168664494293e-05,4.539168664494293e-05,4.539168664494293e-05,4.539168664494293e-05,0.9998184332534202,-0.0505261426168922,43.184598405795114
2025-07-14 16:00:00+00:00,10260.207994092578,-2.8306882844295458e-06,-0.05108750674255537,0.0,4.539168664494293e-05,4.539168664494293e-05,4.539168664494293e-05,4.539168664494293e-05,0.9998184332534202,-0.05108750674255537,43.13351089905256
2025-07-14 18:00:00+00:00,10267.005194984404,0.0006624817835798245,0.1017876910925776,0.9998070833998003,0.249997162536595,0.249997162536595,0.249997162536595,0.249997162536595,1.1349853619981923e-05,0.1017876910925776,43.235298590145135
2025-07-14 20:00:00+00:00,10229.62343909382,-0.0036409600638797474,-0.9299285701861664,0.0,0.249997162536595,0.249997162536595,0.249997162536595,0.249997162536595,1.1349853619981923e-05,-0.9299285701861664,42.30537001995897
2025-07-14 22:00:00+00:00,10229.628352832804,4.803440725557947e-07,-0.04806244778444194,0.9998070833998003,4.539168664494293e-05,4.539168664494293e-05,4.539168664494293e-05,4.539168664494293e-05,0.9998184332534202,-0.04806244778444194,42.25730757217453
2025-07-15 00:00:00+00:00,10225.780687829123,-0.00037612950060060616,-0.13579763766145855,0.9998070833998003,0.249997162536595,0.249997162536595,0.249997162536595,0.249997162536595,1.1349853619981923e-05,-0.13579763766145855,42.12150993451307
2025-07-15 02:00:00+00:00,10097.97664417863,-0.012498218723056198,-3.351655662715789,0.0,0.249997162536595,0.249997162536595,0.249997162536595,0.249997162536595,1.1349853619981923e-05,-3.351655662715789,38.769854271797286
2025-07-15 04:00:00+00:00,9980.755367368927,-0.011608392546370137,-2.953667262741035,0.0,0.249997162536595,0.249997162536595,0.249997162536595,0.249997162536595,1.1349853619981923e-05,-2.953667262741035,35.81618700905625
2025-07-15 06:00:00+00:00,10032.831668738898,0.005217671353836658,1.0929690452497904,0.0,0.249997162536595,0.249997162536595,0.249997162536595,0.249997162536595,1.1349853619981923e-05,1.0929690452497904,36.90915605430604
2025-07-15 08:00:00+00:00,10032.827293963603,-4.3604591788743933e-07,-0.03480370926220361,0.9998070833998003,4.539168664494293e-05,4.539168664494293e-05,4.539168664494293e-05,4.539168664494293e-05,0.9998184332534202,-0.03480370926220361,36.87435234504383
2025-07-15 10:00:00+00:00,10032.827160347708,-1.3317870464175548e-08,-0.03462070925291541,0.0,4.539168664494293e-05,4.539168664494293e-05,4.539168664494293e-05,4.539168664494293e-05,0.9998184332534202,-0.03462070925291541,36.83973163579092
2025-07-15 12:00:00+00:00,10032.83102199415,3.8490112312192384e-07,-0.03444322674809371,0.0,4.539168664494293e-05,4.539168664494293e-05,4.539168664494293e-05,4.539168664494293e-05,0.9998184332534202,-0.03444322674809371,36.805288409042824
2025-07-15 14:00:00+00:00,10158.679362903944,0.012543651999511077,2.5230246195527926,0.9998070833998003,0.249997162536595,0.249997162536595,0.249997162536595,0.249997162536595,1.1349853619981923e-05,2.5230246195527926,39.328313028595616
2025-07-15 16:00:00+00:00,10158.668151356522,-1.1036422177504047e-06,-0.04100723802542822,0.9998070833998003,4.539168664494293e-05,4.539168664494293e-05,4.539168664494293e-05,4.539168664494293e-05,0.9998184332534202,-0.04100723802542822,39.28730579057019
2025-07-15 18:00:00+00:00,10158.694356838394,2.579617867256587e-06,-0.04008207592646686,0.0,4.539168664494293e-05,4.539168664494293e-05,4.539168664494293e-05,4.539168664494293e-05,0.9998184332534202,-0.04008207592646686,39.24722371464372
2025-07-15 20:00:00+00:00,10158.678231315442,-1.5873617599630624e-06,-0.040909606188966455,0.0,4.539168664494293e-05,4.539168664494293e-05,4.539168664494293e-05,4.539168664494293e-05,0.9998184332534202,-0.040909606188966455,39.20631410845475
2025-07-15 22:00:00+00:00,10158.697097209006,1.8571208906971163e-06,-0.04003442069615716,0.0,4.539168664494293e-05,4.539168664494293e-05,4.539168664494293e-05,4.539168664494293e-05,0.9998184332534202,-0.04003442069615716,39.16627968775859
2025-07-16 00:00:00+00:00,10158.707438361553,1.017960516762086e-06,-0.04011970683168698,0.0,4.539168664494293e-05,4.539168664494293e-05,4.539168664494293e-05,4.539168664494293e-05,0.9998184332534202,-0.04011970683168698,39.1261599809269
2025-07-16 02:00:00+00:00,10158.708317907929,8.658054006540955e-08,-0.04022647424272123,0.0,4.539168664494293e-05,4.539168664494293e-05,4.539168664494293e-05,4.539168664494293e-05,0.9998184332534202,-0.04022647424272123,39.08593350668418
2025-07-16 04:00:00+00:00,10099.198694572235,-0.005857991141530285,-1.4310706387782115,0.9998070833998003,0.249997162536595,0.249997162536595,0.249997162536595,0.249997162536595,1.1349853619981923e-05,-1.4310706387782115,37.65486286790597
2025-07-16 06:00:00+00:00,10143.60326785951,0.0043968412376261595,0.917280337823731,0.0,0.249997162536595,0.249997162536595,0.249997162536595,0.249997162536595,1.1349853619981923e-05,0.917280337823731,38.5721432057297
2025-07-16 08:00:00+00:00,10191.542552921124,0.004726060729673102,0.9821218038501254,0.0,0.249997162536595,0.249997162536595,0.249997162536595,0.249997162536595,1.1349853619981923e-05,0.9821218038501254,39.55426500957983
2025-07-16 10:00:00+00:00,10255.471658699375,0.00627276052141167,1.2913724029397242,0.0,0.249997162536595,0.249997162536595,0.249997162536595,0.249997162536595,1.1349853619981923e-05,1.2913724029397242,40.84563741251955
2025-07-16 12:00:00+00:00,10255.464897284806,-6.592982550131161e-07,-0.04479134992756971,0.9998070833998003,4.539168664494293e-05,4.539168664494293e-05,4.539168664494293e-05,4.539168664494293e-05,0.9998184332534202,-0.04479134992756971,40.80084606259198
2025-07-16 14:00:00+00:00,10286.761912849495,0.003051740304135208,0.623770570396256,0.9998070833998003,0.249997162536595,0.249997162536595,0.249997162536595,0.249997162536595,1.1349853619981923e-05,0.623770570396256,41.42461663298823
2025-07-16 16:00:00+00:00,10357.348010864416,0.006861838410661678,1.397914941573975,0.0,0.249997162536595,0.249997162536595,0.249997162536595,0.249997162536595,1.1349853619981923e-05,1.397914941573975,42.822531574562205
2025-07-16 18:00:00+00:00,10357.373993034978,2.5085736750956397e-06,-0.04914258481790329,0.9998070833998003,4.539168664494293e-05,4.539168664494293e-05,4.539168664494293e-05,4.539168664494293e-05,0.9998184332534202,-0.04914258481790329,42.773388989744305
2025-07-16 20:00:00+00:00,10397.700944863673,0.0038935498376145225,0.7947773760479065,0.9998070833998003,0.249997162536595,0.249997162536595,0.249997162536595,0.249997162536595,1.1349853619981923e-05,0.7947773760479065,43.56816636579221
2025-07-16 22:00:00+00:00,10397.706165949347,5.021384728886201e-07,-0.051518107742076234,0.9998070833998003,4.539168664494293e-05,4.539168664494293e-05,4.539168664494293e-05,4.539168664494293e-05,0.9998184332534202,-0.051518107742076234,43.51664825805013
2025-07-17 00:00:00+00:00,10324.62003737996,-0.007029062699302918,-1.7778020932016958,0.9998070833998003,0.249997162536595,0.249997162536595,0.249997162536595,0.249997162536595,1.1349853619981923e-05,-1.7778020932016958,41.73884616484844
2025-07-17 02:00:00+00:00,10324.612364379234,-7.431751190927265e-07,-0.04711872095093116,0.9998070833998003,4.539168664494293e-05,4.539168664494293e-05,4.539168664494293e-05,4.539168664494293e-05,0.9998184332534202,-0.04711872095093116,41.691727443897506
2025-07-17 04:00:00+00:00,10292.284498782454,-0.003131145698826898,-0.7792494778265824,0.9998070833998003,0.249997162536595,0.249997162536595,0.249997162536595,0.249997162536595,1.1349853619981923e-05,-0.7792494778265824,40.912477966070924
2025-07-17 06:00:00+00:00,10292.302758136102,1.7740817065550677e-06,-0.044429814437477136,0.9998070833998003,4.539168664494293e-05,4.539168664494293e-05,4.539168664494293e-05,4.539168664494293e-05,0.9998184332534202,-0.044429814437477136,40.868048151633445
2025-07-17 08:00:00+00:00,10382.568338971048,0.00877020264134676,1.7743315710660872,0.9998070833998003,0.249997162536595,0.249997162536595,0.249997162536595,0.249997162536595,1.1349853619981923e-05,1.7743315710660872,42.64237972269953
2025-07-17 10:00:00+00:00,10382.58463629579,1.569681432104233e-06,-0.04888868918933887,0.9998070833998003,4.539168664494293e-05,4.539168664494293e-05,4.539168664494293e-05,4.539168664494293e-05,0.9998184332534202,-0.04888868918933887,42.59349103351019
2025-07-17 12:00:00+00:00,10302.093257620958,-0.007752537686372095,-1.9538299190537636,0.9998070833998003,0.249997162536595,0.249997162536595,0.249997162536595,0.249997162536595,1.1349853619981923e-05,-1.9538299190537636,40.63966111445643
2025-07-17 14:00:00+00:00,10302.091965960703,-1.2537842771265703e-07,-0.04416827633419478,0.9998070833998003,4.539168664494293e-05,4.539168664494293e-05,4.539168664494293e-05,4.539168664494293e-05,0.9998184332534202,-0.04416827633419478,40.59549283812223
2025-07-17 16:00:00+00:00,10374.785404832086,0.007056182289147689,1.4381525086678242,0.9998070833998003,0.249997162536595,0.249997162536595,0.249997162536595,0.249997162536595,1.1349853619981923e-05,1.4381525086678242,42.03364534679006
2025-07-17 18:00:00+00:00,10374.786640176162,1.1907177140814669e-07,-0.04767518285284077,0.9998070833998003,4.539168664494293e-05,4.539168664494293e-05,4.539168664494293e-05,4.539168664494293e-05,0.9998184332534202,-0.04767518285284077,41.98597016393722
2025-07-17 20:00:00+00:00,10334.589412240204,-0.003874511286843636,-0.9572929475697268,0.9998070833998003,0.249997162536595,0.249997162536595,0.249997162536595,0.249997162536595,1.1349853619981923e-05,-0.9572929475697268,41.02867721636749
2025-07-17 22:00:00+00:00,10334.61017953791,2.009494221762482e-06,-0.04467246529387319,0.9998070833998003,4.539168664494293e-05,4.539168664494293e-05,4.539168664494293e-05,4.539168664494293e-05,0.9998184332534202,-0.04467246529387319,40.98400475107362
2025-07-18 00:00:00+00:00,10308.372902003504,-0.0025387776683008546,-0.6333905857748712,0.9998070833998003,0.249997162536595,0.249997162536595,0.249997162536595,0.249997162536595,1.1349853619981923e-05,-0.6333905857748712,40.35061416529875
2025-07-18 02:00:00+00:00,10308.416024260361,4.183226321648123e-06,-0.042442628529852235,0.9998070833998003,4.539168664494293e-05,4.539168664494293e-05,4.539168664494293e-05,4.539168664494293e-05,0.9998184332534202,-0.042442628529852235,40.308171536768896
2025-07-18 04:00:00+00:00,10393.65719810559,0.008269085535994716,1.68329483000697,0.9998070833998003,0.249997162536595,0.249997162536595,0.249997162536595,0.249997162536595,1.1349853619981923e-05,1.68329483000697,41.99146636677587
2025-07-18 06:00:00+00:00,10393.680473494465,2.2393839275121305e-06,-0.04706482368343435,0.9998070833998003,4.539168664494293e-05,4.539168664494293e-05,4.539168664494293e-05,4.539168664494293e-05,0.9998184332534202,-0.04706482368343435,41.94440154309243
2025-07-18 08:00:00+00:00,10263.881978922087,-0.012488212900462453,-3.245689233471577,0.9998070833998003,0.249997162536595,0.249997162536595,0.249997162536595,0.249997162536595,1.1349853619981923e-05,-3.245689233471577,38.69871230962086
2025-07-18 10:00:00+00:00,10263.897490727875,1.5113000928448099e-06,-0.038980593147318714,0.9998070833998003,4.539168664494293e-05,4.539168664494293e-05,4.539168664494293e-05,4.539168664494293e-05,0.9998184332534202,-0.038980593147318714,38.65973171647354
2025-07-18 12:00:00+00:00,10189.545723933774,-0.00724400909705778,-1.7501085614161531,0.9998070833998003,0.249997162536595,0.249997162536595,0.249997162536595,0.249997162536595,1.1349853619981923e-05,-1.7501085614161531,36.90962315505738
2025-07-18 14:00:00+00:00,10189.55144267981,5.612366037967751e-07,-0.03466766555652544,0.9998070833998003,4.539168664494293e-05,4.539168664494293e-05,4.539168664494293e-05,4.539168664494293e-05,0.9998184332534202,-0.03466766555652544,36.874955489500856
2025-07-18 16:00:00+00:00,9992.991232953407,-0.019290369240700295,-4.935905962909879,0.9998070833998003,0.249997162536595,0.249997162536595,0.249997162536595,0.249997162536595,1.1349853619981923e-05,-4.935905962909879,31.939049526590978
2025-07-18 18:00:00+00:00,10038.339142542962,0.004537971517478514,0.9179573561984582,0.0,0.249997162536595,0.249997162536595,0.249997162536595,0.249997162536595,1.1349853619981923e-05,0.9179573561984582,32.857006882789435
2025-07-18 20:00:00+00:00,9915.98566113982,-0.012188618023931935,-2.7769282676509826,0.0,0.249997162536595,0.249997162536595,0.249997162536595,0.249997162536595,1.1349853619981923e-05,-2.7769282676509826,30.08007861513845
2025-07-18 22:00:00+00:00,9915.984539340549,-1.1313038466910127e-07,-0.018253508815559448,0.9998070833998003,4.539168664494293e-05,4.539168664494293e-05,4.539168664494293e-05,4.539168664494293e-05,0.9998184332534202,-0.018253508815559448,30.061825106322893
2025-07-19 00:00:00+00:00,9910.478439778282,-0.0005552751257750331,-0.13466554379940066,0.9998070833998003,0.249997162536595,0.249997162536595,0.249997162536595,0.249997162536595,1.1349853619981923e-05,-0.13466554379940066,29.927159562523492
2025-07-19 02:00:00+00:00,9885.063684920946,-0.002564432687258294,-0.5611002987130014,0.0,0.249997162536595,0.249997162536595,0.249997162536595,0.249997162536595,1.1349853619981923e-05,-0.5611002987130014,29.36605926381049
2025-07-19 04:00:00+00:00,9885.082184910252,1.871509369711079e-06,-0.01604201792398132,0.9998070833998003,4.539168664494293e-05,4.539168664494293e-05,4.539168664494293e-05,4.539168664494293e-05,0.9998184332534202,-0.01604201792398132,29.35001724588651
2025-07-19 06:00:00+00:00,9885.082064697533,-1.216102362538297e-08,-0.01639758889608,0.0,4.539168664494293e-05,4.539168664494293e-05,4.539168664494293e-05,4.539168664494293e-05,0.9998184332534202,-0.01639758889608,29.33361965699043
2025-07-19 08:00:00+00:00,9864.672484452722,-0.0020646849577202787,-0.45551755441549113,0.9998070833998003,0.249997162536595,0.249997162536595,0.249997162536595,0.249997162536595,1.1349853619981923e-05,-0.45551755441549113,28.87810210257494
2025-07-19 10:00:00+00:00,9864.668093542097,-4.451146888449954e-07,-0.015303674800327469,0.9998070833998003,4.539168664494293e-05,4.539168664494293e-05,4.539168664494293e-05,4.539168664494293e-05,0.9998184332534202,-0.015303674800327469,28.86279842777461
2025-07-19 12:00:00+00:00,9864.667154896058,-9.515231831564137e-08,-0.015191265169260915,0.0,4.539168664494293e-05,4.539168664494293e-05,4.539168664494293e-05,4.539168664494293e-05,0.9998184332534202,-0.015191265169260915,28.84760716260535
2025-07-19 14:00:00+00:00,9864.665026150304,-2.1579499047300567e-07,-0.01517883951802086,0.0,4.539168664494293e-05,4.539168664494293e-05,4.539168664494293e-05,4.539168664494293e-05,0.9998184332534202,-0.01517883951802086,28.832428323087328
2025-07-19 16:00:00+00:00,9864.66197287291,-3.0951658131269097e-07,-0.015160835070961437,0.0,4.539168664494293e-05,4.539168664494293e-05,4.539168664494293e-05,4.539168664494293e-05,0.9998184332534202,-0.015160835070961437,28.817267488016366
2025-07-19 18:00:00+00:00,9864.66156167885,-4.168354286250251e-08,-0.015065708362734524,0.0,4.539168664494293e-05,4.539168664494293e-05,4.539168664494293e-05,4.539168664494293e-05,0.9998184332534202,-0.015065708362734524,28.802201779653632
2025-07-19 20:00:00+00:00,10173.533404940674,0.03131094172168025,6.0191741313585565,0.9998070833998003,0.249997162536595,0.249997162536595,0.249997162536595,0.249997162536595,1.1349853619981923e-05,6.0191741313585565,34.82137591101219
2025-07-19 22:00:00+00:00,10173.528451164939,-4.869277504105053e-07,-0.028918254752539466,0.9998070833998003,4.539168664494293e-05,4.539168664494293e-05,4.539168664494293e-05,4.539168664494293e-05,0.9998184332534202,-0.028918254752539466,34.79245765625965
2025-07-20 00:00:00+00:00,10214.901352319754,0.004066720936931051,0.7471304208016085,0.9998070833998003,0.249997162536595,0.249997162536595,0.249997162536595,0.249997162536595,1.1349853619981923e-05,0.7471304208016085,35.53958807706126
2025-07-20 02:00:00+00:00,10214.898948971288,-2.3527867615041165e-07,-0.030686208939780125,0.9998070833998003,4.539168664494293e-05,4.539168664494293e-05,4.539168664494293e-05,4.539168664494293e-05,0.9998184332534202,-0.030686208939780125,35.508901868121484
2025-07-20 04:00:00+00:00,10297.29361013786,0.008066125918442867,1.4748335315630354,0.9998070833998003,0.249997162536595,0.249997162536595,0.249997162536595,0.249997162536595,1.1349853619981923e-05,1.4748335315630354,36.98373539968452
2025-07-20 06:00:00+00:00,10297.308871679988,1.482092548388795e-06,-0.033995105625844686,0.9998070833998003,4.539168664494293e-05,4.539168664494293e-05,4.539168664494293e-05,4.539168664494293e-05,0.9998184332534202,-0.033995105625844686,36.94974029405868
2025-07-20 08:00:00+00:00,10297.317177349663,8.065864372746381e-07,-0.03404053541514891,0.0,4.539168664494293e-05,4.539168664494293e-05,4.539168664494293e-05,4.539168664494293e-05,0.9998184332534202,-0.03404053541514891,36.91569975864353
2025-07-20 10:00:00+00:00,10344.576626990809,0.004589491498338971,0.8404735257131027,0.9998070833998003,0.249997162536595,0.249997162536595,0.249997162536595,0.249997162536595,1.1349853619981923e-05,0.8404735257131027,37.75617328435663
2025-07-20 12:00:00+00:00,10339.101855350218,-0.0005292407643157142,-0.1407862468756163,0.0,0.249997162536595,0.249997162536595,0.249997162536595,0.249997162536595,1.1349853619981923e-05,-0.1407862468756163,37.615387037481014
2025-07-20 14:00:00+00:00,10339.108556245985,6.481119790893903e-07,-0.035760357499458606,0.9998070833998003,4.539168664494293e-05,4.539168664494293e-05,4.539168664494293e-05,4.539168664494293e-05,0.9998184332534202,-0.035760357499458606,37.57962667998156
2025-07-20 16:00:00+00:00,10370.116512099627,0.002999093750196684,0.5448513769221971,0.9998070833998003,0.249997162536595,0.249997162536595,0.249997162536595,0.249997162536595,1.1349853619981923e-05,0.5448513769221971,38.124478056903754
2025-07-20 18:00:00+00:00,10336.440730188937,-0.0032473870347933813,-0.6959146798854602,0.0,0.249997162536595,0.249997162536595,0.249997162536595,0.249997162536595,1.1349853619981923e-05,-0.6959146798854602,37.42856337701829
2025-07-20 20:00:00+00:00,10347.159806196027,0.0010370180884202093,0.1687801425278085,0.0,0.249997162536595,0.249997162536595,0.249997162536595,0.249997162536595,1.1349853619981923e-05,0.1687801425278085,37.5973435195461
2025-07-20 22:00:00+00:00,10368.143585730184,0.0020279748189055754,0.3616610180664206,0.0,0.249997162536595,0.249997162536595,0.249997162536595,0.249997162536595,1.1349853619981923e-05,0.3616610180664206,37.95900453761252
2025-07-21 00:00:00+00:00,10368.136047651975,-7.270422276819899e-07,-0.036909699754039585,0.9998070833998003,4.539168664494293e-05,4.539168664494293e-05,4.539168664494293e-05,4.539168664494293e-05,0.9998184332534202,-0.036909699754039585,37.92209483785848
2025-07-21 02:00:00+00:00,10339.811767088373,-0.002731858497363815,-0.5933353334765334,0.9998070833998003,0.249997162536595,0.249997162536595,0.249997162536595,0.249997162536595,1.1349853619981923e-05,-0.5933353334765334,37.32875950438195
2025-07-21 04:00:00+00:00,10432.836546079325,0.008996757492921682,1.6524539592217773,0.0,0.249997162536595,0.249997162536595,0.249997162536595,0.249997162536595,1.1349853619981923e-05,1.6524539592217773,38.98121346360373
2025-07-21 06:00:00+00:00,10484.824561641382,0.00498311416386525,0.9158378037821014,0.0,0.249997162536595,0.249997162536595,0.249997162536595,0.249997162536595,1.1349853619981923e-05,0.9158378037821014,39.897051267385834
2025-07-21 08:00:00+00:00,10484.83451323507,9.491426040157123e-07,-0.04148953849287093,0.9998070833998003,4.539168664494293e-05,4.539168664494293e-05,4.539168664494293e-05,4.539168664494293e-05,0.9998184332534202,-0.04148953849287093,39.855561728892965
2025-07-21 10:00:00+00:00,10484.826734639599,-7.418901520827866e-07,-0.04172139562346933,0.0,4.539168664494293e-05,4.539168664494293e-05,4.539168664494293e-05,4.539168664494293e-05,0.9998184332534202,-0.04172139562346933,39.813840333269496
2025-07-21 12:00:00+00:00,10484.825927318014,-7.699903928201704e-08,-0.04148185283629129,0.0,4.539168664494293e-05,4.539168664494293e-05,4.539168664494293e-05,4.539168664494293e-05,0.9998184332534202,-0.04148185283629129,39.772358480433205
2025-07-21 14:00:00+00:00,10484.834756103633,8.420536193368285e-07,-0.041191183109681534,0.0,4.539168664494293e-05,4.539168664494293e-05,4.539168664494293e-05,4.539168664494293e-05,0.9998184332534202,-0.041191183109681534,39.73116729732352
2025-07-21 16:00:00+00:00,10484.832277951144,-2.3635589382082036e-07,-0.0413029180046836,0.0,4.539168664494293e-05,4.539168664494293e-05,4.539168664494293e-05,4.539168664494293e-05,0.9998184332534202,-0.0413029180046836,39.68986437931884
2025-07-21 18:00:00+00:00,10484.813762074067,-1.7659678844225202e-06,-0.04150660872903654,0.0,4.539168664494293e-05,4.539168664494293e-05,4.539168664494293e-05,4.539168664494293e-05,0.9998184332534202,-0.04150660872903654,39.648357770589804
2025-07-21 20:00:00+00:00,10373.864000457555,-0.010581948724529817,-2.36900252583302,0.9998070833998003,0.249997162536595,0.249997162536595,0.249997162536595,0.249997162536595,1.1349853619981923e-05,-2.36900252583302,37.279355244756786
2025-07-21 22:00:00+00:00,10409.48771382708,0.0034339869279136153,0.6362190208248063,0.0,0.249997162536595,0.249997162536595,0.249997162536595,0.249997162536595,1.1349853619981923e-05,0.6362190208248063,37.91557426558159
2025-07-22 00:00:00+00:00,10441.89469883896,0.0031132161257881818,0.5738801442314053,0.0,0.249997162536595,0.249997162536595,0.249997162536595,0.249997162536595,1.1349853619981923e-05,0.5738801442314053,38.48945440981299
2025-07-22 02:00:00+00:00,10441.908385405754,1.3107359523480736e-06,-0.0378964774884733,0.9998070833998003,4.539168664494293e-05,4.539168664494293e-05,4.539168664494293e-05,4.539168664494293e-05,0.9998184332534202,-0.0378964774884733,38.45155793232452
2025-07-22 04:00:00+00:00,10328.687646876686,-0.01084291628983378,-2.4026062892047753,0.9998070833998003,0.249997162536595,0.249997162536595,0.249997162536595,0.249997162536595,1.1349853619981923e-05,-2.4026062892047753,36.04895164311974
2025-07-22 06:00:00+00:00,10264.904795524346,-0.006175310313660951,-1.3104067597863487,0.0,0.249997162536595,0.249997162536595,0.249997162536595,0.249997162536595,1.1349853619981923e-05,-1.3104067597863487,34.7385448833334
2025-07-22 08:00:00+00:00,10290.939535140446,0.0025362865155312496,0.4681867917862086,0.0,0.249997162536595,0.249997162536595,0.249997162536595,0.249997162536595,1.1349853619981923e-05,0.4681867917862086,35.206731675119606
2025-07-22 10:00:00+00:00,10290.9347353633,-4.664080602218781e-07,-0.03000594607378921,0.9998070833998003,4.539168664494293e-05,4.539168664494293e-05,4.539168664494293e-05,4.539168664494293e-05,0.9998184332534202,-0.03000594607378921,35.17672572904581
2025-07-22 12:00:00+00:00,10290.953796419235,1.8522181341642674e-06,-0.02946719280193933,0.0,4.539168664494293e-05,4.539168664494293e-05,4.539168664494293e-05,4.539168664494293e-05,0.9998184332534202,-0.02946719280193933,35.147258536243875
2025-07-22 14:00:00+00:00,10290.929370685795,-2.373515023333583e-06,-0.03023780608140867,0.0,4.539168664494293e-05,4.539168664494293e-05,4.539168664494293e-05,4.539168664494293e-05,0.9998184332534202,-0.03023780608140867,35.117020730162466
2025-07-22 16:00:00+00:00,10429.36261075647,0.01345196678397272,2.456169546955988,0.9998070833998003,0.249997162536595,0.249997162536595,0.249997162536595,0.249997162536595,1.1349853619981923e-05,2.456169546955988,37.57319027711846
2025-07-22 18:00:00+00:00,10505.748359774763,0.007324105208453715,1.341043092042199,0.0,0.249997162536595,0.249997162536595,0.249997162536595,0.249997162536595,1.1349853619981923e-05,1.341043092042199,38.914233369160655
2025-07-22 20:00:00+00:00,10505.739757933528,-8.187747260335771e-07,-0.039385423549177644,0.9998070833998003,4.539168664494293e-05,4.539168664494293e-05,4.539168664494293e-05,4.539168664494293e-05,0.9998184332534202,-0.039385423549177644,38.87484794561148
2025-07-22 22:00:00+00:00,10585.916777581391,0.007631734794050606,1.3868410897791836,0.9998070833998003,0.249997162536595,0.249997162536595,0.249997162536595,0.249997162536595,1.1349853619981923e-05,1.3868410897791836,40.26168903539066
2025-07-23 00:00:00+00:00,10585.934943255113,1.7160227218530324e-06,-0.04231094829209071,0.9998070833998003,4.539168664494293e-05,4.539168664494293e-05,4.539168664494293e-05,4.539168664494293e-05,0.9998184332534202,-0.04231094829209071,40.21937808709857
2025-07-23 02:00:00+00:00,10585.94270891445,7.335827564678171e-07,-0.042397030480227714,0.0,4.539168664494293e-05,4.539168664494293e-05,4.539168664494293e-05,4.539168664494293e-05,0.9998184332534202,-0.042397030480227714,40.17698105661834
2025-07-23 04:00:00+00:00,10585.934936585478,-7.342122648313224e-07,-0.042580485748633344,0.0,4.539168664494293e-05,4.539168664494293e-05,4.539168664494293e-05,4.539168664494293e-05,0.9998184332534202,-0.042580485748633344,40.13440057086971
2025-07-23 06:00:00+00:00,10585.928570488348,-6.013731586635788e-07,-0.04244548733013788,0.0,4.539168664494293e-05,4.539168664494293e-05,4.539168664494293e-05,4.539168664494293e-05,0.9998184332534202,-0.04244548733013788,40.09195508353957
2025-07-23 08:00:00+00:00,10514.556822380118,-0.006742133921742119,-1.4662158952840507,0.9998070833998003,0.249997162536595,0.249997162536595,0.249997162536595,0.249997162536595,1.1349853619981923e-05,-1.4662158952840507,38.625739188255515
2025-07-23 10:00:00+00:00,10514.549712176971,-6.762247107372753e-07,-0.03862613106747103,0.9998070833998003,4.539168664494293e-05,4.539168664494293e-05,4.539168664494293e-05,4.539168664494293e-05,0.9998184332534202,-0.03862613106747103,38.58711305718804
2025-07-23 12:00:00+00:00,10588.252807599123,0.007009629269886477,1.2881726230737596,0.9998070833998003,0.249997162536595,0.249997162536595,0.249997162536595,0.249997162536595,1.1349853619981923e-05,1.2881726230737596,39.875285680261804
2025-07-23 14:00:00+00:00,10305.977787042859,-0.026659263401198428,-6.520721926655696,0.0,0.249997162536595,0.249997162536595,0.249997162536595,0.249997162536595,1.1349853619981923e-05,-6.520721926655696,33.35456375360611
2025-07-23 16:00:00+00:00,10438.766623849058,0.012884642248418976,2.224584330599325,0.0,0.249997162536595,0.249997162536595,0.249997162536595,0.249997162536595,1.1349853619981923e-05,2.224584330599325,35.579148084205436
2025-07-23 18:00:00+00:00,10303.982205616658,-0.012911910294504057,-2.593334272387904,0.0,0.249997162536595,0.249997162536595,0.249997162536595,0.249997162536595,1.1349853619981923e-05,-2.593334272387904,32.98581381181753
2025-07-23 20:00:00+00:00,10303.979946619369,-2.1923536389782817e-07,-0.02541637768946497,0.9998070833998003,4.539168664494293e-05,4.539168664494293e-05,4.539168664494293e-05,4.539168664494293e-05,0.9998184332534202,-0.02541637768946497,32.96039743412806
2025-07-23 22:00:00+00:00,10280.646289389657,-0.0022645285948337066,-0.4429090375054445,0.9998070833998003,0.249997162536595,0.249997162536595,0.249997162536595,0.249997162536595,1.1349853619981923e-05,-0.4429090375054445,32.51748839662262
2025-07-24 00:00:00+00:00,10280.660620890125,1.3940271909825951e-06,-0.023940023906588045,0.9998070833998003,4.539168664494293e-05,4.539168664494293e-05,4.539168664494293e-05,4.539168664494293e-05,0.9998184332534202,-0.023940023906588045,32.49354837271603
2025-07-24 02:00:00+00:00,10377.873534991986,0.009455901491809512,1.6370308991576557,0.9998070833998003,0.249997162536595,0.249997162536595,0.249997162536595,0.249997162536595,1.1349853619981923e-05,1.6370308991576557,34.130579271873685
2025-07-24 04:00:00+00:00,10377.862069546773,-1.1047971605777267e-06,-0.028444994163492027,0.9998070833998003,4.539168664494293e-05,4.539168664494293e-05,4.539168664494293e-05,4.539168664494293e-05,0.9998184332534202,-0.028444994163492027,34.10213427771019
2025-07-24 06:00:00+00:00,10377.812532010605,-4.773385484988541e-06,-0.0290452585297742,0.0,4.539168664494293e-05,4.539168664494293e-05,4.539168664494293e-05,4.539168664494293e-05,0.9998184332534202,-0.0290452585297742,34.073089019180415
2025-07-24 08:00:00+00:00,10503.408559851325,0.012102360439959454,2.0557027234923146,0.9998070833998003,0.249997162536595,0.249997162536595,0.249997162536595,0.249997162536595,1.1349853619981923e-05,2.0557027234923146,36.12879174267273
2025-07-24 10:00:00+00:00,10503.431363930595,2.1711122766717013e-06,-0.03285576917121439,0.9998070833998003,4.539168664494293e-05,4.539168664494293e-05,4.539168664494293e-05,4.539168664494293e-05,0.9998184332534202,-0.03285576917121439,36.09593597350152
2025-07-24 12:00:00+00:00,10503.43644212092,4.834791744432841e-07,-0.03307956024033816,0.0,4.539168664494293e-05,4.539168664494293e-05,4.539168664494293e-05,4.539168664494293e-05,0.9998184332534202,-0.03307956024033816,36.06285641326118
2025-07-24 14:00:00+00:00,10503.419797255632,-1.5847066223959489e-06,-0.03337396503371486,0.0,4.539168664494293e-05,4.539168664494293e-05,4.539168664494293e-05,4.539168664494293e-05,0.9998184332534202,-0.03337396503371486,36.02948244822746
2025-07-24 16:00:00+00:00,10683.758170496767,0.017169491148802188,2.7937734618432675,0.9998070833998003,0.249997162536595,0.249997162536595,0.249997162536595,0.249997162536595,1.1349853619981923e-05,2.7937734618432675,38.82325591007073
2025-07-24 18:00:00+00:00,10692.048399700438,0.0007759656360029522,0.09901925385370888,0.0,0.249997162536595,0.249997162536595,0.249997162536595,0.249997162536595,1.1349853619981923e-05,0.09901925385370888,38.92227516392444
2025-07-24 20:00:00+00:00,10692.045732702441,-2.4943751624262934e-07,-0.040259201334904786,0.9998070833998003,4.539168664494293e-05,4.539168664494293e-05,4.539168664494293e-05,4.539168664494293e-05,0.9998184332534202,-0.040259201334904786,38.882015962589534
2025-07-24 22:00:00+00:00,10665.618736587849,-0.002471650119655206,-0.4953626252429643,0.9998070833998003,0.249997162536595,0.249997162536595,0.249997162536595,0.249997162536595,1.1349853619981923e-05,-0.4953626252429643,38.38665333734657
2025-07-25 00:00:00+00:00,10610.363352507284,-0.005180701227488528,-1.0115629252529705,0.0,0.249997162536595,0.249997162536595,0.249997162536595,0.249997162536595,1.1349853619981923e-05,-1.0115629252529705,37.375090412093606
2025-07-25 02:00:00+00:00,10546.97911723124,-0.005973804399551102,-1.1600529666864379,0.0,0.249997162536595,0.249997162536595,0.249997162536595,0.249997162536595,1.1349853619981923e-05,-1.1600529666864379,36.21503744540717
2025-07-25 04:00:00+00:00,10546.942953033833,-3.4288678307922743e-06,-0.03395848260223858,0.9998070833998003,4.539168664494293e-05,4.539168664494293e-05,4.539168664494293e-05,4.539168664494293e-05,0.9998184332534202,-0.03395848260223858,36.18107896280493
2025-07-25 06:00:00+00:00,10609.10573591805,0.005893914773316937,0.9977308247872964,0.9998070833998003,0.249997162536595,0.249997162536595,0.249997162536595,0.249997162536595,1.1349853619981923e-05,0.9977308247872964,37.17880978759223
2025-07-25 08:00:00+00:00,10630.922776776179,0.0020564448504140354,0.33236848997818036,0.0,0.249997162536595,0.249997162536595,0.249997162536595,0.249997162536595,1.1349853619981923e-05,0.33236848997818036,37.51117827757041
2025-07-25 10:00:00+00:00,10630.959343501292,3.4396567335836467e-06,-0.036002822819954504,0.9998070833998003,4.539168664494293e-05,4.539168664494293e-05,4.539168664494293e-05,4.539168664494293e-05,0.9998184332534202,-0.036002822819954504,37.475175454750456
2025-07-25 12:00:00+00:00,10666.76993878238,0.0033685196343994565,0.5640312383172226,0.9998070833998003,0.249997162536595,0.249997162536595,0.249997162536595,0.249997162536595,1.1349853619981923e-05,0.5640312383172226,38.039206693067676
2025-07-25 14:00:00+00:00,10666.766496286238,-3.2273088855163034e-07,-0.03803184498729309,0.9998070833998003,4.539168664494293e-05,4.539168664494293e-05,4.539168664494293e-05,4.539168664494293e-05,0.9998184332534202,-0.03803184498729309,38.00117484808038
2025-07-25 16:00:00+00:00,10666.729855420317,-3.435049031294235e-06,-0.03850525810823446,0.0,4.539168664494293e-05,4.539168664494293e-05,4.539168664494293e-05,4.539168664494293e-05,0.9998184332534202,-0.03850525810823446,37.962669589972144
2025-07-25 18:00:00+00:00,10729.067235848534,0.005844094795045274,0.9925344724341625,0.9998070833998003,0.249997162536595,0.249997162536595,0.249997162536595,0.249997162536595,1.1349853619981923e-05,0.9925344724341625,38.95520406240631
2025-07-25 20:00:00+00:00,10729.0690010949,1.6452934142033327e-07,-0.04027459636140151,0.9998070833998003,4.539168664494293e-05,4.539168664494293e-05,4.539168664494293e-05,4.539168664494293e-05,0.9998184332534202,-0.04027459636140151,38.91492946604491
2025-07-25 22:00:00+00:00,10729.094899341291,2.413839112193981e-06,-0.03975741306608477,0.0,4.539168664494293e-05,4.539168664494293e-05,4.539168664494293e-05,4.539168664494293e-05,0.9998184332534202,-0.03975741306608477,38.875172052978826
2025-07-26 00:00:00+00:00,10729.102564409617,7.144189139826852e-07,-0.0399687364262969,0.0,4.539168664494293e-05,4.539168664494293e-05,4.539168664494293e-05,4.539168664494293e-05,0.9998184332534202,-0.0399687364262969,38.83520331655253
2025-07-26 02:00:00+00:00,10639.992616401596,-0.008305442833924823,-1.6703757700503112,0.9998070833998003,0.249997162536595,0.249997162536595,0.249997162536595,0.249997162536595,1.1349853619981923e-05,-1.6703757700503112,37.16482754650222
2025-07-26 04:00:00+00:00,10716.834323001643,0.007221969917685461,1.2320201754600903,0.0,0.249997162536595,0.249997162536595,0.249997162536595,0.249997162536595,1.1349853619981923e-05,1.2320201754600903,38.39684772196231
2025-07-26 06:00:00+00:00,10716.834447236044,1.1592453296841081e-08,-0.03889506343288175,0.9998070833998003,4.539168664494293e-05,4.539168664494293e-05,4.539168664494293e-05,4.539168664494293e-05,0.9998184332534202,-0.03889506343288175,38.35795265852943
2025-07-26 08:00:00+00:00,10716.833135137347,-1.2243342044827745e-07,-0.038820691842016426,0.0,4.539168664494293e-05,4.539168664494293e-05,4.539168664494293e-05,4.539168664494293e-05,0.9998184332534202,-0.038820691842016426,38.31913196668741
2025-07-26 10:00:00+00:00,10759.695353755402,0.003999522814022543,0.6803809763115183,0.9998070833998003,0.249997162536595,0.249997162536595,0.249997162536595,0.249997162536595,1.1349853619981923e-05,0.6803809763115183,38.999512942998926
2025-07-26 12:00:00+00:00,10759.690570412191,-4.4456121231277714e-07,-0.04051683918105132,0.9998070833998003,4.539168664494293e-05,4.539168664494293e-05,4.539168664494293e-05,4.539168664494293e-05,0.9998184332534202,-0.04051683918105132,38.958996103817874
2025-07-26 14:00:00+00:00,10759.69553714698,4.6160572693995963e-07,-0.04024528747496094,0.0,4.539168664494293e-05,4.539168664494293e-05,4.539168664494293e-05,4.539168664494293e-05,0.9998184332534202,-0.04024528747496094,38.918750816342914
2025-07-26 16:00:00+00:00,10741.495733858721,-0.0016914793941357228,-0.3592201341387592,0.9998070833998003,0.249997162536595,0.249997162536595,0.249997162536595,0.249997162536595,1.1349853619981923e-05,-0.3592201341387592,38.559530682204155
2025-07-26 18:00:00+00:00,10733.6744961603,-0.0007281330172451782,-0.17590404762497747,0.0,0.249997162536595,0.249997162536595,0.249997162536595,0.249997162536595,1.1349853619981923e-05,-0.17590404762497747,38.38362663457918
2025-07-26 20:00:00+00:00,10791.25475906368,0.005364450256431703,0.9260477396671846,0.0,0.249997162536595,0.249997162536595,0.249997162536595,0.249997162536595,1.1349853619981923e-05,0.9260477396671846,39.30967437424636
2025-07-26 22:00:00+00:00,10791.256735142975,1.831185842750457e-07,-0.04118924802109618,0.9998070833998003,4.539168664494293e-05,4.539168664494293e-05,4.539168664494293e-05,4.539168664494293e-05,0.9998184332534202,-0.04118924802109618,39.268485126225265
2025-07-27 00:00:00+00:00,10791.253385307562,-3.1042125075813147e-07,-0.041176635723636563,0.0,4.539168664494293e-05,4.539168664494293e-05,4.539168664494293e-05,4.539168664494293e-05,0.9998184332534202,-0.041176635723636563,39.22730849050163
2025-07-27 02:00:00+00:00,10791.260977731672,7.035720355563687e-07,-0.040880851772046076,0.0,4.539168664494293e-05,4.539168664494293e-05,4.539168664494293e-05,4.539168664494293e-05,0.9998184332534202,-0.040880851772046076,39.18642763872958
2025-07-27 04:00:00+00:00,10798.406262854958,0.0006621362543293897,0.08336490658610794,0.9998070833998003,0.249997162536595,0.249997162536595,0.249997162536595,0.249997162536595,1.1349853619981923e-05,0.08336490658610794,39.26979254531569
2025-07-27 06:00:00+00:00,10829.986770608763,0.0029245526594453767,0.499628054185621,0.0,0.249997162536595,0.249997162536595,0.249997162536595,0.249997162536595,1.1349853619981923e-05,0.499628054185621,39.76942059950131
2025-07-27 08:00:00+00:00,10791.321280156259,-0.0035702250862796893,-0.738204955986836,0.0,0.249997162536595,0.249997162536595,0.249997162536595,0.249997162536595,1.1349853619981923e-05,-0.738204955986836,39.03121564351447
2025-07-27 10:00:00+00:00,10737.121425152089,-0.005022541132552111,-1.0291228711523028,0.0,0.249997162536595,0.249997162536595,0.249997162536595,0.249997162536595,1.1349853619981923e-05,-1.0291228711523028,38.00209277236217
2025-07-27 12:00:00+00:00,10737.1328997031,1.0686803805449213e-06,-0.03769355375683681,0.9998070833998003,4.539168664494293e-05,4.539168664494293e-05,4.539168664494293e-05,4.539168664494293e-05,0.9998184332534202,-0.03769355375683681,37.96439921860533
2025-07-27 14:00:00+00:00,10737.132095891811,-7.486274922694942e-08,-0.03781431396463001,0.0,4.539168664494293e-05,4.539168664494293e-05,4.539168664494293e-05,4.539168664494293e-05,0.9998184332534202,-0.03781431396463001,37.9265849046407
2025-07-27 16:00:00+00:00,10825.585310710838,0.008238067114110412,1.4397333519776736,0.9998070833998003,0.249997162536595,0.249997162536595,0.249997162536595,0.249997162536595,1.1349853619981923e-05,1.4397333519776736,39.36631825661837
2025-07-27 18:00:00+00:00,10902.045797952787,0.0070629425612949185,1.2280076530899071,0.0,0.249997162536595,0.249997162536595,0.249997162536595,0.249997162536595,1.1349853619981923e-05,1.2280076530899071,40.594325909708274
2025-07-27 20:00:00+00:00,10902.045367381188,-3.9494568954554984e-08,-0.044501168613935875,0.9998070833998003,4.539168664494293e-05,4.539168664494293e-05,4.539168664494293e-05,4.539168664494293e-05,0.9998184332534202,-0.044501168613935875,40.54982474109434
2025-07-27 22:00:00+00:00,10902.053367308434,7.338005828676856e-07,-0.04423991622183688,0.0,4.539168664494293e-05,4.539168664494293e-05,4.539168664494293e-05,4.539168664494293e-05,0.9998184332534202,-0.04423991622183688,40.50558482487251
2025-07-28 00:00:00+00:00,10902.065093180963,1.0755655043449367e-06,-0.0440610163551764,0.0,4.539168664494293e-05,4.539168664494293e-05,4.539168664494293e-05,4.539168664494293e-05,0.9998184332534202,-0.0440610163551764,40.46152380851733
2025-07-28 02:00:00+00:00,10902.058410100297,-6.130105268113043e-07,-0.044270866690999215,0.0,4.539168664494293e-05,4.539168664494293e-05,4.539168664494293e-05,4.539168664494293e-05,0.9998184332534202,-0.044270866690999215,40.41725294182633
2025-07-28 04:00:00+00:00,10945.817450900073,0.00401383290693393,0.7005505451566989,0.9998070833998003,0.249997162536595,0.249997162536595,0.249997162536595,0.249997162536595,1.1349853619981923e-05,0.7005505451566989,41.11780348698303
2025-07-28 06:00:00+00:00,10945.83279704517,1.4020099610425485e-06,-0.045566546246761375,0.9998070833998003,4.539168664494293e-05,4.539168664494293e-05,4.539168664494293e-05,4.539168664494293e-05,0.9998184332534202,-0.045566546246761375,41.07223694073627
2025-07-28 08:00:00+00:00,10897.967856195024,-0.004372891650881729,-0.9201358702953025,0.9998070833998003,0.249997162536595,0.249997162536595,0.249997162536595,0.249997162536595,1.1349853619981923e-05,-0.9201358702953025,40.15210107044096
2025-07-28 10:00:00+00:00,10897.966457020064,-1.2838861138647643e-07,-0.043389304069772004,0.9998070833998003,4.539168664494293e-05,4.539168664494293e-05,4.539168664494293e-05,4.539168664494293e-05,0.9998184332534202,-0.043389304069772004,40.108711766371194
2025-07-28 12:00:00+00:00,10845.248698353824,-0.004837394102298899,-1.014300452125374,0.9998070833998003,0.249997162536595,0.249997162536595,0.249997162536595,0.249997162536595,1.1349853619981923e-05,-1.014300452125374,39.09441131424582
2025-07-28 14:00:00+00:00,10738.39833856891,-0.009852273816563773,-2.085585849373642,0.0,0.249997162536595,0.249997162536595,0.249997162536595,0.249997162536595,1.1349853619981923e-05,-2.085585849373642,37.008825464872174
2025-07-28 16:00:00+00:00,10659.63436358187,-0.0073347972857502886,-1.5069888062071397,0.0,0.249997162536595,0.249997162536595,0.249997162536595,0.249997162536595,1.1349853619981923e-05,-1.5069888062071397,35.501836658665034
2025-07-28 18:00:00+00:00,10611.543137837994,-0.0045115267657000885,-0.9142871760634973,0.0,0.249997162536595,0.249997162536595,0.249997162536595,0.249997162536595,1.1349853619981923e-05,-0.9142871760634973,34.58754948260154
2025-07-28 20:00:00+00:00,10615.043528627508,0.0003298663299056076,0.03344274902933939,0.0,0.249997162536595,0.249997162536595,0.249997162536595,0.249997162536595,1.1349853619981923e-05,0.03344274902933939,34.62099223163088
2025-07-28 22:00:00+00:00,10592.952986252598,-0.002081059989564159,-0.4314250181919431,0.0,0.249997162536595,0.249997162536595,0.249997162536595,0.249997162536595,1.1349853619981923e-05,-0.4314250181919431,34.189567213438934
2025-07-29 00:00:00+00:00,10592.950675021337,-2.1818573770729842e-07,-0.028320412036223618,0.9998070833998003,4.539168664494293e-05,4.539168664494293e-05,4.539168664494293e-05,4.539168664494293e-05,0.9998184332534202,-0.028320412036223618,34.16124680140271
2025-07-29 02:00:00+00:00,10550.469755869486,-0.004010300855268077,-0.8139097872915534,0.9998070833998003,0.249997162536595,0.249997162536595,0.249997162536595,0.249997162536595,1.1349853619981923e-05,-0.8139097872915534,33.34733701411116
2025-07-29 04:00:00+00:00,10550.483476669917,1.3004918972273936e-06,-0.025903438384937166,0.9998070833998003,4.539168664494293e-05,4.539168664494293e-05,4.539168664494293e-05,4.539168664494293e-05,0.9998184332534202,-0.025903438384937166,33.321433575726225
2025-07-29 06:00:00+00:00,10550.489564734014,5.770412428966176e-07,-0.025976604518421677,0.0,4.539168664494293e-05,4.539168664494293e-05,4.539168664494293e-05,4.539168664494293e-05,0.9998184332534202,-0.025976604518421677,33.295456971207805
2025-07-29 08:00:00+00:00,10550.498348908199,8.325845100199274e-07,-0.02586150409051741,0.0,4.539168664494293e-05,4.539168664494293e-05,4.539168664494293e-05,4.539168664494293e-05,0.9998184332534202,-0.02586150409051741,33.26959546711729
2025-07-29 10:00:00+00:00,10550.499908662689,1.4783704418797107e-07,-0.02592821513510607,0.0,4.539168664494293e-05,4.539168664494293e-05,4.539168664494293e-05,4.539168664494293e-05,0.9998184332534202,-0.02592821513510607,33.24366725198219
2025-07-29 12:00:00+00:00,10550.485271243946,-1.3873673162031309e-06,-0.026160229484346164,0.0,4.539168664494293e-05,4.539168664494293e-05,4.539168664494293e-05,4.539168664494293e-05,0.9998184332534202,-0.026160229484346164,33.21750702249784
2025-07-29 14:00:00+00:00,10550.480899693952,-4.1434586951141954e-07,-0.025905861723511718,0.0,4.539168664494293e-05,4.539168664494293e-05,4.539168664494293e-05,4.539168664494293e-05,0.9998184332534202,-0.025905861723511718,33.19160116077433
2025-07-29 16:00:00+00:00,10408.591698856997,-0.013448600323144592,-2.820261981099831,0.9998070833998003,0.249997162536595,0.249997162536595,0.249997162536595,0.249997162536595,1.1349853619981923e-05,-2.820261981099831,30.3713391796745
2025-07-29 18:00:00+00:00,10408.605379298577,1.314341265009283e-06,-0.01852556509251135,0.9998070833998003,4.539168664494293e-05,4.539168664494293e-05,4.539168664494293e-05,4.539168664494293e-05,0.9998184332534202,-0.01852556509251135,30.35281361458199
2025-07-29 20:00:00+00:00,10336.113498509423,-0.006964610353403442,-1.3901114980945481,0.9998070833998003,0.249997162536595,0.249997162536595,0.249997162536595,0.249997162536595,1.1349853619981923e-05,-1.3901114980945481,28.962702116487442
2025-07-29 22:00:00+00:00,10336.119301342189,5.6141341406388e-07,-0.0151440787048381,0.9998070833998003,4.539168664494293e-05,4.539168664494293e-05,4.539168664494293e-05,4.539168664494293e-05,0.9998184332534202,-0.0151440787048381,28.947558037782603
2025-07-30 00:00:00+00:00,10347.260456971573,0.0010778857426633382,0.1911784427427072,0.9998070833998003,0.249997162536595,0.249997162536595,0.249997162536595,0.249997162536595,1.1349853619981923e-05,0.1911784427427072,29.13873648052531
2025-07-30 02:00:00+00:00,10347.263814828044,3.245164731400087e-07,-0.015631674890447877,0.9998070833998003,4.539168664494293e-05,4.539168664494293e-05,4.539168664494293e-05,4.539168664494293e-05,0.9998184332534202,-0.015631674890447877,29.123104805634863
2025-07-30 04:00:00+00:00,10357.778969297073,0.0010162256087411707,0.17991878859000277,0.9998070833998003,0.249997162536595,0.249997162536595,0.249997162536595,0.249997162536595,1.1349853619981923e-05,0.17991878859000277,29.303023594224864
2025-07-30 06:00:00+00:00,10333.285878359029,-0.002364704924737838,-0.4770984705208941,0.0,0.249997162536595,0.249997162536595,0.249997162536595,0.249997162536595,1.1349853619981923e-05,-0.4770984705208941,28.82592512370397
2025-07-30 08:00:00+00:00,10333.288549233412,2.584729015799605e-07,-0.014858730796784781,0.9998070833998003,4.539168664494293e-05,4.539168664494293e-05,4.539168664494293e-05,4.539168664494293e-05,0.9998184332534202,-0.014858730796784781,28.811066392907186
2025-07-30 10:00:00+00:00,10333.281457157034,-6.863329465919968e-07,-0.015004937377107825,0.0,4.539168664494293e-05,4.539168664494293e-05,4.539168664494293e-05,4.539168664494293e-05,0.9998184332534202,-0.015004937377107825,28.79606145553008
2025-07-30 12:00:00+00:00,10333.264800469155,-1.611945629097594e-06,-0.015147957168418503,0.0,4.539168664494293e-05,4.539168664494293e-05,4.539168664494293e-05,4.539168664494293e-05,0.9998184332534202,-0.015147957168418503,28.78091349836166
2025-07-30 14:00:00+00:00,10344.004614844482,0.0010393437681804987,0.1876054332269298,0.9998070833998003,0.249997162536595,0.249997162536595,0.249997162536595,0.249997162536595,1.1349853619981923e-05,0.1876054332269298,28.96851893158859
2025-07-30 16:00:00+00:00,10423.897842510962,0.007723626452353532,1.4622818695606834,0.0,0.249997162536595,0.249997162536595,0.249997162536595,0.249997162536595,1.1349853619981923e-05,1.4622818695606834,30.430800801149275
2025-07-30 18:00:00+00:00,10423.902214927655,4.194608158887253e-07,-0.01884366115641943,0.9998070833998003,4.539168664494293e-05,4.539168664494293e-05,4.539168664494293e-05,4.539168664494293e-05,0.9998184332534202,-0.01884366115641943,30.411957139992854
2025-07-30 20:00:00+00:00,10423.883624781804,-1.783415219100165e-06,-0.01922745846274394,0.0,4.539168664494293e-05,4.539168664494293e-05,4.539168664494293e-05,4.539168664494293e-05,0.9998184332534202,-0.01922745846274394,30.39272968153011
2025-07-30 22:00:00+00:00,10423.889075245528,5.228822501079073e-07,-0.018727244815392816,0.0,4.539168664494293e-05,4.539168664494293e-05,4.539168664494293e-05,4.539168664494293e-05,0.9998184332534202,-0.018727244815392816,30.37400243671472
2025-07-31 00:00:00+00:00,10513.695040719726,0.008615399187954568,1.6229648988416105,0.9998070833998003,0.249997162536595,0.249997162536595,0.249997162536595,0.249997162536595,1.1349853619981923e-05,1.6229648988416105,31.996967335556327
2025-07-31 02:00:00+00:00,10513.700450374747,5.145341385851597e-07,-0.02274373794789938,0.9998070833998003,4.539168664494293e-05,4.539168664494293e-05,4.539168664494293e-05,4.539168664494293e-05,0.9998184332534202,-0.02274373794789938,31.97422359760843
2025-07-31 04:00:00+00:00,10555.62344801086,0.0039874635799253735,0.7471410933654797,0.9998070833998003,0.249997162536595,0.249997162536595,0.249997162536595,0.249997162536595,1.1349853619981923e-05,0.7471410933654797,32.72136469097391
2025-07-31 06:00:00+00:00,10558.999390688867,0.00031982409136095197,0.038197441093317144,0.0,0.249997162536595,0.249997162536595,0.249997162536595,0.249997162536595,1.1349853619981923e-05,0.038197441093317144,32.759562132067224
2025-07-31 08:00:00+00:00,10576.9784590547,0.0017027246333292396,0.30852405599531363,0.0,0.249997162536595,0.249997162536595,0.249997162536595,0.249997162536595,1.1349853619981923e-05,0.30852405599531363,33.06808618806254
2025-07-31 10:00:00+00:00,10576.985529647096,6.684888716409668e-07,-0.025413373643890784,0.9998070833998003,4.539168664494293e-05,4.539168664494293e-05,4.539168664494293e-05,4.539168664494293e-05,0.9998184332534202,-0.025413373643890784,33.042672814418644
2025-07-31 12:00:00+00:00,10481.208631943153,-0.009055216860747636,-1.9031388392308257,0.999701203905653,0.13425017288660926,0.2923336749810415,0.3341329683969504,0.23916595438763166,0.00011722934776736558,-1.9031388392308257,31.139533975187817
2025-07-31 14:00:00+00:00,10442.414548437333,-0.003701298663933518,-0.7608736011722222,0.12657819779894916,0.249997162536595,0.249997162536595,0.249997162536595,0.249997162536595,1.1349853619981923e-05,-0.7608736011722222,30.378660374015595
2025-07-31 16:00:00+00:00,10425.570308983766,-0.0016130598316544083,-0.338723015870359,0.0,0.249997162536595,0.249997162536595,0.249997162536595,0.249997162536595,1.1349853619981923e-05,-0.338723015870359,30.039937358145238
2025-07-31 18:00:00+00:00,10425.56654905317,-3.606450759397965e-07,-0.018029310582034552,0.9998070833998003,4.539168664494293e-05,4.539168664494293e-05,4.539168664494293e-05,4.539168664494293e-05,0.9998184332534202,-0.018029310582034552,30.021908047563205
2025-07-31 20:00:00+00:00,10341.683353703744,-0.008045912416821512,-1.6567505972516599,0.9998070833998003,0.249997162536595,0.249997162536595,0.249997162536595,0.249997162536595,1.1349853619981923e-05,-1.6567505972516599,28.365157450311546
2025-07-31 22:00:00+00:00,10314.729835040602,-0.0026062989690638716,-0.5312280218630836,0.0,0.249997162536595,0.249997162536595,0.249997162536595,0.249997162536595,1.1349853619981923e-05,-0.5312280218630836,27.833929428448464
2025-08-01 00:00:00+00:00,10198.111792757216,-0.011305971571569155,-2.3069328536437577,0.0,0.249997162536595,0.249997162536595,0.249997162536595,0.249997162536595,1.1349853619981923e-05,-2.3069328536437577,25.526996574804706
2025-08-01 02:00:00+00:00,10193.985500605246,-0.00040461334762977914,-0.0858347520469361,0.0,0.249997162536595,0.249997162536595,0.249997162536595,0.249997162536595,1.1349853619981923e-05,-0.0858347520469361,25.44116182275777
2025-08-01 04:00:00+00:00,10211.78544782649,0.0017461224778266228,0.3347759428399844,0.0,0.249997162536595,0.249997162536595,0.249997162536595,0.249997162536595,1.1349853619981923e-05,0.3347759428399844,25.775937765597757
2025-08-01 06:00:00+00:00,10211.772434035563,-1.2743893801216812e-06,-0.007602528478475693,0.9998070833998003,4.539168664494293e-05,4.539168664494293e-05,4.539168664494293e-05,4.539168664494293e-05,0.9998184332534202,-0.007602528478475693,25.76833523711928
2025-08-01 08:00:00+00:00,10211.764111637061,-8.149808032949041e-07,-0.007493686394247661,0.0,4.539168664494293e-05,4.539168664494293e-05,4.539168664494293e-05,4.539168664494293e-05,0.9998184332534202,-0.007493686394247661,25.760841550725033
2025-08-01 10:00:00+00:00,10140.625759595034,-0.006966313681390365,-1.3957554802552885,0.9998070833998003,0.249997162536595,0.249997162536595,0.249997162536595,0.249997162536595,1.1349853619981923e-05,-1.3957554802552885,24.365086070469744
2025-08-01 12:00:00+00:00,10215.185029409968,0.007352531449490178,1.4354331384197914,0.0,0.249997162536595,0.249997162536595,0.249997162536595,0.249997162536595,1.1349853619981923e-05,1.4354331384197914,25.800519208889536
2025-08-01 14:00:00+00:00,10215.16616582386,-1.846622068266822e-06,-0.0077751643938039185,0.9998070833998003,4.539168664494293e-05,4.539168664494293e-05,4.539168664494293e-05,4.539168664494293e-05,0.9998184332534202,-0.0077751643938039185,25.792744044495734
2025-08-01 16:00:00+00:00,10215.181204333956,1.4721747889682792e-06,-0.0071033054454606994,0.0,4.539168664494293e-05,4.539168664494293e-05,4.539168664494293e-05,4.539168664494293e-05,0.9998184332534202,-0.0071033054454606994,25.785640739050272
2025-08-01 18:00:00+00:00,10114.433235603385,-0.009862572842841805,-1.981570779251087,0.9998070833998003,0.249997162536595,0.249997162536595,0.249997162536595,0.249997162536595,1.1349853619981923e-05,-1.981570779251087,23.804069959799186
2025-08-01 20:00:00+00:00,10114.428995127588,-4.192499666838581e-07,-0.0025371250626738473,0.9998070833998003,4.539168664494293e-05,4.539168664494293e-05,4.539168664494293e-05,4.539168664494293e-05,0.9998184332534202,-0.0025371250626738473,23.801532834736513
2025-08-01 22:00:00+00:00,10114.43772254964,8.628684876746111e-07,-0.0022791533103669937,0.0,4.539168664494293e-05,4.539168664494293e-05,4.539168664494293e-05,4.539168664494293e-05,0.9998184332534202,-0.0022791533103669937,23.799253681426144
2025-08-02 00:00:00+00:00,10114.423755724747,-1.380880012813979e-06,-0.0027148334512331813,0.0,4.539168664494293e-05,4.539168664494293e-05,4.539168664494293e-05,4.539168664494293e-05,0.9998184332534202,-0.0027148334512331813,23.79653884797491
2025-08-02 02:00:00+00:00,10114.437741610409,1.3827664333132868e-06,-0.002163171486941537,0.0,4.539168664494293e-05,4.539168664494293e-05,4.539168664494293e-05,4.539168664494293e-05,0.9998184332534202,-0.002163171486941537,23.79437567648797
2025-08-02 04:00:00+00:00,10114.440331392869,2.560480894015491e-07,-0.0023800458778922506,0.0,4.539168664494293e-05,4.539168664494293e-05,4.539168664494293e-05,4.539168664494293e-05,0.9998184332534202,-0.0023800458778922506,23.791995630610078
2025-08-02 06:00:00+00:00,10114.441623949022,1.2779314639085283e-07,-0.0023994057989191664,0.0,4.539168664494293e-05,4.539168664494293e-05,4.539168664494293e-05,4.539168664494293e-05,0.9998184332534202,-0.0023994057989191664,23.78959622481116
2025-08-02 08:00:00+00:00,10101.458782458643,-0.0012835944852988676,-0.2578717531416622,0.9998070833998003,0.249997162536595,0.249997162536595,0.249997162536595,0.249997162536595,1.1349853619981923e-05,-0.2578717531416622,23.5317244716695
2025-08-02 10:00:00+00:00,10101.44819858666,-1.0477567855685133e-06,-0.001981413990536573,0.9998070833998003,4.539168664494293e-05,4.539168664494293e-05,4.539168664494293e-05,4.539168664494293e-05,0.9998184332534202,-0.001981413990536573,23.529743057678964
2025-08-02 12:00:00+00:00,10108.097296770373,0.0006582321715654778,0.12975245701398105,0.9998070833998003,0.249997162536595,0.249997162536595,0.249997162536595,0.249997162536595,1.1349853619981923e-05,0.12975245701398105,23.659495514692946
2025-08-02 14:00:00+00:00,10140.062756667521,0.003162361714440768,0.6306424257072315,0.0,0.249997162536595,0.249997162536595,0.249997162536595,0.249997162536595,1.1349853619981923e-05,0.6306424257072315,24.29013794040018
2025-08-02 16:00:00+00:00,10140.043361086244,-1.9127673805334605e-06,-0.004055771252636634,0.9998070833998003,4.539168664494293e-05,4.539168664494293e-05,4.539168664494293e-05,4.539168664494293e-05,0.9998184332534202,-0.004055771252636634,24.28608216914754
2025-08-02 18:00:00+00:00,10024.841595351267,-0.011361072298475425,-2.3082200096959142,0.9998070833998003,0.249997162536595,0.249997162536595,0.249997162536595,0.249997162536595,1.1349853619981923e-05,-2.3082200096959142,21.977862159451625
2025-08-02 20:00:00+00:00,9973.085407337217,-0.005162793598459436,-1.0235052653771444,0.0,0.249997162536595,0.249997162536595,0.249997162536595,0.249997162536595,1.1349853619981923e-05,-1.0235052653771444,20.95435689407448
2025-08-02 22:00:00+00:00,10036.722835452236,0.006380916789121355,1.28218945507271,0.0,0.249997162536595,0.249997162536595,0.249997162536595,0.249997162536595,1.1349853619981923e-05,1.28218945507271,22.23654634914719
2025-08-03 00:00:00+00:00,10036.719110115198,-3.7117065979310386e-07,0.0013328543206701723,0.9998070833998003,4.539168664494293e-05,4.539168664494293e-05,4.539168664494293e-05,4.539168664494293e-05,0.9998184332534202,0.0013328543206701723,22.23787920346786
2025-08-03 02:00:00+00:00,10107.258837404423,0.007028165929056768,1.4043483079098436,0.9998070833998003,0.249997162536595,0.249997162536595,0.249997162536595,0.249997162536595,1.1349853619981923e-05,1.4043483079098436,23.6422275113777
2025-08-03 04:00:00+00:00,10159.535832759011,0.005172222874230041,1.0236737441942094,0.0,0.249997162536595,0.249997162536595,0.249997162536595,0.249997162536595,1.1349853619981923e-05,1.0236737441942094,24.66590125557191
2025-08-03 06:00:00+00:00,10159.535763639686,-6.80339403793287e-09,-0.004659874340708916,0.9998070833998003,4.539168664494293e-05,4.539168664494293e-05,4.539168664494293e-05,4.539168664494293e-05,0.9998184332534202,-0.004659874340708916,24.6612413812312
2025-08-03 08:00:00+00:00,10159.542582712847,6.711992869356257e-07,-0.0045131229727744865,0.0,4.539168664494293e-05,4.539168664494293e-05,4.539168664494293e-05,4.539168664494293e-05,0.9998184332534202,-0.0045131229727744865,24.656728258258426
2025-08-03 10:00:00+00:00,10159.550003582634,7.304334546859113e-07,-0.004489656418422477,0.0,4.539168664494293e-05,4.539168664494293e-05,4.539168664494293e-05,4.539168664494293e-05,0.9998184332534202,-0.004489656418422477,24.652238601840004
2025-08-03 12:00:00+00:00,10159.55169438659,1.6642508319858658e-07,-0.004590989136594791,0.0,4.539168664494293e-05,4.539168664494293e-05,4.539168664494293e-05,4.539168664494293e-05,0.9998184332534202,-0.004590989136594791,24.64764761270341
2025-08-03 14:00:00+00:00,10159.554629493248,2.8890119827919143e-07,-0.004554824176583565,0.0,4.539168664494293e-05,4.539168664494293e-05,4.539168664494293e-05,4.539168664494293e-05,0.9998184332534202,-0.004554824176583565,24.643092788526825
2025-08-03 16:00:00+00:00,10159.554229047235,-3.9415705621399724e-08,-0.004609348497948329,0.0,4.539168664494293e-05,4.539168664494293e-05,4.539168664494293e-05,4.539168664494293e-05,0.9998184332534202,-0.004609348497948329,24.638483440028878
2025-08-03 18:00:00+00:00,10163.597511254511,0.0003979783085083576,0.07567474040589342,0.9998070833998003,0.249997162536595,0.249997162536595,0.249997162536595,0.249997162536595,1.1349853619981923e-05,0.07567474040589342,24.714158180434772
2025-08-03 20:00:00+00:00,10163.599386358388,1.8449214217470806e-07,-0.0047422835850196065,0.9998070833998003,4.539168664494293e-05,4.539168664494293e-05,4.539168664494293e-05,4.539168664494293e-05,0.9998184332534202,-0.0047422835850196065,24.70941589684975
2025-08-03 22:00:00+00:00,10163.60224293943,2.810599800797833e-07,-0.004710735441136546,0.0,4.539168664494293e-05,4.539168664494293e-05,4.539168664494293e-05,4.539168664494293e-05,0.9998184332534202,-0.004710735441136546,24.704705161408615
2025-08-04 00:00:00+00:00,10173.7387045374,0.0009973296234620358,0.19778231796837153,0.9998070833998003,0.249997162536595,0.249997162536595,0.249997162536595,0.249997162536595,1.1349853619981923e-05,0.19778231796837153,24.902487479376987
2025-08-04 02:00:00+00:00,10173.749984171258,1.108700958973628e-06,-0.005025824615120127,0.9998070833998003,4.539168664494293e-05,4.539168664494293e-05,4.539168664494293e-05,4.539168664494293e-05,0.9998184332534202,-0.005025824615120127,24.897461654761866
2025-08-04 04:00:00+00:00,10173.75444171785,4.381419436287908e-07,-0.005149657573622601,0.0,4.539168664494293e-05,4.539168664494293e-05,4.539168664494293e-05,4.539168664494293e-05,0.9998184332534202,-0.005149657573622601,24.892311997188244
2025-08-04 06:00:00+00:00,10146.22732383443,-0.0027056990652874844,-0.5609448182027366,0.9998070833998003,0.249997162536595,0.249997162536595,0.249997162536595,0.249997162536595,1.1349853619981923e-05,-0.5609448182027366,24.33136717898551
2025-08-04 08:00:00+00:00,10182.076511389798,0.003533252943303935,0.7189670373539584,0.0,0.249997162536595,0.249997162536595,0.249997162536595,0.249997162536595,1.1349853619981923e-05,0.7189670373539584,25.05033421633947
2025-08-04 10:00:00+00:00,10204.477088753749,0.0022000008877258235,0.4451119920832923,0.0,0.249997162536595,0.249997162536595,0.249997162536595,0.249997162536595,1.1349853619981923e-05,0.4451119920832923,25.49544620842276
2025-08-04 12:00:00+00:00,10204.482934971025,5.729070902119275e-07,-0.006618965945634184,0.9998070833998003,4.539168664494293e-05,4.539168664494293e-05,4.539168664494293e-05,4.539168664494293e-05,0.9998184332534202,-0.006618965945634184,25.488827242477125
2025-08-04 14:00:00+00:00,10379.865026208196,0.0171867690263983,3.4551819015890453,0.9998070833998003,0.249997162536595,0.249997162536595,0.249997162536595,0.249997162536595,1.1349853619981923e-05,3.4551819015890453,28.94400914406617
2025-08-04 16:00:00+00:00,10379.864585715615,-4.243721662792642e-08,-0.015146592070446815,0.9998070833998003,4.539168664494293e-05,4.539168664494293e-05,4.539168664494293e-05,4.539168664494293e-05,0.9998184332534202,-0.015146592070446815,28.928862551995724
2025-08-04 18:00:00+00:00,10379.879237638474,1.4115716769251022e-06,-0.014815838657267833,0.0,4.539168664494293e-05,4.539168664494293e-05,4.539168664494293e-05,4.539168664494293e-05,0.9998184332534202,-0.014815838657267833,28.914046713338458
2025-08-04 20:00:00+00:00,10358.726807342113,-0.00203783009533102,-0.4289395742859641,0.9998070833998003,0.249997162536595,0.249997162536595,0.249997162536595,0.249997162536595,1.1349853619981923e-05,-0.4289395742859641,28.485107139052495
2025-08-04 22:00:00+00:00,10412.41190948439,0.0051825965816790125,1.0187765501763033,0.0,0.249997162536595,0.249997162536595,0.249997162536595,0.249997162536595,1.1349853619981923e-05,1.0187765501763033,29.503883689228797
2025-08-05 00:00:00+00:00,10457.663308608062,0.004345909431651829,0.8498030254875454,0.0,0.249997162536595,0.249997162536595,0.249997162536595,0.249997162536595,1.1349853619981923e-05,0.8498030254875454,30.353686714716343
2025-08-05 02:00:00+00:00,10457.654080841377,-8.823927881275708e-07,-0.0188524984143443,0.9998070833998003,4.539168664494293e-05,4.539168664494293e-05,4.539168664494293e-05,4.539168664494293e-05,0.9998184332534202,-0.0188524984143443,30.334834216302
2025-08-05 04:00:00+00:00,10426.911901009498,-0.0029396822264564407,-0.6219610857592355,0.9998070833998003,0.249997162536595,0.249997162536595,0.249997162536595,0.249997162536595,1.1349853619981923e-05,-0.6219610857592355,29.712873130542764
2025-08-05 06:00:00+00:00,10499.190142463838,0.006931893367905299,1.358102892905328,0.0,0.249997162536595,0.249997162536595,0.249997162536595,0.249997162536595,1.1349853619981923e-05,1.358102892905328,31.070976023448093
2025-08-05 08:00:00+00:00,10499.165326124938,-2.363643153882077e-06,-0.02094558369122751,0.9998070833998003,4.539168664494293e-05,4.539168664494293e-05,4.539168664494293e-05,4.539168664494293e-05,0.9998184332534202,-0.02094558369122751,31.050030439756867
2025-08-05 10:00:00+00:00,10704.558801786978,0.019562838500215188,3.63735598702492,0.9998070833998003,0.249997162536595,0.249997162536595,0.249997162536595,0.249997162536595,1.1349853619981923e-05,3.63735598702492,34.687386426781785
2025-08-05 12:00:00+00:00,10736.240379189707,0.0029596341137797092,0.5433952940750981,0.0,0.249997162536595,0.249997162536595,0.249997162536595,0.249997162536595,1.1349853619981923e-05,0.5433952940750981,35.23078172085688
2025-08-05 14:00:00+00:00,10736.21419036547,-2.4392919040741357e-06,-0.03113473896497729,0.9998070833998003,4.539168664494293e-05,4.539168664494293e-05,4.539168664494293e-05,4.539168664494293e-05,0.9998184332534202,-0.03113473896497729,35.1996469818919
2025-08-05 16:00:00+00:00,10584.691303603722,-0.014113251102769871,-3.056657122794544,0.9998070833998003,0.249997162536595,0.249997162536595,0.249997162536595,0.249997162536595,1.1349853619981923e-05,-3.056657122794544,32.142989859097355
2025-08-05 18:00:00+00:00,10615.200503410048,0.0028823891912595247,0.5291188879746205,0.0,0.249997162536595,0.249997162536595,0.249997162536595,0.249997162536595,1.1349853619981923e-05,0.5291188879746205,32.672108747071974
2025-08-05 20:00:00+00:00,10556.490751536085,-0.00553072472395637,-1.1276895833499583,0.0,0.249997162536595,0.249997162536595,0.249997162536595,0.249997162536595,1.1349853619981923e-05,-1.1276895833499583,31.544419163722015
2025-08-05 22:00:00+00:00,10556.493339428645,2.4514704950869076e-07,-0.021458814722502755,0.9998070833998003,4.539168664494293e-05,4.539168664494293e-05,4.539168664494293e-05,4.539168664494293e-05,0.9998184332534202,-0.021458814722502755,31.52296034899951
2025-08-06 00:00:00+00:00,10612.259025359974,0.005282595662997546,0.9845156457908307,0.9998070833998003,0.249997162536595,0.249997162536595,0.249997162536595,0.249997162536595,1.1349853619981923e-05,0.9845156457908307,32.50747599479034
2025-08-06 02:00:00+00:00,10531.206479444114,-0.007637633582272095,-1.5644129887195544,0.0,0.249997162536595,0.249997162536595,0.249997162536595,0.249997162536595,1.1349853619981923e-05,-1.5644129887195544,30.943063006070787
2025-08-06 04:00:00+00:00,10531.202462162672,-3.8146450271327326e-07,-0.020083622599568564,0.9998070833998003,4.539168664494293e-05,4.539168664494293e-05,4.539168664494293e-05,4.539168664494293e-05,0.9998184332534202,-0.020083622599568564,30.92297938347122
2025-08-06 06:00:00+00:00,10531.221264291267,1.7853733858351876e-06,-0.01961182060324242,0.0,4.539168664494293e-05,4.539168664494293e-05,4.539168664494293e-05,4.539168664494293e-05,0.9998184332534202,-0.01961182060324242,30.903367562867977
2025-08-06 08:00:00+00:00,10539.774120911508,0.000812142903999403,0.13795976213414707,0.9998070833998003,0.249997162536595,0.249997162536595,0.249997162536595,0.249997162536595,1.1349853619981923e-05,0.13795976213414707,31.041327325002126
2025-08-06 10:00:00+00:00,10539.767729922418,-6.063686961830472e-07,-0.020375798447827064,0.9998070833998003,4.539168664494293e-05,4.539168664494293e-05,4.539168664494293e-05,4.539168664494293e-05,0.9998184332534202,-0.020375798447827064,31.0209515265543
2025-08-06 12:00:00+00:00,10539.763014233413,-4.474186837943278e-07,-0.020293690235953853,0.0,4.539168664494293e-05,4.539168664494293e-05,4.539168664494293e-05,4.539168664494293e-05,0.9998184332534202,-0.020293690235953853,31.000657836318346
2025-08-06 14:00:00+00:00,10539.757602036872,-5.135026786678078e-07,-0.020255847501938616,0.0,4.539168664494293e-05,4.539168664494293e-05,4.539168664494293e-05,4.539168664494293e-05,0.9998184332534202,-0.020255847501938616,30.980401988816407
2025-08-06 16:00:00+00:00,10539.785996556433,2.6940391450354064e-06,-0.019573399251654282,0.0,4.539168664494293e-05,4.539168664494293e-05,4.539168664494293e-05,4.539168664494293e-05,0.9998184332534202,-0.019573399251654282,30.960828589564752
2025-08-06 18:00:00+00:00,10539.792471960756,6.143772109305142e-07,-0.019933472334243776,0.0,4.539168664494293e-05,4.539168664494293e-05,4.539168664494293e-05,4.539168664494293e-05,0.9998184332534202,-0.019933472334243776,30.940895117230507
2025-08-06 20:00:00+00:00,10567.472180172881,0.0026262099833333943,0.49445986095461614,0.9998070833998003,0.249997162536595,0.249997162536595,0.249997162536595,0.249997162536595,1.1349853619981923e-05,0.49445986095461614,31.435354978185124
2025-08-06 22:00:00+00:00,10520.7359787993,-0.004422647211815759,-0.9148295682638701,0.0,0.249997162536595,0.249997162536595,0.249997162536595,0.249997162536595,1.1349853619981923e-05,-0.9148295682638701,30.520525409921255
2025-08-07 00:00:00+00:00,10520.737724675519,1.659462058085988e-07,-0.018917829510935718,0.9998070833998003,4.539168664494293e-05,4.539168664494293e-05,4.539168664494293e-05,4.539168664494293e-05,0.9998184332534202,-0.018917829510935718,30.50160758041032
2025-08-07 02:00:00+00:00,10520.733990930614,-3.54893830021013e-07,-0.018973770909001264,0.0,4.539168664494293e-05,4.539168664494293e-05,4.539168664494293e-05,4.539168664494293e-05,0.9998184332534202,-0.018973770909001264,30.48263380950132
2025-08-07 04:00:00+00:00,10506.685100042077,-0.0013353527330551885,-0.2864128922390521,0.9998070833998003,0.249997162536595,0.249997162536595,0.249997162536595,0.249997162536595,1.1349853619981923e-05,-0.2864128922390521,30.196220917262266
2025-08-07 06:00:00+00:00,10581.574670432305,0.007127801935353446,1.3693715109396156,0.0,0.249997162536595,0.249997162536595,0.249997162536595,0.249997162536595,1.1349853619981923e-05,1.3693715109396156,31.56559242820188
2025-08-07 08:00:00+00:00,10552.552487632302,-0.002742709256789484,-0.5750334243391342,0.0,0.249997162536595,0.249997162536595,0.249997162536595,0.249997162536595,1.1349853619981923e-05,-0.5750334243391342,30.990559003862746
2025-08-07 10:00:00+00:00,10552.550656486797,-1.7352631082956345e-07,-0.020154597873302087,0.9998070833998003,4.539168664494293e-05,4.539168664494293e-05,4.539168664494293e-05,4.539168664494293e-05,0.9998184332534202,-0.020154597873302087,30.970404405989445
2025-08-07 12:00:00+00:00,10757.423152881338,0.019414500158651447,3.565531227144081,0.9998070833998003,0.249997162536595,0.249997162536595,0.249997162536595,0.249997162536595,1.1349853619981923e-05,3.565531227144081,34.535935633133526
2025-08-07 14:00:00+00:00,10757.423701406145,5.0990353376296894e-08,-0.02875979337716493,0.9998070833998003,4.539168664494293e-05,4.539168664494293e-05,4.539168664494293e-05,4.539168664494293e-05,0.9998184332534202,-0.02875979337716493,34.507175839756364
2025-08-07 16:00:00+00:00,10757.424447258658,6.933374883910406e-08,-0.028683503321617364,0.0,4.539168664494293e-05,4.539168664494293e-05,4.539168664494293e-05,4.539168664494293e-05,0.9998184332534202,-0.028683503321617364,34.47849233643475
2025-08-07 18:00:00+00:00,10754.287109572335,-0.000291643943371765,-0.08558929374273673,0.9998070833998003,0.249997162536595,0.249997162536595,0.249997162536595,0.249997162536595,1.1349853619981923e-05,-0.08558929374273673,34.39290304269201
2025-08-07 20:00:00+00:00,10837.80228944255,0.007765756950628451,1.4248186025613538,0.0,0.249997162536595,0.249997162536595,0.249997162536595,0.249997162536595,1.1349853619981923e-05,1.4248186025613538,35.817721645253364
2025-08-07 22:00:00+00:00,10837.801677825766,-5.643365400849748e-08,-0.03201071942211577,0.9998070833998003,4.539168664494293e-05,4.539168664494293e-05,4.539168664494293e-05,4.539168664494293e-05,0.9998184332534202,-0.03201071942211577,35.785710925831246
2025-08-08 00:00:00+00:00,10837.815586259125,1.283326062893732e-06,-0.03166760313472933,0.0,4.539168664494293e-05,4.539168664494293e-05,4.539168664494293e-05,4.539168664494293e-05,0.9998184332534202,-0.03166760313472933,35.75404332269652
2025-08-08 02:00:00+00:00,10774.177187519319,-0.005871884258714456,-1.224875026160255,0.9998070833998003,0.249997162536595,0.249997162536595,0.249997162536595,0.249997162536595,1.1349853619981923e-05,-1.224875026160255,34.52916829653626
2025-08-08 04:00:00+00:00,10801.66287262837,0.0025510704558386627,0.4634241065605101,0.0,0.249997162536595,0.249997162536595,0.249997162536595,0.249997162536595,1.1349853619981923e-05,0.4634241065605101,34.99259240309677
2025-08-08 06:00:00+00:00,10801.649460746865,-1.2416497038008748e-06,-0.03016333468435998,0.9998070833998003,4.539168664494293e-05,4.539168664494293e-05,4.539168664494293e-05,4.539168664494293e-05,0.9998184332534202,-0.03016333468435998,34.96242906841241
2025-08-08 08:00:00+00:00,10801.665995822597,1.5307917362162768e-06,-0.02954244839304698,0.0,4.539168664494293e-05,4.539168664494293e-05,4.539168664494293e-05,4.539168664494293e-05,0.9998184332534202,-0.02954244839304698,34.93288662001937
2025-08-08 10:00:00+00:00,10773.339257182486,-0.002622441635490908,-0.5546110294099859,0.9998070833998003,0.249997162536595,0.249997162536595,0.249997162536595,0.249997162536595,1.1349853619981923e-05,-0.5546110294099859,34.378275590609384
2025-08-08 12:00:00+00:00,10773.342818112185,3.305316591736639e-07,-0.02830080558388298,0.9998070833998003,4.539168664494293e-05,4.539168664494293e-05,4.539168664494293e-05,4.539168664494293e-05,0.9998184332534202,-0.02830080558388298,34.3499747850255
2025-08-08 14:00:00+00:00,10882.165590347055,0.010101114767453285,1.8586517881629718,0.9998070833998003,0.249997162536595,0.249997162536595,0.249997162536595,0.249997162536595,1.1349853619981923e-05,1.8586517881629718,36.208626573188475
2025-08-08 16:00:00+00:00,10757.562191942025,-0.01145023914316818,-2.451293044823876,0.0,0.249997162536595,0.249997162536595,0.249997162536595,0.249997162536595,1.1349853619981923e-05,-2.451293044823876,33.7573335283646
2025-08-08 18:00:00+00:00,10897.038639264323,0.012965432579769301,2.324723141128235,0.0,0.249997162536595,0.249997162536595,0.249997162536595,0.249997162536595,1.1349853619981923e-05,2.324723141128235,36.08205666949283
2025-08-08 20:00:00+00:00,10897.05090885483,1.1259564101259917e-06,-0.03242785557255057,0.9998070833998003,4.539168664494293e-05,4.539168664494293e-05,4.539168664494293e-05,4.539168664494293e-05,0.9998184332534202,-0.03242785557255057,36.04962881392028
2025-08-08 22:00:00+00:00,10876.970133865138,-0.0018427715129214438,-0.39181980737877203,0.9998070833998003,0.249997162536595,0.249997162536595,0.249997162536595,0.249997162536595,1.1349853619981923e-05,-0.39181980737877203,35.657809006541505
2025-08-09 00:00:00+00:00,10821.792481504905,-0.005072888100376274,-1.0411030263939745,0.0,0.249997162536595,0.249997162536595,0.249997162536595,0.249997162536595,1.1349853619981923e-05,-1.0411030263939745,34.61670598014753
2025-08-09 02:00:00+00:00,10821.795863433352,3.1251093140552594e-07,-0.028878163265510442,0.9998070833998003,4.539168664494293e-05,4.539168664494293e-05,4.539168664494293e-05,4.539168664494293e-05,0.9998184332534202,-0.028878163265510442,34.58782781688202
2025-08-09 04:00:00+00:00,10821.795788222222,-6.949967567953536e-09,-0.028866801381105183,0.0,4.539168664494293e-05,4.539168664494293e-05,4.539168664494293e-05,4.539168664494293e-05,0.9998184332534202,-0.028866801381105183,34.55896101550091
2025-08-09 06:00:00+00:00,10997.633021829695,0.01624843390584433,2.8388988234724946,0.9998070833998003,0.249997162536595,0.249997162536595,0.249997162536595,0.249997162536595,1.1349853619981923e-05,2.8388988234724946,37.39785983897341
2025-08-09 08:00:00+00:00,10997.633331068639,2.811868179677279e-08,-0.03583525047145701,0.9998070833998003,4.539168664494293e-05,4.539168664494293e-05,4.539168664494293e-05,4.539168664494293e-05,0.9998184332534202,-0.03583525047145701,37.36202458850195
2025-08-09 10:00:00+00:00,11060.726512964082,0.0057369781293947625,1.016376601159276,0.9998070833998003,0.249997162536595,0.249997162536595,0.249997162536595,0.249997162536595,1.1349853619981923e-05,1.016376601159276,38.378401189661226
2025-08-09 12:00:00+00:00,11060.71995834789,-5.92602681479527e-07,-0.03844526027739643,0.9998070833998003,4.539168664494293e-05,4.539168664494293e-05,4.539168664494293e-05,4.539168664494293e-05,0.9998184332534202,-0.03844526027739643,38.33995592938383
2025-08-09 14:00:00+00:00,11060.702556185648,-1.5733299737322981e-06,-0.03853529140099318,0.0,4.539168664494293e-05,4.539168664494293e-05,4.539168664494293e-05,4.539168664494293e-05,0.9998184332534202,-0.03853529140099318,38.30142063798284
2025-08-09 16:00:00+00:00,11058.272389415672,-0.0002197117911482467,-0.08034640879834304,0.9998070833998003,0.249997162536595,0.249997162536595,0.249997162536595,0.249997162536595,1.1349853619981923e-05,-0.08034640879834304,38.221074229184495
2025-08-09 18:00:00+00:00,11086.391164764156,0.002542781942629646,0.4420720665392126,0.0,0.249997162536595,0.249997162536595,0.249997162536595,0.249997162536595,1.1349853619981923e-05,0.4420720665392126,38.663146295723706
2025-08-09 20:00:00+00:00,11086.3918397676,6.088576851251702e-08,-0.03904680549744946,0.9998070833998003,4.539168664494293e-05,4.539168664494293e-05,4.539168664494293e-05,4.539168664494293e-05,0.9998184332534202,-0.03904680549744946,38.62409949022626
2025-08-09 22:00:00+00:00,11091.199781449275,0.0004336795732248278,0.044566894552273216,0.9998070833998003,0.249997162536595,0.249997162536595,0.249997162536595,0.249997162536595,1.1349853619981923e-05,0.044566894552273216,38.66866638477853
2025-08-10 00:00:00+00:00,11029.051250743521,-0.005603409182990349,-1.1697165692500804,0.0,0.249997162536595,0.249997162536595,0.249997162536595,0.249997162536595,1.1349853619981923e-05,-1.1697165692500804,37.498949815528455
2025-08-10 02:00:00+00:00,11122.587101240584,0.008480860988904894,1.5083178164312179,0.0,0.249997162536595,0.249997162536595,0.249997162536595,0.249997162536595,1.1349853619981923e-05,1.5083178164312179,39.00726763195967
2025-08-10 04:00:00+00:00,11169.048228259036,0.004177187069478741,0.740475882608483,0.0,0.249997162536595,0.249997162536595,0.249997162536595,0.249997162536595,1.1349853619981923e-05,0.740475882608483,39.74774351456816
2025-08-10 06:00:00+00:00,11169.040601713676,-6.828285816380456e-07,-0.04194829872343005,0.9998070833998003,4.539168664494293e-05,4.539168664494293e-05,4.539168664494293e-05,4.539168664494293e-05,0.9998184332534202,-0.04194829872343005,39.705795215844724
2025-08-10 08:00:00+00:00,11033.672840109459,-0.012119909527721507,-2.6151073890024454,0.9998070833998003,0.249997162536595,0.249997162536595,0.249997162536595,0.249997162536595,1.1349853619981923e-05,-2.6151073890024454,37.09068782684228
2025-08-10 10:00:00+00:00,11033.688295504571,1.4007479953159042e-06,-0.03487347522153272,0.9998070833998003,4.539168664494293e-05,4.539168664494293e-05,4.539168664494293e-05,4.539168664494293e-05,0.9998184332534202,-0.03487347522153272,37.05581435162075
2025-08-10 12:00:00+00:00,11033.686401269208,-1.716774403567355e-07,-0.03508544318730962,0.0,4.539168664494293e-05,4.539168664494293e-05,4.539168664494293e-05,4.539168664494293e-05,0.9998184332534202,-0.03508544318730962,37.02072890843343
2025-08-10 14:00:00+00:00,11033.678472487538,-7.185977000547145e-07,-0.03510144647684975,0.0,4.539168664494293e-05,4.539168664494293e-05,4.539168664494293e-05,4.539168664494293e-05,0.9998184332534202,-0.03510144647684975,36.98562746195658
2025-08-10 16:00:00+00:00,11173.704565663358,0.012690789705806255,2.2029488990725286,0.9998070833998003,0.249997162536595,0.249997162536595,0.249997162536595,0.249997162536595,1.1349853619981923e-05,2.2029488990725286,39.188576361029114
2025-08-10 18:00:00+00:00,11155.716627987378,-0.001609845469805573,-0.3510779408653736,0.0,0.249997162536595,0.249997162536595,0.249997162536595,0.249997162536595,1.1349853619981923e-05,-0.3510779408653736,38.83749842016374
2025-08-10 20:00:00+00:00,11155.724850896315,7.371027079948325e-07,-0.03937963762748955,0.9998070833998003,4.539168664494293e-05,4.539168664494293e-05,4.539168664494293e-05,4.539168664494293e-05,0.9998184332534202,-0.03937963762748955,38.79811878253625
2025-08-10 22:00:00+00:00,11155.719854116796,-4.47911685276529e-07,-0.03950580813771552,0.0,4.539168664494293e-05,4.539168664494293e-05,4.539168664494293e-05,4.539168664494293e-05,0.9998184332534202,-0.03950580813771552,38.75861297439853
2025-08-11 00:00:00+00:00,11155.72714176433,6.532655560638188e-07,-0.03919394256699389,0.0,4.539168664494293e-05,4.539168664494293e-05,4.539168664494293e-05,4.539168664494293e-05,0.9998184332534202,-0.03919394256699389,38.719419031831535
2025-08-11 02:00:00+00:00,11219.957070261433,0.005757574354489262,1.021412563681324,0.9998070833998003,0.249997162536595,0.249997162536595,0.249997162536595,0.249997162536595,1.1349853619981923e-05,1.021412563681324,39.74083159551286
2025-08-11 04:00:00+00:00,11219.980315843672,2.071806700660198e-06,-0.04142395521329601,0.9998070833998003,4.539168664494293e-05,4.539168664494293e-05,4.539168664494293e-05,4.539168664494293e-05,0.9998184332534202,-0.04142395521329601,39.69940764029956
2025-08-11 06:00:00+00:00,11184.769257865999,-0.0031382459671475834,-0.6625104508459666,0.9998070833998003,0.249997162536595,0.249997162536595,0.249997162536595,0.249997162536595,1.1349853619981923e-05,-0.6625104508459666,39.0368971894536
2025-08-11 08:00:00+00:00,11104.193825269458,-0.00720403172733077,-1.5078549888312427,0.0,0.249997162536595,0.249997162536595,0.249997162536595,0.249997162536595,1.1349853619981923e-05,-1.5078549888312427,37.52904220062236
2025-08-11 10:00:00+00:00,11104.201296503405,6.728299292672502e-07,-0.03607394007650158,0.9998070833998003,4.539168664494293e-05,4.539168664494293e-05,4.539168664494293e-05,4.539168664494293e-05,0.9998184332534202,-0.03607394007650158,37.49296826054586
2025-08-11 12:00:00+00:00,11001.827350998852,-0.009219388479276591,-1.9270509476315403,0.9998070833998003,0.249997162536595,0.249997162536595,0.249997162536595,0.249997162536595,1.1349853619981923e-05,-1.9270509476315403,35.565917312914316
2025-08-11 14:00:00+00:00,11054.068045525271,0.004748365236041957,0.8526204046888769,0.0,0.249997162536595,0.249997162536595,0.249997162536595,0.249997162536595,1.1349853619981923e-05,0.8526204046888769,36.41853771760319
2025-08-11 16:00:00+00:00,11099.728662400294,0.0041306618239522475,0.7380267343723864,0.0,0.249997162536595,0.249997162536595,0.249997162536595,0.249997162536595,1.1349853619981923e-05,0.7380267343723864,37.156564451975576
2025-08-11 18:00:00+00:00,11099.7237033759,-4.4676987570174143e-07,-0.03537909427376369,0.9998070833998003,4.539168664494293e-05,4.539168664494293e-05,4.539168664494293e-05,4.539168664494293e-05,0.9998184332534202,-0.03537909427376369,37.12118535770181
2025-08-11 20:00:00+00:00,10968.10019190518,-0.011858269177519096,-2.499693567149212,0.9998070833998003,0.249997162536595,0.249997162536595,0.249997162536595,0.249997162536595,1.1349853619981923e-05,-2.499693567149212,34.6214917905526
2025-08-11 22:00:00+00:00,10901.399212632747,-0.006081361229874688,-1.2237329703375999,0.0,0.249997162536595,0.249997162536595,0.249997162536595,0.249997162536595,1.1349853619981923e-05,-1.2237329703375999,33.397758820214996
2025-08-12 00:00:00+00:00,10898.608171539914,-0.00025602595028344466,-0.07452784117031547,0.0,0.249997162536595,0.249997162536595,0.249997162536595,0.249997162536595,1.1349853619981923e-05,-0.07452784117031547,33.32323097904468
2025-08-12 02:00:00+00:00,10978.16148819892,0.007299401483828745,1.3141187483682357,0.0,0.249997162536595,0.249997162536595,0.249997162536595,0.249997162536595,1.1349853619981923e-05,1.3141187483682357,34.63734972741292
2025-08-12 04:00:00+00:00,10978.154596125689,-6.277984923943274e-07,-0.02910864955258088,0.9998070833998003,4.539168664494293e-05,4.539168664494293e-05,4.539168664494293e-05,4.539168664494293e-05,0.9998184332534202,-0.02910864955258088,34.608241077860335
2025-08-12 06:00:00+00:00,10964.023242572095,-0.0012872248636925804,-0.27588642757030024,0.9998070833998003,0.249997162536595,0.249997162536595,0.249997162536595,0.249997162536595,1.1349853619981923e-05,-0.27588642757030024,34.332354650290036
2025-08-12 08:00:00+00:00,10964.029102502713,5.34469007198194e-07,-0.028115791462683035,0.9998070833998003,4.539168664494293e-05,4.539168664494293e-05,4.539168664494293e-05,4.539168664494293e-05,0.9998184332534202,-0.028115791462683035,34.304238858827354
2025-08-12 10:00:00+00:00,10964.018183591621,-9.958849059562486e-07,-0.02833741194521572,0.0,4.539168664494293e-05,4.539168664494293e-05,4.539168664494293e-05,4.539168664494293e-05,0.9998184332534202,-0.02833741194521572,34.27590144688214
2025-08-12 12:00:00+00:00,10987.221819803895,0.0021163441927704793,0.3734226157240765,0.9998070833998003,0.249997162536595,0.249997162536595,0.249997162536595,0.249997162536595,1.1349853619981923e-05,0.3734226157240765,34.64932406260621
2025-08-12 14:00:00+00:00,11114.617508560132,0.011594895492745172,2.0582865275653752,0.0,0.249997162536595,0.249997162536595,0.249997162536595,0.249997162536595,1.1349853619981923e-05,2.0582865275653752,36.70761059017158
2025-08-12 16:00:00+00:00,11114.652508650817,3.1490144090391934e-06,-0.03358191477770846,0.9998070833998003,4.539168664494293e-05,4.539168664494293e-05,4.539168664494293e-05,4.539168664494293e-05,0.9998184332534202,-0.03358191477770846,36.67402867539388
2025-08-12 18:00:00+00:00,11114.65872822595,5.595834083310631e-07,-0.03399061051289051,0.0,4.539168664494293e-05,4.539168664494293e-05,4.539168664494293e-05,4.539168664494293e-05,0.9998184332534202,-0.03399061051289051,36.64003806488099
2025-08-12 20:00:00+00:00,11114.681040303003,2.00744598642006e-06,-0.03362640130991524,0.0,4.539168664494293e-05,4.539168664494293e-05,4.539168664494293e-05,4.539168664494293e-05,0.9998184332534202,-0.03362640130991524,36.60641166357107
2025-08-12 22:00:00+00:00,11185.599586061891,0.006380619066056009,1.1425128522185508,0.9998070833998003,0.249997162536595,0.249997162536595,0.249997162536595,0.249997162536595,1.1349853619981923e-05,1.1425128522185508,37.748924515789625
2025-08-13 00:00:00+00:00,11185.603561668137,3.5542182735749274e-07,-0.03675476230724779,0.9998070833998003,4.539168664494293e-05,4.539168664494293e-05,4.539168664494293e-05,4.539168664494293e-05,0.9998184332534202,-0.03675476230724779,37.71216975348238
2025-08-13 02:00:00+00:00,11185.592538997818,-9.854336654993663e-07,-0.03691955873338722,0.0,4.539168664494293e-05,4.539168664494293e-05,4.539168664494293e-05,4.539168664494293e-05,0.9998184332534202,-0.03691955873338722,37.67525019474899
2025-08-13 04:00:00+00:00,11297.399809906672,0.009995650254472015,1.7602176096837376,0.9998070833998003,0.249997162536595,0.249997162536595,0.249997162536595,0.249997162536595,1.1349853619981923e-05,1.7602176096837376,39.435467804432726
2025-08-13 06:00:00+00:00,11297.3965903659,-2.8498068815807097e-07,-0.041145581698340594,0.9998070833998003,4.539168664494293e-05,4.539168664494293e-05,4.539168664494293e-05,4.539168664494293e-05,0.9998184332534202,-0.041145581698340594,39.39432222273439
2025-08-13 08:00:00+00:00,11297.405750063004,8.107794596931278e-07,-0.040829407730432477,0.0,4.539168664494293e-05,4.539168664494293e-05,4.539168664494293e-05,4.539168664494293e-05,0.9998184332534202,-0.040829407730432477,39.35349281500395
2025-08-13 10:00:00+00:00,11398.238974357317,0.008925343262434307,1.564898818581422,0.9998070833998003,0.249997162536595,0.249997162536595,0.249997162536595,0.249997162536595,1.1349853619981923e-05,1.564898818581422,40.91839163358537
2025-08-13 12:00:00+00:00,11393.835394944412,-0.0003863385758810797,-0.11956891856243253,0.0,0.249997162536595,0.249997162536595,0.249997162536595,0.249997162536595,1.1349853619981923e-05,-0.11956891856243253,40.798822715022936
2025-08-13 14:00:00+00:00,11405.120679595937,0.0009904728531125613,0.14519578646875247,0.0,0.249997162536595,0.249997162536595,0.249997162536595,0.249997162536595,1.1349853619981923e-05,0.14519578646875247,40.94401850149169
2025-08-13 16:00:00+00:00,11405.101616568509,-1.6714446049259877e-06,-0.045253990972095114,0.9998070833998003,4.539168664494293e-05,4.539168664494293e-05,4.539168664494293e-05,4.539168664494293e-05,0.9998184332534202,-0.045253990972095114,40.8987645105196
2025-08-13 18:00:00+00:00,11464.251606856666,0.005186274728339853,0.9178047984619112,0.9998070833998003,0.249997162536595,0.249997162536595,0.249997162536595,0.249997162536595,1.1349853619981923e-05,0.9178047984619112,41.81656930898151
2025-08-13 20:00:00+00:00,11510.196418294052,0.004007659026770336,0.7040800605996348,0.0,0.249997162536595,0.249997162536595,0.249997162536595,0.249997162536595,1.1349853619981923e-05,0.7040800605996348,42.52064936958114
2025-08-13 22:00:00+00:00,11510.189284690448,-6.19763846214167e-07,-0.04909923985564191,0.9998070833998003,4.539168664494293e-05,4.539168664494293e-05,4.539168664494293e-05,4.539168664494293e-05,0.9998184332534202,-0.04909923985564191,42.4715501297255
2025-08-14 00:00:00+00:00,11593.86561690259,0.007269761612299326,1.2750599053046707,0.9998070833998003,0.249997162536595,0.249997162536595,0.249997162536595,0.249997162536595,1.1349853619981923e-05,1.2750599053046707,43.74661003503017
2025-08-14 02:00:00+00:00,11599.748120048584,0.0005073806563202608,0.04640635197395337,0.0,0.249997162536595,0.249997162536595,0.249997162536595,0.249997162536595,1.1349853619981923e-05,0.04640635197395337,43.79301638700413
2025-08-14 04:00:00+00:00,11599.763146727333,1.295431469255708e-06,-0.05199748277580147,0.9998070833998003,4.539168664494293e-05,4.539168664494293e-05,4.539168664494293e-05,4.539168664494293e-05,0.9998184332534202,-0.05199748277580147,43.741018904228326
2025-08-14 06:00:00+00:00,11599.74350160003,-1.6935800372252467e-06,-0.05244887386968408,0.0,4.539168664494293e-05,4.539168664494293e-05,4.539168664494293e-05,4.539168664494293e-05,0.9998184332534202,-0.05244887386968408,43.68857003035864
2025-08-14 08:00:00+00:00,11599.741053618814,-2.110375299373892e-07,-0.0520226951295619,0.0,4.539168664494293e-05,4.539168664494293e-05,4.539168664494293e-05,4.539168664494293e-05,0.9998184332534202,-0.0520226951295619,43.63654733522908
2025-08-14 10:00:00+00:00,11619.302946393445,0.0016864077123969956,0.27501326904802964,0.9998070833998003,0.249997162536595,0.249997162536595,0.249997162536595,0.249997162536595,1.1349853619981923e-05,0.27501326904802964,43.91156060427711
2025-08-14 12:00:00+00:00,11619.287621747537,-1.3188954602660124e-06,-0.05281894348174975,0.9998070833998003,4.539168664494293e-05,4.539168664494293e-05,4.539168664494293e-05,4.539168664494293e-05,0.9998184332534202,-0.05281894348174975,43.85874166079537
2025-08-14 14:00:00+00:00,11327.222977007876,-0.025136192015163705,-6.291294454768667,0.9998070833998003,0.249997162536595,0.249997162536595,0.249997162536595,0.249997162536595,1.1349853619981923e-05,-6.291294454768667,37.5674472060267
2025-08-14 16:00:00+00:00,11330.017127529893,0.00024667568809130525,0.008530308796821694,0.0,0.249997162536595,0.249997162536595,0.249997162536595,0.249997162536595,1.1349853619981923e-05,0.008530308796821694,37.57597751482352
2025-08-14 18:00:00+00:00,11193.632523373608,-0.012037457898002294,-2.4691352150582375,0.0,0.249997162536595,0.249997162536595,0.249997162536595,0.249997162536595,1.1349853619981923e-05,-2.4691352150582375,35.10684229976528
2025-08-14 20:00:00+00:00,11193.63728895287,4.2574019216819455e-07,-0.031067477227042475,0.9998070833998003,4.539168664494293e-05,4.539168664494293e-05,4.539168664494293e-05,4.539168664494293e-05,0.9998184332534202,-0.031067477227042475,35.07577482253824
2025-08-14 22:00:00+00:00,11193.621754867254,-1.3877603155448637e-06,-0.031323758192230135,0.0,4.539168664494293e-05,4.539168664494293e-05,4.539168664494293e-05,4.539168664494293e-05,0.9998184332534202,-0.031323758192230135,35.04445106434601
2025-08-15 00:00:00+00:00,11291.484372693452,0.008742712588411953,1.508302894662141,0.9998070833998003,0.249997162536595,0.249997162536595,0.249997162536595,0.249997162536595,1.1349853619981923e-05,1.508302894662141,36.55275395900816
2025-08-15 02:00:00+00:00,11291.497895554705,1.1976159029297714e-06,-0.03457388862669667,0.9998070833998003,4.539168664494293e-05,4.539168664494293e-05,4.539168664494293e-05,4.539168664494293e-05,0.9998184332534202,-0.03457388862669667,36.51818007038146
2025-08-15 04:00:00+00:00,11291.508281660912,9.198165117768798e-07,-0.03453702072342278,0.0,4.539168664494293e-05,4.539168664494293e-05,4.539168664494293e-05,4.539168664494293e-05,0.9998184332534202,-0.03453702072342278,36.48364304965804
2025-08-15 06:00:00+00:00,11272.44843654353,-0.0016879804399858916,-0.35145111846948024,0.9998070833998003,0.249997162536595,0.249997162536595,0.249997162536595,0.249997162536595,1.1349853619981923e-05,-0.35145111846948024,36.132191931188565
2025-08-15 08:00:00+00:00,11272.446810894866,-1.4421433573190613e-07,-0.03375397255003898,0.9998070833998003,4.539168664494293e-05,4.539168664494293e-05,4.539168664494293e-05,4.539168664494293e-05,0.9998184332534202,-0.03375397255003898,36.09843795863853
2025-08-15 10:00:00+00:00,11272.440914090395,-5.231166373228949e-07,-0.03373908507067935,0.0,4.539168664494293e-05,4.539168664494293e-05,4.539168664494293e-05,4.539168664494293e-05,0.9998184332534202,-0.03373908507067935,36.06469887356785
2025-08-15 12:00:00+00:00,11272.442022775083,9.835355948277524e-08,-0.03353753268625005,0.0,4.539168664494293e-05,4.539168664494293e-05,4.539168664494293e-05,4.539168664494293e-05,0.9998184332534202,-0.03353753268625005,36.031161340881596
2025-08-15 14:00:00+00:00,11272.411775042661,-2.683334486116044e-06,-0.03397385678897736,0.0,4.539168664494293e-05,4.539168664494293e-05,4.539168664494293e-05,4.539168664494293e-05,0.9998184332534202,-0.03397385678897736,35.99718748409262
2025-08-15 16:00:00+00:00,11272.381814282695,-2.657883739931339e-06,-0.03388414774501322,0.0,4.539168664494293e-05,4.539168664494293e-05,4.539168664494293e-05,4.539168664494293e-05,0.9998184332534202,-0.03388414774501322,35.96330333634761
2025-08-15 18:00:00+00:00,11330.225221549485,0.005131427254664056,0.9026521753864598,0.9998070833998003,0.249997162536595,0.249997162536595,0.249997162536595,0.249997162536595,1.1349853619981923e-05,0.9026521753864598,36.865955511734064
2025-08-15 20:00:00+00:00,11330.208698586446,-1.4583084373674275e-06,-0.03586373183101462,0.9998070833998003,4.539168664494293e-05,4.539168664494293e-05,4.539168664494293e-05,4.539168664494293e-05,0.9998184332534202,-0.03586373183101462,36.83009177990305
2025-08-15 22:00:00+00:00,11411.07686279839,0.007137394055418647,1.2502020506550118,0.9998070833998003,0.249997162536595,0.249997162536595,0.249997162536595,0.249997162536595,1.1349853619981923e-05,1.2502020506550118,38.08029383055806
2025-08-16 00:00:00+00:00,11411.08201917578,4.518747399523902e-07,-0.03858469689410268,0.9998070833998003,4.539168664494293e-05,4.539168664494293e-05,4.539168664494293e-05,4.539168664494293e-05,0.9998184332534202,-0.03858469689410268,38.04170913366396
2025-08-16 02:00:00+00:00,11506.241625591303,0.008339227275346101,1.4463938369315996,0.9998070833998003,0.249997162536595,0.249997162536595,0.249997162536595,0.249997162536595,1.1349853619981923e-05,1.4463938369315996,39.488102970595556
2025-08-16 04:00:00+00:00,11506.229451671481,-1.0580274791834986e-06,-0.0424478663698454,0.9998070833998003,4.539168664494293e-05,4.539168664494293e-05,4.539168664494293e-05,4.539168664494293e-05,0.9998184332534202,-0.0424478663698454,39.44565510422571
2025-08-16 06:00:00+00:00,11506.225219618158,-3.678053996394488e-07,-0.04220905979280531,0.0,4.539168664494293e-05,4.539168664494293e-05,4.539168664494293e-05,4.539168664494293e-05,0.9998184332534202,-0.04220905979280531,39.403446044432904
2025-08-16 08:00:00+00:00,11533.83193870969,0.0023992854793474456,0.40523394551820946,0.9998070833998003,0.249997162536595,0.249997162536595,0.249997162536595,0.249997162536595,1.1349853619981923e-05,0.40523394551820946,39.808679989951116
2025-08-16 10:00:00+00:00,11533.81854155083,-1.1615531535124658e-06,-0.0432899181265381,0.9998070833998003,4.539168664494293e-05,4.539168664494293e-05,4.539168664494293e-05,4.539168664494293e-05,0.9998184332534202,-0.0432899181265381,39.76539007182458
2025-08-16 12:00:00+00:00,11533.81109987559,-6.452048134919622e-07,-0.043081146659858426,0.0,4.539168664494293e-05,4.539168664494293e-05,4.539168664494293e-05,4.539168664494293e-05,0.9998184332534202,-0.043081146659858426,39.72230892516472
2025-08-16 14:00:00+00:00,11568.625612455002,0.0030184743167666903,0.5208744276189005,0.9998070833998003,0.249997162536595,0.249997162536595,0.249997162536595,0.249997162536595,1.1349853619981923e-05,0.5208744276189005,40.24318335278362
2025-08-16 16:00:00+00:00,11568.632556421779,6.002412912308606e-07,-0.04406671927626734,0.9998070833998003,4.539168664494293e-05,4.539168664494293e-05,4.539168664494293e-05,4.539168664494293e-05,0.9998184332534202,-0.04406671927626734,40.19911663350735
2025-08-16 18:00:00+00:00,11568.636633674825,3.5244036203173397e-07,-0.044001253214935525,0.0,4.539168664494293e-05,4.539168664494293e-05,4.539168664494293e-05,4.539168664494293e-05,0.9998184332534202,-0.044001253214935525,40.155115380292415
2025-08-16 20:00:00+00:00,11593.43251470001,0.0021433710652652735,0.36192184800597454,0.9998070833998003,0.249997162536595,0.249997162536595,0.249997162536595,0.249997162536595,1.1349853619981923e-05,0.36192184800597454,40.51703722829839
2025-08-16 22:00:00+00:00,11580.32576059108,-0.0011305326608242947,-0.2654891796735966,0.0,0.249997162536595,0.249997162536595,0.249997162536595,0.249997162536595,1.1349853619981923e-05,-0.2654891796735966,40.2515480486248
2025-08-17 00:00:00+00:00,11580.334784846553,7.792747510132782e-07,-0.0440529433122028,0.9998070833998003,4.539168664494293e-05,4.539168664494293e-05,4.539168664494293e-05,4.539168664494293e-05,0.9998184332534202,-0.0440529433122028,40.207495105312596
2025-08-17 02:00:00+00:00,11580.334927845028,1.2348388746604028e-08,-0.04408866569097127,0.0,4.539168664494293e-05,4.539168664494293e-05,4.539168664494293e-05,4.539168664494293e-05,0.9998184332534202,-0.04408866569097127,40.163406439621625
2025-08-17 04:00:00+00:00,11617.721842650115,0.0032284830307617806,0.567400661912277,0.9998070833998003,0.249997162536595,0.249997162536595,0.249997162536595,0.249997162536595,1.1349853619981923e-05,0.567400661912277,40.7308071015339
2025-08-17 06:00:00+00:00,11617.731847629477,8.611825534488615e-07,-0.04526501029705056,0.9998070833998003,4.539168664494293e-05,4.539168664494293e-05,4.539168664494293e-05,4.539168664494293e-05,0.9998184332534202,-0.04526501029705056,40.68554209123685
2025-08-17 08:00:00+00:00,11669.332621605194,0.00444155319235087,0.7898628238194685,0.9998070833998003,0.249997162536595,0.249997162536595,0.249997162536595,0.249997162536595,1.1349853619981923e-05,0.7898628238194685,41.475404915056316
2025-08-17 10:00:00+00:00,11669.344532726329,1.0207199950587888e-06,-0.047144111610431014,0.9998070833998003,4.539168664494293e-05,4.539168664494293e-05,4.539168664494293e-05,4.539168664494293e-05,0.9998184332534202,-0.047144111610431014,41.42826080344589
2025-08-17 12:00:00+00:00,11678.437283404082,0.0007791997787237856,0.10471168281689698,0.9998070833998003,0.249997162536595,0.249997162536595,0.249997162536595,0.249997162536595,1.1349853619981923e-05,0.10471168281689698,41.532972486262786
2025-08-17 14:00:00+00:00,11678.431351620866,-5.079261095646107e-07,-0.04759247294637075,0.9998070833998003,4.539168664494293e-05,4.539168664494293e-05,4.539168664494293e-05,4.539168664494293e-05,0.9998184332534202,-0.04759247294637075,41.485380013316416
2025-08-17 16:00:00+00:00,11709.71263251134,0.0026785515921307268,0.4683787974372466,0.9998070833998003,0.249997162536595,0.249997162536595,0.249997162536595,0.249997162536595,1.1349853619981923e-05,0.4683787974372466,41.95375881075366
2025-08-17 18:00:00+00:00,11709.701476256929,-9.5273511498255e-07,-0.04876407073142323,0.9998070833998003,4.539168664494293e-05,4.539168664494293e-05,4.539168664494293e-05,4.539168664494293e-05,0.9998184332534202,-0.04876407073142323,41.90499474002224
2025-08-17 20:00:00+00:00,11617.857188539727,-0.007843435454219746,-1.7181468875047452,0.9998070833998003,0.249997162536595,0.249997162536595,0.249997162536595,0.249997162536595,1.1349853619981923e-05,-1.7181468875047452,40.186847852517495
2025-08-17 22:00:00+00:00,11639.2303314139,0.0018396802893442584,0.31306159560917113,0.0,0.249997162536595,0.249997162536595,0.249997162536595,0.249997162536595,1.1349853619981923e-05,0.31306159560917113,40.499909448126665
2025-08-18 00:00:00+00:00,11637.330170043568,-0.00016325489884023658,-0.07719377615660264,0.0,0.249997162536595,0.249997162536595,0.249997162536595,0.249997162536595,1.1349853619981923e-05,-0.07719377615660264,40.42271567197006
2025-08-18 02:00:00+00:00,11477.81865898501,-0.013706881967581125,-3.0833285707400306,0.0,0.249997162536595,0.249997162536595,0.249997162536595,0.249997162536595,1.1349853619981923e-05,-3.0833285707400306,37.33938710123003
2025-08-18 04:00:00+00:00,11318.885373856556,-0.013846993915001346,-2.993498250967136,0.0,0.249997162536595,0.249997162536595,0.249997162536595,0.249997162536595,1.1349853619981923e-05,-2.993498250967136,34.345888850262895
2025-08-18 06:00:00+00:00,11338.629292478627,0.0017443341786705705,0.3004357596572289,0.0,0.249997162536595,0.249997162536595,0.249997162536595,0.249997162536595,1.1349853619981923e-05,0.3004357596572289,34.64632460992012
2025-08-18 08:00:00+00:00,11338.612420411395,-1.4880164785757141e-06,-0.030542692083472513,0.9998070833998003,4.539168664494293e-05,4.539168664494293e-05,4.539168664494293e-05,4.539168664494293e-05,0.9998184332534202,-0.030542692083472513,34.61578191783665
2025-08-18 10:00:00+00:00,11338.620242512176,6.898640231080294e-07,-0.030048055967374677,0.0,4.539168664494293e-05,4.539168664494293e-05,4.539168664494293e-05,4.539168664494293e-05,0.9998184332534202,-0.030048055967374677,34.58573386186927
2025-08-18 12:00:00+00:00,11338.615312901136,-4.3476286649357894e-07,-0.030188114763793156,0.0,4.539168664494293e-05,4.539168664494293e-05,4.539168664494293e-05,4.539168664494293e-05,0.9998184332534202,-0.030188114763793156,34.55554574710548
2025-08-18 14:00:00+00:00,11364.211565663925,0.0022574407947032354,0.3998213769150306,0.9998070833998003,0.249997162536595,0.249997162536595,0.249997162536595,0.249997162536595,1.1349853619981923e-05,0.3998213769150306,34.955367124020505
2025-08-18 16:00:00+00:00,11364.2347965501,2.0442145095639336e-06,-0.030645742237714248,0.9998070833998003,4.539168664494293e-05,4.539168664494293e-05,4.539168664494293e-05,4.539168664494293e-05,0.9998184332534202,-0.030645742237714248,34.92472138178279
2025-08-18 18:00:00+00:00,11364.237284594754,2.1893639998722803e-07,-0.030921007117548884,0.0,4.539168664494293e-05,4.539168664494293e-05,4.539168664494293e-05,4.539168664494293e-05,0.9998184332534202,-0.030921007117548884,34.89380037466524
2025-08-18 20:00:00+00:00,11364.23764834197,3.200806245177733e-08,-0.030878948720064966,0.0,4.539168664494293e-05,4.539168664494293e-05,4.539168664494293e-05,4.539168664494293e-05,0.9998184332534202,-0.030878948720064966,34.862921425945174
2025-08-18 22:00:00+00:00,11364.241189119082,3.1157189954425613e-07,-0.03074630087981809,0.0,4.539168664494293e-05,4.539168664494293e-05,4.539168664494293e-05,4.539168664494293e-05,0.9998184332534202,-0.03074630087981809,34.832175125065355
2025-08-19 00:00:00+00:00,11364.233168198945,-7.058034059304459e-07,-0.03086701543130187,0.0,4.539168664494293e-05,4.539168664494293e-05,4.539168664494293e-05,4.539168664494293e-05,0.9998184332534202,-0.03086701543130187,34.80130810963405
2025-08-19 02:00:00+00:00,11364.22293081871,-9.008421494875303e-07,-0.03082741297787553,0.0,4.539168664494293e-05,4.539168664494293e-05,4.539168664494293e-05,4.539168664494293e-05,0.9998184332534202,-0.03082741297787553,34.77048069665617
2025-08-19 04:00:00+00:00,11364.20241951387,-1.8049016608456122e-06,-0.030927267483021742,0.0,4.539168664494293e-05,4.539168664494293e-05,4.539168664494293e-05,4.539168664494293e-05,0.9998184332534202,-0.030927267483021742,34.73955342917315
2025-08-19 06:00:00+00:00,11411.977273207525,0.0042039777126478065,0.776032976408906,0.9998070833998003,0.249997162536595,0.249997162536595,0.249997162536595,0.249997162536595,1.1349853619981923e-05,0.776032976408906,35.515586405582056
2025-08-19 08:00:00+00:00,11355.773146633643,-0.00492501213666417,-1.033176231962762,0.0,0.249997162536595,0.249997162536595,0.249997162536595,0.249997162536595,1.1349853619981923e-05,-1.033176231962762,34.48241017361929
2025-08-19 10:00:00+00:00,11355.787164352245,1.2344134055765213e-06,-0.029604966035964686,0.9998070833998003,4.539168664494293e-05,4.539168664494293e-05,4.539168664494293e-05,4.539168664494293e-05,0.9998184332534202,-0.029604966035964686,34.45280520758333
2025-08-19 12:00:00+00:00,11398.183430444315,0.003733450220444301,0.6911884661576055,0.9998070833998003,0.249997162536595,0.249997162536595,0.249997162536595,0.249997162536595,1.1349853619981923e-05,0.6911884661576055,35.14399367374094
2025-08-19 14:00:00+00:00,11398.175971997704,-6.543539728763502e-07,-0.03165243708124958,0.9998070833998003,4.539168664494293e-05,4.539168664494293e-05,4.539168664494293e-05,4.539168664494293e-05,0.9998184332534202,-0.03165243708124958,35.11234123665969
2025-08-19 16:00:00+00:00,11219.625714899534,-0.015664809662249462,-3.436479723598213,0.9998070833998003,0.249997162536595,0.249997162536595,0.249997162536595,0.249997162536595,1.1349853619981923e-05,-3.436479723598213,31.675861513061474
2025-08-19 18:00:00+00:00,11211.99234358749,-0.0006803588199834595,-0.15509588668313223,0.0,0.249997162536595,0.249997162536595,0.249997162536595,0.249997162536595,1.1349853619981923e-05,-0.15509588668313223,31.520765626378342
2025-08-19 20:00:00+00:00,11146.202530718294,-0.005867807509414055,-1.1904542845867443,0.0,0.249997162536595,0.249997162536595,0.249997162536595,0.249997162536595,1.1349853619981923e-05,-1.1904542845867443,30.3303113417916
2025-08-19 22:00:00+00:00,11146.215022218792,1.1206956327949764e-06,-0.019376564627531786,0.9998070833998003,4.539168664494293e-05,4.539168664494293e-05,4.539168664494293e-05,4.539168664494293e-05,0.9998184332534202,-0.019376564627531786,30.310934777164068
2025-08-20 00:00:00+00:00,11146.186329863282,-2.57417925756216e-06,-0.02004510118404272,0.0,4.539168664494293e-05,4.539168664494293e-05,4.539168664494293e-05,4.539168664494293e-05,0.9998184332534202,-0.02004510118404272,30.290889675980026
2025-08-20 02:00:00+00:00,11215.967551952694,0.006260546883417106,1.170921830605332,0.9998070833998003,0.249997162536595,0.249997162536595,0.249997162536595,0.249997162536595,1.1349853619981923e-05,1.170921830605332,31.461811506585356
2025-08-20 04:00:00+00:00,11273.627872094848,0.00514091360153018,0.9559788620878497,0.0,0.249997162536595,0.249997162536595,0.249997162536595,0.249997162536595,1.1349853619981923e-05,0.9559788620878497,32.4177903686732
2025-08-20 06:00:00+00:00,11273.635217423036,6.515496403778607e-07,-0.024714685724298312,0.9998070833998003,4.539168664494293e-05,4.539168664494293e-05,4.539168664494293e-05,4.539168664494293e-05,0.9998184332534202,-0.024714685724298312,32.393075682948904
2025-08-20 08:00:00+00:00,11273.633023231256,-1.946303688456268e-07,-0.024817295245147798,0.0,4.539168664494293e-05,4.539168664494293e-05,4.539168664494293e-05,4.539168664494293e-05,0.9998184332534202,-0.024817295245147798,32.368258387703754
2025-08-20 10:00:00+00:00,11273.638379535534,4.7511784960996533e-07,-0.024623699470677544,0.0,4.539168664494293e-05,4.539168664494293e-05,4.539168664494293e-05,4.539168664494293e-05,0.9998184332534202,-0.024623699470677544,32.343634688233074
2025-08-20 12:00:00+00:00,11273.636768508097,-1.4290217441923717e-07,-0.02468267388583606,0.0,4.539168664494293e-05,4.539168664494293e-05,4.539168664494293e-05,4.539168664494293e-05,0.9998184332534202,-0.02468267388583606,32.31895201434724
2025-08-20 14:00:00+00:00,11273.61376007153,-2.040906323212454e-06,-0.024993940230333935,0.0,4.539168664494293e-05,4.539168664494293e-05,4.539168664494293e-05,4.539168664494293e-05,0.9998184332534202,-0.024993940230333935,32.29395807411691
2025-08-20 16:00:00+00:00,11446.38256358055,0.015325059664623813,2.7756082952920282,0.9998070833998003,0.249997162536595,0.249997162536595,0.249997162536595,0.249997162536595,1.1349853619981923e-05,2.7756082952920282,35.06956636940894
2025-08-20 18:00:00+00:00,11602.795303501249,0.013664818474472727,2.399265823799422,0.0,0.249997162536595,0.249997162536595,0.249997162536595,0.249997162536595,1.1349853619981923e-05,2.399265823799422,37.468832193208364
2025-08-20 20:00:00+00:00,11602.814346384846,1.6412324014064292e-06,-0.03709936387172723,0.9998070833998003,4.539168664494293e-05,4.539168664494293e-05,4.539168664494293e-05,4.539168664494293e-05,0.9998184332534202,-0.03709936387172723,37.43173282933664
2025-08-20 22:00:00+00:00,11602.817270379915,2.520073993807485e-07,-0.03727082641873553,0.0,4.539168664494293e-05,4.539168664494293e-05,4.539168664494293e-05,4.539168664494293e-05,0.9998184332534202,-0.03727082641873553,37.394462002917905
2025-08-21 00:00:00+00:00,11555.050421158925,-0.0041168319820851194,-0.8523192024982682,0.9998070833998003,0.249997162536595,0.249997162536595,0.249997162536595,0.249997162536595,1.1349853619981923e-05,-0.8523192024982682,36.54214280041964
2025-08-21 02:00:00+00:00,11555.06429443841,1.200624746777037e-06,-0.03482842613381838,0.9998070833998003,4.539168664494293e-05,4.539168664494293e-05,4.539168664494293e-05,4.539168664494293e-05,0.9998184332534202,-0.03482842613381838,36.50731437428582
2025-08-21 04:00:00+00:00,11555.042363624758,-1.8979395609294552e-06,-0.035337103171943704,0.0,4.539168664494293e-05,4.539168664494293e-05,4.539168664494293e-05,4.539168664494293e-05,0.9998184332534202,-0.035337103171943704,36.47197727111388
2025-08-21 06:00:00+00:00,11555.045105003604,2.3724524411816516e-07,-0.034835386303200454,0.0,4.539168664494293e-05,4.539168664494293e-05,4.539168664494293e-05,4.539168664494293e-05,0.9998184332534202,-0.034835386303200454,36.43714188481068
2025-08-21 08:00:00+00:00,11538.754532789939,-0.001409823333931618,-0.3106471989454543,0.9998070833998003,0.249997162536595,0.249997162536595,0.249997162536595,0.249997162536595,1.1349853619981923e-05,-0.3106471989454543,36.126494685865225
2025-08-21 10:00:00+00:00,11538.737609922277,-1.4666112893480971e-06,-0.03428853074465146,0.9998070833998003,4.539168664494293e-05,4.539168664494293e-05,4.539168664494293e-05,4.539168664494293e-05,0.9998184332534202,-0.03428853074465146,36.09220615512057
2025-08-21 12:00:00+00:00,11518.42193139805,-0.0017606500131137294,-0.3806797493091378,0.9998070833998003,0.249997162536595,0.249997162536595,0.249997162536595,0.249997162536595,1.1349853619981923e-05,-0.3806797493091378,35.71152640581143
2025-08-21 14:00:00+00:00,11514.061511818916,-0.00037856050117836726,-0.10697593740818369,0.0,0.249997162536595,0.249997162536595,0.249997162536595,0.249997162536595,1.1349853619981923e-05,-0.10697593740818369,35.60455046840325
2025-08-21 16:00:00+00:00,11439.359987266364,-0.006487851786780406,-1.3532633569601267,0.0,0.249997162536595,0.249997162536595,0.249997162536595,0.249997162536595,1.1349853619981923e-05,-1.3532633569601267,34.25128711144312
2025-08-21 18:00:00+00:00,11439.36106372618,9.41014024120635e-08,-0.02924604024153391,0.9998070833998003,4.539168664494293e-05,4.539168664494293e-05,4.539168664494293e-05,4.539168664494293e-05,0.9998184332534202,-0.02924604024153391,34.22204107120159
2025-08-21 20:00:00+00:00,11439.353970607175,-6.200625163294348e-07,-0.029311660567908893,0.0,4.539168664494293e-05,4.539168664494293e-05,4.539168664494293e-05,4.539168664494293e-05,0.9998184332534202,-0.029311660567908893,34.19272941063368
2025-08-21 22:00:00+00:00,11489.247796457721,0.004361594717564234,0.804617315077816,0.9998070833998003,0.249997162536595,0.249997162536595,0.249997162536595,0.249997162536595,1.1349853619981923e-05,0.804617315077816,34.997346725711495
2025-08-22 00:00:00+00:00,11489.242675488993,-4.4571836364370257e-07,-0.031239258309916324,0.9998070833998003,4.539168664494293e-05,4.539168664494293e-05,4.539168664494293e-05,4.539168664494293e-05,0.9998184332534202,-0.031239258309916324,34.96610746740158
2025-08-22 02:00:00+00:00,11489.25447598423,1.0270907813207608e-06,-0.03087060982514965,0.0,4.539168664494293e-05,4.539168664494293e-05,4.539168664494293e-05,4.539168664494293e-05,0.9998184332534202,-0.03087060982514965,34.93523685757643
2025-08-22 04:00:00+00:00,11512.813363927306,0.002050514939182406,0.3684257629907475,0.9998070833998003,0.249997162536595,0.249997162536595,0.249997162536595,0.249997162536595,1.1349853619981923e-05,0.3684257629907475,35.303662620567174
2025-08-22 06:00:00+00:00,11512.821485930403,7.05475094644003e-07,-0.03178915225239058,0.9998070833998003,4.539168664494293e-05,4.539168664494293e-05,4.539168664494293e-05,4.539168664494293e-05,0.9998184332534202,-0.03178915225239058,35.27187346831478
2025-08-22 08:00:00+00:00,11512.826844847566,4.6547383468602727e-07,-0.0317558422094479,0.0,4.539168664494293e-05,4.539168664494293e-05,4.539168664494293e-05,4.539168664494293e-05,0.9998184332534202,-0.0317558422094479,35.24011762610533
2025-08-22 10:00:00+00:00,11512.824980610945,-1.619269225449378e-07,-0.031799832269261044,0.0,4.539168664494293e-05,4.539168664494293e-05,4.539168664494293e-05,4.539168664494293e-05,0.9998184332534202,-0.031799832269261044,35.208317793836066
2025-08-22 12:00:00+00:00,11512.80674462144,-1.5839717476477457e-06,-0.03200262275561349,0.0,4.539168664494293e-05,4.539168664494293e-05,4.539168664494293e-05,4.539168664494293e-05,0.9998184332534202,-0.03200262275561349,35.176315171080454
2025-08-22 14:00:00+00:00,11512.809755580383,2.6153126771261557e-07,-0.031553819860717626,0.0,4.539168664494293e-05,4.539168664494293e-05,4.539168664494293e-05,4.539168664494293e-05,0.9998184332534202,-0.031553819860717626,35.144761351219735
2025-08-22 16:00:00+00:00,12049.406591009716,0.046608677362121625,6.5864457540673635,0.9998070833998003,0.249997162536595,0.249997162536595,0.249997162536595,0.249997162536595,1.1349853619981923e-05,6.5864457540673635,41.7312071052871
2025-08-22 18:00:00+00:00,12049.454898928272,4.0091533296940225e-06,-0.045441472222320756,0.9998070833998003,4.539168664494293e-05,4.539168664494293e-05,4.539168664494293e-05,4.539168664494293e-05,0.9998184332534202,-0.045441472222320756,41.685765633064776
2025-08-22 20:00:00+00:00,12049.458886568766,3.309394928790445e-07,-0.04594558507502343,0.0,4.539168664494293e-05,4.539168664494293e-05,4.539168664494293e-05,4.539168664494293e-05,0.9998184332534202,-0.04594558507502343,41.63982004798975
2025-08-22 22:00:00+00:00,12093.076852514052,0.0036199107657777026,0.5512518356077626,0.9998070833998003,0.249997162536595,0.249997162536595,0.249997162536595,0.249997162536595,1.1349853619981923e-05,0.5512518356077626,42.191071883597516
2025-08-23 00:00:00+00:00,12086.046121135276,-0.0005813848257579413,-0.14659619256487752,0.0,0.249997162536595,0.249997162536595,0.249997162536595,0.249997162536595,1.1349853619981923e-05,-0.14659619256487752,42.04447569103264
2025-08-23 02:00:00+00:00,12086.025825276469,-1.6792802711135296e-06,-0.047209305248737114,0.9998070833998003,4.539168664494293e-05,4.539168664494293e-05,4.539168664494293e-05,4.539168664494293e-05,0.9998184332534202,-0.047209305248737114,41.9972663857839
2025-08-23 04:00:00+00:00,12086.001020549875,-2.052347641209444e-06,-0.04715250556925883,0.0,4.539168664494293e-05,4.539168664494293e-05,4.539168664494293e-05,4.539168664494293e-05,0.9998184332534202,-0.04715250556925883,41.950113880214644
2025-08-23 06:00:00+00:00,12216.681784105698,0.010812572606408546,1.6488769998607342,0.9998070833998003,0.249997162536595,0.249997162536595,0.249997162536595,0.249997162536595,1.1349853619981923e-05,1.6488769998607342,43.59899088007538
2025-08-23 08:00:00+00:00,12159.34869296772,-0.004693016659611287,-0.883426025275209,0.0,0.249997162536595,0.249997162536595,0.249997162536595,0.249997162536595,1.1349853619981923e-05,-0.883426025275209,42.71556485480017
2025-08-23 10:00:00+00:00,12159.35532880364,5.457394215095414e-07,-0.04853311305989194,0.9998070833998003,4.539168664494293e-05,4.539168664494293e-05,4.539168664494293e-05,4.539168664494293e-05,0.9998184332534202,-0.04853311305989194,42.66703174174028
2025-08-23 12:00:00+00:00,12095.936374587967,-0.005215651035827825,-0.9779364827394856,0.9998070833998003,0.249997162536595,0.249997162536595,0.249997162536595,0.249997162536595,1.1349853619981923e-05,-0.9779364827394856,41.689095259000794
2025-08-23 14:00:00+00:00,12096.511074712356,4.7511834271444e-05,-0.037877116628396275,0.0,0.249997162536595,0.249997162536595,0.249997162536595,0.249997162536595,1.1349853619981923e-05,-0.037877116628396275,41.6512181423724
2025-08-23 16:00:00+00:00,12096.512344543535,1.0497499397409747e-07,-0.04587733024790775,0.9998070833998003,4.539168664494293e-05,4.539168664494293e-05,4.539168664494293e-05,4.539168664494293e-05,0.9998184332534202,-0.04587733024790775,41.605340812124496
2025-08-23 18:00:00+00:00,12096.510328357075,-1.6667502186066036e-07,-0.045806249458448356,0.0,4.539168664494293e-05,4.539168664494293e-05,4.539168664494293e-05,4.539168664494293e-05,0.9998184332534202,-0.045806249458448356,41.559534562666045
2025-08-23 20:00:00+00:00,12096.512431480993,1.738620362984269e-07,-0.045630218644301085,0.0,4.539168664494293e-05,4.539168664494293e-05,4.539168664494293e-05,4.539168664494293e-05,0.9998184332534202,-0.045630218644301085,41.513904344021746
2025-08-23 22:00:00+00:00,12096.507584897228,-4.006595943392149e-07,-0.04561226010708701,0.0,4.539168664494293e-05,4.539168664494293e-05,4.539168664494293e-05,4.539168664494293e-05,0.9998184332534202,-0.04561226010708701,41.46829208391466
2025-08-24 00:00:00+00:00,12096.515974372873,6.935452720975571e-07,-0.04530620387571849,0.0,4.539168664494293e-05,4.539168664494293e-05,4.539168664494293e-05,4.539168664494293e-05,0.9998184332534202,-0.04530620387571849,41.422985880038944
2025-08-24 02:00:00+00:00,12103.523459745807,0.0005792978232559875,0.05469138654243829,0.9998070833998003,0.249997162536595,0.249997162536595,0.249997162536595,0.249997162536595,1.1349853619981923e-05,0.05469138654243829,41.47767726658138
2025-08-24 04:00:00+00:00,12080.114295091435,-0.0019340785129410858,-0.38668364206374767,0.0,0.249997162536595,0.249997162536595,0.249997162536595,0.249997162536595,1.1349853619981923e-05,-0.38668364206374767,41.09099362451763
2025-08-24 06:00:00+00:00,12080.113707854773,-4.861184659516067e-08,-0.044467399511614575,0.9998070833998003,4.539168664494293e-05,4.539168664494293e-05,4.539168664494293e-05,4.539168664494293e-05,0.9998184332534202,-0.044467399511614575,41.04652622500601
2025-08-24 08:00:00+00:00,12080.097220917649,-1.3647998290886096e-06,-0.044583284684334215,0.0,4.539168664494293e-05,4.539168664494293e-05,4.539168664494293e-05,4.539168664494293e-05,0.9998184332534202,-0.044583284684334215,41.001942940321676
2025-08-24 10:00:00+00:00,12080.099576231763,1.9497476474770285e-07,-0.044196736031601305,0.0,4.539168664494293e-05,4.539168664494293e-05,4.539168664494293e-05,4.539168664494293e-05,0.9998184332534202,-0.044196736031601305,40.957746204290075
2025-08-24 12:00:00+00:00,12080.085094819084,-1.1987825586808617e-06,-0.04432797060396048,0.0,4.539168664494293e-05,4.539168664494293e-05,4.539168664494293e-05,4.539168664494293e-05,0.9998184332534202,-0.04432797060396048,40.913418233686116
2025-08-24 14:00:00+00:00,12080.090183271433,4.212265318786785e-07,-0.0439301019322517,0.0,4.539168664494293e-05,4.539168664494293e-05,4.539168664494293e-05,4.539168664494293e-05,0.9998184332534202,-0.0439301019322517,40.86948813175386
2025-08-24 16:00:00+00:00,12117.626288697877,0.0031072702982319223,0.4909915060955822,0.9998070833998003,0.249997162536595,0.249997162536595,0.249997162536595,0.249997162536595,1.1349853619981923e-05,0.4909915060955822,41.360479637849444
2025-08-24 18:00:00+00:00,12117.653259845853,2.2257781626883935e-06,-0.04475732423718749,0.9998070833998003,4.539168664494293e-05,4.539168664494293e-05,4.539168664494293e-05,4.539168664494293e-05,0.9998184332534202,-0.04475732423718749,41.315722313612255
2025-08-24 20:00:00+00:00,11975.08916990895,-0.01176499169268333,-2.320103105190755,0.9998070833998003,0.249997162536595,0.249997162536595,0.249997162536595,0.249997162536595,1.1349853619981923e-05,-2.320103105190755,38.9956192084215
2025-08-24 22:00:00+00:00,11975.082127728081,-5.880691800322666e-07,-0.03927433343158372,0.9998070833998003,4.539168664494293e-05,4.539168664494293e-05,4.539168664494293e-05,4.539168664494293e-05,0.9998184332534202,-0.03927433343158372,38.95634487498992
2025-08-25 00:00:00+00:00,11978.062591989643,0.00024888883681721183,0.004573612567555832,0.9998070833998003,0.249997162536595,0.249997162536595,0.249997162536595,0.249997162536595,1.1349853619981923e-05,0.004573612567555832,38.96091848755747
2025-08-25 02:00:00+00:00,11978.049820713155,-1.0662222199266562e-06,-0.03927075142743036,0.9998070833998003,4.539168664494293e-05,4.539168664494293e-05,4.539168664494293e-05,4.539168664494293e-05,0.9998184332534202,-0.03927075142743036,38.92164773613004
2025-08-25 04:00:00+00:00,11978.049909124016,7.381073178600262e-09,-0.038981617541004765,0.0,4.539168664494293e-05,4.539168664494293e-05,4.539168664494293e-05,4.539168664494293e-05,0.9998184332534202,-0.038981617541004765,38.882666118589036
2025-08-25 06:00:00+00:00,11881.980374813467,-0.008020465354495602,-1.535152837205909,0.9998070833998003,0.249997162536595,0.249997162536595,0.249997162536595,0.249997162536595,1.1349853619981923e-05,-1.535152837205909,37.34751328138313
2025-08-25 08:00:00+00:00,11670.841646673645,-0.017769658043483814,-3.5049168749404362,0.0,0.249997162536595,0.249997162536595,0.249997162536595,0.249997162536595,1.1349853619981923e-05,-3.5049168749404362,33.842596406442695
2025-08-25 10:00:00+00:00,11705.09204663507,0.002934698370377397,0.4717655023349172,0.0,0.249997162536595,0.249997162536595,0.249997162536595,0.249997162536595,1.1349853619981923e-05,0.4717655023349172,34.31436190877761
2025-08-25 12:00:00+00:00,11705.077959162692,-1.203533669142321e-06,-0.02774304351704814,0.9998070833998003,4.539168664494293e-05,4.539168664494293e-05,4.539168664494293e-05,4.539168664494293e-05,0.9998184332534202,-0.02774304351704814,34.286618865260564
2025-08-25 14:00:00+00:00,11705.086935047804,7.668368500671959e-07,-0.027332977241195162,0.0,4.539168664494293e-05,4.539168664494293e-05,4.539168664494293e-05,4.539168664494293e-05,0.9998184332534202,-0.027332977241195162,34.25928588801937
2025-08-25 16:00:00+00:00,11705.09074150408,3.2519675390049354e-07,-0.027340128371902202,0.0,4.539168664494293e-05,4.539168664494293e-05,4.539168664494293e-05,4.539168664494293e-05,0.9998184332534202,-0.027340128371902202,34.231945759647466
2025-08-25 18:00:00+00:00,11705.089374358407,-1.1679923749454786e-07,-0.02734770614401668,0.0,4.539168664494293e-05,4.539168664494293e-05,4.539168664494293e-05,4.539168664494293e-05,0.9998184332534202,-0.02734770614401668,34.20459805350345
2025-08-25 20:00:00+00:00,11456.47165637205,-0.021240138373568338,-4.094834274382174,0.9998070833998003,0.249997162536595,0.249997162536595,0.249997162536595,0.249997162536595,1.1349853619981923e-05,-4.094834274382174,30.10976377912128
2025-08-25 22:00:00+00:00,11456.441150091448,-2.662798941658078e-06,-0.017743734307575584,0.9998070833998003,4.539168664494293e-05,4.539168664494293e-05,4.539168664494293e-05,4.539168664494293e-05,0.9998184332534202,-0.017743734307575584,30.092020044813705
2025-08-26 00:00:00+00:00,11527.56158570084,0.006207899528102858,1.0121522010293653,0.9998070833998003,0.249997162536595,0.249997162536595,0.249997162536595,0.249997162536595,1.1349853619981923e-05,1.0121522010293653,31.10417224584307
2025-08-26 02:00:00+00:00,11527.573620992243,1.0440448583402686e-06,-0.019615144789610264,0.9998070833998003,4.539168664494293e-05,4.539168664494293e-05,4.539168664494293e-05,4.539168664494293e-05,0.9998184332534202,-0.019615144789610264,31.08455710105346
2025-08-26 04:00:00+00:00,11527.57144703866,-1.8858726520469033e-07,-0.019774110651016776,0.0,4.539168664494293e-05,4.539168664494293e-05,4.539168664494293e-05,4.539168664494293e-05,0.9998184332534202,-0.019774110651016776,31.064782990402442
2025-08-26 06:00:00+00:00,11527.57987136053,7.307976281766225e-07,-0.019568385205556326,0.0,4.539168664494293e-05,4.539168664494293e-05,4.539168664494293e-05,4.539168664494293e-05,0.9998184332534202,-0.019568385205556326,31.045214605196886
2025-08-26 08:00:00+00:00,11527.578154303324,-1.4895209799684992e-07,-0.019668589453369374,0.0,4.539168664494293e-05,4.539168664494293e-05,4.539168664494293e-05,4.539168664494293e-05,0.9998184332534202,-0.019668589453369374,31.025546015743515
2025-08-26 10:00:00+00:00,11527.575819634543,-2.0252899184752194e-07,-0.019628334114799195,0.0,4.539168664494293e-05,4.539168664494293e-05,4.539168664494293e-05,4.539168664494293e-05,0.9998184332534202,-0.019628334114799195,31.005917681628716
2025-08-26 12:00:00+00:00,11527.575022577039,-6.914354896464703e-08,-0.019556249033366512,0.0,4.539168664494293e-05,4.539168664494293e-05,4.539168664494293e-05,4.539168664494293e-05,0.9998184332534202,-0.019556249033366512,30.98636143259535
2025-08-26 14:00:00+00:00,11617.184296010553,0.007773471285852628,1.2789153525306378,0.9998070833998003,0.249997162536595,0.249997162536595,0.249997162536595,0.249997162536595,1.1349853619981923e-05,1.2789153525306378,32.265276785125984
2025-08-26 16:00:00+00:00,11617.1895190962,4.495999645640956e-07,-0.022627721143855476,0.9998070833998003,4.539168664494293e-05,4.539168664494293e-05,4.539168664494293e-05,4.539168664494293e-05,0.9998184332534202,-0.022627721143855476,32.24264906398213
2025-08-26 18:00:00+00:00,11617.197063645941,6.494298581194078e-07,-0.022536230278511277,0.0,4.539168664494293e-05,4.539168664494293e-05,4.539168664494293e-05,4.539168664494293e-05,0.9998184332534202,-0.022536230278511277,32.22011283370362
2025-08-26 20:00:00+00:00,11766.78465483096,0.012876392675917536,2.083532080403445,0.9998070833998003,0.249997162536595,0.249997162536595,0.249997162536595,0.249997162536595,1.1349853619981923e-05,2.083532080403445,34.30364491410706
2025-08-26 22:00:00+00:00,11770.53232509071,0.00031849569527132344,0.0265072943589343,0.0,0.249997162536595,0.249997162536595,0.249997162536595,0.249997162536595,1.1349853619981923e-05,0.0265072943589343,34.330152208466
2025-08-27 00:00:00+00:00,11769.5871852084,-8.02971230361582e-05,-0.04161178653885889,0.0,0.249997162536595,0.249997162536595,0.249997162536595,0.249997162536595,1.1349853619981923e-05,-0.04161178653885889,34.28854042192714
2025-08-27 02:00:00+00:00,11721.747230168852,-0.004064709686646622,-0.7386566699700167,0.0,0.249997162536595,0.249997162536595,0.249997162536595,0.249997162536595,1.1349853619981923e-05,-0.7386566699700167,33.54988375195712
2025-08-27 04:00:00+00:00,11778.866467440685,0.0048729285959025065,0.7929247069194824,0.0,0.249997162536595,0.249997162536595,0.249997162536595,0.249997162536595,1.1349853619981923e-05,0.7929247069194824,34.342808458876604
2025-08-27 06:00:00+00:00,11778.865461518628,-8.540058239573364e-08,-0.027908067202343453,0.9998070833998003,4.539168664494293e-05,4.539168664494293e-05,4.539168664494293e-05,4.539168664494293e-05,0.9998184332534202,-0.027908067202343453,34.31490039167426
2025-08-27 08:00:00+00:00,11778.851389032214,-1.1947234188716005e-06,-0.02802884097443335,0.0,4.539168664494293e-05,4.539168664494293e-05,4.539168664494293e-05,4.539168664494293e-05,0.9998184332534202,-0.02802884097443335,34.28687155069982
2025-08-27 10:00:00+00:00,11777.207032474957,-0.0001396024538342132,-0.05189439785632595,0.9998070833998003,0.249997162536595,0.249997162536595,0.249997162536595,0.249997162536595,1.1349853619981923e-05,-0.05189439785632595,34.2349771528435
2025-08-27 12:00:00+00:00,11819.521096069217,0.0035928776217979542,0.5842314758973483,0.0,0.249997162536595,0.249997162536595,0.249997162536595,0.249997162536595,1.1349853619981923e-05,0.5842314758973483,34.819208628740846
2025-08-27 14:00:00+00:00,11819.520192690463,-7.643107929112593e-08,-0.02911144067847589,0.9998070833998003,4.539168664494293e-05,4.539168664494293e-05,4.539168664494293e-05,4.539168664494293e-05,0.9998184332534202,-0.02911144067847589,34.79009718806237
2025-08-27 16:00:00+00:00,11910.842472901804,0.007726394872426174,1.2636618726480804,0.9998070833998003,0.249997162536595,0.249997162536595,0.249997162536595,0.249997162536595,1.1349853619981923e-05,1.2636618726480804,36.05375906071045
2025-08-27 18:00:00+00:00,11910.84374536446,1.0683229659903646e-07,-0.032196025745310934,0.9998070833998003,4.539168664494293e-05,4.539168664494293e-05,4.539168664494293e-05,4.539168664494293e-05,0.9998184332534202,-0.032196025745310934,36.02156303496513
2025-08-27 20:00:00+00:00,11910.827081675981,-1.399035100665762e-06,-0.032376902425083655,0.0,4.539168664494293e-05,4.539168664494293e-05,4.539168664494293e-05,4.539168664494293e-05,0.9998184332534202,-0.032376902425083655,35.98918613254005
2025-08-27 22:00:00+00:00,11910.81875418609,-6.991529500601454e-07,-0.03217316268864324,0.0,4.539168664494293e-05,4.539168664494293e-05,4.539168664494293e-05,4.539168664494293e-05,0.9998184332534202,-0.03217316268864324,35.957012969851405
2025-08-28 00:00:00+00:00,11850.824602447792,-0.0050369460720079435,-0.938961686392315,0.9998070833998003,0.249997162536595,0.249997162536595,0.249997162536595,0.249997162536595,1.1349853619981923e-05,-0.938961686392315,35.01805128345909
2025-08-28 02:00:00+00:00,11884.603855689198,0.0028503715458272527,0.4623084045531011,0.0,0.249997162536595,0.249997162536595,0.249997162536595,0.249997162536595,1.1349853619981923e-05,0.4623084045531011,35.480359688012186
2025-08-28 04:00:00+00:00,11884.614809749972,9.217018006413087e-07,-0.030604252366701803,0.9998070833998003,4.539168664494293e-05,4.539168664494293e-05,4.539168664494293e-05,4.539168664494293e-05,0.9998184332534202,-0.030604252366701803,35.449755435645486
2025-08-28 06:00:00+00:00,11884.627791004543,1.0922739001605577e-06,-0.03049636834931119,0.0,4.539168664494293e-05,4.539168664494293e-05,4.539168664494293e-05,4.539168664494293e-05,0.9998184332534202,-0.03049636834931119,35.419259067296174
2025-08-28 08:00:00+00:00,11884.632406666284,3.883724270765121e-07,-0.03054287815478472,0.0,4.539168664494293e-05,4.539168664494293e-05,4.539168664494293e-05,4.539168664494293e-05,0.9998184332534202,-0.03054287815478472,35.38871618914139
2025-08-28 10:00:00+00:00,11884.627111420818,-4.455539965163765e-07,-0.03061288513290564,0.0,4.539168664494293e-05,4.539168664494293e-05,4.539168664494293e-05,4.539168664494293e-05,0.9998184332534202,-0.03061288513290564,35.35810330400849
2025-08-28 12:00:00+00:00,11884.634377797109,6.114096994296298e-07,-0.030348217006120806,0.0,4.539168664494293e-05,4.539168664494293e-05,4.539168664494293e-05,4.539168664494293e-05,0.9998184332534202,-0.030348217006120806,35.327755087002366
2025-08-28 14:00:00+00:00,11870.567663231113,-0.0011836051593035442,-0.24207005072760077,0.9998070833998003,0.249997162536595,0.249997162536595,0.249997162536595,0.249997162536595,1.1349853619981923e-05,-0.24207005072760077,35.08568503627477
2025-08-28 16:00:00+00:00,11870.551555597003,-1.3569388227289164e-06,-0.03000849700427425,0.9998070833998003,4.539168664494293e-05,4.539168664494293e-05,4.539168664494293e-05,4.539168664494293e-05,0.9998184332534202,-0.03000849700427425,35.05567653927049
2025-08-28 18:00:00+00:00,11870.55197371916,3.5223481843688744e-08,-0.029684606740177706,0.0,4.539168664494293e-05,4.539168664494293e-05,4.539168664494293e-05,4.539168664494293e-05,0.9998184332534202,-0.029684606740177706,35.02599193253032
2025-08-28 20:00:00+00:00,11870.535049599184,-1.4257230846441764e-06,-0.029871023201735382,0.0,4.539168664494293e-05,4.539168664494293e-05,4.539168664494293e-05,4.539168664494293e-05,0.9998184332534202,-0.029871023201735382,34.99612090932858
2025-08-28 22:00:00+00:00,11958.81733651981,0.00743709416228951,1.2529502529917171,0.9998070833998003,0.249997162536595,0.249997162536595,0.249997162536595,0.249997162536595,1.1349853619981923e-05,1.2529502529917171,36.2490711623203
2025-08-29 00:00:00+00:00,12004.127632998518,0.003788860988815154,0.6317823344809327,0.0,0.249997162536595,0.249997162536595,0.249997162536595,0.249997162536595,1.1349853619981923e-05,0.6317823344809327,36.88085349680123
2025-08-29 02:00:00+00:00,12004.110787009928,-1.4033496731551424e-06,-0.03456003809576194,0.9998070833998003,4.539168664494293e-05,4.539168664494293e-05,4.539168664494293e-05,4.539168664494293e-05,0.9998184332534202,-0.03456003809576194,36.84629345870547
2025-08-29 04:00:00+00:00,12048.775087009666,0.0037207503989441755,0.6207867707277055,0.9998070833998003,0.249997162536595,0.249997162536595,0.249997162536595,0.249997162536595,1.1349853619981923e-05,0.6207867707277055,37.46708022943317
2025-08-29 06:00:00+00:00,12048.768296287677,-5.636026848270675e-07,-0.035899214470852425,0.9998070833998003,4.539168664494293e-05,4.539168664494293e-05,4.539168664494293e-05,4.539168664494293e-05,0.9998184332534202,-0.035899214470852425,37.43118101496232
2025-08-29 08:00:00+00:00,12048.729799213936,-3.1951044949051027e-06,-0.036284369529406696,0.0,4.539168664494293e-05,4.539168664494293e-05,4.539168664494293e-05,4.539168664494293e-05,0.9998184332534202,-0.036284369529406696,37.394896645432915
2025-08-29 10:00:00+00:00,12004.279767576483,-0.0036891881864885828,-0.7204535085070717,0.9998070833998003,0.249997162536595,0.249997162536595,0.249997162536595,0.249997162536595,1.1349853619981923e-05,-0.7204535085070717,36.674443136925845
2025-08-29 12:00:00+00:00,12007.261452956845,0.00024838519578788677,0.011227699443651441,0.0,0.249997162536595,0.249997162536595,0.249997162536595,0.249997162536595,1.1349853619981923e-05,0.011227699443651441,36.685670836369496
2025-08-29 14:00:00+00:00,11976.404337981368,-0.0025698711647424255,-0.5087005570629999,0.0,0.249997162536595,0.249997162536595,0.249997162536595,0.249997162536595,1.1349853619981923e-05,-0.5087005570629999,36.176970279306495
2025-08-29 16:00:00+00:00,11976.399538195881,-4.007701603735199e-07,-0.03259643758028169,0.9998070833998003,4.539168664494293e-05,4.539168664494293e-05,4.539168664494293e-05,4.539168664494293e-05,0.9998184332534202,-0.03259643758028169,36.144373841726214
2025-08-29 18:00:00+00:00,11971.485556176622,-0.0004103054514495538,-0.10757111774631321,0.9998070833998003,0.249997162536595,0.249997162536595,0.249997162536595,0.249997162536595,1.1349853619981923e-05,-0.10757111774631321,36.0368027239799
2025-08-29 20:00:00+00:00,11979.832982331209,0.000697275715316774,0.09498979430684919,0.0,0.249997162536595,0.249997162536595,0.249997162536595,0.249997162536595,1.1349853619981923e-05,0.09498979430684919,36.13179251828675
2025-08-29 22:00:00+00:00,11979.838956237016,4.986635303434315e-07,-0.03231754463105371,0.9998070833998003,4.539168664494293e-05,4.539168664494293e-05,4.539168664494293e-05,4.539168664494293e-05,0.9998184332534202,-0.03231754463105371,36.099474973655695
2025-08-30 00:00:00+00:00,11979.840285831648,1.1098601891657004e-07,-0.032306759749651144,0.0,4.539168664494293e-05,4.539168664494293e-05,4.539168664494293e-05,4.539168664494293e-05,0.9998184332534202,-0.032306759749651144,36.067168213906044
2025-08-30 02:00:00+00:00,11979.81035312864,-2.4985894882328753e-06,-0.03270627700953067,0.0,4.539168664494293e-05,4.539168664494293e-05,4.539168664494293e-05,4.539168664494293e-05,0.9998184332534202,-0.03270627700953067,36.03446193689651
2025-08-30 04:00:00+00:00,11979.842474759185,2.681313776950939e-06,-0.03166655182897621,0.0,4.539168664494293e-05,4.539168664494293e-05,4.539168664494293e-05,4.539168664494293e-05,0.9998184332534202,-0.03166655182897621,36.002795385067536
2025-08-30 06:00:00+00:00,11979.844167933743,1.4133529401401881e-07,-0.03205599555035131,0.0,4.539168664494293e-05,4.539168664494293e-05,4.539168664494293e-05,4.539168664494293e-05,0.9998184332534202,-0.03205599555035131,35.970739389517185
2025-08-30 08:00:00+00:00,11979.849408190807,4.3742280717237843e-07,-0.031919679849928974,0.0,4.539168664494293e-05,4.539168664494293e-05,4.539168664494293e-05,4.539168664494293e-05,0.9998184332534202,-0.031919679849928974,35.93881970966726
2025-08-30 10:00:00+00:00,11969.18574142829,-0.000890133623484996,-0.19863932634693357,0.9998070833998003,0.249997162536595,0.249997162536595,0.249997162536595,0.249997162536595,1.1349853619981923e-05,-0.19863932634693357,35.74018038332032
2025-08-30 12:00:00+00:00,11969.186409234375,5.57937774667579e-08,-0.03140608070785607,0.9998070833998003,4.539168664494293e-05,4.539168664494293e-05,4.539168664494293e-05,4.539168664494293e-05,0.9998184332534202,-0.03140608070785607,35.70877430261247
2025-08-30 14:00:00+00:00,11908.497136642118,-0.005070459304187534,-1.0084606863570238,0.9998070833998003,0.249997162536595,0.249997162536595,0.249997162536595,0.249997162536595,1.1349853619981923e-05,-1.0084606863570238,34.70031361625544
2025-08-30 16:00:00+00:00,11908.506848385281,8.155305452498431e-07,-0.02863654667500746,0.9998070833998003,4.539168664494293e-05,4.539168664494293e-05,4.539168664494293e-05,4.539168664494293e-05,0.9998184332534202,-0.02863654667500746,34.67167706958043
2025-08-30 18:00:00+00:00,11908.501113248922,-4.815999547974159e-07,-0.028807060777967155,0.0,4.539168664494293e-05,4.539168664494293e-05,4.539168664494293e-05,4.539168664494293e-05,0.9998184332534202,-0.028807060777967155,34.64287000880247
2025-08-30 20:00:00+00:00,11913.448060306977,0.00041541307432481275,0.049288311632556446,0.9998070833998003,0.249997162536595,0.249997162536595,0.249997162536595,0.249997162536595,1.1349853619981923e-05,0.049288311632556446,34.69215832043503
2025-08-30 22:00:00+00:00,11900.784725368765,-0.0010629445710519762,-0.23027234965304197,0.0,0.249997162536595,0.249997162536595,0.249997162536595,0.249997162536595,1.1349853619981923e-05,-0.23027234965304197,34.461885970781985
2025-08-31 00:00:00+00:00,11952.436928125306,0.004340235030588867,0.7729674140768421,0.0,0.249997162536595,0.249997162536595,0.249997162536595,0.249997162536595,1.1349853619981923e-05,0.7729674140768421,35.23485338485883
2025-08-31 02:00:00+00:00,12049.474285506669,0.008118625345181613,1.4355349385389373,0.0,0.249997162536595,0.249997162536595,0.249997162536595,0.249997162536595,1.1349853619981923e-05,1.4355349385389373,36.670388323397766
2025-08-31 04:00:00+00:00,12049.47868887114,3.6544038089590635e-07,-0.03369457784418453,0.9998070833998003,4.539168664494293e-05,4.539168664494293e-05,4.539168664494293e-05,4.539168664494293e-05,0.9998184332534202,-0.03369457784418453,36.63669374555358
2025-08-31 06:00:00+00:00,11986.481995437449,-0.005228167546524236,-1.0558833762303548,0.9998070833998003,0.249997162536595,0.249997162536595,0.249997162536595,0.249997162536595,1.1349853619981923e-05,-1.0558833762303548,35.580810369323224
2025-08-31 08:00:00+00:00,11974.317382696523,-0.0010148609696786054,-0.2240641460405665,0.0,0.249997162536595,0.249997162536595,0.249997162536595,0.249997162536595,1.1349853619981923e-05,-0.2240641460405665,35.356746223282656
2025-08-31 10:00:00+00:00,11986.713715874437,0.0010352434115224367,0.16461792761323046,0.0,0.249997162536595,0.249997162536595,0.249997162536595,0.249997162536595,1.1349853619981923e-05,0.16461792761323046,35.521364150895884
2025-08-31 12:00:00+00:00,11986.715109153534,1.162352859873434e-07,-0.030834174850013118,0.9998070833998003,4.539168664494293e-05,4.539168664494293e-05,4.539168664494293e-05,4.539168664494293e-05,0.9998184332534202,-0.030834174850013118,35.49052997604587
2025-08-31 14:00:00+00:00,11975.309957151643,-0.000951482695470188,-0.2130293938717201,0.9998070833998003,0.249997162536595,0.249997162536595,0.249997162536595,0.249997162536595,1.1349853619981923e-05,-0.2130293938717201,35.27750058217415
2025-08-31 16:00:00+00:00,11993.317928241499,0.0015037582454473686,0.25439205865927067,0.0,0.249997162536595,0.249997162536595,0.249997162536595,0.249997162536595,1.1349853619981923e-05,0.25439205865927067,35.53189264083342
2025-08-31 18:00:00+00:00,11991.302170592255,-0.00016807339397696423,-0.0630846698299227,0.0,0.249997162536595,0.249997162536595,0.249997162536595,0.249997162536595,1.1349853619981923e-05,-0.0630846698299227,35.4688079710035
2025-08-31 20:00:00+00:00,11991.298937848407,-2.6959072513937356e-07,-0.030775195306591507,0.9998070833998003,4.539168664494293e-05,4.539168664494293e-05,4.539168664494293e-05,4.539168664494293e-05,0.9998184332534202,-0.030775195306591507,35.43803277569691
2025-08-31 22:00:00+00:00,12016.72411451225,0.0021203021287038155,0.3721498442360236,0.9998070833998003,0.249997162536595,0.249997162536595,0.249997162536595,0.249997162536595,1.1349853619981923e-05,0.3721498442360236,35.81018261993293
2025-09-01 00:00:00+00:00,11867.67407259779,-0.012403550293249726,-2.6017683340478013,0.0,0.249997162536595,0.249997162536595,0.249997162536595,0.249997162536595,1.1349853619981923e-05,-2.6017683340478013,33.20841428588513
