timestamp,portfolio_value,return,reward,turnover,weight_btc,weight_eth,weight_ltc,weight_bnb,weight_usdt,dsr,cumulative_dsr
2025-06-04 18:00:00+00:00,10000.0,,,,0.0,0.0,0.0,0.0,1.0,,0.0
2025-06-04 20:00:00+00:00,9986.461980239748,-0.0013538019760251322,0.0,0.8983143767628774,0.1472319443211266,0.12099004530160269,0.3910290414272516,0.23906334571289656,0.10168562323712255,0.0,0.0
2025-06-04 22:00:00+00:00,9956.04701120028,-0.00304562007041633,0.0,0.011864305989356665,0.15157154996564817,0.12054857114104625,0.3796062095984513,0.24502316647636452,0.10325050281848963,0.0,0.0
2025-06-05 00:00:00+00:00,9920.807484438488,-0.0035395098799904556,0.0,0.01230177915840952,0.14338127056519126,0.11764237873579506,0.3903612480655986,0.24381785912366313,0.10479724350975192,0.0,0.0
2025-06-05 02:00:00+00:00,9955.957585118187,0.003543068518851343,0.0,0.005647517670837043,0.14075325777675143,0.1164050636436077,0.39590546733501286,0.24392115752508586,0.10301505371954203,0.0,0.0
2025-06-05 04:00:00+00:00,9959.043822890982,0.00030998904388753276,0.0,0.011601831060094929,0.13743140248238103,0.11162139110419216,0.3924091641087039,0.2510397525734603,0.10749828973126258,0.0,0.0
2025-06-05 06:00:00+00:00,9927.709666819874,-0.003146301655896646,-6.121529815739337,0.005187699826236819,0.13912959414112497,0.11137772823021223,0.387465127156447,0.2535213762838076,0.1085061741884081,-0.030607649078696685,-0.030607649078696685
2025-06-05 08:00:00+00:00,9917.339720542717,-0.001044545683262033,-1.987602594085336,0.013627328539823548,0.13173514373305983,0.10540258135552195,0.3872073958993789,0.26222306152823627,0.11343181748380306,-0.00993801297042668,-0.04054566204912337
2025-06-05 10:00:00+00:00,9943.7617531814,0.0026642258290245926,6.927700968500471,0.0034543931565372277,0.13279011476666636,0.10647646383301936,0.3885329355448123,0.26090291715281283,0.11129756870268932,0.03463850484250235,-0.005907157206621015
2025-06-05 12:00:00+00:00,9910.835707916414,-0.003311226282593831,-5.3266721767654825,0.015049656191933693,0.12338026254838494,0.10083665985936699,0.390992338109164,0.26958687659694774,0.11520386288613628,-0.026633360883827412,-0.03254051809044843
2025-06-05 14:00:00+00:00,9888.080951191765,-0.0022959473242476895,-3.4152221525612814,0.02072965833409441,0.11066620512786123,0.09282105894579631,0.3920705679345694,0.27980741096036305,0.12463475703141001,-0.017076110762806407,-0.04961662885325484
2025-06-05 16:00:00+00:00,9875.988499988753,-0.0012229320595878944,-1.857117237650931,0.009439291436745205,0.11533253633797035,0.09744995858015928,0.3922146285268425,0.27306784833906916,0.1219350282159587,-0.009285586188254655,-0.05890221504150949
2025-06-05 18:00:00+00:00,9806.477134246135,-0.0070384210899696025,-4.675455637275191,0.013301207469941512,0.11039025696681347,0.09258511856468453,0.38872054044353266,0.2834274838392481,0.12487660018572129,-0.023377278186375954,-0.08227949322788544
2025-06-05 20:00:00+00:00,9688.49157497824,-0.012031390850427447,-0.5251761954639937,0.008241235496807608,0.10362868193639126,0.0911054580982992,0.3887531923331733,0.2849060059153127,0.13160666171682375,-0.0026258809773199686,-0.08490537420520541
2025-06-05 22:00:00+00:00,9514.419851493803,-0.01796685501941274,1.0080877916363795,0.02121087090066736,0.09207393294572881,0.0814493361882941,0.3925816373604351,0.29295169740307087,0.14094339610247092,0.005040438958181898,-0.07986493524702351
2025-06-06 00:00:00+00:00,9503.571838959646,-0.0011401654229558022,-0.5811960647387565,0.03236469495462365,0.06956009627330785,0.0715984779060915,0.39335782760964305,0.2954421133818793,0.17004148482907827,-0.0029059803236937826,-0.0827709155707173
2025-06-06 02:00:00+00:00,9528.462129657406,0.0026190458829094317,1.8356825399215404,0.011754529069222995,0.06386516391674511,0.06594070129471923,0.392956007508355,0.3060727002839186,0.17116542699626194,0.009178412699607702,-0.07359250287110959
2025-06-06 04:00:00+00:00,9591.956736001695,0.006663678301943552,5.134665450428218,0.031918843536876684,0.05437075417290349,0.05972169253530385,0.3767505824747354,0.3137391093290359,0.19541786148802137,0.025673327252141092,-0.047919175618968496
2025-06-06 06:00:00+00:00,9562.064349764367,-0.003116401278701825,-1.5566356390161287,0.026492851927233482,0.05235909111120476,0.06194511605414079,0.3522693936092007,0.31498423152831917,0.21844216769713468,-0.0077831781950806435,-0.05570235381404914
2025-06-06 08:00:00+00:00,9575.762551986487,0.001432557000357061,0.922770166967145,0.011132696695070221,0.049629793796965874,0.06253586134929474,0.34669344926827717,0.31215677648841134,0.22898411909705094,0.004613850834835725,-0.05108850297921341
2025-06-06 10:00:00+00:00,9584.421079671278,0.0009042128642793768,0.5924975071712304,0.038281859060398674,0.044445274750290725,0.06264859728953578,0.33095237165578284,0.2948005140871821,0.26715324221720854,0.002962487535856152,-0.04812601544335726
2025-06-06 12:00:00+00:00,9631.037396092956,0.004863759222823714,3.2780758602033813,0.007123017540645673,0.04499695274222364,0.06408406961509272,0.3273034996245046,0.2913263685778146,0.2722891094403643,0.016390379301016906,-0.03173563614234036
2025-06-06 14:00:00+00:00,9701.137265722238,0.007278537788433994,4.936941599559481,0.010363743842219848,0.04397196355009475,0.06465353067486833,0.3257520332582843,0.28353908029394403,0.2820833922228086,0.024684707997797407,-0.007050928144542952
2025-06-06 16:00:00+00:00,9723.930887935738,0.002349582485966639,1.359935261858434,0.005697585511149652,0.044512964380321006,0.0659909858647011,0.32737007687033487,0.27784149478279435,0.2842844781018486,0.006799676309292169,-0.0002512518352507827
2025-06-06 18:00:00+00:00,9727.550495003654,0.0003722370211832044,0.234780561778912,0.0032377551399882833,0.04562892021816377,0.0673638851974303,0.3266346837725018,0.2785903947522107,0.2817821160596934,0.00117390280889456,0.0009226509736437773
2025-06-06 20:00:00+00:00,9710.324651286857,-0.0017708305627037858,-0.8894677878364945,0.002096826183566273,0.046078180621021016,0.06847470262679763,0.32717143212384353,0.2782930008421816,0.2799826837861562,-0.004447338939182473,-0.0035246879655386953
2025-06-06 22:00:00+00:00,9734.408679458838,0.002480249532006087,1.4328227648787677,0.005966712352633373,0.048836254360156046,0.07168334124029604,0.326757045812001,0.2743042725192918,0.2784190860682553,0.0071641138243938385,0.003639425858855143
2025-06-07 00:00:00+00:00,9715.456070432301,-0.001946970756069606,-0.978701064697678,0.006153702878238118,0.04957661997534408,0.0708924435932568,0.32437020250473236,0.27971760978234184,0.275443124144325,-0.00489350532348839,-0.0012540794646332468
2025-06-07 02:00:00+00:00,9700.250770134617,-0.0015650629458312311,-0.7823399301715072,0.02277949468148766,0.052463675685960706,0.07358123936599273,0.3277965530352161,0.29349490244999316,0.25266362946283727,-0.003911699650857536,-0.005165779115490782
2025-06-07 04:00:00+00:00,9756.987247013216,0.005848970116657329,3.5350534812489274,0.02346084983037493,0.056767746420669875,0.07047209193724284,0.33086767701203673,0.30958055756883834,0.2323119270612123,0.017675267406244637,0.012509488290753854
2025-06-07 06:00:00+00:00,9775.491202194164,0.0018964824604656468,1.0496418417140605,0.03822128467352916,0.07300580302473099,0.07312422454472048,0.3371362549632659,0.3226430750795996,0.19409064238768314,0.005248209208570303,0.017757697499324158
2025-06-07 08:00:00+00:00,9790.075714641978,0.001491946762178087,0.822226429307075,0.01312132151228624,0.07806728332121246,0.07735192640746102,0.34096839431632997,0.3141758836337191,0.18943651232127726,0.004111132146535375,0.021868829645859532
2025-06-07 10:00:00+00:00,9764.6285819065,-0.0025992784404537707,-1.2985674087657944,0.026894477849401063,0.09347950110195626,0.08883418647611836,0.3395404424076065,0.29890734920463624,0.1792385208096826,-0.006492837043828972,0.015375992602030559
2025-06-07 12:00:00+00:00,9800.192908732084,0.003642158688092109,2.028352880885089,0.003083089869683496,0.09303273702371957,0.08844200085441967,0.3399438038309013,0.30158707765102494,0.17699438063993447,0.010141764404425444,0.025517757006456004
2025-06-07 14:00:00+00:00,9824.200419228546,0.0024496977477933973,1.3281804799919985,0.0282890844308539,0.11012063893353075,0.0981886315515113,0.3413983556548525,0.2883075669192858,0.16198480694081985,0.006640902399959993,0.032158659406416
2025-06-07 16:00:00+00:00,9843.506377146707,0.0019651429220003884,1.0550617572096488,0.05030041535400607,0.1397646332926671,0.11884505254638095,0.3398141233217553,0.2641992901553278,0.1373769006838689,0.005275308786048244,0.037433968192464244
2025-06-07 18:00:00+00:00,9806.470276755985,-0.0037624906178459244,-1.8782015434102386,0.040742427950374444,0.16501074308995498,0.13434137069946744,0.3304404636301745,0.24202430601457278,0.1281831165658302,-0.009391007717051193,0.02804296047541305
2025-06-07 20:00:00+00:00,9818.003368330603,0.0011760695998799353,0.6328138115349485,0.008544793610194792,0.16536409134355257,0.1343970656191027,0.33339087410079216,0.2472096459809172,0.11963832295563553,0.0031640690576747424,0.031207029533087793
2025-06-07 22:00:00+00:00,9842.400959222616,0.0024849849787902446,1.329601529008805,0.011066700584256468,0.16965658312337556,0.13512769680631465,0.3394344517180136,0.2388658545881001,0.11691541376419608,0.006648007645044025,0.037855037178131816
2025-06-08 00:00:00+00:00,9821.540444770913,-0.0021194538342959456,-1.0585879171216535,0.015560568698792222,0.1712761396738837,0.13832130212933244,0.35018185854328,0.2312878751302162,0.10893282452328784,-0.005292939585608267,0.03256209759252355
2025-06-08 02:00:00+00:00,9828.953510609357,0.0007547762879081958,0.40853903635444655,0.007236521390382271,0.16579610921695914,0.13906390383114026,0.35526778896776556,0.232695864394305,0.10717633358983004,0.002042695181772233,0.03460479277429578
2025-06-08 04:00:00+00:00,9811.663615093066,-0.0017590779626365058,-0.8773341247208744,0.005784145336231436,0.17158025455319062,0.13892656703563916,0.35395851523397887,0.23148078364222702,0.10405387953496444,-0.004386670623604372,0.03021812215069141
2025-06-08 06:00:00+00:00,9797.498781668337,-0.0014436729570445645,-0.716314338254326,0.007324224426238972,0.1723546348264146,0.13490081840627577,0.35806404778663514,0.2339250952425857,0.10075540373808883,-0.00358157169127163,0.026636550459419782
2025-06-08 08:00:00+00:00,9763.407465878146,-0.003479593776931817,-1.7127839133346046,0.007070779343238166,0.16528385548317645,0.13645552363697955,0.3632639141808056,0.23405512072557486,0.1009415859734636,-0.008563919566673022,0.018072630892746758
2025-06-08 10:00:00+00:00,9729.543576652653,-0.0034684498566554226,-1.682486589502236,0.006093891923787724,0.16240662048052723,0.133238866715841,0.36711009209650497,0.23572745280616525,0.10151696790096154,-0.00841243294751118,0.009660197945235578
2025-06-08 12:00:00+00:00,9770.444971245797,0.0042038348737439765,2.3168955988575863,0.027759265523426224,0.14695611587050042,0.12093010580244161,0.3834858175758935,0.24172401209679986,0.10690394865436463,0.01158447799428793,0.02124467593952351
2025-06-08 14:00:00+00:00,9776.84401261885,0.0006549385818031398,0.3578389134562821,0.01788137668460338,0.15863572036530546,0.12713187799224,0.3734881000896516,0.23847438879578434,0.10226991275701872,0.0017891945672814105,0.02303387050680492
2025-06-08 16:00:00+00:00,9816.730208200017,0.004079659604846362,2.1904652000398004,0.011778072911853656,0.15023551184388206,0.1237540136018096,0.37989075949419915,0.241946341951117,0.10417337310899204,0.010952326000199002,0.03398619650700392
2025-06-08 18:00:00+00:00,9822.28703093662,0.0005660563770981077,0.30311140930075636,0.007677391367517827,0.1553440774585841,0.12632283935462546,0.37388269889625286,0.24126049350961534,0.10318989078092224,0.0015155570465037818,0.0355017535535077
2025-06-08 20:00:00+00:00,9837.61723669948,0.0015607572568968795,0.8133670920917503,0.007669120821842922,0.1570088775847676,0.13230989873557858,0.3726415912599484,0.2348324803240769,0.10320715209562856,0.004066835460458751,0.039568589013966454
2025-06-08 22:00:00+00:00,9848.265313216347,0.0010823836972579327,0.5645558254533636,0.004518534106666847,0.15948426048739983,0.1328547540812758,0.37413988711828583,0.2328355574377366,0.10068554087530207,0.002822779127266818,0.042391368141233274
2025-06-09 00:00:00+00:00,9773.98167651697,-0.007542814326873188,-3.6189332070431077,0.005938236417987235,0.16086816566085188,0.13740908532581095,0.3733060457633482,0.22876787889595818,0.09964882435403084,-0.018094666035215538,0.024296702106017736
2025-06-09 02:00:00+00:00,9757.612070655425,-0.001674814461835574,-0.7853497281502185,0.009021881049077918,0.15512151199438956,0.13413385794319532,0.3775826540854705,0.23147566773057107,0.10168630824637355,-0.003926748640751093,0.020369953465266644
2025-06-09 04:00:00+00:00,9793.890216864093,0.0037179328247499825,1.9255885084231448,0.005485275739393954,0.1557636084616635,0.12970325594969861,0.376909801352714,0.2363188470026911,0.10130448723323279,0.009627942542115724,0.02999789600738237
2025-06-09 06:00:00+00:00,9741.223824099028,-0.005377474282321235,-2.476142124677722,0.0038178773881579475,0.15767583301070215,0.12940154554919728,0.37353692360535684,0.2382244998418104,0.10116119799293335,-0.012380710623388611,0.017617185383993757
2025-06-09 08:00:00+00:00,9745.013740625353,0.00038905958786703535,0.21276792811808087,0.020522249968685423,0.14329105219682609,0.1232640763943879,0.389750809574535,0.24159898968620616,0.10209507214804484,0.0010638396405904043,0.01868102502458416
2025-06-09 10:00:00+00:00,9822.651074802798,0.007966877856086433,4.220927632536582,0.012157309686444878,0.14764598346277713,0.12105823314308406,0.379799343139394,0.2467668356788125,0.10472960457593238,0.021104638162682907,0.03978566318726707
2025-06-09 12:00:00+00:00,9917.131605753078,0.00961863861708815,4.770520112661857,0.014699841441421245,0.15713370936362056,0.12627034868366188,0.37118148037564735,0.2428054196706739,0.10260904190639639,0.023852600563309286,0.06363826375057635
2025-06-09 14:00:00+00:00,9853.730982903671,-0.006393040384038825,-2.8185017383658084,0.013843083062899567,0.16310596219852766,0.1341411789116543,0.36895325361620324,0.2362959533094883,0.0975036519641265,-0.014092508691829042,0.04954575505874731
2025-06-09 16:00:00+00:00,9868.804955603073,0.0015297731108709512,0.6821733184373678,0.005965391198694471,0.1615004398814872,0.13709324540958764,0.3668629466722382,0.2340263913717994,0.1005169766648877,0.0034108665921868393,0.05295662165093415
2025-06-09 18:00:00+00:00,9941.383802685792,0.007354370403430897,3.305529941736094,0.012552360313717661,0.17226657029266287,0.13579114300292364,0.3558878738747486,0.23581262127434136,0.1002417915553236,0.01652764970868047,0.06948427135961462
2025-06-09 20:00:00+00:00,9933.04737594185,-0.0008385579824098793,-0.35886483231026356,0.011553373982809347,0.17082452928307026,0.13853132499213636,0.36470106586834516,0.22847370108265094,0.09746937877379724,-0.0017943241615513178,0.0676899471980633
2025-06-09 22:00:00+00:00,10067.938559987877,0.013580040338148221,5.837647198763411,0.008734113460570785,0.16742803329608194,0.14068467912831262,0.3712818251927397,0.22587477969142206,0.0947306826914437,0.029188235993817053,0.09687818319188035
2025-06-10 00:00:00+00:00,10126.814878821275,0.005847902078721982,2.2413790202995,0.01643515228028463,0.17532493425880877,0.14717722107038056,0.35922808206746465,0.22149337053641244,0.0967763920669335,0.011206895101497501,0.10808507829337785
2025-06-10 02:00:00+00:00,10165.281762767669,0.003798517540479809,1.4352162614861443,0.007285573602699352,0.1814932460448215,0.14829448288706717,0.35782202582657535,0.21890210232512838,0.0934881429164075,0.0071760813074307215,0.11526115960080857
2025-06-10 04:00:00+00:00,10106.950613659506,-0.005738271743908965,-2.387449121629336,0.015978855125892616,0.18930260916500696,0.15646397489277436,0.3547395935902005,0.21014094150645676,0.08935288084556137,-0.011937245608146681,0.10332391399266189
2025-06-10 06:00:00+00:00,10060.242436960303,-0.0046213916031287655,-1.862622231189931,0.006193196114649066,0.19407389115046736,0.1575331435931217,0.35060951794175377,0.20807782104025443,0.08970562627440268,-0.009313111155949655,0.09401080283671223
2025-06-10 08:00:00+00:00,10069.17876840452,0.0008882819176786795,0.3298250036246609,0.006567014982712845,0.1981625992805254,0.1600114504457766,0.3490859872879434,0.20498965982115652,0.08775030316459824,0.0016491250181233045,0.09565992785483554
2025-06-10 10:00:00+00:00,10080.295438441843,0.0011040294638730596,0.412339417318997,0.0045014139123692384,0.20007851658622522,0.16036385745665505,0.34634436002366376,0.2072227494169475,0.0859905165165086,0.002061697086594985,0.09772162494143052
2025-06-10 12:00:00+00:00,10201.389868945807,0.01201298426652884,4.352379947076694,0.008312603706531627,0.205439710954055,0.15658943701415015,0.341806176759637,0.20874024400474853,0.08742443126740937,0.021761899735383474,0.119483524676814
2025-06-10 14:00:00+00:00,10169.409532754347,-0.0031348999109240532,-1.2153174012370198,0.013387004427941808,0.21323989147558123,0.16217626092056572,0.3316679951678114,0.2081032203515603,0.08481263208448135,-0.006076587006185099,0.1134069376706289
2025-06-10 16:00:00+00:00,10129.126839300652,-0.003961163460272721,-1.5279127899864111,0.00608053612505443,0.21056173574629,0.15877388052480249,0.33355051979505845,0.2101526624045521,0.0869612015292969,-0.007639563949932055,0.10576737372069685
2025-06-10 18:00:00+00:00,10132.959262207893,0.0003783566903685666,0.1218969520776346,0.017199707431211103,0.21708426039401263,0.16799911434810613,0.32519969135302,0.20130378341537947,0.08841315048948176,0.000609484760388173,0.10637685848108502
2025-06-10 20:00:00+00:00,10218.327609935111,0.00842481900086287,2.923909034690855,0.00573727466383557,0.21631035736465473,0.1726408137712806,0.32394236233966284,0.197597740794259,0.0895087257301429,0.014619545173454276,0.1209964036545393
2025-06-10 22:00:00+00:00,10246.677727048687,0.002774438068124873,0.9548032427532943,0.0016723390850687594,0.21492172990167563,0.17343876388234322,0.3236586507175731,0.19770436314077514,0.09027649235763284,0.004774016213766471,0.12577041986830578
2025-06-11 00:00:00+00:00,10330.521650595178,0.00818254714161291,2.7016437411967167,0.007688930618664901,0.21925666355152407,0.17227804004752956,0.31836351071803404,0.20105836010959163,0.0890434255733207,0.013508218705983583,0.13927863857428938
2025-06-11 02:00:00+00:00,10228.011505305069,-0.009923036682683092,-3.9819058571056964,0.0034089953878152224,0.2218274010037849,0.17220521163882418,0.3150273437389242,0.20147417951626198,0.08946586410220478,-0.01990952928552848,0.11936910928876089
2025-06-11 04:00:00+00:00,10242.382866121647,0.0014050982255077405,0.45577428927076585,0.004664273433369011,0.21811229009359734,0.1733388716123785,0.3180948074088792,0.20052501699308048,0.08992901389206447,0.0022788714463538294,0.12164798073511472
2025-06-11 06:00:00+00:00,10234.20470614757,-0.0007984626313010933,-0.3032648981833853,0.011633616484821169,0.2081849206779019,0.17163262454325273,0.32409547638184233,0.2031565030406073,0.09293047535639563,-0.0015163244909169266,0.12013165624419779
2025-06-11 08:00:00+00:00,10230.931015239323,-0.000319877411312653,-0.13548998580072374,0.002712154469288644,0.2069032133500755,0.17204495516848076,0.32595285177160055,0.20172605589914508,0.09337292381069805,-0.0006774499290036187,0.11945420631519417
2025-06-11 10:00:00+00:00,10188.89395905736,-0.004108820215808997,-1.5008237684139174,0.0042048336887045845,0.20744192059499117,0.1693427844028672,0.32592917009966094,0.20539218234293402,0.09189394255954665,-0.007504118842069587,0.11195008747312458
2025-06-11 12:00:00+00:00,10185.192888345828,-0.0003632455815521941,-0.14630153533271095,0.008027866684610765,0.20412242823200433,0.1646344100812433,0.33170315718139187,0.20719332334928908,0.09234668115607143,-0.0007315076766635548,0.11121857979646103
2025-06-11 14:00:00+00:00,10238.869671361601,0.005270080164823602,1.744344078541844,0.003944094217429646,0.20470884878496717,0.16494899559441126,0.32957342932212913,0.210236411500588,0.0905323147979046,0.00872172039270922,0.11994030018917025
2025-06-11 16:00:00+00:00,10341.446292569877,0.010018354027416378,3.1511256263184935,0.027737734151231055,0.1868906095216159,0.1550295007065314,0.34685762825781125,0.21641366252555974,0.09480859898848173,0.015755628131592467,0.13569592832076272
2025-06-11 18:00:00+00:00,10280.197208057973,-0.0059226807140032945,-2.156395535289063,0.001154162792478583,0.18643852430528549,0.15618366349900997,0.34659537095958237,0.21597497225629578,0.09480746897982639,-0.010781977676445316,0.1249139506443174
2025-06-11 20:00:00+00:00,10226.525944035217,-0.005220839925199843,-1.8522648227737735,0.00768288561861636,0.18200190433762553,0.153097184131071,0.35419992597974065,0.21605330285475385,0.09464768269680894,-0.009261324113868867,0.11565262653044853
2025-06-11 22:00:00+00:00,10155.679365869406,-0.006927726830550259,-2.4387656419327364,0.01643692572458648,0.19550757924116502,0.15602843495211807,0.3429815700714618,0.21382194525026943,0.09166047048498581,-0.012193828209663683,0.10345879832078485
2025-06-12 00:00:00+00:00,10191.76153580258,0.0035529055844787443,1.1291939410852487,0.015794014510681492,0.1839194152701703,0.15185167439933991,0.3529233741146861,0.21379285526336075,0.09751268095244293,0.005645969705426244,0.1091047680262111
2025-06-12 02:00:00+00:00,10197.673405446485,0.0005800635761676954,0.1710651158922909,0.013729473148989813,0.17828262926545066,0.14400845994098235,0.3598744215303609,0.22057128099667572,0.0972632082665303,0.0008553255794614545,0.10996009360567255
2025-06-12 04:00:00+00:00,10119.315833101116,-0.007683867606852237,-2.6687406868271344,0.009189659761333333,0.17143251527816844,0.14285702191038915,0.36492092161971235,0.21938317325321785,0.10140636793851225,-0.013343703434135672,0.09661639017153688
2025-06-12 06:00:00+00:00,10104.911827703825,-0.0014234169221375424,-0.47675409626221144,0.007891353854344245,0.1745276354477442,0.13861165076090218,0.365784135822798,0.2233161927349007,0.09776038523365499,-0.0023837704813110573,0.09423261969022582
2025-06-12 08:00:00+00:00,10075.731540991406,-0.0028877329372056838,-0.9593948681391231,0.004292193300854855,0.17080490036839863,0.13804219253939284,0.36797971105298527,0.22382280796061424,0.09935038807860899,-0.004796974340695616,0.0894356453495302
2025-06-12 10:00:00+00:00,10084.436515679541,0.0008639546074366601,0.2711168929757562,0.00640496573177976,0.1741334433817394,0.14111861525783187,0.36357054450239945,0.2227680205128661,0.09840937634516322,0.001355584464878781,0.09079122981440899
2025-06-12 12:00:00+00:00,9988.596139610941,-0.009503790907859336,-3.1961418881717454,0.03546787291219962,0.15160404829055177,0.12818013743681989,0.391963773581821,0.22456361026174765,0.10368843042905976,-0.015980709440858727,0.07481052037355027
2025-06-12 14:00:00+00:00,10035.442293209186,0.0046899637289837945,1.489271555206092,0.009869826347197054,0.15102919238531098,0.1221137597655783,0.38873518081110625,0.23427664833320097,0.10384521870480343,0.00744635777603046,0.08225687814958073
2025-06-12 16:00:00+00:00,9964.361880242648,-0.007082937741033798,-2.284099173007004,0.024732597559128613,0.14643235046010764,0.11325103612169726,0.37746214882106216,0.2538948806699783,0.10895958392715487,-0.01142049586503502,0.07083638228454571
2025-06-12 18:00:00+00:00,10094.748407096027,0.01308528618494971,4.119975337901504,0.0384809938247129,0.12360391702162239,0.09759847573546952,0.3843723586133458,0.27581761714786596,0.11860763148169638,0.02059987668950752,0.09143625897405323
2025-06-12 20:00:00+00:00,9923.978222871407,-0.016916735052512934,-5.388748518415805,0.006175516967096437,0.1254615275742809,0.10037078983467992,0.3850503340333183,0.2696421001807695,0.1194752483769514,-0.026943742592079024,0.0644925163819742
2025-06-12 22:00:00+00:00,9833.406362991394,-0.009126567778159251,-2.5807259070105544,0.017379788634989048,0.11453760215477421,0.09391492661919754,0.38717057097010416,0.27846249205269813,0.12591440820322594,-0.012903629535052771,0.05158888684692143
2025-06-13 00:00:00+00:00,9821.646465146383,-0.001195912933006712,-0.32613868863966505,0.020167641265779628,0.10029401502142735,0.0879908724867648,0.3937581043306142,0.2832245457925935,0.1347324623686002,-0.0016306934431983254,0.0499581934037231
2025-06-13 02:00:00+00:00,9556.248687672314,-0.027021719669494734,-7.022612971340527,0.013933773901155223,0.09299944278763145,0.08135167081940547,0.39583183781737974,0.28970240021327975,0.1401146483623036,-0.03511306485670263,0.01484512854702047
2025-06-13 04:00:00+00:00,9617.922652755997,0.006453784021259479,1.7033535901747994,0.03419503628928644,0.06988425256454486,0.07088182297674497,0.39522183959384044,0.29357543035892286,0.170436654505947,0.008516767950873997,0.02336189649789447
2025-06-13 06:00:00+00:00,9587.844235971379,-0.0031273298684720867,-0.742264738402344,0.0075288072198370845,0.07344453757469005,0.07081980379922216,0.39919036180353223,0.2930737776039902,0.16347151921856526,-0.00371132369201172,0.019650572805882748
2025-06-13 08:00:00+00:00,9673.860808492505,0.00897141947700938,2.3706946655512713,0.011338931875837073,0.06943770700038053,0.06752175083046107,0.3951563134707658,0.3005258382148432,0.1673583904835494,0.011853473327756357,0.03150404613363911
2025-06-13 10:00:00+00:00,9661.91728109167,-0.001234618487620803,-0.28455558984275076,0.04038913754709378,0.05164906433548477,0.06031923516898877,0.380346062585972,0.2999381098789113,0.20774752803064317,-0.0014227779492137539,0.030081268184425355
2025-06-13 12:00:00+00:00,9694.25174012873,0.0033465882698393524,0.8557269137504455,0.021379903480477365,0.05834640663563969,0.06488350314324212,0.3665167411286034,0.3100564030849804,0.2001969460075344,0.0042786345687522275,0.03435990275317758
2025-06-13 14:00:00+00:00,9664.079759346085,-0.003112357878818981,-0.7421511641420497,0.04846791990667636,0.046965759725781306,0.06015367573659492,0.35372605727139605,0.29048964135201694,0.24866486591421075,-0.003710755820710249,0.03064914693246733
2025-06-13 16:00:00+00:00,9690.298651390975,0.0027130252127247866,0.6960855007273801,0.017886008862149885,0.045761317387137866,0.06166080666829971,0.33704449074788956,0.29355629752809875,0.26197708766857397,0.0034804275036369003,0.03412957443610423
2025-06-13 18:00:00+00:00,9710.008965924548,0.002034025497319804,0.5231973454908102,0.014355726680800183,0.047168372046213096,0.06552143083304322,0.3294987864660189,0.28674627512916934,0.2710651355255555,0.0026159867274540513,0.03674556116355828
2025-06-13 20:00:00+00:00,9696.12143698495,-0.0014302282303067736,-0.33746827152231007,0.010131869801923606,0.045257067235591385,0.06275185593228844,0.3323643610242093,0.2940125703729024,0.2656141454350083,-0.0016873413576115504,0.03505821980594673
2025-06-13 22:00:00+00:00,9745.375830670131,0.005079803713813278,1.301669173926582,0.0167455280620664,0.04586393061962098,0.06575039893688259,0.32636880319029893,0.28326260014474647,0.278754267108451,0.0065083458696329095,0.041566565675579634
2025-06-14 00:00:00+00:00,9797.200542784783,0.005317877218398586,1.3515320410728473,0.003855112327744853,0.04683157015565392,0.06639007910271803,0.32861659581617536,0.28298790378339816,0.27517385114205445,0.0067576602053642364,0.04832422588094387
2025-06-14 02:00:00+00:00,9749.983227616405,-0.004819470109056017,-1.1692991737221217,0.01279317025777638,0.047750030842477274,0.06822062985380364,0.32333581316500104,0.27547551617679616,0.2852180099619219,-0.005846495868610608,0.042477730012333265
2025-06-14 04:00:00+00:00,9754.465157441533,0.00045968590104164704,0.12572155074380564,0.0035046559929784588,0.048688105673603606,0.0693593143231039,0.3236635620647587,0.2765756639695903,0.2817133539689434,0.0006286077537190283,0.04310633776605229
2025-06-14 06:00:00+00:00,9765.43311548602,0.001124403836341415,0.2910277164032996,0.02340427132517736,0.05360642073379137,0.06866225762378483,0.3293540420165714,0.28937114028276717,0.2590061393430851,0.001455138582016498,0.04456147634806879
2025-06-14 08:00:00+00:00,9763.030045064123,-0.0002460792464070203,-0.050055529738753504,0.018096893591660824,0.04923367849380729,0.0677980099867439,0.3226700933618971,0.2831951852228057,0.2771030329347459,-0.0002502776486937675,0.044311198699375026
2025-06-14 10:00:00+00:00,9734.7185721671,-0.0028998653867029077,-0.7045891055804901,0.044542497789466895,0.058139365978938234,0.07013331603026986,0.34092960914741494,0.29823717369809793,0.2325605351452791,-0.003522945527902451,0.040788253171472576
2025-06-14 12:00:00+00:00,9742.444857525457,0.0007936834846411964,0.21111342940106503,0.036234199099647334,0.05011299705707191,0.06665776817921677,0.3253229732242293,0.2891115272945556,0.2687947342449264,0.001055567147005325,0.0418438203184779
2025-06-14 14:00:00+00:00,9739.944156918895,-0.0002566810121211182,-0.051716650546327694,0.01492501228901032,0.05395086854135513,0.06532290310585691,0.3259365455463222,0.29958509577718984,0.25520458702927595,-0.00025858325273163846,0.04158523706574626
2025-06-14 16:00:00+00:00,9686.922190080671,-0.005443764972775431,-1.3273325133254654,0.009485680784516323,0.05272354284196345,0.06696099009222788,0.3292715779121007,0.2913267406920652,0.2597171484616428,-0.006636662566627327,0.03494857449911893
2025-06-14 18:00:00+00:00,9664.132291260014,-0.0023526460080370275,-0.5668595230456746,0.008939326880947729,0.05445485712524304,0.0655059959212985,0.32483768608248875,0.2985347532897333,0.25666670758123633,-0.0028342976152283725,0.032114276883890555
2025-06-14 20:00:00+00:00,9639.861409120742,-0.0025114393520070015,-0.604994246776352,0.00768615998246646,0.05457903018904247,0.06752894667299775,0.33037672224945663,0.29118830271547874,0.2563269981730245,-0.0030249712338817603,0.029089305650008796
2025-06-14 22:00:00+00:00,9683.669503368346,0.004544473451263068,1.1832361314355144,0.006232062436921114,0.054891491310083786,0.0663429673476944,0.3302497037186292,0.29710790403135845,0.25140793359223407,0.005916180657177572,0.03500548630718637
2025-06-15 00:00:00+00:00,9688.632450797217,0.0005125068990783495,0.1444435652660584,0.01174074358329353,0.05652995876654502,0.06921942389866302,0.33747552329449293,0.2933998606022839,0.24337523343801512,0.000722217826330292,0.03572770413351666
2025-06-15 02:00:00+00:00,9700.337016737822,0.0012080720370027849,0.32025184685004937,0.00510023466057994,0.05620860549313204,0.06717527709567245,0.33592434640573815,0.2985000952628638,0.24219167574259348,0.0016012592342502469,0.03732896336776691
2025-06-15 04:00:00+00:00,9721.863504112562,0.0022191484004727862,0.5777219667504295,0.009341157202304,0.056193449531917086,0.06978896012685847,0.3390726453027545,0.2891740940217748,0.24577085101669516,0.0028886098337521475,0.04021757320151906
2025-06-15 06:00:00+00:00,9755.658471528688,0.00347618205108814,0.8995118533762084,0.0052714442166728395,0.05957386514039753,0.07167998873505081,0.3390138168537113,0.28912395734125956,0.2406083719295807,0.004497559266881042,0.0447151324684001
2025-06-15 08:00:00+00:00,9715.422952413459,-0.004124326331498134,-1.0172924309050488,0.004288152917448187,0.059988291014776034,0.07308801532395524,0.3414795173078766,0.28755242413332066,0.2378917522200715,-0.005086462154525244,0.039628670313874854
2025-06-15 10:00:00+00:00,9677.719096117016,-0.0038808250017645734,-0.9524302930987726,0.00649979451700539,0.06143028111628632,0.07510215714550077,0.3445231799018261,0.2874642134229991,0.2314801684133876,-0.004762151465493863,0.03486651884838099
2025-06-15 12:00:00+00:00,9699.763425815583,0.0022778435166000937,0.5958018215794211,0.007137482050645221,0.06230515170541947,0.07395698076423009,0.3483751118194643,0.289874892966873,0.22548786274401306,0.0029790091078971052,0.037845527956278095
2025-06-15 14:00:00+00:00,9750.987879877674,0.005281000351591963,1.374207520670856,0.013726173287273862,0.06779457793557177,0.07628978076833474,0.35027675796333546,0.2938771938760188,0.21176168945673923,0.00687103760335428,0.044716565559632375
2025-06-15 16:00:00+00:00,9740.010055928975,-0.0011258165925271586,-0.2720018950786843,0.017504242844498155,0.07332423167439159,0.08078217329152329,0.35531729864146394,0.2963188497803801,0.19425744661224106,-0.0013600094753934214,0.043356556084238954
2025-06-15 18:00:00+00:00,9746.18373241539,0.0006338470341369061,0.17202992955899668,0.017012583292212155,0.08020578532477202,0.0884423477430934,0.3577881538317256,0.2855002795736813,0.18806343352672772,0.0008601496477949834,0.044216705732033935
2025-06-15 20:00:00+00:00,9729.411709314118,-0.0017208810711714223,-0.42258426264340415,0.014838241543068731,0.0884371328043442,0.08850943136865344,0.3532614449853894,0.29204009001161785,0.1777519008299952,-0.0021129213132170207,0.04210378441881692
2025-06-15 22:00:00+00:00,9687.550675404042,-0.004302524670633632,-1.0653329151262325,0.01594049670820976,0.09633310824896031,0.09431688428549706,0.3554985133321394,0.28536756582006295,0.16848392831334028,-0.005326664575631163,0.036777119843185754
2025-06-16 00:00:00+00:00,9751.807402924824,0.006632917821418349,1.740444317998062,0.00966236777884686,0.09929210418318463,0.09537039327423355,0.3574959618541083,0.2890199801539801,0.15882156053449345,0.00870222158999031,0.045479341433176064
2025-06-16 02:00:00+00:00,9780.736255891115,0.002966511926559944,0.7654707681401975,0.015095792523245152,0.10953628616545558,0.10022200381520768,0.35420869079707495,0.28562253028827816,0.15041048893398354,0.003827353840700988,0.04930669527387705
2025-06-16 04:00:00+00:00,9787.273630110212,0.0006683928538774098,0.17778158899932178,0.011134546809666093,0.1166383602621344,0.10177179494931976,0.34984793603325814,0.28810521186715343,0.14363669688813432,0.0008889079449966089,0.05019560321887366
2025-06-16 06:00:00+00:00,9851.144535471372,0.006525913934260907,1.6836527160808599,0.008172588374700925,0.11937934616708237,0.10551510715486902,0.3513619206493983,0.27993262349245246,0.1438110025361978,0.0084182635804043,0.058613866799277964
2025-06-16 08:00:00+00:00,9884.006418802053,0.0033358441968194077,0.8479511170531463,0.039068045719940485,0.1457972382878223,0.11816526075406963,0.3422975160767881,0.2683676308181081,0.12537235406321193,0.004239755585265731,0.0628536223845437
2025-06-16 10:00:00+00:00,9864.881162126818,-0.0019349700784142567,-0.4859261569522848,0.02336558003061147,0.15102159328845532,0.12303430649332464,0.35556969536751143,0.2509660063846685,0.11940839846603998,-0.002429630784761424,0.060423991599782276
2025-06-16 12:00:00+00:00,9853.675253342219,-0.0011359395618086132,-0.2838447790460219,0.02705313256931019,0.16593800277554305,0.13517102957554722,0.34700044619739834,0.23532910159997886,0.11656141985153262,-0.0014192238952301095,0.059004767704552166
2025-06-16 14:00:00+00:00,9910.328908218517,0.0057494948249977255,1.4687637613315274,0.008408045803541132,0.17140270240450978,0.13596226525114521,0.3491525566963747,0.23294698093369673,0.11053549471427355,0.007343818806657638,0.0663485865112098
2025-06-16 16:00:00+00:00,9913.66002974479,0.00033612623325853587,0.08505983856249172,0.009292531793163326,0.17214892423490363,0.13289112093845853,0.35371096183711626,0.23693488575572472,0.104314107233797,0.00042529919281245857,0.06677388570402226
2025-06-16 18:00:00+00:00,9917.400575237561,0.0003773122622270263,0.09548897898805755,0.005417881686824368,0.1707397505708401,0.13587610141549922,0.35614386304689993,0.23542471249309324,0.10181557247366764,0.0004774448949402878,0.06725133059896254
2025-06-16 20:00:00+00:00,9987.99232921003,0.007117969415163788,1.8060913184371,0.006577790634128902,0.17476309069219115,0.1373311308689494,0.35434357430536517,0.23064721060049903,0.10291499353299523,0.0090304565921855,0.07628178719114805
2025-06-16 22:00:00+00:00,9971.96120489923,-0.0016050397099242383,-0.41093831230184275,0.006919985849688073,0.17866027928820263,0.1401815441279814,0.3545159583000098,0.22657828201342642,0.10006393627037981,-0.0020546915615092137,0.07422709562963883
2025-06-17 00:00:00+00:00,9778.885822336992,-0.019361826484782164,-4.994195632555256,0.01854889249311828,0.17404469215063081,0.1436066363598487,0.36963975856126075,0.217155455009384,0.09555345791887572,-0.02497097816277628,0.04925611746686255
2025-06-17 02:00:00+00:00,9831.499671601652,0.005380352140371675,1.3111778663148275,0.0036292739824831804,0.17223513942256388,0.1417869151054325,0.37164225821462527,0.21832478194072702,0.09601090531665142,0.006555889331574138,0.05581200679843669
2025-06-17 04:00:00+00:00,9864.803075441314,0.0033874184968809115,0.8183807618947073,0.011084396503076063,0.18022673816742904,0.13883512994672303,0.3635096468702586,0.22079939098086307,0.0966290940347262,0.004091903809473537,0.05990391060791023
2025-06-17 06:00:00+00:00,9804.648764995118,-0.006097872404158954,-1.4516204961844132,0.010374871326886088,0.17375679340535877,0.13956305201504468,0.373156596128823,0.22005703485278824,0.09346652359798518,-0.007258102480922067,0.05264580812698816
2025-06-17 08:00:00+00:00,9811.189723717927,0.0006671283061319753,0.16582010577676118,0.021946764493477953,0.16172050235765742,0.12965257856926807,0.38323460477370924,0.22896506285989987,0.09642725143946528,0.0008291005288838059,0.05347490865587196
2025-06-17 10:00:00+00:00,9777.125964307552,-0.0034719295385786607,-0.8211625368695071,0.026614707021575375,0.17813698440871206,0.13477263212214227,0.35661989775213393,0.23366313442945003,0.09680735128756171,-0.004105812684347536,0.049369095971524425
2025-06-17 12:00:00+00:00,9710.287553050206,-0.006836202325851966,-1.6087544432101988,0.011612776662347751,0.1719065643220038,0.13015245173429996,0.36616358951979866,0.235732219324133,0.09604517509976448,-0.008043772216050994,0.04132532375547343
2025-06-17 14:00:00+00:00,9715.819879298711,0.0005697386630705222,0.14822565689067088,0.030995364835765635,0.1537185578340953,0.1314318796312773,0.39347215102379124,0.22292486097627595,0.09845255053456028,0.0007411282844533544,0.04206645203992679
2025-06-17 16:00:00+00:00,9594.343832565795,-0.012502912594308399,-2.8766766174866114,0.016976000337351346,0.16292975985152197,0.1391966779512019,0.38057648195966576,0.22110594327419494,0.09619113696341536,-0.014383383087433057,0.02768306895249373
2025-06-17 18:00:00+00:00,9517.405040035756,-0.00801918232999837,-1.7997101870843044,0.05863432281956002,0.13206622316098846,0.11142589182217547,0.40525674832346187,0.24533506983905132,0.10591606685432295,-0.008998550935421522,0.01868451801707221
2025-06-17 20:00:00+00:00,9650.262007045552,0.01395936880388319,3.5321190057376723,0.020955537453205275,0.13383306225651234,0.10644533877812462,0.38928176391430747,0.25705223377724,0.11338760127381567,0.017660595028688362,0.036345113045760574
2025-06-17 22:00:00+00:00,9624.985471585273,-0.002619258984038634,-0.5773100708480403,0.00549433665164481,0.13673347763833119,0.10639120650671886,0.38671328809472355,0.2596461550470659,0.11051587271316045,-0.0028865503542402013,0.03345856269152037
2025-06-18 00:00:00+00:00,9614.215138180713,-0.0011189973674617295,-0.23850536222641158,0.03212853050376281,0.11522278455502342,0.09577336908626378,0.3903205875354815,0.2792755013328017,0.11940775749042948,-0.001192526811132058,0.032266035880388316
2025-06-18 02:00:00+00:00,9664.919380755844,0.005273882667111576,1.2480327437193734,0.012290283736844355,0.10761225362196991,0.09556549988497497,0.3953755573247626,0.27480361773029977,0.1266430714379928,0.006240163718596868,0.038506199598985186
2025-06-18 04:00:00+00:00,9690.24317384249,0.0026201763397084815,0.6171023538334545,0.010040477312970593,0.10778165342427047,0.09197464435456797,0.388925935542199,0.2844829716099122,0.1268347950690504,0.0030855117691672724,0.041591711368152456
2025-06-18 06:00:00+00:00,9700.630459518754,0.0010719324056081112,0.25795248783243785,0.017677361842852957,0.0964886708465003,0.08844364474359402,0.3860725558880902,0.2913531736925488,0.13764195482926678,0.001289762439162189,0.04288147380731465
2025-06-18 08:00:00+00:00,9680.774324242075,-0.0020468912159411594,-0.45574743965443204,0.013957389024085803,0.10162247712721698,0.09562523141156345,0.3877145519634898,0.27986343951293735,0.13517429998479236,-0.0022787371982721603,0.04060273660904249
2025-06-18 10:00:00+00:00,9638.202392759864,-0.004397575034427217,-0.9857412624401118,0.04117965560542898,0.07860894506163446,0.07745910787171703,0.3889029348189612,0.28977629270960537,0.16525271953808196,-0.004928706312200559,0.03567403029684193
2025-06-18 12:00:00+00:00,9617.235872394156,-0.0021753558922417556,-0.4815997541515596,0.006163065566379758,0.07537915008568623,0.07999172285043847,0.38596966422852963,0.2913787919575542,0.16728067087779142,-0.002407998770757798,0.03326603152608413
2025-06-18 14:00:00+00:00,9589.63909313279,-0.002869512573834391,-0.6380929457370363,0.00693773440409598,0.07468884653780403,0.08387355131499694,0.38896650298844,0.28513136110134046,0.16733973805741864,-0.0031904647286851817,0.030075566797398947
2025-06-18 16:00:00+00:00,9619.189177627968,0.003081459501050453,0.7378976061525342,0.022755174641981825,0.06436093719432975,0.07602595124900675,0.3845764151373136,0.28494178371994944,0.19009491269940043,0.003689488030762671,0.03376505482816162
2025-06-18 18:00:00+00:00,9602.544461895444,-0.0017303657746158994,-0.3813868109496681,0.024579403273147345,0.0784521145792065,0.08651417713727735,0.3731207096231023,0.2844952754955728,0.17741772316484106,-0.0019069340547483403,0.03185812077341328
2025-06-18 20:00:00+00:00,9569.469557962304,-0.0034443895640772068,-0.7701087296602775,0.002714142105414624,0.07662152175401339,0.08631974111579267,0.3724315963643654,0.28499717146833004,0.1796299692974984,-0.0038505436483013875,0.028007577125111895
2025-06-18 22:00:00+00:00,9650.292117418525,0.00844587664621108,2.0485944301033467,0.03623481870058707,0.06600172920917236,0.07250848383783391,0.3606278274865782,0.3094054051871427,0.19145655427927283,0.010242972150516734,0.038250549275628626
2025-06-19 00:00:00+00:00,9643.837671253923,-0.0006688342783895082,-0.13988108243189978,0.019226124792922454,0.07845618733605958,0.07928015050386913,0.3571578365433919,0.3065421081905444,0.17856371742613497,-0.000699405412159499,0.037551143863469125
2025-06-19 02:00:00+00:00,9610.22411575163,-0.003485495779599061,-0.7807313552442768,0.010389183695915134,0.08020408294947597,0.08218115517524127,0.3628981199545185,0.29741921343618927,0.17729742848457494,-0.003903656776221384,0.03364748708724774
2025-06-19 04:00:00+00:00,9650.737646300238,0.004215669693093283,1.0043433889240332,0.03538185899968683,0.06804868444544823,0.0749510604608043,0.34690175417329633,0.3061681542496517,0.2039303466707993,0.005021716944620166,0.03866920403186791
2025-06-19 06:00:00+00:00,9651.459226998357,7.476948649573381e-05,0.030696850908152946,0.02038008849112216,0.08002977027597913,0.08035855830994412,0.34492960965404545,0.3091596590611032,0.18552240269892806,0.00015348425454076472,0.038822688286408676
2025-06-19 08:00:00+00:00,9634.952128501,-0.0017103215284981774,-0.38030345869726134,0.026710450894913848,0.0646542412873816,0.0690236364036279,0.35866638905048354,0.3101443982589348,0.19751133499957232,-0.0019015172934863066,0.03692117099292237
2025-06-19 10:00:00+00:00,9658.63658364249,0.0024581808840990417,0.589042523220933,0.035390263276260915,0.08222832108978603,0.0868398198774843,0.3514945888862067,0.2919842939793089,0.18745297616721404,0.002945212616104665,0.039866383609027035
2025-06-19 12:00:00+00:00,9650.266801591893,-0.0008665593718239216,-0.18790639501776485,0.02353648423044267,0.09354858373807622,0.0957530690375381,0.3547975613083054,0.28352789999751027,0.17237288591857003,-0.0009395319750888243,0.03892685163393821
2025-06-19 14:00:00+00:00,9609.318695191963,-0.004243209772518885,-0.961672673479881,0.034204758842603364,0.07611034403726254,0.07898654989574834,0.3610693628178712,0.30075210613365266,0.18308163711546513,-0.004808363367399405,0.03411848826653881
2025-06-19 16:00:00+00:00,9592.924056381225,-0.0017061187510557503,-0.37923191459459826,0.026518092256301168,0.08945359033046046,0.09216139585885161,0.3607153889688193,0.2863587710096557,0.17131085383221292,-0.0018961595729729912,0.03222232869356582
2025-06-19 18:00:00+00:00,9617.751320889658,0.0025880810024673634,0.6269930145387766,0.008254189662684937,0.09515156771977397,0.09343575332307069,0.3618656351618532,0.2864903796257741,0.16305666416952802,0.0031349650726938834,0.0353572937662597
2025-06-19 20:00:00+00:00,9628.701330625081,0.0011385207799705956,0.28232477951225116,0.015521122270886298,0.09153862805114658,0.08572979816592127,0.3576634077167437,0.3018769764493305,0.16319118961685794,0.0014116238975612559,0.036768917663820955
2025-06-19 22:00:00+00:00,9624.224608579125,-0.0004649351861936473,-0.09437407760960276,0.0230030937413725,0.10265969336910247,0.09761182658933798,0.35508757970276283,0.28799287343441854,0.15664802690437835,-0.0004718703880480138,0.03629704727577294
2025-06-20 00:00:00+00:00,9642.261533677784,0.00187411722317675,0.4576530008244296,0.01055346934834403,0.09896830052768082,0.09074975008241556,0.3552466563055184,0.2969894576547904,0.15804583542959494,0.002288265004122148,0.03858531227989509
2025-06-20 02:00:00+00:00,9641.87442147724,-4.01474487279588e-05,0.004029360376140023,0.004559123586044406,0.09636865391180878,0.0887902731122432,0.3563726395384678,0.2999576502875417,0.15851078314993863,2.0146801880700116e-05,0.03860545908177579
2025-06-20 04:00:00+00:00,9640.083064843424,-0.00018578925170663482,-0.030337388883425312,0.021185404782596146,0.10686007827801576,0.09441812387858815,0.361438769188512,0.2884371827556276,0.14884584589925653,-0.00015168694441712656,0.03845377213735866
2025-06-20 06:00:00+00:00,9623.602015288325,-0.001709637712065337,-0.3885762079690748,0.01451134741319366,0.11104436208787563,0.1015448991735821,0.3562005233561818,0.2791640811747641,0.15204613420759638,-0.0019428810398453742,0.036510891097513286
2025-06-20 08:00:00+00:00,9695.831137192541,0.007505414478848021,1.8393847921006057,0.007262385193468834,0.10983930772760217,0.10087292348175082,0.36047917744438807,0.28214781228002667,0.1466607790662323,0.009196923960503029,0.04570781505801631
2025-06-20 10:00:00+00:00,9698.78963502892,0.0003051309160110161,0.08187969404747557,0.013541072332887101,0.11177747452685655,0.09550976681337656,0.3695992212049705,0.2846306740530769,0.13848286340171942,0.00040939847023737784,0.04611721352825369
2025-06-20 12:00:00+00:00,9702.355415303806,0.00036765208949457966,0.09664089726931381,0.02086914998638261,0.12349131197042956,0.10466507935618617,0.36333711983075695,0.2760875993911755,0.1324188894514518,0.0004832044863465691,0.046600418014600256
2025-06-20 14:00:00+00:00,9686.223099686093,-0.0016627215688540674,-0.38272719088400364,0.019232193802244092,0.13214726186836284,0.11416005110381394,0.36441839198744,0.26442424018825406,0.12485005485212919,-0.0019136359544200182,0.04468678206018024
2025-06-20 16:00:00+00:00,9570.573812851877,-0.011939564641863642,-2.739048483742607,0.003974299771572293,0.13237492098483175,0.11216813551338187,0.3676849995488647,0.26244185600711384,0.1253300879458079,-0.013695242418713035,0.030991539641467204
2025-06-20 18:00:00+00:00,9457.403064761675,-0.011824865499519962,-2.6132881410330016,0.015170182191532197,0.1239196827075332,0.10545319159914815,0.3737120161253985,0.26681311784187034,0.13010199172604972,-0.013066440705165008,0.017925098936302196
2025-06-20 20:00:00+00:00,9479.397364808234,0.0023256172858391907,0.565544357200474,0.011550030209224904,0.11812115813941407,0.10289174457235542,0.3807740078431784,0.27130115633331536,0.12691193311173668,0.00282772178600237,0.020752820722304565
2025-06-20 22:00:00+00:00,9483.912940840977,0.0004763568673160588,0.13227714072422916,0.023005197134325972,0.10620155015281038,0.09180615542463313,0.3857387167265544,0.28341022008875016,0.13284335760725183,0.0006613857036211458,0.02141420642592571
2025-06-21 00:00:00+00:00,9472.794324653609,-0.0011723659060057577,-0.24728850380503548,0.015165938181223013,0.100019690920763,0.08786081500868938,0.3806999781933226,0.2945340266614149,0.13688548921581012,-0.0012364425190251774,0.02017776390690053
2025-06-21 02:00:00+00:00,9524.280672889856,0.005435180631152359,1.3165673311647605,0.015138607821681381,0.10168098236189568,0.0934057997579963,0.36556137037164127,0.2967955859849602,0.1425562615235067,0.006582836655823802,0.026760600562724335
2025-06-21 04:00:00+00:00,9519.810777673445,-0.00046931578036479556,-0.08897306011908927,0.007282664229051959,0.10065311130483706,0.09063880226406976,0.37284403460069315,0.2959784916876904,0.13988556014270961,-0.00044486530059544634,0.026315735262128888
2025-06-21 06:00:00+00:00,9523.1558777309,0.000351383040648356,0.10097089874379843,0.012448055824191527,0.09385234200736864,0.08499151573734666,0.37684238056511876,0.2981280759626321,0.14618568572753388,0.0005048544937189921,0.02682058975584788
2025-06-21 08:00:00+00:00,9497.701507708143,-0.0026728923005744196,-0.5940420498164518,0.025647710999044303,0.09780488283760919,0.0964656622830089,0.3700380205724469,0.2792847249562596,0.15640670935067535,-0.002970210249082259,0.02385037950676562
2025-06-21 10:00:00+00:00,9504.543894815408,0.0007204255789371562,0.18886370594385937,0.02386537536218232,0.08595802555454461,0.08444714420389117,0.37643263845317715,0.29651800070395445,0.1566441910844326,0.0009443185297192968,0.024794698036484916
2025-06-21 12:00:00+00:00,9508.243998682468,0.0003892984143171218,0.11115710798143028,0.04178526734991137,0.06287130815177698,0.06880204926993203,0.3733791834399926,0.3086648093908579,0.18628264974744058,0.0005557855399071514,0.025350483576392066
2025-06-21 14:00:00+00:00,9452.067743454898,-0.00590816298312864,-1.3231381995930693,0.02222970083179119,0.06844282221794913,0.07649194394187549,0.38234747553366816,0.29419570632657077,0.17852205197993648,-0.006615690997965346,0.01873479257842672
2025-06-21 16:00:00+00:00,9457.477107219678,0.0005722942229784098,0.15725040158683667,0.012510871028032021,0.06295025653233265,0.07452655029238714,0.38259460256902167,0.2891427946336436,0.19078579597261502,0.0007862520079341833,0.019521044586360902
2025-06-21 18:00:00+00:00,9402.003711863857,-0.00586555957015995,-1.3066371445064817,0.015487138986281214,0.05934869473381879,0.07316134203665992,0.37207423363698144,0.29122627284704106,0.2041894567454987,-0.006533185722532408,0.012987858863828493
2025-06-21 20:00:00+00:00,9339.290287469232,-0.006670219063569612,-1.469486957898814,0.01842697511592484,0.05747207077626728,0.07480983368258515,0.36137053779897405,0.2853796175266751,0.22096794021549832,-0.007347434789494069,0.005640424074334424
2025-06-21 22:00:00+00:00,9212.03815726584,-0.01362546042434614,-2.848768750381039,0.017994526275204214,0.05483763766159848,0.07368407920963439,0.3471361991113895,0.28891942294005435,0.2354226610773234,-0.014243843751905195,-0.008603419677570771
2025-06-22 00:00:00+00:00,9273.38495634904,0.006659416519547675,1.644237344381902,0.016603032470852506,0.05414118545657018,0.0696868276794501,0.34335010190150506,0.30552245541090683,0.2272994295515679,0.00822118672190951,-0.00038223295566126164
2025-06-22 02:00:00+00:00,9261.449654248787,-0.001287049136473424,-0.25737219320934895,0.004937762717372476,0.053427710163468915,0.06714838934489098,0.3431265772813318,0.30406013094136797,0.23223719226894032,-0.0012868609660467447,-0.0016690939217080063
2025-06-22 04:00:00+00:00,9279.487769464413,0.001947655700676635,0.48433165487626495,0.02041291616800502,0.047718395320989315,0.0641777323726113,0.3335663692887487,0.30188739458070524,0.2526501084369453,0.0024216582743813247,0.0007525643526733183
2025-06-22 06:00:00+00:00,9342.139394389213,0.006751625357055268,1.6507886054141525,0.017317061359328163,0.045151187160758936,0.06455422850972993,0.3262260947818332,0.29447781588852306,0.2695906736591549,0.008253943027070762,0.00900650737974408
2025-06-22 08:00:00+00:00,9325.489855447924,-0.0017821976571328493,-0.372699944993438,0.00393994317006436,0.04505529693080421,0.0640340382663689,0.3244823598758883,0.2928976880977193,0.27353061682921925,-0.00186349972496719,0.0071430076547768905
2025-06-22 10:00:00+00:00,9261.54971829278,-0.006856490988276623,-1.463969115944916,0.015150541890506866,0.0446130131038859,0.06470686229539355,0.31590919677363877,0.2867625931363803,0.2880083346907015,-0.007319845579724579,-0.00017683792494768875
2025-06-22 12:00:00+00:00,9308.36970335325,0.005055307857171463,1.2252560312327858,0.009539177122048291,0.045574796255086376,0.06763231052315147,0.31943843573867,0.27722341601433204,0.2901310414687602,0.006126280156163929,0.00594944223121624
2025-06-22 14:00:00+00:00,9155.891331588839,-0.016380781664643355,-3.284569784151665,0.00566250209410785,0.04831866430958229,0.06861182822033753,0.3213775520810959,0.27403665920196235,0.28765529618702207,-0.016422848920758324,-0.010473406689542084
2025-06-22 16:00:00+00:00,9046.064752297574,-0.01199518160644301,-2.3515960033895817,0.010320705544344555,0.043750323291954274,0.06524480828968686,0.32035205382530624,0.28435736474630685,0.2862954498467458,-0.01175798001694791,-0.022231386706489994
2025-06-22 18:00:00+00:00,9115.488477992443,0.007674467030233914,1.83846255732375,0.009349433988786633,0.04531817372366562,0.06835860545066727,0.31911613471364425,0.27624384986918216,0.29096323624284065,0.00919231278661875,-0.013039073919871243
2025-06-22 20:00:00+00:00,9059.800374951048,-0.006109173762420128,-1.2187533808190758,0.005492872148836196,0.04544135421250846,0.06819648950571447,0.31973126456386847,0.27091309366529875,0.2957177980526098,-0.006093766904095379,-0.019132840823966622
2025-06-22 22:00:00+00:00,9064.274983815152,0.0004938970704560489,0.14957530620392437,0.0093617616902456,0.045208939042329394,0.06743911103491099,0.3198757481782914,0.28013037174112143,0.28734583000334674,0.0007478765310196218,-0.018384964292947
2025-06-23 00:00:00+00:00,9197.328143320516,0.014678852941127444,3.646164957209186,0.013814268390787709,0.046107328820433356,0.06973742002541578,0.3152319355221507,0.27095991600647445,0.2979633996255257,0.01823082478604593,-0.00015413950690107078
2025-06-23 02:00:00+00:00,9249.04855048415,0.005623416535507457,1.2689486072007397,0.007386844519642791,0.04750997334145097,0.06966921431766705,0.31837247784338385,0.2738035736838665,0.29064476081363166,0.006344743036003698,0.006190603529102627
2025-06-23 04:00:00+00:00,9209.650926143222,-0.00425964077557652,-0.8469629306411579,0.009275618062905649,0.04552170077751712,0.06757252540473695,0.31318182125734206,0.2786918928344891,0.2950320597259146,-0.00423481465320579,0.0019557888758968377
2025-06-23 06:00:00+00:00,9252.581694559394,0.004661497896115148,1.0479897395807527,0.009395157221725153,0.0478774783136422,0.0700440193761021,0.31774970697157706,0.27335577474344963,0.290973020595229,0.005239948697903764,0.0071957375738006014
2025-06-23 08:00:00+00:00,9274.069323876283,0.002322338783512121,0.5266654813614858,0.017043428701315883,0.047593422606842746,0.07103634094943949,0.31217019071181623,0.262175918008694,0.3070241277232075,0.0026333274068074293,0.00982906498060803
2025-06-23 10:00:00+00:00,9255.848338856858,-0.0019647238319121267,-0.3835748558171288,0.009889379236610683,0.048520759956066584,0.07060993511797461,0.3144839538705203,0.2688241967373768,0.2975611543180617,-0.0019178742790856439,0.007911190701522387
2025-06-23 12:00:00+00:00,9234.651878825904,-0.002290061294756846,-0.4506849727047028,0.002327588411924573,0.04890051609025923,0.0701948566326055,0.3134972017710364,0.26789843891030524,0.2995089865957936,-0.002253424863523514,0.005657765837998874
2025-06-23 14:00:00+00:00,9330.77433053692,0.010408887413657133,2.387345202383972,0.015190767930139001,0.04901297323783165,0.07026619339158381,0.3235729192465967,0.2728296954583332,0.2843182186656546,0.01193672601191986,0.017594491849918736
2025-06-23 16:00:00+00:00,9267.355282672725,-0.0067967615138482184,-1.3571999169174676,0.017543958124988674,0.05315320572694504,0.07138527320246928,0.3328980031959502,0.2757892573339695,0.2667742605406659,-0.006785999584587338,0.010808492265331399
2025-06-23 18:00:00+00:00,9330.999161565653,0.006867534150970152,1.5248243800108228,0.007842528809614786,0.05436840462617161,0.07222223775165575,0.33267364515657705,0.28157962269517134,0.25915608977042437,0.007624121900054114,0.01843261416538551
2025-06-23 20:00:00+00:00,9396.920644656999,0.007064782875865542,1.5514394420462492,0.0023634152261725605,0.05389484746388824,0.07080017631201117,0.3322058485323324,0.2830870080743845,0.26001211961738374,0.007757197210231246,0.026189811375616757
2025-06-23 22:00:00+00:00,9433.809108570314,0.003925590659775348,0.8501787112519251,0.03169132199096982,0.06647637754100348,0.07327467265023352,0.33391236239348165,0.2980157897888675,0.22832079762641388,0.0042508935562596255,0.03044070493187638
2025-06-24 00:00:00+00:00,9561.659746275258,0.013552387612846058,2.9791573537573286,0.02303531560343413,0.0734553546035724,0.08020645121065591,0.34303692237392447,0.29706626134875935,0.2062350104630879,0.014895786768786643,0.04533649170066302
2025-06-24 02:00:00+00:00,9563.282596632978,0.00016972475498857364,0.0447078699070981,0.07673992169919486,0.1256044168343815,0.10479731067904167,0.3258279654851344,0.2842281667067767,0.1595421402946658,0.0002235393495354905,0.04556003105019851
2025-06-24 04:00:00+00:00,9530.79089807143,-0.0033975466303787206,-0.6823451882647393,0.04366988579151693,0.14981893606523752,0.12425267723970256,0.32196846607579505,0.2609065930086764,0.14305332761058845,-0.0034117259413236965,0.042148305108874816
2025-06-24 06:00:00+00:00,9581.354089779472,0.0053052461489082854,1.1152484607865574,0.01493977227635302,0.15240850348570792,0.126411663198657,0.33215968497272325,0.2493551267098457,0.13966502163306616,0.005576242303932786,0.0477245474128076
2025-06-24 08:00:00+00:00,9520.220458073465,-0.006380479328200509,-1.2860113710319632,0.07000988663271926,0.19550132579433305,0.15332872752275112,0.3056034714664199,0.22146706907989225,0.12409940613660367,-0.006430056855159816,0.041294490557647785
2025-06-24 10:00:00+00:00,9546.088276930639,0.002717144941242982,0.5727218129414404,0.017162428860027126,0.19486293670570295,0.15997222249374618,0.31612240535545194,0.21798562517057804,0.1110568102745208,0.002863609064707202,0.044158099622354986
2025-06-24 12:00:00+00:00,9530.131602929456,-0.0016715405869171408,-0.33140379947717236,0.011597374414175618,0.19699919580905642,0.16424389867089456,0.3213118444891257,0.21442279266353467,0.10302226836738854,-0.0016570189973858617,0.04250108062496912
2025-06-24 14:00:00+00:00,9533.82728993884,0.00038778971407354295,0.0912601346429889,0.010048026287328322,0.20440799098870416,0.16302571189873116,0.32395107559680636,0.20652007799631086,0.1020951435194475,0.0004563006732149445,0.042957381298184064
2025-06-24 16:00:00+00:00,9556.03655928851,0.0023295229370379174,0.49430886506824057,0.008022255796748437,0.20568958521207958,0.16551722762000512,0.323198661837384,0.2107692238484099,0.09482530148212141,0.0024715443253412028,0.04542892562352527
2025-06-24 18:00:00+00:00,9606.231978178183,0.005252744543016771,1.1071505483992963,0.015523000938084251,0.1993126746232911,0.16506320042142267,0.3387216627754683,0.2035055713631075,0.09339689081671051,0.005535752741996481,0.05096467836552175
2025-06-24 20:00:00+00:00,9573.332076897861,-0.0034248497595162435,-0.6965707885083083,0.010656032264422993,0.197738259691208,0.16111541364946746,0.3493776950398912,0.20224723193938043,0.08952139968005282,-0.0034828539425415415,0.04748182442298021
2025-06-24 22:00:00+00:00,9614.490072378334,0.004299234075436957,0.9050371108199583,0.0183653973759765,0.18885911266922176,0.15162916329547732,0.35960470737272743,0.2077835469091444,0.09212346975342921,0.004525185554099791,0.05200700997708001
2025-06-25 00:00:00+00:00,9609.189297813526,-0.0005513318465048684,-0.10734533127490405,0.04175150554609134,0.21247188771017866,0.16976789380061172,0.3325754170429207,0.19736559473120427,0.0878192067150847,-0.0005367266563745202,0.05147028332070549
2025-06-25 02:00:00+00:00,9632.475006734478,0.0024232750754792014,0.5112031817014713,0.031563917718104566,0.1957221622321874,0.15495370156049837,0.35152654401137207,0.2087239810947238,0.08907361110121835,0.002556015908507356,0.05402629922921284
2025-06-25 04:00:00+00:00,9625.492682129794,-0.0007248733684543427,-0.14485933708384893,0.022005725747528758,0.20525967827590802,0.1641462825063075,0.33481792635699187,0.20342687300157522,0.09234923985921736,-0.0007242966854192446,0.0533020025437936
2025-06-25 06:00:00+00:00,9601.495986460033,-0.0024930355735776626,-0.5116508428924211,0.025329728011995366,0.2156214260845052,0.1791142627097056,0.31902056397598694,0.1956758122789992,0.09056793495080288,-0.002558254214462106,0.0507437483293315
2025-06-25 08:00:00+00:00,9633.655293734942,0.003349405896774912,0.7097512867097616,0.0168914914540153,0.21017998332861484,0.1676642140115807,0.32860786697352234,0.20264695717564735,0.09090097851063464,0.003548756433548808,0.054292504762880306
2025-06-25 10:00:00+00:00,9590.576253379659,-0.004471723249564472,-0.9239564354626763,0.01440961126612278,0.2139861497407077,0.17719431981003514,0.31883718997538985,0.19800802290765718,0.09197431756621022,-0.004619782177313381,0.049672722585566924
2025-06-25 12:00:00+00:00,9613.782956962976,0.0024197402710956764,0.5155662187410451,0.004139309658595221,0.21618077800021257,0.17700354208830815,0.31852101170072006,0.19995270430674741,0.08834196390401165,0.0025778310937052255,0.05225055367927215
2025-06-25 14:00:00+00:00,9656.795841938843,0.004474085296955362,0.9490309898838547,0.032794546972764474,0.1956105751548104,0.164779197960946,0.3361756013817594,0.20862425771932733,0.09481036778315703,0.004745154949419274,0.056995708628691424
2025-06-25 16:00:00+00:00,9569.241823903563,-0.009066570264956726,-1.8797327202533558,0.02009827737968957,0.20911601675951286,0.171372033735933,0.3230435604479394,0.20509981362616664,0.091368575430448,-0.00939866360126678,0.04759704502742464
2025-06-25 18:00:00+00:00,9609.046116000663,0.00415960771287751,0.8812004075850237,0.030407479798883197,0.1917618677569671,0.1583187029395956,0.34414307247284187,0.21330880488421802,0.09246755194637742,0.004406002037925119,0.052003047065349764
2025-06-25 20:00:00+00:00,9642.473704694232,0.0034787624380222667,0.7344542957938439,0.006441210301090204,0.1966178216662298,0.1589082396998508,0.3380853627572175,0.2143045245157903,0.09208405136091152,0.0036722714789692197,0.05567531854431898
2025-06-25 22:00:00+00:00,9622.557951135688,-0.0020654195353261187,-0.42491482920740814,0.004331310331616732,0.19415526375233,0.16128286116605672,0.33863223651148394,0.21243577209807335,0.09349386647205589,-0.0021245741460370407,0.05355074439828194
2025-06-26 00:00:00+00:00,9615.94948475726,-0.0006867681558257744,-0.137523845641101,0.011332538334117258,0.18988402491016032,0.15554174492776945,0.3469990810539128,0.21540146588976178,0.09217368321839561,-0.000687619228205505,0.052863125170076436
2025-06-26 02:00:00+00:00,9666.006899719194,0.0052056653418658385,1.1036371136466165,0.005544690380077426,0.18701607852969257,0.1578651291703768,0.3445378295211099,0.215185973422955,0.0953949893558657,0.005518185568233082,0.058381310738309516
2025-06-26 04:00:00+00:00,9696.310234434499,0.0031350417012617994,0.6609883668496644,0.010349029480023635,0.19656618906148496,0.1586640481186081,0.3394634131774352,0.2134566461726575,0.0918497034698143,0.0033049418342483224,0.06168625257255784
2025-06-26 06:00:00+00:00,9676.62356363708,-0.0020303260025142985,-0.42343088595138245,0.013166685690506018,0.18450890748038387,0.15755464400920316,0.34763413444921865,0.21609031971493853,0.09421199434625586,-0.0021171544297569123,0.059569098142800925
2025-06-26 08:00:00+00:00,9705.889370076422,0.0030243820323153426,0.639094042197961,0.007156746376689949,0.18795900878052954,0.16019746743941132,0.3425720541335568,0.2139956536539104,0.09527581599259195,0.003195470210989805,0.06276456835379073
2025-06-26 10:00:00+00:00,9664.470206981468,-0.00426742583968141,-0.8953124782276108,0.0019885269452959015,0.1888139890901684,0.159151291001735,0.3437056007692139,0.21373988725258464,0.09458923188629821,-0.004476562391138054,0.05828800596265267
2025-06-26 12:00:00+00:00,9640.634678458282,-0.0024663047236637534,-0.5146028638457956,0.005639340364103455,0.18551301653270066,0.1570929974013035,0.3476690685094518,0.21541575987645017,0.09430915768009393,-0.002573014319228978,0.055714991643423695
2025-06-26 14:00:00+00:00,9588.07380577601,-0.005452013735124469,-1.1384380929181461,0.006132877048908629,0.18933236001785606,0.15940653096505678,0.3438450167197341,0.21375384293646885,0.09366224936088434,-0.005692190464590731,0.05002280117883296
2025-06-26 16:00:00+00:00,9625.815076259607,0.003936272420103921,0.8421915371852572,0.00936371363534963,0.18721821561050211,0.1522521177219878,0.34712613725088426,0.21983643604066827,0.09356709337595757,0.004210957685926286,0.05423375886475924
2025-06-26 18:00:00+00:00,9596.315864874863,-0.003064593611142405,-0.6383564396332426,0.0042736523710251925,0.1845693748835378,0.15407440968225888,0.3490017169291763,0.21821162439660735,0.0941428741084196,-0.0031917821981662133,0.051041976666593034
2025-06-26 20:00:00+00:00,9639.65364911376,0.004516085636314148,0.9671616200603778,0.006112956016237507,0.18850676390652887,0.1499799409483617,0.34869095283552276,0.2203871913898538,0.09243515091973283,0.004835808100301889,0.05587778476689492
2025-06-26 22:00:00+00:00,9601.725822988012,-0.003934563160288982,-0.8230259200671891,0.0037570837296771534,0.1871760759166752,0.15108305357592247,0.34626455709569925,0.22180345570304824,0.09367285770865474,-0.004115129600335945,0.05176265516655898
2025-06-27 00:00:00+00:00,9580.736090422828,-0.0021860374845250586,-0.4539172458523024,0.007232145331512688,0.19086264799011135,0.15462862683399906,0.34037146686772024,0.22086437632102224,0.09327288198714712,-0.002269586229261512,0.04949306893729747
2025-06-27 02:00:00+00:00,9626.899450976014,0.004818352172264902,1.0366141424670339,0.014020807028823114,0.17976409068150462,0.15275111616878925,0.3519859530845783,0.2198196372660157,0.0956792027991122,0.00518307071233517,0.05467613964963264
2025-06-27 04:00:00+00:00,9663.77926409013,0.0038309128813407783,0.8199085890318663,0.006452649427035793,0.18524794666039787,0.15146357869295396,0.3484944787136652,0.22078843071415818,0.09400556521882478,0.004099542945159331,0.05877568259479197
2025-06-27 06:00:00+00:00,9628.448103125991,-0.003656039733381281,-0.7695951511564829,0.003485501615535007,0.18533288124469108,0.15077048072358523,0.34573604544358655,0.2241889977454,0.09397159484273714,-0.0038479757557824145,0.054927706839009556
2025-06-27 08:00:00+00:00,9615.92746392785,-0.0013003797770977414,-0.2703306099258066,0.011908615727861262,0.1765046286537305,0.1476901175866845,0.3551447502842007,0.22447038076421091,0.09619012271117325,-0.001351653049629033,0.053576053789380525
2025-06-27 10:00:00+00:00,9630.92025857409,0.0015591626187364547,0.33799481009155796,0.0133137334641482,0.18522154981005653,0.14916607950920704,0.34183101682005257,0.22731933007696165,0.09646202378372218,0.0016899740504577898,0.05526602783983831
2025-06-27 12:00:00+00:00,9616.786703025926,-0.0014675186969366726,-0.3072767817405884,0.017704062302343435,0.17368883105211086,0.14604179080827226,0.359535079122396,0.22483923921291465,0.09589505980430621,-0.0015363839087029422,0.05372964393113537
2025-06-27 14:00:00+00:00,9581.42030878631,-0.0036775687484559985,-0.7762320824666198,0.0040237389085982025,0.17177289721561873,0.14557765964110117,0.36355881803099427,0.22450376180988046,0.09458686330240547,-0.003881160412333099,0.04984848351880227
2025-06-27 16:00:00+00:00,9615.23984467501,0.003529699647732474,0.7668256671926613,0.024704898223580317,0.15651531101429067,0.13613034761884887,0.38336839265677036,0.22597816997832834,0.09800777873176178,0.0038341283359633067,0.053682611854765576
2025-06-27 18:00:00+00:00,9551.527623046024,-0.006626170814061517,-1.4008575468285844,0.028779242318621487,0.17137841237785217,0.13657870540147163,0.3545891503381489,0.23813264007672907,0.09932109180579832,-0.007004287734142922,0.04667832412062265
2025-06-27 20:00:00+00:00,9583.476053834247,0.0033448503788166065,0.7283046440151131,0.023870568613767428,0.15491122094542042,0.1291753282201359,0.3736901566808327,0.2419314844905957,0.10029180966301525,0.0036415232200755657,0.050319847340698214
2025-06-27 22:00:00+00:00,9631.50118573831,0.005011243481413911,1.0872812629481488,0.012745511255590841,0.1586203745707426,0.12518829554247105,0.3649316781029068,0.24912612664028208,0.1021335251435976,0.005436406314740743,0.05575625365543896
2025-06-28 00:00:00+00:00,9623.513879679498,-0.0008292898380824941,-0.17232294470776133,0.010163205365189776,0.1509460240819895,0.12269944066603426,0.37288676804617865,0.24944970174558379,0.1040180654602137,-0.0008616147235388067,0.05489463893190015
2025-06-28 02:00:00+00:00,9630.46067453735,0.0007218563764449491,0.15988410381130588,0.009096568094020242,0.14605011607802912,0.11849878057597447,0.37783697290308826,0.25354633801043613,0.10406779243247204,0.0007994205190565294,0.05569405945095668
2025-06-28 04:00:00+00:00,9634.469395387727,0.000416254319066713,0.09415846302144112,0.006470585440260725,0.14790615643562768,0.12209254678175108,0.3750845465231749,0.24982817895008874,0.10508857130935757,0.0004707923151072056,0.05616485176606389
2025-06-28 06:00:00+00:00,9636.556786074038,0.00021665860367054988,0.051155039741901,0.0047068701861887954,0.15065561286351903,0.12048216210828164,0.37221805643482536,0.25178559270838613,0.1048585758849877,0.000255775198709505,0.056420626964773395
2025-06-28 08:00:00+00:00,9661.382256643019,0.0025761764414501697,0.56161391165067,0.010926065509991867,0.14166736364201052,0.1190390689144303,0.3799685108373706,0.25129086961375424,0.10803418699243446,0.0028080695582533496,0.059228696523026744
2025-06-28 10:00:00+00:00,9661.367471743966,-1.5303088793237323e-06,0.002646431828540142,0.008909188017981191,0.14904010181818794,0.12057551875623401,0.3748690512998798,0.24940230927040632,0.10611301885529194,1.3232159142700711e-05,0.059241928682169445
2025-06-28 12:00:00+00:00,9657.543666681446,-0.0003957830062569472,-0.08276513287711507,0.004110122580397994,0.14868182415480974,0.1227207806610115,0.3768339119755003,0.24702985669546537,0.10473362651321311,-0.00041382566438557535,0.05882810301778387
2025-06-28 14:00:00+00:00,9653.564583147052,-0.0004120181768499355,-0.08629492984441038,0.005910449508776505,0.1487448875522279,0.12033407370177361,0.3733101694259617,0.2518341831764413,0.10577668614359552,-0.0004314746492220519,0.05839662836856182
2025-06-28 16:00:00+00:00,9709.13515100684,0.005756481699703088,1.2622710665411854,0.007348967349325955,0.14952326736821736,0.12352401364890385,0.37628343595411096,0.2444852158271153,0.10618406720165245,0.0063113553327059264,0.06470798370126775
2025-06-28 18:00:00+00:00,9745.903677589149,0.003787003271707155,0.8238422526612715,0.0138110954044737,0.15836848237612577,0.1284898940454692,0.3697298768855261,0.24051529789840953,0.10289644879446944,0.004119211263306358,0.06882719496457411
2025-06-28 20:00:00+00:00,9702.03834402987,-0.0045008995584624005,-0.9830317498144919,0.0039013658445772106,0.15808446035742094,0.13212222199940102,0.3699989147761715,0.23751416726628682,0.10228023560071973,-0.00491515874907246,0.06391203621550165
2025-06-28 22:00:00+00:00,9704.706506599572,0.00027501051584114314,0.06049378628316607,0.005837080115793425,0.15963872157975098,0.12796097206025117,0.3693098180469411,0.2417969861597503,0.10129350215330664,0.00030246893141583033,0.06421450514691748
2025-06-29 00:00:00+00:00,9705.983098379866,0.0001315435741849597,0.02918845176381388,0.002587742722919055,0.15910232746583305,0.12800098499910972,0.36986770441961075,0.239745637550749,0.10328334556469732,0.0001459422588190694,0.06436044740573656
2025-06-29 02:00:00+00:00,9686.204158075094,-0.002037809061101001,-0.4452237360800583,0.010004410668252951,0.16395693809863007,0.13315078503456573,0.3663528232704503,0.23679023576271138,0.0997492178336425,-0.0022261186804002913,0.062134328725336266
2025-06-29 04:00:00+00:00,9706.551320835464,0.002100633274739414,0.46224609505543457,0.01989200725159069,0.15173429645177303,0.12548141942983213,0.3773668655373636,0.24126256163995596,0.10415485694107537,0.0023112304752771727,0.06444555920061344
2025-06-29 06:00:00+00:00,9716.43907377875,0.0010186679714001832,0.2240885359777557,0.00894612116186113,0.15879208344055692,0.12736975360290936,0.3710047637868254,0.23982577395445184,0.10300762521525657,0.0011204426798887784,0.06556600188050223
2025-06-29 08:00:00+00:00,9731.279774922908,0.0015273806619350069,0.335998526057012,0.003546694767941172,0.16008913375663883,0.12623974559477583,0.37015390835798123,0.24207541840631103,0.10144179388429302,0.0016799926302850602,0.06724599451078729
2025-06-29 10:00:00+00:00,9743.214346837653,0.0012264133999619774,0.26945550900689125,0.005241746942134952,0.15680704299715997,0.12428008941211979,0.3736914648935173,0.2421270259841252,0.1030943767130778,0.0013472775450344562,0.06859327205582175
2025-06-29 12:00:00+00:00,9766.328111069859,0.002372293517252823,0.5224043421689926,0.009231941549859193,0.15942817323941214,0.13084988507245465,0.37373248054078945,0.23341147447767663,0.10257798666966716,0.0026120217108449627,0.0712052937666667
2025-06-29 14:00:00+00:00,9746.90776581741,-0.001988500184673865,-0.4441279599962493,0.0034221254104071994,0.15975067489719463,0.13225135174944982,0.37543063761641887,0.23127983187968956,0.10128750385724693,-0.0022206397999812466,0.06898465396668546
2025-06-29 16:00:00+00:00,9728.263597188596,-0.0019128290814651211,-0.4268517422613859,0.0021792136799282727,0.1599408452981447,0.13352796459256566,0.3761430680522813,0.22989870102773474,0.10048942102927355,-0.0021342587113069296,0.06685039525537853
2025-06-29 18:00:00+00:00,9726.54206700271,-0.00017696171250776527,-0.04019589793440857,0.003740200082719018,0.16251839860161954,0.13255691030255945,0.37394703441086247,0.23106134780697896,0.09991630887797963,-0.00020097948967204285,0.06664941576570649
2025-06-29 20:00:00+00:00,9732.003340090358,0.000561481464843955,0.12445989756829548,0.005087779493713314,0.15932485368712487,0.13066267572334075,0.3743573502983171,0.2335507735205266,0.10210434677069058,0.0006222994878414774,0.06727171525354797
2025-06-29 22:00:00+00:00,9730.348505636524,-0.00017004047327198342,-0.039056310910371705,0.009852889623845063,0.15428472226154943,0.12873893101844439,0.3842102399221622,0.2319311464005507,0.10083496039729323,-0.0001952815545518585,0.06707643369899612
2025-06-30 00:00:00+00:00,9846.123715310505,0.011898362078903525,2.6587400698889594,0.006368301339539903,0.15242449269690664,0.12646937687151738,0.3819717222941922,0.23625584853715245,0.10287855960023148,0.013293700349444796,0.08037013404844091
2025-06-30 02:00:00+00:00,9849.33267588212,0.0003259110553959723,0.06443444322743726,0.00952984828210448,0.15904539251564914,0.12937832533487928,0.37795359027887315,0.23301085799230617,0.10061183387829224,0.0003221722161371863,0.0806923062645781
2025-06-30 04:00:00+00:00,9824.101348105254,-0.0025617296731837687,-0.5772361537359677,0.01159895309183128,0.1625520635425602,0.13747060739979955,0.37795340064201516,0.22486554256744587,0.09715838584817929,-0.0028861807686798384,0.07780612549589826
2025-06-30 06:00:00+00:00,9809.480990993454,-0.0014882131803963506,-0.33686979624309976,0.005756699174267577,0.16497485706555784,0.13965144507130678,0.37491134593388914,0.22215089810130434,0.09831145382794201,-0.0016843489812154988,0.07612177651468276
2025-06-30 08:00:00+00:00,9759.443560021633,-0.005100925422839727,-1.1457527261684048,0.014647894916599083,0.17436489207762476,0.14490930497583887,0.3673505604792866,0.2168228331976154,0.09655240926963435,-0.005728763630842024,0.07039301288384073
2025-06-30 10:00:00+00:00,9696.95569767337,-0.006402809951608036,-1.4291508233689922,0.013708108164118799,0.16738238334860758,0.13938690440494717,0.3774711651577922,0.2204103366832286,0.09534921040542446,-0.0071457541168449615,0.06324725876699577
2025-06-30 12:00:00+00:00,9704.373210788797,0.0007649321443437511,0.17048665969016044,0.017367737292487237,0.15705379945108097,0.13234775100998658,0.385992864524309,0.2258893300047565,0.09871625500986708,0.0008524332984508023,0.06409969206544658
2025-06-30 14:00:00+00:00,9693.761541908367,-0.001093493484837542,-0.2420784445588779,0.01351227307814349,0.1589522683268462,0.12603873255002893,0.37878960990612304,0.23719971549594995,0.09901967372105179,-0.0012103922227943895,0.0628892998426522
2025-06-30 16:00:00+00:00,9740.648553640563,0.004836823304296555,1.0789546266116412,0.019800184937587652,0.14645348792405316,0.11873732801523436,0.39075794137664266,0.24203664125380986,0.10201460143025996,0.005394773133058206,0.0682840729757104
2025-06-30 18:00:00+00:00,9753.137778522674,0.0012821759057760791,0.28361925749068345,0.010716729766850404,0.15227656139375245,0.12360312775266054,0.38304137303528385,0.2390364798283183,0.10204245798998493,0.0014180962874534174,0.06970216926316382
2025-06-30 20:00:00+00:00,9823.01731360869,0.0071648259947580005,1.5896754149754655,0.01041440612620078,0.14996792502786024,0.12644737257255934,0.3906115343415858,0.23233603987242185,0.10063712818557277,0.007948377074877328,0.07765054633804115
2025-06-30 22:00:00+00:00,9781.359251298813,-0.004240862148554305,-0.9535923464951105,0.014008921333266512,0.15810939833956072,0.13231482059412547,0.3825955964109919,0.22946896185280388,0.09751122280251824,-0.004767961732475553,0.0728825846055656
2025-07-01 00:00:00+00:00,9742.597735969826,-0.003962794365603043,-0.8870288465705004,0.007519375064989578,0.1580429835362041,0.13655106050630925,0.3852330442397927,0.22201600159117083,0.09815691012652313,-0.004435144232852502,0.0684474403727131
2025-07-01 02:00:00+00:00,9767.131569721352,0.0025182024770403297,0.5577237840195194,0.02114141568563801,0.1598502789615101,0.1256009447310636,0.37504174432940035,0.23987317754417556,0.0996338544338504,0.002788618920097597,0.0712360592928107
2025-07-01 04:00:00+00:00,9766.602987973605,-5.411842197211125e-05,-0.01497197244751691,0.008319408767483952,0.15689046722022884,0.12304890506566663,0.3722341869685946,0.2451875457118633,0.1026388950336466,-7.485986223758455e-05,0.07116119943057311
2025-07-01 06:00:00+00:00,9706.637312297762,-0.006139870305948101,-1.3788501195575629,0.017748859229063267,0.145620526892003,0.1165699861648292,0.3860801383608922,0.24681180459788232,0.10491754398439324,-0.006894250597787814,0.0642669488327853
2025-07-01 08:00:00+00:00,9751.561093034252,0.004628150747898448,1.0319375522819965,0.00949431456882703,0.13859785762650156,0.1140983408615036,0.39132123057876345,0.24787307558147403,0.10810949535175732,0.005159687761409982,0.06942663659419529
2025-07-01 10:00:00+00:00,9698.54325459408,-0.005436856512958071,-1.21573671636775,0.008414515002764945,0.14454467942318583,0.1165660340675843,0.3865760164482522,0.24708428275347907,0.10522898730749862,-0.00607868358183875,0.06334795301235654
2025-07-01 12:00:00+00:00,9688.714944279565,-0.0010133800568307189,-0.22434207467953945,0.01499757554151044,0.1345436462332678,0.11526397606791852,0.3979351329752932,0.24338979840155248,0.10886744632196808,-0.0011217103733976972,0.062226242638958845
2025-07-01 14:00:00+00:00,9679.760318664055,-0.0009242325393005421,-0.20442678388715188,0.004540896796592329,0.13618162466695716,0.11408216246815739,0.3946399281815126,0.24629271676445538,0.1088035679189174,-0.0010221339194357595,0.06120410871952309
2025-07-01 16:00:00+00:00,9585.955296874783,-0.009690841374285025,-2.154021070861563,0.012946156355042551,0.14211939389059508,0.11478198713968693,0.38368144745771027,0.2526012792243305,0.10681589228767724,-0.010770105354307814,0.05043400336521527
2025-07-01 18:00:00+00:00,9595.291274595516,0.0009739225180589017,0.22352577475403443,0.028518151543800226,0.12655715676183793,0.10182607272464388,0.38829803845158295,0.2699464148473466,0.11337231721458871,0.0011176288737701722,0.05155163223898544
2025-07-01 20:00:00+00:00,9550.72267538244,-0.004644840676288356,-1.017232587778799,0.019515657616748616,0.11467999338054884,0.09418757848918428,0.39221312530752267,0.2780996499008249,0.12081965292191922,-0.0050861629388939955,0.04646546930009145
2025-07-01 22:00:00+00:00,9515.782306518855,-0.003658400526448709,-0.7968141914549174,0.02618653394424183,0.10594746906289751,0.08584429960314749,0.38310239456696904,0.2961711488124223,0.12893468795456375,-0.003984070957274587,0.04248139834281686
2025-07-02 00:00:00+00:00,9529.052579969446,0.0013945541231538796,0.32253306796604503,0.022160667108278465,0.08971926184520924,0.0799118397125572,0.3909627747710975,0.2972136882303839,0.14219243544075208,0.0016126653398302253,0.04409406368264709
2025-07-02 02:00:00+00:00,9562.333660165841,0.003492590676470234,0.795142912826932,0.004968701825550509,0.09031964017784702,0.08166772239598505,0.3862377735567245,0.2969699876192064,0.144804876250237,0.00397571456413466,0.04806977824678175
2025-07-02 04:00:00+00:00,9580.63972344728,0.001914392859736524,0.4370165874703247,0.01588381923424076,0.07899853681282651,0.07710500652676477,0.3880076901775323,0.29836876997741374,0.1575199965054626,0.0021850829373516235,0.05025486118413337
2025-07-02 06:00:00+00:00,9610.590761588172,0.003126204408625346,0.7095639857168301,0.011049743257436004,0.08067394000301456,0.07673660248423023,0.37732635096263084,0.3044699778061696,0.16079312874395474,0.0035478199285841508,0.05380268111271752
2025-07-02 08:00:00+00:00,9637.751089480622,0.0028260830750390575,0.6400902814577577,0.020015732454580347,0.0772449019358143,0.07993613629833984,0.37265112633953634,0.29255850804188405,0.17760932738442553,0.0032004514072887886,0.05700313252000631
2025-07-02 10:00:00+00:00,9644.214081196513,0.0006705912671831972,0.15441534999013615,0.005629479572673131,0.0789515960211406,0.07817206295108314,0.37328654327030625,0.29584587659846096,0.17374392115900908,0.0007720767499506807,0.05777520926995699
2025-07-02 12:00:00+00:00,9646.696007236173,0.0002573487086417567,0.061533747327668434,0.009959154458745609,0.07776059056066333,0.07909318134608508,0.36451839427203786,0.29754527428685146,0.1810825595343622,0.00030766873663834216,0.05808287800659533
2025-07-02 14:00:00+00:00,9679.07088830101,0.0033560590113498718,0.7610031918806501,0.011000554934435268,0.07315373445759904,0.07692880213074914,0.37060545904555203,0.2933159546708165,0.18599604969528338,0.0038050159594032506,0.061887893965998586
2025-07-02 16:00:00+00:00,9772.711660988864,0.009674562131891835,2.1894032891812625,0.0205057921143574,0.08511937162666908,0.08165769627949143,0.3611691689248834,0.2971272154673615,0.17492654770159455,0.010947016445906312,0.0728349104119049
2025-07-02 18:00:00+00:00,9854.664977295264,0.00838593413469324,1.8551978223063477,0.03629120240773967,0.10392939175433193,0.09787797168618413,0.3624300757982675,0.278300925910789,0.1574616348504274,0.009275989111531739,0.08211089952343664
2025-07-02 20:00:00+00:00,9905.790909845351,0.005187992962508431,1.1319347073740083,0.026203254189547096,0.12133978348746272,0.10483618288717392,0.3573208189451129,0.2801355771662155,0.13636763751403494,0.005659673536870041,0.08777057306030668
2025-07-02 22:00:00+00:00,9893.935017444312,-0.0011968647944361087,-0.2774575218147233,0.055862037150471944,0.15261048200181598,0.12942752152329265,0.34366997317527453,0.2497044873757824,0.12458753592383454,-0.0013872876090736163,0.08638328545123307
2025-07-03 00:00:00+00:00,9836.06374194497,-0.005849166726616541,-1.3285617966578678,0.03065445443917586,0.17536553784890224,0.13732692011538217,0.33728992969589294,0.24089255075864285,0.10912506158117974,-0.006642808983289339,0.07974047646794373
2025-07-03 02:00:00+00:00,9851.961984991247,0.0016163216773882234,0.35050210954071676,0.00972408252089995,0.1766410694324149,0.13491679366586193,0.3457384806332802,0.23598535217651623,0.10671830409192663,0.0017525105477035838,0.08149298701564732
2025-07-03 04:00:00+00:00,9853.568123079905,0.00016302723164246207,0.028192711663318853,0.020238401357679486,0.18121236705537047,0.1426209045428419,0.35370147349102427,0.22261640500657767,0.09984884990418581,0.00014096355831659426,0.08163395057396391
2025-07-03 06:00:00+00:00,9955.610244189356,0.010355854837035123,2.2571624727504225,0.00937177647215983,0.1750326415892227,0.14030881875450196,0.3608164058823802,0.2248732490873816,0.09896888468651371,0.011285812363752113,0.09291976293771603
2025-07-03 08:00:00+00:00,10018.081025027035,0.00627493235526576,1.344974253015,0.004074253569651867,0.17708881943581703,0.13803407417712418,0.35901689689010596,0.22688663671841114,0.09897357277854157,0.006724871265075,0.09964463420279103
2025-07-03 10:00:00+00:00,10070.238959433593,0.0052063797723593715,1.1077092917973859,0.02415245246668766,0.1904268389849377,0.14884850709469125,0.3528726612446945,0.21496091530753175,0.09289107736814482,0.005538546458986929,0.10518318066177795
2025-07-03 12:00:00+00:00,10030.410670086863,-0.0039550490814738,-0.9061762753040246,0.006850806382065297,0.18935689284581084,0.14904882756245813,0.3595231471589929,0.21090468656946784,0.09116644586327029,-0.004530881376520123,0.10065229928525783
2025-07-03 14:00:00+00:00,10061.264741316541,0.0030760526407649195,0.6521137915367347,0.014947667124732958,0.19618153899214105,0.15717184854086083,0.3525442829152867,0.2043081473047274,0.08979418224698392,0.0032605689576836734,0.1039128682429415
2025-07-03 16:00:00+00:00,9899.301244599486,-0.016097727361447232,-3.8136310433920544,0.01233172848181311,0.20214234070907605,0.1624438078054466,0.34544652657884,0.19907417515936102,0.09089314974727628,-0.019068155216960272,0.08484471302598123
2025-07-03 18:00:00+00:00,9950.192793634855,0.005140923361952496,1.0794127501170918,0.009186274070639239,0.1943667360655727,0.1610331383783108,0.35229015840711475,0.2007579212174315,0.09155204593157037,0.005397063750585459,0.0902417767765667
2025-07-03 20:00:00+00:00,9962.653312998866,0.0012522892392579407,0.25469731809655916,0.027215005773975447,0.21450961982272904,0.16188787033594979,0.328417123626015,0.20697531127661162,0.08821007493869469,0.0012734865904827958,0.09151526336704949
2025-07-03 22:00:00+00:00,9961.836230054101,-8.201459180547009e-05,-0.03089765376935226,0.010080230459224286,0.2092720020311699,0.15704525766828456,0.3342781197951517,0.21048004313913918,0.08892457736625464,-0.0001544882688467613,0.09136077509820273
2025-07-04 00:00:00+00:00,9946.85075584049,-0.0015042883528239293,-0.3384042069775326,0.017083230588103196,0.1941857563216375,0.1550482727897138,0.3450168248202196,0.21429883007772113,0.09145031599070802,-0.001692021034887663,0.08966875406331506
2025-07-04 02:00:00+00:00,9922.51299550094,-0.0024467804873075593,-0.5436066226784977,0.008534486415172744,0.19179387303534945,0.16122728579037202,0.34373647057011547,0.20943658119894057,0.09380578940522254,-0.0027180331133924884,0.08695072094992258
2025-07-04 04:00:00+00:00,9914.860532453922,-0.0007712222750917982,-0.17793298515164838,0.014723159189859523,0.20258090421469005,0.16516341380089092,0.3342595743368798,0.20635192133342795,0.09164418631411128,-0.0008896649257582418,0.08606105602416433
2025-07-04 06:00:00+00:00,9902.710412138134,-0.0012254454085378035,-0.27669704935300066,0.017524638006265615,0.18864731635668425,0.1615723636526311,0.3456494201062007,0.20893943558112238,0.09519146430336158,-0.0013834852467650032,0.08467757077739933
2025-07-04 08:00:00+00:00,9803.661287988003,-0.010002223636543343,-2.2274077523849733,0.014267473979196234,0.1973030004296784,0.16687044915615365,0.3325993201016606,0.20925313998380193,0.09397409032870546,-0.011137038761924867,0.07354053201547446
2025-07-04 10:00:00+00:00,9846.238440211571,0.004342984827080437,0.9255593555663237,0.045120000902271466,0.1714368824025244,0.14761656628103614,0.36314413605009216,0.21749335943614168,0.10030905583020557,0.0046277967778316186,0.07816832879330608
2025-07-04 12:00:00+00:00,9862.321899186989,0.001633462268162646,0.3438646955851791,0.017184384906272658,0.18145651894114792,0.14558864936882587,0.3513998692539929,0.22465810780379084,0.09689685463224246,0.0017193234779258955,0.07988765227123198
2025-07-04 14:00:00+00:00,9788.293371797561,-0.007506196628557634,-1.6452980732748295,0.03325455211943314,0.15979800325732615,0.13432443253008886,0.38044949403903694,0.22432628820691644,0.10110178196663153,-0.008226490366374148,0.07166116190485784
2025-07-04 16:00:00+00:00,9729.3920530798,-0.00601752690489117,-1.3007666637569053,0.006334974850105229,0.1580582522633648,0.13145848769746274,0.38353735979626913,0.2275733972997895,0.09937250294311378,-0.006503833318784527,0.06515732858607332
2025-07-04 18:00:00+00:00,9762.024961972253,0.0033540542630433132,0.7184458381430614,0.01364996443353099,0.14903661488211906,0.1305112069807685,0.3917263365599283,0.22389235096419854,0.10483349061298566,0.003592229190715307,0.06874955777678862
2025-07-04 20:00:00+00:00,9704.106811491241,-0.005933005775608101,-1.2780240383601895,0.007764016953595403,0.1500420447269009,0.1261851711292821,0.3882883554578193,0.23050461324489657,0.1049798154411012,-0.0063901201918009475,0.06235943758498767
2025-07-04 22:00:00+00:00,9729.175256331564,0.0025832820399954264,0.5549576380506337,0.031013609502914145,0.13090032156751075,0.11431328478575813,0.40621367697474753,0.23892265079473993,0.10965006587724378,0.0027747881902531685,0.06513422577524085
2025-07-05 00:00:00+00:00,9750.091202045465,0.002149816933381751,0.4611031751650168,0.031262407428920294,0.14602167802670982,0.11188065590344105,0.37738389842814424,0.25347619405943206,0.1112375735822728,0.002305515875825084,0.06743974165106593
2025-07-05 02:00:00+00:00,9738.6444867034,-0.0011740111046001337,-0.25381930215400134,0.031013990390645188,0.12646478191191868,0.10042356162758698,0.3862143548653009,0.2681539378100751,0.11874336378511821,-0.0012690965107700067,0.06617064514029593
2025-07-05 04:00:00+00:00,9762.145132000134,0.0024131330935039936,0.5191781844533008,0.010089193999231971,0.12092196734392437,0.09864465819075408,0.38344687887089624,0.27762452367171847,0.11936197192270691,0.002595890922266504,0.06876653606256243
2025-07-05 06:00:00+00:00,9755.494730756836,-0.0006812438407106126,-0.14911045281414134,0.011044277943470439,0.11101326691824884,0.0975090806729591,0.386229177018387,0.281742417838862,0.123506057551543,-0.0007455522640707067,0.06802098379849172
2025-07-05 08:00:00+00:00,9732.476488148895,-0.0023595156620165947,-0.5127077565410908,0.024063512565424418,0.09939298981855231,0.08506584520723133,0.39009542744223724,0.29121859866194116,0.13422713887003812,-0.002563538782705454,0.06545744501578626
2025-07-05 10:00:00+00:00,9739.277596593318,0.0006988055355390826,0.151189848775116,0.013753979242847422,0.0982088274983501,0.09140822921059251,0.39460243274639084,0.2786487817392959,0.13713172880537072,0.00075594924387558,0.06621339425966184
2025-07-05 12:00:00+00:00,9749.477388368983,0.0010472842235477186,0.22690026281857495,0.012452915172288595,0.09884928923316127,0.08914768860008337,0.3845238301421617,0.29046123517677336,0.13701795684782045,0.0011345013140928748,0.06734789557375472
2025-07-05 14:00:00+00:00,9742.952446013254,-0.0006692607301713006,-0.1471200595742647,0.0166802991352364,0.0880036237924753,0.08331305490553288,0.3881728530369567,0.2916877897784974,0.1488226784865377,-0.0007356002978713234,0.06661229527588339
2025-07-05 16:00:00+00:00,9737.42119449547,-0.0005677182094887444,-0.12491708644536562,0.005559942905263925,0.09105074125058803,0.08534164730350635,0.3865667790824799,0.2921720228276751,0.1448688095357506,-0.0006245854322268281,0.06598770984365655
2025-07-05 18:00:00+00:00,9740.9742366099,0.0003648853267679964,0.07929834572609082,0.008031813684287202,0.08803529343621408,0.08508776711812224,0.3856593921015248,0.2883169241241011,0.1529006232200378,0.0003964917286304541,0.06638420157228701
2025-07-05 20:00:00+00:00,9749.285291795723,0.0008532057455391297,0.18646198321250282,0.009729567766966027,0.09149545071974606,0.08550183048609501,0.37592982433455874,0.294158683560113,0.15291421089948717,0.0009323099160625141,0.06731651148834952
2025-07-05 22:00:00+00:00,9783.245308453575,0.0034833339718173283,0.7644559686959247,0.007773437971192995,0.09104569794863691,0.08856056798374497,0.379955565812943,0.2868349983600291,0.15360316989464595,0.0038222798434796234,0.07113879133182914
2025-07-06 00:00:00+00:00,9795.911832015678,0.0012947159314461944,0.2817618164502434,0.012160506677288858,0.09889064762143374,0.08976884220224617,0.37366376903392823,0.28994228114602,0.1477344599963719,0.001408809082251217,0.07254760041408036
2025-07-06 02:00:00+00:00,9782.744550671563,-0.001344160867299774,-0.3009911373017039,0.01192251957459338,0.105821760109055,0.09476024928921827,0.363641843409706,0.2894121907133394,0.1463639564786813,-0.0015049556865085194,0.07104264472757184
2025-07-06 04:00:00+00:00,9767.718081986157,-0.0015360176898797531,-0.3433806763653341,0.007098587213944317,0.10781582997801137,0.09746117040635627,0.366045439637556,0.28644221316093005,0.14223534681714636,-0.0017169033818266704,0.06932574134574516
2025-07-06 06:00:00+00:00,9757.569320560615,-0.001039010477202215,-0.23280317764895028,0.009795475298013473,0.10257630650181623,0.09290521858453796,0.36940780704408865,0.28885144792041223,0.146259219949145,-0.0011640158882447514,0.06816172545750042
2025-07-06 08:00:00+00:00,9755.75350989254,-0.00018609252042402224,-0.043048733952174775,0.011081591156317704,0.10754475742627903,0.09841576485068072,0.3644097501139581,0.28276791369422505,0.14686181391485711,-0.00021524366976087388,0.06794648178773954
2025-07-06 10:00:00+00:00,9737.110612254819,-0.0019109643984769242,-0.42771374923556993,0.007654182871127076,0.10831851923617603,0.0994442728841394,0.3702616631417294,0.28084651619224005,0.14112902854571496,-0.0021385687461778495,0.0658079130415617
2025-07-06 12:00:00+00:00,9794.50819795628,0.0058947246249029155,1.3149529738322305,0.00945754637313262,0.10460169120071262,0.09532607398158384,0.3686391437066158,0.2878199985673759,0.1436130925437118,0.006574764869161153,0.07238267791072285
2025-07-06 14:00:00+00:00,9860.48881983705,0.006736491567237456,1.4893605509407648,0.020419170032017604,0.11723812215119836,0.10310881306311574,0.3670384204387946,0.2786310342763499,0.13398361007054146,0.0074468027547038235,0.07982948066542668
2025-07-06 16:00:00+00:00,9867.190327593813,0.0006796324076022886,0.1433997154159546,0.012503619177960744,0.1262110493748522,0.10663950501742264,0.3654442419845178,0.2753536806542569,0.12635152296895047,0.0007169985770797729,0.08054647924250645
2025-07-06 18:00:00+00:00,9850.676915096034,-0.0016735678495628464,-0.3818627676277421,0.019434304222658544,0.1386829937352779,0.11360186487965543,0.3580099919262983,0.26590721391433236,0.12379793554443594,-0.0019093138381387105,0.07863716540436774
2025-07-06 20:00:00+00:00,9836.34253055393,-0.0014551674636833019,-0.33254888880867717,0.028842532961443235,0.15678590671889125,0.1243414848574853,0.35121218547838934,0.2504899602131417,0.11717046273209232,-0.001662744444043386,0.07697442096032436
2025-07-06 22:00:00+00:00,9878.651656431568,0.004301306684493532,0.9508518835275953,0.006112937529555856,0.15579799881600592,0.12126292345908254,0.3569803088666135,0.2508347743544734,0.11512399450382457,0.0047542594176379765,0.08172868037796234
2025-07-07 00:00:00+00:00,9852.113380270059,-0.0026864269623507442,-0.6128879887454615,0.005631007461745614,0.15965664032543223,0.12303528941140192,0.35684553508424866,0.24949160122229075,0.11097093395662652,-0.003064439943727307,0.07866424043423503
2025-07-07 02:00:00+00:00,9838.779028461899,-0.001353450908803325,-0.3109737021617598,0.0022636048251355387,0.15811456278604863,0.12430433692001062,0.35780270081946325,0.24952899280360302,0.11024940667087461,-0.001554868510808799,0.07710937192342623
2025-07-07 04:00:00+00:00,9861.78649502171,0.002338447331041193,0.5176015192613038,0.004987402618000389,0.15773677270629513,0.12234980313311447,0.36279010343746354,0.24921138409363947,0.10791193662948734,0.002588007596306519,0.07969737951973276
2025-07-07 06:00:00+00:00,9859.287901315265,-0.0002533611640959348,-0.06448532175847045,0.007480878681700068,0.1613679534810055,0.12449974830717285,0.36448985617039487,0.24405366316614713,0.1055887788752796,-0.00032242660879235226,0.0793749529109404
2025-07-07 08:00:00+00:00,9876.091637509799,0.0017043559699979217,0.37630035584111227,0.009162146488115468,0.16103828661460776,0.1269529043225433,0.3711988466431399,0.23704253911070533,0.1037674233090037,0.0018815017792055612,0.08125645469014596
2025-07-07 10:00:00+00:00,9850.734647839177,-0.0025675125951964586,-0.5916945881861466,0.009793032909191639,0.16157465177951777,0.1317547331135808,0.37565368559638407,0.2292013341599436,0.10181559535057383,-0.0029584729409307333,0.07829798174921522
2025-07-07 12:00:00+00:00,9817.91512631428,-0.0033316826306042666,-0.7652674119237248,0.0031137146727439474,0.16115367985942525,0.12916348842997566,0.3770674297032714,0.2309013047258002,0.10171409728152753,-0.0038263370596186242,0.07447164468959659
2025-07-07 14:00:00+00:00,9832.078391893421,0.0014425940127737826,0.3217729985114914,0.010962080129653017,0.16707007272544278,0.12781213519845316,0.3686952455789046,0.23594699198943572,0.10047555450776384,0.001608864992557457,0.07608050968215405
2025-07-07 16:00:00+00:00,9754.71200410803,-0.007868772471258799,-1.811823974691791,0.00640628865516886,0.17128859202622326,0.12999990455284144,0.3638724725934596,0.23537986179037218,0.0994591690371034,-0.009059119873458955,0.0670213898086951
2025-07-07 18:00:00+00:00,9728.501253822122,-0.002686983508572076,-0.6087275480630563,0.02141590170006078,0.15720716959773706,0.12266542528126693,0.3757123774290681,0.24204978784728384,0.10236523984464412,-0.0030436377403152814,0.06397775206837981
2025-07-07 20:00:00+00:00,9755.121278253937,0.0027362924398408295,0.6198996200836906,0.020132324706079098,0.1458855014556513,0.11385476871727364,0.3825031843947445,0.25194359918469106,0.10581294624763962,0.003099498100418453,0.06707725016879827
2025-07-07 22:00:00+00:00,9751.224585855118,-0.0003994509435270345,-0.09169793903833082,0.009477432977970296,0.14307452315063354,0.11455490675131884,0.3912804793386695,0.24643823804180778,0.10465185271757024,-0.0004584896951916541,0.06661876047360661
2025-07-08 00:00:00+00:00,9761.90284816153,0.00109506885134216,0.24789298437275803,0.009994291498981914,0.13790590200117203,0.10972923640179849,0.3931985477568276,0.2529975332795461,0.10616878056065578,0.0012394649218637902,0.0678582253954704
2025-07-08 02:00:00+00:00,9722.68992676281,-0.004016934199063823,-0.9178233619270791,0.004449153689960232,0.13749000957547897,0.1109452914427183,0.3891652864925604,0.25420415386216366,0.10819525862707859,-0.004589116809635396,0.06326910858583501
2025-07-08 04:00:00+00:00,9748.166839624188,0.002620356408903713,0.5981655712162603,0.002084276798319226,0.13772908070701562,0.11045204598671668,0.3875742551502428,0.2554679379475901,0.10877668020843476,0.002990827856081302,0.06625993644191631
2025-07-08 06:00:00+00:00,9768.231559865892,0.0020583070203666013,0.468909637319983,0.008155045560456209,0.1335365860969347,0.10751724108699727,0.38654650909958704,0.2633125860824277,0.1090870776340535,0.002344548186599915,0.06860448462851623
2025-07-08 08:00:00+00:00,9789.442177762052,0.002171387703717702,0.49421440936162087,0.006167542335328256,0.13098928053386827,0.10692109997111715,0.38352241344320526,0.2672457809940581,0.11132142505775126,0.002471072046808104,0.07107555667532434
2025-07-08 10:00:00+00:00,9768.762622400767,-0.0021124344968564096,-0.48791891010537947,0.018345570161165357,0.11995585790919693,0.09960895243462316,0.38713758045711905,0.27532824243464604,0.11796936676441491,-0.0024395945505268973,0.06863596212479744
2025-07-08 12:00:00+00:00,9802.109758868797,0.0034136499940700302,0.7805669262794637,0.004867769880035927,0.12385442795438474,0.10047560479542704,0.3827350343423185,0.27543078990869024,0.11750414299917952,0.003902834631397318,0.07253879675619476
2025-07-08 14:00:00+00:00,9815.951228340504,0.0014120908469917853,0.32022447462112624,0.008552631952463946,0.12736935436713262,0.10551331033514304,0.3771805100223868,0.27418904410603484,0.11574778116930261,0.0016011223731056312,0.07413991912930039
2025-07-08 16:00:00+00:00,9772.937439382673,-0.004382029612539393,-1.0187627178939305,0.004550905900629482,0.1248368170675586,0.10349494173408762,0.37802538779558403,0.27570365352676973,0.11793919987599999,-0.005093813589469652,0.06904610553983073
2025-07-08 18:00:00+00:00,9850.083172913202,0.007893812275892637,1.80875057314079,0.00825605177421497,0.12340260733077754,0.10655616281304182,0.37924461634229606,0.2688818114893358,0.12191480202454873,0.00904375286570395,0.07808985840553469
2025-07-08 20:00:00+00:00,9849.189591217797,-9.071818782834322e-05,-0.02740901326531771,0.015935767121604688,0.1334184606172905,0.11247607664813354,0.3770983320960689,0.26247578376962233,0.11453134686888468,-0.00013704506632658856,0.0779528133392081
2025-07-08 22:00:00+00:00,9859.0267028548,0.000998773710861877,0.22242292276898556,0.00892243262045539,0.1359287332683195,0.11008329001562284,0.3719293931275434,0.2688879437390488,0.11317063984946554,0.0011121146138449278,0.07906492795305303
2025-07-09 00:00:00+00:00,9870.149481499566,0.001128182221227199,0.25207136868385704,0.022856013253855126,0.14917132861430737,0.11969670792349008,0.3649906300748741,0.2582681114371856,0.10787322195014293,0.0012603568434192852,0.08032528479647232
2025-07-09 02:00:00+00:00,9851.376411219724,-0.0019020046570751865,-0.44806534059025954,0.003953066371886249,0.15174240202639758,0.12094701560777305,0.3642878257877977,0.2550178493523757,0.108004907225656,-0.002240326702951298,0.07808495809352102
2025-07-09 04:00:00+00:00,9848.684883609725,-0.00027321335594620796,-0.06980939026254639,0.00720725367554137,0.15005792263816192,0.11542424132046732,0.3678196178284152,0.258256494296398,0.10844172391655756,-0.0003490469513127319,0.07773591114220829
2025-07-09 06:00:00+00:00,9900.580505969154,0.005269294628950228,1.2050205783681727,0.026773509631661356,0.16547592980482087,0.12677974378546972,0.3620923296609309,0.2439777187033822,0.10167427804539632,0.006025102891840863,0.08376101403404916
2025-07-09 08:00:00+00:00,9894.170969346098,-0.0006473899807381713,-0.15955865725764076,0.0057557208280947375,0.1625555735865714,0.12546669232011004,0.3650208740837528,0.24245540555889655,0.10450145445066915,-0.0007977932862882038,0.08296322074776095
2025-07-09 10:00:00+00:00,9870.299592441086,-0.0024126707511897836,-0.5718263021764609,0.00414362639531491,0.16597729638738973,0.1261885959146067,0.3638943816436095,0.24159182023964737,0.10234790581474679,-0.0028591315108823043,0.08010408923687865
2025-07-09 12:00:00+00:00,9907.101464737458,0.003728546631406837,0.8533179734260158,0.0018569494507996095,0.1664946577946839,0.12752818395811216,0.3633086264193039,0.24042250268700888,0.10224602914089127,0.004266589867130079,0.08437067910400872
2025-07-09 14:00:00+00:00,9937.742433396104,0.0030928287923271923,0.7046983792070294,0.008490864025494316,0.16962753596410327,0.130398991782782,0.36579580445070903,0.23418220262877842,0.09999546517362744,0.003523491896035147,0.08789417100004387
2025-07-09 16:00:00+00:00,9931.45459883425,-0.0006327226333339834,-0.15919092207688396,0.0049574876039491025,0.16641925982916161,0.12957264380360353,0.36901742657497116,0.23591806810846533,0.09907260168379839,-0.0007959546103844197,0.08709821638965945
2025-07-09 18:00:00+00:00,9930.312048492186,-0.00011504360521368971,-0.038007966624520904,0.017415833808251326,0.16079179334577515,0.13228612955217786,0.3831142625158079,0.2241297007836005,0.0996781138026387,-0.00019003983312260452,0.08690817655653685
2025-07-09 20:00:00+00:00,10128.045536881826,0.019912112270395813,4.411169743246548,0.013955146299629531,0.17001246355885932,0.1340100784522537,0.37224179425949927,0.22714022797007,0.09659543575931777,0.02205584871623274,0.10896402527276959
2025-07-09 22:00:00+00:00,10105.256626860782,-0.0022500797353306634,-0.5295140527496596,0.0059859817644971405,0.17320257854929072,0.13680594522631936,0.37061394167928774,0.22380637315044025,0.09557116139466182,-0.0026475702637482976,0.10631645500902129
2025-07-10 00:00:00+00:00,10130.568635969476,0.002504835853590319,0.5336661946367715,0.01905243636279782,0.18114408167607893,0.14791687846232904,0.3658702719825407,0.21483120869978212,0.09023755917926925,0.0026683309731838573,0.10898478598220515
2025-07-10 02:00:00+00:00,10142.686675646093,0.0011961855362778145,0.24495226937794531,0.018740428127215818,0.16933501043223692,0.1409855215789552,0.37698028002850437,0.2173706978856325,0.09532849007467095,0.0012247613468897266,0.11020954732909488
2025-07-10 04:00:00+00:00,10148.652346755593,0.000588174642506134,0.10954807796120863,0.0406581609186662,0.19574632150277918,0.1552323714270791,0.3520940221502032,0.20745017100448374,0.08947711391545468,0.0005477403898060431,0.11075728771890092
2025-07-10 06:00:00+00:00,10149.86374184818,0.00011936511875643042,0.004373569434053701,0.019634119067959956,0.1827116552475868,0.1489845751482717,0.36817484625974023,0.2110034659629067,0.08912545738149454,2.1867847170268506e-05,0.1107791555660712
2025-07-10 08:00:00+00:00,10166.663326898868,0.0016551537516137722,0.34813887573671265,0.004932448916703469,0.1809055082710688,0.14740232114156968,0.3666307983262569,0.21152390445267846,0.09353746780842633,0.0017406943786835633,0.11251984994475475
2025-07-10 10:00:00+00:00,10151.714103132095,-0.0014704159355037212,-0.3588140592310506,0.02461760334222382,0.1978862908390589,0.15503914191580334,0.34809430629945176,0.20964898585203243,0.08933127509365361,-0.001794070296155253,0.1107257796485995
2025-07-10 12:00:00+00:00,10148.653014985219,-0.0003015341168770308,-0.09097996064703145,0.012800455379545744,0.19001497663067526,0.15011000074464112,0.35641043133267564,0.21339487343570834,0.09006971785629946,-0.00045489980323515724,0.11027087984536435
2025-07-10 14:00:00+00:00,10138.92187926371,-0.000958859831658608,-0.24131930441581703,0.01808451895395828,0.2014241810456057,0.15678531528366907,0.34174187214251817,0.21038776404897006,0.08966086747923703,-0.0012065965220790851,0.10906428332328527
2025-07-10 16:00:00+00:00,10155.6892309542,0.0016537608130488563,0.3521496794568621,0.005899501553085225,0.19904920665618409,0.1553130666415777,0.3474632905178157,0.20833548552739783,0.08983895065702474,0.0017607483972843106,0.11082503172056958
2025-07-10 18:00:00+00:00,10311.047879594284,0.0152976962082056,3.1982961957677523,0.003876672674804925,0.1975442138649199,0.1581408270404473,0.3460082853700167,0.20938439780333312,0.08892227592128295,0.015991480978838762,0.12681651269940836
2025-07-10 20:00:00+00:00,10293.798876016615,-0.0016728662090498172,-0.4073957839081238,0.005900319393504334,0.196283977349879,0.1593431622819297,0.34289018235394325,0.20786241794094312,0.09362026007330485,-0.002036978919540619,0.12477953377986774
2025-07-10 22:00:00+00:00,10552.924320179563,0.025172965518753372,4.6727071305604895,0.021244803168820894,0.2152441127386575,0.16031462814157652,0.32855929958433067,0.2091756198613387,0.08670633967409652,0.02336353565280245,0.1481430694326702
2025-07-11 00:00:00+00:00,10540.92793257338,-0.0011367832500459515,-0.28037083932595924,0.017433757110782183,0.216110113050972,0.17299134510219316,0.3201510624913497,0.20015009984353752,0.09059737951194763,-0.0014018541966297963,0.1467412152360404
2025-07-11 02:00:00+00:00,10555.751060188422,0.0014062450393228592,0.251355553596564,0.009684873667691454,0.2225765334423955,0.17620979837846115,0.3164603149063279,0.19542318665527503,0.08933016661754051,0.0012567777679828199,0.14799799300402322
2025-07-11 04:00:00+00:00,10601.917188213183,0.004373552176583623,0.8445274901662957,0.016648704720561222,0.21108491265670967,0.17105271444358572,0.32543220510936033,0.20120831746602236,0.09122185032432195,0.0042226374508314785,0.1522206304548547
2025-07-11 06:00:00+00:00,10673.896452607418,0.006789268687578306,1.3002166978787857,0.04976522504995697,0.2338071072591417,0.19809574489111065,0.295499625580045,0.1818837725590673,0.09071374971063535,0.0065010834893939285,0.15872171394424864
2025-07-11 08:00:00+00:00,10582.750363636671,-0.008539158064296433,-1.984536766495449,0.031767454212184014,0.22203613519764517,0.17947633259543386,0.31195085419394597,0.19719999815735037,0.08933667985562468,-0.009922683832477245,0.1487990301117714
2025-07-11 10:00:00+00:00,10673.374272760888,0.008563360753137468,1.6167809704475393,0.003236573069055483,0.22170596314589058,0.18013191277332546,0.30904445317664503,0.19796810470424409,0.0911495661998948,0.008083904852237696,0.1568829349640091
2025-07-11 12:00:00+00:00,10622.36097838497,-0.004779490821951908,-1.081603489409304,0.09104179588049482,0.27288233122254435,0.21999734057716647,0.24616216807984265,0.17432643831221437,0.08663172180823203,-0.00540801744704652,0.15147491751696257
2025-07-11 14:00:00+00:00,10698.04420187502,0.007124896587872917,1.3461246680136199,0.11071284624147287,0.2151687811419181,0.16699804441631985,0.32100351722803205,0.20650100090419996,0.09032865630952991,0.006730623340068099,0.15820554085703067
2025-07-11 16:00:00+00:00,10622.280486838621,-0.0070820155167353,-1.6099652494473715,0.025059115570775926,0.22568751755939465,0.18153842356961927,0.3076671327922611,0.1978694387009442,0.08723748737778074,-0.008049826247236857,0.15015571460979382
2025-07-11 18:00:00+00:00,10688.261118871991,0.006211531705938498,1.1731419879784437,0.0055721288913201175,0.22750273175412059,0.1766842274203906,0.3069492000501696,0.19934340101251993,0.08952043976279916,0.005865709939892218,0.15602142454968604
2025-07-11 20:00:00+00:00,10717.395754955862,0.0027258536968589233,0.5040701633552684,0.0089129835213735,0.22169441900851833,0.1748054477795206,0.31350107315362696,0.2017045114304361,0.08829454862789796,0.002520350816776342,0.15854177536646238
2025-07-11 22:00:00+00:00,10575.003598867466,-0.01328607801224029,-3.1313444533071473,0.004529267372615796,0.22096895359287305,0.17100164582255006,0.31514034734304586,0.2033939347036117,0.08949511853791926,-0.015656722266535736,0.14288505309992666
2025-07-12 00:00:00+00:00,10564.86070562859,-0.0009591385141431456,-0.23395580113666092,0.01742091999246259,0.2326066580791251,0.17674755035703943,0.2999791395902005,0.20343124567533297,0.0872354062983021,-0.0011697790056833047,0.14171527409424337
2025-07-12 02:00:00+00:00,10608.053090750474,0.004088306161847771,0.7681823620734508,0.03163936826426365,0.20941843578656,0.16829640438534083,0.32043931992564667,0.20669090665561804,0.09515493324683447,0.003840911810367254,0.1455561859046106
2025-07-12 04:00:00+00:00,10611.560755628441,0.0003306605696594951,0.027784045943676304,0.017021079364108342,0.2237039522112099,0.17103196732479928,0.3129585575485467,0.2020520423129857,0.09025348060245846,0.00013892022971838153,0.14569510613432898
2025-07-12 06:00:00+00:00,10533.2243151391,-0.007382178954947012,-1.6341889997645218,0.03132093718966963,0.20219902791689218,0.1612159544294474,0.33096153995958216,0.2115398136026698,0.09408366409140853,-0.008170944998822609,0.13752416113550636
2025-07-12 08:00:00+00:00,10546.366543714303,0.0012476928414327667,0.21590790877886254,0.024605078295922088,0.21516324080740354,0.17190816040553886,0.3130824076194336,0.2048138676468962,0.09503232352072775,0.0010795395438943126,0.13860370067940067
2025-07-12 10:00:00+00:00,10573.390949691562,0.0025624375812507475,0.47638153735777383,0.019490507798788838,0.20299915472812943,0.16458173868602413,0.32772599268974856,0.20804795367278978,0.0966451602233081,0.002381907686788869,0.14098560836618954
2025-07-12 12:00:00+00:00,10550.104498084229,-0.0022023636237542797,-0.49400026058312574,0.016279478219442423,0.191916796771977,0.15938461842273413,0.3378158262347727,0.2131504256713242,0.09773233289919198,-0.0024700013029156287,0.1385156070632739
2025-07-12 14:00:00+00:00,10481.972735328978,-0.00645792302508686,-1.4174691270139999,0.009863731791920717,0.1969290023282072,0.1642361446584246,0.3314423441004789,0.21094557206104278,0.0964469368518464,-0.007087345635069999,0.1314282614282039
2025-07-12 16:00:00+00:00,10388.069969414952,-0.008958501255925849,-1.9637947571024148,0.014499572430768874,0.18880720854423144,0.1578583660116315,0.34200167813040977,0.21245659311913548,0.09887615419459173,-0.009818973785512074,0.12160928764269183
2025-07-12 18:00:00+00:00,10475.214734415315,0.008388927419331907,1.5916260961249433,0.012839952652543951,0.18090826474361715,0.1529173571597019,0.350624952752157,0.2153556463886395,0.1001937789558845,0.007958130480624716,0.12956741812331654
2025-07-12 20:00:00+00:00,10488.089999093476,0.0012291170161753823,0.21461192603428936,0.0017197147297090334,0.1818952640898387,0.15365007254318935,0.3502223420454141,0.21441043118998354,0.09982189013157429,0.0010730596301714468,0.130640477753488
2025-07-12 22:00:00+00:00,10478.472097659256,-0.000917030787784191,-0.21828218518697035,0.0037452035051462815,0.18014408669665954,0.1517089461033602,0.3520741193483655,0.21630385739217847,0.09976899045943641,-0.0010914109259348517,0.12954906682755316
2025-07-13 00:00:00+00:00,10488.455073892887,0.0009527129662215568,0.16056019683474676,0.000510165493924214,0.17976299363299536,0.15183544083387002,0.35230971023822705,0.21617478496191844,0.09991707033298927,0.0008028009841737338,0.1303518678117269
2025-07-13 02:00:00+00:00,10529.405288318592,0.0039043132794300247,0.7415757608218555,0.0033421767445724407,0.17772378168174716,0.15053247604054565,0.3544304840529895,0.21695875377800025,0.10035450444671733,0.0037078788041092774,0.13405974661583617
2025-07-13 04:00:00+00:00,10517.342537662658,-0.0011456250686177375,-0.26843864075446233,0.003647248247651967,0.17935602349519983,0.15159142138167464,0.3526662433133728,0.21791481487107062,0.0984714969386821,-0.0013421932037723117,0.13271755341206384
2025-07-13 06:00:00+00:00,10557.350504642844,0.0038039996165302598,0.7230877708746155,0.0026535334137327282,0.1783470535062908,0.1502901710251675,0.3551755298343791,0.2180590617637971,0.09812818387036559,0.0036154388543730774,0.13633299226643691
2025-07-13 08:00:00+00:00,10586.63066601808,0.002773438407899676,0.5206895825848773,0.0016469994849572164,0.1784718110634224,0.14864317154021026,0.3553343023315217,0.2181077118730085,0.0994430031918372,0.0026034479129243867,0.1389364401793613
2025-07-13 10:00:00+00:00,10566.382425705466,-0.0019126236619937276,-0.432979556053797,0.008726427945833531,0.1819779663517971,0.15013744803550014,0.3488931081374144,0.22183370803517738,0.09715776944011088,-0.002164897780268985,0.1367715423990923
2025-07-13 12:00:00+00:00,10610.554500049366,0.004180434945875215,0.7968462075571574,0.006281251761189967,0.18472092859649775,0.15031655893405024,0.34372879132150863,0.22519288665311663,0.09604083449482673,0.003984231037785787,0.1407557734368781
2025-07-13 14:00:00+00:00,10654.268025808155,0.00411981539311497,0.7829649279704393,0.005602542989502544,0.18287369298585449,0.14737024275909785,0.3493313343110112,0.2245390783454677,0.09588565159856878,0.003914824639852196,0.14467059807673027
2025-07-13 16:00:00+00:00,10686.808453438558,0.0030542152263843556,0.5741096855573065,0.005368620674745014,0.18048084840268727,0.1497322693464733,0.3523379283983808,0.22161529780991848,0.09583365604254022,0.0028705484277865324,0.1475411465045168
2025-07-13 18:00:00+00:00,10684.720096263543,-0.000195414485448339,-0.0807802232230249,0.003926993786579409,0.17927842816889555,0.15214761287515607,0.35384957865627736,0.2193325355006485,0.09539184479902246,-0.0004039011161151245,0.14713724538840167
2025-07-13 20:00:00+00:00,10698.316142100226,0.0012724756207171436,0.21997379308165366,0.00809310770513652,0.18589683195797005,0.15245303900671187,0.34637809470032405,0.22050181328515475,0.09477022104983929,0.0010998689654082682,0.14823711435380993
2025-07-13 22:00:00+00:00,10617.715022177348,-0.007534000570958571,-1.6990246514561047,0.002537452110497364,0.1855343120402367,0.154156892637449,0.3454421084834226,0.21926286730929212,0.09560381952959947,-0.008495123257280524,0.1397419910965294
2025-07-14 00:00:00+00:00,10626.779631567226,0.0008537250595768917,0.13831333453439226,0.0030762336076717786,0.18533336376905493,0.15259921575922555,0.34794765977711967,0.21983354962326684,0.09428621107133292,0.0006915666726719613,0.14043355776920136
2025-07-14 02:00:00+00:00,10639.912817241462,0.0012358575344147775,0.21610666934866107,0.003719359399736541,0.18277484828272325,0.15143837184582074,0.3503976396078066,0.22016306147922576,0.09522607878442363,0.0010805333467433054,0.14151409111594465
2025-07-14 04:00:00+00:00,10791.855824184733,0.014280474807749933,2.598635953472067,0.0049020337247003345,0.18568469384441685,0.14943325690392656,0.3523898277708133,0.21966507078635578,0.0928271506944874,0.012993179767360334,0.154507270883305
2025-07-14 06:00:00+00:00,10831.162312855611,0.003642236266981305,0.6751279759517493,0.007600364676829653,0.1910788735076498,0.15163944191752335,0.34858855897636754,0.21726162015635372,0.09143150544210563,0.0033756398797587465,0.15788291076306374
2025-07-14 08:00:00+00:00,10876.622886691539,0.004197201788950207,0.7792385061611325,0.0023564071754862,0.1929625223750092,0.15211220022565022,0.3476587579949836,0.21630029226337766,0.09096622714097952,0.0038961925308056626,0.1617791032938694
2025-07-14 10:00:00+00:00,10849.213509842057,-0.002520026402958257,-0.5758279433334003,0.0051099669382225765,0.19442260259220892,0.15426611565503445,0.34254879105676095,0.21716619855428934,0.09159629214170639,-0.002879139716667001,0.1588999635772024
2025-07-14 12:00:00+00:00,10844.413252793383,-0.00044245207676290346,-0.1371952172274815,0.012502211279036751,0.18781987826040084,0.15853018244144398,0.34898831333562375,0.21126671160706065,0.09339491435547079,-0.0006859760861374075,0.158213987491065
2025-07-14 14:00:00+00:00,10853.947115693614,0.0008791497223490238,0.13330102882090225,0.008411683659892422,0.1953612934752382,0.1594004508864991,0.3455981325687113,0.20874589306071029,0.09089423000884123,0.0006665051441045113,0.1588804926351695
2025-07-14 16:00:00+00:00,10696.426445163539,-0.014512754563021413,-3.436653695284569,0.0037555299942973325,0.19329083056005378,0.15772457808016838,0.3483205643723867,0.20977899125133212,0.09088503573605891,-0.017183268476422847,0.14169722415874667
2025-07-14 18:00:00+00:00,10708.905359729919,0.0011666433299339345,0.1951510977825146,0.00589144022029147,0.19403021693079694,0.1557014150493875,0.3444522871828761,0.21489699091503897,0.09091908992190041,0.000975755488912573,0.14267297964765924
2025-07-14 20:00:00+00:00,10664.150960882002,-0.0041791758676113615,-0.9078090838981925,0.012173652401430347,0.18725231022122013,0.15030566935753398,0.3513907325217569,0.2185344093565683,0.09251687854292068,-0.004539045419490962,0.13813393422816828
2025-07-14 22:00:00+00:00,10691.341863440157,0.0025497484664176737,0.4692030706447461,0.002662270814758068,0.1860761769471907,0.14881953181680538,0.35204938583176304,0.22024909947880938,0.09280580592543154,0.0023460153532237306,0.140479949581392
2025-07-15 00:00:00+00:00,10692.368227472118,9.599955226113469e-05,-0.017560820795235303,0.008423256023499262,0.17919467335320027,0.14758660586790828,0.3593604484412706,0.2199402729981976,0.09391799933942323,-8.78041039761765e-05,0.14039214547741583
2025-07-15 02:00:00+00:00,10558.361398910203,-0.012532941787171925,-2.8114250444426894,0.010425271403306055,0.18473100622832792,0.15247554439608665,0.35281496859023703,0.21694947063646083,0.09302901014888744,-0.014057125222213446,0.12633502025520238
2025-07-15 04:00:00+00:00,10434.52824311109,-0.011728444511464993,-2.5312880843752623,0.0077289835464217985,0.1806683683769726,0.15494815889500502,0.3567369155857639,0.21328312494139445,0.09436343220086407,-0.012656440421876311,0.11367857983332606
2025-07-15 06:00:00+00:00,10488.754436296966,0.005196803527910004,0.9751858739067232,0.008175699610610307,0.18575925950187344,0.15287451454573583,0.35284963664037733,0.21636793342710392,0.09214865588490956,0.004875929369533616,0.11855450920285968
2025-07-15 08:00:00+00:00,10464.465885806345,-0.002315675387209942,-0.48769625729923294,0.014616690565891433,0.1765099483984373,0.14750713508328048,0.362522185893219,0.21907845625605787,0.09438227436900531,-0.0024384812864961646,0.11611602791636351
2025-07-15 10:00:00+00:00,10473.435987805553,0.0008571963535544877,0.1436496295297271,0.02162554731605098,0.1647687887734762,0.1376227473921906,0.3791747190938965,0.22389110157624303,0.09454264316419363,0.0007182481476486355,0.11683427606401214
2025-07-15 12:00:00+00:00,10484.854029541799,0.0010901906260315413,0.18935926671148226,0.0190533194156283,0.1589395455156645,0.12952624449797295,0.3740471458302975,0.23702183799093457,0.10046522616513037,0.0009467963335574114,0.11778107239756956
2025-07-15 14:00:00+00:00,10590.79979972347,0.01010464903785627,1.8764152467714994,0.008039547308600563,0.15511474374785258,0.12647975458728974,0.3728788902001921,0.24305853041838824,0.10246808104627729,0.009382076233857497,0.12716314863142705
2025-07-15 16:00:00+00:00,10545.050570451705,-0.00431971429324531,-0.9040060597406169,0.024233601820683646,0.13849412656099225,0.11963437195524515,0.3721112881984134,0.25933072790161876,0.1104294853837304,-0.004520030298703084,0.12264311833272397
2025-07-15 18:00:00+00:00,10693.124300051835,0.014042012279680032,2.5275399333054334,0.02798083327118761,0.1290502682191773,0.12280810071359564,0.39523397532046045,0.240793752972246,0.11211390277452037,0.012637699666527167,0.13528081799925112
2025-07-15 20:00:00+00:00,10629.290649339528,-0.005969597745347169,-1.240921628851405,0.019465947135682775,0.13214854983763524,0.1190439559960732,0.37953217290230024,0.2560747771918996,0.11320054407209175,-0.006204608144257024,0.1290762098549941
2025-07-15 22:00:00+00:00,10721.344750973096,0.008660418147403606,1.5622324145185775,0.025274832323550787,0.117957861460924,0.10869623139611341,0.37879575355542044,0.2693274430352533,0.12522271055228879,0.007811162072592887,0.136887371927587
2025-07-16 00:00:00+00:00,10752.554414963988,0.0029109840897578888,0.517093899642424,0.013613899395740009,0.12293435506362685,0.10751641538367859,0.3699423616180056,0.2779648488282904,0.12164201910639841,0.00258546949821212,0.1394728414257991
2025-07-16 02:00:00+00:00,10758.564685683792,0.0005589621300999101,0.07148474553956599,0.026477242849841216,0.10812282436300312,0.09585070323446124,0.3842735025108785,0.2783601139895292,0.13339285590212807,0.00035742372769782994,0.13983026515349695
2025-07-16 04:00:00+00:00,10695.513503245955,-0.005860557079861977,-1.2230693481487822,0.011958288718290272,0.11346540102077157,0.10246641529498303,0.3800154358495726,0.27451069303998926,0.12954205479468361,-0.006115346740743911,0.13371491841275304
2025-07-16 06:00:00+00:00,10730.477944968296,0.0032690755531960022,0.587462275041202,0.006046827602186042,0.11329947181859985,0.10629138971515048,0.37854960944214466,0.27009562104740276,0.1317639079767021,0.0029373113752060097,0.13665222978795905
2025-07-16 08:00:00+00:00,10776.286005484004,0.004268967398342866,0.7712668674412746,0.011470139277264348,0.12019182585583313,0.10533297020542544,0.3831273946821758,0.26697908549821026,0.12436872375835538,0.003856334337206373,0.1405085641251654
2025-07-16 10:00:00+00:00,10850.637845778823,0.006899579340877004,1.2410668456800895,0.0122711381220586,0.1262591623773221,0.11153677180599514,0.3807262712691294,0.2600126233897624,0.12146517115779115,0.006205334228400448,0.14671389835356585
2025-07-16 12:00:00+00:00,10812.365759332439,-0.003527173885106916,-0.745452900071688,0.01640671831488843,0.1380868179015445,0.11611583459666115,0.37361253375168424,0.25774412866514196,0.1144406850849683,-0.0037272645003584397,0.14298663385320742
2025-07-16 14:00:00+00:00,10825.642184607734,0.001227892726791737,0.19871951251116535,0.007909593794471564,0.14092441899458008,0.11316846795200455,0.3786845264531202,0.2551153515418022,0.11210723505849303,0.0009935975625558267,0.14398023141576324
2025-07-16 16:00:00+00:00,10873.335065948932,0.004405547544238031,0.7933082389573874,0.026386609926530066,0.1579952545163804,0.12248424235673425,0.3640567033136879,0.2503663538058137,0.10509744600738373,0.003966541194786937,0.14794677261055017
2025-07-16 18:00:00+00:00,11024.312384386574,0.013885097582474578,2.3798340123019086,0.011773828552447185,0.1619161834931112,0.1269334217782676,0.36548288232919923,0.2385925252533665,0.10707498714605541,0.011899170061509543,0.1598459426720597
2025-07-16 20:00:00+00:00,11029.259998948339,0.00044879121610989927,0.03954035141086098,0.0074394893650877245,0.16701392820533517,0.12894657215619656,0.3658114766041341,0.23475491188440092,0.10347311114993332,0.0001977017570543049,0.160043644429114
2025-07-16 22:00:00+00:00,11069.124211990225,0.0036144050503559336,0.6307570446402548,0.015386495109946337,0.15699596400180338,0.12889654508329468,0.3807745307231444,0.22943640805088822,0.10389655214086933,0.0031537852232012744,0.1631974296523153
2025-07-17 00:00:00+00:00,10976.845780813475,-0.008336561177693989,-1.790542176517208,0.012913927416200517,0.16514423540980153,0.12753996489463937,0.37178024839521023,0.23420206405909064,0.10133348724125832,-0.00895271088258604,0.15424471876972926
2025-07-17 02:00:00+00:00,10932.24137616503,-0.004063499254622849,-0.8542740525312448,0.013389348569952692,0.16015941990828214,0.1295962314310752,0.3831133304287271,0.22625309949334238,0.10087791873857327,-0.004271370262656224,0.14997334850707303
2025-07-17 04:00:00+00:00,10897.598545191511,-0.003168868101380246,-0.6683409499326677,0.00789400069449063,0.16338117683965636,0.1321844780104574,0.38519732761246134,0.22041657800986794,0.09882043952755712,-0.0033417047496633384,0.1466316437574097
2025-07-17 06:00:00+00:00,11008.39050938408,0.010166640267864823,1.7709462117100252,0.008049672303679152,0.15759288786093506,0.12992309468549948,0.3897041138845519,0.22346049011521973,0.09931941345379385,0.008854731058550126,0.1554863748159598
2025-07-17 08:00:00+00:00,11080.843850842433,0.006581647098782481,1.1503212723061222,0.004823745084249709,0.15834351241111672,0.12631252152517625,0.38849094196062545,0.22711436567794704,0.09973865842513462,0.005751606361530611,0.1612379811774904
2025-07-17 10:00:00+00:00,11204.638625298874,0.011171962724393709,1.8859733133636263,0.006612282513224814,0.16191539533196395,0.12935292111755375,0.38499576437516264,0.22576689921769827,0.0979690199576213,0.009429866566818131,0.17066784774430854
2025-07-17 12:00:00+00:00,11121.716616919131,-0.007400685658216102,-1.5675122091278404,0.002446691052826709,0.16356671654435365,0.12854016838678867,0.38336182605310104,0.22624850817183942,0.09828278084391719,-0.007837561045639202,0.16283028669866934
2025-07-17 14:00:00+00:00,11124.993255642734,0.0002946162752087429,0.007539252434944357,0.004948613359891524,0.16467924491535868,0.1315993797434835,0.38413869968529274,0.22172240689914308,0.09786026875672206,3.7696262174721785e-05,0.16286798296084407
2025-07-17 16:00:00+00:00,11212.828371550855,0.00789529610398386,1.3501458847494272,0.01207874478888845,0.17243379890603747,0.13592357054169313,0.378368433761645,0.21875976713058304,0.09451442966004137,0.006750729423747136,0.1696187123845912
2025-07-17 18:00:00+00:00,11219.297128845861,0.000576906832126162,0.057434728100746915,0.012983165480048062,0.16492851416485746,0.13044568980282503,0.3846356387210348,0.22236161415030653,0.09762854316097608,0.0002871736405037346,0.16990588602509493
2025-07-17 20:00:00+00:00,11177.027421692826,-0.003767589597422771,-0.797351925352632,0.004208584720761792,0.1666444309218733,0.1309088472150841,0.3809416865800181,0.22439112470179348,0.09711391058123107,-0.00398675962676316,0.16591912639833178
2025-07-17 22:00:00+00:00,11274.600093275661,0.008729751471617878,1.4822053019276418,0.007016426190293926,0.16370266986548318,0.12683418208118025,0.38354880997238444,0.22603389526220125,0.09988044281875082,0.007411026509638209,0.17333015290797
2025-07-18 00:00:00+00:00,11250.835537750241,-0.0021077958711452124,-0.4637631881249397,0.014983487370326863,0.17417688701071452,0.13134345230627584,0.3715203898775993,0.22571138399451113,0.0972478868108993,-0.0023188159406246985,0.1710113369673453
2025-07-18 02:00:00+00:00,11481.526840722476,0.02050437073746126,3.081526598515449,0.016006808507655276,0.16081208035544695,0.13004604862885208,0.38377807042878864,0.22436678581954708,0.10099701476736511,0.015407632992577245,0.18641896995992255
2025-07-18 04:00:00+00:00,11631.916702554274,0.013098420089773842,2.027808264437685,0.009808762596878566,0.16737301210587563,0.13064908953208626,0.37631714009071393,0.22701157576276282,0.09864918250856129,0.010139041322188425,0.19655801128211098
2025-07-18 06:00:00+00:00,11755.298979316976,0.010607218046498643,1.64865084648798,0.0059835879895285896,0.16634401836259946,0.13254383173686773,0.38040598587546115,0.22247237921754912,0.09823378480752268,0.0082432542324399,0.20480126551455088
2025-07-18 08:00:00+00:00,11627.927975658313,-0.010835198992621769,-2.3181831163598328,0.023407934419044818,0.18251234715889042,0.13942931600354583,0.36266235866900853,0.22282650057362485,0.09256947759493045,-0.011590915581799163,0.1932103499327517
2025-07-18 10:00:00+00:00,11770.49935282815,0.012261116294174952,1.8586794997715432,0.012305957620246798,0.1747960946301854,0.13584263434187155,0.37002564926178727,0.22182347714375727,0.09751214462239842,0.009293397498857716,0.20250374743160943
2025-07-18 12:00:00+00:00,11653.570307072834,-0.009934076902796896,-2.0690490171526092,0.01035208871404196,0.18221066138756856,0.13845377874770645,0.3630583805288301,0.22214985469458112,0.09412732464131358,-0.010345245085763047,0.1921585023458464
2025-07-18 14:00:00+00:00,11644.106055506727,-0.000812133218981262,-0.20971701408700782,0.03547377452755341,0.15754836473420963,0.12764230087351205,0.38806707628257525,0.22532278678294276,0.1014194713267603,-0.0010485850704350392,0.19110991727541135
2025-07-18 16:00:00+00:00,11427.333796700425,-0.018616479253363318,-4.063310712982695,0.0240868868246149,0.17466863578302638,0.13460891664931024,0.3716223737909701,0.223897755824753,0.09520231795194038,-0.02031655356491347,0.1707933637104979
2025-07-18 18:00:00+00:00,11474.369251145006,0.004116048002217584,0.6367671548566817,0.016737089144302608,0.16490590020856702,0.1280586058711123,0.38333064494556396,0.22347371303310767,0.1002311359416491,0.003183835774283408,0.1739771994847813
2025-07-18 20:00:00+00:00,11328.239274032716,-0.012735338554466279,-2.5296446014587435,0.0099725257521587,0.1688235775452346,0.1301961121448528,0.374660262011174,0.22739105517485828,0.09892899312388037,-0.012648223007293718,0.1613289764774876
2025-07-18 22:00:00+00:00,11306.083583840975,-0.0019557929220763493,-0.38917144994329717,0.016775982534941246,0.1583765676133001,0.12640927168567362,0.3874191657677327,0.22484892303103066,0.1029460719022628,-0.0019458572497164858,0.1593831192277711
2025-07-19 00:00:00+00:00,11304.001626462896,-0.0001841448776351839,-0.07845412529631009,0.006929555477435172,0.16202863175949767,0.12894923772347788,0.3815397051634811,0.22558644832446406,0.1018959770290793,-0.0003922706264815504,0.15899084860128954
2025-07-19 02:00:00+00:00,11268.111824872554,-0.0031749642981581767,-0.6081571751198644,0.0072451844299013385,0.15577102936179832,0.12867562413578726,0.38588365838811034,0.22487247987995265,0.10479720823435137,-0.003040785875599322,0.1559500627256902
2025-07-19 04:00:00+00:00,11379.591890747031,0.009893411390220855,1.53621197481629,0.013306753053753749,0.16433451284871156,0.12597146549595759,0.3819106890607633,0.22961574944679322,0.09816758314777439,0.007681059874081449,0.16363112259977164
2025-07-19 06:00:00+00:00,11387.32106107257,0.0006792133144794525,0.06754641116612559,0.018772234329067772,0.1493855709651197,0.12239467974438734,0.3932238641174617,0.22936924275288748,0.1056266424201437,0.0003377320558306279,0.16396885465560226
2025-07-19 08:00:00+00:00,11369.866050334611,-0.001532846105272886,-0.3172452256454122,0.01417983408490893,0.1589392210698665,0.12601700507224786,0.38160523171801863,0.23037310140518913,0.10306544073467787,-0.001586226128227061,0.1623826285273752
2025-07-19 10:00:00+00:00,11334.408871852507,-0.0031185220938517795,-0.6017654931029863,0.023118562951299874,0.14099613943968142,0.12084152375113304,0.39807576863524086,0.23096300663794803,0.1091235615359966,-0.0030088274655149317,0.15937380106186028
2025-07-19 12:00:00+00:00,11317.974857241377,-0.001449922514436668,-0.30079119532251847,0.013061539907914421,0.15154392573735143,0.1233552773613774,0.3893641266869709,0.23089992200717674,0.10483674820712337,-0.0015039559766125924,0.15786984508524768
2025-07-19 14:00:00+00:00,11296.645412688302,-0.0018845636981980737,-0.37789018662018553,0.022362964125210022,0.13484711496242976,0.11832956327462023,0.4063894719238171,0.23025948274364563,0.1101743670954873,-0.0018894509331009277,0.15598039415214676
2025-07-19 16:00:00+00:00,11287.663909136629,-0.000795059349352141,-0.18404802305993148,0.012274021149888473,0.14111977621542776,0.11527239015929625,0.39828416946526024,0.23626084264053604,0.10906282151947957,-0.0009202401152996574,0.15506015403684711
2025-07-19 18:00:00+00:00,11301.97027654706,0.0012674338574921507,0.1743401391678456,0.009526748891381026,0.13691303972655516,0.1123861036439789,0.3958504435780692,0.243617958545347,0.11123245450604967,0.000871700695839228,0.15593185473268634
2025-07-19 20:00:00+00:00,11805.24082560773,0.04452945254200663,5.081277497624084,0.007528493451939261,0.14083173986153602,0.1121782737837358,0.38884958652377904,0.24722775186230553,0.11091264796864378,0.02540638748812042,0.18133824222080674
2025-07-19 22:00:00+00:00,11777.67761003867,-0.0023348287405768687,-0.4256679586092379,0.019919061717332,0.1369046765781552,0.1091528229966991,0.37588303887686453,0.26326038086096354,0.11479908068731773,-0.0021283397930461894,0.17920990242776055
2025-07-20 00:00:00+00:00,11823.913325595538,0.0039257073497629465,0.5333056045227009,0.018091989534259598,0.13346106549445688,0.11029082427059085,0.3928370271372324,0.2523761016127104,0.1110349814850096,0.0026665280226135044,0.18187643045037405
2025-07-20 02:00:00+00:00,11776.039208428178,-0.004048923215948116,-0.7086026131298273,0.013767768750397126,0.13641233203694703,0.1086034324829191,0.380756650174507,0.26059037168309923,0.11363721362252772,-0.0035430130656491365,0.1783334173847249
2025-07-20 04:00:00+00:00,11864.93704501309,0.0075490438687812736,1.0455525040614448,0.01988354607725739,0.14756631838370804,0.11733299221341538,0.37402833842871835,0.2529219907951428,0.10815036017901529,0.005227762520307225,0.18356117990503212
2025-07-20 06:00:00+00:00,12025.404983995679,0.013524550393635237,1.800587004572547,0.017524157801043057,0.13551634716581895,0.11185880563026154,0.3861301396821508,0.25679764571215874,0.1096970618096101,0.009002935022862734,0.19256411492789485
2025-07-20 08:00:00+00:00,12081.846757040637,0.004693544468570862,0.6329093524345686,0.02018631086284524,0.1466517285285301,0.1209097351303956,0.37995073708600574,0.24547902401050775,0.10700877524456089,0.003164546762172843,0.1957286616900677
2025-07-20 10:00:00+00:00,12126.597386695703,0.0037039560718633616,0.4906760689353279,0.010505754754810602,0.15206167936180912,0.12008672500979496,0.3715753549005815,0.25057482793203933,0.10570141279577515,0.0024533803446766395,0.19818204203474432
2025-07-20 12:00:00+00:00,12077.348972827032,-0.004061189820872751,-0.7230454424524645,0.00996092011816839,0.15363486561404194,0.12452079943665383,0.3755290143396582,0.24212104073200016,0.10419427987764589,-0.0036152272122623227,0.194566814822482
2025-07-20 14:00:00+00:00,12135.331560023713,0.004800936639914545,0.6500796983414029,0.017837582160649165,0.16343256811931411,0.13254920376345206,0.375540489668237,0.23177367881928415,0.09670405962971279,0.0032503984917070143,0.19781721331418903
2025-07-20 16:00:00+00:00,12150.258134357067,0.0012300096012643215,0.12432355277476442,0.01633481484758044,0.15515492088141156,0.13099792887065775,0.3872853155584487,0.22526778610240056,0.10129404858708152,0.0006216177638738221,0.19843883107806284
2025-07-20 18:00:00+00:00,12153.985800622644,0.00030679728976597585,-0.01786820106268753,0.00799260343405056,0.14949482891205076,0.12992420763214954,0.3952779189924992,0.22471068545334982,0.10059235900995064,-8.934100531343765e-05,0.1983494900727494
2025-07-20 20:00:00+00:00,12145.823695377792,-0.0006715579052621356,-0.17179135043402083,0.0034975955098750233,0.1499579187899826,0.12744465901804083,0.3942598720967329,0.22711985596646997,0.10121769412877371,-0.0008589567521701041,0.1974905333205793
2025-07-20 22:00:00+00:00,12156.792850634296,0.0009031215610908629,0.07552952580713036,0.02899279173701063,0.16642372348596737,0.1261703424058637,0.367389899804655,0.2396468430074958,0.10036919129601814,0.0003776476290356518,0.19786818094961497
2025-07-21 00:00:00+00:00,12116.291711445907,-0.0033315644747763835,-0.6079784885214301,0.021439334578583595,0.15527731048197602,0.1280643683966101,0.3863796599850176,0.22935392143290353,0.10092473970349267,-0.0030398924426071504,0.1948282885070078
2025-07-21 02:00:00+00:00,12107.896886760358,-0.0006928542895363678,-0.1739138341437406,0.0028760265751040515,0.15809619091192542,0.12761099511712398,0.38643680613017234,0.22765734329695098,0.10019866454382736,-0.000869569170718703,0.1939587193362891
2025-07-21 04:00:00+00:00,12187.757904497235,0.006595779472172668,0.91377378563713,0.011416755730650964,0.1521189288454421,0.12853081122579918,0.39494307474324547,0.22221784963278335,0.10218933555273,0.00456886892818565,0.19852758826447475
2025-07-21 06:00:00+00:00,12264.759621428817,0.006317955897627994,0.8722210570029418,0.00325183288272652,0.15181578154987735,0.12790349490016242,0.3941187140371823,0.22546968251550978,0.10069232699726807,0.004361105285014709,0.20288869354948946
2025-07-21 08:00:00+00:00,12342.339481400733,0.0063254284932230485,0.8705695751222943,0.014874589711405699,0.14442233564295162,0.12042235109568256,0.4023269722693029,0.22852419179176703,0.104304149200296,0.004352847875611471,0.20724154142510093
2025-07-21 10:00:00+00:00,12279.61635918865,-0.005081947576195203,-0.9216994416641864,0.017708287156009882,0.15509955713565915,0.1274534167589848,0.3932064993927131,0.2208572182883719,0.10338330842427093,-0.004608497208320932,0.20263304421678
2025-07-21 12:00:00+00:00,12244.437347145042,-0.002864829894891986,-0.5363350620540202,0.01178003790481292,0.1460801738997031,0.12469276209012801,0.3983069965335894,0.22438938866112174,0.1065306788154578,-0.0026816753102701005,0.19995136890650989
2025-07-21 14:00:00+00:00,12287.879618409615,0.0035479189474315284,0.47739875084206845,0.0011111102638217338,0.14678170269352675,0.12474391062520955,0.3981352569974635,0.22474782159603826,0.10559130808776197,0.002386993754210342,0.20233836266072022
2025-07-21 16:00:00+00:00,12286.6238600433,-0.0001021948786374742,-0.08411578382510859,0.0026520995929743413,0.14682399047299122,0.12735372243871937,0.39719312676132196,0.22315017921193317,0.1054789811150342,-0.000420578919125543,0.2019177837415947
2025-07-21 18:00:00+00:00,12170.62428539841,-0.009441126868230088,-1.7220941597852817,0.006679812738826195,0.144302218865775,0.12319568130710942,0.40006476558382403,0.22610560209939204,0.10633173214389947,-0.008610470798926408,0.19330731294266829
2025-07-21 20:00:00+00:00,12043.859955820113,-0.010415597968165135,-1.8820186686001477,0.0015198091674861677,0.14560160946672973,0.12316176329445258,0.39857887442899476,0.22627121068607992,0.10638654212374307,-0.009410093343000739,0.18389721959966754
2025-07-21 22:00:00+00:00,12072.363602509466,0.0023666537799269917,0.30710055182065654,0.005368177704416478,0.14271257037037902,0.12068262468638669,0.4019131281152038,0.22801086716916869,0.1066808096588616,0.0015355027591032828,0.1854327223587708
2025-07-22 00:00:00+00:00,12105.987298560656,0.0027851792041951474,0.3702709208454352,0.0017589748843715933,0.1421240140639705,0.12005309788897567,0.4015404649121099,0.22976984205354037,0.10651258108140357,0.001851354604227176,0.18728407696299798
2025-07-22 02:00:00+00:00,12197.78987675345,0.0075832376103441845,1.0588548998078477,0.006417306974815552,0.1378108013618476,0.11794900361628302,0.406495589690112,0.2303463665202873,0.10739823881147005,0.005294274499039239,0.19257835146203722
2025-07-22 04:00:00+00:00,12083.748000609809,-0.009349388479054128,-1.6778819942989533,0.0020709986659512916,0.13717988310093004,0.1176084896496364,0.40539602325172486,0.231835068236905,0.10798053576080362,-0.008389409971494767,0.18418894149054246
2025-07-22 06:00:00+00:00,12021.505933380871,-0.005150890868114468,-0.9079624809673256,0.007985423579657848,0.13826450965719134,0.11568483772276578,0.3993342515989377,0.23796552344629657,0.10875087757480868,-0.004539812404836628,0.17964912908570582
2025-07-22 08:00:00+00:00,12048.583362889363,0.0022524157670881337,0.29225524297447464,0.011541564865071394,0.14126179982012102,0.1141008198688147,0.3893767045878173,0.24556957118946926,0.10969110453377763,0.0014612762148723732,0.1811104053005782
2025-07-22 10:00:00+00:00,11997.690266921158,-0.004223990027322317,-0.7488735224699967,0.009356387853707952,0.13641389259492756,0.11250954958513124,0.3975592655081706,0.24265236084463832,0.11086493146713236,-0.0037443676123499834,0.17736603768822823
2025-07-22 12:00:00+00:00,12118.149061568303,0.010040165395773204,1.3991240801599552,0.0030874021787921785,0.13423092651221633,0.11160511348905014,0.3989508518177659,0.24296033541685536,0.11225277276411205,0.006995620400799776,0.184361658089028
2025-07-22 14:00:00+00:00,11961.557199045628,-0.01292209410257981,-2.332917827233225,0.008108191057813852,0.1379877337779162,0.11233791320358391,0.39167002891615954,0.24657891949443564,0.11142540460790465,-0.011664589136166126,0.17269706895286185
2025-07-22 16:00:00+00:00,12119.06969202591,0.013168226373807858,1.7888568820845188,0.013859746689336254,0.1320435413233681,0.1053098598891713,0.39078252799578406,0.2578823096561466,0.11398176113552998,0.008944284410422594,0.18164135336328444
2025-07-22 18:00:00+00:00,12257.60192830913,0.011430929914890151,1.5458324894960513,0.009902666611995535,0.13817862224488858,0.10907744557964641,0.385394837200657,0.2537026259798355,0.11364646899497269,0.007729162447480257,0.1893705158107647
2025-07-22 20:00:00+00:00,12187.660648982383,-0.00570595127299874,-0.9914238000488804,0.010243589652850354,0.14386087875223794,0.11363877872514734,0.38186792431131006,0.2491692818025458,0.11146313640875889,-0.004957119000244402,0.1844133968105203
2025-07-22 22:00:00+00:00,12286.712395789495,0.008127215686414967,1.1109476385226735,0.012278054530363652,0.13452712713601553,0.11069447581100611,0.3917928143018166,0.2497003093276565,0.1132852734235053,0.005554738192613367,0.18996813500313367
2025-07-23 00:00:00+00:00,12393.75170209395,0.008711793916584049,1.181387475454593,0.0143389026777348,0.14401654951435572,0.11554395611040076,0.38100132833868344,0.24946147620225745,0.10997668983430277,0.005906937377272965,0.19587507238040663
2025-07-23 02:00:00+00:00,12471.366601585058,0.00626242169092309,0.8482588707962738,0.007160556456448468,0.14288977552821305,0.11478401785454313,0.3757274841242352,0.2564293371102531,0.11016938538275547,0.004241294353981369,0.200116366734388
2025-07-23 04:00:00+00:00,12420.952279232633,-0.004042405613031728,-0.7194385530214477,0.0072703276259087415,0.14636700157176458,0.11857711943690039,0.3742183812807822,0.2515648825549411,0.10927261515561176,-0.0035971927651072383,0.19651917396928079
2025-07-23 06:00:00+00:00,12373.758138376881,-0.0037995589866857034,-0.6764809254328807,0.012156511396535577,0.15414560029883034,0.12295503210637015,0.368725804196994,0.24798998009174816,0.10618358330605726,-0.0033824046271644036,0.19313676934211638
2025-07-23 08:00:00+00:00,12292.844956851774,-0.006539095125365155,-1.1412952641994711,0.005622704278748718,0.1509648076751176,0.12326667668745202,0.3736711254239143,0.24554806843671229,0.10654932177680396,-0.005706476320997356,0.18743029302111902
2025-07-23 10:00:00+00:00,12249.39031838218,-0.0035349537574190727,-0.6255609882882878,0.008944549476540935,0.15514155369826527,0.12803448014084523,0.3724789189719154,0.24165465003959274,0.10269039714938141,-0.0031278049414414388,0.18430248807967758
2025-07-23 12:00:00+00:00,12320.22302973126,0.005782549948039723,0.793651225431596,0.0077065589127073425,0.15079912247896066,0.12600899586209957,0.37821394560306143,0.24031600662493563,0.10466192943094266,0.00396825612715798,0.18827074420683557
2025-07-23 14:00:00+00:00,11981.120992987566,-0.027524017700440245,-5.4022760286522296,0.009542782852056092,0.1521122375979266,0.12215250043303261,0.3725276581800723,0.24649531259927945,0.10671229118968895,-0.027011380143261148,0.1612593640635744
2025-07-23 16:00:00+00:00,12131.11414349191,0.012519124929306102,1.649965230740639,0.005429915985660248,0.14766788117410473,0.12244663358139235,0.3776634410173728,0.24565975903352918,0.10656228519360088,0.008249826153703194,0.16950919021727762
2025-07-23 18:00:00+00:00,11980.99187421841,-0.01237497788725666,-2.045748527416537,0.006974291838116785,0.15441257997169747,0.12213336214364755,0.37612420372299815,0.24588935207405319,0.10144050208760351,-0.010228742637082684,0.15928044758019494
2025-07-23 20:00:00+00:00,11952.643467087362,-0.002366115212218012,-0.3981327632803628,0.009457676092813387,0.1480230299338859,0.11906523608864578,0.3762560263874648,0.25139314687774345,0.10526256071226005,-0.001990663816401814,0.15728978376379313
2025-07-23 22:00:00+00:00,11917.426625184717,-0.0029463642916831108,-0.48564151551004076,0.017998286500091873,0.13723397562650066,0.11185600389593923,0.3822237820179126,0.2571730823023173,0.11151315615733035,-0.0024282075775502038,0.1548615761862429
2025-07-24 00:00:00+00:00,11994.39902191931,0.006458810207560189,0.8662091906688916,0.009114223768505264,0.1429036098992862,0.11530059339165889,0.3808025584181695,0.2524042452530329,0.1085889930378525,0.004331045953344458,0.15919262213958738
2025-07-24 02:00:00+00:00,12129.216569364906,0.011240041889487153,1.4843406259472252,0.01798323332270535,0.13306440875299028,0.1071565612152494,0.3872457966068327,0.26157695709894385,0.11095627632598362,0.0074217031297361255,0.1666143252693235
2025-07-24 04:00:00+00:00,12046.086539167112,-0.006853701533185333,-1.1053007612767063,0.00774217218067777,0.1362219421890945,0.11174119995982296,0.38345802667115414,0.2582919109560109,0.11028692022391741,-0.0055265038063835314,0.16108782146293996
2025-07-24 06:00:00+00:00,11711.364910938295,-0.02778675274666927,-4.881990863020938,0.032858128608646835,0.12062582171837492,0.09904172875023484,0.378895489742815,0.27788095994427314,0.123555999844302,-0.024409954315104693,0.13667786714783525
2025-07-24 08:00:00+00:00,11860.823279579028,0.01276182321849966,1.646670397923144,0.0049167921568506814,0.1186867345246059,0.09940711722066826,0.38108253257897895,0.2749032549811915,0.12592036069455534,0.00823335198961572,0.14491121913745098
2025-07-24 10:00:00+00:00,12019.954590476513,0.013416548509871368,1.7029201176506044,0.01291522440006651,0.11880616669215509,0.10504107130486984,0.3682630704143165,0.28206509312950734,0.12582459845915137,0.008514600588253022,0.153425819725704
2025-07-24 12:00:00+00:00,12041.206538684688,0.0017680556152029133,0.20030071622697387,0.026406369888424347,0.10420879481241883,0.09656719700905808,0.3845540700988322,0.2787299694166309,0.13593996866305993,0.0010015035811348693,0.15442732330683887
2025-07-24 14:00:00+00:00,11924.752543245233,-0.009671289589238742,-1.475424770306134,0.02072438083600231,0.11648733918830663,0.10049779989070487,0.3696893045599298,0.2832452029950987,0.13008035336596005,-0.007377123851530671,0.1470501994553082
2025-07-24 16:00:00+00:00,12098.507953868328,0.014570986692845024,1.8258339886885455,0.007622137044539214,0.11333412629614929,0.10185706991783243,0.3739022337700463,0.2787762788427167,0.13213029117325514,0.009129169943442728,0.15617936939875093
2025-07-24 18:00:00+00:00,12113.459585082868,0.0012358243902098798,0.12488424400543927,0.023184666143767046,0.10955721870562661,0.0931149811621801,0.3632365639724543,0.2998178430876707,0.1342733930720683,0.0006244212200271963,0.15680379061877814
2025-07-24 20:00:00+00:00,12090.215806941818,-0.001918838955773929,-0.31510658633336414,0.018025217649020014,0.11088585936746183,0.10159376344145786,0.3626092849479336,0.2824199044631714,0.14249118777997535,-0.0015755329316668207,0.15522825768711132
2025-07-24 22:00:00+00:00,12065.247606084995,-0.002065157583249062,-0.33562505657620645,0.051248748578176136,0.14335651875370237,0.12037185263339345,0.35019484134286033,0.26700494722125895,0.11907184004878492,-0.0016781252828810321,0.1535501324042303
2025-07-25 00:00:00+00:00,12001.924674755179,-0.005248373957769424,-0.7984985975196219,0.050604001525269914,0.11740659057967033,0.09571777928215562,0.35839980957223677,0.29659186947937294,0.13188395108656445,-0.0039924929875981095,0.1495576394166322
2025-07-25 02:00:00+00:00,11943.352456947023,-0.004880235411855047,-0.7412673105090863,0.031974816251032386,0.13622859676863547,0.1088705893442228,0.34473307907744627,0.28651793305552625,0.12364980175416919,-0.003706336552545432,0.14585130286408676
2025-07-25 04:00:00+00:00,11752.828389132112,-0.015952310584628974,-2.459279774924422,0.022301762182638823,0.12049000379195136,0.1023074201382681,0.3588378726945065,0.28792560979508985,0.13043909358018418,-0.012296398874622111,0.13355490398946465
2025-07-25 06:00:00+00:00,11814.364570814092,0.005235861500273724,0.6708655553191534,0.012888973131972244,0.11476792969721936,0.10036144824004306,0.3536169455554913,0.28968283378922355,0.1415708427180227,0.003354327776595767,0.13690923176606043
2025-07-25 08:00:00+00:00,11853.721271343054,0.0033312583417468645,0.41740275013255385,0.019703385282824178,0.12129927137238856,0.10837687500184864,0.3587735624013407,0.278388309807161,0.13316198141726107,0.0020870137506627693,0.1389962455167232
2025-07-25 10:00:00+00:00,12068.980047142593,0.018159594853975277,2.251405585397755,0.017487916755867514,0.11418080194901421,0.09812028345747614,0.36334839834281246,0.2913013906215568,0.13304912562914048,0.011257027926988775,0.15025327344371198
2025-07-25 12:00:00+00:00,12118.582141247001,0.004109882849309247,0.5080631566284963,0.008327621735025763,0.116786986874033,0.1025208058135729,0.36397929498479736,0.28297376888653103,0.1337391434410658,0.0025403157831424814,0.15279358922685446
2025-07-25 14:00:00+00:00,12104.421100520729,-0.0011685394018226924,-0.20493544786834758,0.018609239201004178,0.12821004901664212,0.10970698287196791,0.3615200649267266,0.27262926186532027,0.1279336413193431,-0.001024677239341738,0.15176891198751272
2025-07-25 16:00:00+00:00,11856.58717902531,-0.020474661236360776,-3.1940312957701527,0.012975630680631949,0.12012601814764809,0.10481538306033006,0.36234808149361636,0.27770146704173876,0.13500905025666687,-0.015970156478850764,0.13579875550866194
2025-07-25 18:00:00+00:00,11933.93230932145,0.006523388992826413,0.8185079799427998,0.008411924986691036,0.12397303725827992,0.10789168630455985,0.3578397827236204,0.27919006967356813,0.13110542403997177,0.004092539899713999,0.13989129540837594
2025-07-25 20:00:00+00:00,11929.815485063928,-0.00034496795782110694,-0.08360453522823569,0.03578306494209364,0.10004362691754609,0.0960380317032,0.37498311496691744,0.2808572106908202,0.14807801572151624,-0.00041802267614117846,0.13947327273223475
2025-07-25 22:00:00+00:00,12073.314551533402,0.012028607370259263,1.496280820407228,0.009275774272546104,0.09936638452211613,0.09074191955815943,0.37369375417022693,0.29013298496336626,0.14606495678613113,0.00748140410203614,0.14695467683427088
2025-07-26 00:00:00+00:00,12119.515220982137,0.0038266765312486542,0.46587031915199933,0.017817928245600273,0.10807306975145187,0.09985316257442402,0.3649877911591881,0.284691781888133,0.142394194626803,0.002329351595759997,0.14928402843003089
2025-07-26 02:00:00+00:00,12013.166346687542,-0.008775010580495516,-1.2877896599874599,0.029872190486266326,0.12558070879818117,0.11221771401396106,0.3618668170123896,0.271645725889739,0.1286890342857292,-0.0064389482999373,0.1428450801300936
2025-07-26 04:00:00+00:00,12093.196564521066,0.006661875439325085,0.8309754182983551,0.023025061251789776,0.11123326465277848,0.10354009690757394,0.3723706679578305,0.2733311833427029,0.13952478713911412,0.0041548770914917755,0.14699995722158538
2025-07-26 06:00:00+00:00,12093.334834252173,1.1433679289801065e-05,-0.038993290236986354,0.034090709452072335,0.13006583394017895,0.1187982370722458,0.3629623415562308,0.2551677939075514,0.133005793523793,-0.00019496645118493179,0.14680499077040043
2025-07-26 08:00:00+00:00,12086.50581577481,-0.0005646927477788668,-0.117261297573838,0.008480024770580206,0.13226817970473922,0.11826905206204864,0.36376409704350837,0.26064371742629383,0.12505495376341,-0.00058630648786919,0.14621868428253124
2025-07-26 10:00:00+00:00,12134.862932909951,0.004000917872560718,0.4921202440097994,0.018397926062210142,0.12272441637268783,0.10941488933188992,0.3708416502688942,0.26593296530157695,0.1310860787249512,0.002460601220048997,0.14867928550258022
2025-07-26 12:00:00+00:00,12106.04343697227,-0.0023749337835141243,-0.3692798928659635,0.019638705598871632,0.13076299145855033,0.10593994011681393,0.365633999612092,0.2775330958145861,0.12012997299795779,-0.0018463994643298175,0.1468328860382504
2025-07-26 14:00:00+00:00,12138.518384544166,0.002682540149551736,0.3204318065549259,0.02075778909003495,0.11783362719617688,0.09811151528915242,0.3711452016105426,0.2848533684067314,0.12805628749739675,0.0016021590327746297,0.14843504507102503
2025-07-26 16:00:00+00:00,12116.112359334253,-0.0018458616200181307,-0.2964918316849611,0.04347064830782022,0.14148159342627067,0.11793419736687878,0.3582902543320103,0.2642232725816408,0.1180706822931994,-0.0014824591584248056,0.14695258591260024
2025-07-26 18:00:00+00:00,12117.652843401735,0.00012714342866720273,-0.023092431741815397,0.008712164947683128,0.1351659682053854,0.11841524792900182,0.3615345539238716,0.261826732854843,0.12305749708689818,-0.000115462158709077,0.14683712375389116
2025-07-26 20:00:00+00:00,12177.678600779931,0.004953579554878996,0.6221505668543279,0.021069957620455257,0.14823030084297248,0.11598578067232097,0.36954017890673985,0.2539919862262089,0.11225175335175791,0.0031107528342716397,0.1499478765881628
2025-07-26 22:00:00+00:00,12185.80040919001,0.0006669422536376777,0.04949062088472988,0.01573711952322361,0.15555077546316043,0.12440242557535662,0.3617982269834506,0.24759159502351258,0.11065697695451984,0.0002474531044236494,0.15019532969258645
2025-07-27 00:00:00+00:00,12164.298629270821,-0.0017644946738970266,-0.28834411337568494,0.0069863728708478845,0.16086683819408723,0.12124873103699202,0.363195346843326,0.24786478530355827,0.10682429862203656,-0.0014417205668784247,0.14875360912570804
2025-07-27 02:00:00+00:00,12212.206009699465,0.003938359447487182,0.4915671425876537,0.005884277447338819,0.15622536548457816,0.12422603635018956,0.3619525421054962,0.2487895006972997,0.10880655536243639,0.0024578357129382685,0.1512114448386463
2025-07-27 04:00:00+00:00,12211.859935184233,-2.833841117304778e-05,-0.04662618664212119,0.007762039637211712,0.16064419183021714,0.12756924964176228,0.36001309517086394,0.2445696403522315,0.10720382300492512,-0.00023313093321060594,0.15097831390543567
2025-07-27 06:00:00+00:00,12243.654876322142,0.002603611678046128,0.31404714091922076,0.00620940765731056,0.1593780110360661,0.12320230982512573,0.36338628116206434,0.24740586201834172,0.1066275359584022,0.0015702357045961038,0.15254854961003178
2025-07-27 08:00:00+00:00,12202.775320595681,-0.003338836004395807,-0.5181097168271958,0.004902443221539467,0.15530234315586638,0.12290743354780462,0.3671900381878403,0.2468739629543231,0.10772622215416572,-0.0025905485841359785,0.1499580010258958
2025-07-27 10:00:00+00:00,12125.061589903897,-0.006368529178818896,-0.963752328895205,0.011838687450328726,0.16048362520029547,0.12747096618354728,0.36928391095799723,0.23885719064639754,0.1039043070117625,-0.004818761644476025,0.14513923938141976
2025-07-27 12:00:00+00:00,12180.381405014465,0.004562435802934883,0.5812500155607734,0.011021708224011467,0.1544819789586044,0.12245090420122681,0.37314882624778556,0.24463704056130475,0.10528125003107837,0.002906250077803867,0.14804548945922363
2025-07-27 14:00:00+00:00,12179.196561619168,-9.727473679997752e-05,-0.05469110592064959,0.011763238916729223,0.15732477523426075,0.129781307519237,0.37473886557084835,0.23577306211205132,0.10238198956360267,-0.00027345552960324795,0.14777203392962038
2025-07-27 16:00:00+00:00,12270.919249092529,0.00753109509394163,0.970031207879919,0.005773079643870305,0.15539049835249524,0.1259425047571322,0.37784380427508363,0.2383077095160621,0.10251548309922692,0.004850156039399595,0.15262218996901997
2025-07-27 18:00:00+00:00,12355.642778164938,0.006904415826766585,0.8855333915784114,0.006347657313662387,0.15179321156306347,0.12319213423290151,0.3801536953471327,0.24088592343877027,0.10397503541813195,0.004427666957892057,0.15704985692691203
2025-07-27 20:00:00+00:00,12349.146036760574,-0.0005258116895257647,-0.11981086703741738,0.016642264463528074,0.16246100055940077,0.12916660970009225,0.3720399877671392,0.23668763250529465,0.09964476946807299,-0.0005990543351870869,0.15645080259172495
2025-07-27 22:00:00+00:00,12393.506824636972,0.0035922150199168383,0.44920432784756725,0.001999790519290834,0.16357370293706225,0.13005369784172163,0.37188091185987476,0.23513726744974645,0.09935441991159483,0.0022460216392378362,0.1586968242309628
2025-07-28 00:00:00+00:00,12461.207290777547,0.005462575451686835,0.6977390954489685,0.008045121710639189,0.15999369845215095,0.1330120981300907,0.3769676332821449,0.23082655839899346,0.09920001173661994,0.0034886954772448426,0.16218551970820763
2025-07-28 02:00:00+00:00,12420.878608464016,-0.003236338291505545,-0.5160450935154122,0.004605664240325262,0.1614310895501402,0.13168233568495735,0.380135906424481,0.22911416143209548,0.0976365069083261,-0.0025802254675770606,0.15960529424063058
2025-07-28 04:00:00+00:00,12474.448518768824,0.004312892186894501,0.5468510408837017,0.0030591516544559993,0.16203750232372427,0.13039961222096016,0.37835947823402205,0.23108330070432642,0.098120106516967,0.0027342552044185087,0.16233954944504908
2025-07-28 06:00:00+00:00,12558.388351364001,0.006728941361125851,0.8640485008276478,0.0055967895198849454,0.16565142856130366,0.13142248097023523,0.37302385184076126,0.232043295237357,0.09785894339034294,0.004320242504138239,0.1666597919491873
2025-07-28 08:00:00+00:00,12504.730440385547,-0.0042726749227043675,-0.6763827082138723,0.004916484541778815,0.17047998927427604,0.13151040479904158,0.37052115974040006,0.2307409844828522,0.09674746170343003,-0.003381913541069361,0.16327787840811794
2025-07-28 10:00:00+00:00,12493.606192095085,-0.000889603206042397,-0.17623698721348854,0.01762413215072018,0.15651756001679415,0.1292147647954247,0.38547258557271386,0.22937492159323072,0.09942016802183634,-0.0008811849360674427,0.1623966934720505
2025-07-28 12:00:00+00:00,12422.865555290937,-0.005662147158832955,-0.886648091595455,0.007545114464354359,0.16274673425843283,0.13053070501814054,0.38117526774255517,0.227878246878864,0.09766904610200756,-0.004433240457977275,0.15796345301407322
2025-07-28 14:00:00+00:00,12291.880294826478,-0.010543884571677695,-1.651080052424913,0.00888078266914339,0.16894721118970804,0.13321101075600872,0.3786919157227047,0.22462850676472804,0.09452135556685057,-0.008255400262124565,0.14970805275194865
2025-07-28 16:00:00+00:00,12203.503549471197,-0.00718984754451911,-1.1044589639236997,0.008526240047281315,0.16298720699620262,0.1306447749022328,0.3845957029970005,0.2257110901242475,0.09606122498031659,-0.005522294819618499,0.14418575793233016
2025-07-28 18:00:00+00:00,12157.69392414704,-0.0037538093170089858,-0.5816990047294698,0.006179748083035744,0.16678945328052178,0.13113470879468472,0.37850113016339637,0.2275986580305122,0.09597604973088504,-0.002908495023647349,0.1412772629086828
2025-07-28 20:00:00+00:00,12146.764319080012,-0.0008989866939586117,-0.16573940828340453,0.0059651100624473,0.16406249868076633,0.1305401080124662,0.375857575482923,0.2322009115345037,0.0973389062893408,-0.0008286970414170227,0.14044856586726578
2025-07-28 22:00:00+00:00,12127.119178040006,-0.001617314745223704,-0.26903599181061294,0.004050698373504524,0.1660551172998461,0.13259818776689097,0.37297980377108414,0.2313538610487737,0.09701303011340512,-0.0013451799590530648,0.13910338590821272
2025-07-29 00:00:00+00:00,12101.658522452739,-0.002099480941308037,-0.33878274955907084,0.008110197006150552,0.1615853464742819,0.12895776158630456,0.3765424333197979,0.23459710932985492,0.09831734928976063,-0.001693913747795354,0.13740947216041738
2025-07-29 02:00:00+00:00,12061.718504709452,-0.0033003755368890258,-0.5144405006208239,0.0019126860786828626,0.16044557916691002,0.12873455576094608,0.37746250836867856,0.23558972035965714,0.09776763634380814,-0.0025722025031041196,0.13483726965731327
2025-07-29 04:00:00+00:00,12138.066210279096,0.006329753553760525,0.8423999075397074,0.007662305564226139,0.1647639864364938,0.12917610628292284,0.3698002028044525,0.23822840505239395,0.09803129942373705,0.004211999537698537,0.13904926919501182
2025-07-29 06:00:00+00:00,12175.9174891019,0.0031183944927529444,0.4025494052896577,0.013665599265789648,0.15590572986479653,0.12436876358883033,0.37788915168965226,0.24119169230249368,0.10064466255422712,0.0020127470264482885,0.1410620162214601
2025-07-29 08:00:00+00:00,12215.796364056152,0.0032752254595964907,0.4241268146352128,0.006063839043643278,0.1588818189789929,0.12532191432499276,0.37195214018925526,0.24332629149577814,0.10051783501098081,0.002120634073176064,0.14318265029463617
2025-07-29 10:00:00+00:00,12222.191327943658,0.0005234995490202944,0.03643529580834468,0.0025700683138931146,0.16028847389462686,0.1264853277232519,0.36969656416040697,0.24327800873221864,0.1002516254894955,0.0001821764790417234,0.1433648267736779
2025-07-29 12:00:00+00:00,12136.332644748369,-0.007024819109073372,-1.0904595693191064,0.015634771842337344,0.15246725555900284,0.12027324669113486,0.36809509168581084,0.25448900516478573,0.10467540089926589,-0.005452297846595532,0.13791252892708236
2025-07-29 14:00:00+00:00,12102.400592759008,-0.002795906554526125,-0.4442637717260884,0.005908572764040283,0.14837001500845617,0.11846191447764116,0.369041243053684,0.25941640779837644,0.1047104196618422,-0.002221318858630442,0.13569121006845192
2025-07-29 16:00:00+00:00,11967.418916488727,-0.011153297664848632,-1.7321997234199933,0.007223895402566814,0.14239993088669056,0.11720810319683996,0.37042850787014237,0.26106377323867874,0.10889968480764836,-0.008660998617099966,0.12703021145135196
2025-07-29 18:00:00+00:00,12066.840890553985,0.008307720717311395,1.118322549761511,0.04226209090717997,0.11996764625619072,0.09737829692015987,0.37341233815846375,0.28677829936598914,0.12246341929919659,0.005591612748807555,0.13262182420015953
2025-07-29 20:00:00+00:00,11966.80382517997,-0.008290244835524924,-1.2688407520417355,0.007712824581449555,0.1239176376523716,0.09934913014525298,0.3664088345194012,0.28857029932616457,0.12175409835680945,-0.006344203760208678,0.12627762043995086
2025-07-29 22:00:00+00:00,12002.497320815279,0.0029827091808928867,0.3913850917625896,0.021409815366732747,0.11465279436713485,0.09197118264605038,0.361641809937108,0.302462846590653,0.12927136645905396,0.001956925458812948,0.12823454589876382
2025-07-30 00:00:00+00:00,12002.76743053611,2.2504459997958554e-05,-0.02784462009700611,0.007402826007833173,0.11075097751626878,0.0884701734890832,0.363340638962395,0.3050034472761993,0.1324347627560537,-0.00013922310048503054,0.1280953227982788
2025-07-30 02:00:00+00:00,12034.567066235888,0.0026493586486459352,0.3455865625226658,0.009227928296116072,0.11657652361483825,0.09187255568662978,0.35644617686924807,0.304553938373608,0.13055080545567585,0.001727932812613329,0.1298232556108921
2025-07-30 04:00:00+00:00,12025.385748686222,-0.0007629121595429162,-0.14225555053559047,0.012781406221598283,0.10833258383907515,0.08733508924079468,0.36251075277708256,0.3058791466013542,0.13594242754169356,-0.0007112777526779524,0.12911197785821416
2025-07-30 06:00:00+00:00,11997.94041650773,-0.0022822828932110815,-0.36473490846714396,0.0087952664508065,0.11430490592197504,0.08912554269054028,0.35949469028569747,0.3069116375195151,0.13016322358227206,-0.00182367454233572,0.12728830331587843
2025-07-30 08:00:00+00:00,12018.509208570615,0.0017143602442453332,0.2157666589301678,0.006797064677477413,0.10966846970344987,0.08869970139285101,0.3620537080196338,0.30517685035825215,0.13440127052581313,0.001078833294650839,0.12836713661052926
2025-07-30 10:00:00+00:00,11973.900288767556,-0.003711684954340913,-0.5788709635942527,0.00483359573465391,0.10747697220095152,0.08620431497852386,0.3666267358281967,0.3050301385404237,0.13466183845190413,-0.0028943548179712637,0.125472781792558
2025-07-30 12:00:00+00:00,11869.045214057474,-0.008756969089549134,-1.3500258841021522,0.008100784966277558,0.10443036664434745,0.0888627357584602,0.3637351721415066,0.30286752281744034,0.14010420263824533,-0.0067501294205107604,0.11872265237204724
2025-07-30 14:00:00+00:00,11881.873321263463,0.0010808036345497328,0.12976071810134313,0.021360923449974187,0.09176733779645885,0.08658354459870468,0.3726137807531835,0.29644881937511025,0.15258651747654256,0.0006488035905067157,0.11937145596255395
2025-07-30 16:00:00+00:00,11974.140843294079,0.007765401930813078,1.0683631902336104,0.009199237862728957,0.08974606094523435,0.08312711559555305,0.3688922487448308,0.30335119943034927,0.1548833752840326,0.005341815951168052,0.124713271913722
2025-07-30 18:00:00+00:00,12011.747578863899,0.003140662537878914,0.42120334091571515,0.011447919376509498,0.09181062168198406,0.08691956544223924,0.36614897293945825,0.2946465558592123,0.16047428407710618,0.0021060167045785757,0.12681928861830058
2025-07-30 20:00:00+00:00,11909.397659400494,-0.008520818373131738,-1.3182380434260381,0.012661508164855055,0.09926123547558566,0.09102611730075702,0.3631486118535855,0.295750898371948,0.15081313699812393,-0.006591190217130191,0.1202280984011704
2025-07-30 22:00:00+00:00,11944.071006967864,0.0029114274759312287,0.39134831615936194,0.016264744188838304,0.08980655319214599,0.08852527484142188,0.36232363277569274,0.2922666580037772,0.16707788118696218,0.0019567415807968096,0.1221848399819672
2025-07-31 00:00:00+00:00,12031.892639683656,0.007352738665448193,1.0114064812288963,0.011814673162477946,0.09545448244184018,0.08799596474363092,0.3669657721453676,0.2937912625468861,0.15579251812227515,0.005057032406144482,0.1272418723881117
2025-07-31 02:00:00+00:00,12049.032941294377,0.0014245723531631175,0.17578364477448327,0.011604189518175476,0.09435840032082053,0.0919951705193194,0.36216295062625936,0.28808597666883856,0.16339750186476223,0.0008789182238724164,0.12812079061198411
2025-07-31 04:00:00+00:00,12083.112963582305,0.0028284446107812245,0.37711570435360264,0.014911210423142418,0.10224411948814645,0.09804326142650814,0.3564777840580536,0.28906337701746626,0.15417145800982554,0.001885578521768013,0.13000636913375213
2025-07-31 06:00:00+00:00,12092.357706342002,0.0007650961128610165,0.07970863224351511,0.006249717164725256,0.09917315532004482,0.09516169524962032,0.3626554550348578,0.2887661901977305,0.1542435041977466,0.0003985431612175756,0.1304049122949697
2025-07-31 08:00:00+00:00,12107.405942441568,0.0012444418586521132,0.1495366520148596,0.010536487460659563,0.10572652414151394,0.09914481388881083,0.3610030659222364,0.281247202229268,0.15287839381817095,0.000747683260074298,0.131152595555044
2025-07-31 10:00:00+00:00,12160.836485854188,0.004413046334336874,0.6037264337358562,0.022421835682762847,0.11892547328782904,0.10836770042525849,0.3604928326592249,0.2722139195686535,0.14000007405903409,0.003018632168679281,0.13417122772372328
2025-07-31 12:00:00+00:00,12058.029304218242,-0.008453956416199936,-1.3339829490133823,0.023542964065306794,0.13050766469321762,0.12032847308517669,0.35256831332584704,0.26002282626951106,0.13657272262624753,-0.006669914745066912,0.12750131297865636
2025-07-31 14:00:00+00:00,12018.635574677404,-0.0032670122577207706,-0.5186041786459529,0.011227869964784004,0.12517423871344063,0.1153562420398006,0.36255633577594976,0.26126267378419243,0.13565050968661668,-0.0025930208932297646,0.12490829208542659
2025-07-31 16:00:00+00:00,12007.469047841436,-0.0009291010420097287,-0.16691457210391314,0.009438905136839586,0.12440737317856417,0.10964548439798646,0.36520735870520377,0.2680505559917779,0.1326892277264676,-0.0008345728605195658,0.12407371922490702
2025-07-31 18:00:00+00:00,11990.978859576815,-0.001373327567942891,-0.23307470743298989,0.006684320253467803,0.1289579849641113,0.11010093512880953,0.36688561644230144,0.26777540735627775,0.12628005610850002,-0.0011653735371649494,0.12290834568774207
2025-07-31 20:00:00+00:00,11914.329407002375,-0.006392259837337809,-1.0000844754661609,0.004776789699826443,0.12568392104462758,0.10859820934846671,0.36803169689760995,0.27129745797495564,0.12638871473434,-0.005000422377330805,0.11790792331041126
2025-07-31 22:00:00+00:00,11884.020869633398,-0.0025438727043389894,-0.4059865542267023,0.0069247467214327355,0.12324811699794962,0.1115506678463803,0.36627336180938974,0.2685668503884211,0.13036100295785916,-0.0020299327711335116,0.11587799053927775
2025-08-01 00:00:00+00:00,11746.92834858546,-0.011535870102537716,-1.8073648240940206,0.011685935535774135,0.1199308723878463,0.10616511632974175,0.3753115201009564,0.27121462763262855,0.12737786354882688,-0.009036824120470103,0.10684116641880764
2025-08-01 02:00:00+00:00,11753.948050673596,0.0005975776713562435,0.0675732851604925,0.026210370391330104,0.1036405012678708,0.09624511705838722,0.37911610414940095,0.2830073243067675,0.13799095321757357,0.00033786642580246255,0.10717903284461011
2025-08-01 04:00:00+00:00,11766.845659416356,0.0010973001315946985,0.1410823121022681,0.005764347636118147,0.10185649305977466,0.0929105705073753,0.38285821720380875,0.2850295588884778,0.13734516034056343,0.0007054115605113404,0.10788444440512145
2025-08-01 06:00:00+00:00,11679.792855276268,-0.007398142769929544,-1.1416655507104725,0.005612608374339564,0.10159190970219253,0.0915415870242859,0.37887917567014073,0.289304272538012,0.13868305506536882,-0.005708327753552363,0.10217611665156909
2025-08-01 08:00:00+00:00,11641.837150525538,-0.003249689889284574,-0.502963522277802,0.015253039363173265,0.0924180762310712,0.08878750376158566,0.37555405304078904,0.2957976705729694,0.14744269639358468,-0.0025148176113890105,0.09966129904018008
2025-08-01 10:00:00+00:00,11560.248256647963,-0.007008249026562908,-1.0733857859935876,0.01020680547162664,0.08720375110577003,0.08590064461376033,0.38053708128374353,0.29369204937446924,0.1526664736222568,-0.005366928929967938,0.09429437011021213
2025-08-01 12:00:00+00:00,11650.561703493322,0.007812414131627542,1.1242321549825196,0.027929404420772068,0.06988723245117746,0.07528775884758084,0.3829115097752109,0.29886590192792284,0.17304759699810793,0.0056211607749125985,0.09991553088512473
2025-08-01 14:00:00+00:00,11554.717899006955,-0.008226539365705252,-1.259786820796824,0.008514971379109428,0.06896261564350771,0.07599341513430136,0.3767331872625697,0.2974538698691244,0.18085691209049692,-0.00629893410398412,0.0936165967811406
2025-08-01 16:00:00+00:00,11644.97521619239,0.0078112956087999855,1.1225181925533692,0.01788815600512557,0.06324641457895189,0.07743713782576671,0.37477895070673817,0.2872361514843862,0.1973013454041571,0.005612590962766846,0.09922918774390746
2025-08-01 18:00:00+00:00,11555.334948676356,-0.007697763700809634,-1.1751515461616417,0.029819049814763875,0.055486558985794215,0.07196343525942539,0.3581934590514733,0.28816557545275084,0.22619097125055637,-0.005875757730808209,0.09335343001309925
2025-08-01 20:00:00+00:00,11596.858054533664,0.003593414300990268,0.5128622895689596,0.004608965097246075,0.056168565744700076,0.07241177346153524,0.354655488159604,0.2916441955889812,0.22511997704517958,0.0025643114478447982,0.09591774146094405
2025-08-01 22:00:00+00:00,11641.723481289688,0.0038687570844659707,0.5523171442029139,0.029412382075939478,0.05086124196385373,0.07140552786102279,0.34363590855655757,0.27956496249744694,0.25453235912111905,0.0027615857210145697,0.09867932718195861
2025-08-02 00:00:00+00:00,11583.923372681775,-0.004964909938018016,-0.7605684864138924,0.013583957229664094,0.05196236353120171,0.07335200538939973,0.3317043824505659,0.2779125313737745,0.26506871725505815,-0.003802842432069462,0.09487648474988915
2025-08-02 02:00:00+00:00,11657.395289787866,0.006342576236248028,0.9133970456581448,0.021812531711633262,0.04780092272274119,0.07181466464662357,0.3212099383220904,0.2722932253418534,0.2868812489666914,0.004566985228290724,0.09944346997817988
2025-08-02 04:00:00+00:00,11662.353298554308,0.0004253101694839873,0.04640070176607645,0.009712890231628184,0.04955074585156145,0.07240495391487818,0.3255645024243019,0.2753114390741952,0.27716835873506324,0.00023200350883038223,0.09967547348701027
2025-08-02 06:00:00+00:00,11677.367642885698,0.0012874197811561406,0.1741346525121406,0.00672482008791616,0.04887742756694987,0.07143865307470999,0.3228791827653928,0.27291155776996795,0.28389317882297943,0.0008706732625607031,0.10054614674957096
2025-08-02 08:00:00+00:00,11663.753342105769,-0.001165870699311634,-0.19156764382452426,0.0026130684789186856,0.04825172159911897,0.0701845484968312,0.32347778540197525,0.27217829983675895,0.28590764466531565,-0.0009578382191226213,0.09958830853044834
2025-08-02 10:00:00+00:00,11611.19884360899,-0.004505796458079925,-0.6977477360843977,0.004952487365989664,0.04799908311908983,0.07007170770474688,0.318890777308099,0.27511465850929717,0.28792377335876707,-0.003488738680421988,0.09609956985002635
2025-08-02 12:00:00+00:00,11603.577714781428,-0.0006563602027845302,-0.11331202355447142,0.005310942596531785,0.04727629571321749,0.07001904888866486,0.31612167733756696,0.27334826210525176,0.2932347159552988,-0.0005665601177723571,0.095533009732254
2025-08-02 14:00:00+00:00,11660.334574568687,0.004891324140050381,0.7110958070502066,0.010339572783099427,0.048747050550835974,0.06921433825877187,0.32122409212469943,0.2771146652636003,0.28369985380209245,0.003555479035251033,0.09908848876750503
2025-08-02 16:00:00+00:00,11569.281622824385,-0.007808776940491108,-1.212020515908628,0.002287209629980958,0.04953392223992207,0.0691013186354172,0.32073252375413797,0.2786150032044952,0.2820172321660277,-0.0060601025795431395,0.0930283861879619
2025-08-02 18:00:00+00:00,11433.844602576082,-0.011706605877853736,-1.8106426682219117,0.004054776756376003,0.049369371841709794,0.06922165296132274,0.3232063447066285,0.28007562468247504,0.27812700580786387,-0.009053213341109558,0.08397517284685234
2025-08-02 20:00:00+00:00,11408.422908235834,-0.002223372384693818,-0.3414696739583226,0.0043833296768538525,0.04983245252384768,0.06902284811405372,0.31902181987704376,0.28242210613171315,0.2797007733533418,-0.0017073483697916132,0.08226782447706073
2025-08-02 22:00:00+00:00,11458.563718066418,0.004395069347787357,0.6453091477913481,0.006508352055811628,0.05075297661717603,0.06900272279758347,0.32228615277906664,0.2847456011921735,0.2732125466140004,0.0032265457389567404,0.08549437021601747
2025-08-03 00:00:00+00:00,11454.938072213043,-0.00031641363984040205,-0.05706380988181337,0.012047321976281028,0.04950021076717143,0.06891740577291167,0.32001072778981854,0.2763117870798169,0.28525986859028135,-0.00028531904940906687,0.0852090511666084
2025-08-03 02:00:00+00:00,11525.01326813385,0.006117466151195753,0.9004347253729079,0.01742505435100847,0.05163094919699214,0.06839940126553679,0.3233935583067655,0.2882232724840577,0.2683528187466478,0.004502173626864539,0.08971122479347295
2025-08-03 04:00:00+00:00,11559.0621696196,0.0029543481377060222,0.42953004157909325,0.007200025749612385,0.05062691558589785,0.06884374445040907,0.3233584470366995,0.28206239161560565,0.2751085013113879,0.002147650207895466,0.09185887500136841
2025-08-03 06:00:00+00:00,11557.197096407668,-0.0001613516031459017,-0.03715816827470206,0.005284160449706251,0.05125463181096101,0.06794916567337018,0.3225563172577121,0.2867188358402487,0.27152104941770794,-0.0001857908413735103,0.09167308415999491
2025-08-03 08:00:00+00:00,11598.403024049965,0.003565391097734617,0.521431635547144,0.006611045575425283,0.05149399865240441,0.06943573005294564,0.32605814019950063,0.28010779026482346,0.2729043408303259,0.00260715817773572,0.09428024233773062
2025-08-03 10:00:00+00:00,11652.008627957495,0.004621809036672929,0.6777206701678423,0.0012996201027694332,0.05135705329883486,0.0691891862005366,0.32589150242655135,0.2793582971409819,0.27420396093309535,0.0033886033508392114,0.09766884568856983
2025-08-03 12:00:00+00:00,11643.150062342664,-0.0007602608183429952,-0.13110285051814383,0.001968683281824004,0.05154692651712601,0.069159219527529,0.3256309863291141,0.28113710720451474,0.27252576042171617,-0.0006555142525907191,0.09701333143597911
2025-08-03 14:00:00+00:00,11657.669947950117,0.0012470753644594765,0.17326350896086307,0.008714088457865955,0.05278037205956763,0.07076875977623145,0.33150208899583594,0.2759805432197987,0.2689682359485662,0.0008663175448043154,0.09787964898078343
2025-08-03 16:00:00+00:00,11669.266056305729,0.0009947192198259433,0.1350940395406228,0.007989480086256943,0.053908198905441046,0.07067185529883875,0.3338735973986214,0.2804706880573968,0.261075660339702,0.000675470197703114,0.09855511917848654
2025-08-03 18:00:00+00:00,11656.139683830748,-0.0011248670149128302,-0.18828935972719618,0.012822627772114917,0.05717742973325812,0.07450017941631228,0.3395986702254457,0.2770384964480018,0.251685224176982,-0.0009414467986359809,0.09761367237985057
2025-08-03 20:00:00+00:00,11659.516682765334,0.0002897184682225031,0.02850695896842423,0.012727500303399378,0.061342985347417125,0.07842826181599205,0.3434283589835531,0.277842669979455,0.23895772387358263,0.00014253479484212115,0.09775620717469269
2025-08-03 22:00:00+00:00,11675.588051027426,0.0013783906056628185,0.19474235395617376,0.020657108371504813,0.06939696081640265,0.08367922105215084,0.3435075269407967,0.2851156756885719,0.2183006155020778,0.0009737117697808688,0.09872991894447355
2025-08-04 00:00:00+00:00,11704.828920294223,0.0025044450985254258,0.36610364764732906,0.012190103985051007,0.07582549613852005,0.08334501360444785,0.34672291725095683,0.2876618540413454,0.20644471896472982,0.0018305182382366454,0.1005604371827102
2025-08-04 02:00:00+00:00,11753.364195490738,0.0041466026993663046,0.6143989292412781,0.01908186650477814,0.08471420950803449,0.0887744695290634,0.35148661446160495,0.2857057399504427,0.1893189665508544,0.0030719946462063907,0.10363243182891659
2025-08-04 04:00:00+00:00,11779.741576022992,0.0022442408908228853,0.3252518227889203,0.05175257025105668,0.11970908094915572,0.10553216833899894,0.34064781941743344,0.279123758157569,0.154987173136843,0.0016262591139446015,0.10525869094286118
2025-08-04 06:00:00+00:00,11757.007777284487,-0.0019299064068414918,-0.31983345407367947,0.025855711806686228,0.13090506271882799,0.12019189837601274,0.33379192381545136,0.2659885271732856,0.1491225879164221,-0.0015991672703683975,0.10365952367249279
2025-08-04 08:00:00+00:00,11791.547133233338,0.0029377675513309384,0.4326501359773168,0.024991472752038002,0.1458503602561669,0.12794703388933096,0.3360829635168324,0.25560224141319293,0.13451740092447695,0.002163250679886584,0.10582277435237937
2025-08-04 10:00:00+00:00,11836.172199005106,0.0037844962384957727,0.5611520508836156,0.007866457835965929,0.15237481460798907,0.12821039994491054,0.33716160094539654,0.25119135706575024,0.13106182743595365,0.002805760254418078,0.10862853460679744
2025-08-04 12:00:00+00:00,11879.937017830222,0.0036975483365131543,0.5472004567267139,0.02033507881721469,0.16361642178118455,0.13730387158892973,0.3336245362852712,0.24065546709958846,0.12479970324502604,0.0027360022836335693,0.11136453689043102
2025-08-04 14:00:00+00:00,12094.397108492967,0.01805229188848982,2.6141900831832956,0.00859648194820882,0.16361510339890661,0.1374776643104611,0.33732015854271485,0.24538253406882232,0.11620453967909519,0.013070950415916478,0.1244354873063475
2025-08-04 16:00:00+00:00,12076.223109418235,-0.001502679208537872,-0.2616011292979441,0.010390305159300194,0.1706663146226581,0.13900788274263046,0.3391290340460942,0.2392002120168741,0.11199655657174319,-0.0013080056464897204,0.12312748165985778
2025-08-04 18:00:00+00:00,12166.575274460603,0.007481823101786203,1.0861317278412443,0.008352100319476155,0.17363790653989206,0.14073470095796664,0.34278272423300016,0.2332642220721774,0.10958044619696371,0.0054306586392062215,0.128558140299064
2025-08-04 20:00:00+00:00,12157.621624919764,-0.0007359219286330275,-0.14498643892853727,0.007280182892958245,0.17452924758813262,0.1400448497193519,0.34917156607771793,0.2298491152018688,0.1064052214129289,-0.0007249321946426864,0.12783320810442134
2025-08-04 22:00:00+00:00,12201.307469679277,0.0035932887292667135,0.5144426143851482,0.006394766928209811,0.1762647817609651,0.1404667341937292,0.3534089143587179,0.22479311395822335,0.10506645572836447,0.002572213071925741,0.13040542117634707
2025-08-05 00:00:00+00:00,12266.878812834315,0.005374124315610073,0.777321977528193,0.016602492743026206,0.1684296192129645,0.13943239620624,0.37001140710174407,0.21916163514721693,0.10296494233183444,0.003886609887640965,0.13429203106398804
2025-08-05 02:00:00+00:00,12229.839327485168,-0.003019471041842629,-0.50943083597168,0.006495319296338606,0.1661555319526876,0.14058368506318827,0.3753554375411345,0.21662056657407255,0.1012847788689172,-0.0025471541798584,0.13174487688412964
2025-08-05 04:00:00+00:00,12214.910546214898,-0.0012206849878003115,-0.22346055106194346,0.0035840635209202706,0.1658433332677855,0.13733871600531733,0.37583113622597303,0.2197289314101543,0.10125788309076997,-0.0011173027553097173,0.13062757412881992
2025-08-05 06:00:00+00:00,12321.639400194106,0.008737587850144333,1.267748611953938,0.006663979188727631,0.16152687729811327,0.13506294590162884,0.3790080455242724,0.22321600130058253,0.10118612997540305,0.00633874305976969,0.13696631718858962
2025-08-05 08:00:00+00:00,12145.87204073122,-0.014264932916322724,-2.424278727515321,0.008174261782424114,0.1633528346945988,0.13761472172205624,0.3828045740897836,0.21657548262032342,0.09965238687323802,-0.012121393637576605,0.12484492355101301
2025-08-05 10:00:00+00:00,12445.675985597441,0.024683608048959277,3.3428390266730044,0.008237396494964466,0.15888205012828183,0.1382653507874285,0.38929663264416003,0.2128088706916759,0.10074709574845375,0.01671419513336502,0.14155911868437804
2025-08-05 12:00:00+00:00,12479.122224008564,0.0026873782066822497,0.3574025801296505,0.008075594835338512,0.15440230995901363,0.13481961402709478,0.39105687969201414,0.2191242184791603,0.10059697784271715,0.0017870129006482523,0.1433461315850263
2025-08-05 14:00:00+00:00,12275.251426355893,-0.016336950147057903,-2.7089776026777628,0.006134656296845141,0.16006265920766793,0.13529392107528562,0.3886681904708314,0.21648974584933944,0.09948548339687562,-0.013544888013388814,0.12980124357163747
2025-08-05 16:00:00+00:00,12130.056627378068,-0.011828254585977962,-1.8707758737952007,0.007443071370743327,0.15333740991701067,0.13457609899519957,0.39067625424143737,0.21970990732314344,0.10170032952320898,-0.009353879368976003,0.12044736420266147
2025-08-05 18:00:00+00:00,12125.959614626883,-0.0003377571001554191,-0.07662223509938071,0.004920285980229498,0.1527070714582854,0.1335471993733004,0.38741520634183224,0.22023293304443964,0.10609758978214222,-0.0003831111754969035,0.12006425302716457
2025-08-05 20:00:00+00:00,12062.810684068869,-0.005207747062083355,-0.8069127090898073,0.01956364282960578,0.14127942851550362,0.12541119948647647,0.4025014520965757,0.2239246096496074,0.10688331025183688,-0.004034563545449036,0.11602968948171553
2025-08-05 22:00:00+00:00,12083.605863179662,0.001723908271084545,0.22669940366576335,0.005006693437929172,0.1428615536641823,0.12727399723975902,0.4003419641757813,0.2210774041324726,0.1084450807878048,0.0011334970183288168,0.11716318650004436
2025-08-06 00:00:00+00:00,12119.776696203677,0.0029933807369728386,0.41033342004855405,0.010457714935303085,0.13928247760188636,0.12045964117986002,0.40386719714662533,0.22800988609693162,0.10838079797469666,0.0020516671002427703,0.11921485360028712
2025-08-06 02:00:00+00:00,12012.156027295985,-0.008879756748439266,-1.3818917555354275,0.02021805380999775,0.13366042553756607,0.11206914013169265,0.39766169644911525,0.2425851391559394,0.11402359872568664,-0.006909458777677138,0.11230539482260998
2025-08-06 04:00:00+00:00,11992.870274009827,-0.001605519712059526,-0.2605438299855236,0.00745385428434045,0.1361534196641168,0.11581755478032484,0.39887414195827287,0.23814548218237325,0.1110094014149124,-0.001302719149927618,0.11100267567268236
2025-08-06 06:00:00+00:00,12081.00959072478,0.007349309606555413,1.0354049887306018,0.008132781789359812,0.13184557571010538,0.11661082321118478,0.40195830464079574,0.23432054434702482,0.11526475209088938,0.00517702494365301,0.11617970061633537
2025-08-06 08:00:00+00:00,12085.910136773013,0.00040564044018262817,0.03479602042162487,0.01133017104912843,0.1293808242673708,0.10906184645155104,0.4006418617940355,0.24534939753587068,0.1155660699511718,0.00017398010210812435,0.11635368071844349
2025-08-06 10:00:00+00:00,12037.487365428678,-0.004006547359391791,-0.6263256092611292,0.00925550094594308,0.12314891360443504,0.10603825616854379,0.4048555545343397,0.24740755982535553,0.1185497158673259,-0.003131628046305646,0.11322205267213784
2025-08-06 12:00:00+00:00,11996.011492833559,-0.003445558972235086,-0.5397185387532853,0.013038329167809636,0.12649405562343194,0.103917423351139,0.39393805818393485,0.25683912637311596,0.11881133646837823,-0.0026985926937664268,0.1105234599783714
2025-08-06 14:00:00+00:00,11957.007951340416,-0.0032513758024025115,-0.5093643905140042,0.015220602962711736,0.11692528922977993,0.0982655867820793,0.3941350589484379,0.2679054173624034,0.12276864767729946,-0.002546821952570021,0.10797663802580137
2025-08-06 16:00:00+00:00,12128.70243882536,0.014359318667651928,2.017712351203315,0.004717959953197716,0.11795316249592318,0.09915709902421042,0.3894170989952402,0.27043102778155076,0.12304161170307545,0.010088561756016573,0.11806519978181795
2025-08-06 18:00:00+00:00,12164.74449880277,0.0029716336235634582,0.40735795645355,0.007495751129384644,0.11798840839412184,0.1018228151982397,0.3942118880523969,0.2640711775968041,0.12190571075843745,0.00203678978226775,0.1201019895640857
2025-08-06 20:00:00+00:00,12220.475807603436,0.004581379313486695,0.6379652366781866,0.011222257526185928,0.12477413001138453,0.10625935110716295,0.38694318352166146,0.26398929682171324,0.11803403853807781,0.0031898261833909333,0.12329181574747664
2025-08-06 22:00:00+00:00,12162.651167726,-0.004731783016292866,-0.7429872986223438,0.009180112064444704,0.12306903988036369,0.10690193737265573,0.37946816158823754,0.26875192952191745,0.12180893163682546,-0.0037149364931117193,0.11957687925436492
2025-08-07 00:00:00+00:00,12169.441885709188,0.0005583254744003263,0.05592012644373962,0.011379807720829395,0.12748034394852806,0.10914242738954488,0.38419617522401345,0.2610774217307513,0.11810363170716223,0.0002796006322186981,0.11985647988658361
2025-08-07 02:00:00+00:00,12151.712126439732,-0.0014569081668631481,-0.24442594465235995,0.018240496558630928,0.1380133107636829,0.11684995713302103,0.3805830632328256,0.2512707348467621,0.11328293402370844,-0.0012221297232617998,0.11863435016332181
2025-08-07 04:00:00+00:00,12148.769512840483,-0.00024215629605365727,-0.06223332060834564,0.007841718303549183,0.1413542442918446,0.11998406533449497,0.37274134492927635,0.2522008938759498,0.11371945156843423,-0.0003111666030417282,0.11832318356028008
2025-08-07 06:00:00+00:00,12250.501855115926,0.008373880347957788,1.1834339291645326,0.015442117236439408,0.1333474304845676,0.11254876190533258,0.37921391605953264,0.2592697893107076,0.11562010223985957,0.0059171696458226635,0.12424035320610274
2025-08-07 08:00:00+00:00,12180.100965477035,-0.005746775966528384,-0.9073457127322181,0.01389542040701814,0.14355531859665194,0.11623629420026643,0.3773324870243125,0.25286544691636315,0.11001045326240608,-0.00453672856366109,0.11970362464244165
2025-08-07 10:00:00+00:00,12134.607285271026,-0.0037350823556352637,-0.5920472689549356,0.00918266531009504,0.14849019880478967,0.12048407930222368,0.3717090928349705,0.2504997796065629,0.10881684945145323,-0.002960236344774678,0.11674338829766698
2025-08-07 12:00:00+00:00,12354.849477188363,0.018149923334121215,2.501902697477187,0.01495575083948704,0.15396732773300467,0.12667733645523063,0.3749944575932356,0.2381839428811517,0.10617693533737738,0.012509513487385935,0.12925290178505291
2025-08-07 14:00:00+00:00,12333.921289062262,-0.0016939249777784067,-0.2829818486656111,0.005101328271293483,0.15582870423176043,0.12956924864581962,0.3753424971751843,0.2343079470989924,0.10495160284824319,-0.0014149092433280556,0.12783799254172487
2025-08-07 16:00:00+00:00,12358.919650885675,0.0020267975802295553,0.2658881238579092,0.012239573737083446,0.156043428319038,0.13169045863145712,0.38524613683935266,0.22547488286686296,0.10154509334328915,0.0013294406192895462,0.12916743316101442
2025-08-07 18:00:00+00:00,12362.163311681907,0.00026245504363313945,0.007434886630260971,0.015929099486053956,0.16608795485782063,0.13171485573557076,0.3720733008238054,0.2313350587100207,0.0987888298727825,3.7174433151304856e-05,0.12920460759416572
2025-08-07 20:00:00+00:00,12444.29714260386,0.00664396908948285,0.9245431437847584,0.00866735074749965,0.15932660214658265,0.1308337042025464,0.3788553212200554,0.23031021220678335,0.10067416022403212,0.004622715718923792,0.1338273233130895
2025-08-07 22:00:00+00:00,12437.469679000336,-0.0005486419622807185,-0.11546783309508803,0.0062154039004641976,0.16491314083786449,0.13146256941172882,0.37617400303665743,0.22965197677961358,0.09779830993413573,-0.0005773391654754402,0.13324998414761405
2025-08-08 00:00:00+00:00,12518.672917644266,0.006528919526214848,0.907661076368,0.014809273013298048,0.15487449483147683,0.13055839751945977,0.3884358781104786,0.2257855216649722,0.1003457078736126,0.00453830538184,0.13778828952945404
2025-08-08 02:00:00+00:00,12453.419319434997,-0.005212501248219201,-0.8341207350468265,0.006680773776093871,0.16071516024292223,0.1313985058841082,0.3858153774774474,0.22480552036253462,0.09726543603298748,-0.004170603675234133,0.1336176858542199
2025-08-08 04:00:00+00:00,12454.12654436135,5.6789618032737734e-05,-0.025163340791310874,0.004279902555532768,0.16272066176423916,0.1336729069183241,0.3851961457614731,0.22210698466470327,0.0963033008912604,-0.00012581670395655437,0.13349186915026334
2025-08-08 06:00:00+00:00,12361.578254680051,-0.00743113452008403,-1.1852344984763437,0.008066889372162996,0.17062033333606436,0.1338401247186619,0.37846406074839134,0.22201387126606956,0.09506160993081289,-0.005926172492381718,0.12756569665788162
2025-08-08 08:00:00+00:00,12493.769028978433,0.010693680982712195,1.4882596940872546,0.013329363947756155,0.15906901095597525,0.1338686249636673,0.3890249803530119,0.22023582969840252,0.0978015540289431,0.007441298470436272,0.13500699512831787
2025-08-08 10:00:00+00:00,12467.95347001941,-0.0020662747085482317,-0.34515439255781266,0.009246408793980851,0.16488824923466655,0.1326604440951027,0.3838772032876267,0.22366300021369204,0.09491110316891203,-0.0017257719627890632,0.13328122316552882
2025-08-08 12:00:00+00:00,12476.012585201697,0.0006463863697972058,0.06266365644099034,0.0019208238148030465,0.16611920823391593,0.13279724798091913,0.3833414459335675,0.2222779337529482,0.09546416409864926,0.00031331828220495167,0.13359454144773378
2025-08-08 14:00:00+00:00,12592.214760489647,0.009314047616927217,1.2949404063600396,0.015376229112634927,0.17759821082463992,0.13669447450283012,0.37244187295326653,0.2218529780524794,0.09141246366678416,0.006474702031800198,0.14006924347953398
2025-08-08 16:00:00+00:00,12444.992875013819,-0.011691500524416382,-1.8944488439861407,0.012612313962488617,0.16846159168261265,0.1332187796823687,0.37989347341623697,0.22352228273416794,0.09490387248461371,-0.009472244219930703,0.13059699925960327
2025-08-08 18:00:00+00:00,12593.827116863526,0.011959367381280235,1.6425118150944902,0.006534870312776192,0.17221076744933048,0.1360044742284271,0.37484042995910005,0.22240395247205122,0.09454037589109118,0.00821255907547245,0.13880955833507572
2025-08-08 20:00:00+00:00,12695.697446404807,0.008088909637712331,1.1086087904397115,0.012858645294987793,0.16324689903472245,0.1338625311272932,0.3838418054229386,0.22065111869280526,0.09839764572224034,0.005543043952198557,0.14435260228727428
2025-08-08 22:00:00+00:00,12665.758884414538,-0.0023581659941610865,-0.39246849006249407,0.022431291664780036,0.17743282460242168,0.14089596944746957,0.3663380929808017,0.2218630464697098,0.0934700664995973,-0.00196234245031247,0.14239025983696182
2025-08-09 00:00:00+00:00,12602.979048457732,-0.004956658067607632,-0.7925345876792137,0.01662835985224371,0.16509897741577137,0.13785144632160637,0.3791897753702724,0.2206130569299796,0.09724674396237033,-0.003962672938396069,0.13842758689856577
2025-08-09 02:00:00+00:00,12612.176590179015,0.0007297910824036628,0.07166817756412154,0.010742727854102012,0.17153440350577165,0.13697650760982255,0.36932198622795415,0.2247855453218776,0.09738155733457401,0.00035834088782060774,0.13878592778638638
2025-08-09 04:00:00+00:00,12602.094747296675,-0.0007993737488730352,-0.15550450040903938,0.008632756380301664,0.1673324840728685,0.1404771539893808,0.3728059152528085,0.22035470837447915,0.09902973831046315,-0.0007775225020451969,0.1380084052843412
2025-08-09 06:00:00+00:00,12775.472378425333,0.01375784221633866,1.8646125942345129,0.007765313794609666,0.1668570024747251,0.13503043979467233,0.3764669925357019,0.2244589448861953,0.09718662030870527,0.009323062971172564,0.14733146825551374
2025-08-09 08:00:00+00:00,12785.162543235903,0.0007584975743781756,0.07124554228356414,0.0019556567045330084,0.16570597682256114,0.13567558236477267,0.37584654099034237,0.22427476537918586,0.09849713444313798,0.0003562277114178207,0.14768769596693157
2025-08-09 10:00:00+00:00,12832.465866750174,0.0036998609407039936,0.4964296361319059,0.0035863646238049954,0.16894939042193963,0.1346079566976486,0.3761293709115533,0.22433488648240144,0.09597839548645705,0.0024821481806595294,0.1501698441475911
2025-08-09 12:00:00+00:00,12804.46069442252,-0.002182368737112074,-0.37107779655267775,0.007753865460778407,0.17125628711828697,0.1384537597150606,0.36837550545077485,0.22559739457563688,0.09631705314024064,-0.0018553889827633888,0.14831445516482772
2025-08-09 14:00:00+00:00,12669.646247666851,-0.010528709484374671,-1.7096522827835932,0.006526221549489279,0.17022985772502483,0.13392520785418158,0.3743565661106399,0.22462615428028876,0.09686221402986488,-0.008548261413917966,0.13976619375090976
2025-08-09 16:00:00+00:00,12636.016082925942,-0.002654388613818012,-0.4358348801396825,0.007067247416794972,0.1643775243555395,0.13294644778370113,0.3802290134585935,0.2258209543491301,0.09662606005303566,-0.0021791744006984127,0.13758701935021134
2025-08-09 18:00:00+00:00,12675.873801768967,0.0031542947224387067,0.4250700882052905,0.009423623764477147,0.15825751003185162,0.12964283834291185,0.3845521919603081,0.2259847009628703,0.101562758702058,0.0021253504410264526,0.1397123697912378
2025-08-09 20:00:00+00:00,12667.891033936905,-0.0006297607531362858,-0.13076301871498439,0.013397324846827867,0.1698831251359499,0.1310424885211795,0.37674396413181355,0.22635676052733225,0.09597366168372469,-0.0006538150935749219,0.13905855469766287
2025-08-09 22:00:00+00:00,12667.27551020282,-4.858928233872836e-05,-0.043622551085887085,0.016131054165572797,0.15752533875182992,0.1272692207397267,0.38574355500068574,0.22832786320790704,0.10113402229985054,-0.0002181127554294354,0.13884044194223344
2025-08-10 00:00:00+00:00,12583.416843821116,-0.006620102824333462,-1.0614259815172988,0.014995342480610213,0.16764732704893764,0.13157787533629872,0.37329331827404366,0.22889256279483758,0.09858891654588246,-0.005307129907586494,0.13353331203464694
2025-08-10 02:00:00+00:00,12690.497025867731,0.008509626866505197,1.184370611976711,0.022986678518186934,0.15418162054527926,0.12377554429091352,0.3916927634962,0.22717392182569424,0.10317614984191303,0.005921853059883555,0.1394551650945305
2025-08-10 04:00:00+00:00,12762.235694978941,0.005652944007234713,0.7821981568988704,0.015300479623421966,0.1622040350851153,0.12987527714167132,0.38028878162543117,0.2283522540585223,0.09927965208925987,0.003910990784494352,0.14336615587902485
2025-08-10 06:00:00+00:00,12713.047083029198,-0.0038542315880512944,-0.6278401171159717,0.009945244853505904,0.1572017802162792,0.1280643964803425,0.39023402647893707,0.22584501219939018,0.09865478462505099,-0.003139200585579858,0.14022695529344498
2025-08-10 08:00:00+00:00,12541.077813941029,-0.013526990654957449,-2.212164538991518,0.00543359408920218,0.1607021319146859,0.12524169239099378,0.38762313647908364,0.22640757202262873,0.10002546719260794,-0.011060822694957591,0.1291661325984874
2025-08-10 10:00:00+00:00,12637.159930578526,0.007661392271299754,1.0648048157289138,0.006891377132234193,0.15936819356056064,0.12611450142009362,0.3820656977009747,0.22819010705608572,0.1042615002622853,0.005324024078644569,0.13449015667713196
2025-08-10 12:00:00+00:00,12661.796921261599,0.001949567056080252,0.25233237611076464,0.007671631907310988,0.1655509153087886,0.12760341157917668,0.3779138042384236,0.22736854449133517,0.10156332438227601,0.0012616618805538233,0.13575181855768578
2025-08-10 14:00:00+00:00,12594.631419913196,-0.005304578944527228,-0.8450935130063841,0.015385098401432533,0.15315476597713204,0.12461446250940068,0.3916733384508625,0.22753732361883455,0.10302010944377023,-0.004225467565031921,0.13152635099265386
2025-08-10 16:00:00+00:00,12781.017471054405,0.014798849202249439,2.012897159935254,0.007088042237304221,0.15775487532040366,0.12559864484580055,0.3850266806724108,0.22709593915998197,0.1045238600014029,0.010064485799676271,0.14159083679233014
2025-08-10 18:00:00+00:00,12751.796933045709,-0.0022862450563793323,-0.3795243991634179,0.005315452164498018,0.1614800618319081,0.1262565446750712,0.38085315016924276,0.22802830498370497,0.10338193834007299,-0.0018976219958170895,0.13969321479651306
2025-08-10 20:00:00+00:00,12806.087132733317,0.0042574548491213764,0.5788558659343513,0.005797311350159019,0.16269374230501313,0.12944143280167017,0.3775797352698562,0.22942704773416,0.10085804188930053,0.0028942793296717565,0.14258749412618482
2025-08-10 22:00:00+00:00,12778.384619497896,-0.0021632301067679213,-0.36277527457308334,0.0033199601749454646,0.1625315229513026,0.12886094926427918,0.3808996954448017,0.22739441859555765,0.10031341374405893,-0.0018138763728654168,0.1407736177533194
2025-08-11 00:00:00+00:00,12801.988620847818,0.001847181944571105,0.23438027609521112,0.005239163479941793,0.16647950193268615,0.1297467847643583,0.37572915729335604,0.2277997675940367,0.1002447884155627,0.0011719013804760555,0.14194551913379544
2025-08-11 02:00:00+00:00,12847.1577563704,0.0035282905539397447,0.47734125040130015,0.00421994552913979,0.16393299543968892,0.13021505795432978,0.3794808296325244,0.22742916692831747,0.09894195004513939,0.002386706252006501,0.14433222538580193
2025-08-11 04:00:00+00:00,13002.341227532223,0.012079206475445872,1.6393941900210502,0.006948994554738845,0.1691840363498913,0.13191301159886637,0.37574381490307546,0.22730990096807122,0.09584923618009585,0.008196970950105251,0.15252919633590717
2025-08-11 06:00:00+00:00,12937.340494340744,-0.0049991560792022015,-0.8103123159446809,0.002229441475896911,0.16723808246713226,0.13180423918087225,0.3757314119140479,0.229539342443968,0.09568692399397952,-0.004051561579723404,0.14847763475618375
2025-08-11 08:00:00+00:00,12853.176986604229,-0.006505472107913593,-1.046869431661581,0.0037275142718772233,0.16860683356944053,0.13370778101228714,0.372570972833743,0.22897226725239564,0.09614214533213354,-0.005234347158307905,0.14324328759787586
2025-08-11 10:00:00+00:00,12933.385395301328,0.006240356666736299,0.8564887673613355,0.003140584195585161,0.16944726566279766,0.13475751426317395,0.37382139168508427,0.2263481278994436,0.09562570048950043,0.004282443836806677,0.14752573143468253
2025-08-11 12:00:00+00:00,12868.278244036894,-0.005034037823390632,-0.8123280201590893,0.004843671480768939,0.17215497772594673,0.13583205809923468,0.3748828072666434,0.22400660228615898,0.09312355462201613,-0.004061640100795447,0.1434640913338871
2025-08-11 14:00:00+00:00,12894.783296149584,0.0020597201591418305,0.26444967605573294,0.0031276489098042495,0.16922989962575724,0.1371356926184572,0.37613593250443156,0.22380403147654426,0.09369444377480975,0.0013222483802786647,0.14478633971416577
2025-08-11 16:00:00+00:00,12911.906692223338,0.0013279320544197027,0.1573993159031722,0.006071010165653319,0.16835796085675087,0.13193662122181024,0.37843904971318926,0.22590480798160947,0.09536156022664014,0.000786996579515861,0.14557333629368163
2025-08-11 18:00:00+00:00,12912.176918376203,2.0928446844112205e-05,-0.03654901974134821,0.013662573450679505,0.1769916053985048,0.13696555013073577,0.3681660114379835,0.22498914498965625,0.09288768804311959,-0.00018274509870674105,0.14539059119497488
2025-08-11 20:00:00+00:00,12713.616983754322,-0.01537772723198185,-2.553118165820923,0.007237237802376645,0.17021519128571388,0.1365047264411501,0.37388452227022195,0.22534097679830722,0.09405458320460686,-0.012765590829104615,0.13262500036587027
2025-08-11 22:00:00+00:00,12641.841029254874,-0.005645596732319716,-0.891850790818472,0.004547093636589478,0.1726532916181943,0.13861371974525913,0.37354289891653925,0.22227862929614378,0.09291146042386347,-0.00445925395409236,0.12816574641177791
2025-08-12 00:00:00+00:00,12629.48420901005,-0.0009774541711312817,-0.17625914928533845,0.0171646788398584,0.1606183323701144,0.13356792699836142,0.38645774361674434,0.22219470245126308,0.09716129456351687,-0.0008812957464266923,0.1272844506653512
2025-08-12 02:00:00+00:00,12716.752805642287,0.006909909794255848,0.9630728866529255,0.009598986104716614,0.16587332726759257,0.13791191820559984,0.38048764046085687,0.22073255134123124,0.09499456272471955,0.004815364433264627,0.13209981509861585
2025-08-12 04:00:00+00:00,12644.441324868834,-0.005686316458189599,-0.9004548646925188,0.006685002988953248,0.16233105706128761,0.1347691854229515,0.3834152261454358,0.22349298072641574,0.09599155064390934,-0.004502274323462594,0.12759754077515326
2025-08-12 06:00:00+00:00,12625.427582694592,-0.001503723390043773,-0.255412704820518,0.011896469604811645,0.16608830578999803,0.13160364298509417,0.37468429897848154,0.2309789622708909,0.0966447899755355,-0.0012770635241025898,0.12632047725105067
2025-08-12 08:00:00+00:00,12652.984074876238,0.0021826185292462236,0.29164411642778065,0.009845121253230532,0.16925856002233636,0.13426514118854838,0.3648391777252509,0.23318116001702638,0.09845596104683788,0.0014582205821389034,0.12777869783318957
2025-08-12 10:00:00+00:00,12596.587172395351,-0.0044572017278412925,-0.7090367333823643,0.013641411717989715,0.16080069311551323,0.13313747157133415,0.37835657006922135,0.2291252848230741,0.0985799804208572,-0.0035451836669118213,0.12423351416627774
2025-08-12 12:00:00+00:00,12628.198713105972,0.002509532167561741,0.341679565552063,0.011261040305723141,0.1532649649503928,0.12976689885549975,0.3876827336637335,0.23106016153428505,0.09822524099608887,0.001708397827760315,0.12594191199403806
2025-08-12 14:00:00+00:00,12756.24983442064,0.01014009394560523,1.419785913034571,0.01575940857249737,0.14265484553984553,0.12461760969354967,0.390294001403822,0.23676144465642138,0.10567209870636148,0.007098929565172855,0.13304084155921092
2025-08-12 16:00:00+00:00,12979.822516057122,0.017526521080922043,2.358838503569233,0.01255464079474699,0.14168795355332992,0.1176695369784563,0.3865672570012455,0.24931608545116835,0.10475916701579993,0.011794192517846164,0.14483503407705708
2025-08-12 18:00:00+00:00,13026.030073667918,0.0035599529618863517,0.47562767703747955,0.013763930227237563,0.14899749886990138,0.12282349598359783,0.3730166457222467,0.2506165113566929,0.10454584806756116,0.0023781383851873977,0.14721317246224447
2025-08-12 20:00:00+00:00,13204.00459237153,0.013662990005173284,1.8190358290391413,0.01858499960651574,0.15983492242691613,0.13057107203309887,0.36425425253302485,0.24369555753487707,0.10164419547208313,0.009095179145195706,0.15630835160744017
2025-08-12 22:00:00+00:00,13274.462166239087,0.005336076140738685,0.713288469341612,0.012736345577574706,0.15169209894532337,0.1293243806958396,0.3750259167581996,0.2403487267761544,0.10360887682448312,0.0035664423467080602,0.15987479395414822
2025-08-13 00:00:00+00:00,13303.87860465157,0.0022160173454935823,0.2750475190460503,0.012446487289764496,0.1526555489596742,0.13265459106992264,0.38317874365953014,0.23119439614983622,0.10031672016103675,0.0013752375952302514,0.16125003154937848
2025-08-13 02:00:00+00:00,13217.411545948818,-0.0064993872292641135,-1.0518526231110115,0.008157742933532858,0.14905540555588723,0.13193380639304353,0.3904981195619257,0.2273575812969694,0.10115508719217399,-0.005259263115555058,0.15599076843382342
2025-08-13 04:00:00+00:00,13360.85434101861,0.010852563270132584,1.4453879377210752,0.011877489414031259,0.1585444063097971,0.13419582403673064,0.382312036722597,0.2236661747222669,0.10128155820860833,0.007226939688605376,0.1632177081224288
2025-08-13 06:00:00+00:00,13349.590726175255,-0.0008430310334852318,-0.1737235098293284,0.00902448040402571,0.16077747278663843,0.13324542819770735,0.3742379521575946,0.2298274241674298,0.10191172269062984,-0.000868617549146642,0.16234909057328217
2025-08-13 08:00:00+00:00,13406.868110959791,0.004290572344830801,0.5670358424383138,0.005307506090714384,0.16353194593271358,0.13424418533095112,0.3757922279689901,0.22711809183579174,0.09931354893155356,0.002835179212191569,0.16518426978547374
2025-08-13 10:00:00+00:00,13502.981142552853,0.00716893988943568,0.9579004474010058,0.006699720733639135,0.16342420881347144,0.1333978233764942,0.3824919487026292,0.223846680919694,0.09683933818771119,0.004789502237005029,0.16997377202247876
2025-08-13 12:00:00+00:00,13490.075152713714,-0.0009557881850599637,-0.19493149855693984,0.004877481138907881,0.16484066778455386,0.13542770242071914,0.38319262902598955,0.21896919978078613,0.09756980098795137,-0.0009746574927846992,0.16899911452969407
2025-08-13 14:00:00+00:00,13499.199487243834,0.0006763738842687202,0.04838077836267818,0.004331390862770658,0.16445737474468836,0.13238573087400707,0.38448916959165663,0.22200405007788968,0.09666367471175825,0.0002419038918133909,0.16924101842150746
2025-08-13 16:00:00+00:00,13364.65666613232,-0.009966725896498553,-1.6477174652101438,0.003735859684161104,0.16521153638972533,0.13455478157330766,0.38330122621999585,0.2194561337653894,0.09747632205158183,-0.00823858732605072,0.16100243109545676
2025-08-13 18:00:00+00:00,13399.813351547446,0.002630571536058763,0.3353680627274835,0.0065682013746417856,0.17044624975030623,0.1345134538770735,0.3797361877126238,0.22078962177945016,0.09451448688054614,0.0016768403136374174,0.16267927140909416
2025-08-13 20:00:00+00:00,13447.096917239009,0.003528673456194402,0.46309435815146743,0.01007677235897017,0.16406875276398727,0.13081417850442237,0.38402624154760046,0.22306333337373113,0.09802749381025877,0.002315471790757337,0.1649947431998515
2025-08-13 22:00:00+00:00,13398.13902132717,-0.0036407780960569795,-0.6062816901804648,0.00773935954713241,0.16936310433951782,0.1322890807856994,0.37673764622330264,0.22403343906405593,0.09757672958742414,-0.0030314084509023244,0.16196333474894917
2025-08-14 00:00:00+00:00,13498.296389870298,0.007475468673947861,1.0087091508990256,0.0060705560537253275,0.16477088455649117,0.1308107445150008,0.3814930150861685,0.22452987368236707,0.09839548215997253,0.005043545754495128,0.16700688050344428
2025-08-14 02:00:00+00:00,13531.028786658697,0.0024249279940958012,0.30490857675285954,0.003227234293848677,0.16639712196231957,0.12950938657235445,0.37956713873496617,0.2256438166206023,0.09888253610975757,0.0015245428837642977,0.16853142338720858
2025-08-14 04:00:00+00:00,13619.30826933999,0.0065242254726657805,0.877533111131184,0.004948243168799452,0.16450334472640749,0.1325624562695839,0.3803181865984902,0.22258935068771488,0.10002666171780349,0.00438766555565592,0.1729190889428645
2025-08-14 06:00:00+00:00,13494.16358348573,-0.009188769604105924,-1.5296735729291369,0.0024112562581646638,0.1633628102391102,0.13303127352682406,0.37920670522013433,0.22453178968863946,0.09986742132529206,-0.007648367864645685,0.16527072107821883
2025-08-14 08:00:00+00:00,13451.31124383146,-0.0031756202886641335,-0.5345841208781765,0.008836232691939797,0.1584898634349213,0.13177910183585842,0.3840179995720626,0.2218206754918542,0.10389235966530355,-0.0026729206043908825,0.16259780047382794
2025-08-14 10:00:00+00:00,13459.327220313982,0.000595925284696628,0.040282182304267,0.006664621927337237,0.16515448536225852,0.1305153678403134,0.3798603954520284,0.2213618025596601,0.10310794878573966,0.000201410911521335,0.16279921138534928
2025-08-14 12:00:00+00:00,13366.262121248643,-0.006914543167126326,-1.134954545970917,0.010466300295405698,0.15784704157591964,0.12735651133124654,0.3863449934891272,0.223847117867511,0.10460433573619558,-0.0056747727298545846,0.1571244386554947
2025-08-14 14:00:00+00:00,13034.642991450088,-0.024810162092465084,-4.368516866440135,0.004952145123219516,0.160262203666194,0.12865820483010937,0.38150647551519795,0.22508240740159338,0.1044907085869054,-0.02184258433220068,0.135281854323294
2025-08-14 16:00:00+00:00,13032.343474918225,-0.00017641576630611006,-0.060328439372574566,0.004075630400003222,0.1576788303999612,0.12755810878595797,0.3852771181188797,0.22469024631197432,0.1047956963832268,-0.0003016421968628728,0.13498021212643113
2025-08-14 18:00:00+00:00,12883.619801322277,-0.011411890262267767,-1.7796834755171278,0.005902245838086975,0.16042851069553432,0.12971629667894413,0.37985685085357723,0.2242082677391898,0.10579007403275448,-0.008898417377585639,0.12608179474884548
2025-08-14 20:00:00+00:00,12926.841055194283,0.0033547445934076357,0.4455330566171999,0.010292502649035015,0.15471710247946893,0.12671907322602263,0.3895767234725383,0.22478089776926377,0.10420620305270636,0.0022276652830859993,0.12830946003193147
2025-08-14 22:00:00+00:00,12839.272903597988,-0.006774133852377508,-1.0378501102739648,0.001925981353238744,0.15571926334694947,0.12642604581278064,0.3879437695325416,0.22526896140995661,0.1046419598977718,-0.005189250551369824,0.12312020948056165
2025-08-15 00:00:00+00:00,12925.883375605083,0.006745745857837742,0.9165388860414017,0.004145822193946477,0.1542158338288874,0.1239891738009038,0.387738248868534,0.22908447053033681,0.104972272971338,0.004582694430207008,0.12770290391076866
2025-08-15 02:00:00+00:00,12995.259305169626,0.005367209926671205,0.7247998281634235,0.01884658839193966,0.15684032189070463,0.11939910058437285,0.3734817336931252,0.24441841200105527,0.10586043183074192,0.0036239991408171172,0.13132690305158579
2025-08-15 04:00:00+00:00,13056.885754177347,0.004742225419327095,0.6371326746794932,0.020141186317909905,0.14134331858962515,0.11475491756754247,0.3896651309959514,0.2474140464774243,0.10682258636945666,0.0031856633733974658,0.13451256642498324
2025-08-15 06:00:00+00:00,13034.536276467285,-0.001711700487454479,-0.28438683063862125,0.023859735977226938,0.137060689937511,0.1086529819976242,0.37618995924075693,0.26485208306000113,0.1132442857641068,-0.0014219341531931063,0.13309063227179013
2025-08-15 08:00:00+00:00,13003.68881597906,-0.0023665943946097217,-0.38102712838328795,0.026825655700531685,0.11846727898769407,0.10042073724690942,0.38577637164496864,0.2724234620122474,0.12291215010818052,-0.0019051356419164398,0.1311854966298737
2025-08-15 10:00:00+00:00,12969.382822642669,-0.0026381739690844535,-0.4209985305224729,0.01617093588087703,0.12677276228963266,0.10221728030406459,0.3725514833898756,0.2784923715340306,0.1199661024823965,-0.0021049926526123643,0.12908050397726134
2025-08-15 12:00:00+00:00,12967.194820933715,-0.00016870515265644817,-0.056302702948914776,0.02165265382284108,0.1114515633055758,0.09631485012047658,0.3862904282605249,0.2780633468788344,0.12787981143458826,-0.0002815135147445739,0.12879899046251678
2025-08-15 14:00:00+00:00,12804.144628631033,-0.012574052796635685,-1.9719583076674052,0.010706639444309461,0.11379735826635215,0.093305033897041,0.37859360503965095,0.2859459928231633,0.1283580099737924,-0.009859791538337026,0.11893919892417976
2025-08-15 16:00:00+00:00,12643.19678604784,-0.012569980053435396,-1.9351933724831836,0.021307060118992888,0.10008515709320052,0.09005666092645674,0.38515007374314375,0.28159950684790636,0.14310860138929254,-0.009675966862415918,0.10926323206176383
2025-08-15 18:00:00+00:00,12717.782721513915,0.005899294041549949,0.8112002832085661,0.017496458011469485,0.09426114046575819,0.08259737133443178,0.38093692195114154,0.29487804883035507,0.1473265174183133,0.0040560014160428304,0.11331923347780666
2025-08-15 20:00:00+00:00,12634.93806663189,-0.006514080063805606,-0.9828861330086888,0.005043083207147449,0.09478581950277165,0.08424013927044675,0.3781216603590058,0.2926502272153435,0.15020215365243245,-0.004914430665043444,0.10840480281276321
2025-08-15 22:00:00+00:00,12713.77656990472,0.006239722178064185,0.8598767658056364,0.013023174483657772,0.0903337165376893,0.08013756956506003,0.373653158545817,0.30085762470595356,0.15501793064548006,0.004299383829028182,0.1127041866417914
2025-08-16 00:00:00+00:00,12749.079789586467,0.0027767689236662665,0.37295366671693403,0.00824691160650795,0.08634959055075207,0.07880931616220001,0.3715627255437436,0.3000135254913163,0.16326484225198806,0.0018647683335846702,0.11456895497537607
2025-08-16 02:00:00+00:00,12843.759976827121,0.007426433029150007,1.0205037081959594,0.01523449753284832,0.09147519567782984,0.0807815449283177,0.3679417726799151,0.30815018913096914,0.15165129758296816,0.005102518540979797,0.11967147351635588
2025-08-16 04:00:00+00:00,12796.875357194845,-0.00365038117473909,-0.5621150670327093,0.02790366870751606,0.07309857573235179,0.07125449616627978,0.3682388139023175,0.31301961857747523,0.17438849562157585,-0.0028105753351635463,0.11686089818119233
2025-08-16 06:00:00+00:00,12763.624008951687,-0.002598395882981191,-0.4052940880875752,0.015218113571610459,0.07897090580681325,0.07675053903639942,0.3530207003307069,0.3134852788406151,0.17777257598546523,-0.002026470440437876,0.11483442774075445
2025-08-16 08:00:00+00:00,12779.718890044764,0.0012609961780280874,0.15743569694615273,0.032540037960726936,0.06215963470080482,0.06981154139758754,0.35495679849615897,0.30469550962470854,0.20837651578074018,0.0007871784847307637,0.11562160622548522
2025-08-16 10:00:00+00:00,12721.321598204913,-0.004569528668219787,-0.7002225051662531,0.015840378321006102,0.06164328922324606,0.06684093179439904,0.3426033752559001,0.3145566396143549,0.2143557641120999,-0.003501112525831265,0.11212049369965395
2025-08-16 12:00:00+00:00,12666.33382537725,-0.0043224890121023865,-0.6612947077816251,0.01876169665409585,0.05704835755379771,0.07044202257472057,0.35282967793182685,0.30038987462970745,0.21929006730994752,-0.0033064735389081255,0.10881402016074582
2025-08-16 14:00:00+00:00,12705.385774442162,0.0030831296256120275,0.4231995883206635,0.010590024951953998,0.05976840256619534,0.06942547623643494,0.34436682315269485,0.30825985456926375,0.21817944347541107,0.0021159979416033176,0.11093001810234913
2025-08-16 16:00:00+00:00,12754.66237449054,0.003878402507659388,0.5363772529030932,0.005235612433547712,0.06379838383044333,0.07063110740573471,0.34260036627015394,0.30683638535490293,0.21613375713876512,0.002681886264515466,0.1136119043668646
2025-08-16 18:00:00+00:00,12783.869192089805,0.0022898934320425093,0.3083484072837638,0.009419161713142526,0.06705682907825719,0.07331398941369302,0.34607820072752427,0.30180598144961024,0.21174499933091526,0.001541742036418819,0.11515364640328342
2025-08-16 20:00:00+00:00,12810.525040264494,0.0020851158420161792,0.2787351153588222,0.015951830129005674,0.07369340499391937,0.07565981539067998,0.3389340577010395,0.30877540968596673,0.20293731222839428,0.0013936755767941112,0.11654732198007753
2025-08-16 22:00:00+00:00,12804.854436644857,-0.00044265192892669865,-0.0906505896425383,0.010560221763451179,0.06983336354678688,0.07381857281776696,0.3419245065875932,0.30391647194256116,0.21050708510529187,-0.00045325294821269154,0.11609406903186484
2025-08-17 00:00:00+00:00,12870.015110160542,0.005088747696280717,0.7106453674418003,0.017408260253381172,0.0771887756602665,0.07588566562458313,0.34513060679130736,0.3086961270719324,0.19309882485191068,0.0035532268372090014,0.11964729586907384
2025-08-17 02:00:00+00:00,12876.68275890339,0.0005180762171430095,0.049293597040864584,0.004240899814795196,0.07749716657687536,0.07663649749809512,0.34191268581795536,0.30767314823048925,0.19628050187658508,0.0002464679852043229,0.11989376385427816
2025-08-17 04:00:00+00:00,12893.163726615192,0.001279907878479427,0.1613023489795791,0.01750433107433058,0.08221636995525713,0.08008518615507662,0.3492166237323507,0.3097056493550611,0.17877617080225439,0.0008065117448978955,0.12070027559917605
2025-08-17 06:00:00+00:00,12952.444725238902,0.004597862858232132,0.6419316089139462,0.018811579796642178,0.07458140175222343,0.07522199399429237,0.3431071221053185,0.309501731549269,0.19758775059889652,0.003209658044569731,0.12390993364374578
2025-08-17 08:00:00+00:00,13028.391275377715,0.005863491545408796,0.8205059541213049,0.049427659096082724,0.10376903646941282,0.09546201837318571,0.3422399299168764,0.2911544124771642,0.16737460276336072,0.0041025297706065245,0.1280124634143523
2025-08-17 10:00:00+00:00,13061.37962611028,0.0025320356163164737,0.3412629673225439,0.023339149848240356,0.11587000684284428,0.10670019784799471,0.34128949852891727,0.28416860499010776,0.15197169179013606,0.0017063148366127196,0.129718778250965
2025-08-17 12:00:00+00:00,13070.697409514738,0.0007133843185931563,0.07397041668098166,0.041595729668893085,0.1414148658441446,0.12275106851558747,0.33234490657945037,0.2666276166540375,0.1368615424067801,0.0003698520834049083,0.1300886303343699
2025-08-17 14:00:00+00:00,13032.872146388952,-0.0028938978495708792,-0.47124595377382816,0.01467896279174228,0.14831145449505567,0.1305334426564186,0.32887735062639967,0.26007021001845143,0.13220754220367456,-0.0023562297688691407,0.12773240056550075
2025-08-17 16:00:00+00:00,13065.49855626408,0.0025033936885636384,0.33967681643512404,0.01257771377009187,0.15542357582545502,0.13454120323534544,0.3303351824871654,0.25396923901679946,0.1257307994352347,0.0016983840821756203,0.12943078464767638
2025-08-17 18:00:00+00:00,13008.174387129386,-0.004387445981325501,-0.7047795358743579,0.008118792243607752,0.1554230835064378,0.13275843601638251,0.3384539747307731,0.2536112017084752,0.11975330403793132,-0.0035238976793717895,0.1259068869683046
2025-08-17 20:00:00+00:00,12920.272353518512,-0.006757445817903886,-1.0769041174786966,0.0059595220359877285,0.15810052186067314,0.13016213963986525,0.34173605841252547,0.2520625515350835,0.1179387285518525,-0.005384520587393483,0.12052236638091111
2025-08-17 22:00:00+00:00,12937.000973417578,0.0012947575284284491,0.16594825689301704,0.005174672979917486,0.15675734498509403,0.12983034081704214,0.3382363611310102,0.25617221696460885,0.11900373610224463,0.0008297412844650852,0.1213521076653762
2025-08-18 00:00:00+00:00,12939.641748449145,0.000204125750395514,0.002810492260365858,0.011383166462469792,0.16122143696846977,0.13031657991479967,0.3446691965123468,0.24986562576093052,0.11392716084345324,1.405246130182929e-05,0.12136616012667803
2025-08-18 02:00:00+00:00,12781.451401359616,-0.012225249366620823,-1.9674558279915175,0.014137059373060569,0.15451271113476425,0.12288824637544465,0.3512783485114747,0.25687060973100295,0.11445008424731348,-0.009837279139957588,0.11152888098672044
2025-08-18 04:00:00+00:00,12615.293277929926,-0.012999941728997627,-2.057534097774109,0.008128333921363348,0.14859229183023553,0.1243791435870667,0.355497089213101,0.2546626951141683,0.11686878025542843,-0.010287670488870544,0.1012412104978499
2025-08-18 06:00:00+00:00,12644.061639929187,0.0022804354496925427,0.3190372373269691,0.016604788017083642,0.1416959551083574,0.11537915189650008,0.3640743285054666,0.26269024383888634,0.11616032065078956,0.0015951861866348453,0.10283639668448474
2025-08-18 08:00:00+00:00,12553.814905530602,-0.0071374797884242325,-1.1030208833982387,0.02793818439365603,0.12600048697158486,0.10313643563961664,0.3760633326551175,0.27402060897188135,0.12077913576179976,-0.005515104416991193,0.09732129226749354
2025-08-18 10:00:00+00:00,12598.202004376817,0.003535745841422197,0.5060209525505713,0.018900919405891427,0.11480673011147176,0.09828993725815448,0.3732026684908013,0.2825738204954683,0.1311268436441042,0.0025301047627528566,0.0998513970302464
2025-08-18 12:00:00+00:00,12571.919812459453,-0.0020861859421077147,-0.3299886518870038,0.00873082219028834,0.11111581085861941,0.09639784150897304,0.3700548613025467,0.2873013544945475,0.1351301318353133,-0.0016499432594350191,0.09820145377081138
2025-08-18 14:00:00+00:00,12606.880351267928,0.0027808432864665678,0.39651260204996,0.014407653737663291,0.10285066895175193,0.09025532967817727,0.37149846828773125,0.29561867465920855,0.1397768584231311,0.0019825630102498,0.10018401678106117
2025-08-18 16:00:00+00:00,12717.952428546578,0.008810433206616328,1.2724976526000187,0.009232311112010491,0.09774468832698088,0.09111889116211115,0.3732586571797007,0.29149234417196906,0.14638541915923822,0.006362488263000093,0.10654650504406127
2025-08-18 18:00:00+00:00,12729.197810011854,0.0008842132040087319,0.11144160639567705,0.006772954394066062,0.09270336854014956,0.08966626712340735,0.3757552805080303,0.2912133336034381,0.15066175022497463,0.0005572080319783852,0.10710371307603965
2025-08-18 20:00:00+00:00,12727.118939357864,-0.0001633151346233588,-0.045312967434544396,0.013297478322149926,0.08418319487799956,0.08488896246340741,0.3800075821342388,0.29249145162226103,0.15842880890209313,-0.000226564837172722,0.10687714823886693
2025-08-18 22:00:00+00:00,12749.369871528252,0.0017483086530744344,0.24083018991557298,0.012910078864221165,0.07909238540064586,0.08359684917985125,0.37777413047807157,0.288197747175117,0.1713388877663143,0.0012041509495778649,0.1080812991884448
2025-08-19 00:00:00+00:00,12722.214024817724,-0.0021299755975525284,-0.3446124753317575,0.010161915774423866,0.07826816545112342,0.0814317820620539,0.3706015017709675,0.2928106922211695,0.17688785849468566,-0.0017230623766587873,0.10635823681178601
2025-08-19 02:00:00+00:00,12662.329982837553,-0.004707045633987332,-0.7418272084574535,0.012429143179135613,0.07119795083721162,0.07953323750684438,0.3759815256515171,0.28935030821115526,0.18393697779327173,-0.003709136042287268,0.10264910076949874
2025-08-19 04:00:00+00:00,12574.58208426883,-0.006929838243645212,-1.0866385631556563,0.002538312661160301,0.07053826250627068,0.07885720993787905,0.37477892889026304,0.2903168360848678,0.18550876258071947,-0.005433192815778282,0.09721590795372045
2025-08-19 06:00:00+00:00,12634.138256567008,0.004736234723274406,0.6916310416015693,0.014657604466943565,0.0686973276626285,0.08006690890499281,0.3619622592669617,0.2907346986098061,0.198538805555611,0.0034581552080078467,0.1006740631617283
2025-08-19 08:00:00+00:00,12546.698671159002,-0.006920898254580784,-1.084023948226088,0.015688943517057553,0.0683983373020807,0.07471553408493063,0.3526066364079463,0.3064236421268636,0.19785585007817874,-0.00542011974113044,0.09525394342059787
2025-08-19 10:00:00+00:00,12614.082527483097,0.0053706443495762125,0.7874315202718826,0.00679699212788365,0.06954814458854784,0.07740740706187332,0.3555619482724201,0.3019886517982315,0.1954938482789272,0.003937157601359413,0.09919110102195729
2025-08-19 12:00:00+00:00,12650.929886039483,0.002921128704850827,0.4221147231766871,0.0123916307729088,0.0766331813190094,0.07900022975935195,0.35496085012170103,0.3057024231432001,0.1837033156567375,0.0021105736158834355,0.10130167463784072
2025-08-19 14:00:00+00:00,12612.22015648151,-0.0030598327480013386,-0.4859960950851923,0.014250558288790939,0.08626247448258308,0.08362149488456916,0.34852983686396305,0.3027109732697708,0.1788752204991138,-0.0024299804754259616,0.09887169416241476
2025-08-19 16:00:00+00:00,12462.302647228003,-0.011886686673199337,-1.877540677543945,0.01186092162877514,0.08191021212751241,0.08448462544310556,0.35587366441775775,0.2952023139960664,0.1825291840155579,-0.009387703387719725,0.08948399077469503
2025-08-19 18:00:00+00:00,12462.524031377572,1.776430534822918e-05,-0.00931135506089286,0.0250955173509878,0.06942159131919015,0.0766775711093039,0.3510738222088939,0.2996342627792249,0.2031927525833872,-4.6556775304464305e-05,0.08943743399939057
2025-08-19 20:00:00+00:00,12409.550387945495,-0.004250635208301446,-0.6604521622860079,0.012848940956680314,0.0661431594820326,0.07191717427574376,0.3462637099229312,0.30476919193546903,0.21090676438382333,-0.0033022608114300395,0.08613517318796053
2025-08-19 22:00:00+00:00,12496.40832090745,0.006999281218627145,1.0390802531001568,0.007538377209302886,0.06042508974243782,0.07149084362182928,0.35380208713223416,0.30423532415959575,0.21004665534390304,0.005195401265500784,0.09133057445346132
2025-08-20 00:00:00+00:00,12341.750104685681,-0.012376213408697063,-1.9344449984038614,0.017914344692445423,0.05583275985656353,0.06991590508320274,0.34667585614186924,0.29961447888201603,0.22796100003634842,-0.009672224992019307,0.08165834946144201
2025-08-20 02:00:00+00:00,12413.751249033006,0.005833949297027846,0.8639986065415306,0.005651597555566077,0.056198058860851385,0.07049338422527987,0.35138467555107034,0.29901659357110155,0.22290728779169683,0.004319993032707653,0.08597834249414966
2025-08-20 04:00:00+00:00,12452.550276579277,0.003125487756917422,0.4584076598139555,0.022356698029978608,0.05362571205663227,0.06775158418513448,0.3412891235515293,0.2920695943850285,0.24526398582167544,0.0022920382990697773,0.08827038079321944
2025-08-20 06:00:00+00:00,12475.615835511533,0.0018522759129620278,0.26737819841210647,0.014324531054062586,0.059445502196887254,0.07171362675957983,0.34583182189089157,0.28942128467659123,0.23358776447605015,0.0013368909920605323,0.08960727178527998
2025-08-20 08:00:00+00:00,12462.356814680397,-0.0010627948957351908,-0.17326886702063404,0.004661199193842235,0.0582855480770914,0.07242293143061944,0.34578626379503846,0.2859655976983979,0.23753965899885274,-0.0008663443351031702,0.08874092745017681
2025-08-20 10:00:00+00:00,12474.069270657734,0.000939826723909736,0.13070001251501026,0.008901676161854884,0.05720083815784639,0.07008026015683441,0.3403119688262136,0.2868108480830262,0.24559608477607933,0.0006535000625750514,0.08939442751275187
2025-08-20 12:00:00+00:00,12482.22131224524,0.0006535190249971044,0.08729948959891774,0.001652900039755486,0.05722906581764644,0.07056005394000854,0.3414568474229949,0.28567408790396054,0.2450799449153895,0.00043649744799458874,0.08983092496074646
2025-08-20 14:00:00+00:00,12375.293525444531,-0.008566406901935927,-1.3392331113224525,0.006870451512800087,0.05539166859458009,0.07074032113450048,0.33929166773956515,0.2828062132976566,0.2517701292336977,-0.006696165556612263,0.0831347594041342
2025-08-20 16:00:00+00:00,12508.394369584448,0.010755368659842496,1.6039082628439911,0.0030416122742396925,0.0532790452936252,0.06981133216121559,0.3396017665460124,0.2844271441635174,0.25288071183562927,0.008019541314219955,0.09115430071835416
2025-08-20 18:00:00+00:00,12633.103021763296,0.009969996827257889,1.4692669688921989,0.006240340476592023,0.05466609802435585,0.07124144513330152,0.3371582804078707,0.2806302898250671,0.2563038866094048,0.0073463348444609946,0.09850063556281516
2025-08-20 20:00:00+00:00,12764.373730511537,0.010391010705928539,1.5140540331960655,0.009608671211956927,0.05805376439882413,0.07128179579867891,0.3342594936012584,0.2868109439971784,0.2495940022040602,0.007570270165980327,0.10607090572879549
2025-08-20 22:00:00+00:00,12782.218497973292,0.0013980135522904105,0.18958960773361172,0.024664887796247672,0.06478747672470875,0.08060126565812262,0.3428711992121778,0.28061502660868104,0.23112503179630992,0.0009479480386680586,0.10701885376746355
2025-08-21 00:00:00+00:00,12722.104142656914,-0.00470296727644812,-0.7421925256476127,0.047121026144292526,0.08685328211250948,0.0827108846266922,0.33730669347258274,0.3035606283966032,0.18956851139161238,-0.003710962628238064,0.10330789113922548
2025-08-21 02:00:00+00:00,12816.733928643525,0.007438218153655904,1.0825310759565008,0.018530852221258366,0.09385334632104787,0.09212263476902145,0.3394257313429735,0.2878061977631516,0.18679208980380566,0.005412655379782504,0.10872054651900798
2025-08-21 04:00:00+00:00,12693.414777981188,-0.009621729790827278,-1.5229419985987946,0.07165173864190345,0.13985393557221643,0.11777378415975637,0.32179221283250775,0.2742121577564509,0.14636790967906863,-0.007614709992993973,0.101105836526014
2025-08-21 06:00:00+00:00,12701.97019112384,0.0006740040637050986,0.08358004480121929,0.028962762242533864,0.11921763360226198,0.10944732388717691,0.34214201221442503,0.28186700219502825,0.14732602810110784,0.00041790022400609646,0.10152373675002009
2025-08-21 08:00:00+00:00,12685.41245489668,-0.0013035565332008513,-0.21573596322352612,0.03445609012675315,0.14475252715657205,0.11836852045961996,0.33751211851385726,0.27291556875035217,0.1264512651195985,-0.0010786798161176306,0.10044505693390246
2025-08-21 10:00:00+00:00,12590.151173193122,-0.007509513943063424,-1.177506612236337,0.006434622368249453,0.14215236567201495,0.11707776063586624,0.33496841745391864,0.278057023968846,0.1277444322693541,-0.005887533061181685,0.09455752387272078
2025-08-21 12:00:00+00:00,12563.7744388706,-0.0020950291985916396,-0.33293022955141943,0.026373570231754483,0.15412379014601044,0.12283999308717852,0.3436083307603654,0.260375510366288,0.11905237564015772,-0.0016646511477570972,0.09289287272496367
2025-08-21 14:00:00+00:00,12561.394279172358,-0.00018944622969960294,-0.04244658388460094,0.004995018755707521,0.15170307190734772,0.1271971445209779,0.34369772615849564,0.2578012098492432,0.11960084756393564,-0.0002122329194230047,0.09268063980554067
2025-08-21 16:00:00+00:00,12487.53883674484,-0.005879557697665434,-0.9179657827982265,0.010178239605414488,0.14734651757550837,0.12137545924740277,0.35224932327753766,0.2586585261079355,0.12037017379161583,-0.004589828913991133,0.08809081089154953
2025-08-21 18:00:00+00:00,12505.881263146755,0.0014688584069058853,0.21138571492701114,0.012268709950691216,0.14535305179914118,0.11511636268592752,0.35987507199679963,0.2633014873393647,0.11635402617876701,0.0010569285746350556,0.0891477394661846
2025-08-21 20:00:00+00:00,12470.565126093652,-0.002823962287022141,-0.4443118684225385,0.0066099960383758025,0.1404104824813985,0.11344893596529433,0.3603669887867033,0.2685672902123864,0.11720630255421738,-0.0022215593421126925,0.0869261801240719
2025-08-21 22:00:00+00:00,12519.685491527633,0.003938904527365916,0.5867016466918904,0.020311532748885863,0.12995700695810225,0.10359087873970478,0.369611093441038,0.2762330284200814,0.12060799244107362,0.002933508233459452,0.08985968835753134
2025-08-22 00:00:00+00:00,12492.506231892647,-0.002170921917597583,-0.3455436119511432,0.012361507820461304,0.1229844425091838,0.10096647321998219,0.36684655558921775,0.28339615759451836,0.125806371087098,-0.0017277180597557158,0.08813197029777563
2025-08-22 02:00:00+00:00,12553.44565973367,0.004878078642494374,0.7299356201429057,0.01164763711074402,0.12864384061610923,0.10695471222380076,0.35999141679185753,0.27956228899840313,0.1248477413698294,0.0036496781007145282,0.09178164839849015
2025-08-22 04:00:00+00:00,12572.236441207275,0.0014968624537786046,0.2158627873460096,0.027943138394021752,0.11164257994779864,0.09601283449808962,0.37039435641387813,0.28861845821254517,0.13333177092768853,0.001079313936730048,0.0928609623352202
2025-08-22 06:00:00+00:00,12620.150759332308,0.003811121302808592,0.5679138299405518,0.005638270115418835,0.11470697834433946,0.09858670621696759,0.3681617692266169,0.2861217542048299,0.13242279200724616,0.0028395691497027594,0.09570053148492297
2025-08-22 08:00:00+00:00,12642.178341785278,0.001745429422598773,0.25281054555458804,0.010549457105814876,0.11850708111966812,0.10457219305012205,0.3689256367239487,0.278186702280451,0.12980838682581017,0.0012640527277729403,0.09696458421269591
2025-08-22 10:00:00+00:00,12629.305919646804,-0.0010182123515793122,-0.17347929083467545,0.0052144946990937205,0.12131356557849492,0.1057407260597048,0.36431840452112974,0.2794261795111352,0.1292011243295354,-0.0008673964541733772,0.09609718775852254
2025-08-22 12:00:00+00:00,12528.638377148249,-0.007970948137533912,-1.2731437140332078,0.007232185670698187,0.1252478544356334,0.10903862287326449,0.36280725856090323,0.27475578144012874,0.12815048269007015,-0.006365718570166039,0.0897314691883565
2025-08-22 14:00:00+00:00,12535.904706194773,0.0005799775544467122,0.07742114654397089,0.023987074530814258,0.11126794028897866,0.09903146248910495,0.3719763776808283,0.2819484646367337,0.13577575490435437,0.00038710573271985446,0.09011857492107636
2025-08-22 16:00:00+00:00,13000.780273360755,0.03708352752045543,5.328242299611553,0.006586033740950736,0.11518392983743682,0.10054315780644327,0.3694821412575628,0.283106813511888,0.1316839575866692,0.026641211498057763,0.11675978641913412
2025-08-22 18:00:00+00:00,13245.561089564413,0.018828163468405493,2.510404648170883,0.025062430554151985,0.12882656449389632,0.11196295370413574,0.3606822314014456,0.2733835737177645,0.12514467668275786,0.012552023240854415,0.12931180965998854
2025-08-22 20:00:00+00:00,13266.827435058203,0.001605545084122031,0.19592090999133555,0.015956648297852406,0.14044594308067027,0.11630022341521422,0.3537179500261207,0.26933575691928385,0.12020012655871103,0.0009796045499566777,0.13029141420994522
2025-08-22 22:00:00+00:00,13310.527355334327,0.0032939239234124774,0.43171032779762974,0.025364226838568933,0.15459889316106676,0.12751150017338667,0.3495518829379897,0.25324953779428605,0.1150881859332709,0.0021585516389881487,0.13244996584893337
2025-08-23 00:00:00+00:00,13308.195030548144,-0.00017522407068622066,-0.05773647581525954,0.026553004645794583,0.17159482752517993,0.13501131412743742,0.35160913926562043,0.23659300978127057,0.10519170930049185,-0.0002886823790762977,0.13216128346985706
2025-08-23 02:00:00+00:00,13196.329443437295,-0.00840576703708275,-1.2847309888934395,0.012635200368524613,0.17421931007903615,0.1385388387198393,0.3580923324878869,0.2258391581191376,0.10331036059410018,-0.006423654944467197,0.12573762852538986
2025-08-23 04:00:00+00:00,13062.10931582586,-0.010171019766271688,-1.5460660256566723,0.019041619657737034,0.16797873286063128,0.13918170073363523,0.3764910901318279,0.21658466229472637,0.09976381397917915,-0.007730330128283361,0.1180072983971065
2025-08-23 06:00:00+00:00,13208.768736157326,0.011227851244038594,1.5104458975651969,0.01132997157718122,0.16422317295359587,0.132112331279622,0.3795479103967507,0.22485781360698487,0.09925877176304662,0.007552229487825984,0.1255595278849325
2025-08-23 08:00:00+00:00,13153.628218297566,-0.004174538820474592,-0.6327760763071089,0.014204619341910696,0.16833312297988728,0.12816951131944765,0.36928611101501435,0.23467414207473442,0.09953711261091638,-0.003163880381535544,0.12239564750339695
2025-08-23 10:00:00+00:00,13183.01831125953,0.0022343715721779753,0.2876476224217509,0.008757203598638165,0.16684706938100316,0.1300327114808214,0.3761801144522788,0.2287378476166529,0.09820225706924389,0.0014382381121087545,0.1238338856155057
2025-08-23 12:00:00+00:00,13125.067112298531,-0.004395897630780246,-0.6664749206469164,0.011587432234879111,0.16824386846867415,0.1343171355345804,0.381963069075097,0.21715041538177368,0.09832551153987472,-0.003332374603234582,0.12050151101227112
2025-08-23 14:00:00+00:00,13117.741504475913,-0.0005581386944494171,-0.10648790862275274,0.0027852206248523,0.1686855028784407,0.136522831674439,0.3821009591503242,0.21466112463940096,0.09802958165739521,-0.0005324395431137637,0.11996907146915736
2025-08-23 16:00:00+00:00,13116.958548336084,-5.968680962056935e-05,-0.034890649650258405,0.008750342514630041,0.1643310939520728,0.13212689808617678,0.3848998226466692,0.22031563287951458,0.09832655243556655,-0.00017445324825129203,0.11979461822090608
2025-08-23 18:00:00+00:00,13110.149145394666,-0.000519129714127384,-0.10089990162689597,0.008159285324955003,0.16878477918296347,0.13184176049550392,0.3798648226547371,0.22402123297357895,0.0954874046932166,-0.0005044995081344799,0.11929011871277159
2025-08-23 20:00:00+00:00,13116.796497667281,0.0005070386460820778,0.04680095141183694,0.0033126193128013084,0.16992437415143935,0.13257765060575405,0.37871043483698774,0.22186300147852694,0.09692453892729185,0.0002340047570591847,0.11952412346983078
2025-08-23 22:00:00+00:00,13088.669454120472,-0.002144353124012407,-0.3378533693880139,0.005152683433645687,0.16797257916598804,0.1307783683926893,0.38079256771943903,0.22046139524339733,0.09999508947848626,-0.0016892668469400695,0.11783485662289071
2025-08-24 00:00:00+00:00,13134.686241111991,0.003515772718748953,0.47631999196967095,0.009908293691484923,0.15806428547450316,0.1311203899465642,0.3834015549741008,0.2237975282965603,0.10361624130827163,0.0023815999598483547,0.12021645658273906
2025-08-24 02:00:00+00:00,13142.027123116179,0.0005588928330248502,0.05430363181762362,0.010924852795306576,0.1645373030381845,0.13557222517818945,0.38021856948188854,0.21854743539441926,0.10112446690731837,0.0002715181590881181,0.12048797474182718
2025-08-24 04:00:00+00:00,13114.833169187417,-0.0020692358700834597,-0.3294390216708197,0.00907481323773681,0.15939756003461122,0.13163715494402592,0.3842921916888351,0.21967116514533044,0.10500192818719742,-0.0016471951083540984,0.11884077963347309
2025-08-24 06:00:00+00:00,13115.366434186562,4.066121103229306e-05,-0.01985985950579457,0.005983346073208558,0.15979234247746582,0.13384193351891602,0.3783940800474362,0.21958593071352073,0.1083857132426612,-9.929929752897285e-05,0.11874148033594412
2025-08-24 08:00:00+00:00,13004.925492601504,-0.008420728626932099,-1.2924370300551458,0.013013365945152122,0.1674109313679782,0.13923671057355583,0.3699274680991451,0.21930125268682718,0.10412363727249375,-0.006462185150275729,0.11227929518566838
2025-08-24 10:00:00+00:00,13021.79416802492,0.0012970989670808087,0.16550639350041205,0.011801559654834246,0.16263588248422023,0.13315122283227188,0.37924674921289825,0.2217835312279082,0.10318261424270132,0.0008275319675020602,0.11310682715317044
2025-08-24 12:00:00+00:00,12927.300606179524,-0.0072565700721507675,-1.1071940701951137,0.008169173681850557,0.1619991126184476,0.1268575021998104,0.3811885054456979,0.2280109486769592,0.10194393105908495,-0.005535970350975568,0.10757085680219487
2025-08-24 14:00:00+00:00,12959.770133978525,0.0025117020782731117,0.34331784364423673,0.019282552600948334,0.14874290694604544,0.1208311552712642,0.3957276086791463,0.2310587779814877,0.10363955112205635,0.0017165892182211837,0.10928744602041605
2025-08-24 16:00:00+00:00,12995.192010608422,0.002733217970975188,0.37504732222663417,0.005962212412255079,0.15227731773523162,0.12220963857250147,0.3913599343518497,0.23210809630331936,0.10204501303709793,0.0018752366111331707,0.11116268263154923
2025-08-24 18:00:00+00:00,13150.459335121719,0.01194805928119781,1.6611824852740338,0.015765057885909768,0.14161616044785566,0.11710573797396767,0.3954792608000189,0.24027448816565053,0.10552435261250732,0.008305912426370169,0.1194685950579194
2025-08-24 20:00:00+00:00,13038.4891019047,-0.008514549215628803,-1.3081475150373465,0.00450717470030948,0.1414221322655751,0.11670411786340766,0.39871694101170385,0.23636296175818158,0.1067938471011318,-0.006540737575186733,0.11292785748273267
2025-08-24 22:00:00+00:00,12967.421528152392,-0.005450598853660694,-0.8304063290147956,0.00822351222134203,0.1423194610717591,0.11740206315217917,0.39106174727437293,0.24299119988456805,0.10622552861712065,-0.004152031645073978,0.10877582583765869
2025-08-25 00:00:00+00:00,12960.307566074276,-0.0005486026703667586,-0.1007221853573251,0.01828207948713169,0.13233486182148319,0.10910458291532348,0.39113317583792573,0.2551756485070679,0.11225173091819973,-0.0005036109267866256,0.10827221491087206
2025-08-25 02:00:00+00:00,12893.856961802396,-0.005127239761332889,-0.7802484712688571,0.002559341701898185,0.13032613533835372,0.10955758876359688,0.3905825606191571,0.2561479075861318,0.11338580769276069,-0.0039012423563442858,0.10437097255452778
2025-08-25 04:00:00+00:00,12900.802634873236,0.0005386807912803994,0.06007185599825562,0.02380381757843429,0.1169246373796591,0.09915526914385715,0.3931086215732787,0.26814799888989316,0.12266347301331197,0.0003003592799912781,0.10467133183451906
2025-08-25 06:00:00+00:00,12780.615102707536,-0.00931628330169252,-1.4173711734780454,0.010086784141527222,0.11849297497326096,0.09867190367126702,0.3835052029043416,0.27460446096476177,0.12472545748636871,-0.007086855867390227,0.09758447596712883
2025-08-25 08:00:00+00:00,12569.523372449034,-0.016516554842010953,-2.514305527361941,0.006322682581223073,0.11504520103349287,0.09579699502981202,0.3848975502323798,0.2785338578242451,0.1257263958800702,-0.012571527636809705,0.08501294833031912
2025-08-25 10:00:00+00:00,12596.061593745577,0.002111314845454899,0.294672466511316,0.009935605597040771,0.10880117516069102,0.09210541530557308,0.3892727543013006,0.279871155153422,0.1299495000790133,0.0014733623325565801,0.08648631066287571
2025-08-25 12:00:00+00:00,12505.673741412837,-0.007175882053293659,-1.056888697472415,0.0012242590077489457,0.10928698083341658,0.09236257144919263,0.3893205385760438,0.2786468961456731,0.13038301299567398,-0.005284443487362075,0.08120186717551363
2025-08-25 14:00:00+00:00,12544.557971098599,0.003109327053447483,0.44072534018989673,0.013432284589716285,0.1004101290244044,0.08780713866848845,0.39475513824672653,0.2792970319551005,0.13773056210528006,0.0022036267009494835,0.08340549387646311
2025-08-25 16:00:00+00:00,12566.656111573728,0.0017615718725236555,0.24636866549640227,0.007478151939370875,0.10196841671374236,0.08651937229007266,0.39154470514671696,0.2852168962051335,0.13475060964433463,0.0012318433274820114,0.08463733720394512
2025-08-25 18:00:00+00:00,12567.44998001692,6.317260822171363e-05,0.00046690711502030656,0.0117453972330583,0.09510357083991676,0.08163882093083984,0.3934199918859239,0.2896443508396992,0.14019326550362018,2.334535575101533e-06,0.08463967173952022
2025-08-25 20:00:00+00:00,12366.169611914986,-0.01601600709945008,-2.3854735794208506,0.018928745730755127,0.08607560661429191,0.07618082033899606,0.38897721097263754,0.29824473699578136,0.15052162507829328,-0.011927367897104253,0.07271230384241598
2025-08-25 22:00:00+00:00,12194.133502147259,-0.013911834882320123,-2.014729228527742,0.009563112443804492,0.08068294568065122,0.07616398831769705,0.38692927107594205,0.296139057403612,0.16008473752209773,-0.01007364614263871,0.06263865769977726
2025-08-26 00:00:00+00:00,12280.012655794997,0.007042661426711214,1.0097223733772873,0.01870145842689376,0.06856502583799655,0.07019378079054839,0.38631594001885156,0.2963772320396743,0.17854802131292913,0.0050486118668864365,0.0676872695666637
2025-08-26 02:00:00+00:00,12348.284367582644,0.005559579920744555,0.79302589554299,0.022370438982759863,0.0607827983813457,0.06411330901910414,0.3778082002641869,0.3035880391672898,0.19370765316807356,0.00396512947771495,0.07165239904437865
2025-08-26 04:00:00+00:00,12346.158551463997,-0.0001721547751383849,-0.026906986130283552,0.011643482240474637,0.06244673154012811,0.06860459651042619,0.3661647180237122,0.3073397301443752,0.1954442237813583,-0.00013453493065141776,0.07151786411372722
2025-08-26 06:00:00+00:00,12384.005428317265,0.003065477953770525,0.43639864680879126,0.013536348431758365,0.0575045031300806,0.06514214534806753,0.3662924791890498,0.302208061285023,0.20885281104777906,0.0021819932340439562,0.07369985734777118
2025-08-26 08:00:00+00:00,12368.300406335822,-0.0012681698237576055,-0.18546169123435816,0.027804294582576723,0.05792458820612956,0.06427983305125802,0.33935049690328256,0.31358467924791616,0.22486040259141363,-0.0009273084561717907,0.07277254889159938
2025-08-26 10:00:00+00:00,12361.022520453014,-0.0005884305558329207,-0.08754974806153422,0.028102979558670003,0.052223864536763955,0.06673972417854948,0.33645711536424344,0.29407580489765095,0.25050349102279224,-0.0004377487403076711,0.0723348001512917
2025-08-26 12:00:00+00:00,12359.571152980052,-0.00011741483931131374,-0.019586373771132905,0.02169719851270704,0.049474127572014165,0.0692396545649699,0.3250265126245225,0.2865589460894146,0.2697007591490788,-9.793186885566452e-05,0.07223686828243604
2025-08-26 14:00:00+00:00,12436.964261137879,0.006261795591440485,0.9006663934113588,0.0031905510772031326,0.04821857635493307,0.06791063046547795,0.3247325063570298,0.28624697659627724,0.272891310226282,0.004503331967056794,0.07674020024949284
2025-08-26 16:00:00+00:00,12460.609464087527,0.001901203738562903,0.2698269759384096,0.009290600460349217,0.05024296678556502,0.06800686412965468,0.33190248272257034,0.2819247593625473,0.2679229269996627,0.001349134879692048,0.07808933512918488
2025-08-26 18:00:00+00:00,12504.612220151032,0.0035313486222583066,0.5051088729498615,0.01334260798812345,0.04857922641562228,0.0687267326773052,0.32570566835139036,0.27644270611554655,0.2805456664401356,0.002525544364749308,0.08061487949393419
2025-08-26 20:00:00+00:00,12620.937417596642,0.00930258335065783,1.33240643833549,0.009919641415661783,0.050883663392532814,0.0683265725182326,0.32783939286143654,0.2819241860442516,0.27102618518354643,0.006662032191677451,0.08727691168561164
2025-08-26 22:00:00+00:00,12604.4656652522,-0.0013051132257002745,-0.19978639779272,0.0038893056517263283,0.05354303812536746,0.06857495436025417,0.32694093523653706,0.2829057351211217,0.26803533715671957,-0.0009989319889636,0.08627797969664804
2025-08-27 00:00:00+00:00,12600.234330845396,-0.0003357012125052013,-0.05845287543970443,0.00823987414593192,0.054175091872458274,0.06781036401624822,0.3263567322986694,0.2905135555199629,0.2611442562926613,-0.0002922643771985221,0.08598571531944951
2025-08-27 02:00:00+00:00,12575.425986632521,-0.00196887959076647,-0.2972170088641947,0.012584716325780017,0.0551123598498934,0.0682540101017407,0.33030887122931724,0.2977652188521674,0.2485595399668812,-0.0014860850443209736,0.08449963027512854
2025-08-27 04:00:00+00:00,12623.390167506903,0.003814119770206337,0.5456962931025432,0.01970673547602383,0.06325457152515992,0.06901598757740855,0.3341261734885705,0.30475046291800356,0.22885280449085735,0.002728481465512716,0.08722811174064125
2025-08-27 06:00:00+00:00,12609.189158360477,-0.0011249758549790514,-0.1750098773960269,0.02454866915420873,0.0750057727276796,0.07435154030121986,0.3394603362016695,0.30687821543278243,0.20430413533664873,-0.0008750493869801346,0.08635306235366112
2025-08-27 08:00:00+00:00,12540.634035115942,-0.005436917662471714,-0.8133766521122312,0.03456850998940456,0.09486424061522311,0.08906158240308083,0.3343755363405731,0.2983672405883922,0.18333140005273071,-0.004066883260561156,0.08228617909309996
2025-08-27 10:00:00+00:00,12530.26213918954,-0.0008270631211594775,-0.12914846107452027,0.014837392271782573,0.09672117760146234,0.09331337930338783,0.34310419472580944,0.29102809134400076,0.17583315702533958,-0.0006457423053726014,0.08164043678772735
2025-08-27 12:00:00+00:00,12562.485600172597,0.0025716509858381,0.37009508303668687,0.019748088220749513,0.09425108439675697,0.08533534696443769,0.34919806300759354,0.30468231128296624,0.16653319434824565,0.0018504754151834344,0.08349091220291079
2025-08-27 14:00:00+00:00,12559.968192366054,-0.00020039090086661,-0.03779002161108835,0.048391072000343247,0.12298131828158712,0.10499618507995072,0.3444891692412573,0.2835461754816079,0.14398715191559697,-0.00018895010805544175,0.08330196209485534
2025-08-27 16:00:00+00:00,12637.38753341958,0.006163975884953489,0.8964956855357139,0.0364080715986644,0.1432603441933749,0.12112523076682735,0.33884325827253614,0.268366447312487,0.1284047194547746,0.0044824784276785695,0.08778444052253391
2025-08-27 18:00:00+00:00,12653.575160473474,0.0012809314433926545,0.17877065482330967,0.008999473060669498,0.1492885354292661,0.12409651259160563,0.33422632948783215,0.2674875299748977,0.12490109251639833,0.0008938532741165484,0.08867829379665046
2025-08-27 20:00:00+00:00,12571.577707007551,-0.006480180694074628,-0.9819655135056556,0.011346288572962798,0.15555930629416267,0.12836712655120486,0.3350312332362991,0.25894831612568153,0.12209401779265165,-0.004909827567528278,0.08376846622912218
2025-08-27 22:00:00+00:00,12540.690199536366,-0.002456931674850082,-0.3738628665155859,0.008002405882321414,0.15266455590283065,0.12466787111935793,0.34005453695373955,0.26192741829056254,0.12068561773350926,-0.0018693143325779296,0.08189915189654424
2025-08-28 00:00:00+00:00,12478.488787254508,-0.00495996721808489,-0.748607060632149,0.014825439528806404,0.1605503399939991,0.13062621405124167,0.3410358494594938,0.25092675160075645,0.11686084489450896,-0.003743035303160745,0.0781561165933835
2025-08-28 02:00:00+00:00,12511.986065964062,0.0026844018759522373,0.3929059805482594,0.03295858542307991,0.14430413490637853,0.11391383371578234,0.35809294142392234,0.2661250450300951,0.11756404492382168,0.001964529902741297,0.0801206464961248
2025-08-28 04:00:00+00:00,12566.798198442182,0.004380769942449511,0.6438009598772765,0.003918920461751019,0.14200081540115816,0.11633855944415389,0.3595871361573018,0.2647603183825175,0.11731317061486861,0.0032190047993863823,0.08333965129551119
2025-08-28 06:00:00+00:00,12629.591842598658,0.004996789410071075,0.7334600854880577,0.006275813050034759,0.1482766284511929,0.11632530062964953,0.3592757486337306,0.2629647296472033,0.11315759263822364,0.003667300427440289,0.08700695172295148
2025-08-28 08:00:00+00:00,12643.578883910699,0.0011074816578681627,0.15532674498885204,0.008360597396960094,0.14182567987839895,0.11442730736293266,0.3659789080347429,0.26295307408975405,0.1148150306341714,0.0007766337249442602,0.08778358544789573
2025-08-28 10:00:00+00:00,12616.887793715161,-0.0021110391638798037,-0.3278522879454471,0.02748142665794391,0.15525364267100827,0.1284807712282673,0.35825932987593484,0.24563686751676034,0.11236938870802932,-0.0016392614397272352,0.0861443240081685
2025-08-28 12:00:00+00:00,12657.671914498524,0.0032325024562457664,0.47376735419385685,0.0022522803389044485,0.15382924628949446,0.12787774848958283,0.35998435523569944,0.24541200629805407,0.11289664368716908,0.002368836770969284,0.08851316077913779
2025-08-28 14:00:00+00:00,12650.634448430352,-0.000555984237520896,-0.09451394628580354,0.004425428800649445,0.1547422096906114,0.12672301394020805,0.3567136609844248,0.24857606917444983,0.11324504621030586,-0.00047256973142901766,0.08804059104770877
2025-08-28 16:00:00+00:00,12571.928503794632,-0.006221501771832879,-0.9585732155449787,0.007191387621503613,0.15247001629522855,0.12211318956138623,0.35866638016270447,0.2538147376176738,0.11293567636300694,-0.004792866077724893,0.08324772496998388
2025-08-28 18:00:00+00:00,12583.063638549418,0.0008857141329927203,0.1254002540070113,0.011361606034647614,0.147804182092692,0.1159898298994414,0.3645439301917373,0.2592987936232886,0.11236326419284073,0.0006270012700350565,0.08387472624001893
2025-08-28 20:00:00+00:00,12497.03063393132,-0.006837206509433005,-1.0517600543936312,0.0032780463490886605,0.14791734423010122,0.1181354176354189,0.3655632266674392,0.2574480463889551,0.11093596507808555,-0.0052588002719681564,0.07861592596805078
2025-08-28 22:00:00+00:00,12587.900684025592,0.007271331307098481,1.0867647427235905,0.012405828567837944,0.14037276101675553,0.11327417228092666,0.3704329386774016,0.2625126703794142,0.1134074576455019,0.005433823713617953,0.08404974968166873
2025-08-29 00:00:00+00:00,12628.579176814073,0.0032315549518200405,0.47798915574059325,0.005575080258416805,0.14151703655465075,0.11453443854724742,0.3736034771316025,0.258557904920035,0.1117871428464644,0.0023899457787029663,0.0864396954603717
2025-08-29 02:00:00+00:00,12548.400564362573,-0.006348981253465765,-0.9804551628953397,0.01432413646385422,0.14859016295114827,0.12178544861460412,0.36969424809339946,0.25017168445929394,0.1097584558815543,-0.004902275814476699,0.081537419645895
2025-08-29 04:00:00+00:00,12589.47609036095,0.0032733674533015848,0.48679205415231386,0.012334938049476815,0.14293715817562744,0.11510351534064805,0.3759139460810121,0.2554441684115878,0.11060121199112456,0.002433960270761569,0.08397137991665657
2025-08-29 06:00:00+00:00,12553.370817154779,-0.0028678932266144722,-0.445370021529019,0.009636999186589425,0.1468941229240435,0.12022533585883625,0.37184444702127556,0.24987666828473493,0.11115942591110976,-0.002226850107645095,0.08174452980901148
2025-08-29 08:00:00+00:00,12350.534221288843,-0.016157938678012282,-2.50894632523257,0.005525278599234018,0.14762670006549372,0.11886036148402455,0.3690636258439529,0.2546693697425187,0.10977994286401006,-0.01254473162616285,0.06919979818284863
2025-08-29 10:00:00+00:00,12323.64717018327,-0.0021769949885427444,-0.32815853037537385,0.038000051841083037,0.12468934069545946,0.10379766901297575,0.3849165773424009,0.26924034473929864,0.11735606820986512,-0.0016407926518768692,0.06755900553097176
2025-08-29 12:00:00+00:00,12314.247044775426,-0.0007627713839932367,-0.11513237831009945,0.006822819404958734,0.122328377911822,0.10258497388170995,0.3816674158523455,0.2737572363930415,0.11966199596108101,-0.0005756618915504973,0.06698334363942127
2025-08-29 14:00:00+00:00,12305.067067268235,-0.0007454761524445956,-0.11251510757390347,0.023495749857432066,0.10807295322872071,0.09334464870737921,0.3841939589852328,0.2848276407658765,0.1295607983127908,-0.0005625755378695173,0.06642076810155174
2025-08-29 16:00:00+00:00,12296.852972122699,-0.0006675376168722683,-0.10072233766967247,0.007835554115647486,0.10485076525935097,0.09558191283750533,0.38202254539137787,0.2823856882134537,0.1351590882983122,-0.0005036116883483623,0.06591715641320338
2025-08-29 18:00:00+00:00,12275.891445006551,-0.0017046253349265014,-0.2579167008020198,0.00506484974719261,0.10908100257923944,0.09632444906651644,0.3815429526155568,0.28247776441174677,0.13057383132694064,-0.0012895835040100988,0.06462757290919328
2025-08-29 20:00:00+00:00,12288.065701826295,0.0009917207947206202,0.15185019845638242,0.020719117647629223,0.09788532036656063,0.08724544522745369,0.3810985210196692,0.2940103064820459,0.13976040690427075,0.0007592509922819121,0.0653868239014752
2025-08-29 22:00:00+00:00,12310.773035239316,0.0018479176433475746,0.2822970948243909,0.010124472880050583,0.09102644440973184,0.08794531555971657,0.3811155001200417,0.2907447095588241,0.1491680303516859,0.0014114854741219545,0.06679830937559715
2025-08-30 00:00:00+00:00,12323.978823722578,0.0010727018072268922,0.1638194281546407,0.009911236730966777,0.08771151447530293,0.08960516167940985,0.3794708736377628,0.2857930292445651,0.15741942096295938,0.0008190971407732035,0.06761740651637035
2025-08-30 02:00:00+00:00,12191.491356673096,-0.010750380939835394,-1.6467895318617143,0.029539006269704918,0.07412895936648155,0.07934672321943896,0.3737728609368501,0.297439311691992,0.17531214478523738,-0.008233947659308571,0.05938345885706178
2025-08-30 04:00:00+00:00,12345.130024860311,0.01260212255353987,1.9382645876167397,0.012170032990841545,0.07083259578324778,0.08235001262304985,0.3756161789574261,0.2885656422843843,0.1826355703518921,0.009691322938083698,0.06907478179514548
2025-08-30 06:00:00+00:00,12341.662438355195,-0.00028088699739357777,-0.04361416599099188,0.014448872219046276,0.063714991797972,0.07612063350162132,0.37451428984508406,0.2898837935927716,0.195766291262551,-0.00021807082995495942,0.06885671096519053
2025-08-30 08:00:00+00:00,12358.878889517393,0.0013949863924889033,0.2106968974759681,0.020155300802610257,0.06273929858932857,0.07668064918323259,0.3553346822511172,0.29485485236912656,0.210390517607195,0.0010534844873798404,0.06991019545257036
2025-08-30 10:00:00+00:00,12353.391387969417,-0.00044401289122028825,-0.06906416686106853,0.009929959360034542,0.059673227191888924,0.07524417551905148,0.3588813366497976,0.2894274380707129,0.21677382256854927,-0.0003453208343053427,0.06956487461826502
2025-08-30 12:00:00+00:00,12351.74127113501,-0.00013357601832434163,-0.021706645947022544,0.008753875905176563,0.06356099434968854,0.0760189869768459,0.35054902306561025,0.28900587574972364,0.22086511985813173,-0.00010853322973511271,0.06945634138852991
2025-08-30 14:00:00+00:00,12298.936210591375,-0.004275110641042711,-0.655484223592717,0.005885441771313761,0.060298008912364476,0.07383206399462708,0.3512333444656058,0.2885703423979527,0.2260662402294499,-0.003277421117963585,0.06617892027056632
2025-08-30 16:00:00+00:00,12349.303095815341,0.004095222900708602,0.6275508741484117,0.01858567562424701,0.06699402588942732,0.08087222999284449,0.35608283711457256,0.28747512798858976,0.20857577901456587,0.0031377543707420586,0.06931667464130838
2025-08-30 18:00:00+00:00,12317.541680212302,-0.002571919674868324,-0.3958031271816406,0.008313980081617198,0.06756217934860093,0.07960060400650154,0.3499364889941818,0.2865791220137063,0.21632160563700945,-0.001979015635908203,0.06733765900540017
2025-08-30 20:00:00+00:00,12328.700236169572,0.0009059077084509724,0.13899255840426677,0.0018250182406372509,0.06629681901958226,0.07904094609488292,0.35041725233230214,0.287733939845942,0.2165110427072906,0.0006949627920213339,0.0680326217974215
2025-08-30 22:00:00+00:00,12322.363393500162,-0.0005139911384024092,-0.07975131624771953,0.004550371747438699,0.06760922038068139,0.08163205901510702,0.3510641097984177,0.28648024239495834,0.2132143684108356,-0.0003987565812385977,0.0676338652161829
2025-08-31 00:00:00+00:00,12368.507955760397,0.0037447818074067174,0.5778421937411257,0.01609407204195322,0.07431092842468408,0.08013253744947561,0.3497661283941437,0.2958726063929088,0.19991779933878767,0.0028892109687056284,0.07052307618488854
2025-08-31 02:00:00+00:00,12426.61723384848,0.004698163941513941,0.7240208346310015,0.012684964586459083,0.08149725356489297,0.08369551715557515,0.3413030410916916,0.2978082661330595,0.19569592205478079,0.0036201041731550076,0.07414318035804354
2025-08-31 04:00:00+00:00,12445.037673165554,0.0014823373867909875,0.22578088051784403,0.03791651988680378,0.10110254919788288,0.10200674140938902,0.33970493990001155,0.28181147339545076,0.17537429609726576,0.0011289044025892202,0.07527208476063277
2025-08-31 06:00:00+00:00,12389.140228328264,-0.0044915448474549475,-0.7035923277774431,0.02015004009003142,0.11257153820410733,0.10236885727667071,0.34116449090761775,0.28867085760436983,0.15522425600723433,-0.0035179616388872153,0.07175412312174555
2025-08-31 08:00:00+00:00,12380.781415925068,-0.0006746886587078926,-0.1073374035871611,0.0159084174948953,0.10179549249747029,0.09723648548841245,0.34488501348635386,0.2907492708927602,0.16533373763500314,-0.0005366870179358055,0.07121743610380975
2025-08-31 10:00:00+00:00,12393.601098170404,0.001035450171896772,0.1591416634716587,0.03590127924576738,0.12552485486304946,0.10940840236860074,0.34429856864346925,0.2824004316545127,0.13836774247036798,0.0007957083173582935,0.07201314442116805
2025-08-31 12:00:00+00:00,12399.000053876536,0.00043562445356823827,0.0654801820006617,0.007634131069177756,0.12125976764495913,0.1094258346183683,0.34092952479238176,0.2844613379972297,0.14392353494706106,0.00032740091000330854,0.07234054533117136
2025-08-31 14:00:00+00:00,12385.501754901896,-0.001088660288409359,-0.173296700943611,0.017413465673621252,0.13109537306408708,0.11700369487286162,0.3367249455429773,0.28064948632842057,0.1345265001916534,-0.000866483504718055,0.0714740618264533
2025-08-31 16:00:00+00:00,12390.719374922508,0.00042126836069006384,0.06383412056580431,0.013480435744773138,0.12403799817479139,0.11058063401738416,0.3478190238260334,0.2828157566048201,0.1347465873769709,0.0003191706028290216,0.07179323242928232
2025-08-31 18:00:00+00:00,12386.105077823298,-0.00037239945152396203,-0.061066818722659545,0.005493523192978175,0.1291690627015681,0.1096241636816487,0.3481814824922349,0.28238752668344347,0.13063776444110486,-0.0003053340936132977,0.07148789833566901
2025-08-31 20:00:00+00:00,12375.23316085726,-0.0008777510684535124,-0.14082689129367848,0.019923474594479545,0.13646446844418875,0.12225223253350756,0.34543107848198645,0.26779891845194,0.1280533020883772,-0.0007041344564683924,0.07078376387920063
2025-08-31 22:00:00+00:00,12397.551230890034,0.0018034464274472876,0.2831320521264767,0.0056049246809392675,0.13923694321418478,0.12010234314661203,0.3482635283929297,0.26746960185182145,0.124927583394452,0.0014156602606323835,0.07219942413983302
2025-09-01 00:00:00+00:00,12262.819209581472,-0.010867631744312586,-1.733353899099976,0.008208555847503698,0.1340355898900717,0.11709514062322153,0.3504066942947716,0.27162258077117396,0.12683999442076135,-0.00866676949549988,0.06353265464433314
