timestamp,portfolio_value,return,reward,turnover,weight_btc,weight_eth,weight_ltc,weight_bnb,weight_usdt,dsr,cumulative_dsr
2025-06-04 18:00:00+00:00,10000.0,,,,0.0,0.0,0.0,0.0,1.0,,0.0
2025-06-04 20:00:00+00:00,9986.423302253866,-0.0013576697746133359,0.0,0.8224508282703111,0.2565205899332059,0.1698881279928276,0.1692953939682142,0.22674671637606347,0.17754917172968882,0.0,0.0
2025-06-04 22:00:00+00:00,9968.287003150042,-0.0018160955684434878,0.0,0.06756169589550973,0.21814082778223523,0.16936010396393836,0.17321818760178123,0.19809280666041368,0.2411880739916315,0.0,0.0
2025-06-05 00:00:00+00:00,9937.817770715708,-0.0030566166909826247,0.0,0.08424210133747721,0.23326431875114093,0.224347311292217,0.18160357260788354,0.20383882469460432,0.15694597265415436,0.0,0.0
2025-06-05 02:00:00+00:00,9962.638909188994,0.0024976447592375477,0.0,0.05967247469393938,0.1872399305251305,0.21069922482428796,0.21797372000774298,0.22674669763777974,0.1573404270050588,0.0,0.0
2025-06-05 04:00:00+00:00,9978.2465861302,0.0015666207601694787,0.0,0.08267908464515458,0.14291693627538404,0.2666521718441801,0.24469985763300545,0.18847032435654104,0.1572607098908894,0.0,0.0
2025-06-05 06:00:00+00:00,9948.651231811176,-0.002965987467193094,-0.037822242662873415,0.045316536001591065,0.18190461275806336,0.2600039608646546,0.21111153667084867,0.18339032029663227,0.16358956940980116,-0.037822242662873415,-0.037822242662873415
2025-06-05 08:00:00+00:00,9936.963854585363,-0.0011747700219345463,-0.013303664076259858,0.05717569523550789,0.19082229431660605,0.20282826562914663,0.237973186119456,0.18913331162111707,0.17924294231367413,-0.013303664076259858,-0.051125906739133274
2025-06-05 10:00:00+00:00,9961.31315590479,0.002450376359997783,0.03772557767066419,0.04831843374312644,0.23240784454027988,0.20956114914859927,0.22764311548086727,0.17861332107726982,0.1517745697529837,0.03772557767066419,-0.013400329068469087
2025-06-05 12:00:00+00:00,9938.80733280125,-0.0022593229177017816,-0.022846960441118027,0.03775042270066194,0.21308096592833212,0.2303251619325652,0.2173716219168856,0.17046127055253735,0.16876097966967976,-0.022846960441118027,-0.03624728950958711
2025-06-05 14:00:00+00:00,9915.252373887475,-0.002369998544597668,-0.021236527976076527,0.12332960384097029,0.20588701249724212,0.16184410608185393,0.16971702735771657,0.18221256003043962,0.28033929403274777,-0.021236527976076527,-0.05748381748566364
2025-06-05 16:00:00+00:00,9906.642864500216,-0.0008683096569414813,-0.007999490010907868,0.12066770324179579,0.1805773324336707,0.20111596882080396,0.22320464841415788,0.21012077947684404,0.18498127085452337,-0.007999490010907868,-0.06548330749657151
2025-06-05 18:00:00+00:00,9835.801236762727,-0.00715092173064454,-0.024598030597880023,0.04207728341182204,0.1857356832658913,0.22467117664886863,0.20291036668980894,0.22348450422838084,0.1631982691670503,-0.024598030597880023,-0.09008133809445154
2025-06-05 20:00:00+00:00,9722.17749905169,-0.011552057120303709,-0.0052290826941343155,0.07646851561670724,0.20868175189722657,0.1857562954600864,0.24311793374059526,0.18593086980045584,0.17651314910163596,-0.0052290826941343155,-0.09531042078858586
2025-06-05 22:00:00+00:00,9559.532207554214,-0.01672930693904113,-0.00023280493254320116,0.0817699995122642,0.17814375112211908,0.21529231689604475,0.2355978026881333,0.14221900211576105,0.22874712717794177,-0.00023280493254320116,-0.09554322572112905
2025-06-06 00:00:00+00:00,9535.684452613828,-0.002494657104825665,-0.006802765546920832,0.1195196553975481,0.21474806770007515,0.21985439364322398,0.18130243239967428,0.22057226418817388,0.16352284206885273,-0.006802765546920832,-0.10234599126804989
2025-06-06 02:00:00+00:00,9559.628211188325,0.002510963811090932,0.009360689255058141,0.09958632584064214,0.1983010945635888,0.19071286973640889,0.2240541211433924,0.16657443539083325,0.2203574791657768,0.009360689255058141,-0.09298530201299174
2025-06-06 04:00:00+00:00,9633.895569416862,0.0077688542470320645,0.0332588590527472,0.1002642317725226,0.25303969700846424,0.1946325711647628,0.19439689887864292,0.2081803632901264,0.1497504696580036,0.0332588590527472,-0.05972644296024454
2025-06-06 06:00:00+00:00,9628.037192943142,-0.0006081004751926655,-0.001517548664308886,0.10661014999235802,0.1871509071833672,0.2388672202782766,0.15998552329740826,0.20187037870410007,0.21212597053684779,-0.001517548664308886,-0.06124399162455343
2025-06-06 08:00:00+00:00,9636.378338911423,0.0008663391926233043,0.0029429713341953554,0.07384267840434665,0.22179685598842114,0.2135326122476849,0.19918225289670094,0.1757211431508001,0.18976713571639278,0.0029429713341953554,-0.05830102029035807
2025-06-06 10:00:00+00:00,9655.223855930679,0.001955663876661806,0.0064920150585685244,0.10863775225744991,0.19848077054125035,0.15077447375592318,0.2157478120008924,0.15315761483228277,0.2818393288696513,0.0064920150585685244,-0.05180900523178955
2025-06-06 12:00:00+00:00,9695.57491332574,0.0041791943922952005,0.014274831056746602,0.14825978281438995,0.15935561828922928,0.19081258502998058,0.17271191373479067,0.2613792863726153,0.21574059657338418,0.014274831056746602,-0.03753417417504295
2025-06-06 14:00:00+00:00,9764.008175631989,0.007058195405431241,0.024596741982514967,0.15282074687164088,0.2376566962463758,0.17960887159216116,0.24723158264928502,0.166659432660489,0.16884341685168902,0.024596741982514967,-0.012937432192527982
2025-06-06 16:00:00+00:00,9805.218997862692,0.004220686985243606,0.012912848536644915,0.05526644216648069,0.26034693009837084,0.13211327024015945,0.24093297864157615,0.16518719585371883,0.20141962516617462,0.012912848536644915,-2.4583655883066505e-05
2025-06-06 18:00:00+00:00,9798.736532630775,-0.0006611239619767423,-0.001704530619107382,0.09502383652411495,0.2089534172753433,0.1900005471205446,0.21204756413472192,0.20232375549744863,0.18667471597194144,-0.001704530619107382,-0.0017291142749904485
2025-06-06 20:00:00+00:00,9764.769571785237,-0.003466463327432581,-0.009088129200515346,0.09167983176538613,0.19105131483451546,0.2381088248480701,0.2556191181725826,0.1818336744172887,0.13338706772754313,-0.009088129200515346,-0.010817243475505795
2025-06-06 22:00:00+00:00,9789.227321587203,0.002504692980429912,0.007380373552719927,0.08078005227531601,0.15995092893396265,0.27587785853364655,0.2122641231662483,0.17550900304885983,0.17639808631728274,0.007380373552719927,-0.003436869922785868
2025-06-07 00:00:00+00:00,9767.6523766905,-0.0022039476853424394,-0.005778892923616087,0.09881418562150318,0.19239117406071862,0.18322623981323102,0.23680651232879,0.16934643614777217,0.21822963764948825,-0.005778892923616087,-0.009215762846401954
2025-06-07 02:00:00+00:00,9758.860735406275,-0.0009000772084401278,-0.002311193335151158,0.061021472490455794,0.25341264655117435,0.16926448758126134,0.20772781762681794,0.1644110575656776,0.2051839906750687,-0.002311193335151158,-0.011526956181553112
2025-06-07 04:00:00+00:00,9812.18210973183,0.005463893355102422,0.016643319557212526,0.0746304196614153,0.21933135565171724,0.23070845507508478,0.18970632190410525,0.1775975097332694,0.18265635763582316,0.016643319557212526,0.005116363375659414
2025-06-07 06:00:00+00:00,9828.15954935177,0.0016283268534219408,0.004604970761532111,0.08294955805826906,0.17351011585162843,0.21745596324874594,0.22645602622382563,0.22379736347181817,0.15878053120398183,0.004604970761532111,0.009721334137191524
2025-06-07 08:00:00+00:00,9836.437817511965,0.0008423009535637018,0.0023992499300361622,0.07142024115394574,0.22071253495330614,0.17518070956931034,0.23166375904906486,0.19465237599730797,0.17779062043101057,0.0023992499300361622,0.012120584067227685
2025-06-07 10:00:00+00:00,9816.3354725617,-0.002043661061373107,-0.005348676609482928,0.11144831811623448,0.17079458491428595,0.2284052540143993,0.25534965812334254,0.13312200792009377,0.2123284950278785,-0.005348676609482928,0.006771907457744758
2025-06-07 12:00:00+00:00,9849.204803771725,0.0033484319379571137,0.0095365714963011,0.11299261223374987,0.2306771169147077,0.21734254973588418,0.20197763331032423,0.18623208815342185,0.16377061188566203,0.0095365714963011,0.016308478954045857
2025-06-07 14:00:00+00:00,9874.817521149369,0.002600485814635194,0.007250260250441245,0.10663401542097004,0.17230588693578916,0.16916632306905557,0.20189107453510136,0.2193369587100153,0.23729975675003862,0.007250260250441245,0.023558739204487103
2025-06-07 16:00:00+00:00,9891.012207600399,0.001639998553527076,0.004519608278949182,0.010093634503222607,0.17320049332398563,0.1763832720210168,0.19730424197450908,0.21383015676738498,0.23928183591310354,0.004519608278949182,0.028078347483436284
2025-06-07 18:00:00+00:00,9864.356869421765,-0.002694904992448711,-0.007093100985951312,0.053322090039939776,0.1943402599895859,0.1924734409694236,0.1498258265048642,0.20798648219709012,0.2553739903390363,-0.007093100985951312,0.020985246497484972
2025-06-07 20:00:00+00:00,9878.473999103102,0.0014311251983489632,0.003948890266892232,0.08763672032809457,0.16858596785522503,0.13059101277568988,0.20047631122625478,0.2291625200218555,0.2711841881209749,0.003948890266892232,0.024934136764377203
2025-06-07 22:00:00+00:00,9897.920574254424,0.0019685808914503126,0.00541009971487292,0.1269106331339685,0.19188899962491002,0.19592867927005814,0.23874624609617,0.16830897844340723,0.20512709656545464,0.00541009971487292,0.030344236479250122
2025-06-08 00:00:00+00:00,9882.726526391058,-0.0015350747411417753,-0.004045553073352851,0.11618797777096472,0.20148731745204657,0.17283945965741884,0.1456474879378446,0.22859519111121515,0.2514305438414749,-0.004045553073352851,0.02629868340589727
2025-06-08 02:00:00+00:00,9885.097835474638,0.00023994482466443021,0.0007002964940723442,0.0994403250531443,0.2556616852189923,0.1960571687888668,0.16769573609259517,0.18807780477645664,0.19250760512308907,0.0007002964940723442,0.026998979899969616
2025-06-08 04:00:00+00:00,9869.13091067047,-0.0016152520764000254,-0.004257634578770553,0.11251222748713417,0.16492183799133062,0.17428478852939439,0.260339126354769,0.19316204758261069,0.2072921995418954,-0.004257634578770553,0.022741345321199063
2025-06-08 06:00:00+00:00,9861.020893644929,-0.0008217559478081924,-0.002139302661559477,0.07779532096645622,0.18535917469608937,0.20733337191794604,0.18865144759512054,0.21747144845575642,0.20118455733508758,-0.002139302661559477,0.020602042659639587
2025-06-08 08:00:00+00:00,9837.745730580158,-0.0023603198204124156,-0.006196161120958744,0.07614122985276857,0.19483505756368488,0.17324217003400671,0.25531679458029366,0.19906166700232752,0.1775443108196873,-0.006196161120958744,0.014405881538680842
2025-06-08 10:00:00+00:00,9802.673377125318,-0.0035650802953586212,-0.009226252799877705,0.10439185935849135,0.2101986109307328,0.2006854595126928,0.316901811093051,0.14387763451041483,0.12833648395310862,-0.009226252799877705,0.005179628738803137
2025-06-08 12:00:00+00:00,9843.667797991466,0.00418196335724168,0.011870439428638947,0.17635347179160693,0.20019603307221198,0.20981811977675008,0.15055091715996488,0.239632964967612,0.1998019650234611,0.011870439428638947,0.017050068167442083
2025-06-08 14:00:00+00:00,9844.909185473234,0.0001261102576035208,0.0004130633325800575,0.11062699394507361,0.21996959520871895,0.1959739279913358,0.2414043489685315,0.17077354970740743,0.17187857812400628,0.0004130633325800575,0.01746313150002214
2025-06-08 16:00:00+00:00,9875.740079785532,0.0031316585792167673,0.008621920346707336,0.10849124443496434,0.15252101274669042,0.19059069925229177,0.20574491573463974,0.2569707476221214,0.19417262464425666,0.008621920346707336,0.026085051846729476
2025-06-08 18:00:00+00:00,9884.950776046777,0.0009326588373967579,0.0025377503027341876,0.14252525822090434,0.23638157630239004,0.1985264688283647,0.1329551447677347,0.18723526036812213,0.24490154973338846,0.0025377503027341876,0.028622802149463663
2025-06-08 20:00:00+00:00,9903.535023361475,0.001880054613901636,0.005083064064755982,0.10786464153072296,0.2119862451625285,0.19879600894111457,0.21922044687016834,0.20856505968366157,0.161432239342527,0.005083064064755982,0.03370586621421964
2025-06-08 22:00:00+00:00,9915.043787691078,0.0011620864976449564,0.003130864738770574,0.12621630191198668,0.173389198720242,0.2603956303074816,0.283837127415788,0.13827129624580045,0.14410674731068795,0.003130864738770574,0.03683673095299022
2025-06-09 00:00:00+00:00,9847.122890350616,-0.0068502871792438785,-0.017779615143935116,0.09750610625330895,0.171160250657315,0.262534677742632,0.18855996922540602,0.1924913339039406,0.18525376847070632,-0.017779615143935116,0.019057115809055104
2025-06-09 02:00:00+00:00,9827.194727193786,-0.00202375489559059,-0.005071093905363909,0.12355836801919987,0.23993694789323844,0.18686274668173142,0.24334164000868247,0.18754501673640103,0.14231364867994664,-0.005071093905363909,0.013986021903691194
2025-06-09 04:00:00+00:00,9846.964550836494,0.002011746402867366,0.005366642288327515,0.10083486198459664,0.22601022327665923,0.22166039369831692,0.156433502640665,0.20258881859291716,0.1933070617914416,0.005366642288327515,0.01935266419201871
2025-06-09 06:00:00+00:00,9806.192962050078,-0.004140523567026815,-0.010282989910652645,0.05843243104267884,0.20836459521830772,0.22931365393110273,0.17013157974308069,0.16180201560858992,0.23038815549891903,-0.010282989910652645,0.009069674281366064
2025-06-09 08:00:00+00:00,9817.815293626132,0.0011852032303496052,0.003164719591973202,0.0657378685747382,0.16865245068620033,0.2398619944357743,0.20866368947429434,0.1784594339474429,0.2043624314562882,0.003164719591973202,0.012234393873339265
2025-06-09 10:00:00+00:00,9882.43102354598,0.006581477445577579,0.017954912648696027,0.16256929067059794,0.25565836698233024,0.14848828630705702,0.15272364098360475,0.25402280832191093,0.18910689740509717,0.017954912648696027,0.030189306522035293
2025-06-09 12:00:00+00:00,9971.18397749029,0.008980882713255978,0.023350375726825575,0.12757064367360593,0.21050018672148085,0.22429552373812578,0.20448704722614194,0.2068350896871431,0.15388215262710847,0.023350375726825575,0.05353968224886087
2025-06-09 14:00:00+00:00,9915.976667435036,-0.005536685531014416,-0.013278348887727614,0.11186569889308638,0.27387089443673945,0.16027759765455565,0.15663927441662562,0.25073462613598013,0.15847760735609914,-0.013278348887727614,0.04026133336113325
2025-06-09 16:00:00+00:00,9946.704083940249,0.003098778621184588,0.0073445331943474456,0.08942474002455522,0.2430081427479559,0.22299267312651677,0.17349264947863643,0.19217263780020852,0.16833389684668248,0.0073445331943474456,0.0476058665554807
2025-06-09 18:00:00+00:00,10016.332410636289,0.007000140559973108,0.01643155462262433,0.060846102368392746,0.28392282844436617,0.1923584110489449,0.18072063765169466,0.16196079750938755,0.18103732534560665,0.01643155462262433,0.06403742117810503
2025-06-09 20:00:00+00:00,10019.671821765127,0.00033339659587304396,0.0007250769296340945,0.09928314136632292,0.22078647998256226,0.24379818358253233,0.21976272588800957,0.17076207810580812,0.14489053244108763,0.0007250769296340945,0.06476249810773912
2025-06-09 22:00:00+00:00,10147.561945486248,0.01276390344874498,0.027911772967852518,0.06616968375157774,0.24602388969778088,0.19846198288544017,0.20257551256047945,0.16711580837885265,0.18582280647744673,0.027911772967852518,0.09267427107559165
2025-06-10 00:00:00+00:00,10208.702915902717,0.006025188192486441,0.012040996303162363,0.06142973099508567,0.22846755962452706,0.25989171388052584,0.19460810792529587,0.1539248539866896,0.16310776458296153,0.012040996303162363,0.10471526737875402
2025-06-10 02:00:00+00:00,10233.471756334144,0.0024262475493181776,0.004830216855667152,0.1386456071405937,0.20541322590695113,0.14430044045750817,0.20371677748872022,0.18610011356915876,0.26046944257766186,0.004830216855667152,0.10954548423442116
2025-06-10 04:00:00+00:00,10181.278847635313,-0.005100215248703417,-0.011539295051538749,0.12945339263361855,0.20832344744933387,0.23989982280254935,0.2346605662349148,0.18334465951386864,0.13377150399933338,-0.011539295051538749,0.09800618918288241
2025-06-10 06:00:00+00:00,10139.977703752746,-0.004056577223809003,-0.008892063964207424,0.07923700245167657,0.17818940127554747,0.19079686652465916,0.2551542700290607,0.18337502656372856,0.1924844356070041,-0.008892063964207424,0.08911412521867498
2025-06-10 08:00:00+00:00,10145.389924915187,0.0005337507951756832,0.001005825827867426,0.06826528309258048,0.23425908007372676,0.20132982321404033,0.20392236178197,0.1850376741687486,0.17545106076151434,0.001005825827867426,0.09011995104654241
2025-06-10 10:00:00+00:00,10160.924447503074,0.0015311902945924726,0.003041495651365344,0.07325353732490897,0.23884790250098697,0.1635822540223147,0.16841639364878663,0.19555225071694352,0.23360119911096813,0.003041495651365344,0.09316144669790775
2025-06-10 12:00:00+00:00,10265.895990594734,0.0103309047945393,0.019453215588986113,0.06091465836157178,0.2477168942607073,0.21562792062416616,0.15396329648303997,0.18415412257491665,0.1985377660571699,0.019453215588986113,0.11261466228689387
2025-06-10 14:00:00+00:00,10236.172030541204,-0.002895408260590397,-0.006143981746308246,0.11491210334247183,0.19886745197393213,0.16746383192942194,0.13606472412208753,0.20411045063878416,0.2934935413357742,-0.006143981746308246,0.10647068054058563
2025-06-10 16:00:00+00:00,10200.387011851755,-0.0034959376007631664,-0.007378294987264015,0.20044947743958225,0.19118307852562721,0.27318342404728924,0.23079460944380248,0.1443673879408645,0.16047150004241648,-0.007378294987264015,0.09909238555332162
2025-06-10 18:00:00+00:00,10210.60090654718,0.001001324232458875,0.001855716991250526,0.08382011585333059,0.1719766701171032,0.2508717863344463,0.18849253971183885,0.2152823372916592,0.17337666654495237,0.001855716991250526,0.10094810254457214
2025-06-10 20:00:00+00:00,10290.006126542334,0.007776743085143636,0.014216032752720285,0.07790554844103673,0.24421642386895503,0.2565375810236313,0.1873556329475116,0.1413060077935318,0.1705843543663704,0.014216032752720285,0.11516413529729241
2025-06-10 22:00:00+00:00,10310.147019511109,0.0019573256537549206,0.0035821378377531234,0.09906907760878952,0.17541082716348633,0.22627410012031035,0.1883601521369541,0.20856396727594345,0.20139095330330567,0.0035821378377531234,0.11874627313504554
2025-06-11 00:00:00+00:00,10378.602479437066,0.006639620152497365,0.011736759783901412,0.08315099986475173,0.20860926176683475,0.18377942712729964,0.16280637411974624,0.1934614184214103,0.251343518564709,0.011736759783901412,0.13048303291894695
2025-06-11 02:00:00+00:00,10304.511683815374,-0.007138802721126172,-0.015508755119765658,0.06651596261096823,0.22704883315944127,0.15291041514593218,0.14322242162119866,0.24153780963977206,0.23528052043365585,-0.015508755119765658,0.11497427779918129
2025-06-11 04:00:00+00:00,10317.952778728619,0.0013043893127276701,0.002284318351938547,0.08786650819077346,0.2266092320599763,0.15877482806525398,0.22522451689265036,0.20232334796939305,0.1870680750127264,0.002284318351938547,0.11725859615111983
2025-06-11 06:00:00+00:00,10311.070883311826,-0.0006669826432023331,-0.0014448958188697414,0.10665558817441241,0.1647180163444143,0.2370238514450465,0.21397382168328197,0.2307299127640129,0.15355439776324434,-0.0014448958188697414,0.1158137003322501
2025-06-11 08:00:00+00:00,10309.17064745328,-0.00018429083458459017,-0.0005123894443294778,0.12465036748857498,0.2657835065381984,0.19545576623934474,0.18719264343551753,0.17442880872890415,0.17713927505803528,-0.0005123894443294778,0.11530131088792062
2025-06-11 10:00:00+00:00,10268.611373802487,-0.003934290646436413,-0.008045037717641357,0.047745269906103324,0.22704193778681864,0.20286952144635265,0.221635379156024,0.18031758770749298,0.16813557390331157,-0.008045037717641357,0.10725627317027926
2025-06-11 12:00:00+00:00,10269.291647539083,6.624788024715262e-05,-1.1946211418966773e-05,0.053992544283815946,0.2263149324005977,0.19640673843183581,0.27562792343984005,0.15194149778581034,0.14970890794191616,-1.1946211418966773e-05,0.1072443269588603
2025-06-11 14:00:00+00:00,10320.410623479573,0.004977848297135384,0.008877137482126344,0.040366839360970436,0.23852177189020202,0.20157076574783578,0.24382100056918926,0.17493747034117643,0.14114899145159646,0.008877137482126344,0.11612146444098664
2025-06-11 16:00:00+00:00,10413.783928535508,0.009047440888011137,0.015165984352557959,0.03544980369248199,0.24493298175570666,0.21122487415679253,0.20837119687670727,0.18041983691702612,0.15505111029376736,0.015165984352557959,0.1312874487935446
2025-06-11 18:00:00+00:00,10347.46804595991,-0.006368087049884137,-0.013120201912189525,0.09009739587488504,0.17832806484248057,0.2663156508276856,0.22159925362522942,0.15692735795536716,0.17682967274923717,-0.013120201912189525,0.11816724688135506
2025-06-11 20:00:00+00:00,10304.513337644525,-0.004151228892381641,-0.008149861572622874,0.05844980771729012,0.17717649235867367,0.24044978881363743,0.22203480298181633,0.21494161631607037,0.1453972995298021,-0.008149861572622874,0.11001738530873219
2025-06-11 22:00:00+00:00,10241.550855024407,-0.006110184979828564,-0.012000714897520578,0.0621689348553614,0.165841753372724,0.21607077915716077,0.19557961676888133,0.23207688697138146,0.1904309637298525,-0.012000714897520578,0.0980166704112116
2025-06-12 00:00:00+00:00,10266.086492446173,0.0023956955122405137,0.004119841509411268,0.06781029321982815,0.18672893023154058,0.16749929948148176,0.17634080322473217,0.24687844632386788,0.2225525207383776,0.004119841509411268,0.10213651192062287
2025-06-12 02:00:00+00:00,10272.487720285999,0.00062353145422424,0.0009943055760939924,0.0755811886224301,0.18898792639996095,0.20621467552539327,0.2109476196348304,0.20843844607865517,0.18541133236116025,0.0009943055760939924,0.10313081749671686
2025-06-12 04:00:00+00:00,10215.553938644785,-0.005542355775104146,-0.010667901790645822,0.04080945431770275,0.16643259704984864,0.20976655082117282,0.19269349466723995,0.21792315927977324,0.21318419818196535,-0.010667901790645822,0.09246291570607104
2025-06-12 06:00:00+00:00,10208.13055561502,-0.0007266745469066514,-0.0014113406241806467,0.05527012741435672,0.213299723071497,0.19940456490058098,0.20109649605994834,0.21315176205130806,0.17304745391666568,-0.0014113406241806467,0.09105157508189039
2025-06-12 08:00:00+00:00,10182.429853679301,-0.0025176697922992524,-0.004703031131586254,0.0663342093341346,0.20232367192985543,0.19086623990498292,0.15427666286305336,0.21564887426311344,0.2368845510389949,-0.004703031131586254,0.08634854395030414
2025-06-12 10:00:00+00:00,10194.880700745482,0.0012227775928827526,0.002096070939877016,0.10649113260276533,0.21401666923272572,0.24063945080839216,0.19930158725953911,0.2078100303884712,0.13823226231087177,0.002096070939877016,0.08844461489018116
2025-06-12 12:00:00+00:00,10119.130246419347,-0.007430244310813338,-0.014126781258438909,0.08219031557659685,0.2522773028572258,0.17184249480226715,0.18590822768906728,0.2351838077925052,0.15478816685893454,-0.014126781258438909,0.07431783363174224
2025-06-12 14:00:00+00:00,10165.591697844344,0.004591447119819087,0.007934143228200971,0.1757656713845599,0.1443263834514667,0.27635154914114324,0.25716484473475115,0.16818145534675125,0.15397576732588775,0.007934143228200971,0.08225197685994322
2025-06-12 16:00:00+00:00,10105.814446225813,-0.0058803514242271185,-0.010788922052613082,0.11134008321063384,0.22860087720080396,0.23418519454060144,0.18799111612465902,0.19440619382942598,0.1548166183045095,-0.010788922052613082,0.07146305480733013
2025-06-12 18:00:00+00:00,10227.416711192656,0.01203290102088277,0.02014592505376483,0.14228533919300845,0.17242649629529883,0.16952962187783482,0.29402776027740185,0.17295080820468936,0.19106531334477517,0.02014592505376483,0.09160897986109497
2025-06-12 20:00:00+00:00,10077.448596016062,-0.014663342602680053,-0.027169507701644936,0.07872269935037388,0.22241430475764876,0.15401214182051656,0.23634522567934413,0.16742812350969144,0.21980020423279908,-0.027169507701644936,0.06443947215945003
2025-06-12 22:00:00+00:00,9961.662133895035,-0.011489660405392703,-0.018760085144416155,0.17877626006731634,0.17000877710795095,0.30496658594391973,0.1670914295840978,0.19524993945360455,0.16268326791042687,-0.018760085144416155,0.04567938701503388
2025-06-13 00:00:00+00:00,9958.766924370753,-0.0002906351857118381,-0.00043646503887576597,0.14009528789762776,0.19812627898800858,0.164871298046292,0.17500644767011658,0.23124887467972496,0.23074710061585785,-0.00043646503887576597,0.04524292197615811
2025-06-13 02:00:00+00:00,9678.263358275093,-0.028166495734449005,-0.04257378575456312,0.12310231786739524,0.19083169769851333,0.21896970334516855,0.24401036023863526,0.16960574861175395,0.17658249010592886,-0.04257378575456312,0.002669136221594988
2025-06-13 04:00:00+00:00,9730.718207998867,0.005419861785319622,0.00748917901443203,0.10426390764052694,0.21746155146149423,0.16924678738908852,0.18946936855418842,0.23489486425361705,0.18892742834161186,0.00748917901443203,0.010158315236027018
2025-06-13 06:00:00+00:00,9704.367622315409,-0.002707979526300266,-0.0034415030295362513,0.09128548901416397,0.2644440150665197,0.15806109959483017,0.22912098500469943,0.15479506303371138,0.19357883730023928,-0.0034415030295362513,0.006716812206490767
2025-06-13 08:00:00+00:00,9775.523462174751,0.007332352053081501,0.010130125195371511,0.1643804908184876,0.17849545460845362,0.20740509737618607,0.15068905464427787,0.21921237880815456,0.24419801456292775,0.010130125195371511,0.01684693740186228
2025-06-13 10:00:00+00:00,9765.160608460212,-0.0010600817188602168,-0.0013148070827893575,0.09378572212505973,0.25698882747697227,0.22269744663272725,0.14733042010513372,0.1840866268860404,0.18889667889912642,-0.0013148070827893575,0.01553213031907292
2025-06-13 12:00:00+00:00,9797.245136542568,0.003285611918616031,0.0044422436437550695,0.09791856821699826,0.18419191350340175,0.20659696069994646,0.13830925179448675,0.22105864344134404,0.24984323056082103,0.0044422436437550695,0.01997437396282799
2025-06-13 14:00:00+00:00,9770.731264024938,-0.0027062579478322026,-0.0034639061311375536,0.17038417637274578,0.23241342212165234,0.1989254935582905,0.2604719195489819,0.14129147065514544,0.16689769411592983,-0.0034639061311375536,0.016510467831690436
2025-06-13 16:00:00+00:00,9802.809207198687,0.0032830647273922376,0.004442513141597964,0.15131390921205223,0.18459443236223275,0.2098779171202976,0.1569770000963493,0.2589649070090201,0.18958574341210033,0.004442513141597964,0.0209529809732884
2025-06-13 18:00:00+00:00,9812.754820451491,0.0010145676655117862,0.0013985374574701339,0.15544864499015448,0.2544742164393592,0.18965936225853078,0.2425458610093774,0.1708840713313732,0.1424364889613596,0.0013985374574701339,0.022351518430758534
2025-06-13 20:00:00+00:00,9790.647528412537,-0.0022529139312518404,-0.002897551004485506,0.0927972489913857,0.16393067464494904,0.18740565506155518,0.255891264499866,0.20530034109727474,0.1874720646963551,-0.002897551004485506,0.019453967426273026
2025-06-13 22:00:00+00:00,9838.523274606529,0.004889946865623955,0.006630089540913245,0.15882407540596027,0.24615159965176223,0.14532009957696027,0.16213821015557583,0.18231487552019948,0.26407521509550214,0.006630089540913245,0.02608405696718627
2025-06-14 00:00:00+00:00,9898.468512076503,0.006092910063514658,0.008200995650856756,0.19230483900780004,0.16244177266268003,0.2175695715009727,0.2314275711391166,0.23308088162044638,0.1554802030767843,0.008200995650856756,0.03428505261804303
2025-06-14 02:00:00+00:00,9840.422350454282,-0.0058641558086891575,-0.007615419805965867,0.0752411916879915,0.21106390601085012,0.23620071988442215,0.2394154810954886,0.16862805652295995,0.14469183648627928,-0.007615419805965867,0.02666963281207716
2025-06-14 04:00:00+00:00,9835.28635514435,-0.0005219283407785884,-0.0006379762607586089,0.07873269859749617,0.16329333232189425,0.21022539187672,0.24548622584260724,0.16364125962212175,0.21735379033665678,-0.0006379762607586089,0.026031656551318554
2025-06-14 06:00:00+00:00,9844.889988045996,0.0009764466996553619,0.0013307832123851126,0.0960739375224537,0.23004275724985712,0.16638333914676812,0.19325434105010547,0.18697744374424752,0.22334211880902188,0.0013307832123851126,0.027362439763703665
2025-06-14 08:00:00+00:00,9830.107509635494,-0.0015015382018945442,-0.00192582784988462,0.05093287269173544,0.22924339117215842,0.20129468394192396,0.19763884115562516,0.19861447153530729,0.173208612194985,-0.00192582784988462,0.025436611913819046
2025-06-14 10:00:00+00:00,9799.178341831792,-0.003146371265358499,-0.004067925754884636,0.04751809973705308,0.18172529143510538,0.21224016148729202,0.21682161481672396,0.20228379399853247,0.18692913826234608,-0.004067925754884636,0.021368686158934412
2025-06-14 12:00:00+00:00,9817.358451146523,0.0018552687460664115,0.0025202683307740353,0.03627098704768619,0.2103447945433713,0.20843622665543646,0.22447309875614427,0.171778737197558,0.18496714284748994,0.0025202683307740353,0.023888954489708448
2025-06-14 14:00:00+00:00,9810.894569391407,-0.0006584135424292057,-0.0008174358813450413,0.10932376403363359,0.15923382348019166,0.2764261820053531,0.21245703702568214,0.21311254588127487,0.13877041160749806,-0.0008174358813450413,0.023071518608363407
2025-06-14 16:00:00+00:00,9757.154974794394,-0.0054775427680848745,-0.007093607407742193,0.11247512940009115,0.20758191992580693,0.23353342003851346,0.27658406998015805,0.14834536636453194,0.13395522369098956,-0.007093607407742193,0.015977911200621215
2025-06-14 18:00:00+00:00,9733.34943820707,-0.0024398030623496918,-0.0031256268294703416,0.05179675619426355,0.21148480669824743,0.22712252182783305,0.23119821199657492,0.14958262483899712,0.18061183463834743,-0.0031256268294703416,0.012852284371150872
2025-06-14 20:00:00+00:00,9716.046756498064,-0.0017776698369716213,-0.0022583584603359866,0.060217518621769134,0.2316168600464063,0.24489814188371736,0.2065989190039527,0.17189247005672303,0.1449936090092005,-0.0022583584603359866,0.010593925910814886
2025-06-14 22:00:00+00:00,9772.041375089393,0.0057631071560950735,0.007934009237280135,0.041567556334642056,0.20672966806413742,0.24475772868067083,0.24816647533859473,0.1590351482432823,0.14131097967331457,0.007934009237280135,0.01852793514809502
2025-06-15 00:00:00+00:00,9778.708460691887,0.0006822612949110075,0.0009692454122069701,0.1337996645789321,0.25704415444862905,0.17558877912125678,0.18353576031907676,0.172149847752497,0.2116814583585404,0.0009692454122069701,0.01949718056030199
2025-06-15 02:00:00+00:00,9784.37175443214,0.0005791453710905491,0.0008316244538914286,0.04514104474710248,0.23296451861380402,0.16979713410000913,0.168265996428047,0.20508506482080918,0.22388728603733074,0.0008316244538914286,0.02032880501419342
2025-06-15 04:00:00+00:00,9797.417260755168,0.001333300353915804,0.0018394244252206283,0.037883277916503436,0.20815671237244496,0.19416951545367048,0.1551905247529026,0.21088483125238197,0.23159841616860002,0.0018394244252206283,0.022168229439414048
2025-06-15 06:00:00+00:00,9837.957380383396,0.004137837406457732,0.005632307935544604,0.05356504735195959,0.23317320281774204,0.14895438398120178,0.17310474336523807,0.22151916954670894,0.22324850028910906,0.005632307935544604,0.02780053737495865
2025-06-15 08:00:00+00:00,9794.194446885049,-0.0044483759998400815,-0.005816919915358274,0.03177867776139902,0.2501914153214095,0.16287907972853072,0.14902529040611,0.21381994474443805,0.22408426979951176,-0.005816919915358274,0.021983617459600376
2025-06-15 10:00:00+00:00,9751.211617290019,-0.004388602843054698,-0.005700938335304623,0.08378522861837209,0.21078877042278027,0.2300752453820114,0.13668381934674242,0.23040900770932948,0.1920431571391365,-0.005700938335304623,0.016282679124295752
2025-06-15 12:00:00+00:00,9770.92482446928,0.002021616179912174,0.0027769873910403714,0.084955861447815,0.1793727395090134,0.2574891740765666,0.19422575210000226,0.2206477244202821,0.14826460989413576,0.0027769873910403714,0.019059666515336124
2025-06-15 14:00:00+00:00,9830.514610131615,0.006098684283508518,0.008346748241225577,0.029413619689524814,0.19218557471294986,0.24289066386300834,0.21082653658559053,0.21067690379207452,0.1434203210463767,0.008346748241225577,0.0274064147565617
2025-06-15 16:00:00+00:00,9823.915654882412,-0.0006712726150063924,-0.0008450582484098643,0.05759318543447972,0.20499166958831377,0.22433178426674472,0.17179223074737446,0.21680585657078794,0.18207845882677912,-0.0008450582484098643,0.026561356508151834
2025-06-15 18:00:00+00:00,9837.734012992745,0.0014066039037564822,0.001919080065567573,0.03353264099363945,0.19547056370919755,0.22402052735698874,0.1757424790127843,0.1931055783660207,0.21166085155500874,0.001919080065567573,0.028480436573719407
2025-06-15 20:00:00+00:00,9811.963693664056,-0.0026195381268343727,-0.003426181379596764,0.052314550467730384,0.1957384077072315,0.19639991870495002,0.15104853719709266,0.21688687873272822,0.2399262576579977,-0.003426181379596764,0.025054255194122643
2025-06-15 22:00:00+00:00,9767.770852626007,-0.004503975189654097,-0.005883386424208645,0.08806243140038562,0.21454571758936095,0.213568043947093,0.2031355334732059,0.2040670500725006,0.16468365491783973,-0.005883386424208645,0.019170868769913998
2025-06-16 00:00:00+00:00,9839.612684862064,0.007354987470528503,0.01010095576051974,0.07674873149983197,0.16098117422608663,0.23448576668976967,0.25896654223036114,0.18600323760128232,0.1595632792525003,0.01010095576051974,0.029271824530433737
2025-06-16 02:00:00+00:00,9863.920857194586,0.0024704399564343077,0.00331950744318465,0.13787054590734943,0.23351892911402988,0.1878439499878658,0.16773781302491564,0.23051469148310821,0.18038461639008063,0.00331950744318465,0.03259133197361839
2025-06-16 04:00:00+00:00,9877.79856946283,0.0014069164249347456,0.0018959213424644247,0.03552298341101233,0.19799594570301746,0.1907527955082839,0.17953990351673932,0.2405047492672581,0.1912066060047012,0.0018959213424644247,0.034487253316082815
2025-06-16 06:00:00+00:00,9949.383304065032,0.007247033243166676,0.009728557486765897,0.11420464820372339,0.18787332027888382,0.23259499703845224,0.2348750362927316,0.13642272648766834,0.20823391990226398,0.009728557486765897,0.04421581080284871
2025-06-16 08:00:00+00:00,9980.426590778896,0.0031201216965055026,0.004111116908864939,0.13907516512150875,0.20052131834051154,0.155186154429896,0.17320871377977912,0.16593943312626155,0.3051443803235518,0.004111116908864939,0.04832692771171365
2025-06-16 10:00:00+00:00,9963.822246966654,-0.0016636907912917134,-0.0022039163845133385,0.104721084447394,0.1750595615050561,0.1659668150449789,0.2530713631091584,0.18001720762919338,0.22588505271161322,-0.0022039163845133385,0.046123011327200314
2025-06-16 12:00:00+00:00,9952.99361298362,-0.001086795179061919,-0.001439385781272262,0.14012306443274325,0.2582113076360063,0.17161717088490253,0.1756311492016747,0.23133817009106278,0.16320220218635367,-0.001439385781272262,0.04468362554592805
2025-06-16 14:00:00+00:00,10007.74056464979,0.005500551270800781,0.0072814611521980765,0.1321047826234592,0.1992393889084842,0.2506191804265859,0.22873392228345052,0.18202206162766013,0.13938544675381923,0.0072814611521980765,0.05196508669812613
2025-06-16 16:00:00+00:00,10009.564929908707,0.00018229541894419237,0.00022240556137328302,0.11605157180180689,0.2161265915824612,0.2365513408647044,0.12675019004352509,0.23157082967452036,0.18900104783478885,0.00022240556137328302,0.05218749225949941
2025-06-16 18:00:00+00:00,10013.54125633715,0.00039725267344663446,0.0005067888400781275,0.09635013304466879,0.2088116120098575,0.17286931439410944,0.18086552554960472,0.20621770267305028,0.23123584537337807,0.0005067888400781275,0.052694281099577536
2025-06-16 20:00:00+00:00,10081.540254938762,0.0067907043932712435,0.008924969941484798,0.08508212290069588,0.2223775182978436,0.16694317458855348,0.25238174216231446,0.20481478117970056,0.15348278377158783,0.008924969941484798,0.061619251041062334
2025-06-16 22:00:00+00:00,10065.426158439544,-0.0015983764476189047,-0.0021594306624535893,0.0496661935168414,0.1737712993556559,0.1734423476293945,0.2513217675876608,0.20879562373647026,0.19266896169081854,-0.0021594306624535893,0.059459820378608745
2025-06-17 00:00:00+00:00,9896.916004778914,-0.016741482278854126,-0.022898684781113104,0.09364228121644806,0.24240228578831266,0.17053131179141803,0.16059052220918918,0.2228249664884601,0.20365091372262,-0.022898684781113104,0.036561135597495645
2025-06-17 02:00:00+00:00,9951.967387433288,0.005562478516316611,0.0070878621064035755,0.06862940176511707,0.2661750439097413,0.1870724573913112,0.18890602025298447,0.19455467293548642,0.16329180551047662,0.0070878621064035755,0.04364899770389922
2025-06-17 04:00:00+00:00,9987.638685447246,0.00358434635336544,0.0045219164532219495,0.07327661176308634,0.26714678063717917,0.18025314660580471,0.15173291567162886,0.16527047653926216,0.23559668054612504,0.0045219164532219495,0.048170914157121165
2025-06-17 06:00:00+00:00,9929.209605122856,-0.005850139573984098,-0.007418697309902835,0.16279787922996386,0.15190519249221648,0.2737179617420632,0.22106597976533432,0.1650610854820672,0.1882497805183189,-0.007418697309902835,0.04075221684721833
2025-06-17 08:00:00+00:00,9931.562771170951,0.00023699429679469906,0.0003056324370167505,0.093976264585356,0.22023491054738747,0.22655218327062102,0.21580665469417612,0.19070763201225222,0.14669861947556329,0.0003056324370167505,0.04105784928423508
2025-06-17 10:00:00+00:00,9898.052802951515,-0.0033740881461986226,-0.004244993210873674,0.11311678312942347,0.24961196534951566,0.20106839521217798,0.1488806183216643,0.17000067331378357,0.23043834780285855,-0.004244993210873674,0.036812856073361405
2025-06-17 12:00:00+00:00,9849.125232807453,-0.0049431510538589804,-0.006196365215690057,0.06203578715023163,0.2402820891197879,0.14836248429167406,0.1616657703850697,0.21071204215949646,0.23897761404397183,-0.006196365215690057,0.030616490857671347
2025-06-17 14:00:00+00:00,9843.379759441288,-0.0005833485949622841,-0.0007021358988534078,0.060875615506136085,0.26156632625928805,0.18795386265831002,0.12838251195818792,0.19217084777975074,0.22992645134446327,-0.0007021358988534078,0.02991435495881794
2025-06-17 16:00:00+00:00,9726.899767622182,-0.011833333130054625,-0.014615133652639008,0.10619085589116904,0.20302334150077275,0.2570425620948417,0.16160757252764718,0.19604794366492884,0.18227858021180954,-0.014615133652639008,0.015299221306178931
2025-06-17 18:00:00+00:00,9655.273064787241,-0.0073637751540695405,-0.008832061675434103,0.07309642186144702,0.1934543846597043,0.23067791149138103,0.2347039943890941,0.1606534632520891,0.1805102462077313,-0.008832061675434103,0.006467159630744828
2025-06-17 20:00:00+00:00,9784.655475776186,0.013400181447048146,0.017645006546048253,0.06734179351503732,0.19011423451643808,0.18706096263385935,0.2651716938433833,0.19752755731283728,0.16012555169348194,0.017645006546048253,0.02411216617679308
2025-06-17 22:00:00+00:00,9761.064156444827,-0.002411052631312676,-0.002835658372592336,0.031626136036225896,0.18827694712274823,0.21868709867008532,0.26443583045552266,0.17741740240527107,0.1511827213463728,-0.002835658372592336,0.021276507804200744
2025-06-18 00:00:00+00:00,9751.478239434968,-0.0009820565520542643,-0.0011244457726637858,0.13920457931953148,0.2622894613907809,0.18620309175692212,0.15998780674234292,0.17514485371208247,0.21637478639787155,-0.0011244457726637858,0.02015206203153696
2025-06-18 02:00:00+00:00,9785.428352228015,0.0034815350000733207,0.004308925426415806,0.08579897370572327,0.19364532453031355,0.16904825491166625,0.1713001765035203,0.22091581529894677,0.24509042875555317,0.004308925426415806,0.024460987457952766
2025-06-18 04:00:00+00:00,9811.240099157609,0.002637773840908786,0.0032576139534664073,0.09629886781558959,0.20088935897832344,0.18190078200730259,0.24750248277546374,0.20123686750675568,0.16847050873215474,0.0032576139534664073,0.027718601411419172
2025-06-18 06:00:00+00:00,9825.369429505412,0.0014401166626240042,0.0017887887952113967,0.05656027747114033,0.15887381489178262,0.203405447491877,0.24448080250042142,0.18971381439719837,0.20352612071872053,0.0017887887952113967,0.029507390206630568
2025-06-18 08:00:00+00:00,9804.632489121697,-0.00211055070575179,-0.0025155732154354205,0.10154512780412779,0.22965007158238238,0.18245349353747306,0.18138399364456462,0.22048268551072644,0.18602975572485353,-0.0025155732154354205,0.02699181699119515
2025-06-18 10:00:00+00:00,9773.917508445536,-0.003132700864641099,-0.003741911249103841,0.07724651256055978,0.2818743889431745,0.16795324703490994,0.16365877927525868,0.17546163382203564,0.2110519509246211,-0.003741911249103841,0.023249905742091306
2025-06-18 12:00:00+00:00,9759.504246816034,-0.0014746657741941593,-0.0017369081989026462,0.05325265928480624,0.2550459331900536,0.17072242808610744,0.15452877763976436,0.15816743192584473,0.2615354291582299,-0.0017369081989026462,0.02151299754318866
2025-06-18 14:00:00+00:00,9726.20684566929,-0.003411792269838599,-0.004068014595751926,0.1773246395395626,0.14821864682995492,0.27946952216076265,0.17394657079858622,0.20732718423193022,0.19103807597876593,-0.004068014595751926,0.017444982947436734
2025-06-18 16:00:00+00:00,9755.528250764502,0.0030146803949852525,0.0037837022925704604,0.1467310548792521,0.256952400566417,0.21153306220125062,0.2119438719413763,0.18755648104486103,0.13201418424609512,0.0037837022925704604,0.021228685240007195
2025-06-18 18:00:00+00:00,9728.672967346212,-0.0027528271896690585,-0.003282927037941619,0.09625659317067314,0.23363588858607415,0.25467683591756757,0.16843691423881973,0.15812335755708726,0.1851270037004513,-0.003282927037941619,0.017945758202065575
2025-06-18 20:00:00+00:00,9697.466843677232,-0.0032076444314370145,-0.0038226657625515313,0.1299168512437188,0.28662077441055683,0.12475998467384879,0.17918491659668423,0.18429295256238545,0.22514137175652474,-0.0038226657625515313,0.014123092439514044
2025-06-18 22:00:00+00:00,9779.030666417399,0.008410838011098432,0.010700986519606954,0.0969262824076773,0.23856206338389183,0.17187439559492,0.13613350618014225,0.1784767915979151,0.2749532432431308,0.010700986519606954,0.024824078959120997
2025-06-19 00:00:00+00:00,9770.053325088256,-0.000918019549726116,-0.001065379710268818,0.1009582610366399,0.21041621295160787,0.24927737154777754,0.15968879126392463,0.1702795830236895,0.21033804121300048,-0.001065379710268818,0.02375869924885218
2025-06-19 02:00:00+00:00,9740.173334689936,-0.003058324187606162,-0.0036470405908075984,0.06478196170126434,0.17241121835870224,0.2225004044394189,0.1954067348576519,0.184456284232036,0.22522535811219113,-0.0036470405908075984,0.02011165865804458
2025-06-19 04:00:00+00:00,9781.658714454847,0.004259203439137782,0.005319263872575468,0.10192430482571631,0.1949931699675962,0.18981336013342062,0.2747490880744742,0.1818724639535694,0.15857191787093963,0.005319263872575468,0.02543092253062005
2025-06-19 06:00:00+00:00,9777.787102852797,-0.00039580317766854694,-0.00043581063364987163,0.054735352750081984,0.1744579426405492,0.22289661396982138,0.25520062657124143,0.2035245628672506,0.14392025395113736,-0.00043581063364987163,0.02499511189697018
2025-06-19 08:00:00+00:00,9761.496179956692,-0.0016661155253986028,-0.0019811017368016218,0.07420726164942713,0.22563415605729423,0.221730773377615,0.21177138504417878,0.17391238333709247,0.16695130218381943,-0.0019811017368016218,0.023014010160168557
2025-06-19 10:00:00+00:00,9792.09980558157,0.0031351367721392325,0.003923504826298728,0.03976492988857898,0.23995882482379494,0.1833063547911871,0.21420057083955504,0.1725718720349415,0.18996237751052156,0.003923504826298728,0.026937514986467286
2025-06-19 12:00:00+00:00,9779.00697111129,-0.0013370813952302842,-0.00159202793262773,0.09354176794495744,0.17038500797479816,0.24976743840531906,0.21644893857860661,0.19740418862671538,0.16599442641456086,-0.00159202793262773,0.025345487053839554
2025-06-19 14:00:00+00:00,9731.547683191446,-0.0048531807022989286,-0.0058507131152994735,0.08234296368211245,0.15193638660066494,0.30084296968815843,0.15418722516294375,0.19577155973439903,0.19726185881383396,-0.0058507131152994735,0.01949477393854008
2025-06-19 16:00:00+00:00,9708.411656301636,-0.002377425219810709,-0.0028373228850376683,0.08755401725182185,0.1763525025504372,0.22792796302437318,0.17658706062208432,0.18113254914636237,0.23799992465674294,-0.0028373228850376683,0.01665745105350241
2025-06-19 18:00:00+00:00,9739.902594160589,0.0032436755850286194,0.004102143658174045,0.06851807479882853,0.2033229932072046,0.21958052229206368,0.20013407161668717,0.19913312229382063,0.1778292905902239,0.004102143658174045,0.020759594711676457
2025-06-19 20:00:00+00:00,9740.1292551161,2.3271378057440525e-05,8.665180186999587e-05,0.046714848659407254,0.23463703221197127,0.18901361246662957,0.20908852539894418,0.2055794781662042,0.16168135175625076,8.665180186999587e-05,0.020846246513546454
2025-06-19 22:00:00+00:00,9743.008335271192,0.00029558952244705883,0.0004228653104340916,0.04597152315898338,0.2299121875748098,0.18532180229271708,0.1715336570510348,0.22688338221501358,0.1863489708664248,0.0004228653104340916,0.021269111823980547
2025-06-20 00:00:00+00:00,9764.144764415381,0.0021693945460020342,0.0027567858275086587,0.08657717389936027,0.20827290502865792,0.20424079589804547,0.13596453380260579,0.19751461411023416,0.25400715116045663,0.0027567858275086587,0.024025897651489207
2025-06-20 02:00:00+00:00,9770.158852957811,0.0006159360279405182,0.0008141675611122389,0.09812203529926028,0.2801278320810938,0.1678907283438534,0.1622316420494302,0.18819156528675676,0.20155823223886585,0.0008141675611122389,0.024840065212601445
2025-06-20 04:00:00+00:00,9760.959617918777,-0.0009415645310872807,-0.0011191008904049642,0.08808443734318708,0.23737836559290285,0.19378364292793074,0.2244231648085399,0.1656002117882773,0.17881461488234918,-0.0011191008904049642,0.023720964322196482
2025-06-20 06:00:00+00:00,9748.812442938863,-0.001244465242701692,-0.0014940421197489886,0.07509198440598375,0.1813660553793733,0.17470396873547653,0.24652081481130292,0.18682736251813745,0.21058179855570977,-0.0014940421197489886,0.022226922202447492
2025-06-20 08:00:00+00:00,9832.976591705394,0.008633271925083704,0.011080831671167446,0.08252342362205664,0.22347491759558635,0.18861954902584524,0.258169516685178,0.2016776417597373,0.12805837493365319,0.011080831671167446,0.03330775387361494
2025-06-20 10:00:00+00:00,9838.09613358437,0.0005206502660948481,0.0006709199139556761,0.10993079958277868,0.24547571324041667,0.20128024105569203,0.14823871710239928,0.21617879035767998,0.18882653824381201,0.0006709199139556761,0.033978673787570614
2025-06-20 12:00:00+00:00,9838.59434174881,5.0640709104211625e-05,8.793642585466499e-05,0.07514826953042857,0.2052368874482971,0.17874873002516692,0.1793520108165244,0.20380085764989606,0.2328615140601154,8.793642585466499e-05,0.03406661021342528
2025-06-20 14:00:00+00:00,9820.724608614659,-0.0018162892496058419,-0.0022263455209467473,0.10568898722535294,0.253129031057133,0.15794809949359462,0.15120379287734012,0.2615977012664131,0.17612137530551905,-0.0022263455209467473,0.03184026469247853
2025-06-20 16:00:00+00:00,9706.883544032939,-0.011591921076970161,-0.01414574059394625,0.1362571280186765,0.20175662422477994,0.22076569792682946,0.22464332246278187,0.18669481479714425,0.16613954058846453,-0.01414574059394625,0.017694524098532283
2025-06-20 18:00:00+00:00,9577.77362747644,-0.013300861802948745,-0.015519641309211555,0.06875009011352488,0.258312975545656,0.2329594367194782,0.19082554905876886,0.16737807167023722,0.15052396700585963,-0.015519641309211555,0.002174882789320728
2025-06-20 20:00:00+00:00,9589.414962989522,0.0012154531904663435,0.0015672848882957219,0.10475886588441108,0.1623386841820659,0.2685043987722724,0.2600394528903858,0.16479381121686934,0.14432365293840663,0.0015672848882957219,0.00374216767761645
2025-06-20 22:00:00+00:00,9596.766967324607,0.0007666791314654385,0.0010226276152214909,0.145580237282538,0.2416434217982727,0.16918970585346907,0.21377390852665115,0.21382710548432032,0.16156585833728687,0.0010226276152214909,0.004764795292837941
2025-06-21 00:00:00+00:00,9578.461993442505,-0.0019074104794279455,-0.0021764857564533255,0.1007005030793083,0.2584588374554766,0.2518952547658244,0.1915648423345036,0.13533566859715954,0.1627453968470359,-0.0021764857564533255,0.0025883095363846156
2025-06-21 02:00:00+00:00,9625.94882878092,0.004957668086058631,0.006222805661994828,0.12279948875492494,0.19630248904644773,0.22103778659566597,0.1617791701587659,0.23085038615313286,0.19003016804598744,0.006222805661994828,0.008811115198379444
2025-06-21 04:00:00+00:00,9620.090097929857,-0.0006086393097733846,-0.0006436288776104137,0.0696585365490767,0.23968248686157176,0.19526257971829705,0.18805770889271864,0.1907466586233607,0.1862505659040519,-0.0006436288776104137,0.008167486320769031
2025-06-21 06:00:00+00:00,9621.84733668194,0.0001826634401752541,0.00030886952869430483,0.1282320157558837,0.1771265042197225,0.1595663095308931,0.2963888623170539,0.21064752095490913,0.1562708029774214,0.00030886952869430483,0.008476355849463336
2025-06-21 08:00:00+00:00,9608.444566219521,-0.001392951893065501,-0.0015867163918682017,0.0984626324971023,0.22949430117931324,0.19884655911686866,0.21662282023102833,0.1919509305438324,0.16308538892895738,-0.0015867163918682017,0.006889639457595135
2025-06-21 10:00:00+00:00,9627.098692527421,0.001941430392748682,0.002464823083664156,0.07011406270351106,0.23184508393115297,0.16316078838546538,0.18461459995018065,0.1895308588525723,0.23084866888062872,0.002464823083664156,0.009354462541259292
2025-06-21 12:00:00+00:00,9628.036390697353,9.740194838338387e-05,0.00020370094738421702,0.07888789794494014,0.2550829302180029,0.21121329217062257,0.19221214782311372,0.1596291879815495,0.1818624418067114,0.00020370094738421702,0.009558163488643509
2025-06-21 14:00:00+00:00,9580.2086587834,-0.004967547895868332,-0.005837291176801413,0.10675967805390132,0.2432698941443959,0.1558588645067892,0.15261993350665273,0.2115700870366904,0.23668122080547183,-0.005837291176801413,0.0037208723118420965
2025-06-21 16:00:00+00:00,9585.281304424081,0.0005294921876289182,0.0007452849976065189,0.12179869240862823,0.1921374915415418,0.22110091759592834,0.20917657282614174,0.17697810487160265,0.20060691316478535,0.0007452849976065189,0.004466157309448615
2025-06-21 18:00:00+00:00,9533.243614441748,-0.005428916307162993,-0.0063517650141696625,0.08540397705113545,0.22864569868663895,0.1677990502680468,0.17707446310288782,0.2255297910921566,0.2009509968502697,-0.0063517650141696625,-0.0018856077047210472
2025-06-21 20:00:00+00:00,9472.922750037742,-0.006327422946857978,-0.00732541645154718,0.09514660536037614,0.27308876016645295,0.2185025941486091,0.15365141003667468,0.16360950503942975,0.1911477306088337,-0.00732541645154718,-0.009211024156268227
2025-06-21 22:00:00+00:00,9312.891639370871,-0.016893530633534694,-0.01819106443610454,0.10386461096280274,0.19025749585679239,0.20525495483479875,0.22343783020891864,0.19768769582998844,0.18336202326950177,-0.01819106443610454,-0.027402088592372767
2025-06-22 00:00:00+00:00,9363.575988554514,0.005442385796627554,0.006849214243270164,0.1346115655488691,0.2218130589031189,0.24272866004050758,0.13457770305673689,0.15193625743330105,0.24894432056633553,0.006849214243270164,-0.020552874349102603
2025-06-22 02:00:00+00:00,9340.833263542836,-0.002428850370785318,-0.0026330993374698514,0.11796750012106902,0.19233895755142907,0.20834729336305408,0.18516632972198996,0.21931513088911697,0.1948322884744098,-0.0026330993374698514,-0.023185973686572454
2025-06-22 04:00:00+00:00,9351.839937458773,0.001178339619752995,0.0015606639793705572,0.054774553500032075,0.17125703519245222,0.19806848444801894,0.22752235717878166,0.19590130866309693,0.20725081451765023,0.0015606639793705572,-0.021625309707201897
2025-06-22 06:00:00+00:00,9419.863317204325,0.007273796408029111,0.009179596331199797,0.04590845069732649,0.19384172198100594,0.20724599263831597,0.2350396681389239,0.20253025342143044,0.16134236382032374,0.009179596331199797,-0.0124457133760021
2025-06-22 08:00:00+00:00,9388.604762357398,-0.003318366073299248,-0.0036546778257399914,0.046001471526096877,0.18284870758691738,0.21540324377992162,0.27275647419225485,0.20265766775259078,0.12633390668831548,-0.0036546778257399914,-0.01610039120174209
2025-06-22 10:00:00+00:00,9328.869870622533,-0.0063624887027267304,-0.0069713360423915285,0.15340780390375114,0.25173014619050943,0.1807933641233985,0.18847096085455814,0.16814525684305945,0.21086027198847454,-0.0069713360423915285,-0.02307172724413362
2025-06-22 12:00:00+00:00,9386.64865924038,0.006193546423002141,0.007742054828337036,0.05403798075440558,0.1976921654361038,0.1875491181854404,0.20250582077679755,0.2004582668619094,0.2117946287397488,0.007742054828337036,-0.015329672415796584
2025-06-22 14:00:00+00:00,9215.940718882875,-0.018186250125539292,-0.0184202511785087,0.08651102290933989,0.26547520164147426,0.16604939648157932,0.1400816502121682,0.21918625356587892,0.20920749809889944,-0.0184202511785087,-0.03374992359430529
2025-06-22 16:00:00+00:00,9096.575206525822,-0.012952070330973552,-0.0127488362327571,0.10069756837984828,0.19286247517470292,0.22921561923302958,0.1690459464432835,0.2277533029631616,0.18112265618582243,-0.0127488362327571,-0.046498759827062384
2025-06-22 18:00:00+00:00,9161.23272288011,0.007107896640914071,0.008614955907835372,0.08913009544243779,0.19617020838806706,0.1638658463224692,0.21196421895499842,0.20397298043128415,0.2240267459031811,0.008614955907835372,-0.037883803919227015
2025-06-22 20:00:00+00:00,9111.540373362039,-0.00542419901570293,-0.005477883336999983,0.06716837918954656,0.2160572052752259,0.21114722862485694,0.15963544832420082,0.1987518616955196,0.21440825608019673,-0.005477883336999983,-0.043361687256226994
2025-06-22 22:00:00+00:00,9117.254897393694,0.0006271743083487614,0.0009085771491387449,0.04250530603156237,0.24525589770425482,0.2231016553945225,0.13711505094153253,0.2001040485283875,0.19442334743130268,0.0009085771491387449,-0.04245311010708825
2025-06-23 00:00:00+00:00,9255.01237260217,0.015109534257713426,0.0191665636984501,0.04604246726372865,0.2541183603952183,0.19829552895943772,0.11587871011288865,0.20614911991514553,0.22555828061730981,0.0191665636984501,-0.02328654640863815
2025-06-23 02:00:00+00:00,9298.92175005415,0.004744388844035073,0.005415076303578951,0.043972732333596325,0.2526460990083278,0.17949477942652584,0.15985144244648497,0.19188885338097564,0.21611882573768576,0.005415076303578951,-0.017871470105059198
2025-06-23 04:00:00+00:00,9277.800969029375,-0.002271315061303111,-0.002242543709075203,0.09552860386204334,0.2752131565410752,0.12860802127905668,0.13674376283788772,0.17035468727499872,0.28908037206698173,-0.002242543709075203,-0.020114013814134402
2025-06-23 06:00:00+00:00,9320.083633195043,0.004557401512148556,0.005192974135177398,0.05915479914571839,0.26952190117891983,0.15250284791904534,0.14609420951305205,0.19626421310556408,0.23561682828341865,0.005192974135177398,-0.014921039678957004
2025-06-23 08:00:00+00:00,9344.455406234629,0.0026149736417366352,0.0029910125389783293,0.08421246998866332,0.21769614958045053,0.21733463561942742,0.14086179513833091,0.21564489539384532,0.2084625242679458,0.0029910125389783293,-0.011930027139978674
2025-06-23 10:00:00+00:00,9320.414850399606,-0.0025727080701762966,-0.002581727818915726,0.048281752018507304,0.2278673754484722,0.20263626702674803,0.17897232128881654,0.20712937746911048,0.1833946587668527,-0.002581727818915726,-0.0145117549588944
2025-06-23 12:00:00+00:00,9303.816932937325,-0.0017808131642949236,-0.0017503723642375846,0.11290581438038169,0.17608941604115497,0.2609733747388151,0.2335410279571312,0.16953141802507535,0.1598647632378234,-0.0017503723642375846,-0.016262127323131984
2025-06-23 14:00:00+00:00,9415.850996127398,0.012041731259076193,0.014110509335643258,0.06482630171085786,0.20961241294847588,0.24502949244371616,0.18465860854137228,0.18073102630837629,0.17996845975805942,0.014110509335643258,-0.002151617987488726
2025-06-23 16:00:00+00:00,9320.638922885055,-0.010111892518424757,-0.010095138866066758,0.05493871977843645,0.22009643508837373,0.24274740590914073,0.19587599223084798,0.2139683402574392,0.1273118265141984,-0.010095138866066758,-0.012246756853555484
2025-06-23 18:00:00+00:00,9399.352479138492,0.008445081598448265,0.009460415164534261,0.09273807009327095,0.1792481815999847,0.30015184906086206,0.16764961523132677,0.19030490065207845,0.162645453455748,0.009460415164534261,-0.0027863416890212232
2025-06-23 20:00:00+00:00,9469.665221196747,0.007480594244583572,0.008214383920612953,0.12770393974196995,0.2101810859514121,0.18676949119806935,0.1533280333521495,0.22961011433189266,0.2201112751664763,0.008214383920612953,0.005428042231591729
2025-06-23 22:00:00+00:00,9518.42271953923,0.005148809087077863,0.005560211989971612,0.05359713129306565,0.19839901199162496,0.18079808887969195,0.19807192981772828,0.23846334915937953,0.1842676201515752,0.005560211989971612,0.010988254221563342
2025-06-24 00:00:00+00:00,9674.116816428654,0.01635713200358477,0.01801014877746843,0.12481164452884022,0.17914473838035874,0.24658210995167446,0.242323573806242,0.13290597824180553,0.1990435996199192,0.01801014877746843,0.028998402999031773
2025-06-24 02:00:00+00:00,9677.996321564828,0.00040101905008887366,0.0004420825336452232,0.08226711627074565,0.20488279153927338,0.23343637965717842,0.21801473552027456,0.18943504135363662,0.1542310519296371,0.0004420825336452232,0.029440485532676995
2025-06-24 04:00:00+00:00,9643.839004546644,-0.0035293790040064783,-0.003529025315427021,0.05676381332352366,0.22860804965515272,0.20309304514534265,0.19159425670858668,0.2153572767673881,0.16134737172352995,-0.003529025315427021,0.025911460217249972
2025-06-24 06:00:00+00:00,9690.485152856063,0.004836885838453844,0.005001069264030038,0.09601527498098672,0.18052341120086754,0.21912298197669197,0.17906483644834634,0.17995606050092686,0.2413327098731673,0.005001069264030038,0.03091252948128001
2025-06-24 08:00:00+00:00,9637.571873450088,-0.0054603333652887545,-0.005478710537563191,0.04509489791271527,0.18886094981438056,0.17402808406397666,0.19638592280553246,0.19411948380425154,0.2466055595118587,-0.005478710537563191,0.025433818943716817
2025-06-24 10:00:00+00:00,9663.698574228778,0.0027109214978376425,0.002811995200148941,0.08471490178735626,0.1655273903612821,0.17418316966926128,0.28094573898760417,0.17224319270945693,0.20710050827239557,0.002811995200148941,0.028245814143865757
2025-06-24 12:00:00+00:00,9648.969822372115,-0.0015241319608148877,-0.0015092203453104132,0.10982470843713885,0.20781588889143202,0.22111622567353548,0.23586184528003315,0.19284634661217168,0.14235969354282774,-0.0015092203453104132,0.026736593798555343
2025-06-24 14:00:00+00:00,9659.456059105685,0.0010867726738306546,0.001151834778244509,0.1180320118840909,0.20878412658718423,0.22304852385824883,0.12817455156228755,0.18250162844582637,0.25749116954645307,0.001151834778244509,0.02788842857679985
2025-06-24 16:00:00+00:00,9681.347833257389,0.0022663568235881558,0.002363474063154695,0.09291283783249979,0.2710869124034291,0.21258505649560916,0.15878460357854246,0.1763154245680833,0.181228002954336,0.002363474063154695,0.030251902639954545
2025-06-24 18:00:00+00:00,9729.128926935467,0.004935376199783119,0.005120207143706197,0.10675645008124345,0.1643304623221856,0.22320743573542332,0.20884861727159262,0.19913170554996007,0.20448177912083831,0.005120207143706197,0.03537210978366074
2025-06-24 20:00:00+00:00,9690.280530214042,-0.003992998449621973,-0.004054861024596934,0.06535563404421067,0.13281553181294686,0.28856306977963403,0.19964204551848289,0.1931160027869091,0.18586335010202712,-0.004054861024596934,0.031317248759063804
2025-06-24 22:00:00+00:00,9726.18057780568,0.0037047480183573654,0.0038440393468395025,0.09800602631643421,0.1537194066486433,0.22258580918773505,0.24985382190349356,0.22000637788263613,0.15383458437749184,0.0038440393468395025,0.035161288105903306
2025-06-25 00:00:00+00:00,9725.278587014323,-9.273843767775506e-05,-7.465785362609409e-05,0.12096193019607489,0.26636022251135566,0.16745004325357024,0.19786940367268507,0.20616463185153458,0.16215569871085442,-7.465785362609409e-05,0.035086630252277214
2025-06-25 02:00:00+00:00,9747.423613850357,0.0022770583524056916,0.0023667673552433956,0.09896980123314951,0.19937469063095126,0.18972860427981716,0.19578163845892152,0.176268127712553,0.238846938917757,0.0023667673552433956,0.03745339760752061
2025-06-25 04:00:00+00:00,9739.03349922551,-0.0008607520260967872,-0.0008716499727227376,0.07440099111256203,0.17643917340111873,0.1847000739428696,0.26469881342508417,0.1817519438589524,0.19240999537197506,-0.0008716499727227376,0.03658174763479787
2025-06-25 06:00:00+00:00,9711.301660639574,-0.002847493910780988,-0.002918200717881731,0.07780426383051035,0.18202604798427588,0.2569174631902228,0.2379014903032952,0.17970900106250112,0.14344599745970496,-0.002918200717881731,0.03366354691691614
2025-06-25 08:00:00+00:00,9740.6931733337,0.0030265265894530344,0.00316492087112092,0.1112614929099219,0.1730011957005934,0.1546808225639834,0.2956735375162949,0.20553265765884537,0.17111178656028297,0.00316492087112092,0.03682846778803706
2025-06-25 10:00:00+00:00,9704.870329654754,-0.0036776482988928223,-0.0037846110532315314,0.07361695564819061,0.2393444583627764,0.16195451554999102,0.22625478777026206,0.2032194722689873,0.16922676604798326,-0.0037846110532315314,0.03304385673480553
2025-06-25 12:00:00+00:00,9731.98038172014,0.002793448149693126,0.0029319795860497906,0.06773466788273502,0.21382287287227394,0.2221361986661022,0.18958001080001666,0.19768116684700016,0.17677975081460712,0.0029319795860497906,0.035975836320855326
2025-06-25 14:00:00+00:00,9765.61281812835,0.003455867674310365,0.0036182807247119894,0.059110382862853514,0.22694903760324472,0.18911209874286983,0.1812697804087262,0.17990511429866943,0.2227639689464898,0.0036182807247119894,0.03959411704556731
2025-06-25 16:00:00+00:00,9695.47933703014,-0.00718167742305104,-0.0074395239589364935,0.04752416842122692,0.21469306074344902,0.19062431513610842,0.146001588847295,0.19350615555047884,0.2551748797226687,-0.0074395239589364935,0.032154593086630816
2025-06-25 18:00:00+00:00,9734.381361817143,0.004012387983585541,0.004208479693815595,0.14314685703088337,0.16605814010859232,0.21292391629247379,0.236807381818344,0.2235476184539479,0.1606629433266421,0.004208479693815595,0.03636307278044641
2025-06-25 20:00:00+00:00,9765.551636241824,0.003202080673246038,0.0033481065365015394,0.07175015994079663,0.23053887505511092,0.21897423493288537,0.22267864753153693,0.16592619279995832,0.16188204968050854,0.0033481065365015394,0.03971117931694795
2025-06-25 22:00:00+00:00,9750.285096384394,-0.0015633054256528655,-0.0016146056286960638,0.04440059773457229,0.20950256441334522,0.2340192611762791,0.20498199381866286,0.1602585594200258,0.19123762117168708,-0.0016146056286960638,0.03809657368825189
2025-06-26 00:00:00+00:00,9736.012388015328,-0.0014638247218390571,-0.0015103644284793134,0.07023995513771619,0.17163038179020573,0.2768035351661505,0.22591570766729482,0.16678052671923857,0.15886984865711035,-0.0015103644284793134,0.03658620925977257
2025-06-26 02:00:00+00:00,9792.66248802819,0.005818614208276592,0.006115870404455962,0.06791178299424783,0.18051575751271154,0.23292930475546064,0.20187815508373688,0.19517423380156115,0.18950254884652978,0.006115870404455962,0.04270207966422854
2025-06-26 04:00:00+00:00,9824.459642303142,0.003247038720452665,0.0033876905537322055,0.06552043331867395,0.18539256245356134,0.18600793179690953,0.25401316893074616,0.17657517344143836,0.1980111633773447,0.0033876905537322055,0.04608977021796074
2025-06-26 06:00:00+00:00,9803.495844937052,-0.00213383719098631,-0.0022361233852104885,0.04382275268574856,0.1649166700492181,0.21178722910646355,0.23663685995641143,0.19461862881763287,0.1920406120702741,-0.0022361233852104885,0.043853646832750254
2025-06-26 08:00:00+00:00,9832.101436649735,0.0029178970609201006,0.0030506848296858505,0.04482831514987544,0.1858169097471915,0.2196162367928851,0.25273592772189185,0.18458260368925083,0.15724832204878064,0.0030506848296858505,0.046904331662436106
2025-06-26 10:00:00+00:00,9788.796840064351,-0.004404409053792266,-0.004631520743636155,0.043717971188787924,0.17719703813131266,0.22334445985886686,0.23749024235880065,0.16473018947943296,0.19723807017158682,-0.004631520743636155,0.042272810918799954
2025-06-26 12:00:00+00:00,9765.023071002086,-0.0024286712096181196,-0.0025423512027426967,0.06169279266288964,0.17700265145070543,0.2502356756822704,0.19261349396135166,0.19953176631891906,0.18061641258675337,-0.0025423512027426967,0.03973045971605726
2025-06-26 14:00:00+00:00,9720.554294748958,-0.004553883378441023,-0.0047649648352876455,0.05784455297959844,0.21027811462330848,0.20183165882606469,0.197183435508783,0.21953091457848312,0.17117587646336066,-0.0047649648352876455,0.03496549488076961
2025-06-26 16:00:00+00:00,9751.682549938816,0.0032023127741464806,0.0033942142799606393,0.11482772673700993,0.16380964587596297,0.15242202597001506,0.2649927550331037,0.2005812894448683,0.21819428367604987,0.0033942142799606393,0.03835970916073025
2025-06-26 18:00:00+00:00,9727.552539351338,-0.0024744458675625236,-0.0025868889991365906,0.040926305661507956,0.15559927670545973,0.17864624507513424,0.23673105977251402,0.19612704821445337,0.23289637023243873,-0.0025868889991365906,0.03577282016159366
2025-06-26 20:00:00+00:00,9765.171207686974,0.00386722849179727,0.004106665079910361,0.0990382047851995,0.2167073168593905,0.20026816424088034,0.22545738526093603,0.21243529367997593,0.14513183995881715,0.004106665079910361,0.03987948524150402
2025-06-26 22:00:00+00:00,9723.01612260598,-0.004316881310571236,-0.004536842149196263,0.07082526195058442,0.2027603174972436,0.23032742607674098,0.26622338537565987,0.16693023405601018,0.13375863699434543,-0.004536842149196263,0.03534264309230775
2025-06-27 00:00:00+00:00,9708.549196683307,-0.001487905166488241,-0.0015480147979236463,0.08419926920012506,0.2493295648249402,0.21119159640819216,0.20115994584408362,0.17901594571565263,0.15930294720713142,-0.0015480147979236463,0.03379462829438411
2025-06-27 02:00:00+00:00,9747.699894540836,0.004032600243803947,0.004305907480840585,0.07388490464031972,0.1973157504820814,0.25307538078063313,0.23316106611196236,0.17058911225704024,0.14585869036828292,0.004305907480840585,0.038100535775224695
2025-06-27 04:00:00+00:00,9787.4667946771,0.004079618839982566,0.004339792150744398,0.05415767532156565,0.14315807516051574,0.2564402696788804,0.24675473453480007,0.17368181858388027,0.17996510204192356,0.004339792150744398,0.04244032792596909
2025-06-27 06:00:00+00:00,9756.71483755581,-0.0031419730729523496,-0.003323587049409356,0.018787694907766814,0.15322406841454334,0.25274973469932066,0.25547643618853927,0.1684621541450345,0.17008760655256225,-0.003323587049409356,0.03911674087655974
2025-06-27 08:00:00+00:00,9745.615958053852,-0.0011375631743623874,-0.001195041190524447,0.061423564976229306,0.19288830677183555,0.19132616972309144,0.2651625789667371,0.1789225048785529,0.17170043965978316,-0.001195041190524447,0.037921699686035294
2025-06-27 10:00:00+00:00,9764.671940383536,0.001955338935137936,0.002094083418957469,0.047395274538065954,0.21744099966669883,0.1871108334682832,0.22198264068347934,0.18125438551625417,0.1922111406652845,0.002094083418957469,0.040015783104992764
2025-06-27 12:00:00+00:00,9750.376807854342,-0.0014639644441177071,-0.0015500706082406104,0.06522736209137307,0.16840163783972684,0.19772651354195003,0.20579464041907822,0.2008563981119436,0.22722081008730124,-0.0015500706082406104,0.03846571249675215
2025-06-27 14:00:00+00:00,9720.673947393045,-0.0030463294954273684,-0.003234509054588161,0.05297123547020152,0.22137287330992836,0.19529976812822866,0.18855472193733122,0.18945622767199713,0.20531640895251457,-0.003234509054588161,0.03523120344216399
2025-06-27 16:00:00+00:00,9750.534945366711,0.0030719061389436627,0.0033130646409067445,0.05372211893482351,0.21741203187692087,0.19198624764712194,0.17898944143843676,0.24317834660682072,0.16843393243069982,0.0033130646409067445,0.03854426808307073
2025-06-27 18:00:00+00:00,9690.830005200643,-0.006123247647498332,-0.0065225190121099355,0.008901481146038448,0.21634883930178628,0.19698897749368588,0.1828881927379112,0.2424539961330818,0.16131999433353483,-0.0065225190121099355,0.032021749070960795
2025-06-27 20:00:00+00:00,9716.107446494847,0.002608387649008259,0.0028247873316900787,0.13903663043721465,0.18115351766222682,0.24966857087622946,0.24101314762501969,0.13861268733542667,0.1895520765010975,0.0028247873316900787,0.034846536402650875
2025-06-27 22:00:00+00:00,9751.03200456502,0.003594501014166161,0.0038817113865726493,0.10785422730017355,0.23678676536143525,0.22404607821161496,0.19385864951544632,0.1908336669363917,0.15447483997511174,0.0038817113865726493,0.03872824778922353
2025-06-28 00:00:00+00:00,9747.139934188379,-0.0003991444572041412,-0.00041615750567279965,0.11076587638971158,0.18353501622006876,0.1718627382198496,0.2189194523013351,0.1855028796798119,0.24017991357893448,-0.00041615750567279965,0.038312090283550725
2025-06-28 02:00:00+00:00,9747.96308776219,8.445078036921026e-05,0.00010322183008607519,0.0920102659051262,0.22782387272816743,0.15695662846391625,0.1418152961521424,0.23222392584536317,0.2411802768104109,0.00010322183008607519,0.0384153121136368
2025-06-28 04:00:00+00:00,9753.03302277536,0.0005201019913110243,0.000572495164744299,0.08794606340492522,0.22619776462186392,0.2211703602117058,0.16554762780927795,0.21999562281031326,0.16708862454683898,0.000572495164744299,0.0389878072783811
2025-06-28 06:00:00+00:00,9755.094674107913,0.00021138566102863834,0.00023903323507700153,0.04806077394840712,0.21152756721335286,0.2113869446601417,0.16655827480374263,0.19638846182198127,0.2141387515007814,0.00023903323507700153,0.0392268405134581
2025-06-28 08:00:00+00:00,9776.7899460819,0.0022239939948066677,0.002419523714497522,0.0713647649499922,0.28289233216334514,0.1963949864864043,0.1505434253059067,0.16050507988847504,0.20966417615586888,0.002419523714497522,0.041646364227955625
2025-06-28 10:00:00+00:00,9772.578318982069,-0.00043077811051058564,-0.00046292174560782,0.11436185625544283,0.22077610963672756,0.18205833875903452,0.2332465554959156,0.1921638059539089,0.17175519015441335,-0.00046292174560782,0.04118344248234781
2025-06-28 12:00:00+00:00,9771.056483448434,-0.00015572507929444455,-0.00016396459301813764,0.08196548989969114,0.19997639726558203,0.18401476606048833,0.17208077796737006,0.2310388528964031,0.21288920581015652,-0.00016396459301813764,0.04101947788932967
2025-06-28 14:00:00+00:00,9764.144434370624,-0.000707400380861359,-0.0007650382161967359,0.06908122552247487,0.18379077140366504,0.17570125746971116,0.24116200348984485,0.18814308164065677,0.21120288599612208,-0.0007650382161967359,0.040254439673132934
2025-06-28 16:00:00+00:00,9808.176926797933,0.00450961092631003,0.0049414780921535634,0.06955571568676687,0.24265400566632966,0.17850072178374873,0.21653265363442092,0.19603609875072153,0.16627652016477923,0.0049414780921535634,0.045195917765286496
2025-06-28 18:00:00+00:00,9832.248618251742,0.002454247270768692,0.0026751878439800316,0.07174661228606789,0.22054992271159332,0.17119116168263077,0.20217306912472555,0.16806271403020331,0.2380231324508471,0.0026751878439800316,0.04787110560926653
2025-06-28 20:00:00+00:00,9793.186117217047,-0.003972895982530656,-0.004368307830652608,0.150889722881635,0.16403014735706356,0.2785770497429093,0.24567690394608202,0.14750609454793714,0.16420980440600805,-0.004368307830652608,0.04350279777861392
2025-06-28 22:00:00+00:00,9798.991037371576,0.0005927509275375736,0.0006486284118054162,0.18570045186003242,0.22894361960322346,0.17843446238837007,0.1601190394405888,0.22860084072703893,0.20390203784077876,0.0006486284118054162,0.044151426190419334
2025-06-29 00:00:00+00:00,9798.718145200579,-2.7849007102521706e-05,-3.2690997128942166e-05,0.06383132075194098,0.24002345879269704,0.1947408221428525,0.15188913530366366,0.1729994241120231,0.24034715964876374,-3.2690997128942166e-05,0.04411873519329039
2025-06-29 02:00:00+00:00,9784.095081660478,-0.0014923445417462616,-0.0016446851814224416,0.11384819138336107,0.1874702518911456,0.1433473294027487,0.2044784330939122,0.23425831770513564,0.23044566790705792,-0.0016446851814224416,0.04247405001186795
2025-06-29 04:00:00+00:00,9789.452693067964,0.0005475837430818425,0.0006061182343893348,0.14557417603846562,0.23304970567206293,0.1923389712650785,0.10774140861536198,0.18542116614522017,0.28144874830227634,0.0006061182343893348,0.04308016824625729
2025-06-29 06:00:00+00:00,9800.970804984925,0.001176583847748494,0.0013016226188081123,0.16086901954949653,0.18847168677912932,0.23028198140069497,0.18426718999631808,0.23182139417814418,0.16515774764571348,0.0013016226188081123,0.0443817908650654
2025-06-29 08:00:00+00:00,9814.841030569036,0.0014151889501656466,0.0015655598052801306,0.06037058264844285,0.2024533950806026,0.23757030325191061,0.21303576066410335,0.1714508115297013,0.1754897294736821,0.0015655598052801306,0.04594735067034553
2025-06-29 10:00:00+00:00,9831.416991710053,0.0016888670014511694,0.001868550667100766,0.05310410578689602,0.17460087986690398,0.25204028711383464,0.187784170090906,0.18783577742848995,0.1977388854998655,0.001868550667100766,0.047815901337446294
2025-06-29 12:00:00+00:00,9858.466566102687,0.0027513403627821096,0.003047471408679539,0.09322434559189607,0.1465705749465651,0.2348774444738832,0.2718355986670696,0.19700869444422237,0.14970768746825966,0.003047471408679539,0.05086337274612583
2025-06-29 14:00:00+00:00,9833.427042662644,-0.0025399004269222565,-0.0028572090365483454,0.13130134392579312,0.22732661625347814,0.20351015141188264,0.1799987025070077,0.18891153974049166,0.20025299008713976,-0.0028572090365483454,0.048006163709577485
2025-06-29 16:00:00+00:00,9814.948511545104,-0.0018791547481229963,-0.002112723969756876,0.08478455747192887,0.2144536151399275,0.151045290235163,0.1605520073253492,0.2532745095940469,0.22067457770551346,-0.002112723969756876,0.04589343973982061
2025-06-29 18:00:00+00:00,9811.901555368082,-0.00031044036282390443,-0.00035396111179136677,0.09517049925590289,0.24289677239012877,0.1766162445779113,0.20170839498830248,0.18816402334276294,0.19061456470089452,-0.00035396111179136677,0.04553947862802924
2025-06-29 20:00:00+00:00,9814.060821998723,0.00022006607164337934,0.00024130376277202502,0.07364683814738306,0.16924993424274573,0.19805284415910798,0.24335222857731287,0.19468781406640517,0.1946571789544283,0.00024130376277202502,0.045780782390801265
2025-06-29 22:00:00+00:00,9809.994778678038,-0.00041430793984599415,-0.00047227173681792483,0.04590827233870873,0.16620012673172202,0.226112158535711,0.26120118653941854,0.18859962934004149,0.15788689885310694,-0.00047227173681792483,0.04530851065398334
2025-06-30 00:00:00+00:00,9923.759227841874,0.011596789981081596,0.013037233990417953,0.09285015131308291,0.19077417139886008,0.15251451063613333,0.32737641038481097,0.16934712592653628,0.1599877816536594,0.013037233990417953,0.058345744644401294
2025-06-30 02:00:00+00:00,9928.901876162787,0.0005182157489757481,0.000538529520298248,0.09273651961347902,0.19219555930759352,0.1492419827686618,0.23791241863880347,0.19133281234530472,0.22931722693963652,0.000538529520298248,0.05888427416469954
2025-06-30 04:00:00+00:00,9915.471576596578,-0.0013526470231771024,-0.0015497130079436836,0.11082259488829048,0.25502558012986803,0.17183965020918746,0.17568537244300952,0.216727718970795,0.18072167824713997,-0.0015497130079436836,0.05733456115675586
2025-06-30 06:00:00+00:00,9907.564206498997,-0.0007974779652684378,-0.0009265835657373759,0.07040224358553368,0.21776614442506598,0.22242575037418927,0.18340705561632506,0.1835849110900634,0.1928161384943563,-0.0009265835657373759,0.05640797759101848
2025-06-30 08:00:00+00:00,9863.421379152061,-0.0044554671992920476,-0.005053549499846818,0.05086956921970011,0.22414778511313238,0.21998223992455174,0.1358715629538338,0.18269434498249207,0.23730406702599,-0.005053549499846818,0.05135442809117166
2025-06-30 10:00:00+00:00,9814.854181729776,-0.004923970654334994,-0.00555648402457201,0.02220975270661589,0.20565331806082038,0.2163754547623027,0.1420796970626216,0.19869596358032013,0.23719556653393514,-0.00555648402457201,0.04579794406659965
2025-06-30 12:00:00+00:00,9825.98550108815,0.001134129876233271,0.001262840841010954,0.09426126021919567,0.26002431313581753,0.15511773386282596,0.18196996220682016,0.17732268616414756,0.2255653046303888,0.001262840841010954,0.047060784907610606
2025-06-30 14:00:00+00:00,9818.874444703746,-0.0007236990512162595,-0.0008208435279853578,0.06084091584917008,0.21691754643657346,0.1404447934630844,0.17890875345663573,0.20176724369927299,0.26196166294443346,-0.0008208435279853578,0.04623994137962525
2025-06-30 16:00:00+00:00,9849.85572725884,0.00315527841093909,0.0035370704380160004,0.07539627632293101,0.27321395488058203,0.14899056746638736,0.15190372139886277,0.21232133757489244,0.2135704186792754,0.0035370704380160004,0.04977701181764125
2025-06-30 18:00:00+00:00,9863.367037185466,0.0013717266831871579,0.0015269587118768159,0.06745844182560613,0.22211573232079526,0.19502089497876826,0.17248016196121788,0.21317301132576258,0.19721019941345605,0.0015269587118768159,0.051303970529518066
2025-06-30 20:00:00+00:00,9923.196933622974,0.006065869414769555,0.006788052038358083,0.06667581806627113,0.22554921008306933,0.21686651953332453,0.21387687771065866,0.17457964967860087,0.16912774299434663,0.006788052038358083,0.05809202256787615
2025-06-30 22:00:00+00:00,9871.489644508516,-0.0052107490620544655,-0.005954722190785956,0.12441999739449923,0.14406911104372822,0.28928589572432223,0.25733154621809146,0.13163975132344272,0.17767369569041533,-0.005954722190785956,0.05213730037709019
2025-07-01 00:00:00+00:00,9846.926418957642,-0.002488299784069253,-0.002827334002329389,0.15234303788945924,0.25414832539734183,0.1870487058772377,0.23492091463508946,0.17390357485928842,0.14997847923104266,-0.002827334002329389,0.0493099663747608
2025-07-01 02:00:00+00:00,9862.172524379352,0.0015483110945520762,0.0017281638925748717,0.14640587023345417,0.18717594432444917,0.1671262875177817,0.17540984383398395,0.1993789493987392,0.270908974925046,0.0017281638925748717,0.051038130267335675
2025-07-01 04:00:00+00:00,9856.532174837224,-0.0005719175494226399,-0.000665017676013129,0.030549393186191612,0.2031765044147043,0.16632050172808605,0.16396761474621974,0.21392778249467564,0.2526075966163142,-0.000665017676013129,0.050373112591322544
2025-07-01 06:00:00+00:00,9808.255535028511,-0.004897933568558579,-0.005582802231044151,0.03074167922477891,0.19459945699926798,0.19568580436169566,0.1628914743254072,0.21530415908584496,0.23151910522778418,-0.005582802231044151,0.04479031036027839
2025-07-01 08:00:00+00:00,9841.27710557982,0.0033667118921788036,0.0038034899619652494,0.0837676425481477,0.20480477219448637,0.18701402154587077,0.23645380167833652,0.2015108845593147,0.17021652002199164,0.0038034899619652494,0.04859380032224364
2025-07-01 10:00:00+00:00,9799.20362483624,-0.00427520537143753,-0.004866426589123249,0.036969141295041016,0.1869277479339072,0.2059939938501234,0.22255055777811364,0.1963220114250758,0.1882056890127801,-0.004866426589123249,0.04372737373312039
2025-07-01 12:00:00+00:00,9791.795840814862,-0.0007559577599349694,-0.0008568535590357805,0.10375125332957413,0.24606605932310988,0.1452925554201463,0.1795007428785165,0.19741774277755408,0.23172289960067316,-0.0008568535590357805,0.04287052017408461
2025-07-01 14:00:00+00:00,9786.354125062047,-0.0005557423624105235,-0.0006294272677749026,0.07400577487133694,0.24247954570853203,0.164370267373493,0.16697512583532015,0.2523458056955443,0.17382925538711042,-0.0006294272677749026,0.04224109290630971
2025-07-01 16:00:00+00:00,9711.422237357314,-0.007656772557702471,-0.008702338718710985,0.10090889554918002,0.1962445198028971,0.18756119951080139,0.20422143975231577,0.19767193605199934,0.21430090488198653,-0.008702338718710985,0.033538754187598725
2025-07-01 18:00:00+00:00,9728.077923155455,0.001715061439103204,0.001970978436319625,0.10527809399735127,0.23527393844744135,0.25380987486360834,0.18825849999343341,0.16002491307948283,0.16263277361603407,0.001970978436319625,0.03550973262391835
2025-07-01 20:00:00+00:00,9669.626739714533,-0.0060085028001052,-0.006762699927099993,0.07416064456895033,0.2096304315117689,0.23475036430184074,0.21666316766825458,0.205780889973612,0.13317514654452378,-0.006762699927099993,0.02874703269681836
2025-07-01 22:00:00+00:00,9655.630090067907,-0.001447486032644782,-0.0015990438375160596,0.05828601303317811,0.1847265136235477,0.22550972592646928,0.23030920261507493,0.18163943320402656,0.17781512463088156,-0.0015990438375160596,0.0271479888593023
2025-07-02 00:00:00+00:00,9661.030815258331,0.000559334309624975,0.0006764345999330379,0.01710695894833482,0.19234797699746436,0.2204427738122341,0.23507799594831733,0.16959942636992698,0.18253182687205735,0.0006764345999330379,0.027824423459235338
2025-07-02 02:00:00+00:00,9683.500404230826,0.002325796222180224,0.002697088800732224,0.09699036345697391,0.2213528767063278,0.18353668713969196,0.19722561045705891,0.23758489011803738,0.16029993557888392,0.002697088800732224,0.030521512259967562
2025-07-02 04:00:00+00:00,9716.104287105292,0.0033669521880973067,0.003889888275515896,0.09779334368202591,0.21520446288742026,0.2351317475287074,0.24342389375006934,0.1692254650564312,0.1370144307773717,0.003889888275515896,0.03441140053548346
2025-07-02 06:00:00+00:00,9748.095034030892,0.003292548739730627,0.0037924150917344208,0.08492085049780664,0.19861479941399648,0.2006148591187294,0.2096095951356646,0.18351346674391938,0.20764727958769025,0.0037924150917344208,0.03820381562721788
2025-07-02 08:00:00+00:00,9775.817844951423,0.0028439208710780125,0.0032670472902049355,0.03384533112549905,0.21117422457696386,0.20040087160757927,0.21212135263318718,0.2022876152089284,0.17401593597334125,0.0032670472902049355,0.041470862917422815
2025-07-02 10:00:00+00:00,9787.92246089126,0.0012382202831333075,0.0014216133218318363,0.07997054750184324,0.18743515692803184,0.2410727063642019,0.20145734824885292,0.15672013974035154,0.21331464871856196,0.0014216133218318363,0.04289247623925465
2025-07-02 12:00:00+00:00,9784.82149885196,-0.0003168151414858439,-0.00036194564009988474,0.0752825315762992,0.24422137028340116,0.20179421131736566,0.1888916556508438,0.13328179580889765,0.2318109669394918,-0.00036194564009988474,0.042530530599154764
2025-07-02 14:00:00+00:00,9805.761487343689,0.0021400480830627146,0.0024624476718938977,0.11499841128963088,0.20805300843238736,0.16720721786159357,0.14464859966799876,0.22078294568945514,0.25930822834856515,0.0024624476718938977,0.04499297827104866
2025-07-02 16:00:00+00:00,9911.501102981272,0.010783417052725565,0.012389312224902247,0.1554517895798747,0.2052688989916927,0.20189545832793399,0.265412148781533,0.13777523282604812,0.1896482610727921,0.012389312224902247,0.05738229049595091
2025-07-02 18:00:00+00:00,9991.626095193762,0.008084042102198865,0.009042537892129386,0.11423670948280187,0.2215971550548699,0.15943051317009713,0.19364038445656806,0.18698194470999435,0.23835000260847058,0.009042537892129386,0.0664248283880803
2025-07-02 20:00:00+00:00,10046.440019273148,0.005485986320660438,0.006060614461853791,0.042564549797782514,0.1985822044905831,0.1792200080771842,0.21641543934726346,0.17980838860303452,0.22597395948193466,0.006060614461853791,0.07248544284993409
2025-07-02 22:00:00+00:00,10030.969158835436,-0.0015399345845924163,-0.001821337546106976,0.08266024079226512,0.23438558616775598,0.1777064571227475,0.1929465745957111,0.22666524771812677,0.1682961343956586,-0.001821337546106976,0.07066410530382712
2025-07-03 00:00:00+00:00,9971.322973095941,-0.005946203681322073,-0.006924068143025643,0.0759782053394398,0.22574487224507264,0.23446367001288423,0.2121675670450142,0.18864291895137822,0.13898097174565072,-0.006924068143025643,0.06374003716080148
2025-07-03 02:00:00+00:00,9988.272059328177,0.0016997830957805058,0.0018623605401578626,0.10145469538786811,0.2132577091180767,0.23777647653280615,0.12320003478414195,0.22578284573537044,0.19998293382960464,0.0018623605401578626,0.06560239770095934
2025-07-03 04:00:00+00:00,9974.666667184894,-0.0013621367201924425,-0.0016024605034532834,0.09420004997421742,0.21952824331808662,0.17915247916593188,0.16555965458092903,0.19020679312802732,0.2455528298070251,-0.0016024605034532834,0.06399993719750606
2025-07-03 06:00:00+00:00,10061.431646544745,0.008698534222230582,0.009620187161060197,0.11539253019585775,0.20381536899968555,0.15594595587832485,0.26080452321271513,0.21035445469209893,0.16907969721717542,0.009620187161060197,0.07362012435856626
2025-07-03 08:00:00+00:00,10109.155422071291,0.004743239054149567,0.00518681099563176,0.07051623175032382,0.17108370267110007,0.20854530416776093,0.23791527104208035,0.19545914144099538,0.18699658067806316,0.00518681099563176,0.07880693535419801
2025-07-03 10:00:00+00:00,10145.789339285839,0.003623835591108344,0.003939455777099909,0.11617603564971359,0.25336094414589944,0.1690229017919588,0.1712470237494677,0.2293579356159097,0.17701119469676443,0.003939455777099909,0.08274639113129792
2025-07-03 12:00:00+00:00,10116.481126354409,-0.0028887070242967316,-0.00340051721249695,0.04577911622418644,0.270816554272933,0.18328064385450002,0.1853127877840793,0.20336987569795242,0.1572201383905352,-0.00340051721249695,0.07934587391880096
2025-07-03 14:00:00+00:00,10156.356335145989,0.003941608578471152,0.00429470110150449,0.06901547109060094,0.26903745488761316,0.1901991940782917,0.15436967138800628,0.16707662038874438,0.2193170592573445,0.00429470110150449,0.08364057502030545
2025-07-03 16:00:00+00:00,10019.474029047478,-0.013477501338234043,-0.01627353584867931,0.11250409841091823,0.16416881735107955,0.25368152253975174,0.18733456920391992,0.18313349252228892,0.21168159838295986,-0.01627353584867931,0.06736703917162613
2025-07-03 18:00:00+00:00,10058.857850736573,0.003930727458838331,0.0042455116363461255,0.10944028148770447,0.240425555603374,0.2231891538926019,0.18225221936546895,0.21631703575769895,0.13781603538085618,0.0042455116363461255,0.07161255080797226
2025-07-03 20:00:00+00:00,10075.826996597256,0.0016869853528588533,0.00178851109351543,0.08583540704426013,0.22260648753716317,0.20615575621128146,0.1489492687639916,0.19863704506244748,0.2236514424251163,0.00178851109351543,0.07340106190148768
2025-07-03 22:00:00+00:00,10080.652417064553,0.0004789106113996601,0.00045571788203334877,0.07265514297471133,0.23695720773654,0.14082640835599267,0.1416234736445691,0.21103679783971593,0.2695561124231824,0.00045571788203334877,0.07385677978352102
2025-07-04 00:00:00+00:00,10069.908160898314,-0.0010658294445358538,-0.0012673978663628868,0.09089417963956438,0.2668874160390247,0.20179037969307226,0.12918790470145913,0.18448876912701795,0.2176455304394259,-0.0012673978663628868,0.07258938191715814
2025-07-04 02:00:00+00:00,10054.31903776006,-0.001548089902029708,-0.001809461375043808,0.08511820150590513,0.20001534119637848,0.24711364006455047,0.16898284583588605,0.18330582842594503,0.2005823444772399,-0.001809461375043808,0.07077992054211432
2025-07-04 04:00:00+00:00,10042.293395106404,-0.0011960673426507692,-0.0014110283361426063,0.04933105204844919,0.18578275399722904,0.2279732583278335,0.21831389788433525,0.175630439626179,0.19229965016442319,-0.0014110283361426063,0.06936889220597171
2025-07-04 06:00:00+00:00,10027.829559159401,-0.001440292110371039,-0.0016860120457054687,0.04319889619701606,0.18752390082371942,0.20578531828386326,0.23608180186011798,0.1993202850209219,0.1712886940113773,-0.0016860120457054687,0.06768288016026625
2025-07-04 08:00:00+00:00,9936.470517667203,-0.009110549890504683,-0.010547032542585997,0.032577307034222264,0.19489595054562414,0.20748869994964372,0.2595836775066552,0.1882969885736251,0.14973468342445195,-0.010547032542585997,0.05713584761768025
2025-07-04 10:00:00+00:00,9970.794467941976,0.0034543402724079983,0.003791212189573116,0.1334975740306265,0.2618746757020223,0.18393378929685766,0.165620269544346,0.17231773315809382,0.2162535322986803,0.003791212189573116,0.06092705980725337
2025-07-04 12:00:00+00:00,9980.395700224219,0.0009629355326813069,0.0010272601262109322,0.10309470964781405,0.23148007186039568,0.21172327314848557,0.24026045486876013,0.1729827736298658,0.14355342649249284,0.0010272601262109322,0.0619543199334643
2025-07-04 14:00:00+00:00,9914.43864688828,-0.006608661151025887,-0.007534791259418415,0.08093401501852578,0.19809960755989015,0.22356743403959886,0.19270690415073985,0.17934013982109465,0.20628591442867644,-0.007534791259418415,0.05441952867404588
2025-07-04 16:00:00+00:00,9856.83737792284,-0.0058098366450145475,-0.0065468602205698435,0.08782653156618599,0.19609138264991058,0.20493787831380275,0.27117247023817664,0.18870110529984388,0.13909716349826617,-0.0065468602205698435,0.04787266845347604
2025-07-04 18:00:00+00:00,9877.132959309725,0.0020590358356060512,0.0022752921545214793,0.053651837534800725,0.19845517869115717,0.20499726378842337,0.2175206327033759,0.21456156439321955,0.164465360423824,0.0022752921545214793,0.05014796060799752
2025-07-04 20:00:00+00:00,9836.238746665784,-0.004140291804556143,-0.004645107224347643,0.08683263427628822,0.20171359595509397,0.19468893019150788,0.17110430856313524,0.18445358785408753,0.24803957743617547,-0.004645107224347643,0.04550285338364988
2025-07-04 22:00:00+00:00,9863.292581892549,0.0027504248243197665,0.003057371432996667,0.09210588421934059,0.23174811889104,0.1575020282827789,0.2041260008170876,0.2135032568835296,0.19312059512556373,0.003057371432996667,0.04856022481664655
2025-07-05 00:00:00+00:00,9883.663620177687,0.0020653385384243866,0.002289190310723788,0.07393762211997906,0.2391057945986172,0.22408197469518082,0.20393457746077295,0.19443713778154129,0.1384405154638877,0.002289190310723788,0.05084941512737034
2025-07-05 02:00:00+00:00,9883.602221839807,-6.212103147118384e-06,-2.6121159870184192e-05,0.060607249761493245,0.23876232229923142,0.24433005895248439,0.1790778019120888,0.15903013586811796,0.17879968096807736,-2.6121159870184192e-05,0.050823293967500155
2025-07-05 04:00:00+00:00,9901.74745672498,0.0018358928736606776,0.0020363045649033373,0.03069122555032082,0.26341923284451874,0.22903812717762628,0.18511211691712232,0.1587477211436398,0.1636828019170928,0.0020363045649033373,0.05285959853240349
2025-07-05 06:00:00+00:00,9898.210041960449,-0.00035725156392757125,-0.0004258202220047827,0.07772891211291301,0.2370229984538795,0.1777054494553526,0.20320917862539553,0.18905164348331355,0.19301072998205895,-0.0004258202220047827,0.05243377831039871
2025-07-05 08:00:00+00:00,9886.426095515277,-0.001190512870025759,-0.001365941040576162,0.09959151906338652,0.2189255010826511,0.2693796514068284,0.21112649573730619,0.13514856607750075,0.16541978569571356,-0.001365941040576162,0.051067837269822544
2025-07-05 10:00:00+00:00,9891.397449271906,0.0005028463985469173,0.0005477909560076436,0.14011574341127656,0.18199896839750784,0.1661904406806951,0.2421222761802636,0.19748088726919935,0.2122074274723341,0.0005477909560076436,0.051615628225830185
2025-07-05 12:00:00+00:00,9895.824863903097,0.0004476025408844354,0.000485338178734889,0.07977784212742153,0.22739292047366114,0.2005743307319633,0.22018840770621656,0.19574082847085245,0.15610351261730646,0.000485338178734889,0.052100966404565074
2025-07-05 14:00:00+00:00,9890.051472097286,-0.0005834169344357278,-0.0006847256360401094,0.041954774205343784,0.24413960670224902,0.18421526833516336,0.19459269589767275,0.21145736242796168,0.16559506663695317,-0.0006847256360401094,0.05141624076852497
2025-07-05 16:00:00+00:00,9882.706683489652,-0.000742644123577644,-0.0008659497789241604,0.08834871015530951,0.27682283817446723,0.15613403983593946,0.1583164834605235,0.18746609320902535,0.2212605453200445,-0.0008659497789241604,0.05055029098960081
2025-07-05 18:00:00+00:00,9881.635192286913,-0.00010842082407747272,-0.00014206201942781985,0.12733709251313693,0.18237684409426536,0.23447559694806216,0.18867466461179377,0.15457499477609032,0.23989789956978846,-0.00014206201942781985,0.05040822897017299
2025-07-05 20:00:00+00:00,9888.225076862047,0.0006668819934050162,0.0007438409277511108,0.12537647866631613,0.23228927633876553,0.21549484589544882,0.14693073475736115,0.23003904119790627,0.1752461018105183,0.0007438409277511108,0.0511520698979241
2025-07-05 22:00:00+00:00,9908.455954654408,0.002045956441636778,0.0023202361398054687,0.10001570498167718,0.22582021267354363,0.1704441092701808,0.14951172008328154,0.18154313650671894,0.27268082146627504,0.0023202361398054687,0.05347230603772957
2025-07-06 00:00:00+00:00,9916.582457342027,0.0008201583298960695,0.0009150953379424616,0.057916348651508895,0.21427874214694828,0.18690009185396017,0.184985905262008,0.18752931739572196,0.22630594334136145,0.0009150953379424616,0.05438740137567203
2025-07-06 02:00:00+00:00,9911.320602218218,-0.0005306117451697092,-0.0006392281514599891,0.044038592511434674,0.22746298962449174,0.21153977301342433,0.1689216577998597,0.19374398127014908,0.19833159829207514,-0.0006392281514599891,0.05374817322421204
2025-07-06 04:00:00+00:00,9898.549865151797,-0.001288500047467128,-0.0015155618065840948,0.042557515457098474,0.22234565413735385,0.21744671879802693,0.19796088331791964,0.15630380130018845,0.20594294244651104,-0.0015155618065840948,0.052232611417627944
2025-07-06 06:00:00+00:00,9888.887006158146,-0.0009761893535203501,-0.001152733203531314,0.09233655252239885,0.14151286410982342,0.2059429563031586,0.2807202411387467,0.15822923680611253,0.2135947016421588,-0.001152733203531314,0.05107987821409663
2025-07-06 08:00:00+00:00,9893.2561432499,0.0004418229360930959,0.0004922047169343056,0.10898692560503243,0.18861925552876282,0.2014051436057318,0.176271128231141,0.18853292100766658,0.24517155162669768,0.0004922047169343056,0.05157208293103094
2025-07-06 10:00:00+00:00,9875.50223358495,-0.001794546649544201,-0.0021100566476758,0.07651355966562494,0.20665508667218546,0.16251427449374703,0.17598448631090904,0.2470106495298689,0.20783550299328948,-0.0021100566476758,0.04946202628335514
2025-07-06 12:00:00+00:00,9917.913529415824,0.0042945963483901764,0.0049694203691215575,0.09545820880712527,0.2495216183596237,0.1828764102589333,0.2082140276654099,0.19223474527430592,0.16715319844172727,0.0049694203691215575,0.05443144665247669
2025-07-06 14:00:00+00:00,9987.781037337469,0.007044577240406559,0.008100271185027852,0.04502563994679204,0.228122371969033,0.17947181683409086,0.21647046601521885,0.172012945142947,0.20392240003871032,0.008100271185027852,0.06253171783750454
2025-07-06 16:00:00+00:00,9994.726418766513,0.000695387834703352,0.000757178291494072,0.06553285803512958,0.19539696467020382,0.18255369753864026,0.22784413876436882,0.2230902497243772,0.17111494930240992,0.000757178291494072,0.06328889612899861
2025-07-06 18:00:00+00:00,9982.81329066851,-0.0011919413897746992,-0.0014403104952643582,0.09926787924048526,0.24119986407456367,0.16744203622918064,0.14368792083334317,0.2301621867761337,0.2175079920867788,-0.0014403104952643582,0.06184858563373426
2025-07-06 20:00:00+00:00,9966.464348923542,-0.0016377088571063424,-0.001962314672691212,0.11596158373505527,0.2125421562272377,0.2343019054448829,0.19278963535269614,0.1872130647839045,0.17315323819127865,-0.001962314672691212,0.05988627096104304
2025-07-06 22:00:00+00:00,10028.233213977284,0.006197670797910784,0.007109872291067108,0.04517034768804003,0.24019011297714243,0.22935102102607924,0.1734607749843495,0.2047354557220399,0.15226263529038903,0.007109872291067108,0.06699614325211015
2025-07-07 00:00:00+00:00,10000.989245986553,-0.0027167266067125787,-0.0032490337295290814,0.07368202727445544,0.21476848361917367,0.22353404600302773,0.23259603148929028,0.1622920328286046,0.16680940605990355,-0.0032490337295290814,0.06374710952258106
2025-07-07 02:00:00+00:00,9985.297745383114,-0.0015689948481582702,-0.0018888611152351345,0.06421991272572916,0.21746045588191867,0.2320306691836375,0.16837611876356118,0.1891392223301185,0.1929935338407641,-0.0018888611152351345,0.061858248407345925
2025-07-07 04:00:00+00:00,10011.257353547662,0.0025997830837395045,0.0029759754275255324,0.026477084556393596,0.20922508517485158,0.24480180526741482,0.18208206723617743,0.17879681930942057,0.18509422301213552,0.0029759754275255324,0.06483422383487146
2025-07-07 06:00:00+00:00,10003.481189021617,-0.0007767420466211148,-0.0009655645758524173,0.08498819620955582,0.16697963191864817,0.2092217912192434,0.1749193383309965,0.19968327794998392,0.24919596058112803,-0.0009655645758524173,0.06386865925901904
2025-07-07 08:00:00+00:00,10018.38794274476,0.001490156620627377,0.0016916184967807881,0.10010270195993538,0.20613649996732683,0.19348845241004417,0.23586517224225326,0.16706168943393643,0.1974481859464394,0.0016916184967807881,0.06556027775579983
2025-07-07 10:00:00+00:00,9997.048693680796,-0.0021300082594044555,-0.0025763301251218867,0.05233689155474665,0.1702507655882995,0.2052447468673233,0.25098566725354754,0.19252179152010962,0.18099702877072005,-0.0025763301251218867,0.06298394763067794
2025-07-07 12:00:00+00:00,9974.649091771711,-0.002240621466937898,-0.0027043058033551413,0.11903709551182516,0.24063640199388103,0.17263865972326808,0.16557480124065452,0.24117325062635325,0.17997688641584314,-0.0027043058033551413,0.060279641827322795
2025-07-07 14:00:00+00:00,9980.932533047337,0.0006299410854270648,0.0007002626295289329,0.055035720505352034,0.24102032501372908,0.1575243957814005,0.1663206090076335,0.20125179406286875,0.2338828761343681,0.0007002626295289329,0.06097990445685173
2025-07-07 16:00:00+00:00,9913.603994848752,-0.006745716191914515,-0.008142005371994816,0.09493054440050692,0.1931173525928924,0.23233611194206222,0.1864394372474788,0.1969722418983017,0.19113485631926497,-0.008142005371994816,0.052837899084856914
2025-07-07 18:00:00+00:00,9898.330145572007,-0.0015406959249816817,-0.0018432825522798932,0.06862466175326427,0.19750117264150446,0.19760365836920787,0.15254722906706883,0.24543089511409766,0.20691704480812118,-0.0018432825522798932,0.050994616532577024
2025-07-07 20:00:00+00:00,9924.207031200449,0.002614267785361581,0.0030612053731541586,0.13155778654587705,0.17373494079493018,0.2736689119352944,0.20803976204685937,0.17163461489126203,0.17292177033165407,0.0030612053731541586,0.05405582190573118
2025-07-07 22:00:00+00:00,9919.368367816534,-0.0004875617133642778,-0.0006043314815134344,0.05115749865791083,0.1728732370020117,0.22337311707030205,0.21396113839016057,0.18737277180292555,0.20241973573460018,-0.0006043314815134344,0.05345149042421775
2025-07-08 00:00:00+00:00,9928.648554280124,0.0009355622373799718,0.0010827929978456424,0.06641630178339411,0.2276793124150056,0.20717184694101767,0.2255713647605608,0.16690627667498337,0.17267119920843266,0.0010827929978456424,0.054534283422063394
2025-07-08 02:00:00+00:00,9890.64615031313,-0.0038275505230377597,-0.004602477882283307,0.09467581519593621,0.16116575221592586,0.18494327765507598,0.21963767904964596,0.246503095947227,0.18775019513212515,-0.004602477882283307,0.049931805539780084
2025-07-08 04:00:00+00:00,9912.632893257962,0.002222983474556463,0.0026223203361580532,0.1370007173618693,0.1977747953908077,0.2116551164500875,0.1708528705032781,0.15828718713172554,0.26143003052410113,0.0026223203361580532,0.052554125875938135
2025-07-08 06:00:00+00:00,9930.459258636085,0.0017983481856014756,0.0021151332261709756,0.09712583538585039,0.22728604113040335,0.15299685387895706,0.1323852976885581,0.2172788895082366,0.27005291779384477,0.0021151332261709756,0.05466925910210911
2025-07-08 08:00:00+00:00,9947.1653477369,0.0016823078032658205,0.001975468882753827,0.12816763733872255,0.20523651551084393,0.1912780683716393,0.22227172053459854,0.21605353858630752,0.1651601569966108,0.001975468882753827,0.05664472798486294
2025-07-08 10:00:00+00:00,9935.730430493802,-0.0011495654131957256,-0.001411779466443177,0.05655093342162157,0.2156020359232508,0.20346759457586563,0.19818812534241098,0.18358620035687348,0.19915604380159913,-0.001411779466443177,0.05523294851841976
2025-07-08 12:00:00+00:00,9970.492490284683,0.003498691921450692,0.004144934133491708,0.029742352923129434,0.23523670914214226,0.19095460623227722,0.1961805255740247,0.16836443554571875,0.20926372350583713,0.004144934133491708,0.05937788265191147
2025-07-08 14:00:00+00:00,9987.526197080191,0.0017084117772623358,0.002003621994262086,0.09048692179232616,0.22342559705684445,0.17465211992000151,0.13380720217927203,0.17918078105863175,0.28893429978525026,0.002003621994262086,0.061381504646173556
2025-07-08 16:00:00+00:00,9938.113032778687,-0.004947487828963124,-0.006062104659433278,0.11078074807244559,0.18904023986350912,0.2203876051817771,0.1550992830586585,0.22293396298991527,0.21253890890614,-0.006062104659433278,0.05531939998674028
2025-07-08 18:00:00+00:00,10018.93520296778,0.00813254688516011,0.009625199915907165,0.0655857884274113,0.20094899747955539,0.18948305218279013,0.19959668370081166,0.2321135931591271,0.1778576734777156,0.009625199915907165,0.06494459990264745
2025-07-08 20:00:00+00:00,10012.484750756865,-0.0006438261232595612,-0.0008240708608740963,0.08824318524904502,0.18926567104332553,0.23744135028112467,0.23988157085152217,0.20043484818659157,0.13297655963743601,-0.0008240708608740963,0.06412052904177336
2025-07-08 22:00:00+00:00,10017.535880040723,0.0005044830938169503,0.0005507085265318428,0.10322788213764365,0.23102385939718356,0.1936564166421898,0.18619783370624873,0.1946756368331563,0.1944462534212217,0.0005507085265318428,0.0646712375683052
2025-07-09 00:00:00+00:00,10027.288749401114,0.0009735796783941238,0.001111396529790364,0.04911347386014968,0.23837992097175928,0.17859857022550987,0.21923329742805087,0.16062000938968654,0.20316820198499352,0.001111396529790364,0.06578263409809557
2025-07-09 02:00:00+00:00,10009.823928640832,-0.0017417291150934996,-0.002160665760309449,0.028110043108052485,0.22162750691925814,0.1844355838711443,0.21609933982489762,0.15239633793728832,0.22544123144741146,-0.002160665760309449,0.06362196833778612
2025-07-09 04:00:00+00:00,9999.526448337594,-0.0010287374060370504,-0.0012935082901112587,0.06240015020889027,0.25033379593220767,0.12945336160795473,0.22635755328139576,0.17583198567673097,0.2180233035017108,-0.0012935082901112587,0.06232846004767486
2025-07-09 06:00:00+00:00,10061.592939496712,0.006206943046731509,0.0073405803158743425,0.1336165947862822,0.20713331065830726,0.26306995639423697,0.21204915649407466,0.15764255923687653,0.16010501721650458,0.0073405803158743425,0.0696690403635492
2025-07-09 08:00:00+00:00,10053.96606801406,-0.000758018290792938,-0.000981192999702665,0.13188891282048062,0.1871218675966369,0.20876797013465337,0.15447367299484802,0.1967603519753026,0.2528761372985592,-0.000981192999702665,0.06868784736384655
2025-07-09 10:00:00+00:00,10032.99714008871,-0.002085637427409076,-0.0025975438799002,0.023000038403646048,0.18363982728429135,0.20047878400486466,0.17127653023650624,0.18553154001379074,0.25907331846054693,-0.0025975438799002,0.06609030348394634
2025-07-09 12:00:00+00:00,10066.075650717823,0.003296971998221805,0.0038937581031979664,0.10800684173167865,0.13805091670547423,0.24282702620785632,0.18784177514756265,0.23462489463142144,0.1966553873076855,0.0038937581031979664,0.0699840615871443
2025-07-09 14:00:00+00:00,10094.937481653918,0.002867237634364143,0.0033725723852906656,0.1612844138215526,0.29464531461390975,0.15684618088556276,0.1925317910606797,0.17244515781216016,0.1835315556276877,0.0033725723852906656,0.07335663397243497
2025-07-09 16:00:00+00:00,10089.94048625907,-0.0004950001328812966,-0.0006766168541402687,0.12986244205543118,0.19085312658259312,0.18526728954436802,0.2791218222556189,0.1463749037880456,0.19838285782937443,-0.0006766168541402687,0.0726800171182947
2025-07-09 18:00:00+00:00,10094.020569528147,0.0004043713909545171,0.00041728033760796894,0.10450736221264995,0.19662216713086134,0.21648579321605965,0.17461446004296882,0.19724960480027387,0.21502797480983615,0.00041728033760796894,0.07309729745590268
2025-07-09 20:00:00+00:00,10283.674449958113,0.018788735283787078,0.021261990161942645,0.09106508879658219,0.23351668853414703,0.16620263489355827,0.2046435132531867,0.22139111898335256,0.1742460443357554,0.021261990161942645,0.09435928761784533
2025-07-09 22:00:00+00:00,10258.038465410358,-0.0024928817683311563,-0.00307200262192814,0.12723508608783254,0.15882529018324087,0.22395011390439246,0.23625101359473227,0.16884743124642618,0.2121261510712082,-0.00307200262192814,0.09128728499591719
2025-07-10 00:00:00+00:00,10285.291396317949,0.0026567390051701004,0.00293593582283476,0.0925754036935995,0.23380622522452596,0.18583779570344974,0.2352671947021337,0.18644189989874058,0.15864688447114997,0.00293593582283476,0.09422322081875195
2025-07-10 02:00:00+00:00,10295.323662037916,0.0009753992700253303,0.0010081617768811792,0.08670550260571608,0.18289201135837452,0.2162102813563226,0.19947590596256912,0.2020832958119984,0.19933850551073543,0.0010081617768811792,0.09523138259563313
2025-07-10 04:00:00+00:00,10298.799546559174,0.00033761779963009507,0.0002668917539327571,0.15877697664637785,0.2719433225709461,0.14754063299333603,0.2692015713963754,0.1564303292602896,0.15488414377905296,0.0002668917539327571,0.09549827434956588
2025-07-10 06:00:00+00:00,10304.865057125617,0.0005889531628439724,0.000560806471356346,0.13427536885961938,0.16410914276114447,0.2122094260936828,0.24276038234655758,0.21032586793905497,0.17059518085956013,0.000560806471356346,0.09605908082092222
2025-07-10 08:00:00+00:00,10320.174597866448,0.0014856614478657546,0.0016038203441148158,0.053163750917476674,0.17052609894997778,0.20009023972940007,0.2544261651084546,0.16928130338586103,0.20567619282630648,0.0016038203441148158,0.09766290116503704
2025-07-10 10:00:00+00:00,10305.002064156488,-0.0014701818817190026,-0.0018856806620777828,0.056195327075519955,0.19309107125100425,0.1837755877542055,0.21454549000812928,0.19720260262173245,0.21138524836492859,-0.0018856806620777828,0.09577722050295925
2025-07-10 12:00:00+00:00,10301.443551388502,-0.00034531897672915524,-0.0005385814323749412,0.06383231033397457,0.2498070373918477,0.17694914924955077,0.19303357904896523,0.20431894681486357,0.17589128749477279,-0.0005385814323749412,0.09523863907058432
2025-07-10 14:00:00+00:00,10295.49903686749,-0.0005770564573166055,-0.0008144876203913026,0.16085260616951358,0.17750017428629714,0.2438284369468758,0.2870068975211537,0.1605875089577661,0.1310769822879072,-0.0008144876203913026,0.09442415145019302
2025-07-10 16:00:00+00:00,10297.314818136934,0.00017636651345827607,8.351623319396668e-05,0.10322255503189522,0.19726507389875003,0.26390456319455696,0.18378434248925854,0.1761573698009345,0.17888865061650003,8.351623319396668e-05,0.09450766768338699
2025-07-10 18:00:00+00:00,10438.863041239807,0.013746129510730423,0.014908948269760624,0.060893031133985545,0.19594910327705892,0.20432750268226252,0.18891917803085254,0.20411817607230046,0.2066860399375256,0.014908948269760624,0.10941661595314761
2025-07-10 20:00:00+00:00,10419.208802781837,-0.0018827949346900464,-0.0023904647192116058,0.043693082801917665,0.1949866239098302,0.2401619763568905,0.1512040564927244,0.21197678519959012,0.20167055804096476,-0.0023904647192116058,0.10702615123393601
2025-07-10 22:00:00+00:00,10673.0190372059,0.024359837606508006,0.0232821041801824,0.04668525723657228,0.2048359688484565,0.2097379296006114,0.18803996879067045,0.2062106380761364,0.19117549468412534,0.0232821041801824,0.13030825541411842
2025-07-11 00:00:00+00:00,10658.989092478032,-0.0013145244732497916,-0.0016655531588232048,0.08055236144590662,0.1500978926216344,0.20500641620215115,0.22022471505977445,0.1851278662555122,0.239543109860928,-0.0016655531588232048,0.12864270225529523
2025-07-11 02:00:00+00:00,10671.06009204274,0.001132471331003293,0.0010187065560552755,0.07643029640597462,0.22652818902760888,0.1662410805929331,0.21539368272986015,0.16117404955501402,0.23066299809458377,0.0010187065560552755,0.1296614088113505
2025-07-11 04:00:00+00:00,10708.80428320735,0.003537061064134989,0.003546048052644702,0.07275552940652315,0.18269230288754307,0.20038482197809598,0.18965192402098063,0.1997858375763743,0.22748511353700596,0.003546048052644702,0.13320745686399518
2025-07-11 06:00:00+00:00,10770.640600343564,0.005774343754996283,0.0057821016741805625,0.06080632590491729,0.20472035775193634,0.16257557566685896,0.22843019506150464,0.1793464665654085,0.22492740495429148,0.0057821016741805625,0.13898955853817574
2025-07-11 08:00:00+00:00,10694.47633269413,-0.0070714705350956005,-0.00856304335028025,0.047693484591435284,0.2096599157478632,0.15096409843821107,0.19234818769871734,0.2142992456467957,0.2327285524684128,-0.00856304335028025,0.1304265151878955
2025-07-11 10:00:00+00:00,10772.499218264538,0.007295624689156968,0.007233671716599193,0.05693663006932935,0.22134365174913298,0.16132800666297462,0.22723717354201328,0.1585219495053967,0.2315692185404824,0.007233671716599193,0.1376601869044947
2025-07-11 12:00:00+00:00,10727.365025766474,-0.004189760573065637,-0.00499256543805752,0.08907107629833827,0.219526160453069,0.21218147441860197,0.16998815352965968,0.1967395580481076,0.20156465355056172,-0.00499256543805752,0.13266762146643718
2025-07-11 14:00:00+00:00,10780.572561010893,0.004959981795773591,0.00494000275900693,0.052119693672397466,0.22665345601173678,0.16724107706065153,0.18514714562292928,0.18956026173366058,0.2313980595710218,0.00494000275900693,0.13760762422544412
2025-07-11 16:00:00+00:00,10704.78211924107,-0.007030279824276404,-0.008435506024765706,0.05593373869184197,0.20742450388515848,0.20962001824391668,0.19870194313150608,0.1853849880419048,0.1988685466975139,-0.008435506024765706,0.12917211820067842
2025-07-11 18:00:00+00:00,10776.112978755062,0.006663457389364205,0.006594091389862525,0.05440426257904413,0.22583272742885477,0.19884866514063268,0.15506903365574598,0.2048745030252898,0.21537507074947676,0.006594091389862525,0.13576620959054095
2025-07-11 20:00:00+00:00,10798.75503737119,0.002101134115869721,0.0020063825384469738,0.03810381990626159,0.19709361544253948,0.19160039256595357,0.18372159021357803,0.20275806768002266,0.22482633409790634,0.0020063825384469738,0.13777259212898793
2025-07-11 22:00:00+00:00,10699.081028783303,-0.009230138867206944,-0.011178110182531984,0.046931562354606396,0.17518098453791947,0.1872350167387007,0.16306803459084449,0.20557372570104956,0.2689422384314858,-0.011178110182531984,0.12659448194645595
2025-07-12 00:00:00+00:00,10691.493870321168,-0.0007091411348062536,-0.0009713190746638772,0.022604059937434515,0.17532736037781155,0.2080833949807369,0.1642438771515161,0.20600718899588416,0.24633817849405126,-0.0009713190746638772,0.12562316287179207
2025-07-12 02:00:00+00:00,10722.38989006549,0.002889775752487172,0.0028399311140262975,0.03687984971342108,0.15430331600173408,0.21796312300887347,0.19124399883680063,0.1970539366600442,0.23943562549254763,0.0028399311140262975,0.12846309398581837
2025-07-12 04:00:00+00:00,10728.197737092636,0.0005416560194782255,0.00037470441707393757,0.05664045749768648,0.18977002252847305,0.17238207949646453,0.2021178398698511,0.18599452267476665,0.24973553543044466,0.00037470441707393757,0.1288377984028923
2025-07-12 06:00:00+00:00,10672.847947976255,-0.005159281220648023,-0.006057849140085501,0.030288551044215628,0.18243359017377528,0.18142372252993927,0.19584591862802464,0.20724143068550754,0.23305533798275327,-0.006057849140085501,0.1227799492628068
2025-07-12 08:00:00+00:00,10684.490956530875,0.0010908998808351856,0.0009758570045596551,0.10401936073529364,0.22116821442108614,0.1527196425921328,0.2611306551160074,0.17205214217410025,0.1929293456966734,0.0009758570045596551,0.12375580626736646
2025-07-12 10:00:00+00:00,10708.357764722514,0.002233780559948011,0.0021813827966737573,0.051361860791687766,0.2148984463103049,0.1754257033061157,0.22283278866885312,0.20070794225180513,0.18613511946292116,0.0021813827966737573,0.12593718906404022
2025-07-12 12:00:00+00:00,10685.031662103624,-0.0021783081151561957,-0.0026145277240457103,0.07734662120966831,0.19541594364924697,0.22366989485667707,0.25193521832796,0.16057990098014144,0.16839904218597443,-0.0026145277240457103,0.12332266133999452
2025-07-12 14:00:00+00:00,10623.284999476415,-0.005778800155193163,-0.006789887852746341,0.049914928186025664,0.1831459637872609,0.23432963751505143,0.21429027000392056,0.1987814178856406,0.1694527108081267,-0.006789887852746341,0.11653277348724818
2025-07-12 16:00:00+00:00,10544.32747856929,-0.007432495778002462,-0.008702659962699255,0.03802430614364939,0.19956990152411055,0.20468152335974865,0.227621654612856,0.19040522589729383,0.17772169460599085,-0.008702659962699255,0.10783011352454892
2025-07-12 18:00:00+00:00,10617.878406335021,0.006975402453614846,0.007024495656333947,0.029600840143039375,0.20012979064763228,0.1750806832167094,0.23190384236509046,0.2119277906886626,0.18095789308190538,0.007024495656333947,0.11485460918088287
2025-07-12 20:00:00+00:00,10622.944981299677,0.00047717394857653753,0.0003387568276997861,0.04540278265756091,0.20633112099248996,0.20098117937729515,0.1990737620556275,0.22522874684077998,0.16838519073380734,0.0003387568276997861,0.11519336600858265
2025-07-12 22:00:00+00:00,10615.754745808497,-0.0006768589599058661,-0.000909472111610546,0.05620217939197979,0.24959368861399078,0.19841303787609446,0.15080514440538698,0.238168358611259,0.16301977049326882,-0.000909472111610546,0.1142838938969721
2025-07-13 00:00:00+00:00,10624.924907330947,0.0008638256762734159,0.0007572405554577162,0.1289154093157487,0.19617549461147335,0.27434974115376454,0.20378385044346561,0.16426853109020362,0.16142238270109294,0.0007572405554577162,0.11504113445242982
2025-07-13 02:00:00+00:00,10656.362104203507,0.0029588159113358276,0.0029672288262555884,0.06726088663306537,0.23067077622009177,0.21108033346623734,0.23113986569867298,0.16027705214466542,0.1668319724703325,0.0029672288262555884,0.11800836327868541
2025-07-13 04:00:00+00:00,10652.729470107713,-0.00034088876300111,-0.0005535241272571817,0.065417563073591,0.2129868386108056,0.24118995221671324,0.22716353415280544,0.19558499646778055,0.12307467855189523,-0.0005535241272571817,0.11745483915142824
2025-07-13 06:00:00+00:00,10678.315683930383,0.0024018458268808894,0.0023902815971654605,0.04091938357711713,0.2087064995448645,0.20811485639016228,0.2298935607610509,0.19202104778315543,0.16126403552076682,0.0023902815971654605,0.1198451207485937
2025-07-13 08:00:00+00:00,10704.735278823648,0.0024741350298365336,0.0024644593509456497,0.0732574674919213,0.16700526771803392,0.2198241887073046,0.19833732509596022,0.20376691728813487,0.21106630119056638,0.0024644593509456497,0.12230958009953935
2025-07-13 10:00:00+00:00,10683.618996010571,-0.0019726113970187135,-0.0023892778709134373,0.08076628107094558,0.16755094241584984,0.23187553299157593,0.26650658718481857,0.12434354048296135,0.20972339692479433,-0.0023892778709134373,0.11992030222862592
2025-07-13 12:00:00+00:00,10723.198410218536,0.003704682301263717,0.00375729799250171,0.11558904654665027,0.23410059117054943,0.2122087105679347,0.2194086634771308,0.173382938274912,0.16089909650947304,0.00375729799250171,0.12367760022112763
2025-07-13 14:00:00+00:00,10761.308208754277,0.003553958164144726,0.0035928261745527073,0.12256263832204613,0.15446864192414134,0.18412736289870058,0.2045593220707269,0.2027540209208436,0.2540906521855876,0.0035928261745527073,0.12727042639568034
2025-07-13 16:00:00+00:00,10778.246120381122,0.0015739639919489837,0.001503848130913822,0.04503093838026641,0.19575382388802823,0.16615134853088712,0.1795352565867041,0.2064997773372231,0.2520597936571574,0.001503848130913822,0.12877427452659415
2025-07-13 18:00:00+00:00,10776.17077172636,-0.00019254975545945408,-0.0004220881505361705,0.039096982514347234,0.19233338116752288,0.2031305908510421,0.15162678852659833,0.20861751753141536,0.2442917219234213,-0.0004220881505361705,0.12835218637605797
2025-07-13 20:00:00+00:00,10787.30853331672,0.0010335546667079344,0.0009251554766735516,0.09174573695962106,0.17171505585190833,0.13670204224786844,0.21705592736557933,0.23493411565205535,0.23959285888258838,0.0009251554766735516,0.12927734185273151
2025-07-13 22:00:00+00:00,10727.928635824273,-0.005504607317854241,-0.006625981212545919,0.11322622797921476,0.22194236307427911,0.19970096300471255,0.1953412884456076,0.1978756824598362,0.18513970301556462,-0.006625981212545919,0.1226513606401856
2025-07-14 00:00:00+00:00,10740.955309004965,0.0012142766439730427,0.0011364149646484396,0.08208453607767596,0.21736903010491757,0.1707869451750983,0.14674410316690745,0.20319471089408087,0.2619052106589959,0.0011364149646484396,0.12378777560483403
2025-07-14 02:00:00+00:00,10743.863172623709,0.0002707267217009639,0.00010320334588110108,0.06915646886185725,0.25878181430405783,0.18417189460783454,0.14340724589549156,0.21755344612406158,0.19608559906855452,0.00010320334588110108,0.12389097895071513
2025-07-14 04:00:00+00:00,10873.952391068082,0.012108234845716374,0.011869477849168962,0.11214604686346645,0.1862368329474727,0.2037910741221257,0.18980513652241626,0.17795238061718027,0.24221457579080513,0.011869477849168962,0.1357604567998841
2025-07-14 06:00:00+00:00,10905.997582798667,0.002946968183979463,0.0029188096637508738,0.0547459921650173,0.15863479443819392,0.2167804209246268,0.19902582495735852,0.21048833754475424,0.21507062213506664,0.0029188096637508738,0.138679266463635
2025-07-14 08:00:00+00:00,10949.047707395073,0.003947380720522591,0.003940771510819692,0.045765148888205306,0.1932848023640804,0.19477762170573565,0.2050367052485319,0.2155925982158996,0.1913082724657524,0.003940771510819692,0.1426200379744547
2025-07-14 10:00:00+00:00,10926.127902408723,-0.0020933149255408707,-0.0026044869784124566,0.09795821456945068,0.1675530728070774,0.25410558745598677,0.24366695406773148,0.1906111560122699,0.14406322965693444,-0.0026044869784124566,0.14001555099604224
2025-07-14 12:00:00+00:00,10920.620318567679,-0.0005040746264585547,-0.0007972716734436054,0.12673972007617235,0.2102664325287735,0.16598798481722157,0.2050448366303244,0.20196433998328092,0.21673640604039973,-0.0007972716734436054,0.13921827932259864
2025-07-14 14:00:00+00:00,10930.209421663718,0.0008780731145588218,0.0007279753298701685,0.07235144352170647,0.23606446938026204,0.21254139148743947,0.2025070420876221,0.16514231165827303,0.18374478538640343,0.0007279753298701685,0.13994625465246882
2025-07-14 16:00:00+00:00,10795.970233687362,-0.012281483620093778,-0.01558939983998141,0.1291333641593841,0.1604859043469138,0.15898659236140367,0.2312635745421759,0.22871263950666032,0.22055128924284645,-0.01558939983998141,0.12435685481248741
2025-07-14 18:00:00+00:00,10798.94193843833,0.000275260554322224,0.00010075858656887356,0.15280494587474222,0.2506485762659912,0.1810755617232813,0.12822288466406195,0.17894838351003195,0.26110459383663354,0.00010075858656887356,0.12445761339905628
2025-07-14 20:00:00+00:00,10766.508517465129,-0.003003388772538742,-0.003560745823009322,0.14883941524550612,0.20020994684061852,0.20913605062420684,0.19553198077676026,0.23241821374191426,0.16270380801650014,-0.003560745823009322,0.12089686757604697
2025-07-14 22:00:00+00:00,10792.912737624618,0.0024524403725365,0.0024358271182769436,0.11926849275239244,0.1884402301671744,0.23363198008043343,0.2903045440729261,0.15249643710832503,0.13512680857114104,0.0024358271182769436,0.12333269469432391
2025-07-15 00:00:00+00:00,10791.25587159952,-0.00015351426119868155,-0.00036394585082110813,0.09314340558429354,0.19316758137034304,0.24503064930379584,0.19716113848863262,0.17216823816481192,0.1924723926724167,-0.00036394585082110813,0.1229687488435028
2025-07-15 02:00:00+00:00,10671.694278009914,-0.011079488338727012,-0.013485664337071549,0.08187393588994415,0.1753966517083206,0.2687788025292566,0.2243708932039871,0.20308426611394073,0.1283693864444949,-0.013485664337071549,0.10948308450643125
2025-07-15 04:00:00+00:00,10558.254199864401,-0.010629996998627225,-0.012497814117298923,0.063167395854451,0.20341293935291285,0.22779964666293465,0.25952200141384585,0.19622927030720083,0.11303614226310578,-0.012497814117298923,0.09698527038913232
2025-07-15 06:00:00+00:00,10606.279692646249,0.004548620621623679,0.004606476851800742,0.05025632283772918,0.20215164915661354,0.21040240670531202,0.22792420873003863,0.21569726860214505,0.14382446680589075,0.004606476851800742,0.10159174724093306
2025-07-15 08:00:00+00:00,10589.802176172681,-0.0015535623188394508,-0.00181751291841074,0.11483842443262512,0.1324445201021944,0.2583111503655326,0.24830154587245395,0.17056597322393902,0.19037681043587992,-0.00181751291841074,0.09977423432252232
2025-07-15 10:00:00+00:00,10592.08201392064,0.00021528615077339542,9.34727359622032e-05,0.07887090504935428,0.1789800586688761,0.18394374224156781,0.2437980489470645,0.1930602615412244,0.20021788860126716,9.34727359622032e-05,0.09986770705848452
2025-07-15 12:00:00+00:00,10613.126354285017,0.0019867992276419656,0.0019714512735413627,0.11676132224485519,0.171752634962432,0.26261122566209266,0.19352574068792583,0.23115410036555478,0.14095629832199474,0.0019714512735413627,0.10183915833202589
2025-07-15 14:00:00+00:00,10725.994424711394,0.010634761771285937,0.010566553757551857,0.05029446060951677,0.17679413058612417,0.22917580592589235,0.19965986537128985,0.21429505949223834,0.18007513862445534,0.010566553757551857,0.11240571208957775
2025-07-15 16:00:00+00:00,10678.725924075281,-0.004406910796747413,-0.005018764444148196,0.06946533995183564,0.17375010652201547,0.19169958486871863,0.19357069080662315,0.1914391392263518,0.24954047857629097,-0.005018764444148196,0.10738694764542955
2025-07-15 18:00:00+00:00,10796.703493738,0.011047906885290273,0.010771748900877015,0.02733052205047183,0.19564806931598874,0.19664783654174042,0.19405499839009993,0.18831256641093444,0.22533652934123652,0.010771748900877015,0.11815869654630656
2025-07-15 20:00:00+00:00,10719.735354625627,-0.007128855502701736,-0.008126966204323087,0.04058720801745158,0.23449616602518164,0.19838694784999902,0.19195890500632526,0.18286023064364884,0.19229775047484512,-0.008126966204323087,0.11003173034198348
2025-07-15 22:00:00+00:00,10811.112006125337,0.008524151807561133,0.008289657914165272,0.035255111876689574,0.2650937575505586,0.1960307800265187,0.19661642535763796,0.16975557227731702,0.17250346478796777,0.008289657914165272,0.11832138825614875
2025-07-16 00:00:00+00:00,10855.410376928969,0.004097485141078288,0.00397835900439761,0.08457061713219884,0.24596955099830192,0.17594342790721038,0.15125736689700417,0.23338807969242834,0.19344157450505536,0.00397835900439761,0.12229974726054636
2025-07-16 02:00:00+00:00,10858.680651439841,0.0003012575662569508,0.00012212372059604933,0.07825560537304505,0.2911385221397298,0.14667130114602286,0.18434400112862134,0.18790141221286685,0.1899447633727593,0.00012212372059604933,0.1224218709811424
2025-07-16 04:00:00+00:00,10804.407342271246,-0.004998149490785346,-0.005664458980528565,0.13422951074944023,0.15690901139028943,0.20373604210863322,0.23822142359982237,0.1966480734640634,0.20448544943719146,-0.005664458980528565,0.11675741200061385
2025-07-16 06:00:00+00:00,10843.62302298164,0.0036296003536414436,0.003532211865661572,0.12616796594851137,0.2800707353834452,0.19110195052550105,0.18107855742961101,0.19965431541941905,0.14809444124202367,0.003532211865661572,0.12028962386627542
2025-07-16 08:00:00+00:00,10889.985562280386,0.004275558012343975,0.004163026986948837,0.15307988413553825,0.21438389054410603,0.23046870527250676,0.29479168681814355,0.13979993211535124,0.1205557852498924,0.004163026986948837,0.12445265085322427
2025-07-16 10:00:00+00:00,10943.090088649422,0.004876455167486485,0.004736234319757699,0.138591327747286,0.2562634609844578,0.2448630356702103,0.15620035907085758,0.18292504281879338,0.159748101455681,0.004736234319757699,0.12918888517298197
2025-07-16 12:00:00+00:00,10909.610789831739,-0.003059400822479708,-0.003526242256797416,0.06382598491812619,0.20327257320850445,0.28128512228723496,0.17882048945976103,0.17208994567662048,0.16453186936787903,-0.003526242256797416,0.12566264291618454
2025-07-16 14:00:00+00:00,10933.312542405627,0.0021725571178011194,0.0020508053273747195,0.12245584538527435,0.17849096501009284,0.1836108851003723,0.19834630825415323,0.21915523206134127,0.22039660957404048,0.0020508053273747195,0.12771344824355926
2025-07-16 16:00:00+00:00,10996.084623918137,0.005741359836649964,0.0055713634628983075,0.0659421905394154,0.21486820014941818,0.21317584050046234,0.18923138769835804,0.19828866328040615,0.18443590837135537,0.0055713634628983075,0.13328481170645756
2025-07-16 18:00:00+00:00,11109.315530170963,0.010297384034907488,0.009654770768288206,0.08573829526528605,0.18931345596912783,0.15299228941546664,0.20082462283739855,0.2342821268188476,0.22258750495915944,0.009654770768288206,0.14293958247474578
2025-07-16 20:00:00+00:00,11144.718757666811,0.0031868054696709116,0.002999923387178807,0.1382051359659306,0.2988242358977051,0.18168664545281996,0.1525555765647801,0.17201941674145804,0.19491412534323688,0.002999923387178807,0.14593950586192458
2025-07-16 22:00:00+00:00,11168.056970403086,0.0020941051312058376,0.0019069138241167571,0.0779744465311197,0.22312382992501759,0.2084240651200599,0.16708297938228003,0.20872904078783774,0.19264008478480457,0.0019069138241167571,0.14784641968604134
2025-07-17 00:00:00+00:00,11106.044762377614,-0.005552640731490971,-0.006476203370691446,0.08890855717870397,0.17890859577201287,0.2543417036696899,0.21007389801135415,0.1716661417605217,0.1850096607864215,-0.006476203370691446,0.1413702163153499
2025-07-17 02:00:00+00:00,11076.696994897402,-0.002642503979421239,-0.0031019022858897512,0.12448077833753557,0.20138810917869548,0.17953922132411762,0.16039560201939082,0.20506275485154118,0.25361431262625495,-0.0031019022858897512,0.13826831402946016
2025-07-17 04:00:00+00:00,11052.236235410015,-0.0022083080812497916,-0.0026145057527648887,0.10828488874610578,0.24271807500653605,0.18398255579199263,0.22290719046978097,0.1420178692214741,0.20837430951021618,-0.0026145057527648887,0.13565380827669526
2025-07-17 06:00:00+00:00,11137.187337486817,0.007686327026256398,0.007310160090418402,0.06520276540317206,0.2355014232734075,0.20501546662233752,0.18445987949342135,0.18618772379430126,0.18883550681653227,0.007310160090418402,0.14296396836711367
2025-07-17 08:00:00+00:00,11217.33607126886,0.007196496867056333,0.006793793506891826,0.07977961513002893,0.24037439238899225,0.22725359903566475,0.23712839309453831,0.15853479649017252,0.13670881899063209,0.006793793506891826,0.1497577618740055
2025-07-17 10:00:00+00:00,11310.609731848415,0.008315134715314223,0.00771491282042525,0.06740629993023588,0.21304552400527219,0.18717616748914898,0.25414183710789545,0.16120564383876837,0.18443082755891502,0.00771491282042525,0.15747267469443074
2025-07-17 12:00:00+00:00,11242.191487712313,-0.00604903234734125,-0.007083375463253418,0.08873264267389973,0.19733438825245236,0.206209690969595,0.18112033018681545,0.20286266444612713,0.21247292614500987,-0.007083375463253418,0.15038929923117733
2025-07-17 14:00:00+00:00,11238.816249756721,-0.00030022953792245105,-0.0005805765767194581,0.04072857932799816,0.22018674348501852,0.18377821910902878,0.18039161426620076,0.2207388885415592,0.19490453459819268,-0.0005805765767194581,0.14980872265445788
2025-07-17 16:00:00+00:00,11307.140576054324,0.006079316965350542,0.0057022939341373905,0.06687151214646427,0.23676354058402974,0.1605643445530115,0.23068632931365388,0.20611394018939186,0.16587184535991312,0.0057022939341373905,0.15551101658859529
2025-07-17 18:00:00+00:00,11314.056901344977,0.0006116776601592912,0.0003595375261700835,0.0989706630564433,0.19505896448357832,0.24672568770735623,0.1973964479524073,0.18213773459464647,0.17868116526201158,0.0003595375261700835,0.15587055411476536
2025-07-17 20:00:00+00:00,11278.548701211825,-0.003138414491174337,-0.003701175582792114,0.09306945224546642,0.21948501104456566,0.15365623546188986,0.23280687039863032,0.1978030236572653,0.19624885943764886,-0.003701175582792114,0.15216937853197324
2025-07-17 22:00:00+00:00,11383.869017326888,0.009338108909681586,0.008555816610840655,0.0715836907787999,0.21704563609653785,0.22523992624068973,0.2072110745756213,0.1843041913245598,0.16619917176259125,0.008555816610840655,0.1607251951428139
2025-07-18 00:00:00+00:00,11360.856435061216,-0.00202150799790875,-0.0024625855054641937,0.08985935067450637,0.17926979581532923,0.173156415847392,0.23967810556863695,0.2297311331028879,0.1781645496657539,-0.0024625855054641937,0.1582626096373497
2025-07-18 02:00:00+00:00,11551.141664863922,0.016749197641073854,0.013904055101825777,0.09125934447392987,0.2139112595275266,0.15249662103132772,0.20889437640707692,0.18991531260658226,0.23478243042748634,0.013904055101825777,0.17216666473917547
2025-07-18 04:00:00+00:00,11623.144842167125,0.006233425179280783,0.005582419313573068,0.08896117035584812,0.21773473987178665,0.2376343110429159,0.2004068572258845,0.16534864983859116,0.17887544202082187,0.005582419313573068,0.17774908405274853
2025-07-18 06:00:00+00:00,11731.836052192979,0.009351273816320229,0.008102284979543456,0.12392616716672794,0.1862035052720451,0.18894249782297776,0.1567037378788362,0.21309327065689002,0.2550569883692509,0.008102284979543456,0.185851369032292
2025-07-18 08:00:00+00:00,11626.560987356876,-0.008973451757061074,-0.010696418254265868,0.07953366886970169,0.22219379519281737,0.1628262167718557,0.18494451158883754,0.15967588283831044,0.270359593608179,-0.010696418254265868,0.17515495077802612
2025-07-18 10:00:00+00:00,11696.845880405108,0.0060452005648671875,0.005337851168929842,0.12196542824839263,0.16653200868867923,0.21389659555991003,0.17811293839126557,0.23057093229864872,0.2108875250614965,0.005337851168929842,0.18049280194695597
2025-07-18 12:00:00+00:00,11623.837800798683,-0.0062416894565337526,-0.007209820010228013,0.06730178121503554,0.19533767949680814,0.20795561341090518,0.2166090487981722,0.19310990398096364,0.18698775431315087,-0.007209820010228013,0.17328298193672795
2025-07-18 14:00:00+00:00,11629.269437821662,0.000467284309714464,0.00014627881533183925,0.07172821670469955,0.1787203191890774,0.19859765416201278,0.23597246409229342,0.1473570068328872,0.23935255572372915,0.00014627881533183925,0.17342926075205978
2025-07-18 16:00:00+00:00,11445.512822642044,-0.015801217450684454,-0.019537692311932545,0.09807864080985676,0.19375782310633732,0.22726741778309215,0.19211911692333608,0.2017283801044047,0.18512726208282976,-0.019537692311932545,0.15389156844012725
2025-07-18 18:00:00+00:00,11484.276342920806,0.0033867875454280526,0.002948203645251572,0.06487708370762672,0.24316594179537773,0.1910278687578445,0.17665622315093238,0.217197345122991,0.17195262117285437,0.002948203645251572,0.15683977208537883
2025-07-18 20:00:00+00:00,11387.687769134352,-0.008410505886684962,-0.009353388247870152,0.12143904819051228,0.17765464543784348,0.18395737611512716,0.15294726645876344,0.19204904262489922,0.29339166936336664,-0.009353388247870152,0.14748638383750867
2025-07-18 22:00:00+00:00,11379.783131288461,-0.0006941389688709856,-0.0009446777846830549,0.16399361288471076,0.21596245668754077,0.22035064706744512,0.2349037263761607,0.19938511339019752,0.12939805647865588,-0.0009446777846830549,0.14654170605282563
2025-07-19 00:00:00+00:00,11373.23006581699,-0.0005758515251009434,-0.0008258470409604258,0.07357765834523798,0.19439278482592565,0.214622678397214,0.188623708562769,0.2178376822467964,0.18452314596729502,-0.0008258470409604258,0.1457158590118652
2025-07-19 02:00:00+00:00,11347.187583068437,-0.002289805323364037,-0.0025625343116343754,0.1106098512128358,0.18504408545497128,0.20367485872413066,0.29923355977560473,0.14311002881824914,0.1689374672270441,-0.0025625343116343754,0.14315332470023084
2025-07-19 04:00:00+00:00,11442.664977005594,0.008414190145197122,0.0073987305371582095,0.08996382064583952,0.17428100223129456,0.18689731260256617,0.2368103684750065,0.19407158664488774,0.2079397300462451,0.0073987305371582095,0.15055205523738904
2025-07-19 06:00:00+00:00,11445.035500290636,0.0002071653141822736,-6.247227076804914e-05,0.07066011767072225,0.21949807674162267,0.14910078257332993,0.262057297938628,0.1612079990034017,0.20813584374301772,-6.247227076804914e-05,0.150489582966621
2025-07-19 08:00:00+00:00,11426.782830877859,-0.0015948110787698056,-0.00186740357867357,0.06885831834333157,0.2280144555752721,0.20282724505289476,0.26708595479063835,0.1627948191815086,0.13927752539968613,-0.00186740357867357,0.14862217938794742
2025-07-19 10:00:00+00:00,11397.217402500964,-0.00258737991388113,-0.0028884114677743935,0.07088865650269445,0.15712579907257768,0.20873190241482553,0.2767356562759474,0.17498401352996057,0.18242262870668882,-0.0028884114677743935,0.14573376792017304
2025-07-19 12:00:00+00:00,11387.600299265734,-0.0008438115107919968,-0.0010966368791718011,0.10716230723968428,0.2045181338664911,0.17208334957059823,0.2299748810952505,0.15123103431520044,0.24219260115245966,-0.0010966368791718011,0.14463713104100123
2025-07-19 14:00:00+00:00,11376.991080357659,-0.0009316465830610443,-0.0011842326159772958,0.1333598087936276,0.15349977660137823,0.24044757669393949,0.22073060592277233,0.21622661598548673,0.16909542479642303,-0.0011842326159772958,0.14345289842502393
2025-07-19 16:00:00+00:00,11361.323716879113,-0.0013771095861712926,-0.0016360222288465962,0.10058688462526996,0.2540866612266483,0.1879760869772099,0.20294122642090445,0.1978496205686184,0.15714640480661896,-0.0016360222288465962,0.14181687619617733
2025-07-19 18:00:00+00:00,11366.782245645429,0.00048044830887149985,0.00023301008729129146,0.1220774612758203,0.19194974075351667,0.20686424159431616,0.2841797650662145,0.13790907976592973,0.17909717282002294,0.00023301008729129146,0.14204988628346862
2025-07-19 20:00:00+00:00,11639.32087813164,0.023976761989139127,0.018260344797669994,0.11765004253646218,0.22349851827445522,0.23034262944951034,0.18672188413811683,0.2005319569262592,0.15890501121165845,0.018260344797669994,0.16031023108113862
2025-07-19 22:00:00+00:00,11618.296847875541,-0.0018062935523671057,-0.002047963360299177,0.11746883885643879,0.17655284576741037,0.22792313077588927,0.25415091032199666,0.13242828925048636,0.20894482388421745,-0.002047963360299177,0.15826226772083946
2025-07-20 00:00:00+00:00,11657.171098487212,0.003345950884253668,0.002804241804292518,0.10789955047926034,0.23066676747493142,0.2173329329561273,0.20200017967203018,0.18621391802222564,0.16378620187468557,0.002804241804292518,0.16106650952513196
2025-07-20 02:00:00+00:00,11644.530138732442,-0.0010843934302731102,-0.001343539899322012,0.10745868072742687,0.1693432640260203,0.17191388479559191,0.20128405055404983,0.2135181331197852,0.24394066750455287,-0.001343539899322012,0.15972296962580995
2025-07-20 04:00:00+00:00,11712.903895429397,0.005871748871131279,0.005000718580456695,0.029017833186779224,0.17935768496658375,0.16554835709334753,0.19578400954385863,0.19636586864544148,0.26294407975076856,0.005000718580456695,0.16472368820626665
2025-07-20 06:00:00+00:00,11770.122350163498,0.004885078477970535,0.004143023771394583,0.050718021724071874,0.1931390307695632,0.19241907396903915,0.1527300965982158,0.2064318276908423,0.25527997097233956,0.004143023771394583,0.16886671197766123
2025-07-20 08:00:00+00:00,11807.131799532503,0.003144355535818933,0.0026088622890018155,0.08638112410768747,0.16858596785522503,0.13059101277568988,0.20047631122625478,0.2291625200218555,0.2711841881209749,0.0026088622890018155,0.17147557426666304
2025-07-20 10:00:00+00:00,11848.921076325354,0.003539325003088796,0.0029587420678912407,0.11594956085891098,0.19075133260327864,0.191072790526271,0.233778729586531,0.17287264412996514,0.21152450315395424,0.0029587420678912407,0.17443431633455428
2025-07-20 12:00:00+00:00,11846.33844909607,-0.00021796307129127128,-0.0005381761837344513,0.10575178950053445,0.1934791120575053,0.16456916560533966,0.15453056500692788,0.2273159961421956,0.26010516118803156,-0.0005381761837344513,0.17389614015081983
2025-07-20 14:00:00+00:00,11877.107748962244,0.0025973679545278844,0.002117831234827991,0.09548437477948604,0.2659451894650753,0.1875874629772557,0.14745392783208183,0.19679776271428526,0.20221565701130192,0.002117831234827991,0.17601397138564784
2025-07-20 16:00:00+00:00,11898.393232537917,0.0017921436788795216,0.0013756908018956971,0.13444515509279786,0.16238057444543547,0.16694133849739687,0.2701807489460352,0.18656334712098607,0.21393399099014637,0.0013756908018956971,0.17738966218754354
2025-07-20 18:00:00+00:00,11862.906951884708,-0.0029824430878756295,-0.003353293422075387,0.10425665130313738,0.18478994208715233,0.22010021185072523,0.1845546550059348,0.21525175742907823,0.19530343362710942,-0.003353293422075387,0.17403636876546816
2025-07-20 20:00:00+00:00,11861.802264938187,-9.31211001654713e-05,-0.0004165067788801084,0.11054570953697644,0.17251666730959175,0.17718276166351385,0.2951003645429113,0.1832067002640255,0.1719935062199577,-0.0004165067788801084,0.17361986198658805
2025-07-20 22:00:00+00:00,11870.185079368397,0.0007067066406079681,0.0003614827640868943,0.07997043298485139,0.22703786728302727,0.19380142705772224,0.3039309321601187,0.1479925658439958,0.12723720765513594,0.0003614827640868943,0.17398134475067495
2025-07-21 00:00:00+00:00,11831.774462609897,-0.003235890300081437,-0.0036260454035548814,0.16312741427963623,0.22392370149893512,0.18291914246369123,0.1547999682586057,0.22711922464859563,0.2112379631301724,-0.0036260454035548814,0.17035529934712007
2025-07-21 02:00:00+00:00,11812.221947107737,-0.0016525429523651493,-0.0019696876471592354,0.09965905862446224,0.21997012132539223,0.19597416747670987,0.24140400187004926,0.17077351792068549,0.17187819140716315,-0.0019696876471592354,0.16838561169996083
2025-07-21 04:00:00+00:00,11901.926531116871,0.007594217617211288,0.006492827733346524,0.12413094670108991,0.15129405436833057,0.17702411673328897,0.20489917286944195,0.26230827587807076,0.20447438015086783,0.006492827733346524,0.17487843943330736
2025-07-21 06:00:00+00:00,11936.209358686301,0.002880443555066499,0.002403019126304434,0.15782747504483863,0.25540861192699865,0.18304025108697114,0.12972991153660268,0.17965006216607135,0.25217116328335615,0.002403019126304434,0.1772814585596118
2025-07-21 08:00:00+00:00,11987.84567795767,0.004326023255765933,0.003697962132855406,0.1324630031372191,0.206500671494443,0.19389659936073303,0.21018930315665474,0.22079732540947658,0.16861610057869278,0.003697962132855406,0.1809794206924672
2025-07-21 10:00:00+00:00,11929.49142237858,-0.0048677850171518116,-0.005451640749666589,0.14000482952174986,0.17515830812610578,0.2578641110792087,0.28622662095992885,0.1389565969873567,0.1417943628474,-0.005451640749666589,0.1755277799428006
2025-07-21 12:00:00+00:00,11932.537627362206,0.00025535078368164556,-7.846675089463803e-05,0.09501455715163772,0.17916487698782657,0.25443041204412326,0.19464576284337656,0.17943101305514078,0.19232793506953283,-7.846675089463803e-05,0.17544931319190596
2025-07-21 14:00:00+00:00,11977.324744165588,0.0037533606180030457,0.003207443316701242,0.033641351166053005,0.17457535836737828,0.24128436607973192,0.1805988316508548,0.21307236422119374,0.19046907968084117,0.003207443316701242,0.1786567565086072
2025-07-21 16:00:00+00:00,11966.145830278414,-0.0009333398004941052,-0.0012731138520228021,0.05620552569547797,0.17042926869435665,0.24959741459745774,0.22849130882860694,0.18054080236015244,0.17094120551942613,-0.0012731138520228021,0.1773836426565844
2025-07-21 18:00:00+00:00,11875.668622869376,-0.007561098510106719,-0.008553760986687073,0.12987964653815248,0.24325509522073457,0.23211749076958157,0.1160915861183307,0.22094389827220892,0.1875919296191443,-0.008553760986687073,0.16882988166989732
2025-07-21 20:00:00+00:00,11776.852135748331,-0.008320919879050056,-0.009324381700977193,0.09738895276026382,0.22080121426687263,0.1814506764584152,0.19044211543115422,0.1966756407769734,0.2106303530665846,-0.009324381700977193,0.15950549996892013
2025-07-21 22:00:00+00:00,11807.190546781661,0.002576105285489666,0.0021648777512831862,0.07203400060654298,0.25357250976096407,0.16887410504778577,0.1696396067460961,0.15802072026611794,0.24989305817903612,0.0021648777512831862,0.16167037772020332
2025-07-22 00:00:00+00:00,11836.690052334723,0.002498435630066311,0.002092236483800496,0.11439724606398569,0.19928435645135023,0.1842571760051228,0.2274114422734791,0.19926305984538353,0.18978396542466422,0.002092236483800496,0.16376261420400381
2025-07-22 02:00:00+00:00,11902.049347177444,0.005521754354785165,0.00479899859905473,0.055670647001889256,0.23057340699674028,0.197239953459564,0.1717407952715899,0.2049811199963885,0.19546472427571734,0.00479899859905473,0.16856161280305854
2025-07-22 04:00:00+00:00,11787.506841415296,-0.00962376330504059,-0.01087280903441565,0.1209553212925679,0.1618244168149739,0.26472198136008385,0.22521408866363796,0.18481739518086354,0.1634221179804408,-0.01087280903441565,0.1576888037686429
2025-07-22 06:00:00+00:00,11721.455922932406,-0.005603468093084808,-0.006081159521566864,0.048368437506930526,0.1645789505929718,0.2669756313288975,0.17684565115670745,0.1963876973882909,0.1952120695331324,-0.006081159521566864,0.151607644247076
2025-07-22 08:00:00+00:00,11746.682578221475,0.0021521776351788196,0.0017832738686517594,0.08874789603055956,0.19315304150645757,0.17822773529833794,0.21715528127205613,0.21127774436869368,0.20018619755445471,0.0017832738686517594,0.15339091811572778
2025-07-22 10:00:00+00:00,11720.430242453655,-0.0022348723218667058,-0.0025050615099593207,0.09200380290972783,0.2683423080150236,0.17755981254585432,0.23396981767321787,0.16946692923008166,0.15066113253582247,-0.0025050615099593207,0.15088585660576845
2025-07-22 12:00:00+00:00,11823.009312797141,0.008752159112037115,0.007539436723126414,0.04706075816021879,0.22128154985480492,0.19223006800229317,0.2399543726910688,0.18932456925183036,0.15720944020000285,0.007539436723126414,0.15842529332889485
2025-07-22 14:00:00+00:00,11714.157835556836,-0.009206748836988939,-0.010155656712602013,0.1345182988301775,0.23528049941298187,0.1810362968614123,0.15879527734493723,0.1471591369086653,0.27772878947200336,-0.010155656712602013,0.14826963661629283
2025-07-22 16:00:00+00:00,11844.221280950975,0.011103098252556216,0.009324630741568656,0.17504893280251832,0.17533976327209225,0.22812531420780896,0.18769238957532147,0.24622194013440274,0.1626205928103747,0.009324630741568656,0.1575942673578615
2025-07-22 18:00:00+00:00,11918.01424021623,0.006230292183407258,0.005319158162369723,0.06116742760665042,0.19760364321803955,0.19847414534976374,0.2109807179623875,0.2147056813857975,0.17823581208401174,0.005319158162369723,0.16291342552023122
2025-07-22 20:00:00+00:00,11861.287774585937,-0.004759724605704403,-0.005119566119641314,0.05864792324922696,0.19942085867724207,0.22150353496771522,0.24359247469213124,0.1560577581365705,0.17942537352634091,-0.005119566119641314,0.1577938594005899
2025-07-22 22:00:00+00:00,11935.002074609036,0.006214696196903651,0.00530279281840243,0.04230034099858221,0.2103714350446463,0.2120156013035775,0.21078006735768684,0.17201835322683165,0.19481454306725782,0.00530279281840243,0.16309665221899233
2025-07-23 00:00:00+00:00,12016.269144260745,0.006809137454998843,0.005766242721132442,0.07316133978439451,0.23738891530465678,0.15006461437448365,0.20410208687240397,0.16748598085681385,0.24095840259164186,0.005766242721132442,0.16886289494012477
2025-07-23 02:00:00+00:00,12046.22958211987,0.002493322802563522,0.002019675700458248,0.07403756627447007,0.26879231227233596,0.1926987836812745,0.18789046729893188,0.1670181680042597,0.183600268743198,0.002019675700458248,0.17088257064058301
2025-07-23 04:00:00+00:00,12009.623681721845,-0.0030387848868792047,-0.003356218956179663,0.10057681736798471,0.1682154949043513,0.1938469361937277,0.2040600131743183,0.19396689699651404,0.2399106587310888,-0.003356218956179663,0.16752635168440336
2025-07-23 06:00:00+00:00,11983.648084744002,-0.002162898494261408,-0.0024498673499361015,0.09253081132519948,0.24264025554947394,0.15688744497815502,0.16176269359999035,0.2120729476765908,0.22663665819578985,-0.0024498673499361015,0.16507648433446725
2025-07-23 08:00:00+00:00,11916.935993733247,-0.005566926743758841,-0.006022848474650232,0.09317418363281425,0.23641147112684308,0.1978044387130078,0.2140198834979519,0.17441626839403918,0.17734793826815815,-0.006022848474650232,0.15905363585981702
2025-07-23 10:00:00+00:00,11881.187738754137,-0.0029997857669042025,-0.0032738639109035506,0.09469946116447472,0.21311066033841716,0.2354771177116431,0.14262123312190306,0.23125553635659224,0.17753545247144448,-0.0032738639109035506,0.15577977194891346
2025-07-23 12:00:00+00:00,11949.280693895422,0.0057311572410541104,0.0049261126836800525,0.09707352831450743,0.21860318924211244,0.16150236842046167,0.19225567195358004,0.2081567573332662,0.2194820130505796,0.0049261126836800525,0.1607058846325935
2025-07-23 14:00:00+00:00,11678.737929408031,-0.022640924706505867,-0.02753944636521123,0.06343983572059803,0.2179318091830341,0.17899011657121486,0.23820775952342493,0.2029215887312291,0.16194872599109708,-0.02753944636521123,0.13316643826738228
2025-07-23 16:00:00+00:00,11796.191403037348,0.010057034787428375,0.008279167551002957,0.08974345293746717,0.17968675133575962,0.13701802405300864,0.24625078343787493,0.19339528615924265,0.2436491550141143,0.008279167551002957,0.14144560581838525
2025-07-23 18:00:00+00:00,11671.005950660878,-0.010612361914052737,-0.010871752630356871,0.1334212219218085,0.2146751897603921,0.19837724463573334,0.18187039085872697,0.2304688490736939,0.17460832567145365,-0.010871752630356871,0.1305738531880284
2025-07-23 20:00:00+00:00,11663.395536943228,-0.0006520786425628333,-0.0008120264851389177,0.08565359178436487,0.29733833889472333,0.14829486046552082,0.18486083350876062,0.1952618810230537,0.1742440861079415,-0.0008120264851389177,0.12976182670288947
2025-07-23 22:00:00+00:00,11645.605219234832,-0.0015253120458827898,-0.0016190195561213365,0.12032430118022557,0.2388201483930094,0.1825995577657505,0.14572435289001345,0.17259225096328923,0.2602636899879374,-0.0016190195561213365,0.12814280714676812
2025-07-24 00:00:00+00:00,11714.440887406956,0.00591087082863054,0.004937485252976108,0.10078039548786114,0.17102275288474778,0.204546505192845,0.21926276390229776,0.17788728801177153,0.22728069000833792,0.004937485252976108,0.13308029239974423
2025-07-24 02:00:00+00:00,11799.546652264338,0.007265030032194738,0.006021516744810329,0.06933774202987947,0.22015459956120234,0.1873973672899411,0.1866009297903823,0.19809318336519646,0.20775391999327783,0.006021516744810329,0.13910180914455456
2025-07-24 04:00:00+00:00,11744.892654500743,-0.004631872679032603,-0.004630640188145105,0.07144189637726928,0.21346817879591062,0.25883926366721044,0.1713605313145562,0.1863540360306467,0.1699779901916762,-0.004630640188145105,0.13447116895640945
2025-07-24 06:00:00+00:00,11489.100583659647,-0.021779004573794492,-0.02358132411152003,0.10550875683376347,0.21472947869543557,0.15333050683344696,0.24338083272748307,0.20131855717204195,0.1872406245715926,-0.02358132411152003,0.11088984484488942
2025-07-24 08:00:00+00:00,11582.65344190923,0.008142748648457172,0.006623689824063184,0.15956825659619384,0.26115429875182866,0.2150993587705464,0.11640828368775254,0.16872284961557862,0.23861520917429388,0.006623689824063184,0.1175135346689526
2025-07-24 10:00:00+00:00,11691.368328721624,0.009386008772310715,0.007532811350727696,0.11988086237289906,0.1788290838372591,0.24197258965787596,0.17135732689639122,0.20678143789250936,0.2010595617159643,0.007532811350727696,0.1250463460196803
2025-07-24 12:00:00+00:00,11714.174192520626,0.0019506582256052594,0.0014742403967109767,0.07876441849827319,0.20918896213526422,0.21096274996043743,0.21029522798903555,0.15902685909167477,0.2105262008235881,0.0014742403967109767,0.12652058641639127
2025-07-24 14:00:00+00:00,11621.59142614349,-0.007903482128193803,-0.007518005381232792,0.09028665115063858,0.20282442962592973,0.18235695207172914,0.25555980266562084,0.20404893556572803,0.1552098800709923,-0.007518005381232792,0.11900258103515848
2025-07-24 16:00:00+00:00,11772.171299485497,0.01295690648728793,0.01015244412931019,0.06357314652991862,0.22281205735126242,0.1486200199221661,0.23355181775672934,0.19622070609426387,0.19879539887557815,0.01015244412931019,0.12915502516446867
2025-07-24 18:00:00+00:00,11778.327448599835,0.0005229408371425162,0.00023514935894141588,0.10782723915534402,0.26975760055540127,0.16778645918348029,0.15927026238086403,0.16267502231478526,0.24051065556546924,0.00023514935894141588,0.1293901745234101
2025-07-24 20:00:00+00:00,11765.890906421379,-0.001055883548214217,-0.0011391708928669125,0.18335271563609518,0.17521766549151116,0.23963255679059553,0.1446408195378613,0.2741816403437652,0.1663273178362669,-0.0011391708928669125,0.12825100363054318
2025-07-24 22:00:00+00:00,11742.200568567101,-0.002013475906133788,-0.0019891018866137608,0.08650330902284012,0.16690235677541881,0.22238362150126822,0.2311441285607014,0.22064189216407534,0.15892800099853627,-0.0019891018866137608,0.12626190174392943
2025-07-25 00:00:00+00:00,11692.336473586121,-0.00424657155954743,-0.004017469162890152,0.06395167617045626,0.18862693044637563,0.24171429569301237,0.1983613723836024,0.18947297217071812,0.1818244293062916,-0.004017469162890152,0.12224443258103927
2025-07-25 02:00:00+00:00,11634.379297396166,-0.004956851551517093,-0.004659838124430985,0.10419616084359273,0.2764072765492921,0.20487019815984672,0.13100930907317523,0.20211453598306395,0.18559868023462198,-0.004659838124430985,0.1175845944566083
2025-07-25 04:00:00+00:00,11468.268206702696,-0.01427760660430303,-0.013747261858881218,0.11210192144077445,0.19146081884896168,0.17771473441940266,0.18453069347810477,0.20855891322759437,0.23773484002593645,-0.013747261858881218,0.10383733259772708
2025-07-25 06:00:00+00:00,11519.038564432238,0.004427029156840709,0.003557507713622556,0.02135520761002148,0.19652134696970885,0.186413938322685,0.18916576846555147,0.1872037056175729,0.24069524062448175,0.003557507713622556,0.10739484031134963
2025-07-25 08:00:00+00:00,11531.750901570394,0.0011035935913443068,0.0007814145732138317,0.0695030473614133,0.2538164866925095,0.18094734049404804,0.14760909486897936,0.19941161325618556,0.21821546468827752,0.0007814145732138317,0.10817625488456346
2025-07-25 10:00:00+00:00,11692.338463081653,0.013925687684546587,0.010904409465857138,0.06348419335955321,0.23916813794642103,0.2414741752517092,0.13025917596089595,0.1679256875508043,0.22117282329016966,0.010904409465857138,0.1190806643504206
2025-07-25 12:00:00+00:00,11723.277583623774,0.0026461020299583136,0.0020292490707910595,0.07109800951030112,0.21262283113296002,0.196921472554869,0.19043544057354422,0.1712537982095233,0.22876645752910343,0.0020292490707910595,0.12110991342121166
2025-07-25 14:00:00+00:00,11707.794508587416,-0.0013207121409448978,-0.0013346051014120454,0.05901203314819331,0.22285198919162172,0.18674115412181636,0.18695581632133412,0.22003667329905494,0.1834143670661729,-0.0013346051014120454,0.11977530831979961
2025-07-25 16:00:00+00:00,11509.278100007019,-0.016955918421252603,-0.016316145742331492,0.08196991305293716,0.20779983782177316,0.2042823881090968,0.2513844953869908,0.16351646893106903,0.17301680975107017,-0.016316145742331492,0.10345916257746812
2025-07-25 18:00:00+00:00,11563.619797010624,0.004721555646793524,0.0037162460302921792,0.08732079654425197,0.20559018841584745,0.20637117183738105,0.16627334824866458,0.21895630116193723,0.2028089903361697,0.0037162460302921792,0.1071754086077603
2025-07-25 20:00:00+00:00,11575.906085425242,0.001062495017156786,0.0007271066185345759,0.08837818634798826,0.2610576066295848,0.1813949298377949,0.19918411638291544,0.18958911861058744,0.16877422853911736,0.0007271066185345759,0.10790251522629488
2025-07-25 22:00:00+00:00,11707.380039701538,0.011357551910500568,0.0088188017738312,0.14627925517829454,0.13946422537965303,0.25881240802044003,0.17449824245455267,0.24441521711067613,0.18280990703467806,0.0088188017738312,0.11672131700012607
2025-07-26 00:00:00+00:00,11743.52518407677,0.003087381143574378,0.0023555662476396223,0.12300917291506994,0.1984684410499067,0.18249034245156764,0.19536124468438193,0.1977281097644786,0.22595186204966508,0.0023555662476396223,0.11907688324776569
2025-07-26 02:00:00+00:00,11666.07413204603,-0.006595213176343239,-0.005965651977007949,0.043130911200595576,0.17759342818248394,0.16023444411839488,0.205509105559274,0.22318179031868163,0.2334812318211656,-0.005965651977007949,0.11311123127075774
2025-07-26 04:00:00+00:00,11730.289353049187,0.005504441363591372,0.004295297977460501,0.0828128770638176,0.21865274745482005,0.19388364777755482,0.15129992973793732,0.23128614445100315,0.20487753057868466,0.004295297977460501,0.11740652924821825
2025-07-26 06:00:00+00:00,11731.572166308686,0.00010935904655789084,-9.481876504271382e-05,0.08395872986828269,0.1754345838048952,0.2387475430086029,0.19039476437517192,0.20576222974604275,0.1896608790652872,-9.481876504271382e-05,0.11731171048317553
2025-07-26 08:00:00+00:00,11725.702301002397,-0.0005003477132542992,-0.0006091488176825823,0.06893590305841427,0.2019278826596145,0.1698116399501887,0.2085718711998596,0.206050072692841,0.21363853349749629,-0.0006091488176825823,0.11670256166549295
2025-07-26 10:00:00+00:00,11760.153427498522,0.0029380864029934727,0.002250979508684555,0.06546357302672101,0.19004579961577336,0.17402307060454902,0.1907856135397315,0.17025484037008914,0.2748906758698569,0.002250979508684555,0.1189535411741775
2025-07-26 12:00:00+00:00,11738.693684066984,-0.0018247843077761363,-0.0017528064542043959,0.1250898291753833,0.23757469133224104,0.17901525839235388,0.17631052403968,0.2428235900412,0.16427593619452516,-0.0017528064542043959,0.11720073471997311
2025-07-26 14:00:00+00:00,11764.398106429931,0.0021897174468259307,0.0016453178438991156,0.05116869353659455,0.24509923419525584,0.1611710706941554,0.21103081033939608,0.20949908420280386,0.17319980056838877,0.0016453178438991156,0.11884605256387222
2025-07-26 16:00:00+00:00,11751.226252790264,-0.0011196368501393253,-0.001148851276830387,0.0945965389370998,0.21860172382614854,0.15619200445172693,0.1653090725302857,0.19210085968635024,0.2677963395054886,-0.001148851276830387,0.11769720128704184
2025-07-26 18:00:00+00:00,11742.150892726877,-0.0007722904714928206,-0.0008484896669259923,0.06701662710365328,0.20496021266829123,0.20703266001074533,0.13197368192015033,0.17206113435068968,0.2839723110501235,-0.0008484896669259923,0.11684871162011584
2025-07-26 20:00:00+00:00,11794.877499804104,0.004490370423521478,0.003541673752544825,0.11060373827288798,0.19001102128393096,0.2603113244345746,0.15701376943121753,0.2043461206886812,0.1883177641615958,0.003541673752544825,0.12039038537266067
2025-07-26 22:00:00+00:00,11805.264499092744,0.0008806364702654797,0.0005547422784187935,0.03884190121817056,0.19439980128416867,0.2518203223606583,0.19146689064915032,0.1878426737273784,0.17447031197864424,0.0005547422784187935,0.12094512765107947
2025-07-27 00:00:00+00:00,11791.73398163267,-0.001146142677372002,-0.0011860545990214106,0.06177245644252141,0.1903414817930354,0.19657410194605493,0.20157220862537173,0.23950981219367848,0.17200239544185958,-0.0011860545990214106,0.11975907305205806
2025-07-27 02:00:00+00:00,11823.784040500956,0.002718010677497224,0.0021020883976634905,0.09761778902123937,0.21559654303151032,0.20430327198458711,0.12543145304049927,0.21803277875731147,0.23663595318609174,0.0021020883976634905,0.12186116144972155
2025-07-27 04:00:00+00:00,11829.890510205747,0.0005164564646879182,0.0002454318249359715,0.05041620136765103,0.18691785275822903,0.19709858206318043,0.17268452152841993,0.20349995758434852,0.2397990860658222,0.0002454318249359715,0.12210659327465752
2025-07-27 06:00:00+00:00,11854.805949386282,0.002106142838688167,0.0015948004416872432,0.0852188069606478,0.2365571950215735,0.16947017993193272,0.20826398622572317,0.15816919167904778,0.22753944714172275,0.0015948004416872432,0.12370139371634477
2025-07-27 08:00:00+00:00,11819.469710144838,-0.0029807522276037624,-0.0028369836374644796,0.08571613852603126,0.20529687531160848,0.19586784400176702,0.22400880458906755,0.20174284777190044,0.17308362832565657,-0.0028369836374644796,0.12086441007888028
2025-07-27 10:00:00+00:00,11763.384315327889,-0.004745170146576887,-0.004439545048986882,0.08309095643437663,0.20119904294358146,0.17136391191964515,0.2693526367304321,0.14725365578767266,0.21083075261866863,-0.004439545048986882,0.1164248650298934
2025-07-27 12:00:00+00:00,11818.239853346213,0.004663244568728853,0.0037398001988182984,0.07534298013095013,0.2058045755988275,0.2067074766550117,0.1940096565994819,0.17197144883455584,0.22150684231212292,0.0037398001988182984,0.12016466522871169
2025-07-27 14:00:00+00:00,11812.00534291725,-0.00052753290729642,-0.0006533829337346687,0.0717011548810777,0.21244363025703314,0.2225586126485991,0.13105241899837416,0.22118241306384054,0.212762925032153,-0.0006533829337346687,0.11951128229497703
2025-07-27 16:00:00+00:00,11878.237588903772,0.005607197428693745,0.004508715068174179,0.16980064086512672,0.18515640970183891,0.2139562143259332,0.30085305986350097,0.15748823255307615,0.14254608355565085,0.004508715068174179,0.12401999736315121
2025-07-27 18:00:00+00:00,11943.880764246831,0.00552633964860081,0.004427344281048117,0.13908938209316218,0.17010752344684427,0.2568056634215816,0.17681256402533344,0.19276317361105666,0.2035110754951841,0.004427344281048117,0.12844734164419933
2025-07-27 20:00:00+00:00,11940.855520792544,-0.0002532881493043714,-0.0004362536174650395,0.12753041734342174,0.26072620483244546,0.17971452693946957,0.2048124340487981,0.20167503954541255,0.15307179463387438,-0.0004362536174650395,0.12801108802673428
2025-07-27 22:00:00+00:00,11979.168030327965,0.0032085229964223805,0.002526918659834696,0.11712192683854643,0.1883553077786914,0.2226755148697134,0.1600614042640057,0.2016810221060522,0.22722675098153727,0.002526918659834696,0.13053800668656898
2025-07-28 00:00:00+00:00,12034.025986162473,0.004579446226617906,0.0036562683733556397,0.046330974023954405,0.21507302997866476,0.20980419203524092,0.17967465608798677,0.18009656193499746,0.21535155996311015,0.0036562683733556397,0.13419427505992462
2025-07-28 02:00:00+00:00,12006.455287944389,-0.0022910618815171653,-0.002278429163362787,0.10120664405889611,0.1606338654565336,0.23353520800611716,0.13290717655122178,0.24547719986443717,0.22744655012169027,-0.002278429163362787,0.13191584589656183
2025-07-28 04:00:00+00:00,12048.408623843556,0.003494231635651106,0.002767841807694902,0.09746986576018522,0.19878398186566285,0.229757039608522,0.18514843771258976,0.15178550250184708,0.23452503831137825,0.002767841807694902,0.13468368770425673
2025-07-28 06:00:00+00:00,12123.333284836137,0.006218635450685785,0.00498216522493139,0.10816657248243552,0.2584801471484156,0.22485847313019186,0.14335270079840706,0.20025590970152987,0.1730527692214556,0.00498216522493139,0.13966585292918812
2025-07-28 08:00:00+00:00,12081.88835982598,-0.0034186080706034086,-0.0033473809178131975,0.07099602802072927,0.23447110304666077,0.18364787666190346,0.18586284468732553,0.19447952225084383,0.2015386533532664,-0.0033473809178131975,0.13631847201137492
2025-07-28 10:00:00+00:00,12075.30117942096,-0.0005452111630929755,-0.0007186790573870839,0.07326775656111209,0.20589934801034315,0.15855063784706425,0.2187421898674202,0.1748807595408886,0.24192706473428385,-0.0007186790573870839,0.13559979295398783
2025-07-28 12:00:00+00:00,12032.900226681166,-0.003511378483217845,-0.003429551807194908,0.05500043718244546,0.21668982231479134,0.13522221017145356,0.18707018036058534,0.20206214411636203,0.2589556430368076,-0.003429551807194908,0.13217024114679293
2025-07-28 14:00:00+00:00,11951.455485204506,-0.006768504678204572,-0.006535251096596543,0.04897483932383595,0.21391275413408287,0.179247224767934,0.14816007466410702,0.19477447866971292,0.2639054677641632,-0.006535251096596543,0.12563499005019638
2025-07-28 16:00:00+00:00,11885.796174159772,-0.005493833878728734,-0.005253115077191098,0.081131455500479,0.23461853887974682,0.1804136587747967,0.12976207258523956,0.25403371541766523,0.2011720143425516,-0.005253115077191098,0.12038187497300527
2025-07-28 18:00:00+00:00,11841.249519363835,-0.003747889846267328,-0.003585499461196917,0.04148989515138975,0.23949529107403664,0.1747131355495903,0.15215725042684586,0.2682516805331589,0.1653826424163683,-0.003585499461196917,0.11679637551180835
2025-07-28 20:00:00+00:00,11844.010895523386,0.00023319972736281935,2.0450906514563226e-05,0.1176240047279742,0.19744841401121763,0.2032320488680199,0.20945867066775958,0.1926745528680037,0.19718631358499916,2.0450906514563226e-05,0.11681682641832292
2025-07-28 22:00:00+00:00,11826.684071552501,-0.0014629186112479083,-0.0014925856546881325,0.08872045705391764,0.253185898523913,0.2362150214092422,0.18912238412813956,0.16280452215650035,0.1586721737822049,-0.0014925856546881325,0.11532424076363479
2025-07-29 00:00:00+00:00,11816.784810325249,-0.000837027620536845,-0.0009278886519135879,0.0356080264787943,0.23169782597847596,0.2430572377592768,0.20386915064251795,0.17682356577088168,0.14455221984884767,-0.0009278886519135879,0.1143963521117212
2025-07-29 02:00:00+00:00,11772.706309052528,-0.0037301602745788884,-0.0035731165372366504,0.05801167796400844,0.22020260599302943,0.20748752737279808,0.25060312892470754,0.16587681817879846,0.1558299195306665,-0.0035731165372366504,0.11082323557448455
2025-07-29 04:00:00+00:00,11844.597553470896,0.006106603063994409,0.005065022249772153,0.09783494872283403,0.22794414229449067,0.2696122082401614,0.15276818020187352,0.1746430905932834,0.17503237867019103,0.005065022249772153,0.1158882578242567
2025-07-29 06:00:00+00:00,11874.265534681992,0.0025047690372902373,0.0020112789038883166,0.04623916785135082,0.23703184952412762,0.22337304038881056,0.1604211257821378,0.20369792304101103,0.17547606126391296,0.0020112789038883166,0.11789953672814502
2025-07-29 08:00:00+00:00,11925.113958880715,0.00428223741924975,0.0035257718911086036,0.0753541274594652,0.17770547078255203,0.22322345890303524,0.21153396024299323,0.18781975580889682,0.1997173542625228,0.0035257718911086036,0.12142530861925362
2025-07-29 10:00:00+00:00,11930.41882910954,0.00044484859827068285,0.00019957664223058943,0.047936706744680146,0.17910808133978973,0.19695039162667255,0.25001095174600657,0.1958768604933259,0.17805371479420531,0.00019957664223058943,0.12162488526148421
2025-07-29 12:00:00+00:00,11858.073959798028,-0.006063900215723723,-0.005862299923495605,0.05529712258680698,0.22906979852174528,0.19664115618022301,0.1950230646056491,0.19867122932770312,0.1805947513646795,-0.005862299923495605,0.11576258533798861
2025-07-29 14:00:00+00:00,11837.170192479518,-0.001762829898799768,-0.0017779567806872588,0.05338775596317499,0.21066251866361155,0.1708006916208568,0.2250802323100266,0.189531217782028,0.20392533962347692,-0.0017779567806872588,0.11398462855730135
2025-07-29 16:00:00+00:00,11707.215844636174,-0.010978497878311228,-0.010700488554618687,0.09977469565000022,0.2181174526945762,0.24972708835421073,0.1279431860878631,0.18689356835419135,0.2173187045091586,-0.010700488554618687,0.10328414000268266
2025-07-29 18:00:00+00:00,11771.43549755885,0.005485476117884986,0.004580324519937547,0.07574961618262721,0.1771842992167908,0.21491062564936889,0.1302572035698104,0.23914581420690587,0.23850205735712396,0.004580324519937547,0.1078644645226202
2025-07-29 20:00:00+00:00,11710.259196591707,-0.00519701280101563,-0.0049220540461637425,0.1452673253043027,0.22785997226065166,0.2112598899519255,0.22484885583025233,0.15212020456126082,0.18391107739590976,-0.0049220540461637425,0.10294241047645646
2025-07-29 22:00:00+00:00,11738.770281168243,0.0024347099494460758,0.001985978803718307,0.0945334784754929,0.20295771155085035,0.1826949937976135,0.18378253421887267,0.22363845765245177,0.20692630278021165,0.001985978803718307,0.10492838928017477
2025-07-30 00:00:00+00:00,11753.189670510616,0.001228356037046374,0.0009317747826945546,0.10961459265047117,0.29083390655702235,0.2044333914419127,0.17586242950978687,0.15632277853197965,0.17254749395929841,0.0009317747826945546,0.10586016406286933
2025-07-30 02:00:00+00:00,11772.947056640061,0.0016810233377769668,0.0013298875444337807,0.14191161748795716,0.1489222890690652,0.22025607866784608,0.28722660570425623,0.16790237725224524,0.17569264930658726,0.0013298875444337807,0.1071900516073031
2025-07-30 04:00:00+00:00,11784.24277608874,0.0009594640487496646,0.0006934792746784031,0.15236591417349643,0.20834000932015223,0.21467833270789136,0.1404384374907145,0.1992258264062388,0.2373173940750031,0.0006934792746784031,0.10788353088198151
2025-07-30 06:00:00+00:00,11761.176435454974,-0.0019573884442172693,-0.0019401983218075892,0.04200880232994848,0.2214243969568914,0.18772351194925233,0.13901839619724185,0.2281502410994481,0.22368345379716628,-0.0019401983218075892,0.10594333256017392
2025-07-30 08:00:00+00:00,11774.800242832867,0.0011583711419228208,0.0008772651464569426,0.07200729754161367,0.23474764270644852,0.17099208672178373,0.19770244798929848,0.1978163052112393,0.19874151737123008,0.0008772651464569426,0.10682059770663087
2025-07-30 10:00:00+00:00,11742.975811188026,-0.002702757667945335,-0.002635165581322879,0.050031459319411664,0.24840193050829673,0.20125618423066416,0.1613349880211799,0.18415230585994616,0.20485459137991305,-0.002635165581322879,0.104185432125308
2025-07-30 12:00:00+00:00,11662.895320103355,-0.006819437625714439,-0.0065424394238790245,0.12058660223792188,0.1450739607543595,0.24162116172206663,0.14407635553719525,0.21580434410635174,0.25342417788002686,-0.0065424394238790245,0.09764299270142897
2025-07-30 14:00:00+00:00,11670.486892573257,0.0006509166258928256,0.0004475963396731681,0.09669186398370165,0.23483267733421717,0.21665114264432175,0.1510095029410392,0.18724618555925762,0.2102604915211642,0.0004475963396731681,0.09809058904110214
2025-07-30 16:00:00+00:00,11744.666611365994,0.006356180292695785,0.0054226981456573274,0.08597507220938198,0.19307055701997825,0.22638441196548514,0.16028540291553678,0.2542120884729787,0.1660475396260212,0.0054226981456573274,0.10351328718675946
2025-07-30 18:00:00+00:00,11765.185939932735,0.0017471188621807966,0.001411600145791791,0.14052794614140873,0.23182325751438745,0.16668776573109784,0.20940387253438103,0.17338078856595723,0.21870431565417642,0.001411600145791791,0.10492488733255126
2025-07-30 20:00:00+00:00,11673.957633759617,-0.0077540896199079145,-0.007481244427451343,0.080250365868244,0.1813396093428473,0.22018206215997363,0.18245535477611335,0.2001368580053255,0.21588611571574032,-0.007481244427451343,0.09744364290509991
2025-07-30 22:00:00+00:00,11701.92487322631,0.0023956947886991206,0.0019999653453420486,0.055682485458386055,0.19384082005949085,0.17486446791359536,0.22563662951785576,0.19374424846804303,0.2119138340410149,0.0019999653453420486,0.09944360825044196
2025-07-31 00:00:00+00:00,11793.9333318044,0.007862677258217765,0.00668656265326737,0.1046141960380158,0.1583321358903591,0.27781900091319184,0.22729629255627515,0.1925160795099601,0.14403649113021383,0.00668656265326737,0.10613017090370933
2025-07-31 02:00:00+00:00,11816.607151641236,0.0019224985591273455,0.0015592974329124909,0.10830321096397706,0.1571949508571218,0.17065297498245205,0.3056424642056605,0.20573383854866972,0.1607757714060959,0.0015592974329124909,0.10768946833662181
2025-07-31 04:00:00+00:00,11851.511362691683,0.0029538268136128456,0.002466649952926883,0.11874533048912604,0.23426294393235145,0.1550430812850708,0.24423725976367175,0.16400360619891366,0.20245310881999226,0.002466649952926883,0.11015611828954869
2025-07-31 06:00:00+00:00,11854.226379365302,0.00022908611319957705,3.895922876884914e-05,0.08962355079964215,0.22874935380313693,0.20527423646619014,0.17829582703100977,0.20339600181743656,0.18428458088222668,3.895922876884914e-05,0.11019507751831753
2025-07-31 08:00:00+00:00,11870.546785270877,0.0013767584136899667,0.001073543389205626,0.0416644016123066,0.20019290560295677,0.19216628305406366,0.20300372278401216,0.2077644830635375,0.1968726054954299,0.001073543389205626,0.11126862090752315
2025-07-31 10:00:00+00:00,11901.133787853769,0.002576713873100048,0.0021418163153370034,0.050422580241914594,0.20927301803501547,0.19734503568360293,0.18688527193954732,0.17346035366608775,0.23303632067574653,0.0021418163153370034,0.11341043722286015
2025-07-31 12:00:00+00:00,11813.040735701776,-0.007402072249780196,-0.007265622151262009,0.14601384277161356,0.14400632668136065,0.24970249811453887,0.2581463270998475,0.19585567884646524,0.1522891692577878,-0.007265622151262009,0.10614481507159815
2025-07-31 14:00:00+00:00,11779.376773086902,-0.0028497288181807954,-0.002797934007887481,0.13447950393452332,0.23110494444218338,0.1957375226689987,0.17763179861086426,0.21067589541834286,0.18484983885961068,-0.002797934007887481,0.10334688106371066
2025-07-31 16:00:00+00:00,11764.697538981336,-0.0012461808793741802,-0.001296454102418429,0.024975282539103055,0.23277789198948515,0.18428191093575844,0.18540809283034118,0.19715622461248009,0.20037587963193507,-0.001296454102418429,0.10205042696129224
2025-07-31 18:00:00+00:00,11747.055121946385,-0.0014996065114716666,-0.0015306535794498784,0.08438614324136193,0.19688051215630115,0.2242601534977411,0.1494290944659116,0.18464645956873174,0.24478378031131434,-0.0015306535794498784,0.10051977338184236
2025-07-31 20:00:00+00:00,11676.310233643562,-0.0060223509269701275,-0.005837219567089552,0.10175888236568426,0.15439652985390737,0.20936090190900597,0.2511879768315959,0.15720681422455182,0.22784777718093893,-0.005837219567089552,0.09468255381475281
2025-07-31 22:00:00+00:00,11653.11799334544,-0.0019862644820190776,-0.001964136579264552,0.07794538326817893,0.1882180568293181,0.1862325337525808,0.19637096171984209,0.1883253406873402,0.24085310701091872,-0.001964136579264552,0.09271841723548825
2025-08-01 00:00:00+00:00,11537.395659758871,-0.009930589705918424,-0.009638892329676014,0.0861188740289961,0.1725097050369783,0.18873420159739532,0.2782419301040275,0.19007157848733638,0.17044258477426244,-0.009638892329676014,0.08307952490581223
2025-08-01 02:00:00+00:00,11533.507948153456,-0.0003369661334382843,-0.00040774580068641826,0.1306152989549034,0.22995431340782949,0.13415650734317425,0.20318398629226653,0.189091917598415,0.24361327535831465,-0.00040774580068641826,0.08267177910512581
2025-08-01 04:00:00+00:00,11547.57811638019,0.0012199383127823897,0.0010088253848964997,0.13397122771742587,0.16763301281370363,0.25213082781059853,0.13426381244807942,0.20508882484841665,0.24088352207920177,0.0010088253848964997,0.0836806044900223
2025-08-01 06:00:00+00:00,11484.86949308923,-0.005430456729451057,-0.00517071488251836,0.10175699954357885,0.18519160508558988,0.15758458033432624,0.21655954038740666,0.19787807278111008,0.24278620141156712,-0.00517071488251836,0.07850988960750395
2025-08-01 08:00:00+00:00,11443.305833980523,-0.003618992722008606,-0.003437203276914632,0.08420234643722378,0.21293627361087053,0.20239306763655346,0.2282087309971225,0.17989125395538488,0.17657067380006847,-0.003437203276914632,0.07507268633058932
2025-08-01 10:00:00+00:00,11384.919441874817,-0.0051022312042319305,-0.00482090929648219,0.09126305740866898,0.21838481654683836,0.16005952231637957,0.17927921890862747,0.21153753464345895,0.23073890758469562,-0.00482090929648219,0.07025177703410714
2025-08-01 12:00:00+00:00,11446.099667454664,0.005373795211481152,0.00478396603871238,0.07427910796549934,0.2839179877456293,0.16880545908308797,0.17083274654311512,0.17131067938840516,0.20513312723976243,0.00478396603871238,0.07503574307281952
2025-08-01 14:00:00+00:00,11364.462830628498,-0.007132284288794802,-0.0067484816190521,0.13088616240154233,0.18481768800272383,0.18927910640389908,0.13904688388447822,0.17890424830182464,0.30795207340707415,-0.0067484816190521,0.06828726145376741
2025-08-01 16:00:00+00:00,11436.819018055148,0.006366881436018507,0.0056674383287365,0.09682035265649758,0.19540466417200938,0.21856374043202673,0.19599562634356266,0.16514692221366437,0.2248890468387369,0.0056674383287365,0.07395469978250391
2025-08-01 18:00:00+00:00,11350.552117529249,-0.007542910348560384,-0.007113330693319132,0.05922586015989903,0.1900319066727263,0.1728272376958376,0.1907593581139174,0.22437278237356342,0.22200871514395537,-0.007113330693319132,0.06684136908918478
2025-08-01 20:00:00+00:00,11337.3630946793,-0.001161971921135126,-0.0011208126791456066,0.1883090030727762,0.211271237627854,0.21792733509689166,0.3127289328305119,0.12999039510144608,0.12808209934329653,-0.0011208126791456066,0.06572055641003918
2025-08-01 22:00:00+00:00,11375.07080580827,0.0033259683767794387,0.0029577291961419947,0.19418740957118324,0.1832911219538389,0.17810214112164668,0.1863468329085886,0.2306427282767158,0.22161717573920997,0.0029577291961419947,0.06867828560618118
2025-08-02 00:00:00+00:00,11300.251010057513,-0.0065775235185835884,-0.0061724770786463976,0.11886931267103162,0.2306835499448978,0.21347520193546013,0.2224506567747479,0.16623711297890886,0.1671534783659853,-0.0061724770786463976,0.06250580852753479
2025-08-02 02:00:00+00:00,11370.533487422397,0.006219550105774758,0.005566236552810944,0.09921522965657086,0.16037709545741208,0.18456642676637502,0.23099191304780756,0.210712139157813,0.2133524255705924,0.005566236552810944,0.06807204508034573
2025-08-02 04:00:00+00:00,11382.250967843025,0.0010305128104665376,0.0008752855284022853,0.15848199398932972,0.24992355979191752,0.14997858613101575,0.13300745368600703,0.18480244516564306,0.28228795522541666,0.0008752855284022853,0.06894733060874801
2025-08-02 06:00:00+00:00,11386.9669941927,0.00041433160830819796,0.0003134823041234063,0.16815152971513136,0.2280669898676107,0.24988066390612848,0.16346670917154144,0.2225926416201273,0.1359929954345921,0.0003134823041234063,0.06926081291287142
2025-08-02 08:00:00+00:00,11386.28098453195,-6.0245161077663486e-05,-0.00012130949852334271,0.14232858816187416,0.18693295830328505,0.228003505141516,0.2992244542947409,0.1432752437871912,0.14256383847326673,-0.00012130949852334271,0.06913950341434807
2025-08-02 10:00:00+00:00,11332.134079775053,-0.004755451304113698,-0.004488958140578059,0.10946898857745958,0.20135881050919113,0.250891626235864,0.18975546571728139,0.16881999474032344,0.18917410279734004,-0.004488958140578059,0.06465054527377001
2025-08-02 12:00:00+00:00,11331.247599417176,-7.822713282730202e-05,-0.00012645499699385956,0.08771246362693383,0.1963749340051984,0.17789326236690545,0.2774679293442152,0.16324690294331679,0.18501697134036413,-0.00012645499699385956,0.06452409027677615
2025-08-02 14:00:00+00:00,11361.188886780792,0.0026423645852690237,0.002369593352499785,0.10031502340845094,0.2454236048653478,0.21619990372211198,0.21105875951386036,0.17620661413641178,0.15111111776226804,0.002369593352499785,0.06689368362927593
2025-08-02 16:00:00+00:00,11268.508317780626,-0.00815764704942135,-0.007734561463157298,0.04819105909669437,0.2732947241218806,0.19493235593034866,0.19886188422414358,0.16147997812119752,0.17143105760242963,-0.007734561463157298,0.059159122166118634
2025-08-02 18:00:00+00:00,11173.165675574995,-0.008460981659408272,-0.007929853769707363,0.04979559576691965,0.25957437490889385,0.17006753562783247,0.18765145797272692,0.20089953825293452,0.18180709323761232,-0.007929853769707363,0.05122926839641127
2025-08-02 20:00:00+00:00,11128.878304833133,-0.003963726308889849,-0.0036675918339413066,0.15402445633875023,0.17410661465240307,0.22855430284243242,0.25498696582930375,0.13234284217067502,0.2100092745051857,-0.0036675918339413066,0.047561676562469964
2025-08-02 22:00:00+00:00,11188.959775707024,0.005398699601899526,0.004933438167503719,0.11084098150219576,0.23091669801448922,0.21726608734414168,0.20175936530541375,0.18637374031078466,0.1636841090251707,0.004933438167503719,0.05249511472997368
2025-08-03 00:00:00+00:00,11172.721321029485,-0.001451292613706189,-0.0013586899342880527,0.10740094192690712,0.1693432644326802,0.1719139082638751,0.20128403604058223,0.21351810499751514,0.24394068626534732,-0.0013586899342880527,0.05113642479568563
2025-08-03 02:00:00+00:00,11232.744804980692,0.005372324452255992,0.004903669936804008,0.008638020757197815,0.17320064899586687,0.176383635562484,0.1973036842958691,0.21382901389291745,0.23928301725286272,0.004903669936804008,0.05604009473248964
2025-08-03 04:00:00+00:00,11277.594686334383,0.003992780227127108,0.003624904244485156,0.050497117076860484,0.18427185190529685,0.1894011505998598,0.14950030377956947,0.21113527733235654,0.2656914163829174,0.003624904244485156,0.05966499897697479
2025-08-03 06:00:00+00:00,11277.375238411167,-1.9458752448598264e-05,-6.009521766100525e-05,0.07449602187424176,0.16858596785522503,0.13059101277568988,0.20047631122625478,0.2291625200218555,0.2711841881209749,-6.009521766100525e-05,0.059604903759313786
2025-08-03 08:00:00+00:00,11311.108375178701,0.00299122234158145,0.0027094897482481234,0.10703834167780064,0.18824935499067857,0.1990254685563874,0.21941680998790425,0.18244272780189896,0.21086563866313066,0.0027094897482481234,0.06231439350756191
2025-08-03 10:00:00+00:00,11338.330586454491,0.0024066793786120936,0.0021698432519714596,0.10465437354643037,0.20127878203785604,0.1642049326045422,0.14958297239331916,0.2289712141477538,0.2559620988165288,0.0021698432519714596,0.06448423675953337
2025-08-03 12:00:00+00:00,11348.924530044227,0.0009343477427260671,0.0008110893844340938,0.09887279538194818,0.27969968855230354,0.17680961014579885,0.15743018371956322,0.19212243964663922,0.19393807793569523,0.0008110893844340938,0.06529532614396746
2025-08-03 14:00:00+00:00,11362.527720261372,0.0011986325383636803,0.0010558785574725906,0.12090876136172554,0.16688355886758657,0.1706116126823706,0.2547239259990581,0.1902278054330589,0.2175530970179259,0.0010558785574725906,0.06635120470144006
2025-08-03 16:00:00+00:00,11360.44895636836,-0.00018294907120930024,-0.00022959158145199272,0.06934888415334708,0.16784806507854438,0.2156544237051415,0.21672008070383256,0.2135693723526772,0.1862080581598043,-0.00022959158145199272,0.06612161311998806
2025-08-03 18:00:00+00:00,11357.10374342466,-0.00029446133304669237,-0.0003337892605860565,0.0702310913121959,0.19590739899447354,0.18145216400648256,0.25889183810009936,0.18033654301053464,0.18341205588840995,-0.0003337892605860565,0.065787823859402
2025-08-03 20:00:00+00:00,11365.173380965703,0.0007105365701811018,0.0006073185185713336,0.08931047978208134,0.22964027311453486,0.20731311021997956,0.2886084975486224,0.152004282450285,0.12243383666657824,0.0006073185185713336,0.06639514237797334
2025-08-03 22:00:00+00:00,11377.586700380178,0.0010922243769078005,0.0009645799808660408,0.16334258507931526,0.23261339336891643,0.191219231000514,0.14135979168877266,0.20983376186906186,0.22497382207273506,0.0009645799808660408,0.06735972235883937
2025-08-04 00:00:00+00:00,11389.751048216904,0.0010691500892995615,0.0009429596606843301,0.09915025103880076,0.2356933814790852,0.2025365861774347,0.22611269944048396,0.17045862232639183,0.16519871057660432,0.0009429596606843301,0.0683026820195237
2025-08-04 02:00:00+00:00,11443.217929815242,0.004694297651633741,0.004318092023149678,0.13112532312594238,0.15129405436833057,0.17702411673328897,0.20489917286944195,0.26230827587807076,0.20447438015086783,0.004318092023149678,0.07262077404267338
2025-08-04 04:00:00+00:00,11459.552312678636,0.0014274291517977229,0.0012687980082879493,0.13841241815697497,0.22750250504972688,0.17505163150238345,0.13689360245158333,0.1938739133698599,0.2666783476264465,0.0012687980082879493,0.07388957205096133
2025-08-04 06:00:00+00:00,11432.088527247008,-0.002396584498439978,-0.002364072798670275,0.1420168617886209,0.20603854311914008,0.2238289413902088,0.22101051965361834,0.20299654806862044,0.14612544776841238,-0.002364072798670275,0.07152549925229106
2025-08-04 08:00:00+00:00,11466.826977794795,0.0030386792811298814,0.002787822351810296,0.08631418234839529,0.18632611880159444,0.24410266531712693,0.27747958042411797,0.1363947900377707,0.15569684541938983,0.002787822351810296,0.07431332160410135
2025-08-04 10:00:00+00:00,11486.574466310243,0.00172214061951826,0.001550047724554556,0.08952237102521246,0.1770559716919521,0.2505797516348083,0.19722735650854786,0.18558666244479496,0.1895502577198967,0.001550047724554556,0.07586336932865591
2025-08-04 12:00:00+00:00,11510.637682579336,0.002094899253007799,0.0019006058210724456,0.0870506690265803,0.1919183981767665,0.1958718600279661,0.16488457908880982,0.2099676300372184,0.23735753266923926,0.0019006058210724456,0.07776397514972835
2025-08-04 14:00:00+00:00,11707.828999163896,0.01713122435284343,0.015342391301197002,0.15746585492156306,0.15732482278419474,0.23074136811076557,0.28748092592757346,0.16298437586696252,0.16146850731050386,0.015342391301197002,0.09310636645092535
2025-08-04 16:00:00+00:00,11707.830511938102,1.2921048015886299e-07,-0.0001251879116027793,0.08890988565123625,0.18443591929895845,0.22201687249854796,0.2072955358885548,0.17780924129023842,0.20844243102370047,-0.0001251879116027793,0.09298117853932257
2025-08-04 18:00:00+00:00,11781.536442803765,0.006295438833907582,0.00560160331624289,0.07799238768627449,0.26177708873377153,0.21139182648780946,0.19471450599580867,0.17846045954169978,0.15365611924091055,0.00560160331624289,0.09858278185556546
2025-08-04 20:00:00+00:00,11763.764703399358,-0.0015084398788464159,-0.0015635423584326763,0.060318109670251155,0.20145897906352034,0.22260792175076943,0.211366962553139,0.17979575959517122,0.18477037703739993,-0.0015635423584326763,0.09701923949713279
2025-08-04 22:00:00+00:00,11812.052604006001,0.004104799936425901,0.0036393687213428024,0.10277331760509259,0.20480856598069921,0.1902106674155338,0.14099089928328204,0.20762200433908445,0.2563678629814004,0.0036393687213428024,0.1006586082184756
2025-08-05 00:00:00+00:00,11849.210674893486,0.0031457759403205306,0.0027641191800939534,0.08642242437906271,0.24009541799791148,0.15076786154744687,0.19212647164513247,0.17671764362724407,0.240292605182265,0.0027641191800939534,0.10342272739856954
2025-08-05 02:00:00+00:00,11806.102669140744,-0.0036380487220199105,-0.0036504960203109895,0.142736585805347,0.15467218037069808,0.19696276640644192,0.26461650100163775,0.20076929521709078,0.18297925700413142,-0.0036504960203109895,0.09977223137825855
2025-08-05 04:00:00+00:00,11777.042597915884,-0.0024614449017810462,-0.0024939203289214315,0.11925519575291164,0.2398558925661526,0.17360772469560418,0.16871634695956395,0.21583683198336504,0.20198320379531437,-0.0024939203289214315,0.09727831104933712
2025-08-05 06:00:00+00:00,11849.225484593739,0.006129118246598531,0.00547324307423727,0.08379309088959164,0.2436643136621463,0.18080874124913648,0.24150000019962956,0.1552179375220946,0.17880900736699315,0.00547324307423727,0.1027515541235744
2025-08-05 08:00:00+00:00,11749.863102233208,-0.008385559249397434,-0.008443085937780846,0.12085483365133545,0.2704413538654615,0.16846290741290046,0.13299100038453007,0.18471215312141856,0.2433925852156894,-0.008443085937780846,0.09430846818579355
2025-08-05 10:00:00+00:00,11935.946421938284,0.01583706278839187,0.013627703279182817,0.10771862219763786,0.2183342860615714,0.20130804255428347,0.20205895804256688,0.1905176825196366,0.1877810308219416,0.013627703279182817,0.10793617146497637
2025-08-05 12:00:00+00:00,11966.72660070813,0.0025787799041449852,0.0021847973849990336,0.07748629821899986,0.1524919049471169,0.2504701931736225,0.20070623196301582,0.21884183011929742,0.17748983979694732,0.0021847973849990336,0.11012096884997541
2025-08-05 14:00:00+00:00,11836.215308093611,-0.010906181528940144,-0.01094788158505476,0.09060886093357694,0.239024464949253,0.21230933200601573,0.20478253289445666,0.1773765040133563,0.1665071661369183,-0.01094788158505476,0.09917308726492065
2025-08-05 16:00:00+00:00,11703.527714826145,-0.011210305812596624,-0.01101641437339504,0.08374555680859491,0.19554859398213248,0.20206166311997034,0.1747605159390276,0.22162728851756733,0.20600193844130213,-0.01101641437339504,0.08815667289152561
2025-08-05 18:00:00+00:00,11733.244262922977,0.0025391103281779664,0.002171164355491766,0.0736787166988396,0.2566203167354997,0.1599043559874641,0.16920428642675955,0.1956621084635021,0.21860893238677462,0.002171164355491766,0.09032783724701737
2025-08-05 20:00:00+00:00,11675.938831622245,-0.004884022697952163,-0.004660776286489806,0.1297526590764156,0.17215608422770923,0.26416291467820924,0.16106892553108262,0.22115620884917253,0.18145586671382638,-0.004660776286489806,0.08566706096052756
2025-08-05 22:00:00+00:00,11687.48188748015,0.0009886190758932867,0.0007905305338964966,0.14271096769718214,0.2059174305104945,0.17029821841177611,0.1903803681289984,0.1723099374184235,0.26109404553030746,0.0007905305338964966,0.08645759149442406
2025-08-06 00:00:00+00:00,11736.255894872676,0.004173183570429691,0.003639769533755678,0.07758963448683341,0.22863989316045932,0.18509574571384999,0.20556888031095943,0.1971910697712572,0.1835044110434741,0.003639769533755678,0.09009736102817974
2025-08-06 02:00:00+00:00,11665.891921113463,-0.0059954362268084685,-0.005742156282601382,0.05770227056028737,0.20494545177202655,0.23205623584311413,0.17782499450285072,0.2079328502022804,0.17724046767972818,-0.005742156282601382,0.08435520474557835
2025-08-06 04:00:00+00:00,11645.319888822898,-0.0017634341574288652,-0.0017249055233988393,0.0963631704238589,0.2677020189915819,0.1810948250653227,0.21143159770715433,0.16808520527239357,0.1716863529635476,-0.0017249055233988393,0.08263029922217952
2025-08-06 06:00:00+00:00,11736.889384550663,0.007863201406399555,0.006894621009400669,0.08611069781341979,0.22831582080461413,0.1780900748634692,0.16771184828255575,0.21765415846389238,0.20822809758546848,0.006894621009400669,0.08952492023158018
2025-08-06 08:00:00+00:00,11743.282766029934,0.0005447253756763695,0.0003803290468366805,0.06831646985618708,0.212571761445676,0.21531784310083182,0.19034440662434057,0.16508174796664338,0.21668424086250807,0.0003803290468366805,0.08990524927841687
2025-08-06 10:00:00+00:00,11716.86279706778,-0.0022497941579486696,-0.002198008848739387,0.06102441611582135,0.22445580244024055,0.20905380020209557,0.14320839613794425,0.2142221230879003,0.20905987813181942,-0.002198008848739387,0.08770724042967748
2025-08-06 12:00:00+00:00,11695.547234159294,-0.0018192210046036974,-0.0017935918172671383,0.05953418769128839,0.2373749052749517,0.179711072578992,0.18982348099452145,0.2113348714674309,0.18175566968410398,-0.0017935918172671383,0.08591364861241034
2025-08-06 14:00:00+00:00,11670.069980068265,-0.002178372125813573,-0.0021273857400115706,0.048838928170052615,0.20049168830842046,0.1874650902496535,0.19657450632757248,0.19937916026390953,0.21608955485044407,-0.0021273857400115706,0.08378626287239876
2025-08-06 16:00:00+00:00,11809.536122842728,0.011950754623807971,0.010416420384261913,0.06796692835410059,0.268458616662521,0.18524422989050665,0.190157357405569,0.18622566147361336,0.16991413456778995,0.010416420384261913,0.09420268325666067
2025-08-06 18:00:00+00:00,11841.507483485118,0.0027072494897195515,0.002315159752362926,0.10488362514964669,0.20735110004640733,0.2015636694684204,0.14638124887203596,0.21817083377248478,0.22653314784065146,0.002315159752362926,0.09651784300902361
2025-08-06 20:00:00+00:00,11860.128653634873,0.001572533748403506,0.0012956576607577699,0.03639913116622706,0.22588121708984654,0.1780046593496717,0.16425026299482381,0.21344718397681448,0.2184166765888434,0.0012956576607577699,0.09781350066978138
2025-08-06 22:00:00+00:00,11818.741143954645,-0.0034896341253045633,-0.0033968765731549316,0.075997696100237,0.14988352098960958,0.23003277187675472,0.18028812625366267,0.21844019280015226,0.22135538807982078,-0.0033968765731549316,0.09441662409662645
2025-08-07 00:00:00+00:00,11826.875210142669,0.0006882345665201254,0.0005021566143716774,0.06991023180670042,0.19970669744735603,0.18840417933298848,0.19563062477921683,0.19015855353721806,0.22609994490322055,0.0005021566143716774,0.09491878071099813
2025-08-07 02:00:00+00:00,11810.146891524142,-0.001414432664697469,-0.0014416432683161244,0.03569365191939586,0.19426539266778128,0.18853933493257338,0.16889904772770883,0.225717049857029,0.22257917481490744,-0.0014416432683161244,0.093477137442682
2025-08-07 04:00:00+00:00,11796.750977163036,-0.0011342716127198396,-0.00117882089176939,0.05487219723868822,0.21962650061967137,0.19589268303771834,0.19105678890936204,0.20069170339450482,0.19273232403874344,-0.00117882089176939,0.09229831655091261
2025-08-07 06:00:00+00:00,11874.259691631403,0.006570344209046607,0.005776783719085224,0.09987416277636221,0.17797729040303373,0.22426775769863935,0.2338495238733111,0.22939805654599693,0.13450737147901884,0.005776783719085224,0.09807510026999784
2025-08-07 08:00:00+00:00,11840.77982717495,-0.0028195327814877647,-0.0027832191283025595,0.13009722619831593,0.20680522251703035,0.16649934149212248,0.22612646108963688,0.16479230933787206,0.2357766655633381,-0.0027832191283025595,0.09529188114169529
2025-08-07 10:00:00+00:00,11838.834434179207,-0.0001642960196994617,-0.0002828552216109443,0.10262836541705685,0.19151175856035987,0.1822431769309088,0.1387915596292506,0.19203686181353183,0.29541664306594895,-0.0002828552216109443,0.09500902592008434
2025-08-07 12:00:00+00:00,12024.52026132565,0.015684468617143663,0.013344020490537666,0.12449403048053359,0.17045779201653186,0.2671014635820128,0.1379307968258872,0.23167260564296133,0.1928373419326067,0.013344020490537666,0.108353046410622
2025-08-07 14:00:00+00:00,12033.286266667057,0.0007290108171385408,0.0005005464521211691,0.04039699327850632,0.17411589939592137,0.24503445824916395,0.17466968272500405,0.2277166122397757,0.17846334739013492,0.0005005464521211691,0.10885359286274317
2025-08-07 16:00:00+00:00,12036.559134120755,0.00027198450873429174,8.46153334570214e-05,0.08343283808423707,0.1827097832400352,0.19261295054043825,0.19083415799254588,0.19670528186426434,0.23713782636271633,8.46153334570214e-05,0.10893820819620019
2025-08-07 18:00:00+00:00,12033.636968235414,-0.00024277418926625432,-0.0003878106699300466,0.09008580105584095,0.2110423674638737,0.1562051263020776,0.1671210682782237,0.16674039476110625,0.2988910431947188,-0.0003878106699300466,0.10855039752627015
2025-08-07 20:00:00+00:00,12110.397551030303,0.006378834844154776,0.00548832322674794,0.12294928661420597,0.22320503450050144,0.19433487152146764,0.19103442452876304,0.2154839128687551,0.17594175658051284,0.00548832322674794,0.11403872075301809
2025-08-07 22:00:00+00:00,12110.01922460669,-3.1239802163109364e-05,-0.00020614999223237204,0.050369612931173965,0.18332374778010496,0.1952915925687454,0.18054609831798554,0.23837258850252194,0.2024659728306422,-0.00020614999223237204,0.11383257076078572
2025-08-08 00:00:00+00:00,12170.056998391825,0.004957694341487268,0.004255071747741776,0.10903240933132663,0.23794205135653063,0.1584384450375404,0.17671086893367685,0.17002855608670897,0.2568800785855431,0.004255071747741776,0.11808764250852749
2025-08-08 02:00:00+00:00,12119.297285072878,-0.00417086898817766,-0.0041541145579113755,0.06596935610254084,0.21362255826637486,0.18228583516176391,0.1350610059212918,0.17811865726170834,0.2909119433888611,-0.0041541145579113755,0.11393352795061612
2025-08-08 04:00:00+00:00,12150.361879810658,0.0025632339901457218,0.0021541350532152987,0.09858211664203707,0.21324569972718524,0.22111294631797818,0.16661195320727334,0.20632271546154962,0.19270668528601367,0.0021541350532152987,0.11608766300383142
2025-08-08 06:00:00+00:00,12091.223197496663,-0.004867236292958649,-0.004840988391537609,0.06331536391127862,0.23649231275274432,0.1776794088644698,0.16467045465108854,0.24639146634726908,0.17476635738442814,-0.004840988391537609,0.1112466746122938
2025-08-08 08:00:00+00:00,12175.637181913326,0.006981426365046326,0.006017153201711333,0.0815441213070526,0.23223633397100538,0.16886087747774875,0.21772084233721553,0.17792185520867648,0.20326009100535375,0.006017153201711333,0.11726382781400514
2025-08-08 10:00:00+00:00,12149.63534043448,-0.002135563099520551,-0.0021921200999754655,0.0691064067912943,0.19243971130053067,0.23796728426904312,0.2169379003200207,0.1709388210968388,0.18171628301356674,-0.0021921200999754655,0.11507170771402968
2025-08-08 12:00:00+00:00,12170.955276317534,0.001754779899615537,0.0014292086154961384,0.11238856815267687,0.24233878898915154,0.2072591486563118,0.13525746778007516,0.20125681450544777,0.21388778006901377,0.0014292086154961384,0.11650091632952582
2025-08-08 14:00:00+00:00,12270.034123236148,0.008140597403344534,0.006973638738759663,0.08048606325331266,0.20029839928555992,0.1957691357597961,0.2157435310333878,0.1851873951468757,0.20300153877438046,0.006973638738759663,0.12347455506828549
2025-08-08 16:00:00+00:00,12169.089339355038,-0.0082269358721625,-0.008302615515702496,0.06834297137702297,0.1954159389673739,0.17851732724800615,0.1747989953941605,0.17992322823905604,0.27134451015140343,-0.008302615515702496,0.115171939552583
2025-08-08 18:00:00+00:00,12294.507952371088,0.01030632691720362,0.008698410395748911,0.07497291072540198,0.21209014928830816,0.1998690379504784,0.19585703712772481,0.19581217620748725,0.19637159942600152,0.008698410395748911,0.1238703499483319
2025-08-08 20:00:00+00:00,12369.912272206844,0.006133171016511786,0.005186867936178713,0.09982650129114312,0.17191566222015628,0.2565368679688048,0.23901570840054143,0.17319482055755198,0.15933694085294547,0.005186867936178713,0.1290572178845106
2025-08-08 22:00:00+00:00,12347.878530963098,-0.0017812366619003506,-0.0018778243041005637,0.08020956014871808,0.19755683588801395,0.19773761649536095,0.23876904476715669,0.15203117551566248,0.21390532733380585,-0.0018778243041005637,0.12717939358041006
2025-08-09 00:00:00+00:00,12297.98214839691,-0.004040887059349519,-0.00405152434486788,0.06826057731121214,0.16434800315888062,0.1722305607423672,0.2292243559380716,0.2116779459181274,0.22251913424255304,-0.00405152434486788,0.12312786923554217
2025-08-09 02:00:00+00:00,12308.547364980976,0.0008591016360713937,0.0005869879617477485,0.08575546234175956,0.20207402848714884,0.17363401180516716,0.27585034188876306,0.15954910638148853,0.18889251143743244,0.0005869879617477485,0.12371485719728992
2025-08-09 04:00:00+00:00,12308.71398422596,1.3536873202300684e-05,-0.00018937682928728668,0.10335368185705628,0.19772637701606982,0.1923873747322242,0.1768443115027858,0.19663972732335505,0.23640220942556514,-0.00018937682928728668,0.12352548036800264
2025-08-09 06:00:00+00:00,12449.429021170472,0.011432147755228012,0.009507879476679719,0.032087740692665165,0.20283770228239312,0.16251423511278953,0.17462971042955533,0.20061905965951699,0.2593992925157451,0.009507879476679719,0.13303335984468234
2025-08-09 08:00:00+00:00,12453.040882365389,0.00029012263845785107,4.1145437886488015e-05,0.08915389451470128,0.18262019396051388,0.160356113379159,0.21116455485300853,0.253238109750765,0.19262102805655354,4.1145437886488015e-05,0.13307450528256884
2025-08-09 10:00:00+00:00,12503.279943537893,0.004034280594360455,0.0033782606040931857,0.14252260891213608,0.22523869722204362,0.16165021527589737,0.3097745586068765,0.15141897396375878,0.1519175549314237,0.0033782606040931857,0.13645276588666203
2025-08-09 12:00:00+00:00,12465.535446727703,-0.0030187676338238544,-0.0030996276171575436,0.1441247957739215,0.19807912862728624,0.26030918787566737,0.19307682703444742,0.19688479713791032,0.15165005932468872,-0.0030996276171575436,0.13335313826950448
2025-08-09 14:00:00+00:00,12397.439387091697,-0.005462746460191621,-0.005513294176359761,0.14470555324938175,0.2956358591269174,0.21093781134426,0.1358802823365704,0.1587471651178129,0.19879888207443924,-0.005513294176359761,0.12783984409314472
2025-08-09 16:00:00+00:00,12399.65257163634,0.0001785194890282645,-4.734545459592042e-05,0.13328937777096356,0.1623464813559539,0.23566616701581597,0.20560839124305924,0.19195507876938975,0.20442388161578118,-4.734545459592042e-05,0.1277924986385488
2025-08-09 18:00:00+00:00,12414.858158599733,0.0012262913719193066,0.0009143422141969788,0.14186304491897714,0.1848939099344524,0.1622097586199,0.13720175471999807,0.24062618746587922,0.27506838925977034,0.0009143422141969788,0.12870684085274578
2025-08-09 20:00:00+00:00,12415.360893082281,4.049458126111182e-05,-0.00017684169348695334,0.07731614594061918,0.2125872211756719,0.15431163437382783,0.18682458941939775,0.20389423208910623,0.2423823229419963,-0.00017684169348695334,0.12852999915925883
2025-08-09 22:00:00+00:00,12421.28246496876,0.0004769552764093267,0.00022887790356324966,0.09662931162949129,0.2005983534586201,0.23196392026280546,0.2036530344481272,0.20604281280089043,0.1577418790295568,0.00022887790356324966,0.12875887706282207
2025-08-10 00:00:00+00:00,12373.954058657044,-0.0038102672928657104,-0.0038816547551159316,0.1110064210531147,0.2621161569058639,0.17137181405316732,0.15323871960465066,0.20752540049773163,0.20574790893858652,-0.0038816547551159316,0.12487722230770615
2025-08-10 02:00:00+00:00,12454.669807257987,0.006523036065781534,0.00559418024184513,0.06259356008132977,0.28613433534010924,0.16035331285388146,0.16668058517199147,0.23265891657747523,0.1541728500565426,0.00559418024184513,0.13047140254955128
2025-08-10 04:00:00+00:00,12503.775120759661,0.003942723031730488,0.0033510140924991796,0.041339502979144016,0.24717106467697045,0.1972307790001045,0.16921489399432277,0.23458664458806497,0.15179661774053743,0.0033510140924991796,0.13382241664205047
2025-08-10 06:00:00+00:00,12470.372777362592,-0.002671380688989714,-0.0027860481521592385,0.03908331724040201,0.26043399184720656,0.1706864580374497,0.1566758977165755,0.26031278871981955,0.1518908636789487,-0.0027860481521592385,0.13103636848989123
2025-08-10 08:00:00+00:00,12350.509435696413,-0.009611849124812645,-0.009936700418383156,0.07905882100596792,0.24148288485206998,0.22355348416330562,0.1828676925966875,0.20063181714131834,0.15146412124661857,-0.009936700418383156,0.12109966807150807
2025-08-10 10:00:00+00:00,12435.664604392006,0.0068948709475472655,0.005905700069065651,0.12373009001179062,0.18680912210373277,0.24386707345408765,0.2562819401430033,0.13157548987786488,0.1814663744213113,0.005905700069065651,0.12700536814057373
2025-08-10 12:00:00+00:00,12425.386266415902,-0.0008265210025424122,-0.0009842744539118886,0.10821807379981883,0.22645497841203296,0.20885967579728618,0.20137787058685272,0.20014770736938353,0.16315976783444455,-0.0009842744539118886,0.12602109368666184
2025-08-10 14:00:00+00:00,12386.554637975772,-0.0031251848117660463,-0.0031914815945551416,0.09980983876631022,0.17398655800659082,0.16321777423313324,0.19967835379013762,0.2280609203338402,0.23505639363629816,-0.0031914815945551416,0.1228296120921067
2025-08-10 16:00:00+00:00,12500.018127702537,0.009160213880532937,0.007777952541441594,0.05617357703508907,0.1691011348636067,0.18784885476602536,0.17446313296562985,0.201987987266243,0.2665988901384951,0.007777952541441594,0.1306075646335483
2025-08-10 18:00:00+00:00,12488.57957713415,-0.0009150827184031149,-0.001077470017118767,0.045005558738080306,0.17058975289075626,0.20205728503309697,0.14618089229175935,0.2312964977101022,0.24987557207428532,-0.001077470017118767,0.12953009461642953
2025-08-10 20:00:00+00:00,12524.480762175432,0.0028747212458823954,0.0024042222632826363,0.07933237057846781,0.16917671765113682,0.13171790218341956,0.20487000490066956,0.22371654522093118,0.27051883004384286,0.0024042222632826363,0.13193431687971216
2025-08-10 22:00:00+00:00,12497.560410715221,-0.00214941856444154,-0.002268042903949705,0.1486457572719123,0.19700210883044209,0.21522038286440245,0.2421878903122937,0.1591697103376678,0.18641990765519398,-0.002268042903949705,0.12966627397576244
2025-08-11 00:00:00+00:00,12535.575642799986,0.0030418122285825744,0.0025630261428400873,0.13451582600555798,0.2114940695180336,0.17790865646647835,0.1449837907046598,0.20991119022404622,0.255702293086782,0.0025630261428400873,0.13222930011860254
2025-08-11 02:00:00+00:00,12598.411870412116,0.005012632000527241,0.004288945831747733,0.11219288203201555,0.23548517491585041,0.22002613354373135,0.19106809026160554,0.18948413665437697,0.1639364646244357,0.004288945831747733,0.13651824595035028
2025-08-11 04:00:00+00:00,12708.856793098634,0.008766575011402945,0.007386810653221227,0.08997753432106372,0.18130346672430664,0.19067140334770927,0.20671151081652164,0.18304304072087907,0.23827057839058327,0.007386810653221227,0.1439050566035715
2025-08-11 06:00:00+00:00,12682.62618715051,-0.0020639626659706744,-0.0022271318794624523,0.07773265820329298,0.20065029575542373,0.22044715932974038,0.16612700111691722,0.2116531139110239,0.20112242988689477,-0.0022271318794624523,0.14167792472410906
2025-08-11 08:00:00+00:00,12607.383303414936,-0.0059327526196275675,-0.0061223592545104205,0.10640826645182422,0.1669904002244391,0.1846138524270809,0.27253526756874136,0.19793809778633992,0.17792238199339858,-0.0061223592545104205,0.13555556546959863
2025-08-11 10:00:00+00:00,12666.169777247045,0.004662860834586242,0.003967042203711,0.10445339133125008,0.20926028959771487,0.22553353085933275,0.2937990910944639,0.1373992026738156,0.1340078857746729,0.003967042203711,0.13952260767330962
2025-08-11 12:00:00+00:00,12567.826343978262,-0.007764259835316848,-0.008036400566336269,0.1778838797748693,0.21286810357265262,0.19271519424741826,0.14873354793150897,0.20184214626975028,0.2438410079786697,-0.008036400566336269,0.13148620710697334
2025-08-11 14:00:00+00:00,12613.287413515012,0.0036172579324770474,0.003060361149741537,0.10555603962203555,0.2407404438169603,0.2078379729616484,0.2112944685950068,0.16683590924891126,0.17329120537747328,0.003060361149741537,0.13454656825671488
2025-08-11 16:00:00+00:00,12658.736774039859,0.00360329222944274,0.003043883099026513,0.11348759548700456,0.13368595495563765,0.20140486633596644,0.21437772733058227,0.2565195458284068,0.19401190554940675,0.003043883099026513,0.13759045135574138
2025-08-11 18:00:00+00:00,12626.25641203932,-0.002565845437844006,-0.0027000730274642764,0.1898880821606978,0.23773979359078148,0.17180635677092432,0.12477315880081702,0.18583454176251643,0.27984614907496075,-0.0027000730274642764,0.1348903783282771
2025-08-11 20:00:00+00:00,12494.014032714784,-0.010473601597258986,-0.010947087150838275,0.1444585427139637,0.20502723565873163,0.18350591187699314,0.22985633710469863,0.21351035106652969,0.1681001642930469,-0.010947087150838275,0.12394329117743882
2025-08-11 22:00:00+00:00,12423.023054406378,-0.0056819992456003665,-0.005714825630157536,0.11878617568677018,0.1799767710456416,0.2565432970447163,0.27560512762374567,0.14522390177543645,0.14265090251045998,-0.005714825630157536,0.1182284655472813
2025-08-12 00:00:00+00:00,12420.678745756468,-0.0001887067777016799,-0.0003638089509396667,0.08664133977402827,0.1952207446312441,0.2558813175023567,0.18962576739207693,0.17275535142562135,0.18651681904870082,-0.0003638089509396667,0.11786465659634163
2025-08-12 02:00:00+00:00,12495.534127372288,0.006026673996491174,0.005195721919337971,0.07975292581785154,0.23726862643773927,0.20565411600671357,0.20978905856543562,0.1902971042636191,0.1569910947264925,0.005195721919337971,0.1230603785156796
2025-08-12 04:00:00+00:00,12456.291392229163,-0.003140540831876998,-0.003195816941591105,0.11809258790873288,0.13419154724202365,0.26266334827373655,0.2501208774439035,0.17528159555060188,0.17774263148973457,-0.003195816941591105,0.1198645615740885
2025-08-12 06:00:00+00:00,12443.982136109866,-0.0009881959029134771,-0.001120887084967537,0.1283731685158046,0.20029785090163799,0.19825176360459776,0.18615929359723762,0.19653667900820182,0.21875441288832484,-0.001120887084967537,0.11874367448912096
2025-08-12 08:00:00+00:00,12469.951326343113,0.0020868874568606465,0.0017337382366117088,0.07215115261242981,0.17924323095591516,0.15287528060055275,0.21271865614381416,0.24212846907405514,0.2130343632256629,0.0017337382366117088,0.12047741272573267
2025-08-12 10:00:00+00:00,12419.674534624222,-0.004031835442106312,-0.004082737007249397,0.079302382502218,0.20250192644586137,0.18357166647312584,0.21620576518413787,0.16282608657183711,0.23489455532503786,-0.004082737007249397,0.11639467571848328
2025-08-12 12:00:00+00:00,12438.239843473475,0.0014948305446728948,0.0012040069585161353,0.06185126083716222,0.1783077899509302,0.20540582705575672,0.17854864084190677,0.16390383226503225,0.273833909886374,0.0012040069585161353,0.11759868267699941
2025-08-12 14:00:00+00:00,12539.502695921312,0.008141252598611952,0.007037172798641292,0.09059133250398937,0.17442771453430117,0.13362913414675598,0.2177688017242287,0.21527500388669973,0.25889934570801443,0.007037172798641292,0.1246358554756407
2025-08-12 16:00:00+00:00,12720.70326797534,0.01445037944869739,0.011883689032406134,0.07470466114996588,0.1875626898351917,0.1687345546898482,0.24423306703021178,0.20614876512729413,0.1933209233174541,0.011883689032406134,0.13651954450804682
2025-08-12 18:00:00+00:00,12749.78457734184,0.0022861400626892157,0.0018441292762089072,0.11008022004313626,0.24001519909403443,0.20797726573650765,0.1730073657669931,0.22453376486492826,0.15446640453753657,0.0018441292762089072,0.13836367378425574
2025-08-12 20:00:00+00:00,12847.565528101322,0.007669223755611841,0.006416475436114444,0.05981904068317019,0.28924011407171835,0.1735390550551571,0.1476265357651735,0.22455359514767959,0.16504069996027157,0.006416475436114444,0.1447801492203702
2025-08-12 22:00:00+00:00,12903.816549108924,0.0043783408525579345,0.003647828242881332,0.07406902780799868,0.2329595441983356,0.17506039334806958,0.1493892752152381,0.20676513721306364,0.23582565002529315,0.003647828242881332,0.14842797746325154
2025-08-13 00:00:00+00:00,12923.969237147736,0.0015617618215599612,0.001167068127177978,0.093114860020286,0.19192106985641,0.2167292672951677,0.20083526128842596,0.19124158054096435,0.19927282101903201,0.001167068127177978,0.14959504559042952
2025-08-13 02:00:00+00:00,12863.475974634006,-0.00468070307223048,-0.004834951771117284,0.04876225929492588,0.2184466796112084,0.21514261734482656,0.22307191082855338,0.16560321107015993,0.17773558114525162,-0.004834951771117284,0.14476009381931224
2025-08-13 04:00:00+00:00,12992.905172474966,0.010061759208489642,0.008254785313940648,0.10275881067672608,0.17799486680053012,0.25550669100672413,0.285466647843382,0.14722167056246016,0.13381012378690368,0.008254785313940648,0.15301487913325287
2025-08-13 06:00:00+00:00,12977.405888696034,-0.0011929036326507815,-0.0013986927916802888,0.15593988213898397,0.20884624849505581,0.17227947657600723,0.21275398013511493,0.19501087497205427,0.2111094198217678,-0.0013986927916802888,0.1516161863415726
2025-08-13 08:00:00+00:00,13020.044290516049,0.003285587442183312,0.002687528277924854,0.061282846176832065,0.2313634281053236,0.19736572179349574,0.1755651769589329,0.17091683197140423,0.22478884117084358,0.002687528277924854,0.15430371461949743
2025-08-13 10:00:00+00:00,13111.7802408983,0.0070457479510320975,0.005829621301017983,0.12386997679992107,0.1503612028798394,0.17920854381736254,0.21499237412084143,0.2553596116094168,0.20007826757253994,0.005829621301017983,0.16013333592051543
2025-08-13 12:00:00+00:00,13110.866222650826,-6.97096985064116e-05,-0.0003604791936769124,0.10842369837908097,0.22634649666206696,0.16224411023608148,0.1912330785975925,0.1876596423348657,0.23251667216939326,-0.0003604791936769124,0.15977285672683852
2025-08-13 14:00:00+00:00,13121.263652365153,0.0007930391125770656,0.00044166525272487157,0.06793904349574369,0.1915344583142832,0.16392274536499477,0.21097647389886834,0.23417665540042032,0.19938966702143338,0.00044166525272487157,0.1602145219795634
2025-08-13 16:00:00+00:00,13026.460568012051,-0.007225148954004411,-0.00759796541096374,0.08043308342913917,0.2206919604354423,0.21519832667297478,0.1831514943814505,0.1956963261372822,0.18526189237285012,-0.00759796541096374,0.15261655656859965
2025-08-13 18:00:00+00:00,13082.298699239413,0.00428651596769719,0.0035581484694510355,0.01803843161364861,0.21993563572873845,0.20009991659963863,0.19824170706744387,0.19351262930367363,0.1882101113005054,0.0035581484694510355,0.1561747050380507
2025-08-13 20:00:00+00:00,13119.199209194272,0.002820644200472575,0.0022791948438127766,0.10237835393125932,0.1645850096132931,0.22544470468882158,0.16086170235555866,0.18386490619974488,0.2652436771425818,0.0022791948438127766,0.15845389988186348
2025-08-13 22:00:00+00:00,13087.044712473746,-0.0024509496507981745,-0.0026510738328644834,0.0667191728495371,0.19852409220910758,0.18129910824287726,0.16528558631481094,0.21222111249421524,0.24267010073898904,-0.0026510738328644834,0.155802826048999
2025-08-14 00:00:00+00:00,13168.491422633191,0.006223460830833398,0.005189896540948707,0.1474872893517405,0.21617081409630526,0.27182813235356873,0.20459712966866225,0.16614601848534066,0.14125790539612307,0.005189896540948707,0.1609927225899477
2025-08-14 02:00:00+00:00,13173.21138522589,0.0003584284973286865,3.820475004089776e-05,0.07231796396298999,0.1897207095889988,0.22596027289788526,0.211701934440513,0.19858381436475875,0.1740332687078443,3.820475004089776e-05,0.1610309273399886
2025-08-14 04:00:00+00:00,13241.622823050386,0.005193224022899977,0.004325464791448572,0.09571848972920426,0.2338599668705043,0.18721230118147442,0.16234367208063283,0.1909715587118455,0.22561250115554307,0.004325464791448572,0.16535639213143719
2025-08-14 06:00:00+00:00,13142.591056919066,-0.007478823967023874,-0.007964398256741358,0.09615504070048875,0.16845228383208685,0.19018113404633413,0.24069630507590556,0.1602242010497742,0.24044607599589934,-0.007964398256741358,0.15739199387469582
2025-08-14 08:00:00+00:00,13136.7868117149,-0.0004416362937132164,-0.0007053991369637528,0.09745189285020117,0.20154074908341793,0.21580749094914717,0.16455052174120915,0.19896127174583125,0.21913996648039458,-0.0007053991369637528,0.15668659473773208
2025-08-14 10:00:00+00:00,13164.392393084765,0.0021013952472188476,0.0016498100700066327,0.0788926360389582,0.21193828813995652,0.16741011954114599,0.1540349599466326,0.2674563687282508,0.19916026364401404,0.0016498100700066327,0.15833640480773872
2025-08-14 12:00:00+00:00,13080.86737356033,-0.006344768298483029,-0.006685684597931373,0.13400008375447853,0.22276842902802596,0.1990907807394366,0.24552424161475114,0.18908801381971765,0.14352853479806868,-0.006685684597931373,0.15165072020980735
2025-08-14 14:00:00+00:00,12817.886878582276,-0.0201042092598234,-0.022990057296767112,0.07928423378780627,0.22169873512472835,0.233705151183638,0.18078279800393962,0.1756149175460205,0.18819839814167352,-0.022990057296767112,0.12866066291304024
2025-08-14 16:00:00+00:00,12819.284805945452,0.00010906067251321154,-0.00011774594137885973,0.048548820288806,0.2182150073597415,0.18864005865981878,0.1911178717005871,0.18017509739164464,0.22185196488820783,-0.00011774594137885973,0.12854291697166137
2025-08-14 18:00:00+00:00,12705.845091213843,-0.008849145365660048,-0.008809476225667275,0.03249465475627332,0.23652180194865338,0.17065922101720046,0.1766040545869322,0.1933910956424898,0.2228238268047242,-0.008809476225667275,0.1197334407459941
2025-08-14 20:00:00+00:00,12726.734247528619,0.0016440587906443502,0.00127513519569866,0.14726847041373123,0.18080203883600696,0.24897995652769336,0.24555178949017045,0.12790834800259254,0.19675786714353657,0.00127513519569866,0.12100857594169276
2025-08-14 22:00:00+00:00,12645.313809290674,-0.006397590823722577,-0.006254424398229161,0.11004846891719233,0.20431707239825989,0.2015620568893048,0.21645773964236498,0.21444178335753197,0.1632213477125383,-0.006254424398229161,0.11475415154346359
2025-08-15 00:00:00+00:00,12729.603546139535,0.006665689608029406,0.0055860596256115365,0.08364978835866735,0.16242857382358789,0.17128815202452144,0.2533332676585023,0.20295439843832008,0.20999560805506842,0.0055860596256115365,0.12034021116907513
2025-08-15 02:00:00+00:00,12792.18045570605,0.004915856910994797,0.004098117223175148,0.07184509817025951,0.16210087918841856,0.18824792008115412,0.181815864123412,0.20445258758034904,0.2633827490266662,0.004098117223175148,0.12443832839225027
2025-08-15 04:00:00+00:00,12842.980571000286,0.003971185011823112,0.003286234425237366,0.03990177953246553,0.16221073407879905,0.2182115720474633,0.16960613197115018,0.21428086025612494,0.23569070164646252,0.003286234425237366,0.12772456281748765
2025-08-15 06:00:00+00:00,12828.219789602961,-0.0011493267715949058,-0.0012665343840254717,0.09202356277124328,0.179347164107468,0.12618800927621998,0.21509275487225352,0.23159168653660228,0.24778038520745613,-0.0012665343840254717,0.12645802843346218
2025-08-15 08:00:00+00:00,12816.847354113212,-0.0008865170441627973,-0.0010227043370021772,0.1293239945780173,0.20119189033698906,0.202646570527151,0.2461134619698188,0.1622763210164593,0.18777175614958183,-0.0010227043370021772,0.12543532409646
2025-08-15 10:00:00+00:00,12789.720432167544,-0.0021165050340528754,-0.002167922084846382,0.11987007239943934,0.2030789471815338,0.16661595431493756,0.162274005782593,0.22557704103863022,0.24245405168230563,-0.002167922084846382,0.12326740201161361
2025-08-15 12:00:00+00:00,12796.463721610728,0.0005272429119109981,0.00027652162118916787,0.06298869263066845,0.25769363326194006,0.17498996086519966,0.15154054765141692,0.1934027353448267,0.2223731228766167,0.00027652162118916787,0.12354392363280278
2025-08-15 14:00:00+00:00,12649.826551450964,-0.011459194770514833,-0.011570030601150687,0.09991731185018493,0.16665328892927064,0.1960593659954149,0.2187159997112377,0.18452576782731117,0.2340455775367656,-0.011570030601150687,0.11197389303165209
2025-08-15 16:00:00+00:00,12490.59513619188,-0.012587636250302613,-0.012465164982612853,0.09493548054099814,0.18486296489045279,0.22291846890062791,0.18807188785083503,0.23439246950191417,0.16975420885617015,-0.012465164982612853,0.09950872804903924
2025-08-15 18:00:00+00:00,12545.560601797259,0.004400548172930193,0.00370339824682984,0.07677197413195264,0.17971708459225766,0.19415963647392775,0.2470631162113642,0.19152520809485676,0.18753495462759356,0.00370339824682984,0.10321212629586908
2025-08-15 20:00:00+00:00,12451.0648308785,-0.007532207919446887,-0.007173343163898924,0.10137850309706853,0.19633596628338948,0.2471302644772861,0.2788521096139426,0.15318161620352622,0.12450004342185557,-0.007173343163898924,0.09603878313197016
2025-08-15 22:00:00+00:00,12514.67895860558,0.005109131515347806,0.004315182889256129,0.17901236758912786,0.22330452810934986,0.16480067886472136,0.18216932763737947,0.17473701447442738,0.2549884509141219,0.004315182889256129,0.10035396602122629
2025-08-16 00:00:00+00:00,12539.946098390785,0.002019000237143857,0.0016401295689718268,0.1120478752974234,0.24658515125933528,0.21774103232418046,0.21799622632535842,0.1502249279300005,0.16745266216112548,0.0016401295689718268,0.10199409559019812
2025-08-16 02:00:00+00:00,12629.854036459232,0.007169722849126594,0.006029506335536401,0.11119561044646792,0.1564205366733927,0.20128707171019322,0.2780648099611052,0.2013519547407216,0.16287562691458735,0.006029506335536401,0.10802360192573451
2025-08-16 04:00:00+00:00,12572.347497572806,-0.004553222762544886,-0.004350848474142951,0.169957350964411,0.2598715453113384,0.17981004834266595,0.12958448236422146,0.22122969502522716,0.20950422895654708,-0.004350848474142951,0.10367275345159156
2025-08-16 06:00:00+00:00,12546.2964834022,-0.002072088301380042,-0.00203060541432262,0.1639381378056036,0.24196986163441866,0.2189947595902417,0.2543379089222493,0.16290366405106568,0.12179380580202466,-0.00203060541432262,0.10164214803726894
2025-08-16 08:00:00+00:00,12574.338765015866,0.0022351043314466877,0.0018328277052074894,0.08026016671375913,0.1647460958884907,0.27026542374000295,0.2522510449563171,0.1619541270491666,0.15078330836602247,0.0018328277052074894,0.10347497574247642
2025-08-16 10:00:00+00:00,12507.886664975302,-0.005284739124847356,-0.005043491435079909,0.1323958648396984,0.21476090699011596,0.22901180769814852,0.16110879615847318,0.19204349455274636,0.20307499460051587,-0.005043491435079909,0.09843148430739651
2025-08-16 12:00:00+00:00,12464.851971517335,-0.0034406046849204098,-0.003286492550772623,0.12451621138751104,0.18908896642513856,0.21335962477280734,0.2548927821941905,0.22277571990454012,0.11988290670332345,-0.003286492550772623,0.09514499175662389
2025-08-16 14:00:00+00:00,12494.783822952564,0.00240130019222258,0.0020036209523752544,0.1496679150999442,0.2695030941256818,0.16609760001132282,0.1860316257775535,0.18923098598271745,0.18913669410272443,0.0020036209523752544,0.09714861270899915
2025-08-16 16:00:00+00:00,12528.361366635998,0.0026873248996714286,0.002254134591692862,0.0717569744432735,0.19774611968240835,0.20928568111115198,0.207479822382632,0.19231215721936246,0.19317621960444534,0.002254134591692862,0.09940274730069201
2025-08-16 18:00:00+00:00,12549.242903486636,0.0016667412632466298,0.0013506013633901204,0.03618185855873901,0.20350279201159982,0.21812585162625614,0.22552185272031663,0.19585514259612116,0.1569943610457063,0.0013506013633901204,0.10075334866408213
2025-08-16 20:00:00+00:00,12572.810381877416,0.0018780000173741216,0.0015384847143190114,0.06540015326819597,0.17942788076892913,0.2622782480946956,0.193799434464098,0.18625231882681445,0.17824211784546276,0.0015384847143190114,0.10229183337840114
2025-08-16 22:00:00+00:00,12562.225385501559,-0.000841895809636563,-0.0009188030894592287,0.1394449120647855,0.13851155783631322,0.1711699495491754,0.3256268581770606,0.19386980717863728,0.17082182725881334,-0.0009188030894592287,0.10137303028894191
2025-08-17 00:00:00+00:00,12602.073066707924,0.003172024062898481,0.002691227624639952,0.16808678428289509,0.23274429930723964,0.13794519081157874,0.20376876691020235,0.18086587290019715,0.24467587007078206,0.002691227624639952,0.10406425791358187
2025-08-17 02:00:00+00:00,12605.772480104471,0.0002935559393256374,0.00011247265171836595,0.08670381311695627,0.23149434241654837,0.21028738729415722,0.16144981479693038,0.19522748953457497,0.20154096595778906,0.00011247265171836595,0.10417673056530023
2025-08-17 04:00:00+00:00,12640.592929947716,0.002762262280887659,0.0023325446960086858,0.059099702879449975,0.19434053262912715,0.23546234316472298,0.17550583579134055,0.21509621554904904,0.17959507286576032,0.0023325446960086858,0.10650927526130892
2025-08-17 06:00:00+00:00,12687.23483667593,0.0036898511791890434,0.003149344286386089,0.07880446065720012,0.18708207915262667,0.169463451898698,0.20193482443031524,0.2095490996343744,0.23197054488398577,0.003149344286386089,0.10965861954769501
2025-08-17 08:00:00+00:00,12732.12682105677,0.0035383584333969296,0.0030112571205428698,0.09121344424889274,0.18863514925391756,0.22823775581956626,0.23282089465704878,0.15514228163475471,0.19516391863471266,0.0030112571205428698,0.11266987666823788
2025-08-17 10:00:00+00:00,12803.394461589975,0.005597465492987398,0.004791653334116455,0.13362959709222666,0.2329545198517958,0.2158034045451117,0.1439491905503142,0.24445250812910316,0.16284037692367515,0.004791653334116455,0.11746153000235433
2025-08-17 12:00:00+00:00,12810.260444851416,0.0005362627295472089,0.00030339507825500505,0.06871944305993492,0.2568047330983221,0.20099309721122566,0.15793951921921726,0.19054337240305433,0.19371927806818076,0.00030339507825500505,0.11776492508060935
2025-08-17 14:00:00+00:00,12786.439118486282,-0.0018595505116922775,-0.0019298001830358575,0.022844109556365316,0.2745694780552656,0.18936509469783247,0.1467234121762451,0.19495825109552414,0.1943837639751327,-0.0019298001830358575,0.11583512489757349
2025-08-17 16:00:00+00:00,12817.319135618825,0.0024150599589449883,0.002014058501103526,0.11665297648925829,0.19297246359882303,0.25713143619778145,0.19561004716555436,0.18032788615249978,0.1739581668853413,0.002014058501103526,0.117849183398677
2025-08-17 18:00:00+00:00,12766.089557931993,-0.00399690271770383,-0.0040011214195309446,0.08802613623065662,0.18075717982458134,0.18132058374136653,0.20595643370100247,0.19743826676242004,0.23452753597062956,-0.0040011214195309446,0.11384806197914606
2025-08-17 20:00:00+00:00,12689.84539684875,-0.005972397478276258,-0.005940224734806041,0.07987333367050437,0.26063051349508576,0.17141543477370594,0.20049074262853334,0.18573130030946214,0.18173200879321288,-0.005940224734806041,0.10790783724434001
2025-08-17 22:00:00+00:00,12709.215313928966,0.0015264108012716597,0.0012363980153235984,0.05834571665803019,0.22673417569858414,0.20705841553800808,0.20739624480581625,0.20152853402590734,0.15728262993168438,0.0012363980153235984,0.10914423525966362
2025-08-18 00:00:00+00:00,12706.213003729543,-0.00023623096511178455,-0.00038762943323644364,0.05732870980956886,0.22052477611985297,0.23168576556995052,0.15989417328912037,0.19791129531176546,0.1899839897093107,-0.00038762943323644364,0.10875660582642717
2025-08-18 02:00:00+00:00,12580.63900636753,-0.00988288149467936,-0.009926580602874931,0.075765448860237,0.22043590905646404,0.16454936383025767,0.1639705921503915,0.18937111525461026,0.2616730197082766,-0.009926580602874931,0.09883002522355223
2025-08-18 04:00:00+00:00,12437.829830956347,-0.01135150411190576,-0.011249629919375063,0.09781956951798519,0.23599014631514217,0.16647248227721745,0.22244106033166278,0.2112428608856862,0.16385345019029135,-0.011249629919375063,0.08758039530417717
2025-08-18 06:00:00+00:00,12454.12054130127,0.0013097711229637973,0.0010777540315362341,0.09801620761007933,0.15428023598075433,0.20098077012173032,0.2110974643269401,0.2062801596147174,0.22736136995585782,0.0010777540315362341,0.08865814933571341
2025-08-18 08:00:00+00:00,12376.112108766296,-0.006263664485683838,-0.006013844583092181,0.11900243717614631,0.25258986452726584,0.17198770872630126,0.16683966433050051,0.22697296824435223,0.18160979417158019,-0.006013844583092181,0.08264430475262123
2025-08-18 10:00:00+00:00,12407.69042687372,0.0025515539799495254,0.0022127630679225924,0.04482991071273623,0.2825421050170013,0.17143282006819754,0.1817173345535013,0.19001086482693816,0.17429687553436174,0.0022127630679225924,0.08485706782054382
2025-08-18 12:00:00+00:00,12386.784771602399,-0.001684894976589757,-0.0016635083013000636,0.07906059287324346,0.24113715807386815,0.18586728787152001,0.14406168862339094,0.19351672904255438,0.2354171363886665,-0.0016635083013000636,0.08319355951924376
2025-08-18 14:00:00+00:00,12409.500200487842,0.0018338438347228609,0.0015718447876819242,0.09999315231164947,0.1642439518925654,0.24953011210803905,0.18039201669852142,0.1794542150338892,0.22637970426698498,0.0015718447876819242,0.08476540430692568
2025-08-18 16:00:00+00:00,12526.734640288743,0.009447152416041136,0.00827932435475219,0.1340247488371332,0.27299992918831706,0.18164090038249003,0.18931229141943093,0.19580271185436118,0.16024416715540074,0.00827932435475219,0.09304472866167787
2025-08-18 18:00:00+00:00,12537.901607388923,0.0008914507587846728,0.0006875933128794792,0.13567849480170474,0.18767249231200797,0.23656877923250008,0.1560366344818549,0.17872731086654162,0.24099478310709552,0.0006875933128794792,0.09373232197455734
2025-08-18 20:00:00+00:00,12538.479690632326,4.610685755123694e-05,-8.690324929081586e-05,0.08097366890484517,0.1985838842853314,0.16032472361279548,0.21927364308185968,0.18555257919805854,0.23626516982195492,-8.690324929081586e-05,0.09364541872526654
2025-08-18 22:00:00+00:00,12554.714436975333,0.001294793846110077,0.0010585339564456863,0.08620107871853101,0.24294417857300746,0.19756495318772493,0.1394494335296442,0.190153134053984,0.22988830065563934,0.0010585339564456863,0.09470395268171222
2025-08-19 00:00:00+00:00,12513.609302698384,-0.003274079588452389,-0.003209092311549275,0.0698715479192796,0.1875868682248892,0.23619245322547458,0.16055711609302875,0.17563889648282272,0.2400246659737848,-0.003209092311549275,0.09149486037016295
2025-08-19 02:00:00+00:00,12463.875766780138,-0.00397435581655261,-0.0038715653291915234,0.06265703351855374,0.17903532214920218,0.2123838380939874,0.21991808640516525,0.1789349596892399,0.2097277936624052,-0.0038715653291915234,0.08762329504097142
2025-08-19 04:00:00+00:00,12365.997974933089,-0.007852917798484606,-0.007632176110035114,0.0650738495893256,0.18545880845784085,0.17781366935237358,0.23219816978506094,0.22530523959003118,0.17922411281469347,-0.007632176110035114,0.07999111893093631
2025-08-19 06:00:00+00:00,12419.670587961742,0.004340338170639551,0.0038523504358288145,0.09585252012881867,0.1724933718570882,0.20682390311706586,0.29904045614918734,0.1757254540886727,0.1459168147879859,0.0038523504358288145,0.08384346936676512
2025-08-19 08:00:00+00:00,12371.301486345648,-0.0038945559202653913,-0.003759563707450796,0.13444639693537178,0.2532346334798929,0.1743181485183504,0.2133231403816643,0.15950212751953943,0.199621950100553,-0.003759563707450796,0.08008390565931432
2025-08-19 10:00:00+00:00,12436.53597849772,0.005273050068666839,0.0046942502144059605,0.05608111897471389,0.2798129502172257,0.20382095075573142,0.17781807042512532,0.15687891533924614,0.18166911326267132,0.0046942502144059605,0.08477815587372028
2025-08-19 12:00:00+00:00,12474.179471721798,0.0030268471292296557,0.0026626092355047392,0.08816370209779627,0.19164924811942952,0.21402883868823566,0.182529802629577,0.2163780519786886,0.19541405858406932,0.0026626092355047392,0.08744076510922502
2025-08-19 14:00:00+00:00,12436.446438531548,-0.0030248909979040473,-0.0029560117738104265,0.07242534659049808,0.19118891806860142,0.2610974913336823,0.2078864965746284,0.1777120575963301,0.1621150364267578,-0.0029560117738104265,0.0844847533354146
2025-08-19 16:00:00+00:00,12278.519247154447,-0.012698739318958352,-0.012493121276773723,0.08778783391161886,0.17225167356523588,0.19224690192542898,0.242617608976729,0.20455994670530236,0.18832386882730381,-0.012493121276773723,0.07199163205864087
2025-08-19 18:00:00+00:00,12271.009580794487,-0.0006116100979927685,-0.0006372836445981354,0.06804855102219344,0.16570648547428687,0.22951927801219812,0.27339378391215324,0.16494739640912023,0.16643305619224147,-0.0006372836445981354,0.07135434841404273
2025-08-19 20:00:00+00:00,12208.719882163814,-0.005076167386273071,-0.004806496608836661,0.05297002418643773,0.1654794399932474,0.2262543698704748,0.22399142771942365,0.21791742059555802,0.1663573418212962,-0.004806496608836661,0.06654785180520607
2025-08-19 22:00:00+00:00,12281.46873517775,0.005958761747021314,0.0053451768814557245,0.12786378636179874,0.24036834737973892,0.1937733380385765,0.2769663066947309,0.15709923586129124,0.13179277202566253,0.0053451768814557245,0.0718930286866618
2025-08-20 00:00:00+00:00,12128.609983752507,-0.012446292436295591,-0.011912833099304599,0.12029183805679665,0.18264130586309021,0.23353164390153658,0.21440151015458292,0.21987949771339863,0.1495460423673917,-0.011912833099304599,0.0599801955873572
2025-08-20 02:00:00+00:00,12193.55644273482,0.005354814695939159,0.004780916626331589,0.11277860946433146,0.20441243292099837,0.17957265184557364,0.2696293677948351,0.16105988030503005,0.18532566713356277,0.004780916626331589,0.06476111221368878
2025-08-20 04:00:00+00:00,12243.060717087954,0.0040598716695677065,0.00360474087425761,0.0729643170233543,0.18255356149177976,0.21689454924109278,0.21852392220069944,0.19279162478996636,0.18923634227646166,0.00360474087425761,0.06836585308794639
2025-08-20 06:00:00+00:00,12280.162595386875,0.0030304414195330255,0.0026741371054884422,0.09384479630704719,0.24184304225175704,0.17849370439031254,0.2280148812908794,0.13734767333369938,0.21430069873335156,0.0026741371054884422,0.07103999019343483
2025-08-20 08:00:00+00:00,12269.222366766056,-0.0008908863002292997,-0.0008882329812781405,0.07708819382227747,0.2068165834550657,0.19030467272855647,0.20548757083877597,0.20262489881773296,0.1947662741598689,-0.0008882329812781405,0.07015175721215669
2025-08-20 10:00:00+00:00,12298.067040540589,0.002350978155931514,0.002067069467062375,0.06243275189147668,0.25292660507313586,0.17888832290833848,0.2218103011121825,0.16290414821535884,0.18347062269098435,0.002067069467062375,0.07221882667921907
2025-08-20 12:00:00+00:00,12292.988347817858,-0.0004129667455859479,-0.000455192066491097,0.038267733814585855,0.27395814588976025,0.1610304699340659,0.23785919862023425,0.16409144370526857,0.1630607418506711,-0.000455192066491097,0.07176363461272797
2025-08-20 14:00:00+00:00,12176.763629419289,-0.009454553694358641,-0.008991708117138357,0.02422185294176818,0.2555347577777218,0.17459525269496923,0.23876292584155234,0.1738447866648153,0.15726227702094137,-0.008991708117138357,0.06277192649558962
2025-08-20 16:00:00+00:00,12335.714302100405,0.01305360582816004,0.011580094341579451,0.040260826478984685,0.22778569078845956,0.2129159023635812,0.23088639038993933,0.175784963475188,0.1526270529828319,0.011580094341579451,0.07435202083716907
2025-08-20 18:00:00+00:00,12477.847529872935,0.011522091408061479,0.009986927748417527,0.00931054222564831,0.22702659599081595,0.21667013460867235,0.2277937847104024,0.18134127345574527,0.14716821123436424,0.009986927748417527,0.0843389485855866
2025-08-20 20:00:00+00:00,12560.471748114463,0.006621672371274048,0.005690220836492552,0.06454635131942203,0.18079356298956206,0.2102021781920125,0.2389427347942347,0.16949591155423685,0.20056561246995386,0.005690220836492552,0.09002916942207916
2025-08-20 22:00:00+00:00,12568.069112461595,0.0006048629780384231,0.00042115211955154574,0.05393040965840583,0.21425049069841018,0.20809778224988487,0.2594162167437924,0.1682069833937071,0.1500285269142054,0.00042115211955154574,0.0904503215416307
2025-08-21 00:00:00+00:00,12525.235810016444,-0.003408105259596408,-0.003233989419875175,0.06681733222645186,0.17807579797345702,0.20816740367080033,0.22877357724229377,0.197508864395833,0.18747435671761598,-0.003233989419875175,0.08721633212175553
2025-08-21 02:00:00+00:00,12590.536532824342,0.00521353240756363,0.004484444220452148,0.047192935819991316,0.1842401156267654,0.23052721625945913,0.24744238282031777,0.177320341491834,0.16046994380162352,0.004484444220452148,0.09170077634220768
2025-08-21 04:00:00+00:00,12484.11770494544,-0.008452286969777746,-0.008034416410760904,0.02380607876570634,0.18968681626202744,0.21434810584830433,0.2398154144657663,0.18486559994204269,0.1712840634818592,-0.008034416410760904,0.08366635993144678
2025-08-21 06:00:00+00:00,12497.231811072597,0.0010504631914807188,0.0008350235948747497,0.05281893619969305,0.1877603392536601,0.18613816323577084,0.21713289788697407,0.1895476835276474,0.21942091609594755,0.0008350235948747497,0.08450138352632153
2025-08-21 08:00:00+00:00,12483.845394076117,-0.0010711505714905906,-0.001074732526737418,0.03889653701560629,0.20874379822110337,0.16365696918300648,0.20071755492413218,0.19492952323069643,0.23195215444106157,-0.001074732526737418,0.08342665099958411
2025-08-21 10:00:00+00:00,12399.254843270446,-0.006776001154725249,-0.006371759767888358,0.09836556347244248,0.21739608224730825,0.25141668482186524,0.18201374985230498,0.19688308703807525,0.15229039604044628,-0.006371759767888358,0.07705489123169576
2025-08-21 12:00:00+00:00,12384.604064014842,-0.0011815854614485683,-0.0011558362668342157,0.12696356342439852,0.2551327262696998,0.17642086169859977,0.13004600955117193,0.24308226470583771,0.19531813777469076,-0.0011558362668342157,0.07589905496486155
2025-08-21 14:00:00+00:00,12380.460057423956,-0.0003346095336973422,-0.0003872926287809622,0.13413901628113994,0.21526003181543446,0.2244313204728457,0.21617456705806598,0.17543963324241277,0.16869444741124115,-0.0003872926287809622,0.07551176233608059
2025-08-21 16:00:00+00:00,12317.216277121126,-0.005108354617638331,-0.004777240063753797,0.031927298385187194,0.22037115282559147,0.2511995439333398,0.21622252097260208,0.15011076557474418,0.1620960166937226,-0.004777240063753797,0.0707345222723268
2025-08-21 18:00:00+00:00,12321.068610141001,0.0003127600371060754,0.00021066857177835544,0.04956124617731994,0.23193109114198243,0.24798171418066722,0.20288122774316222,0.1881120734356731,0.12909389349851505,0.00021066857177835544,0.07094519084410515
2025-08-21 20:00:00+00:00,12287.341644907863,-0.002737340915817887,-0.00257302126041878,0.0836464900471311,0.20024039697282076,0.19602591830269783,0.2533275352145847,0.19772176293161506,0.15268438657828176,-0.00257302126041878,0.06837216958368637
2025-08-21 22:00:00+00:00,12332.408817827152,0.0036677724296830523,0.0032366099871863844,0.08388873264018298,0.1922041885729026,0.2691194570227238,0.18924725208625554,0.18594952181967936,0.1634795804984388,0.0032366099871863844,0.07160877957087276
2025-08-22 00:00:00+00:00,12310.32246299314,-0.0017909197757120972,-0.0017117944050206429,0.13697209272342165,0.13840461572011983,0.18683386749548314,0.18836032174285722,0.2265069447271292,0.2598942503144105,-0.0017117944050206429,0.06989698516585212
2025-08-22 02:00:00+00:00,12368.461075982308,0.004722753052484425,0.004184885887884819,0.09883345528984007,0.14878762737486192,0.21743499476628594,0.2462096381071525,0.20479620076755276,0.18277153898414697,0.004184885887884819,0.07408187105373694
2025-08-22 04:00:00+00:00,12391.212002384536,0.001839430650463697,0.0015895852361812765,0.058233347518657955,0.17307610532981335,0.19205308098018897,0.280154507670859,0.17578937953453458,0.17892692648460412,0.0015895852361812765,0.07567145628991821
2025-08-22 06:00:00+00:00,12432.214845939501,0.0033090260700144444,0.0029124503142843134,0.08963223697791292,0.1993761192027378,0.21758324423481096,0.2173699185070712,0.2135914393849011,0.152079278670479,0.0029124503142843134,0.07858390660420253
2025-08-22 08:00:00+00:00,12456.209872502168,0.0019300685243951823,0.0016661555916475368,0.08143356327195592,0.20104809808467916,0.19321280131212748,0.16470144106395554,0.20919679647874426,0.23184086306049345,0.0016661555916475368,0.08025006219585007
2025-08-22 10:00:00+00:00,12448.473599935878,-0.0006210775705832877,-0.0006679094517283866,0.08191969157659217,0.2588795245028668,0.2173010664705321,0.15696716923171053,0.1677474108884982,0.19910482890639242,-0.0006679094517283866,0.07958215274412168
2025-08-22 12:00:00+00:00,12371.977793211168,-0.006144994895205793,-0.005874847987585656,0.11484464220256414,0.1898292858048822,0.17150666296595252,0.17429160121694265,0.19393005308275565,0.270442396929467,-0.005874847987585656,0.07370730475653603
2025-08-22 14:00:00+00:00,12386.556079874315,0.001178331137253379,0.0010007080725644721,0.1187346429290313,0.15980001559342405,0.23788895644677813,0.22664395066514828,0.18734125419089295,0.18832582310375648,0.0010007080725644721,0.0747080128291005
2025-08-22 16:00:00+00:00,12890.738984457474,0.04070404245796418,0.03284566749810727,0.027355787388200145,0.15533008675700063,0.24323653063456704,0.23788538561036363,0.1981080324460889,0.16543996455197982,0.03284566749810727,0.10755368032720777
2025-08-22 18:00:00+00:00,13102.694710040474,0.016442480593126557,0.012203377389415106,0.13750342503750634,0.27019718032772677,0.17950728684588638,0.1946322227010741,0.16758701410655272,0.18807629601876,0.012203377389415106,0.11975705771662287
2025-08-22 20:00:00+00:00,13132.891779874564,0.002304645761985875,0.0016533993743977648,0.15134127548473694,0.15893593660831082,0.27686199104759796,0.24861879398409947,0.16077971241574848,0.15480356594424324,0.0016533993743977648,0.12141045709102063
2025-08-22 22:00:00+00:00,13172.415070002531,0.00300948875468032,0.0022067048276706554,0.10617535785284216,0.23408284476164276,0.23694536416870873,0.1823600630101465,0.18048242596483996,0.16612930209466195,0.0022067048276706554,0.12361716191869129
2025-08-23 00:00:00+00:00,13164.603343333463,-0.0005930367838815706,-0.0006805840442489309,0.07271082282978361,0.1727712649312816,0.2360019263684822,0.17190425781095064,0.19208995435221293,0.22723259653707262,-0.0006805840442489309,0.12293657787444236
2025-08-23 02:00:00+00:00,13060.194012788535,-0.007931065435237783,-0.006981089886812875,0.14864512085847525,0.17582390008769636,0.16244197567553023,0.2993422232494679,0.2102444746157561,0.1521474263715493,-0.006981089886812875,0.11595548798762949
2025-08-23 04:00:00+00:00,12944.131448330554,-0.008886741218724176,-0.007763927400283269,0.10047823265235648,0.21933621483958626,0.17851338581242582,0.2036923962974205,0.20541606891544717,0.1930419341351204,-0.007763927400283269,0.10819156058734622
2025-08-23 06:00:00+00:00,13048.72364463276,0.00808027921531169,0.006116909793746405,0.04961182503591986,0.24617598922433015,0.14383901639349894,0.18875494068042734,0.2172835549322018,0.20394649876954157,0.006116909793746405,0.11430847038109263
2025-08-23 08:00:00+00:00,13003.582618257382,-0.0034594208295571586,-0.00302484374110998,0.06643817996525724,0.28753786997961145,0.168915315603475,0.17578364987521866,0.19095149383556853,0.1768116707061264,-0.00302484374110998,0.11128362663998265
2025-08-23 10:00:00+00:00,13031.523564238181,0.0021487113821669233,0.0015553567657338452,0.045801071953875436,0.25778389488792314,0.1528682187412878,0.19704429404891946,0.20137017861816736,0.19093341370370215,0.0015553567657338452,0.11283898340571649
2025-08-23 12:00:00+00:00,12976.036840312074,-0.0042578846327973995,-0.0037059909923216113,0.06562253337856953,0.20561020711540315,0.21801016143879703,0.188202846210324,0.1967627808507133,0.19141400438476247,-0.0037059909923216113,0.10913299241339489
2025-08-23 14:00:00+00:00,12982.40589249683,0.0004908318512915448,0.0002380644589354478,0.0615330639606048,0.1440771431547984,0.2420791164528261,0.19703325574224453,0.22374666495235082,0.1930638196977802,0.0002380644589354478,0.10937105687233033
2025-08-23 16:00:00+00:00,12988.301925612259,0.00045415565991771474,0.00020873701048773692,0.08955801807775,0.21174527211927555,0.19563068562920444,0.18440362884514247,0.19326670459532455,0.21495370881105305,0.00020873701048773692,0.10957979388281806
2025-08-23 18:00:00+00:00,12974.11313046494,-0.0010924288046721725,-0.0010579157813680126,0.07191941442943912,0.1932763910597416,0.1901141315458508,0.13646964955859092,0.22082908281836522,0.2593107450174515,-0.0010579157813680126,0.10852187810145004
2025-08-23 20:00:00+00:00,12983.525915055354,0.0007255050496137814,0.0004333824258045552,0.11774806142975659,0.22521050110679114,0.2230316877147122,0.18936604477243651,0.15921347739807232,0.20317828900798776,0.0004333824258045552,0.1089552605272546
2025-08-23 22:00:00+00:00,12960.691316602017,-0.0017587363095919746,-0.0016153377447375218,0.07496767221090697,0.22496228390246384,0.1741469034457064,0.16353137403486268,0.231529899173423,0.20582953944354407,-0.0016153377447375218,0.10733992278251708
2025-08-24 00:00:00+00:00,12998.640525022236,0.002928023474458324,0.002216441571182379,0.09374463627651534,0.16196517240989064,0.23519053100529494,0.16340421848380668,0.20090952994053693,0.23853054816047095,0.002216441571182379,0.10955636435369946
2025-08-24 02:00:00+00:00,13005.791275395335,0.000550115249308778,0.00029123793991767995,0.10154502216505146,0.1512314790556086,0.1443792021945254,0.2279786459263371,0.2356276920247776,0.2407829807987512,0.00029123793991767995,0.10984760229361715
2025-08-24 04:00:00+00:00,12987.888844965597,-0.0013764968275022395,-0.0013069393743562207,0.0867884846377861,0.16963354915631193,0.20138026187481647,0.1761266597988813,0.20069119351444734,0.252168335655543,-0.0013069393743562207,0.10854066291926093
2025-08-24 06:00:00+00:00,12984.595704418076,-0.0002535547221592542,-0.00036839162599732535,0.08587492474238505,0.25550847389869696,0.1877057845182269,0.17048134591289238,0.20067694251439352,0.18562745315579024,-0.00036839162599732535,0.10817227129326361
2025-08-24 08:00:00+00:00,12911.10366890718,-0.0056599402233132295,-0.004991703017225057,0.025445277776450337,0.25495263320999373,0.21166558538789484,0.17196682281967476,0.195484962298473,0.16592999628396365,-0.004991703017225057,0.10318056827603855
2025-08-24 10:00:00+00:00,12923.94104416046,0.0009942895342243499,0.0006761494573516338,0.07418590925898678,0.19990967955522027,0.24488687423149003,0.18874807624208298,0.17634200669425973,0.19011336327694708,0.0006761494573516338,0.10385671773339018
2025-08-24 12:00:00+00:00,12855.359289445647,-0.005306566664183314,-0.0046719207964457735,0.035573467473619905,0.21021197627036367,0.23872658168592137,0.2140192470005595,0.15728223402888525,0.17975996101427033,-0.0046719207964457735,0.0991847969369444
2025-08-24 14:00:00+00:00,12880.041582754398,0.0019200002701608326,0.0014480845991778166,0.029123292893720357,0.21160824536149256,0.21666671116584155,0.2077409906268144,0.18500925783147665,0.17897479501437483,0.0014480845991778166,0.10063288153612222
2025-08-24 16:00:00+00:00,12915.023035554797,0.0027159425360270615,0.002097304689795946,0.04603035959104017,0.2014757668953449,0.2167744224819423,0.22700618879843595,0.21166670793479458,0.1430769138894824,0.002097304689795946,0.10273018622591817
2025-08-24 18:00:00+00:00,13037.773954215865,0.00950450636620142,0.007438212690758269,0.08770135273294921,0.18185183194067245,0.19766469656913027,0.18517936959506545,0.2045258352727002,0.23077826662243145,0.007438212690758269,0.11016839891667644
2025-08-24 20:00:00+00:00,12905.663303838557,-0.010132914624937784,-0.009064563239055712,0.11323856336620952,0.1867454065933312,0.22935080153216691,0.26183825334557964,0.18742541749159966,0.13464012103732254,-0.009064563239055712,0.10110383567762073
2025-08-24 22:00:00+00:00,12868.377858240308,-0.0028890762698852335,-0.002564257993025104,0.056763810455614516,0.20487041015117818,0.2201741558930102,0.21425108852912184,0.20809279530799063,0.1526115501186991,-0.002564257993025104,0.09853957768459562
2025-08-25 00:00:00+00:00,12869.552581077282,9.128756164247852e-05,-5.732207186501668e-05,0.08400112600159433,0.22152821047749766,0.19370510028898136,0.2630567679435314,0.15056072491042521,0.17114919637956447,-5.732207186501668e-05,0.09848225561273061
2025-08-25 02:00:00+00:00,12812.738207503631,-0.00441463471365646,-0.003875391262204736,0.10677048603025263,0.19723500503202201,0.17907858060837636,0.1952060070393594,0.18630484158035673,0.24217556573988558,-0.003875391262204736,0.09460686435052587
2025-08-25 04:00:00+00:00,12813.360110464893,4.85378653016784e-05,-8.272340959873099e-05,0.1250504665975617,0.24329004017430608,0.16930946744622036,0.1496602141321628,0.2653002730356343,0.17244000521167643,-8.272340959873099e-05,0.09452414094092713
2025-08-25 06:00:00+00:00,12734.063335827123,-0.006188601112756301,-0.0054155823382599265,0.10270715237484983,0.2087353494723065,0.19351653089266338,0.18804067443674155,0.19714781136278414,0.21255963383550455,-0.0054155823382599265,0.08910855860266721
2025-08-25 08:00:00+00:00,12545.833362613077,-0.014781611199032029,-0.013088900646184821,0.08789777810813662,0.24408917388118379,0.24297776835931092,0.1911233906693533,0.1671496414946422,0.15466002559550984,-0.013088900646184821,0.07601965795648238
2025-08-25 10:00:00+00:00,12577.17438211451,0.0024981217744235065,0.0019636237158972064,0.018636702937245855,0.24648513793896598,0.224341065422065,0.20134933786437048,0.16921731886875516,0.1586071399058433,0.0019636237158972064,0.07798328167237958
2025-08-25 12:00:00+00:00,12505.4710355165,-0.005701069605902522,-0.004850559101250265,0.05078830562662161,0.2196320641529969,0.2004058335814125,0.24521745385436378,0.17345559963889923,0.16128904877232758,-0.004850559101250265,0.07313272257112932
2025-08-25 14:00:00+00:00,12549.837183147043,0.0035477390259460793,0.002829032784556914,0.09702809367251052,0.25805646267070703,0.25900952873621286,0.1974508923140977,0.14869692938058526,0.13678618689839706,0.002829032784556914,0.07596175535568624
2025-08-25 16:00:00+00:00,12570.60755620637,0.001655031276997046,0.0012834529719775616,0.1002335812120561,0.23096009669941844,0.19157507063030565,0.19174813517923742,0.20078698345552107,0.18492971403551736,0.0012834529719775616,0.0772452083276638
2025-08-25 18:00:00+00:00,12562.916535402956,-0.0006118257028570126,-0.0005869522963413949,0.09885162127130931,0.21878613371444505,0.22478796408277044,0.257386862998082,0.15479703658658858,0.14424200261811398,-0.0005869522963413949,0.0766582560313224
2025-08-25 20:00:00+00:00,12342.154397427972,-0.01757252285748011,-0.015316630619085926,0.0682785345453555,0.17745456862936493,0.20208862817410225,0.2531392294464748,0.17367510152493285,0.19364247222512523,-0.015316630619085926,0.06134162541223647
2025-08-25 22:00:00+00:00,12200.417413827276,-0.01148397427520709,-0.009524228708513636,0.11361805078717242,0.25571007430162973,0.22412191417644436,0.15409873800696472,0.1870043606374983,0.17906491287746287,-0.009524228708513636,0.05181739670372283
2025-08-26 00:00:00+00:00,12262.936610225197,0.005124348969164275,0.004112038824187062,0.07043243184699016,0.23667307122564907,0.19133576131072202,0.20950039203442095,0.16839508473221115,0.1940956906969968,0.004112038824187062,0.055929435527909896
2025-08-26 02:00:00+00:00,12317.290578311236,0.004432377807508008,0.0035434396764002164,0.06467618160215068,0.2444354595773664,0.23294701345994406,0.16025816725990635,0.18369762583342245,0.1786617338693607,0.0035434396764002164,0.05947287520431011
2025-08-26 04:00:00+00:00,12307.882400750987,-0.0007638187554669033,-0.000655549205303381,0.17170023166240336,0.18084994866029996,0.16795630392004246,0.11713415605447106,0.22957371217208888,0.30448587919309766,-0.000655549205303381,0.05881732599900673
2025-08-26 06:00:00+00:00,12352.287042126452,0.003607821388735244,0.0028825864262007053,0.2000386930311181,0.20408611263876272,0.19641488906971732,0.26547809995745153,0.16622768748925115,0.16779321084481727,0.0028825864262007053,0.061699912425207434
2025-08-26 08:00:00+00:00,12344.238839334128,-0.0006515556807314541,-0.0005723495369819658,0.1074359205091401,0.19594465066770114,0.20413611330927622,0.16618364141937308,0.21336194332080724,0.22037365128284245,-0.0005723495369819658,0.06112756288822547
2025-08-26 10:00:00+00:00,12330.465269549142,-0.0011157893138860476,-0.0009515930914787816,0.11784168472979129,0.2757655377574718,0.21928134547109698,0.18905920689757286,0.13566266369541427,0.18023124617844405,-0.0009515930914787816,0.060175969796746685
2025-08-26 12:00:00+00:00,12331.90750446715,0.00011696516607293217,5.7465204047157425e-05,0.16890416604664796,0.1667301495345317,0.23281957427566066,0.30194098918067375,0.17814681865439758,0.12036246835473614,5.7465204047157425e-05,0.060233435000793846
2025-08-26 14:00:00+00:00,12405.57547082095,0.005973768966975713,0.00481963886372039,0.14683557435166603,0.19474570344023398,0.20326961225192494,0.1886268654891805,0.1741753300179606,0.23918248880069998,0.00481963886372039,0.06505307386451424
2025-08-26 16:00:00+00:00,12424.666577492098,0.001538913427760953,0.0012078255468391335,0.09458753830589378,0.22229597251817823,0.1528389497217141,0.1444699897134976,0.2294341647134317,0.25096092333317843,0.0012078255468391335,0.06626089941135338
2025-08-26 18:00:00+00:00,12464.605009367573,0.0032144469733960484,0.002572841219881865,0.10838275172082058,0.21907290717107392,0.16108362881599508,0.24460806234003718,0.18350436067815454,0.1917310409947393,0.002572841219881865,0.06883374063123525
2025-08-26 20:00:00+00:00,12598.389072257261,0.01073311691699365,0.008589787299124718,0.05812955251133384,0.1960744474980102,0.21821874068519,0.22366966576166136,0.18449880132029345,0.177538344734845,0.008589787299124718,0.07742352793035996
2025-08-26 22:00:00+00:00,12597.639870687624,-5.946804510791205e-05,-0.00012997141152501333,0.05363464006178181,0.18563257885293305,0.2522149304433354,0.2433081160652978,0.17910785902186907,0.13973651561656472,-0.00012997141152501333,0.07729355651883495
2025-08-27 00:00:00+00:00,12595.604675868648,-0.00016155365924629624,-0.00021368566545367523,0.10577030467848454,0.2175560629422649,0.17627340159159485,0.24045260496783233,0.15213459429259055,0.21358333620571743,-0.00021368566545367523,0.07707987085338128
2025-08-27 02:00:00+00:00,12554.003818112176,-0.003302807513177412,-0.0028242973630416895,0.08641074661995295,0.17904274689992736,0.2161700231334946,0.2154516721985092,0.19864871937064368,0.1906868383974251,-0.0028242973630416895,0.0742555734903396
2025-08-27 04:00:00+00:00,12609.28006345966,0.0044030769902855225,0.003520038462710994,0.054292443440698585,0.19582201192024576,0.23789449362981593,0.21936042496551408,0.2105286745276977,0.13639439495672656,0.003520038462710994,0.07777561195305059
2025-08-27 06:00:00+00:00,12604.241085349877,-0.0003996245689224975,-0.00041259634728425885,0.0652720823195295,0.23012782972071405,0.20096262907047796,0.20659726911126491,0.19495161262175528,0.1673606594757877,-0.00041259634728425885,0.07736301560576633
2025-08-27 08:00:00+00:00,12529.951615537037,-0.0058940057802597985,-0.005039086228075826,0.08592694608383776,0.18941427573184502,0.23739173668442035,0.24534398002157282,0.20570274018134277,0.12214726738081899,-0.005039086228075826,0.07232392937769051
2025-08-27 10:00:00+00:00,12527.498430531381,-0.0001957856726767684,-0.00023059777446045632,0.02930372558562097,0.2057736172764293,0.23198670165923618,0.24133707101166735,0.1858109586308114,0.13509165142185567,-0.00023059777446045632,0.07209333160323006
2025-08-27 12:00:00+00:00,12567.24468770633,0.0031727209861851695,0.002546456013647435,0.03402504508966479,0.18953068522789465,0.24272889847364038,0.264619919286928,0.17144205801999854,0.13167843899153844,0.002546456013647435,0.07463978761687749
2025-08-27 14:00:00+00:00,12562.215451022965,-0.0004001861035048638,-0.00040738239723791414,0.0659178169311409,0.17197754192131548,0.2077366111885071,0.2592623409602319,0.1634272500072663,0.1975962559226794,-0.00040738239723791414,0.07423240521963957
2025-08-27 16:00:00+00:00,12641.11319625033,0.006280559789391331,0.005082462754756105,0.08896871990710081,0.22730123700413227,0.1959110108055026,0.20781286443638491,0.19707227483155026,0.17190261292242998,0.005082462754756105,0.07931486797439567
2025-08-27 18:00:00+00:00,12650.535093316057,0.0007453376074920689,0.0005342038814116277,0.09246347190584883,0.24057668707514784,0.15279346128285048,0.17523377549592484,0.18030544138881363,0.25109063475726323,0.0005342038814116277,0.0798490718558073
2025-08-27 20:00:00+00:00,12580.039311778444,-0.0055725533360924395,-0.004821316384300939,0.06583247769499058,0.26128744184593167,0.17679744418809518,0.1481432494316607,0.20142318140777568,0.21234868312653676,-0.004821316384300939,0.07502775547150635
2025-08-27 22:00:00+00:00,12540.378481552296,-0.003152679355223888,-0.0027312588712233845,0.032598827149612736,0.23762547222485225,0.19182153506362656,0.16373819356984726,0.20340297354367057,0.20341182559800353,-0.0027312588712233845,0.07229649660028296
2025-08-28 00:00:00+00:00,12491.775360318834,-0.003875730011256052,-0.003341765382524053,0.07735919570179649,0.2419108759152516,0.1586268075316898,0.22211955965012606,0.15923850537381073,0.21810425152912177,-0.003341765382524053,0.06895473121775891
2025-08-28 02:00:00+00:00,12518.617978975533,0.0021488233563636606,0.0017333265285466785,0.09417996949789492,0.1950322061338942,0.19974916503730364,0.1748182599335886,0.19733993654822626,0.2330604323469874,0.0017333265285466785,0.07068805774630559
2025-08-28 04:00:00+00:00,12567.46407431563,0.0039018760235461267,0.0031860746181801673,0.07165126669602219,0.19372925072210326,0.18355234034474682,0.24646952662961072,0.18327582620895852,0.19297305609458063,0.0031860746181801673,0.07387413236448576
2025-08-28 06:00:00+00:00,12628.683868079866,0.004871292521882057,0.003978522083772194,0.06874052392471051,0.20460094277617974,0.19188981014177528,0.18274979892919677,0.2328071882825641,0.18795225987028408,0.003978522083772194,0.07785265444825795
2025-08-28 08:00:00+00:00,12652.255162129728,0.0018664885665115722,0.0014821503892340048,0.09510019261638805,0.2906398745531341,0.1940366364599894,0.18966423345041633,0.16991765578347967,0.15574159975298046,0.0014821503892340048,0.07933480483749196
2025-08-28 10:00:00+00:00,12625.467290385926,-0.0021172408713335243,-0.001885179764101394,0.1257692928563518,0.19273451883570894,0.2865472938114229,0.1760125070503769,0.203176291288398,0.14152938901409332,-0.001885179764101394,0.07744962507339057
2025-08-28 12:00:00+00:00,12656.0214232509,0.0024200397626661894,0.001953071748061304,0.14911516207421194,0.2435450237292512,0.16092558623161798,0.18228343237726172,0.17968283679399089,0.2335631208678781,0.001953071748061304,0.07940269682145187
2025-08-28 14:00:00+00:00,12643.787437832509,-0.0009666533430415893,-0.0009084420551055506,0.0625405329981748,0.2043566041683272,0.2020865331110539,0.1779848997795636,0.20106242291272985,0.21450954002832545,-0.0009084420551055506,0.07849425476634632
2025-08-28 16:00:00+00:00,12574.026522918999,-0.005517406493624912,-0.00484839071184545,0.044992779471658306,0.20025848198380466,0.1758540944009787,0.16332268120250307,0.23932990076216876,0.22123484165054488,-0.00484839071184545,0.07364586405450087
2025-08-28 18:00:00+00:00,12569.793188961849,-0.000336672898648152,-0.0003582087749299589,0.13939158895560588,0.16123138533165393,0.2754173217089724,0.20315104285011523,0.15010284422484085,0.2100974058844176,-0.0003582087749299589,0.07328765527957092
2025-08-28 20:00:00+00:00,12489.728974579013,-0.006369572926080014,-0.005582127338160629,0.08334587951302917,0.19684755057764772,0.21588248528194934,0.19172591236696654,0.1978325584918762,0.19771149328156012,-0.005582127338160629,0.06770552794141028
2025-08-28 22:00:00+00:00,12562.8044345346,0.005850844330114796,0.00486824726506644,0.07435305848241308,0.17566647571743269,0.16271050165975126,0.21757767063781933,0.22500962968759283,0.21903572229740376,0.00486824726506644,0.07257377520647673
2025-08-29 00:00:00+00:00,12595.916183424508,0.002635697233245439,0.0021619708040104173,0.07075249390847843,0.17548178639608475,0.17412463160269592,0.17259943899589045,0.19942005674239127,0.2783740862629376,0.0021619708040104173,0.07473574601048714
2025-08-29 02:00:00+00:00,12525.026250559744,-0.005628009255734054,-0.00494735736945077,0.06362755049410894,0.18627156029492425,0.1956482797884689,0.16263600063383268,0.23073418515188776,0.22470997413088645,-0.00494735736945077,0.06978838864103637
2025-08-29 04:00:00+00:00,12555.351515308826,0.002421173747857682,0.001993610077810064,0.09603248365920751,0.16962008720023983,0.13729029343341248,0.19644274159305647,0.20971116094242115,0.2869357168308702,0.001993610077810064,0.07178199871884644
2025-08-29 06:00:00+00:00,12524.488870694628,-0.0024581266861838464,-0.0021815579803043683,0.10398964972360987,0.19952823737683975,0.20823181771873384,0.19958271685474496,0.18724699428842462,0.20541023376125678,-0.0021815579803043683,0.06960044073854207
2025-08-29 08:00:00+00:00,12359.222206040955,-0.013195481776535524,-0.011684729682208147,0.062325760928413465,0.1864381378712178,0.20550133847192628,0.15307753467876103,0.2108258276510816,0.2441571613270133,-0.011684729682208147,0.057915711056333925
2025-08-29 10:00:00+00:00,12323.880473638577,-0.002859543409220586,-0.002464623173005995,0.05963923164331647,0.23866887955680116,0.18848404414015194,0.16048602463649408,0.19381031615533978,0.21855073551121293,-0.002464623173005995,0.05545108788332793
2025-08-29 12:00:00+00:00,12323.51183100655,-2.99128697989946e-05,-5.196293146684203e-05,0.09874491097711838,0.17481059359049406,0.18142125071067736,0.25409244114271745,0.19894881062623487,0.19072690392987632,-5.196293146684203e-05,0.055399124951861084
2025-08-29 14:00:00+00:00,12298.587201947152,-0.0020225264844300414,-0.0017516185247809207,0.0764118033405062,0.19937231371157138,0.2125228719967049,0.18606226088829128,0.21969727255963617,0.18234528084379623,-0.0017516185247809207,0.05364750642708016
2025-08-29 16:00:00+00:00,12276.939438150095,-0.0017601829739946862,-0.0015259502450628215,0.09512255826524418,0.1764733968975776,0.2390419767076312,0.25466571444260916,0.18989825324739076,0.13992065870479123,-0.0015259502450628215,0.05212155618201734
2025-08-29 18:00:00+00:00,12271.38173461447,-0.00045269454684739556,-0.0004054635123119793,0.034601097245170076,0.1649571601342894,0.23575729772446855,0.2789459448764912,0.17009807174867156,0.15024152551607928,-0.0004054635123119793,0.05171609266970536
2025-08-29 20:00:00+00:00,12279.027945433132,0.0006230928989109201,0.0005167969119352147,0.08451778031927844,0.175421737780006,0.20864449952584296,0.22154096275583832,0.1871942859590091,0.20719851397930353,0.0005167969119352147,0.052232889581640574
2025-08-29 22:00:00+00:00,12306.80337168763,0.0022620215849275555,0.0019228202757775243,0.0632201428089623,0.21669937270440273,0.19097897891067853,0.24348347064040396,0.17161919418809654,0.1772189835564183,0.0019228202757775243,0.0541557098574181
2025-08-30 00:00:00+00:00,12313.270095272488,0.0005254592431153897,0.00042909089345706406,0.032767665702091345,0.19635356092524445,0.19220545440810097,0.23774210925861003,0.20316038439276538,0.1705384910152791,0.00042909089345706406,0.05458480075087516
2025-08-30 02:00:00+00:00,12188.48006729352,-0.01013459682224298,-0.008850100380225677,0.06820538766024928,0.19318282080015528,0.14019082596435947,0.2247220901671914,0.21360478113113804,0.2282994819371557,-0.008850100380225677,0.045734700370649486
2025-08-30 04:00:00+00:00,12346.921907541,0.012999310773181895,0.011151441166751635,0.11918750185193755,0.20430798262934485,0.22968838331636202,0.24328687283793687,0.16083204854332916,0.16188471267302706,0.011151441166751635,0.056886141537401125
2025-08-30 06:00:00+00:00,12358.985538589297,0.0009770557503024282,0.0008003569290202377,0.05826650523084355,0.1722405773821078,0.24107462738204607,0.21708777285433048,0.16295345765485852,0.2066435647266573,0.0008003569290202377,0.05768649846642136
2025-08-30 08:00:00+00:00,12380.580027024811,0.0017472703053248051,0.0014552226192333516,0.13235152696224275,0.25380344663967774,0.17085873014444905,0.15963663727465072,0.15826896350989253,0.25743222243133007,0.0014552226192333516,0.059141721085654714
2025-08-30 10:00:00+00:00,12371.31108011636,-0.000748668227838867,-0.0006761785134296045,0.10549029167985248,0.19982201366314015,0.20323294162864292,0.1733269619275416,0.21769471905266025,0.20592336372801517,-0.0006761785134296045,0.05846554257222511
2025-08-30 12:00:00+00:00,12373.509756293895,0.00017772378071310817,0.00011831029952503765,0.09020932727667072,0.22005127835723484,0.2113206065217371,0.2352193596170234,0.16098204421556384,0.1724267112884408,0.00011831029952503765,0.05858385287175015
2025-08-30 14:00:00+00:00,12323.189532427565,-0.004066770452153642,-0.0035444185941418014,0.05564579690193286,0.22852443639567507,0.173010310619194,0.282391998480516,0.15437450840107844,0.1616987461035364,-0.0035444185941418014,0.05503943427760835
2025-08-30 16:00:00+00:00,12367.136124248711,0.003566170243953835,0.003032072517296343,0.07152242400971276,0.24888718679755248,0.1699460885313452,0.213933796558652,0.16874850574012265,0.19848442237232752,0.003032072517296343,0.05807150679490469
2025-08-30 18:00:00+00:00,12337.279718013182,-0.0024141730094641633,-0.002118367546814559,0.09454977526383909,0.206146174610052,0.24748730743860464,0.23094235291523169,0.1666802608986849,0.1487439041374267,-0.002118367546814559,0.05595313924809013
2025-08-30 20:00:00+00:00,12340.741755776813,0.0002806159739230943,0.0002145031833485673,0.030630984445008405,0.1981081968007906,0.25615592458904,0.22577058727641391,0.18864262819325803,0.13132266314049756,0.0002145031833485673,0.0561676424314387
2025-08-30 22:00:00+00:00,12327.893968130928,-0.001041087148580204,-0.0009300046002057776,0.0853640270626052,0.20045591036551524,0.19978584434738578,0.2521499666270119,0.15964868137230706,0.1879595972877801,-0.0009300046002057776,0.05523763783123292
2025-08-31 00:00:00+00:00,12372.721254795017,0.00363624855794289,0.0031180028068411064,0.0462708181079623,0.20141235181009173,0.2275714785949915,0.2058791485190496,0.16810915882126654,0.19702786225460073,0.0031180028068411064,0.05835564063807403
2025-08-31 02:00:00+00:00,12466.463395748468,0.007576517649027472,0.00649066554955212,0.07124955873358721,0.18206134336299531,0.2558746353858274,0.21842364303035922,0.19851106625270817,0.14512931196810988,0.00649066554955212,0.06484630618762616
2025-08-31 04:00:00+00:00,12490.970384340584,0.001965833277180668,0.001649719258996061,0.057541283705928536,0.17298784470286868,0.215288170836786,0.27596492673628775,0.19624605054244174,0.1395130071816158,0.001649719258996061,0.06649602544662221
2025-08-31 06:00:00+00:00,12437.306772048061,-0.004296192420710447,-0.0038198152668164702,0.12215054563198093,0.23769136087155135,0.1547656978337518,0.2476158674714264,0.16296703717835637,0.19696003664491404,-0.0038198152668164702,0.06267621017980574
2025-08-31 08:00:00+00:00,12426.507422808842,-0.0008683028759483176,-0.00080115065767168,0.10889208971218853,0.2151394803515986,0.2520998155569457,0.1959229891566446,0.17452500916735103,0.1623127057674601,-0.00080115065767168,0.061875059522134054
2025-08-31 10:00:00+00:00,12438.083166027127,0.000931536337960827,0.0007691061501522529,0.03329783973649875,0.21929622472578975,0.25301313552811555,0.1844572114381544,0.20275278455848875,0.1404806437494515,0.0007691061501522529,0.06264416567228631
2025-08-31 12:00:00+00:00,12445.728229405535,0.0006146496430648884,0.0004926651634445863,0.12308233734330183,0.15848327662394596,0.22034168894501116,0.2639279759815638,0.1731548419001351,0.18409221654934393,0.0004926651634445863,0.06313683083573089
2025-08-31 14:00:00+00:00,12437.034491866389,-0.0006985318479480935,-0.0006587341006337562,0.1153717766260497,0.2224254622524136,0.19251602632252446,0.19068469126535764,0.22458443289771718,0.16978938726198714,-0.0006587341006337562,0.06247809673509713
2025-08-31 16:00:00+00:00,12450.14871705532,0.0010544495311568846,0.0008812821125900712,0.13001146734973448,0.17795672870756737,0.2473031754665296,0.265909009471087,0.15977288943363724,0.14905819692117883,0.0008812821125900712,0.0633593788476872
2025-08-31 18:00:00+00:00,12442.39401268905,-0.0006228603804262795,-0.000595502173395107,0.05267341476084181,0.1755034952875896,0.2502412858880993,0.24067751179071967,0.1347842057731405,0.19879350126045092,-0.000595502173395107,0.0627638766742921
2025-08-31 20:00:00+00:00,12427.478432072767,-0.0011987709600798971,-0.0011054518084998213,0.0921372981036065,0.20679498652939618,0.2016175357897744,0.19716396378543813,0.18968788484662522,0.2047356290487662,-0.0011054518084998213,0.06165842486579228
2025-08-31 22:00:00+00:00,12447.863852653412,0.0016403505097248646,0.001406744936005414,0.0850506665394811,0.15744726670917336,0.1659145890705161,0.2486948607034005,0.20643210288819683,0.22151118062871328,0.001406744936005414,0.0630651698017977
2025-09-01 00:00:00+00:00,12334.613192982772,-0.009097999545239264,-0.00823717363456108,0.06740757287897894,0.1591301490381039,0.176295879054234,0.207494114653788,0.18022527605883035,0.27685458119504375,-0.00823717363456108,0.054827996167236624
