timestamp,portfolio_value,return,turnover,weight_btc,weight_eth,weight_ltc,weight_bnb,weight_usdt,dsr,cumulative_dsr
2025-06-06 10:00:00+00:00,10000.0,,0.0,0.25,0.25,0.25,0.25,0.0,,0.0
2025-06-06 12:00:00+00:00,10051.19598139343,0.00511959813934304,0.0,0.24940816771758115,0.24949440325742017,0.2506230342019149,0.2504743948230838,0.0,0.0,0.0
2025-06-06 14:00:00+00:00,10134.396713707685,0.00827769476073037,0.0,0.24776723492692246,0.2501402810622984,0.25253289341588153,0.2495595905948975,0.0,0.0,0.0
2025-06-06 16:00:00+00:00,10177.72872779227,0.00427573690952654,0.0,0.24906679252725267,0.24972308684294509,0.25335982713855215,0.24785029349125015,0.0,0.0,0.0
2025-06-06 18:00:00+00:00,10168.700725309222,-0.000887035086560628,0.0,0.24888433295702753,0.24893789444929076,0.25437557060587845,0.24780220198780326,0.0,0.0,0.0
2025-06-06 20:00:00+00:00,10126.97595169359,-0.004103255149576879,0.0,0.24823690146305272,0.24841448087975504,0.2552177707498607,0.24813084690733153,0.0,0.0,0.0
2025-06-06 22:00:00+00:00,10156.350105617546,0.0029005849390848493,0.0,0.24791436056002472,0.2484438859694167,0.25588721592537617,0.24775453754518237,0.0,0.01548604947874469,0.01548604947874469
2025-06-07 00:00:00+00:00,10125.26008860866,-0.0030611407331940788,0.0,0.24844246328999658,0.24766440407772541,0.2566435131507169,0.24724961948156102,0.0,-0.022192149235783852,-0.006706099757039162
2025-06-07 02:00:00+00:00,10112.603915511105,-0.001249960296011987,0.0,0.24914724671516858,0.24749365585699587,0.2555804863339255,0.24777861109391014,0.0,-0.007950772110228425,-0.014656871867267588
2025-06-07 04:00:00+00:00,10181.096087027781,0.006772951070655564,0.0,0.24846155632628117,0.24758835515444713,0.2563768908566492,0.24757319766262245,0.0,0.029710852157688022,0.015053980290420434
2025-06-07 06:00:00+00:00,10199.849627409225,0.0018419962075928442,0.0,0.24801840133577416,0.24763058241007765,0.2569275007470775,0.24742351550707062,0.0,0.008499775388715302,0.023553755679135736
2025-06-07 08:00:00+00:00,10209.1316026033,0.0009100109838025006,0.0,0.24776847683493194,0.2471346240401773,0.25762744494380285,0.24746945418108796,0.0,0.004229081115228247,0.027782836794363983
2025-06-07 10:00:00+00:00,10183.988110334225,-0.00246284338842917,0.0,0.2483353384978763,0.24720081552900194,0.2571521935891839,0.2473116523839379,0.0,-0.014597472287711837,0.013185364506652145
2025-06-07 12:00:00+00:00,10225.150671806969,0.004041890173749785,0.0,0.24804786139871887,0.2471921658837413,0.25777725711649363,0.24698271560104618,0.0,0.01663168265723999,0.029817047163892135
2025-06-07 14:00:00+00:00,10260.708404094099,0.0034774775872175034,0.0,0.24827086726919,0.2474844263501707,0.2572903190302546,0.24695438735038458,0.0,0.013836581671637562,0.0436536288355297
2025-06-07 16:00:00+00:00,10283.33554697081,0.0022052222892994244,0.0,0.2476016209091802,0.2481561518029651,0.25776683751144347,0.24647538977641115,0.0,0.009019917332224282,0.05267354616775398
2025-06-07 18:00:00+00:00,10243.230161802052,-0.003900036616093061,0.0,0.24818274620883526,0.2479660363282766,0.2568861360574201,0.24696508140546794,0.0,-0.023281360146241895,0.029392186021512084
2025-06-07 20:00:00+00:00,10264.209989065777,0.002048165171760097,0.0,0.24845731543589097,0.24837681087779936,0.2557227025311157,0.2474431711551939,0.0,0.008269002759759512,0.037661188781271594
2025-06-07 22:00:00+00:00,10288.12595066567,0.0023300343256198452,0.0,0.24797052811622486,0.24827488802728967,0.25640200449751005,0.2473525793589755,0.0,0.009162465747290073,0.046823654528561666
2025-06-08 00:00:00+00:00,10268.06115331091,-0.0019502869085172847,0.0,0.2479559432319167,0.24900760512778072,0.2561488922400539,0.24688755940024873,0.0,-0.010164508367770496,0.03665914616079117
2025-06-08 02:00:00+00:00,10271.360219498596,0.00032129397540869853,0.0,0.24820077739897445,0.2483587084728828,0.2567915279109622,0.24664898621718065,0.0,0.001150298812387484,0.03780944497317865
2025-06-08 04:00:00+00:00,10250.026785972135,-0.002076982314957898,0.0,0.24820262924342537,0.24816916676151043,0.2568610825035506,0.24676712149151359,0.0,-0.010705066904620301,0.027104378068558352
2025-06-08 06:00:00+00:00,10238.692843427594,-0.0011057476025382318,0.0,0.24839904982716685,0.2484132196975134,0.25618548843633693,0.24700224203898294,0.0,-0.005484371246037666,0.021620006822520688
2025-06-08 08:00:00+00:00,10215.314795625503,-0.002283303949009219,0.0,0.2489394665554882,0.24928310688896796,0.2542060995623591,0.24757132699318474,0.0,-0.011508207439761914,0.010111799382758774
2025-06-08 10:00:00+00:00,10173.313503852523,-0.004111600338637222,0.0,0.24928803227489507,0.24862293563209412,0.2543187833453074,0.24777024874770348,0.0,-0.02131142026217603,-0.011199620879417255
2025-06-08 12:00:00+00:00,10225.30439087286,0.0051105165490721305,0.0,0.24931018354567516,0.24894547895518704,0.2539577533081093,0.24778658419102847,0.0,0.018705208836464537,0.007505587957047283
2025-06-08 14:00:00+00:00,10224.977209016772,-3.199727299851851e-05,0.0,0.24917942646951377,0.24848594518063863,0.2548105876904725,0.2475240406593751,0.0,-0.00034074115020236686,0.007164846806844916
2025-06-08 16:00:00+00:00,10264.687852603944,0.0038836901809573554,0.0,0.24905348092025617,0.24808307073571612,0.25550769131213186,0.24735575703189602,0.0,0.013776953731632452,0.02094180053847737
2025-06-08 18:00:00+00:00,10276.03898882888,0.0011058432938177987,0.0,0.2490093931136898,0.24867236899951517,0.25516748569558845,0.24715075219120672,0.0,0.004063678826104226,0.025005479364581598
2025-06-08 20:00:00+00:00,10299.409504242369,0.002274272746424444,0.0,0.24892924683025053,0.24902847915500034,0.2544728125890423,0.24756946142570693,0.0,0.008169005607557197,0.0331744849721388
2025-06-08 22:00:00+00:00,10312.04388580558,0.001226709313578267,0.0,0.24872233613065303,0.2492772737312912,0.2545076141092412,0.24749277602881448,0.0,0.004444264611881864,0.03761874958402066
2025-06-09 00:00:00+00:00,10228.40043931852,-0.008111238413385125,0.0,0.24934626430041393,0.24850773634639625,0.25385176437089163,0.24829423498229813,0.0,-0.045206199795315136,-0.0075874502112944775
2025-06-09 02:00:00+00:00,10202.531346426118,-0.00252914353968392,0.0,0.2494907571444647,0.2476548310969615,0.25440784396790006,0.24844656779067362,0.0,-0.0100606262237342,-0.01764807643502868
2025-06-09 04:00:00+00:00,10232.431218822476,0.002930632740161254,0.0,0.24907154938489764,0.2471241665657046,0.2557601253685367,0.24804415868086097,0.0,0.009796624347476256,-0.007851452087552422
2025-06-09 06:00:00+00:00,10176.646508569966,-0.005451755214332166,0.0,0.24977315701431665,0.2468895270741179,0.2550549437551332,0.24828237215643215,0.0,-0.022621429956664656,-0.030472882044217078
2025-06-09 08:00:00+00:00,10190.431477290536,0.0013545688856306803,0.0,0.24986510827735622,0.24763782380056246,0.25427152244381745,0.24822554547826386,0.0,0.004470515752330455,-0.02600236629188662
2025-06-09 10:00:00+00:00,10275.996038572543,0.0083965592107349,0.0,0.2502535266360182,0.2473034969945855,0.25513956895889334,0.2473034074105031,0.0,0.024439138944860418,-0.0015632273470262033
2025-06-09 12:00:00+00:00,10384.920776718976,0.01059992021576961,0.0,0.25029207340300674,0.24787707882880936,0.2559623452868261,0.2458685024813578,0.0,0.025114234646970716,0.023551007299944512
2025-06-09 14:00:00+00:00,10311.227118538378,-0.007096217656836212,0.0,0.2503668205414603,0.247244262390526,0.25548095338934296,0.2469079636786707,0.0,-0.025428431862140565,-0.0018774245621960527
2025-06-09 16:00:00+00:00,10344.691716205522,0.0032454524842129295,0.0,0.25097792194400637,0.24809014280785707,0.25370438848890536,0.24722754675923114,0.0,0.008310503397243943,0.00643307883504789
2025-06-09 18:00:00+00:00,10433.782972616977,0.008612267900829584,0.0,0.2504570010953943,0.24961944673463216,0.25390730582008314,0.24601624634989025,0.0,0.019070445854355408,0.025503524689403298
2025-06-09 20:00:00+00:00,10437.099327738066,0.0003178478151013575,0.0,0.2509050169560831,0.25040275893477176,0.25248544135328854,0.2462067827558566,0.0,0.0005832868926264471,0.026086811582029745
2025-06-09 22:00:00+00:00,10599.842958082407,0.015592802677639295,0.0,0.25025654746291404,0.25256219284342873,0.2526269102288138,0.24455434946484353,0.0,0.023855663649060093,0.04994247523108984
2025-06-10 00:00:00+00:00,10669.030338813109,0.0065272080920733,0.0,0.2492876812620727,0.2544090223491385,0.253305645190819,0.2429976511979698,0.0,0.012122599177149264,0.06206507440823911
2025-06-10 02:00:00+00:00,10710.072833344173,0.003846881415432435,0.0,0.24726385088696878,0.2561044763752981,0.25428154232315137,0.2423501304145817,0.0,0.007479883693921749,0.06954495810216085
2025-06-10 04:00:00+00:00,10649.066081983756,-0.005696203220064144,0.0,0.24818082056181373,0.2557190680959063,0.25322117048399295,0.24287894085828687,0.0,-0.015861313708029946,0.05368364439413091
2025-06-10 06:00:00+00:00,10597.80459723503,-0.004813707075726592,0.0,0.24879509748168424,0.25520814807460945,0.25261929367335917,0.24337746077034728,0.0,-0.012661252930132632,0.041022391463998276
2025-06-10 08:00:00+00:00,10605.059795248866,0.0006845944315418961,0.0,0.24838527344459008,0.25567911138434996,0.2532609042712519,0.24267471089980802,0.0,0.001202746307135551,0.042225137771133826
2025-06-10 10:00:00+00:00,10626.115268296751,0.001985417664247313,0.0,0.24858235776702245,0.2566125837409957,0.25231061938889016,0.24249443910309165,0.0,0.003909339785095325,0.04613447755622915
2025-06-10 12:00:00+00:00,10771.029093542693,0.013637516777019743,0.0,0.24531215880685078,0.26079213635747056,0.2533402135377093,0.24055549129796924,0.0,0.01920621917645484,0.065340696732684
2025-06-10 14:00:00+00:00,10725.328455468834,-0.0042429221643507375,0.0,0.24582521348703337,0.25907437289350105,0.25408646835185095,0.2410139452676145,0.0,-0.01022932315371052,0.05511137357897348
2025-06-10 16:00:00+00:00,10681.68654324333,-0.004069051349495201,0.0,0.24617500083823174,0.25911648584611774,0.25356316516691646,0.24114534814873412,0.0,-0.00960118919182998,0.0455101843871435
2025-06-10 18:00:00+00:00,10690.763943646074,0.000849809659363876,0.0,0.24527998644326063,0.2596277976835836,0.25298570338681786,0.2421065124863378,0.0,0.001398652147531275,0.04690883653467477
2025-06-10 20:00:00+00:00,10787.600002424651,0.009057917590270081,0.0,0.24490038443994092,0.26039622574678245,0.2536688824542749,0.2410345073590016,0.0,0.01419848053278658,0.06110731706746135
2025-06-10 22:00:00+00:00,10815.43243572755,0.0025800394245840685,0.0,0.24502121410905162,0.25965401992551146,0.2543378990148476,0.24098686695058935,0.0,0.004472158816540176,0.06557947588400152
2025-06-11 00:00:00+00:00,10915.34911241524,0.009238343199078125,0.0,0.24368731253734208,0.2613122962074011,0.2546564491084707,0.2403439421467861,0.0,0.013552312488881559,0.07913178837288308
2025-06-11 02:00:00+00:00,10802.76066178085,-0.010314690760218626,0.0,0.24473359911577372,0.26106296108326943,0.25300961235010216,0.24119382745085458,0.0,-0.02657315367194768,0.0525586347009354
2025-06-11 04:00:00+00:00,10820.892802788148,0.0016784728991958708,0.0,0.24458525160143046,0.261221688963953,0.25280584434956327,0.24138721508505329,0.0,0.0026976266055219445,0.05525626130645735
2025-06-11 06:00:00+00:00,10811.592443491047,-0.000859481695882347,0.0,0.24422693606464121,0.261692755930905,0.25296821835920313,0.24111208964525066,0.0,-0.0019786359012486025,0.053277625405208744
2025-06-11 08:00:00+00:00,10809.261697788064,-0.0002155783909876252,0.0,0.24423206619300813,0.26155242881333834,0.25263701716372156,0.241578487829932,0.0,-0.0007338751944974304,0.05254375021071132
2025-06-11 10:00:00+00:00,10757.383106715735,-0.004799457402622109,0.0,0.24501319692182488,0.2597719835479243,0.25238801310255876,0.2428268064276922,0.0,-0.010384044725068781,0.04215970548564253
2025-06-11 12:00:00+00:00,10756.655077045534,-6.767720950151546e-05,0.0,0.24499004401709662,0.26101070221777517,0.2523220307514655,0.24167722301366273,0.0,-0.00042409273687786704,0.04173561274876467
2025-06-11 14:00:00+00:00,10818.314756728216,0.005732235461771262,0.0,0.244556692425684,0.2617829030781115,0.2528385586247812,0.2408218458714232,0.0,0.009126715492782935,0.0508623282415476
2025-06-11 16:00:00+00:00,10938.557926184698,0.01111477824045548,0.0,0.2419823846746641,0.26527509003341865,0.2542794996583945,0.2384630256335227,0.0,0.015150579908040782,0.06601290814958838
2025-06-11 18:00:00+00:00,10858.481931777273,-0.007320525698889413,0.0,0.2420986594425471,0.2638737174776723,0.254892975993526,0.23913464708625476,0.0,-0.01594183309539313,0.05007107505419525
2025-06-11 20:00:00+00:00,10806.466144912214,-0.004790336917431803,0.0,0.24272302822997424,0.2636556215017196,0.25311578023387055,0.24050557003443565,0.0,-0.009668576090644325,0.04040249896355093
2025-06-11 22:00:00+00:00,10725.986459221836,-0.007447363884841129,0.0,0.24401755972866604,0.2626860989343818,0.2523770751151021,0.24091926622185017,0.0,-0.015296938506526572,0.025105560457024355
2025-06-12 00:00:00+00:00,10754.230590453768,0.0026332432302902387,0.0,0.2436838819814601,0.2610073921671639,0.2535697739540728,0.24173895189730327,0.0,0.004083362113248839,0.029188922570273196
2025-06-12 02:00:00+00:00,10762.086222084767,0.0007304689596270286,0.0,0.24321656730095065,0.2612403386584583,0.25341235847557064,0.24213073556502027,0.0,0.0009811297437438095,0.030170052314017006
2025-06-12 04:00:00+00:00,10684.995328936331,-0.007163192299113774,0.0,0.24349055819822193,0.2620806537481129,0.2517285936018361,0.2427001944518291,0.0,-0.014258823830228787,0.015911228483788217
2025-06-12 06:00:00+00:00,10674.974775407965,-0.000937815433688427,0.0,0.24346349469832437,0.26229725765024375,0.2507930902103211,0.24344615744111064,0.0,-0.0018511797143770275,0.01406004876941119
2025-06-12 08:00:00+00:00,10636.889505516034,-0.0035677152118118727,0.0,0.24407810391206203,0.2609722935292777,0.2506830560017687,0.2442665465568916,0.0,-0.00664134937827818,0.00741869939113301
2025-06-12 10:00:00+00:00,10651.265706585928,0.0013515418264369305,0.0,0.2434629180836736,0.2617239619114975,0.25031674255978104,0.2444963774450479,0.0,0.002047863387153388,0.009466562778286398
2025-06-12 12:00:00+00:00,10553.695302065753,-0.009160451650346513,0.0,0.24432780771081447,0.26195571462669287,0.24884939364885336,0.24486708401363935,0.0,-0.017889258809307255,-0.008422696031020856
2025-06-12 14:00:00+00:00,10602.2373393481,0.0045995299175298765,0.0,0.2435955837455941,0.26264100992517353,0.24992926519609304,0.2438341411331393,0.0,0.007091882041626599,-0.0013308139893942576
2025-06-12 16:00:00+00:00,10526.049515873943,-0.007186013766302013,0.0,0.24524452384151027,0.26168062181238394,0.24876731259197357,0.244307541754132,0.0,-0.013176078187240581,-0.014506892176634839
2025-06-12 18:00:00+00:00,10675.109067987993,0.014161015667773391,0.0,0.24468170063562694,0.2620416035385027,0.2500087450980757,0.24326795072779459,0.0,0.019749433358853142,0.005242541182218303
2025-06-12 20:00:00+00:00,10473.69847292285,-0.018867310280615612,0.0,0.245937974093249,0.26059153362418086,0.2485889266121879,0.24488156567038208,0.0,-0.03672008522661517,-0.03147754404439687
2025-06-12 22:00:00+00:00,10344.640100501907,-0.012322139381288344,0.0,0.2469182356406684,0.25783055165183605,0.24901273316894537,0.24623847953855027,0.0,-0.019355975494948174,-0.05083351953934505
2025-06-13 00:00:00+00:00,10340.890015858373,-0.00036251475228721297,0.0,0.2464885922527825,0.25881233514153706,0.24806618742634703,0.2466328851793335,0.0,-0.0005782238118437889,-0.05141174335118884
2025-06-13 02:00:00+00:00,10003.742767160627,-0.03260331056424637,0.0,0.25021910211715076,0.2528959931732283,0.24552997661291998,0.25135492809670096,0.0,-0.051537975090730305,-0.10294971844191914
2025-06-13 04:00:00+00:00,10071.541597889975,0.006777346469954315,0.0,0.2497407310142073,0.2528285990829571,0.2463020094679627,0.251128660434873,0.0,0.008127629213467892,-0.09482208922845124
2025-06-13 06:00:00+00:00,10038.535838143207,-0.0032771308568771973,0.0,0.24990116911319774,0.25288406177321776,0.24586573568516146,0.25134903342842313,0.0,-0.0038191683324729307,-0.09864125756092418
2025-06-13 08:00:00+00:00,10136.349932789908,0.009743860680861305,0.0,0.24961410273288678,0.25242503823237417,0.24625513161551502,0.25170572741922415,0.0,0.011627585320888877,-0.0870136722400353
2025-06-13 10:00:00+00:00,10122.208462449556,-0.0013951245205737761,0.0,0.24980877227742984,0.2522474183238441,0.24595184902329562,0.2519919603754303,0.0,-0.0016237460229166518,-0.08863741826295195
2025-06-13 12:00:00+00:00,10169.289798557022,0.004651290899819305,0.0,0.2491482403533534,0.2534946052321227,0.24665825634401214,0.2506988980705117,0.0,0.005428441525522342,-0.08320897673742961
2025-06-13 14:00:00+00:00,10136.67131471304,-0.003207547871102112,0.0,0.24922024448125296,0.254069536160903,0.2462767057427643,0.2504335136150798,0.0,-0.0037537879619617054,-0.0869627646993913
2025-06-13 16:00:00+00:00,10179.357853544165,0.004211100222729636,0.0,0.24984347268792528,0.2538278910826946,0.2462680030620174,0.2500606331673626,0.0,0.004909748796768011,-0.08205301590262329
2025-06-13 18:00:00+00:00,10186.71205939488,0.0007224626500537124,0.0,0.24955434315216746,0.2528403459661999,0.24810758461097365,0.24949772627065914,0.0,0.0008290224323127024,-0.08122399347031059
2025-06-13 20:00:00+00:00,10156.654945084463,-0.0029506198010864626,0.0,0.24962568178691585,0.25204603250228896,0.24854858415364506,0.2497797015571501,0.0,-0.0034734702482818003,-0.0846974637185924
2025-06-13 22:00:00+00:00,10228.757410085496,0.007099036581520224,0.0,0.2490512112335869,0.2528713419139816,0.24930063717219772,0.24877680968023375,0.0,0.008286894279099377,-0.07641056943949302
2025-06-14 00:00:00+00:00,10300.942146540843,0.007057038656931303,0.0,0.2483690885494805,0.2535759068829278,0.2502425563712471,0.24781244819634457,0.0,0.008126810025909786,-0.06828375941358324
2025-06-14 02:00:00+00:00,10230.662387498252,-0.0068226535051642,0.0,0.24866949877291789,0.2531925049060178,0.2503022372421612,0.2478357590789031,0.0,-0.008091644972459764,-0.076375404386043
2025-06-14 04:00:00+00:00,10222.422610796722,-0.000805400118725319,0.0,0.24830004324838456,0.25250891189440333,0.2509992906855964,0.24819175417161557,0.0,-0.0009600724013170782,-0.07733547678736008
2025-06-14 06:00:00+00:00,10235.705449501469,0.0012993826620626425,0.0,0.2481179696570079,0.2525304997546302,0.2510518351935813,0.24829969539478067,0.0,0.001479203338208798,-0.07585627344915129
2025-06-14 08:00:00+00:00,10217.296970027835,-0.0017984573280711569,0.0,0.24806519746725345,0.2515194840724647,0.25191225136483286,0.24850306709544906,0.0,-0.0021239508583917846,-0.07798022430754308
2025-06-14 10:00:00+00:00,10178.354683039739,-0.0038114079587128202,0.0,0.24850636555989272,0.25103904208069894,0.25196896523299656,0.24848562712641176,0.0,-0.0044803529742390175,-0.08246057728178209
2025-06-14 12:00:00+00:00,10202.096813263901,0.002332609833662458,0.0,0.24844760570685945,0.25199448559797494,0.25111984899688916,0.2484380596982766,0.0,0.002701575889869481,-0.07975900139191261
2025-06-14 14:00:00+00:00,10195.050064184483,-0.0006907157624946869,0.0,0.24846649028986892,0.2517901874554402,0.25202375561058177,0.24771956664410905,0.0,-0.0008256908534668984,-0.08058469224537951
2025-06-14 16:00:00+00:00,10135.53216361429,-0.005837921363356591,0.0,0.2495063969802222,0.25174096449639055,0.25071212298040446,0.24804051554298281,0.0,-0.006878722949077693,-0.0874634151944572
2025-06-14 18:00:00+00:00,10105.51360773684,-0.002961714825908568,0.0,0.24969114443800883,0.25169504226491174,0.2505727003127311,0.24804111298434822,0.0,-0.003457071544037887,-0.0909204867384951
2025-06-14 20:00:00+00:00,10082.613262829449,-0.002266123800957476,0.0,0.25034792551598023,0.25186593415651304,0.25025564438750897,0.2475304959399978,0.0,-0.0026375386250547792,-0.09355802536354987
2025-06-14 22:00:00+00:00,10148.442170143375,0.0065289529210259545,0.0,0.2503162268326495,0.2522729569357171,0.2503344927343468,0.2470763234972867,0.0,0.007697222667983598,-0.08586080269556627
2025-06-15 00:00:00+00:00,10157.436976717527,0.0008863238734921897,0.0,0.2503298489509773,0.25233072783376215,0.24976095319187816,0.24757847002338246,0.0,0.0010305138880203105,-0.08483028880754596
2025-06-15 02:00:00+00:00,10165.517563594167,0.0007955340402467925,0.0,0.25014604744006175,0.2519538119364935,0.250265575580049,0.24763456504339576,0.0,0.0009241487211975088,-0.08390614008634846
2025-06-15 04:00:00+00:00,10184.807402749426,0.0018975757047867692,0.0,0.24979663664719226,0.25158699128405787,0.25096128718313465,0.24765508488561533,0.0,0.0022150071583943976,-0.08169113292795406
2025-06-15 06:00:00+00:00,10241.003724546767,0.0055176617068055656,0.0,0.24984007542152095,0.25228315883795766,0.25066021071586125,0.2472165550246601,0.0,0.006445928901125018,-0.07524520402682905
2025-06-15 08:00:00+00:00,10178.68292737147,-0.0060854188565442335,0.0,0.24983901949339896,0.2515891247247917,0.2502052189222812,0.24836663685952795,0.0,-0.007232236096846685,-0.08247744012367574
2025-06-15 10:00:00+00:00,10123.637736588229,-0.005407889328708615,0.0,0.2499755282528873,0.2511313951544862,0.25024178321989915,0.24865129337272723,0.0,-0.006359543240712335,-0.08883698336438807
2025-06-15 12:00:00+00:00,10147.135817677456,0.0023211104249909464,0.0,0.24952824884489316,0.2511227296920173,0.25051347762600107,0.2488355438370883,0.0,0.002716432393704677,-0.0861205509706834
2025-06-15 14:00:00+00:00,10217.701070683795,0.00695420405070446,0.0,0.24909263560241446,0.25205864521454724,0.25155250514639393,0.24729621403664429,0.0,0.008127328793052174,-0.07799322217763123
2025-06-15 16:00:00+00:00,10208.914248626736,-0.0008599607677182153,0.0,0.24942048874528241,0.2521535734127964,0.25130223744987146,0.24712370039204984,0.0,-0.0010268166536879344,-0.07902003883131917
2025-06-15 18:00:00+00:00,10225.469735237062,0.001621669670949899,0.0,0.24931308745142017,0.2529278842192459,0.2507497357167903,0.2470092926125437,0.0,0.0018710704566199184,-0.07714896837469924
2025-06-15 20:00:00+00:00,10191.873943409764,-0.003285501076936037,0.0,0.24919897372340144,0.2520763331024649,0.2515470674128459,0.2471776257612877,0.0,-0.003888145098597717,-0.08103711347329697
2025-06-15 22:00:00+00:00,10136.892461897156,-0.005394639083832087,0.0,0.2493931056001304,0.25150736827680853,0.2511191938371042,0.24798033228595695,0.0,-0.006364325949374283,-0.08740143942267124
2025-06-16 00:00:00+00:00,10222.23556697859,0.008419059924155592,0.0,0.2491663119435552,0.25240058891294903,0.25144091860594897,0.24699218053754682,0.0,0.009853439221317803,-0.07754800020135344
2025-06-16 02:00:00+00:00,10253.92957308782,0.0031004965500514015,0.0,0.2489161988479709,0.25230884565396355,0.2517674702738566,0.24700748522420882,0.0,0.0035661873674310866,-0.07398181283392236
2025-06-16 04:00:00+00:00,10271.194006988453,0.0016836895336149738,0.0,0.2487485225404554,0.2532316375720691,0.2509383292969078,0.2470815105905677,0.0,0.0019208701947734687,-0.07206094263914889
2025-06-16 06:00:00+00:00,10359.321246627338,0.008580038462804307,0.0,0.24811827610479456,0.2549067234445286,0.2508448438696001,0.24613015658107668,0.0,0.009815796762734069,-0.06224514587641482
2025-06-16 08:00:00+00:00,10406.731550005901,0.00457658395273719,0.0,0.24815102532344252,0.2558153617606472,0.25056063584555793,0.24547297707035243,0.0,0.005168295061545975,-0.057076850814868844
2025-06-16 10:00:00+00:00,10386.113886553256,-0.001981185288923326,0.0,0.24837437179355937,0.25562599000878355,0.2500543697238524,0.2459452684738047,0.0,-0.0023863471577241966,-0.05946319797259304
2025-06-16 12:00:00+00:00,10372.353919213872,-0.001324842716889374,0.0,0.24856000913479714,0.2555227978752208,0.25015637990320483,0.24576081308677722,0.0,-0.0016134568231270234,-0.06107665479572007
2025-06-16 14:00:00+00:00,10435.344258217112,0.006072906834248659,0.0,0.24769774461147395,0.2562135153671889,0.25107233114364735,0.24501640887768986,0.0,0.006866842101116068,-0.054209812694603995
2025-06-16 16:00:00+00:00,10437.38795635623,0.00019584386375259832,0.0,0.248261433724422,0.25540844744432384,0.2509660996200329,0.24536401921122125,0.0,0.0001445726462466902,-0.054065240048357305
2025-06-16 18:00:00+00:00,10443.065047683605,0.0005439187803610857,0.0,0.24888881119945291,0.25542961535867653,0.25111486441000297,0.24456670903186756,0.0,0.0005486849563252782,-0.05351655509203203
2025-06-16 20:00:00+00:00,10527.634285901035,0.00809812424142553,0.0,0.24894468591254218,0.255941435849304,0.25127600741521405,0.24383787082293973,0.0,0.009063249951510918,-0.04445330514052111
2025-06-16 22:00:00+00:00,10505.419980391833,-0.002110094718901112,0.0,0.24915214841817213,0.25536726188468045,0.2515238417859135,0.243956747911234,0.0,-0.002581140781721007,-0.04703444592224212
2025-06-17 00:00:00+00:00,10268.651592302647,-0.022537736571323075,0.0,0.2508600328894737,0.2509194388088072,0.25137751086354315,0.24684301743817583,0.0,-0.029040253610735478,-0.0760746995329776
2025-06-17 02:00:00+00:00,10340.39911378206,0.006987044095759787,0.0,0.250003470508173,0.2527767685925939,0.2505261967178889,0.24669356418134414,0.0,0.007510428188677105,-0.0685642713443005
2025-06-17 04:00:00+00:00,10388.525562709436,0.0046542157993914035,0.0,0.24981328750290155,0.25418817763671175,0.24988164287355857,0.24611689198682823,0.0,0.00495629768558733,-0.06360797365871317
2025-06-17 06:00:00+00:00,10322.022310587137,-0.006401606437877794,0.0,0.2503282161177459,0.2531375145493258,0.24895243977167061,0.2475818295612578,0.0,-0.0071474483933454385,-0.0707554220520586
2025-06-17 08:00:00+00:00,10325.6648950278,0.00035289445527797447,0.0,0.24939078538691303,0.25326889682030634,0.24918189902404786,0.24815841876873276,0.0,0.00033676807394514394,-0.07041865397811346
2025-06-17 10:00:00+00:00,10282.641362634666,-0.004166659758041424,0.0,0.24903161139516683,0.25278819702415845,0.2492107411311197,0.248969450449555,0.0,-0.004614141188976146,-0.0750327951670896
2025-06-17 12:00:00+00:00,10213.459799339678,-0.006727995352087346,0.0,0.2494924903298717,0.25306962194518473,0.248216001275851,0.24922188644909246,0.0,-0.007425285993509594,-0.0824580811605992
2025-06-17 14:00:00+00:00,10211.241856931632,-0.00021715877397288086,0.0,0.24885644569707344,0.25321087655874014,0.24914492671574623,0.24878775102844014,0.0,-0.0002518542057263018,-0.08270993536632551
2025-06-17 16:00:00+00:00,10067.719638333161,-0.01405531478044908,0.0,0.2497502456051633,0.25138449068130303,0.24882130515436982,0.25004395855916384,0.0,-0.01543723406678188,-0.09814716943310739
2025-06-17 18:00:00+00:00,9981.579632679652,-0.00855605924161107,0.0,0.250872197467913,0.25030612255488993,0.24813398399303851,0.2506876959841585,0.0,-0.009015591744235853,-0.10716276117734325
2025-06-17 20:00:00+00:00,10137.725235490716,0.015643375954227157,0.0,0.24908322058720575,0.2525806018558131,0.24918895889993292,0.24914721865704828,0.0,0.01709973679670723,-0.09006302438063601
2025-06-17 22:00:00+00:00,10111.037671340266,-0.0026325002434491873,0.0,0.2494221119192199,0.25238086831868606,0.24872734836691016,0.24946967139518397,0.0,-0.0027162138563395746,-0.09277923823697559
2025-06-18 00:00:00+00:00,10096.890016867117,-0.0013992287372491807,0.0,0.24976820720064913,0.2517555443018298,0.24845641752687114,0.2500198309706499,0.0,-0.001437847846814522,-0.09421708608379012
2025-06-18 02:00:00+00:00,10144.696764735801,0.004734799308383275,0.0,0.24912794333839935,0.25152053275910313,0.24954616464914944,0.24980535925334812,0.0,0.004937684805088005,-0.08927940127870211
2025-06-18 04:00:00+00:00,10176.786218258247,0.00316317523003673,0.0,0.24930924535038426,0.25157132980200786,0.24960800359200658,0.24951142125560127,0.0,0.003282757225941177,-0.08599664405276093
2025-06-18 06:00:00+00:00,10196.149777983896,0.001902718531210601,0.0,0.2494004025289827,0.2520004209028698,0.2492216024290659,0.24937757413908154,0.0,0.0019682247475825195,-0.08402841930517842
2025-06-18 08:00:00+00:00,10170.556327889164,-0.002510109271834593,0.0,0.24896011586410816,0.25228106465606087,0.24926307557355656,0.24949574390627444,0.0,-0.0026291376607534347,-0.08665755696593186
2025-06-18 10:00:00+00:00,10127.897773669945,-0.004194318663005903,0.0,0.24935087485761379,0.2526966951173436,0.2487249862221021,0.24922744380294062,0.0,-0.004384948609982944,-0.0910425055759148
2025-06-18 12:00:00+00:00,10103.034294760791,-0.0024549496316790265,0.0,0.25030727521129426,0.2519943825015713,0.24898334296500355,0.24871499932213093,0.0,-0.002555496298910904,-0.0935980018748257
2025-06-18 14:00:00+00:00,10062.611577264317,-0.004001047241563582,0.0,0.2503521299175565,0.25181302806901673,0.24983554960590548,0.24799929240752136,0.0,-0.004163725515727903,-0.0977617273905536
2025-06-18 16:00:00+00:00,10097.308552791257,0.003448108402130501,0.0,0.25035468642310227,0.25164581310696144,0.2502158882855669,0.2477836121843695,0.0,0.00364181654178177,-0.09411991084877183
2025-06-18 18:00:00+00:00,10066.502008484786,-0.0030509659227909713,0.0,0.249997020723698,0.2511824983981025,0.2505378283275796,0.24828265255061996,0.0,-0.003178128715096778,-0.09729803956386861
2025-06-18 20:00:00+00:00,10027.955620031214,-0.003829174068716412,0.0,0.24969855022898488,0.2517157690739478,0.2501643621898902,0.2484213185071771,0.0,-0.003983458749507079,-0.10128149831337568
2025-06-18 22:00:00+00:00,10143.78876558502,0.011551022954511714,0.0,0.24988399563643612,0.2524286214073835,0.2500676392348452,0.24761974372133527,0.0,0.01234461470118147,-0.0889368836121942
2025-06-19 00:00:00+00:00,10132.611109215115,-0.001101921247397053,0.0,0.24968663963387785,0.25237225419792647,0.2500789575493341,0.2478621486188614,0.0,-0.0011428604476355494,-0.09007974405982976
2025-06-19 02:00:00+00:00,10092.967510145494,-0.003912476127063358,0.0,0.24998018219098583,0.25233502754127135,0.2499103837706938,0.24777440649704904,0.0,-0.00406346317194101,-0.09414320723177076
2025-06-19 04:00:00+00:00,10143.242564579514,0.004981196499788787,0.0,0.24993198071332864,0.2521516664508403,0.25011046764773553,0.2478058851880955,0.0,0.00521259119136562,-0.08893061604040514
2025-06-19 06:00:00+00:00,10137.429338211472,-0.0005731132161170827,0.0,0.24958240879708884,0.25196258841775354,0.2504301679746109,0.24802483481054693,0.0,-0.0005960450028044523,-0.0895266610432096
2025-06-19 08:00:00+00:00,10117.361862225596,-0.0019795428719029395,0.0,0.24948139331195968,0.2521510372893365,0.25022038389477597,0.24814718550392786,0.0,-0.002062922558073954,-0.09158958360128355
2025-06-19 10:00:00+00:00,10156.364045323044,0.00385497559824044,0.0,0.24935731164386515,0.25311023756106615,0.25031518189671986,0.24721726889834889,0.0,0.004041542437010721,-0.08754804116427284
2025-06-19 12:00:00+00:00,10139.83077545381,-0.001627872907612793,0.0,0.24924585560109114,0.25287373211094605,0.25110516960282253,0.24677524268514003,0.0,-0.0017067024676464995,-0.08925474363191933
2025-06-19 14:00:00+00:00,10082.207265590552,-0.005682886740353665,0.0,0.2494911554920566,0.25210911834007904,0.2507974478914131,0.24760227827645134,0.0,-0.00595633098100246,-0.09521107461292179
2025-06-19 16:00:00+00:00,10053.213937338109,-0.002875692543178987,0.0,0.2497634723679098,0.2511387491139863,0.2512541144558306,0.24784366406227334,0.0,-0.0029906444895544063,-0.0982017191024762
2025-06-19 18:00:00+00:00,10092.321806268103,0.0038900862126036717,0.0,0.24980992019535325,0.25170593156824395,0.2506051197575538,0.24787902847884918,0.0,0.004121218882042733,-0.09408050022043346
2025-06-19 20:00:00+00:00,10093.085014643593,7.56226753506617e-05,0.0,0.24914368970655507,0.25134072248516076,0.2515009332163121,0.24801465459197194,0.0,9.2647967342182e-05,-0.09398785225309128
2025-06-19 22:00:00+00:00,10095.465936677492,0.00023589636176102324,0.0,0.2492808535514665,0.2518081111994678,0.2507040805718576,0.2482069546772081,0.0,0.0002613707879215764,-0.09372648146516971
2025-06-20 00:00:00+00:00,10123.613427683795,0.002788131937926819,0.0,0.24936483569885542,0.25220941002668273,0.2503894816713774,0.24803627260308442,0.0,0.002959145214306026,-0.09076733625086368
2025-06-20 02:00:00+00:00,10130.510865217342,0.0006813217022576534,0.0,0.24948056279160713,0.25265350727235114,0.2497486103027967,0.24811731963324515,0.0,0.000725243181705056,-0.09004209306915863
2025-06-20 04:00:00+00:00,10118.166592360149,-0.0012185242206863567,0.0,0.2493513897117827,0.25195181806368955,0.25046540122628985,0.24823139099823813,0.0,-0.001287902231691513,-0.09132999530085013
2025-06-20 06:00:00+00:00,10104.438585352957,-0.001356768232849359,0.0,0.24966161081471175,0.25216282393005945,0.2498035247808953,0.24837204047433348,0.0,-0.0014342250338506167,-0.09276422033470075
2025-06-20 08:00:00+00:00,10205.197640260774,0.00997176182097581,0.0,0.2500969071937914,0.25302244209858754,0.24961351495075873,0.2472671357568622,0.0,0.01067080106281622,-0.08209341927188453
2025-06-20 10:00:00+00:00,10211.80369539218,0.0006473226060164095,0.0,0.25023942448452713,0.2532247140715762,0.2496270316683198,0.2469088297755768,0.0,0.0006663951486515806,-0.08142702412323295
2025-06-20 12:00:00+00:00,10212.31921504389,5.048272245411489e-05,0.0,0.2503147751551298,0.2528459965522559,0.24993523413672963,0.24690399415588454,0.0,3.523342957862299e-05,-0.08139179069365433
2025-06-20 14:00:00+00:00,10186.757754951208,-0.002503002457563852,0.0,0.25022345247513994,0.2521532266348348,0.25006536083716674,0.24755796005285857,0.0,-0.002678376460737148,-0.08407016715439149
2025-06-20 16:00:00+00:00,10049.387446020997,-0.013485184612684331,0.0,0.25014914860079357,0.2513160043466553,0.24835646634399577,0.2501783807085554,0.0,-0.014435408650758527,-0.09850557580515001
2025-06-20 18:00:00+00:00,9897.04263758697,-0.015159611394458428,0.0,0.2517117918170259,0.2475743395772568,0.24802657305092418,0.25268729555479313,0.0,-0.015563697255638534,-0.11406927306078855
2025-06-20 20:00:00+00:00,9909.877396333952,0.0012968276703424486,0.0,0.25145381917266957,0.24678665904883484,0.24914793550464623,0.25261158627384933,0.0,0.001391793603983922,-0.11267747945680463
2025-06-20 22:00:00+00:00,9918.458015626828,0.0008658653331119481,0.0,0.2517829324357456,0.24675695331158368,0.24899244964076236,0.2524676646119083,0.0,0.0009472962305800124,-0.11173018322622462
2025-06-21 00:00:00+00:00,9897.626137769199,-0.0021003141642387257,0.0,0.25174257413174594,0.24623773928322704,0.2495165127066115,0.25250317387841553,0.0,-0.0020899481911903018,-0.11382013141741493
2025-06-21 02:00:00+00:00,9958.584351562391,0.006158872132033366,0.0,0.25072813800702076,0.2472342317985173,0.2500826718911926,0.2519549583032693,0.0,0.006497360897356687,-0.10732277052005824
2025-06-21 04:00:00+00:00,9950.931387788034,-0.0007684790833906163,0.0,0.2508736975709269,0.24686257844931675,0.2500954227499801,0.2521683012297762,0.0,-0.000742980422917449,-0.1080657509429757
2025-06-21 06:00:00+00:00,9949.432553226454,-0.00015062254005882014,0.0,0.2507305118301219,0.24672061747326102,0.2508515276286914,0.2516973430679257,0.0,-0.0001080207399986778,-0.10817377168297437
2025-06-21 08:00:00+00:00,9932.837154621946,-0.0016679743810239511,0.0,0.25123997815790466,0.2474407468061641,0.24980139701727863,0.2515178780186526,0.0,-0.001668758425522987,-0.10984253010849736
2025-06-21 10:00:00+00:00,9958.657247587938,0.0025994680637624334,0.0,0.25152078127480515,0.24865920691297275,0.24915372985355705,0.25066628195866514,0.0,0.0027556498402810927,-0.10708688026821626
2025-06-21 12:00:00+00:00,9960.982449732475,0.00023348550780788457,0.0,0.2515377662259723,0.24835816715124834,0.2488862707657937,0.25121779585698567,0.0,0.0002866136967150045,-0.10680026657150125
2025-06-21 14:00:00+00:00,9893.359576097528,-0.006788775502436839,0.0,0.2525199354970412,0.24777910872831335,0.2490220337518167,0.2506789220228287,0.0,-0.00692132027035974,-0.113721586841861
2025-06-21 16:00:00+00:00,9899.468864881423,0.0006175140746582652,0.0,0.252336344257047,0.24794129027601258,0.24913912473513625,0.25058324073180416,0.0,0.000702316602523418,-0.11301927023933758
2025-06-21 18:00:00+00:00,9829.493459420342,-0.0070686020044287146,0.0,0.25320531249244793,0.247193424367435,0.2488826396670513,0.25071862347306584,0.0,-0.007158535409736502,-0.12017780564907408
2025-06-21 20:00:00+00:00,9752.320758758944,-0.007851137088599192,0.0,0.25288930007072086,0.24764998196375684,0.24740114140963504,0.25205957655588734,0.0,-0.007858901923502807,-0.1280367075725769
2025-06-21 22:00:00+00:00,9555.027348387226,-0.020230406203007756,0.0,0.25611794992844084,0.24185063971828055,0.24724175341160318,0.2547896569416755,0.0,-0.019123455400410563,-0.14716016297298745
2025-06-22 00:00:00+00:00,9627.717591685985,0.0076075390104486385,0.0,0.25584882890429134,0.2414889005004029,0.2481901224412595,0.2544721481540464,0.0,0.008047464543898288,-0.13911269842908916
2025-06-22 02:00:00+00:00,9600.758598037679,-0.002800143792292653,0.0,0.25723804217867935,0.23908574817995326,0.2483596731678512,0.25531653647351626,0.0,-0.0026161220643391033,-0.14172882049342828
2025-06-22 04:00:00+00:00,9612.964293275118,0.0012713261262431441,0.0,0.2568822919414411,0.23857884810298763,0.2494695139294025,0.25506934602616876,0.0,0.0014014070490378809,-0.1403274134443904
2025-06-22 06:00:00+00:00,9693.850462318092,0.00841427956822427,0.0,0.255929466031699,0.23911533839251764,0.2503988537878876,0.25455634178789577,0.0,0.008858121096401257,-0.13146929234798915
2025-06-22 08:00:00+00:00,9656.655448820644,-0.003836970009186036,0.0,0.25584295816358277,0.2381401980563754,0.25083901119337615,0.25517783258666576,0.0,-0.003636094631707048,-0.1351053869796962
2025-06-22 10:00:00+00:00,9574.649944953311,-0.00849212279571887,0.0,0.25746834024809134,0.23713989158298174,0.2499078891967542,0.2554838789721727,0.0,-0.007990602102885581,-0.14309598908258178
2025-06-22 12:00:00+00:00,9649.564119956449,0.007824220774005797,0.0,0.2568180296356524,0.23855764483365308,0.2501591350904633,0.25446519044023114,0.0,0.008183659707800306,-0.13491232937478148
2025-06-22 14:00:00+00:00,9421.704452940407,-0.023613467321783044,0.0,0.2582318120144373,0.23647268601777335,0.2504558746494287,0.2548396273183606,0.0,-0.02070382479927658,-0.15561615417405805
2025-06-22 16:00:00+00:00,9268.093240630724,-0.016303972712892967,0.0,0.2574121553422299,0.2376569384084258,0.2495617576575803,0.25536914859176413,0.0,-0.01365736974248239,-0.16927352391654044
2025-06-22 18:00:00+00:00,9351.081356566665,0.0089541736127694,0.0,0.25660780969073527,0.237429022468409,0.2516148677020493,0.2543483001388064,0.0,0.008999127880009686,-0.16027439603653076
2025-06-22 20:00:00+00:00,9283.879448308557,-0.007186538721633107,0.0,0.2569137614244233,0.23822261057289496,0.25080559318227524,0.25405803482040656,0.0,-0.0061268301277000005,-0.16640122616423075
2025-06-22 22:00:00+00:00,9290.49960211022,0.000713080543378819,0.0,0.2574861665163356,0.23754160729502444,0.25056276069026495,0.2544094654983751,0.0,0.0008471994255713393,-0.1655540267386594
2025-06-23 00:00:00+00:00,9479.047815753982,0.020294733514754748,0.0,0.25691955426715735,0.23800911525442808,0.25201990651116657,0.25305142396724795,0.0,0.021426859081178088,-0.14412716765748132
2025-06-23 02:00:00+00:00,9541.025993143146,0.006538439154843978,0.0,0.2555989405377314,0.23841717706186238,0.25266155509376526,0.2533223273066409,0.0,0.006125078847068777,-0.13800208881041254
2025-06-23 04:00:00+00:00,9500.166584443215,-0.004282496319504392,0.0,0.2568314971703215,0.23822304807565664,0.2507386151729063,0.25420683958111556,0.0,-0.003610312512705852,-0.1416124013231184
2025-06-23 06:00:00+00:00,9558.332570578048,0.006122628021079324,0.0,0.25682531669070163,0.23801410014241367,0.251518572680383,0.2536420104865017,0.0,0.00571881468657125,-0.13589358663654713
2025-06-23 08:00:00+00:00,9590.059457653784,0.0033192909789931946,0.0,0.25637816836092525,0.23854566952767847,0.251680273007834,0.2533958891035623,0.0,0.0030986694363224336,-0.1327949172002247
2025-06-23 10:00:00+00:00,9560.56517308481,-0.003075505913097909,0.0,0.2562522960998637,0.23855490321838319,0.25217633610087886,0.2530164645808743,0.0,-0.0025940502271953702,-0.13538896742742007
2025-06-23 12:00:00+00:00,9536.156695820991,-0.002553037066525432,0.0,0.25620334153142743,0.23931099684981202,0.25235332182488757,0.25213233979387306,0.0,-0.0021365637316747665,-0.13752553115909483
2025-06-23 14:00:00+00:00,9673.850601820695,0.014439140462115585,0.0,0.2552125135789217,0.24029226306861365,0.252178811533995,0.2523164118184697,0.0,0.013782270307694524,-0.1237432608514003
2025-06-23 16:00:00+00:00,9565.935022292346,-0.011155390337332594,0.0,0.25573790604484786,0.23805256146614648,0.2525329305840328,0.25367660190497293,0.0,-0.00939400100117047,-0.13313726185257077
2025-06-23 18:00:00+00:00,9660.259718355075,0.0098604784417744,0.0,0.25589584530602544,0.23846964519947367,0.2527494126868646,0.25288509680763627,0.0,0.009037183651886875,-0.12410007820068389
2025-06-23 20:00:00+00:00,9757.284306642849,0.01004368320485427,0.0,0.2550255727781775,0.24005186519953745,0.25350219317540096,0.25142036884688407,0.0,0.009063433962925941,-0.11503664423775795
2025-06-23 22:00:00+00:00,9820.15959205626,0.00644393290565537,0.0,0.2547294821076862,0.24144273870005126,0.25281928803897075,0.2510084911532917,0.0,0.0057019904547996395,-0.10933465378295831
2025-06-24 00:00:00+00:00,10006.916386716526,0.01901769445899215,0.0,0.2539007262427919,0.24407168998707868,0.25271418140995994,0.24931340236016936,0.0,0.016966598894236993,-0.09236805488872132
2025-06-24 02:00:00+00:00,10011.070623617346,0.00041513656557934375,0.0,0.2540768127023497,0.2441980253713446,0.2528770662346711,0.24884809569163463,0.0,0.00035626785102924,-0.09201178703769208
2025-06-24 04:00:00+00:00,9968.252024514026,-0.004277124866376103,0.0,0.253882929867066,0.2436823773724896,0.25243951918201246,0.24999517357843198,0.0,-0.003599567371883486,-0.09561135440957556
2025-06-24 06:00:00+00:00,10030.222841052799,0.006216818794947621,0.0,0.2534612994076751,0.24434866604447028,0.2527802245819527,0.24940980996590184,0.0,0.005283177786349785,-0.09032817662322577
2025-06-24 08:00:00+00:00,9957.039983298993,-0.00729623448187755,0.0,0.2542030669029091,0.24342787249648867,0.25233492475351965,0.2500341358470827,0.0,-0.006157173548199489,-0.09648535017142526
2025-06-24 10:00:00+00:00,9991.46946858761,0.003457803257430392,0.0,0.25396746822344424,0.2448727177113135,0.25215100480666924,0.249008809258573,0.0,0.0029394875485139063,-0.09354586262291135
2025-06-24 12:00:00+00:00,9974.71640510328,-0.0016767366939367534,0.0,0.25432389170913994,0.2446341924263686,0.251708604262809,0.24933331160168243,0.0,-0.0014059668408348406,-0.0949518294637462
2025-06-24 14:00:00+00:00,9985.007479871352,0.0010317160258117575,0.0,0.25380923221778423,0.24561033944690838,0.2508526221540697,0.2497278061812377,0.0,0.000887344376018987,-0.0940644850877272
2025-06-24 16:00:00+00:00,10011.885029857604,0.0026917906712071726,0.0,0.2535597694132499,0.24662610327031045,0.2509823833618159,0.24883174395462362,0.0,0.002298260081287991,-0.09176622500643922
2025-06-24 18:00:00+00:00,10074.338009039018,0.006237884174175701,0.0,0.2539080584059502,0.24706152347954946,0.2503725189270483,0.248657899187452,0.0,0.005316589484682246,-0.08644963552175697
2025-06-24 20:00:00+00:00,10031.491068858535,-0.004253077486782719,0.0,0.2540223572851464,0.24575237223339702,0.25078874788556166,0.24943652259589497,0.0,-0.0036282393153357195,-0.09007787483709269
2025-06-24 22:00:00+00:00,10073.51504016241,0.004189204876464903,0.0,0.25379075882771596,0.24583305336747918,0.25160517226702533,0.2487710155377795,0.0,0.003567683779882602,-0.08651019105721008
2025-06-25 00:00:00+00:00,10071.971182940542,-0.00015325903775520455,0.0,0.2540546822261098,0.24619551555605443,0.2508749096596419,0.24887489255819387,0.0,-0.0001384424757818945,-0.08664863353299197
2025-06-25 02:00:00+00:00,10102.023261636406,0.0029837335860098957,0.0,0.2540257823975762,0.2467122594686961,0.2505413460302457,0.248720612103482,0.0,0.0025399873599263128,-0.08410864617306565
2025-06-25 04:00:00+00:00,10091.410893221764,-0.0010505191029349659,0.0,0.2539214526457167,0.24531179539255193,0.25056871413498655,0.25019803782674477,0.0,-0.000913569218595611,-0.08502221539166127
2025-06-25 06:00:00+00:00,10058.45875414066,-0.0032653649157460274,0.0,0.2547094542214659,0.2446051584274554,0.2513599828101864,0.24932540454089233,0.0,-0.002817211679118862,-0.08783942707078013
2025-06-25 08:00:00+00:00,10096.918371040287,0.0038236093460932707,0.0,0.25466205799924446,0.24519503877561277,0.25125796288179936,0.24888494034334346,0.0,0.003280210926480324,-0.0845592161442998
2025-06-25 10:00:00+00:00,10048.534766538565,-0.00479191796186984,0.0,0.2559555862146094,0.24395780205500595,0.25068940823127195,0.24939720349911274,0.0,-0.004146297567929398,-0.0887055137122292
2025-06-25 12:00:00+00:00,10081.722357410055,0.00330272936727094,0.0,0.2564766990909155,0.24399854067830648,0.249391506384143,0.2501332538466349,0.0,0.002842130980395218,-0.08586338273183398
2025-06-25 14:00:00+00:00,10125.436418081365,0.004335971485981194,0.0,0.2570970115561206,0.24355025988006943,0.250403229814443,0.24894949874936692,0.0,0.003726993193117443,-0.08213638953871655
2025-06-25 16:00:00+00:00,10026.253027845814,-0.009795468179370048,0.0,0.2574865770031678,0.24299794538259895,0.24990979151918577,0.2496056860950473,0.0,-0.00853537241853452,-0.09067176195725107
2025-06-25 18:00:00+00:00,10073.418820260707,0.0047042292154306775,0.0,0.25717784111535574,0.2435823736567794,0.24986317521716211,0.24937661001070266,0.0,0.004049176643516603,-0.08662258531373447
2025-06-25 20:00:00+00:00,10112.109238097451,0.0038408427691822844,0.0,0.2570504955857004,0.24364890760076346,0.2498496574098984,0.24945093940363774,0.0,0.003294565566433846,-0.08332801974730063
2025-06-25 22:00:00+00:00,10092.73257484978,-0.001916184130474896,0.0,0.25708512869847766,0.24389692602869772,0.24929650099307069,0.24972144427975385,0.0,-0.0016691928279653715,-0.084997212575266
2025-06-26 00:00:00+00:00,10077.053086577718,-0.001553542428255228,0.0,0.25693680331617585,0.2430603642364589,0.25027550518913755,0.24972732725822777,0.0,-0.0013545160531975098,-0.08635172862846352
2025-06-26 02:00:00+00:00,10143.149198428064,0.0065590715145069645,0.0,0.25596980123828006,0.24554221405491058,0.2496429642511906,0.24884502045561874,0.0,0.005659702883231422,-0.0806920257452321
2025-06-26 04:00:00+00:00,10185.364467887588,0.004161948979915175,0.0,0.2554198947656919,0.24746471195092795,0.24907612774092022,0.2480392655424599,0.0,0.003567015604087432,-0.07712501014114467
2025-06-26 06:00:00+00:00,10158.370407460792,-0.0026502792817971743,0.0,0.25557220140698994,0.2468063186997171,0.24953277121470485,0.24808870867858818,0.0,-0.00233422722000616,-0.07945923736115083
2025-06-26 08:00:00+00:00,10191.16896032807,0.0032287218866511314,0.0,0.2551802166746254,0.24743208456438823,0.2498986720853542,0.2474890266756321,0.0,0.0027690840234096577,-0.07669015333774118
2025-06-26 10:00:00+00:00,10137.746562585768,-0.005242028461137638,0.0,0.25536176898641727,0.24608964698635913,0.2503048176628894,0.2482437663643342,0.0,-0.004618067975933931,-0.08130822131367511
2025-06-26 12:00:00+00:00,10110.27358238722,-0.0027099691266635473,0.0,0.25605636383243063,0.24545213464806534,0.25018960427368964,0.24830189724581453,0.0,-0.0023828896250809744,-0.08369111093875609
2025-06-26 14:00:00+00:00,10053.99689031836,-0.005566287757721833,0.0,0.25661295231116943,0.24514584746250964,0.24939790831144795,0.24884329191487292,0.0,-0.004880147505309983,-0.08857125844406608
2025-06-26 16:00:00+00:00,10089.97709836048,0.0035786969535236413,0.0,0.2565432008651212,0.24420843897870465,0.2502501091223851,0.24899825103378917,0.0,0.0031153182089045063,-0.08545594023516156
2025-06-26 18:00:00+00:00,10059.83326083785,-0.002987503066535946,0.0,0.2570227036122146,0.243698906753605,0.2494604584428716,0.24981793119130888,0.0,-0.0026213873965135466,-0.08807732763167511
2025-06-26 20:00:00+00:00,10104.820957230226,0.004472012132398895,0.0,0.25668997224478624,0.24413233224719996,0.2504719792969977,0.24870571621101628,0.0,0.003904415883883868,-0.08417291174779125
2025-06-26 22:00:00+00:00,10057.513421058113,-0.004681679801388561,0.0,0.2566901039926495,0.24309153296298155,0.2505248357420584,0.24969352730231054,0.0,-0.004121417799782564,-0.08829432954757381
2025-06-27 00:00:00+00:00,10038.131401688217,-0.0019271184196796298,0.0,0.2569874166773295,0.2437465415235055,0.2500294475593298,0.24923659423983538,0.0,-0.001692191245833264,-0.08998652079340708
2025-06-27 02:00:00+00:00,10082.991736324786,0.004468992568579466,0.0,0.2562644654406871,0.24368759181135086,0.2512210060597337,0.24882693668822842,0.0,0.0039251829220603735,-0.0860613378713467
2025-06-27 04:00:00+00:00,10129.0541071665,0.004568323771978244,0.0,0.25594438152311716,0.2446600881072609,0.25101948496849485,0.24837604540112715,0.0,0.004000201003752439,-0.08206113686759427
2025-06-27 06:00:00+00:00,10094.180108985653,-0.003442966915950474,0.0,0.2563267467575178,0.24480505194547883,0.25011640478606173,0.24875179651094165,0.0,-0.0030549592968336452,-0.08511609616442792
2025-06-27 08:00:00+00:00,10080.010357920974,-0.0014037545309960597,0.0,0.2557346515568249,0.2453802644639776,0.25014298586612105,0.24874209811307646,0.0,-0.0012489327474241713,-0.08636502891185209
2025-06-27 10:00:00+00:00,10105.907114579635,0.002569120044436435,0.0,0.2555903175270448,0.24661343567555627,0.24923674578371363,0.2485595010136854,0.0,0.002258924111162578,-0.08410610480068952
2025-06-27 12:00:00+00:00,10087.15490638702,-0.0018555690231469857,0.0,0.25582583628838323,0.245703445162944,0.2491981421342441,0.2492725764144286,0.0,-0.001657492567717077,-0.0857635973684066
2025-06-27 14:00:00+00:00,10048.089443962848,-0.003872792951701065,0.0,0.2564301178111915,0.24472050859779668,0.2485960332497394,0.25025334034127245,0.0,-0.003449146478665228,-0.08921274384707183
2025-06-27 16:00:00+00:00,10086.513996146252,0.0038240654999832646,0.0,0.2566184643898336,0.2448164057987996,0.24885964384084694,0.24970548597051984,0.0,0.0033942560103365164,-0.0858184878367353
2025-06-27 18:00:00+00:00,10010.307516722401,-0.007555284159915576,0.0,0.2575298892754876,0.24330205918571154,0.24852272446927062,0.2506453270695302,0.0,-0.006745693885218262,-0.09256418172195356
2025-06-27 20:00:00+00:00,10038.235986163765,0.0027899711766805613,0.0,0.2566338174579829,0.24341207692226183,0.24955212686683187,0.25040197875292325,0.0,0.0024849522687267426,-0.09007922945322681
2025-06-27 22:00:00+00:00,10082.289255901027,0.004388546931749948,0.0,0.2561129614472344,0.24306973762575143,0.2510612692352906,0.24975603169172356,0.0,0.00390355706460153,-0.08617567238862528
2025-06-28 00:00:00+00:00,10077.85803629582,-0.0004395053040769925,0.0,0.256214970882218,0.24351024991687886,0.25069881116907955,0.24957596803182353,0.0,-0.00040003433429839475,-0.08657570672292367
2025-06-28 02:00:00+00:00,10079.391462507563,0.0001521579492607117,0.0,0.25622052733407763,0.24291254106423613,0.2512516429133956,0.24961528868829086,0.0,0.00012794744590605907,-0.0864477592770176
2025-06-28 04:00:00+00:00,10086.04506528451,0.0006601194925006659,0.0,0.2566109761759942,0.24308766782073668,0.2514107162658645,0.2488906397374047,0.0,0.0005822198807773849,-0.08586553939624021
2025-06-28 06:00:00+00:00,10088.669315676154,0.0002601862647506614,0.0,0.25653150728669727,0.2431519248242214,0.25137484108008024,0.2489417268090009,0.0,0.00022369916556849964,-0.08564184023067171
2025-06-28 08:00:00+00:00,10118.226625905298,0.0029297531026433177,0.0,0.2562355501819957,0.24339950635710217,0.25128810009940467,0.24907684336149746,0.0,0.002620719233751298,-0.08302112099692041
2025-06-28 10:00:00+00:00,10112.145701532527,-0.0006009871687595592,0.0,0.25596740581846406,0.24308016894576176,0.2518220992417991,0.2491303259939752,0.0,-0.0005581641118673251,-0.08357928510878773
2025-06-28 12:00:00+00:00,10110.125028572294,-0.00019982632963111424,0.0,0.2561745744432416,0.24315880398396975,0.25163675987509077,0.2490298616976978,0.0,-0.00019574403878205767,-0.08377502914756979
2025-06-28 14:00:00+00:00,10099.09118665924,-0.001091365525339394,0.0,0.255805760807699,0.24297520950566248,0.2522950699452744,0.24892395974136403,0.0,-0.001003189704787597,-0.08477821885235738
2025-06-28 16:00:00+00:00,10153.588024707291,0.005396212098771835,0.0,0.2552582905249507,0.24298371776166316,0.2536982098157674,0.24805978189761874,0.0,0.004871661831311074,-0.0799065570210463
2025-06-28 18:00:00+00:00,10186.110645085466,0.00320306676802673,0.0,0.2544808249740877,0.24299932830019932,0.2550226397358798,0.24749720698983313,0.0,0.0028738629646810434,-0.07703269405636526
2025-06-28 20:00:00+00:00,10144.799935573663,-0.0040555920656265565,0.0,0.2549479065937401,0.24290569941371437,0.2535069667635701,0.24863942722897545,0.0,-0.003735634975016429,-0.08076832903138169
2025-06-28 22:00:00+00:00,10151.350165527901,0.0006456736452011835,0.0,0.25503439136492007,0.2430901587787566,0.25310867657179864,0.24876677328452473,0.0,0.0005648991275806518,-0.08020342990380104
2025-06-29 00:00:00+00:00,10151.51627983178,1.6363764540727743e-05,0.0,0.2549480525242004,0.24298542006920681,0.2531925507792312,0.24887397662736155,0.0,-8.828307859411326e-06,-0.08021225821166045
2025-06-29 02:00:00+00:00,10131.948246460108,-0.0019275971029616423,0.0,0.2554742683846596,0.24285196829075964,0.25279968721949825,0.2488740761050824,0.0,-0.001789529546047604,-0.08200178775770806
2025-06-29 04:00:00+00:00,10145.400520967094,0.0013277085689502588,0.0,0.25489724633379957,0.24235826292017906,0.25369745405945276,0.2490470366865686,0.0,0.0011964516758782584,-0.0808053360818298
2025-06-29 06:00:00+00:00,10158.919647420404,0.0013325374809372015,0.0,0.25479362317831594,0.24262391557907306,0.2535064289203018,0.24907603232230927,0.0,0.001200604079925131,-0.07960473200190467
2025-06-29 08:00:00+00:00,10174.80276220397,0.001563464948519444,0.0,0.25461438817143595,0.24291603929977024,0.25390102983486873,0.2485685426939251,0.0,0.0014124213999283386,-0.07819231060197633
2025-06-29 10:00:00+00:00,10195.695970558907,0.0020534263752560733,0.0,0.25525061840940944,0.24319104629721677,0.25338073115852616,0.2481776041348474,0.0,0.0018624738418038154,-0.07632983676017252
2025-06-29 12:00:00+00:00,10231.35601568083,0.0034975586977972206,0.0,0.2557412799836123,0.24372427352274648,0.2526431544999158,0.24789129199372545,0.0,0.0031880964147813075,-0.07314174034539121
2025-06-29 14:00:00+00:00,10200.371683556014,-0.003028370049613205,0.0,0.2555117101868479,0.24294354973249246,0.25329378297459715,0.24825095710606254,0.0,-0.002860510540460144,-0.07600225088585136
2025-06-29 16:00:00+00:00,10174.896747163115,-0.002497451777562887,0.0,0.2554383233907386,0.2425335755032251,0.253576700990006,0.24845140011603017,0.0,-0.0023593984486615306,-0.0783616493345129
2025-06-29 18:00:00+00:00,10172.06311647652,-0.00027849232842436233,0.0,0.2550203286770036,0.24284506436408845,0.25370589860463927,0.2484287083542687,0.0,-0.00028738957890555396,-0.07864903891341844
2025-06-29 20:00:00+00:00,10173.125300294178,0.00010442166996948998,0.0,0.2546673499014968,0.24270323363124613,0.25426493559910684,0.24836448086815033,0.0,6.966809116170031e-05,-0.07857937082225674
2025-06-29 22:00:00+00:00,10169.815444574,-0.0003253528903336411,0.0,0.2550744147948501,0.24210306227454972,0.2542891166359858,0.24853340629461423,0.0,-0.0003319567227658013,-0.07891132754502254
2025-06-30 00:00:00+00:00,10316.32056012203,0.014405877505495601,0.0,0.2533539900538484,0.24543269348840882,0.25394018750629527,0.24727312895144746,0.0,0.01327146760579049,-0.06563985993923205
2025-06-30 02:00:00+00:00,10325.513121036041,0.0008910697239812304,0.0,0.2534484520119773,0.24624601471547458,0.2537429548037955,0.24656257846875257,0.0,0.0007611585821959962,-0.06487870135703605
2025-06-30 04:00:00+00:00,10303.413837406428,-0.0021402600888270618,0.0,0.2540150504086759,0.24565265801770814,0.2525528279446045,0.2477794636290115,0.0,-0.002051720726715664,-0.06693042208375172
2025-06-30 06:00:00+00:00,10292.121410844224,-0.0010959888383019756,0.0,0.2537709342136633,0.24630299539156186,0.2519617914582693,0.24796427893650538,0.0,-0.0010749516451920766,-0.06800537372894379
2025-06-30 08:00:00+00:00,10233.118054616061,-0.0057328663229714305,0.0,0.2536629024400543,0.24549935422608332,0.25166830166140036,0.24916944167246208,0.0,-0.005442399872159574,-0.07344777360110336
2025-06-30 10:00:00+00:00,10165.578377466974,-0.006600107297562219,0.0,0.25502721006726975,0.2442582451594977,0.2508207416590575,0.24989380311417514,0.0,-0.006230143120914012,-0.07967791672201736
2025-06-30 12:00:00+00:00,10180.77431617805,0.0014948425113479047,0.0,0.2550621951067058,0.244564134605703,0.25009531176505834,0.2502783585225328,0.0,0.001359731233498368,-0.078318185488519
2025-06-30 14:00:00+00:00,10172.438539779907,-0.000818776267822563,0.0,0.254965982403141,0.24515281852659698,0.2498610770569591,0.250020122013303,0.0,-0.0007897283628102658,-0.07910791385132927
2025-06-30 16:00:00+00:00,10218.692575654719,0.004546995854920466,0.0,0.2539416800004844,0.24526812328935668,0.25053714078748424,0.2502530559226747,0.0,0.0041920792283377285,-0.07491583462299155
2025-06-30 18:00:00+00:00,10236.433664296264,0.001736140754817539,0.0,0.2532246426243135,0.24611535409192004,0.25027749851340475,0.25038250477036167,0.0,0.0015787461679062336,-0.07333708845508531
2025-06-30 20:00:00+00:00,10308.902764134378,0.007079526152831805,0.0,0.25210675183678755,0.24714380681214804,0.25160941678251786,0.24914002456854648,0.0,0.006506219900426826,-0.06683086855465849
2025-06-30 22:00:00+00:00,10249.295269589766,-0.005782137624965489,0.0,0.2521251839895148,0.24581639073759962,0.2524043666476492,0.24965405862523654,0.0,-0.005519492128068863,-0.07235036068272735
2025-07-01 00:00:00+00:00,10221.435082450747,-0.0027182539292902597,0.0,0.2528494654785133,0.2462624806507176,0.2505573332106511,0.250330720660118,0.0,-0.002589169070231254,-0.0749395297529586
2025-07-01 02:00:00+00:00,10243.44159086649,0.0021529763911063426,0.0,0.2524793087090108,0.24606166411964753,0.251240213356895,0.25021881381444655,0.0,0.001969157619698385,-0.07297037213326021
2025-07-01 04:00:00+00:00,10237.458765854897,-0.0005840639553144067,0.0,0.2525618055325576,0.24587307327389107,0.25205616363024175,0.24950895756330965,0.0,-0.0005887513621174586,-0.07355912349537767
2025-07-01 06:00:00+00:00,10171.116344325726,-0.006480360316609368,0.0,0.2535928138497861,0.24509806040422086,0.2514747919131708,0.2498343338328222,0.0,-0.006181561442159719,-0.07974068493753739
2025-07-01 08:00:00+00:00,10209.904020140575,0.003813512155574461,0.0,0.25321176800885814,0.24451310956527395,0.25279476088335,0.2494803615425177,0.0,0.003537388240501315,-0.07620329669703607
2025-07-01 10:00:00+00:00,10157.132228218263,-0.005168686387081789,0.0,0.2530487972257689,0.24496787497422473,0.2515864374432151,0.2503968903567912,0.0,-0.0049157216193532844,-0.08111901831638936
2025-07-01 12:00:00+00:00,10144.875236979138,-0.0012067373904095513,0.0,0.25347198585761177,0.24448518111004897,0.25159682445252596,0.2504460085798133,0.0,-0.001154668536453759,-0.08227368685284311
2025-07-01 14:00:00+00:00,10136.527025324116,-0.0008228993910730509,0.0,0.25416056515728436,0.24412903127106567,0.2514808314614857,0.25022957211016433,0.0,-0.0007927021156313023,-0.08306638896847442
2025-07-01 16:00:00+00:00,10038.302166640386,-0.009690188605854355,0.0,0.25459968097644825,0.2445071293170159,0.25023288098778246,0.2506603087187533,0.0,-0.009208223223612566,-0.09227461219208698
2025-07-01 18:00:00+00:00,10056.41194408218,0.0018040677737294342,0.0,0.2548574307407213,0.2449449790248816,0.24984148908419127,0.25035610115020585,0.0,0.0016988577305811058,-0.09057575446150587
2025-07-01 20:00:00+00:00,9988.657699716705,-0.006737417355436204,0.0,0.2545207925542649,0.24362662212502353,0.2500751605071609,0.25177742481355064,0.0,-0.006323934447213377,-0.09689968890871925
2025-07-01 22:00:00+00:00,9975.675910542015,-0.0012996530229539838,0.0,0.2557843866529499,0.24437005576492918,0.24738515859906718,0.2524603989830537,0.0,-0.0012000386645835547,-0.0980997275733028
2025-07-02 00:00:00+00:00,9980.67259797034,0.0005008871051077612,0.0,0.2554074281184926,0.24403868504643458,0.24830573845570164,0.2522481483793712,0.0,0.0004925511302792336,-0.09760717644302357
2025-07-02 02:00:00+00:00,10009.572207021687,0.002895557265070847,0.0,0.25476368529171645,0.24397151862144104,0.24943362201012614,0.2518311740767164,0.0,0.0027560085648314333,-0.09485116787819213
2025-07-02 04:00:00+00:00,10048.859588588695,0.003924981083551993,0.0,0.2549071101019628,0.24495673276268576,0.24833987391611698,0.25179628321923436,0.0,0.0037272219339694462,-0.09112394594422268
2025-07-02 06:00:00+00:00,10089.87357607505,0.00408145691804962,0.0,0.25493269188144596,0.24533311203951208,0.24854063903695797,0.251193557042084,0.0,0.003864923071888208,-0.08725902287233447
2025-07-02 08:00:00+00:00,10125.391962912805,0.0035202013751665095,0.0,0.2550893947259364,0.2447535776198773,0.24728640850359807,0.2528706191505882,0.0,0.003323121766215861,-0.08393590110611861
2025-07-02 10:00:00+00:00,10142.657224712215,0.0017051450316836192,0.0,0.2559777937488158,0.24449471133456432,0.24671864569965948,0.2528088492169603,0.0,0.001600433734925079,-0.08233546737119353
2025-07-02 12:00:00+00:00,10138.1868443748,-0.00044075041070323895,0.0,0.2557191021787533,0.24431082823655526,0.24750311114211748,0.2524669584425739,0.0,-0.0004369968085418922,-0.08277246417973542
2025-07-02 14:00:00+00:00,10170.374404043794,0.003174883257044403,0.0,0.255593387160402,0.24392996316659096,0.24850614380322453,0.25197050586978237,0.0,0.003000069422920722,-0.0797723947568147
2025-07-02 16:00:00+00:00,10297.200669953862,0.01247016686619129,0.0,0.2547164838345988,0.24576350723920423,0.2492343861430347,0.25028562278316235,0.0,0.011731165404195772,-0.06804122935261893
2025-07-02 18:00:00+00:00,10414.8108312042,0.01142156640624803,0.0,0.25274779798949076,0.24960546355023094,0.2496227430319157,0.24802399542836268,0.0,0.01047354112372168,-0.05756768822889725
2025-07-02 20:00:00+00:00,10488.97706673385,0.007121227330163071,0.0,0.2522173197998644,0.25149605399062047,0.2497601396918862,0.246526486517629,0.0,0.006443213530822383,-0.051124474698074865
2025-07-02 22:00:00+00:00,10469.872329642165,-0.0018214108935633577,0.0,0.25213764182103615,0.2511975733127287,0.25035811839981287,0.2463066664664222,0.0,-0.0018091561282493642,-0.05293363082632423
2025-07-03 00:00:00+00:00,10399.0560973839,-0.006763810486759336,0.0,0.2524810347806439,0.25032837505099376,0.2500868462332628,0.24710374393509965,0.0,-0.006571368062275275,-0.0595049988885995
2025-07-03 02:00:00+00:00,10420.02678755259,0.0020165955421631576,0.0,0.2522654377591503,0.2507692910394688,0.24995511139268095,0.2470101598087,0.0,0.0017991085375766898,-0.05770589035102281
2025-07-03 04:00:00+00:00,10403.634817880245,-0.001573121644171338,0.0,0.25185661884540844,0.24932359716749505,0.2519520900359279,0.24686769395116845,0.0,-0.0015596457416798771,-0.059265536092702686
2025-07-03 06:00:00+00:00,10507.159082147728,0.00995077836541891,0.0,0.25101005359082873,0.24960541856859586,0.254430153549692,0.24495437429088346,0.0,0.00900271896303231,-0.05026281712967037
2025-07-03 08:00:00+00:00,10562.349044525028,0.005252605575475799,0.0,0.24956059729450905,0.24931371359643462,0.25670999468410843,0.24441569442494798,0.0,0.004713138791318057,-0.045549678338352315
2025-07-03 10:00:00+00:00,10610.121847571078,0.004522933567586707,0.0,0.24994237784235174,0.24811193699517467,0.25833312313707185,0.2436125620254018,0.0,0.0040386636684548545,-0.04151101466989746
2025-07-03 12:00:00+00:00,10572.73118782117,-0.0035240556411204604,0.0,0.25004374760193737,0.24881888552084355,0.2572748366059527,0.24386253027126634,0.0,-0.0034687640087637766,-0.044979778678661236
2025-07-03 14:00:00+00:00,10621.014296674388,0.004566758389623615,0.0,0.25039791369963127,0.2502727826222449,0.25585289002150635,0.24347641365661754,0.0,0.004084772617645436,-0.0408950060610158
2025-07-03 16:00:00+00:00,10444.479525501198,-0.016621272341989624,0.0,0.2520256137367529,0.24925035382554206,0.2536757862758222,0.2450482461618828,0.0,-0.016877932020520302,-0.05777293808153611
2025-07-03 18:00:00+00:00,10494.709853669903,0.004809270586060732,0.0,0.2518034151753688,0.2487222696637323,0.25484548530372764,0.2446288298571712,0.0,0.004264378407654531,-0.05350855967388157
2025-07-03 20:00:00+00:00,10514.551003384222,0.001890585827618807,0.0,0.2518958314154131,0.2490822306932896,0.253939702052119,0.24508223583917818,0.0,0.0016323538588447096,-0.051876205815036866
2025-07-03 22:00:00+00:00,10520.694191660648,0.0005842558825810418,0.0,0.2517133919492529,0.24985128179891178,0.25297045791590206,0.24546486833593323,0.0,0.00044123809049427434,-0.05143496772454259
2025-07-04 00:00:00+00:00,10505.436869181687,-0.0014502201281598737,0.0,0.2516123581946175,0.24980347351224458,0.2525440465090529,0.24604012178408505,0.0,-0.0014392990779469347,-0.05287426680248952
2025-07-04 02:00:00+00:00,10482.767506175125,-0.0021578696144530785,0.0,0.251961444751186,0.250230647910574,0.2518116618942668,0.24599624544397347,0.0,-0.0020999658146980157,-0.054974232617187535
2025-07-04 04:00:00+00:00,10467.98492512223,-0.0014101792340799335,0.0,0.2517079399904284,0.2494075700481681,0.25253713480583895,0.24634735515556447,0.0,-0.001397847880270864,-0.0563720804974584
2025-07-04 06:00:00+00:00,10448.78131336528,-0.0018345089235716205,0.0,0.2516544142477251,0.24898587206232808,0.25320079570324994,0.24615891798669676,0.0,-0.0017944542641926944,-0.058166534761651095
2025-07-04 08:00:00+00:00,10343.311172242422,-0.010094013642332533,0.0,0.2534929226598202,0.24820060749633296,0.2512907076845665,0.24701576215928026,0.0,-0.009736504895034036,-0.06790303965668514
2025-07-04 10:00:00+00:00,10390.935555498378,0.004604365320049819,0.0,0.25302193282927465,0.24867802758959887,0.2517154223946561,0.24658461718647043,0.0,0.004154757039029268,-0.06374828261765586
2025-07-04 12:00:00+00:00,10402.949567013644,0.0011562011381072157,0.0,0.25247559993725677,0.2481698486642186,0.2523695000545558,0.24698505134396886,0.0,0.0009999012724254022,-0.06274838134523046
2025-07-04 14:00:00+00:00,10317.019165697428,-0.008260195895661182,0.0,0.25243271244019716,0.2479447504813092,0.2520754397592241,0.24754709731926977,0.0,-0.00787478317910642,-0.07062316452433688
2025-07-04 16:00:00+00:00,10249.42773028023,-0.006551450019781857,0.0,0.2531632828040333,0.24707699692584031,0.2516746450994121,0.24808507517071426,0.0,-0.006161421810008866,-0.07678458633434575
2025-07-04 18:00:00+00:00,10274.360945785706,0.002432644647253346,0.0,0.2532581117345361,0.24608706596695062,0.25294810706021303,0.24770671523830037,0.0,0.00220156405907073,-0.07458302227527502
2025-07-04 20:00:00+00:00,10216.345954848079,-0.005646579017785314,0.0,0.2537373447136891,0.24609767520996675,0.25176078641450006,0.248404193661844,0.0,-0.005291592590359048,-0.07987461486563407
2025-07-04 22:00:00+00:00,10252.397748914673,0.0035288344997250753,0.0,0.25388492833793413,0.24664783168249468,0.25142743765043485,0.24803980232913642,0.0,0.003220446639373306,-0.07665416822626077
2025-07-05 00:00:00+00:00,10276.961599404882,0.002395912750537743,0.0,0.25344957506938387,0.24715609451206935,0.2516669146341957,0.24772741578435112,0.0,0.0021746136111518545,-0.07447955461510891
2025-07-05 02:00:00+00:00,10274.890741592157,-0.00020150487015979657,0.0,0.25349335574155246,0.24781208477391306,0.2505002094245103,0.24819435006002416,0.0,-0.0002250835799697439,-0.07470463819507865
2025-07-05 04:00:00+00:00,10298.36930737159,0.0022850428651657317,0.0,0.25332199543787853,0.24764539420894902,0.250912400413709,0.24812020993946346,0.0,0.0020766598440876923,-0.07262797835099095
2025-07-05 06:00:00+00:00,10294.023296111505,-0.0004220096532150386,0.0,0.25336078099451326,0.24788177920265342,0.2506422101292686,0.2481152296735648,0.0,-0.00043595584628574674,-0.0730639341972767
2025-07-05 08:00:00+00:00,10277.301377552913,-0.0016244298344370023,0.0,0.2536036330209532,0.2484565644559426,0.2498908404383826,0.2480489620847218,0.0,-0.0015608660989635656,-0.07462480029624027
2025-07-05 10:00:00+00:00,10283.44886088317,0.0005981612394558855,0.0,0.2535097534751037,0.2483385660512661,0.24994419050835412,0.2482074899652762,0.0,0.0005205712529380433,-0.07410422904330223
2025-07-05 12:00:00+00:00,10288.38674206483,0.0004801775404787989,0.0,0.2534680996930835,0.24787288167390997,0.250547939186952,0.24811107944605446,0.0,0.0004102646586481715,-0.07369396438465406
2025-07-05 14:00:00+00:00,10280.663717199664,-0.0007506546029795169,0.0,0.25369088790415045,0.24769558636450217,0.2505623348778023,0.24805119085354507,0.0,-0.0007463678646379417,-0.074440332249292
2025-07-05 16:00:00+00:00,10270.008532320539,-0.0010364296676000917,0.0,0.2537943827681545,0.247286939190963,0.2507352940961373,0.24818338394474518,0.0,-0.001015978075078231,-0.07545631032437024
2025-07-05 18:00:00+00:00,10269.138992750319,-8.466785275618172e-05,0.0,0.25389122506096645,0.24690649244379767,0.2512785720074354,0.24792371048780043,0.0,-0.00011590617038060348,-0.07557221649475084
2025-07-05 20:00:00+00:00,10277.98686886683,0.0008615986328315284,0.0,0.25379399388481705,0.24690382229058014,0.25140998876800097,0.24789219505660187,0.0,0.0007786720754888102,-0.07479354441926203
2025-07-05 22:00:00+00:00,10310.682541230188,0.0031811358372519916,0.0,0.25286804223406556,0.2471934759470851,0.25220147172746327,0.24773701009138613,0.0,0.002966338811836814,-0.07182720560742521
2025-07-06 00:00:00+00:00,10321.763848342262,0.0010747404032431795,0.0,0.2528492565645923,0.24690552526184908,0.2526232253087528,0.24762199286480585,0.0,0.0009743392632017946,-0.07085286634422341
2025-07-06 02:00:00+00:00,10313.253691476804,-0.0008244866856572663,0.0,0.25310498024693856,0.24725066973957652,0.2519653252448173,0.24767902476866768,0.0,-0.000834101238407292,-0.07168696758263071
2025-07-06 04:00:00+00:00,10296.469783428201,-0.0016274115376870846,0.0,0.25312455456610355,0.24735075911154544,0.2517975325082625,0.2477271538140886,0.0,-0.0016038139329787066,-0.07329078151560942
2025-07-06 06:00:00+00:00,10284.738062983739,-0.0011393924996841998,0.0,0.2533027567003865,0.24722917907772637,0.25170829397498223,0.24775977024690485,0.0,-0.0011337444694939068,-0.07442452598510332
2025-07-06 08:00:00+00:00,10289.78896997838,0.0004911070134900886,0.0,0.2532650361471178,0.24781351321847167,0.25106373971590623,0.2478577109185042,0.0,0.0004321716460702383,-0.07399235433903309
2025-07-06 10:00:00+00:00,10264.742489064047,-0.0024341102609012344,0.0,0.25343580753227124,0.247377297695595,0.25100900206598387,0.2481778927061499,0.0,-0.0023890084865627577,-0.07638136282559585
2025-07-06 12:00:00+00:00,10318.472891400917,0.005234461789383804,0.0,0.25264442543940646,0.24695679116950703,0.25258834078801556,0.24781044260307106,0.0,0.004974994355423797,-0.07140636847017205
2025-07-06 14:00:00+00:00,10412.570585318419,0.009119343037274463,0.0,0.25197401675444664,0.2488275747660572,0.2517644751255167,0.24743393335397956,0.0,0.008598917945539106,-0.06280745052463295
2025-07-06 16:00:00+00:00,10421.128915962698,0.0008219229415209472,0.0,0.25207682707015294,0.24866112670021975,0.2515005548521948,0.2477614913774325,0.0,0.0007191493914135509,-0.0620883011332194
2025-07-06 18:00:00+00:00,10401.268699231334,-0.0019057644225993764,0.0,0.2525888243875954,0.24803371776685676,0.25115037966380843,0.2482270781817394,0.0,-0.0019111478547332095,-0.06399944898795261
2025-07-06 20:00:00+00:00,10381.456865058652,-0.0019047516938146547,0.0,0.25218612959062486,0.24788857219784324,0.2511419617061781,0.24878333650535395,0.0,-0.0019084576307832927,-0.0659079066187359
2025-07-06 22:00:00+00:00,10452.662960915826,0.006858969485953104,0.0,0.2520138133400156,0.2507197683406853,0.2502859229059006,0.2469804954133984,0.0,0.006457681093496548,-0.05945022552523935
2025-07-07 00:00:00+00:00,10421.794388365555,-0.0029531778328348857,0.0,0.25275009876882987,0.24977637756119808,0.2496269396233356,0.24784658404663645,0.0,-0.002947779649223989,-0.06239800517446334
2025-07-07 02:00:00+00:00,10402.486431823721,-0.0018526518392445457,0.0,0.25279090159934936,0.2495536226130592,0.25009026982169796,0.24756520596589354,0.0,-0.001866073797959129,-0.06426407897242246
2025-07-07 04:00:00+00:00,10433.436504505522,0.0029752572026546797,0.0,0.2528971796223608,0.25018296254929134,0.2502047710706137,0.24671508675773407,0.0,0.0027936719078787723,-0.061470407064543695
2025-07-07 06:00:00+00:00,10422.720898258964,-0.001027044755764872,0.0,0.2524409850045107,0.2496706101721782,0.2507477591933052,0.24714064563000596,0.0,-0.0010692063337507805,-0.06253961339829447
2025-07-07 08:00:00+00:00,10442.382004921683,0.0018863698696953701,0.0,0.251921980906096,0.25005786817950354,0.25078903269620956,0.24723111821819074,0.0,0.0017555235782676635,-0.06078408982002681
2025-07-07 10:00:00+00:00,10417.126465025274,-0.0024185611946110352,0.0,0.2520418109223558,0.250075936326792,0.2501676565096922,0.2477145962411599,0.0,-0.002443956888447531,-0.06322804670847434
2025-07-07 12:00:00+00:00,10384.787590265143,-0.003104394946985334,0.0,0.2523457872977812,0.24994870609100278,0.2492832760720053,0.24842223053921086,0.0,-0.003119269834957462,-0.0663473165434318
2025-07-07 14:00:00+00:00,10395.732134074236,0.0010539015568651333,0.0,0.25183609559046943,0.24998074359636727,0.24996626376971143,0.24821689704345176,0.0,0.0009684616714223361,-0.06537885487200946
2025-07-07 16:00:00+00:00,10310.761219974991,-0.008173634430300059,0.0,0.25334007583472584,0.24887708733493066,0.24881994043694813,0.24896289639339542,0.0,-0.008221587641208639,-0.07360044251321811
2025-07-07 18:00:00+00:00,10287.12317011456,-0.0022925610782874584,0.0,0.25310287182450725,0.24938398852760982,0.24794409099652734,0.2495690486513555,0.0,-0.0022839221120763854,-0.07588436462529449
2025-07-07 20:00:00+00:00,10317.936298498653,0.00299531053284241,0.0,0.2526123751985814,0.24970126492669514,0.24798300624710148,0.24970335362762192,0.0,0.0028793218365133016,-0.07300504278878119
2025-07-07 22:00:00+00:00,10312.211841306445,-0.0005548064095957095,0.0,0.2530105337110821,0.24941856255276423,0.2481784281123507,0.2493924756238029,0.0,-0.0005854629199303642,-0.07359050570871155
2025-07-08 00:00:00+00:00,10323.909933018445,0.0011343921063706741,0.0,0.25294814248924125,0.24939295982964924,0.2482434003376655,0.24941549734344406,0.0,0.0010702900742320803,-0.07252021563447947
2025-07-08 02:00:00+00:00,10274.110218402011,-0.0048237261792803965,0.0,0.2528643766312403,0.24908870079003273,0.24837408556813212,0.24967283701059478,0.0,-0.004825812859741165,-0.07734602849422063
2025-07-08 04:00:00+00:00,10304.320782434295,0.0029404555129430854,0.0,0.25258297682584774,0.24947688431200646,0.24854190488813824,0.24939823397400762,0.0,0.002850181063226983,-0.07449584743099365
2025-07-08 06:00:00+00:00,10332.614450644223,0.002745806230931791,0.0,0.25261365935861474,0.25014830854893155,0.2486395854893133,0.24859844660314043,0.0,0.002655654105721825,-0.07184019332527182
2025-07-08 08:00:00+00:00,10352.884930656131,0.0019617958367394994,0.0,0.25275667289601844,0.24978276447624587,0.24921717640457217,0.2482433862231633,0.0,0.0018847425360939015,-0.06995545078917792
2025-07-08 10:00:00+00:00,10338.135133467293,-0.0014247040595576355,0.0,0.25308317860830015,0.2500010117456432,0.2481034824879783,0.24881232715807838,0.0,-0.001463082181419505,-0.07141853297059743
2025-07-08 12:00:00+00:00,10383.879404923733,0.004424808813763059,0.0,0.2526335080858094,0.2511575171949073,0.24821515769683813,0.24799381702244513,0.0,0.004305736334284352,-0.06711279663631307
2025-07-08 14:00:00+00:00,10408.025805789559,0.002325373776430384,0.0,0.2526922132416189,0.2518339581784286,0.24786822846268416,0.24760560011726834,0.0,0.0022386411345933425,-0.06487415550171974
2025-07-08 16:00:00+00:00,10344.68147379517,-0.006086104432903472,0.0,0.2524528514659324,0.25108320374327775,0.24863745668638046,0.24782648810440952,0.0,-0.006206024931165121,-0.07108018043288486
2025-07-08 18:00:00+00:00,10451.046667134893,0.01028211391613798,0.0,0.2515514210479011,0.25356294555511966,0.24858626507772316,0.24629936831925597,0.0,0.009966777547549752,-0.06111340288533511
2025-07-08 20:00:00+00:00,10442.801817693422,-0.0007889017917600549,0.0,0.2512438523114167,0.2531783471416435,0.24903921271312132,0.2465385878338185,0.0,-0.0008511332700972399,-0.06196453615543235
2025-07-08 22:00:00+00:00,10449.469649649009,0.0006385098627734731,0.0,0.2513559644519863,0.2528878916208543,0.24979236725116044,0.24596377667599892,0.0,0.0005603021879886005,-0.061404233967443746
2025-07-09 00:00:00+00:00,10462.965332386575,0.0012915184396959933,0.0,0.2511080601429643,0.25313956154191014,0.24981175591108282,0.2459406224040427,0.0,0.0012038577299084074,-0.06020037623753534
2025-07-09 02:00:00+00:00,10440.375020702675,-0.0021590735481054057,0.0,0.25132281451420635,0.2526930095460433,0.249496477187533,0.24648769875221735,0.0,-0.002231682294600641,-0.06243205853213598
2025-07-09 04:00:00+00:00,10424.42783951536,-0.0015274529081276134,0.0,0.2507716389359626,0.2517913482028166,0.25022100107113393,0.24721601179008684,0.0,-0.0015943786922316282,-0.06402643722436761
2025-07-09 06:00:00+00:00,10494.855756456127,0.00675604628138915,0.0,0.25001201469751,0.25362002215410684,0.2498756461574692,0.2464923169909138,0.0,0.006555225775895034,-0.05747121144847258
2025-07-09 08:00:00+00:00,10485.168137884202,-0.0009230825841475276,0.0,0.25009644539771964,0.2535317445159252,0.2502201353484216,0.24615167473793356,0.0,-0.0010025275812718258,-0.058473739029744405
2025-07-09 10:00:00+00:00,10456.237433664868,-0.0027592026984101237,0.0,0.25090141128426824,0.252906299438087,0.25025732976773046,0.24593495950991434,0.0,-0.0028554127948994612,-0.061329151824643865
2025-07-09 12:00:00+00:00,10498.523217072729,0.0040440726098776025,0.0,0.2505683863127091,0.2533606803217071,0.2506961623232209,0.2453747710423628,0.0,0.00392430961951971,-0.05740484220512416
2025-07-09 14:00:00+00:00,10541.896766610085,0.004131395305848606,0.0,0.2498251098088756,0.2550350825023891,0.25051226478371447,0.24462754290502092,0.0,0.003997991848482667,-0.05340685035664149
2025-07-09 16:00:00+00:00,10537.831133094049,-0.00038566432645348314,0.0,0.24966359466263616,0.2553381840985945,0.2501284429870497,0.24486977825171968,0.0,-0.00047789671742799007,-0.05388474707406948
2025-07-09 18:00:00+00:00,10542.335110902099,0.000427410322974886,0.0,0.24977815972645717,0.25573824057312805,0.24962606681657384,0.24485753288384088,0.0,0.00033882035093120975,-0.05354592672313827
2025-07-09 20:00:00+00:00,10794.174141556761,0.023888353766541748,0.0,0.24972036304857617,0.25942324368558484,0.2493480096027804,0.2415083836630587,0.0,0.021872458295554092,-0.03167346842758418
2025-07-09 22:00:00+00:00,10755.390086332603,-0.0035930544306156387,0.0,0.24853149787549889,0.25925326549738115,0.2505240752516332,0.24169116137548657,0.0,-0.003653589989587344,-0.03532705841717152
2025-07-10 00:00:00+00:00,10790.433196237163,0.0032581905094348773,0.0,0.24865349011845705,0.25986326679728483,0.2500968915015057,0.2413863515827524,0.0,0.0029390345452455662,-0.03238802387192596
2025-07-10 02:00:00+00:00,10803.16412922831,0.0011798352076899388,0.0,0.2482615537757411,0.26008575712972853,0.2502984070325024,0.24135428206202791,0.0,0.0009853237682706613,-0.0314027001036553
2025-07-10 04:00:00+00:00,10809.162306802227,0.000555224145645461,0.0,0.24786676117020615,0.260105395032693,0.25040749520567934,0.24162034859142154,0.0,0.0003895276455796283,-0.03101317245807567
2025-07-10 06:00:00+00:00,10817.749677319118,0.0007944529162529079,0.0,0.24769590887835122,0.2604297381330067,0.24952042193785745,0.2423539310507846,0.0,0.0006192217484960424,-0.030393950709579627
2025-07-10 08:00:00+00:00,10835.212928520054,0.0016143145960891836,0.0,0.2476169288500125,0.2608773856291042,0.2500528381355517,0.24145284738533165,0.0,0.001402740571832105,-0.02899121013774752
2025-07-10 10:00:00+00:00,10813.835660683246,-0.001972943953924444,0.0,0.2476856985609044,0.2601905946565637,0.2503268197559757,0.2417968870265563,0.0,-0.002086898586884459,-0.03107810872463198
2025-07-10 12:00:00+00:00,10809.683363617904,-0.0003839800414611183,0.0,0.24773313352432838,0.26033270108151413,0.2505056341215638,0.2414285312725938,0.0,-0.0005187973975343402,-0.03159690612216632
2025-07-10 14:00:00+00:00,10803.561656603239,-0.000566316959409674,0.0,0.247386312646934,0.2610539170521723,0.2499583819555179,0.2416013883453759,0.0,-0.0006970635238490362,-0.03229396964601536
2025-07-10 16:00:00+00:00,10810.734931884208,0.0006639731885627054,0.0,0.24857566104877887,0.2594295977396964,0.2512526569876813,0.24074208422384358,0.0,0.0005049312773529873,-0.03178903836866237
2025-07-10 18:00:00+00:00,10999.177010436517,0.017431014610906237,0.0,0.24939247905717524,0.26060704668960466,0.25084728157306996,0.23915319268015028,0.0,0.015283980284826651,-0.01650505808383572
2025-07-10 20:00:00+00:00,10974.327304199554,-0.002259233232939528,0.0,0.24903178740351795,0.25988949588588056,0.25117103674251884,0.2399076799680827,0.0,-0.0023771349792457382,-0.01888219306308146
2025-07-10 22:00:00+00:00,11306.452828686884,0.03026386176401319,0.0,0.24851928397599402,0.2662250211438274,0.24937737304582225,0.23587832183435636,0.0,0.023051805481170366,0.004169612418088907
2025-07-11 00:00:00+00:00,11283.737641161719,-0.002009046326849062,0.0,0.24799239872404605,0.2648869151528632,0.2503808931613126,0.2367397929617779,0.0,-0.0020560006853553438,0.002113611732733563
2025-07-11 02:00:00+00:00,11302.529069695474,0.001665354967595789,0.0,0.24748951764311142,0.26478611587178313,0.25017542053046393,0.2375489459546415,0.0,0.0012483612698321132,0.0033619730025656763
2025-07-11 04:00:00+00:00,11355.804968191978,0.004713626319205577,0.0,0.24827011323990777,0.2648521879767138,0.2503917648830314,0.2364859339003469,0.0,0.003847933097411756,0.007209906099977433
2025-07-11 06:00:00+00:00,11444.087418479088,0.00777421332388073,0.0,0.24841771075660998,0.26591789583632924,0.24970937994582867,0.23595501346123215,0.0,0.006306821181618701,0.013516727281596135
2025-07-11 08:00:00+00:00,11336.014015712793,-0.009443601644617439,0.0,0.2500764051714968,0.2652306008378077,0.24935761933576733,0.23533537465492818,0.0,-0.009460649468695721,0.004056077812900414
2025-07-11 10:00:00+00:00,11447.356403945212,0.009822005166726822,0.0,0.2496320550572559,0.2667372756588904,0.2491177208948687,0.234512948388985,0.0,0.0078545176111584,0.011910595424058814
2025-07-11 12:00:00+00:00,11387.59184550894,-0.00522081748198866,0.0,0.24956866215894993,0.2653810942959208,0.24961436894318395,0.23543587460194526,0.0,-0.005109977536717801,0.006800617887341012
2025-07-11 14:00:00+00:00,11464.870458520843,0.006786212050827967,0.0,0.24823835177255976,0.2652574143917619,0.2518025387770772,0.2347016950586011,0.0,0.005466047460828656,0.01226666534816967
2025-07-11 16:00:00+00:00,11364.361474961206,-0.008766691601381105,0.0,0.24812752392246104,0.2629898663511324,0.25332193422079363,0.23556067550561288,0.0,-0.008648289829063044,0.003618375519106626
2025-07-11 18:00:00+00:00,11455.748066146965,0.008041506897427553,0.0,0.2477008424058663,0.2646243727337814,0.25117110244430985,0.2365036824160424,0.0,0.006437471148872198,0.010055846667978824
2025-07-11 20:00:00+00:00,11488.854141968643,0.002889909557238779,0.0,0.24797132516212222,0.2651215068369525,0.2516138916626918,0.2352932763382334,0.0,0.0022490575798252872,0.01230490424780411
2025-07-11 22:00:00+00:00,11337.081616575857,-0.013210414504120305,0.0,0.25025095869161745,0.2649930174908126,0.2480994200241088,0.23665660379346104,0.0,-0.013301989778002385,-0.0009970855301982742
2025-07-12 00:00:00+00:00,11325.169397770522,-0.0010507306208256129,0.0,0.25031753158466674,0.2645366766185412,0.24783441550100221,0.2373113762957899,0.0,-0.0011427446064589872,-0.0021398301366572616
2025-07-12 02:00:00+00:00,11366.997852950799,0.003693406580612457,0.0,0.24964498303134913,0.26359619578772076,0.2490185462804619,0.23774027490046837,0.0,0.002933625101031678,0.0007937949643744163
2025-07-12 04:00:00+00:00,11376.474038225406,0.0008336576989980138,0.0,0.24971186544623056,0.2640460699883902,0.24818281205560327,0.23805925250977578,0.0,0.0005056411095720838,0.0012994360739465001
2025-07-12 06:00:00+00:00,11301.427103721131,-0.006596677868038414,0.0,0.2511892092901256,0.2646076179510525,0.24561431110174523,0.2385888616570767,0.0,-0.00632351613806066,-0.0050240800641141595
2025-07-12 08:00:00+00:00,11320.328102043757,0.0016724435019717099,0.0,0.2508599638896663,0.2650640222644155,0.2452042208958519,0.2388717929500663,0.0,0.0012443460914359026,-0.003779733972678257
2025-07-12 10:00:00+00:00,11351.740620301753,0.0027748770154749636,0.0,0.2510726813349431,0.26533331704080637,0.24549644867620982,0.2380975529480407,0.0,0.0021839964768919896,-0.0015957374957862674
2025-07-12 12:00:00+00:00,11320.942078046992,-0.0027131118728770387,0.0,0.25101257130492044,0.26509884875774986,0.24584862354868642,0.23803995638864317,0.0,-0.0026586243998696934,-0.004254361895655961
2025-07-12 14:00:00+00:00,11244.214154891626,-0.006777521042542256,0.0,0.25206041272789687,0.26478310837365043,0.24516884509291098,0.2379876338055417,0.0,-0.006491926187376326,-0.010746288083032286
2025-07-12 16:00:00+00:00,11145.628848337623,-0.008767647538188816,0.0,0.253424269398833,0.2649671219980559,0.24354291012683943,0.23806569847627168,0.0,-0.008372356177217733,-0.01911864426025002
2025-07-12 18:00:00+00:00,11237.962613255055,0.00828430285754611,0.0,0.2521542688751428,0.2650628782035815,0.24488119283583484,0.23790166008544084,0.0,0.00673755494187498,-0.01238108931837504
2025-07-12 20:00:00+00:00,11245.740144581961,0.0006920766329774342,0.0,0.2521355137162706,0.26487145619185454,0.2459036119039342,0.23708941818794071,0.0,0.00041524159182865054,-0.011965847726546389
2025-07-12 22:00:00+00:00,11235.88968834565,-0.0008759277832911527,0.0,0.2522154087681089,0.26492520028494326,0.24572158679880782,0.2371378041481402,0.0,-0.0009628052687088195,-0.012928652995255209
2025-07-13 00:00:00+00:00,11247.632934659885,0.0010451550024042078,0.0,0.25181223414524806,0.26501686929641943,0.24565039434161265,0.2375205022167199,0.0,0.000726781256271753,-0.012201871738983456
2025-07-13 02:00:00+00:00,11285.726944152797,0.003386846789382947,0.0,0.2512473156751402,0.2646858764669442,0.24682687213891616,0.23723993571899943,0.0,0.002733428133601665,-0.00946844360538179
2025-07-13 04:00:00+00:00,11281.788465705973,-0.00034897871145678216,0.0,0.2517631066938693,0.2652755955710646,0.2458042671971029,0.23715703053796322,0.0,-0.0005049614452902748,-0.009973405050672065
2025-07-13 06:00:00+00:00,11310.768684486628,0.0025687610496107904,0.0,0.251131692905181,0.264197465882149,0.24764965250156898,0.2370211887111011,0.0,0.0020431084597040978,-0.007930296590967967
2025-07-13 08:00:00+00:00,11345.678025542864,0.003086380955179102,0.0,0.2508671062263144,0.2644816022151835,0.24772768494033812,0.23692360661816392,0.0,0.0024841719656564652,-0.005446124625311502
2025-07-13 10:00:00+00:00,11317.144953401343,-0.0025148847056370993,0.0,0.2509458046522414,0.26392601407019994,0.2480890935885983,0.23703908768896018,0.0,-0.0024864751527740752,-0.007932599778085577
2025-07-13 12:00:00+00:00,11367.168021467174,0.004420113754113997,0.0,0.25054778171853664,0.26412592382528693,0.2484907973462153,0.2368354971099611,0.0,0.003621386436014966,-0.004311213342070611
2025-07-13 14:00:00+00:00,11423.243135623181,0.00493307691503353,0.0,0.25045388356370796,0.2650528795390385,0.24849639506027188,0.23599684183698158,0.0,0.004040618497718964,-0.00027059484435164663
2025-07-13 16:00:00+00:00,11449.11079406004,0.0022644758699208456,0.0,0.25001912458704817,0.26469993889064103,0.2501200888449902,0.23516084767732068,0.0,0.0017725891669924648,0.0015019943226408181
2025-07-13 18:00:00+00:00,11446.631475103366,-0.0002165512240444034,0.0,0.2501309539757992,0.2647041869953978,0.25017426438816787,0.2349905946406351,0.0,-0.000418326316524469,0.001083668006116349
2025-07-13 20:00:00+00:00,11459.9895737496,0.0011669894916499501,0.0,0.25038977922886124,0.2641861971232228,0.25035045299702346,0.2350735706508925,0.0,0.0008175776194512825,0.0019012456255676315
2025-07-13 22:00:00+00:00,11379.43894717119,-0.00702885688159105,0.0,0.25150035628289796,0.2638784849805298,0.24793493850533382,0.2366862202312386,0.0,-0.006916698099648295,-0.005015452474080663
2025-07-14 00:00:00+00:00,11396.292670416744,0.00148106803189485,0.0,0.2520550304549016,0.2641138610282714,0.2473069321097863,0.23652417640704074,0.0,0.0011100756192317857,-0.003905376854848877
2025-07-14 02:00:00+00:00,11405.227048636412,0.0007839723389047037,0.0,0.2518870417782849,0.2641085341651997,0.24831442879311885,0.2356899952633966,0.0,0.00049264902475584,-0.003412727830093037
2025-07-14 04:00:00+00:00,11586.926005051071,0.015931200285607794,0.0,0.25137129931528324,0.26547779694316287,0.24879021769576262,0.23436068604579113,0.0,0.012471638607444688,0.009058910777351652
2025-07-14 06:00:00+00:00,11638.104691270155,0.0044169338957349424,0.0,0.25381362847690425,0.26456010312446904,0.24818239084027965,0.23344387755834706,0.0,0.0035465062369318093,0.01260541701428346
2025-07-14 08:00:00+00:00,11690.65356778909,0.0045152434965078925,0.0,0.2532381899728502,0.2637867380217508,0.24760182121734844,0.23537325078805046,0.0,0.0036204796610725377,0.016225896675355997
2025-07-14 10:00:00+00:00,11658.347196028331,-0.002763435899749145,0.0,0.2523627437867713,0.2644907863965285,0.247802562586428,0.23534390723027201,0.0,-0.0027950443741569892,0.013430852301199007
2025-07-14 12:00:00+00:00,11653.037914860375,-0.0004554059918343567,0.0,0.25142928083593763,0.26521965172402867,0.24788990647921713,0.23546116096081665,0.0,-0.0006633617263269604,0.012767490574872047
2025-07-14 14:00:00+00:00,11664.245331426768,0.0009617592123425389,0.0,0.2516910575412844,0.2653598732650911,0.24803473122154765,0.2349143379720767,0.0,0.0006037839691985131,0.01337127454407056
2025-07-14 16:00:00+00:00,11482.65750314026,-0.015567902005392376,0.0,0.2518220525717951,0.26569498686921494,0.24754779557971635,0.23493516497927355,0.0,-0.016196897093293187,-0.0028256225492226273
2025-07-14 18:00:00+00:00,11490.00422678008,0.0006398103956171131,0.0,0.25169924458876036,0.2652069096209106,0.24840043011009452,0.2346934156802344,0.0,0.000348364271446652,-0.0024772582777759754
2025-07-14 20:00:00+00:00,11448.410876417125,-0.003619959535437922,0.0,0.2527042940551647,0.26541674021707645,0.2470916112937929,0.23478735443396606,0.0,-0.0034989373112884153,-0.005976195589064391
2025-07-14 22:00:00+00:00,11478.796071616902,0.0026540971954778225,0.0,0.25223615221685647,0.2656529064775893,0.24737160733035005,0.2347393339752042,0.0,0.0020979501394881184,-0.0038782454495762727
2025-07-15 00:00:00+00:00,11475.167633122823,-0.0003160992208103286,0.0,0.25190853760078996,0.2659681355321457,0.2482025053808928,0.2339208214861714,0.0,-0.0004912089196428231,-0.0043694543692190954
2025-07-15 02:00:00+00:00,11330.593648836772,-0.012598855973898093,0.0,0.25212227672697923,0.2660618110515486,0.24608606167664043,0.23572985054483173,0.0,-0.012432179508647698,-0.016801633877866793
2025-07-15 04:00:00+00:00,11199.501790403468,-0.011569725514493312,0.0,0.25230959429934796,0.2669244476537378,0.24433930081814928,0.23642665722876496,0.0,-0.011054008245430163,-0.027855642123296956
2025-07-15 06:00:00+00:00,11258.466082336181,0.0052649031212474995,0.0,0.25138808113178035,0.2675684411905561,0.2452288458414715,0.23581463183619203,0.0,0.0043014679607888615,-0.023554174162508094
2025-07-15 08:00:00+00:00,11232.24163969562,-0.0023293086685854947,0.0,0.2507810304210253,0.26846454069407377,0.24521804573017694,0.23553638315472414,0.0,-0.0022140022146758184,-0.025768176377183913
2025-07-15 10:00:00+00:00,11231.44424335377,-7.09917367724966e-05,0.0,0.25080070350752426,0.2680661099390641,0.246481786130936,0.23465140042247554,0.0,-0.00021722949558965107,-0.025985405872773565
2025-07-15 12:00:00+00:00,11254.966125745632,0.002094288310764858,0.0,0.25099232004315003,0.2682482300279245,0.24525218014057515,0.2355072697883503,0.0,0.0016547270378785253,-0.02433067883489504
2025-07-15 14:00:00+00:00,11399.319315801284,0.012825732964708347,0.0,0.24987523239989176,0.2711218489631498,0.2447591896422039,0.2342437289947546,0.0,0.010283020527355538,-0.014047658307539502
2025-07-15 16:00:00+00:00,11329.90895696143,-0.006088991536857824,0.0,0.24779381889976804,0.271731628154908,0.2456277632899892,0.23484678965533487,0.0,-0.0056809980632962125,-0.019728656370835713
2025-07-15 18:00:00+00:00,11492.865459425102,0.01438286071694761,0.0,0.24634047093071304,0.2728451945255671,0.24761298320047523,0.23320135134324468,0.0,0.011265040164766602,-0.008463616206069112
2025-07-15 20:00:00+00:00,11389.110645448483,-0.009027758511828021,0.0,0.24655794801528216,0.2704018390616947,0.24890116657461134,0.23413904634841198,0.0,-0.008423292093309855,-0.016886908299378965
2025-07-15 22:00:00+00:00,11506.908347123841,0.010343011438073368,0.0,0.24641906757057092,0.27114890845473305,0.24912260012647358,0.23330942384822248,0.0,0.008115018079869382,-0.008771890219509583
2025-07-16 00:00:00+00:00,11575.653719630032,0.005974269580705682,0.0,0.2453810804487063,0.27453338926526605,0.2479261341082106,0.23215939617781703,0.0,0.004688938676460329,-0.0040829515430492545
2025-07-16 02:00:00+00:00,11581.17960563277,0.0004773713983312611,0.0,0.2451936213449541,0.27456592476280295,0.24801357275929506,0.23222688113294787,0.0,0.00019574118105664793,-0.0038872103619926063
2025-07-16 04:00:00+00:00,11512.300269121448,-0.005947523383353803,0.0,0.24615438938811157,0.2741176118738665,0.246988002500223,0.23273999623779879,0.0,-0.005507167812081888,-0.009394378174074495
2025-07-16 06:00:00+00:00,11564.64599696384,0.004546939066799371,0.0,0.24584770701028508,0.2752027911060491,0.24684868488128936,0.23210081700237659,0.0,0.003568731721333087,-0.005825646452741407
2025-07-16 08:00:00+00:00,11619.915828904268,0.004779206553744864,0.0,0.2453414020169677,0.2756264626539295,0.24703300629012392,0.2319991290389789,0.0,0.0037471366855537664,-0.0020785097671876408
2025-07-16 10:00:00+00:00,11691.019067650104,0.006119083803427294,0.0,0.24592101999186397,0.2739336798199417,0.2485876156208802,0.23155768456731415,0.0,0.0047961140223586754,0.0027176042551710347
2025-07-16 12:00:00+00:00,11647.993531281387,-0.0036802212125178757,0.0,0.24595071158534376,0.27392305321757066,0.24792055179326697,0.23220568340381856,0.0,-0.003472125168702497,-0.0007545209135314621
2025-07-16 14:00:00+00:00,11688.039570046225,0.003438020347220405,0.0,0.2449655448504897,0.27691142672525837,0.2472494885676121,0.23087353985663972,0.0,0.0026576518882412367,0.0019031309747097745
2025-07-16 16:00:00+00:00,11770.49481142079,0.0070546682256174,0.0,0.24406048214124976,0.27915922261747084,0.24506198593539125,0.23171830930588824,0.0,0.005519232474721261,0.007422363449431035
2025-07-16 18:00:00+00:00,11937.637067366533,0.014200104466599583,0.0,0.24059804048162384,0.28141061999099454,0.24769340371989096,0.23029793580749058,0.0,0.010588692433093433,0.018011055882524468
2025-07-16 20:00:00+00:00,11991.416719677254,0.004505050036890168,0.0,0.23983442262487092,0.28581807586157126,0.24474459308147103,0.22960290843208675,0.0,0.003424367048738723,0.02143542293126319
2025-07-16 22:00:00+00:00,12020.88657487608,0.0024575791074350484,0.0,0.23938186045877688,0.2842571943782705,0.24545772657724307,0.23090321858570959,0.0,0.0017787783023521713,0.023214201233615363
2025-07-17 00:00:00+00:00,11938.943236889521,-0.0068167466248140185,0.0,0.239676877871563,0.28598256252805354,0.2431510349764434,0.23118952462394007,0.0,-0.0064915352076752135,0.01672266602594015
2025-07-17 02:00:00+00:00,11885.475661550194,-0.0044784177525964974,0.0,0.23977946003514294,0.2844452500242728,0.24178913587613934,0.23398615406444484,0.0,-0.004240254469126903,0.012482411556813247
2025-07-17 04:00:00+00:00,11848.824504048021,-0.003083692949768957,0.0,0.24047858626268243,0.2846344873581264,0.2416070144911488,0.2332799118880424,0.0,-0.002955367028416448,0.009527044528396799
2025-07-17 06:00:00+00:00,11966.952195282516,0.00996957049993763,0.0,0.23902840919108317,0.2855442495587298,0.24342812085434234,0.23199922039584478,0.0,0.007591369220665598,0.017118413749062398
2025-07-17 08:00:00+00:00,12078.73218238752,0.00934072312489631,0.0,0.2362666433299019,0.28909122447741914,0.24216166998890493,0.2324804622037741,0.0,0.007057784537599642,0.02417619828666204
2025-07-17 10:00:00+00:00,12182.630273447741,0.00860173812047238,0.0,0.23515767836220616,0.2881312387297363,0.24630602444417274,0.2304050584638848,0.0,0.0064637536889540215,0.030639951975616062
2025-07-17 12:00:00+00:00,12086.456278664911,-0.007894353897650697,0.0,0.23548351194963416,0.28768311147598435,0.2455553278141747,0.2312780487602068,0.0,-0.0075427417351592585,0.023097210240456804
2025-07-17 14:00:00+00:00,12072.494607999031,-0.0011551500575504026,0.0,0.23632925581185704,0.285246639864275,0.24611068215191362,0.2323134221719545,0.0,-0.0012695775095945085,0.021827632730862294
2025-07-17 16:00:00+00:00,12158.251493186915,0.007103493351826584,0.0,0.23585268714925323,0.2849172878933139,0.24812269658885192,0.23110732836858097,0.0,0.00537180691998727,0.027199439650849564
2025-07-17 18:00:00+00:00,12166.83274443789,0.0007057964918544268,0.0,0.23643874788091404,0.2850118326517841,0.2483638388153841,0.23018558065191772,0.0,0.00030606350256783097,0.027505503153417394
2025-07-17 20:00:00+00:00,12119.884004506806,-0.003858747869493473,0.0,0.23675389675292616,0.28513654789226117,0.24812180777219303,0.22998774758261964,0.0,-0.003702277123771733,0.02380322602964566
2025-07-17 22:00:00+00:00,12256.531451819694,0.011274649762495592,0.0,0.2366974176832318,0.2865583737905175,0.24695929993491397,0.22978490859133663,0.0,0.008331285465891486,0.032134511495537144
2025-07-18 00:00:00+00:00,12228.879142240978,-0.0022561284721878128,0.0,0.235073526011454,0.28794175546850015,0.24744466736657145,0.22954005115347428,0.0,-0.0022629170811708666,0.02987159441436628
2025-07-18 02:00:00+00:00,12522.330393966575,0.02399657796207655,0.0,0.2317978876645856,0.2923556742137602,0.2479963329832313,0.22785010513842283,0.0,0.015368309115979443,0.045239903530345724
2025-07-18 04:00:00+00:00,12621.043471370986,0.007882963817339661,0.0,0.22976743302526792,0.2885853799618257,0.25436318427809673,0.2272840027348095,0.0,0.00562928542513702,0.050869188955482744
2025-07-18 06:00:00+00:00,12782.023883549671,0.012754920981283835,0.0,0.22756598085084284,0.29077521683319735,0.2537693557544434,0.22788944656151636,0.0,0.00871072175493529,0.05957991071041804
2025-07-18 08:00:00+00:00,12618.316834126188,-0.012807600026015664,0.0,0.2281280600343393,0.2892657425678311,0.25408770467980724,0.22851849271802235,0.0,-0.012462441342572543,0.04711746936784549
2025-07-18 10:00:00+00:00,12729.008417312678,0.008772293851991853,0.0,0.22526404468404862,0.28808852175707145,0.26053537030426577,0.22611206325461405,0.0,0.006123513601632616,0.05324098296947811
2025-07-18 12:00:00+00:00,12631.920069463134,-0.007627330006121591,0.0,0.22756128377306348,0.2894456992320268,0.2557474516841886,0.22724556531072115,0.0,-0.0070670722296813735,0.046173910739796736
2025-07-18 14:00:00+00:00,12666.924595020648,0.0027711167712447526,0.0,0.22617459186143782,0.2909468522288168,0.25026765507187837,0.23261090083786692,0.0,0.0018375919374002936,0.04801150267719703
2025-07-18 16:00:00+00:00,12419.498529494167,-0.019533239001339298,0.0,0.22890703795335976,0.29060042053504853,0.24909047167863782,0.2314020698329539,0.0,-0.019450466374231368,0.028561036302965664
2025-07-18 18:00:00+00:00,12480.516379079729,0.004913068707295576,0.0,0.22728495512001465,0.2921431260671086,0.24928061688463013,0.23129130192824673,0.0,0.0034109861167114825,0.03197202241967715
2025-07-18 20:00:00+00:00,12324.9344434,-0.012465985457181916,0.0,0.22971319761787637,0.2918366327160848,0.2471594073753814,0.2312907622906575,0.0,-0.011283725434808803,0.02068829698486835
2025-07-18 22:00:00+00:00,12316.869151060648,-0.0006543882546710122,0.0,0.23045516401441668,0.2922176708422868,0.24555605288981522,0.23177111225348135,0.0,-0.0007884763872477206,0.01989982059762063
2025-07-19 00:00:00+00:00,12309.316334211651,-0.0006132091488806335,0.0,0.23108260139634842,0.2918226921371014,0.2461180483771478,0.23097665808940238,0.0,-0.0007549505905079767,0.019144870007112652
2025-07-19 02:00:00+00:00,12278.75795741998,-0.0024825405377500998,0.0,0.2318775232214033,0.2923905957255111,0.24542075078882608,0.23031113026425934,0.0,-0.0022599660499518556,0.016884903957160795
2025-07-19 04:00:00+00:00,12408.135984348377,0.010536735667976416,0.0,0.2300153332248048,0.29325717440647636,0.24603016892169127,0.23069732344702756,0.0,0.007323341482379323,0.024208245439540116
2025-07-19 06:00:00+00:00,12406.476812070043,-0.00013371648089821608,0.0,0.2298194942890132,0.2927527329938973,0.24675925005621147,0.23066852266087798,0.0,-0.0003880669385219044,0.02382017850101821
2025-07-19 08:00:00+00:00,12379.539719656635,-0.002171212087157648,0.0,0.23023595851865736,0.2921748918435016,0.2471518321816407,0.23043731745620036,0.0,-0.00202290183142771,0.021797276669590502
2025-07-19 10:00:00+00:00,12347.214606485033,-0.0026111724590435204,0.0,0.23099740594990087,0.29184398861152555,0.24601389609136037,0.23114470934721335,0.0,-0.002380723721449733,0.01941655294814077
2025-07-19 12:00:00+00:00,12338.861668526106,-0.0006765038290126313,0.0,0.23131554894432851,0.29160243880685566,0.24451493655816062,0.23256707569065524,0.0,-0.0008075864947348255,0.018608966453405946
2025-07-19 14:00:00+00:00,12325.87098908726,-0.0010528264103959462,0.0,0.23128752129416436,0.292402755853975,0.24378195079041307,0.2325277720614476,0.0,-0.0011086735577306801,0.017500292895675267
2025-07-19 16:00:00+00:00,12305.35708468027,-0.0016642965373523388,0.0,0.23141816926146339,0.2923346773709436,0.2449144553635843,0.23133269800400863,0.0,-0.001603084612975656,0.01589720828269961
2025-07-19 18:00:00+00:00,12301.862796568592,-0.00028396478766379296,0.0,0.23099384915174864,0.29167679044384826,0.24648506077798088,0.23084429962642225,0.0,-0.000487483809108285,0.015409724473591326
2025-07-19 20:00:00+00:00,12685.316990167066,0.031170417028665964,0.0,0.22439106981909696,0.2856230620496305,0.26446144187216963,0.22552442625910288,0.0,0.01834910869468295,0.03375883316827427
2025-07-19 22:00:00+00:00,12652.911467820633,-0.0025545693790349766,0.0,0.2243899056356068,0.2858607232724476,0.2649033712520202,0.22484599983992531,0.0,-0.0022878565695350394,0.03147097659873923
2025-07-20 00:00:00+00:00,12706.42057781209,0.004228995842383343,0.0,0.22369971427976879,0.28629561803975895,0.2652410609255195,0.22476360675495277,0.0,0.0027942821748234326,0.034265258773562665
2025-07-20 02:00:00+00:00,12685.622009798271,-0.0016368549967673562,0.0,0.22425898106202888,0.28778768889527995,0.2611446989068893,0.22680863113580188,0.0,-0.0015719825243523248,0.03269327624921034
2025-07-20 04:00:00+00:00,12794.917993732206,0.008615737080098551,0.0,0.22237490656331718,0.2895402738208058,0.26191674241690777,0.2261680771989691,0.0,0.0057687562125828115,0.03846203246179315
2025-07-20 06:00:00+00:00,12903.316087874664,0.008471964743780092,0.0,0.22029913161450804,0.2862602412204967,0.2689491546683985,0.2244914724965967,0.0,0.005641040654377291,0.04410307311617044
2025-07-20 08:00:00+00:00,12964.526693728527,0.004743788762284318,0.0,0.219598692121696,0.28657180309943264,0.2700914868979178,0.22373801788095346,0.0,0.0031244248107970634,0.0472274979269675
2025-07-20 10:00:00+00:00,13028.299609451728,0.004919031541201546,0.0,0.2183083154889755,0.2881719316562009,0.2696152355230649,0.22390451733175878,0.0,0.0032419759893597667,0.05046947391632727
2025-07-20 12:00:00+00:00,13024.403966419051,-0.00029901392733167054,0.0,0.2183094223571996,0.2921125770136837,0.2656483821227045,0.22392961850641233,0.0,-0.0005798355221353618,0.04988963839419191
2025-07-20 14:00:00+00:00,13069.888136548067,0.0034922266113894818,0.0,0.21854423385660088,0.29048695474641145,0.2676635106174789,0.22330530077950866,0.0,0.002243490167222159,0.05213312856141407
2025-07-20 16:00:00+00:00,13112.103188681906,0.003229947471072192,0.0,0.21830745552371136,0.2924265044921991,0.26616575554787114,0.22310028443621843,0.0,0.0020546247345670406,0.054187753295981106
2025-07-20 18:00:00+00:00,13068.512053748862,-0.00332449602521967,0.0,0.21783144311120234,0.2897433641102453,0.2696060574778715,0.22281913530068082,0.0,-0.003020842868552971,0.05116691042742814
2025-07-20 20:00:00+00:00,13078.610993805049,0.0007727689284480199,0.0,0.21791461937331266,0.2903776174168509,0.26741667355264287,0.22429108965719352,0.0,0.00024193523224158497,0.05140884565966972
2025-07-20 22:00:00+00:00,13104.905045312698,0.0020104620834815456,0.0,0.21718817412611494,0.29136841856610607,0.2657892376135162,0.22565416969426264,0.0,0.0011757061459868536,0.052584551805656576
2025-07-21 00:00:00+00:00,13053.50323410508,-0.003922333739152406,0.0,0.21668937608141775,0.2914606149001325,0.2660144724730178,0.22583553654543198,0.0,-0.00353253902505418,0.049052012780602394
2025-07-21 02:00:00+00:00,13016.822303633535,-0.002810044921558452,0.0,0.2173755112827647,0.2897128835677666,0.2683428480780764,0.2245687570713922,0.0,-0.002595730955142231,0.04645628182546016
2025-07-21 04:00:00+00:00,13129.159893923941,0.008630185437735305,0.0,0.21753310477604593,0.2898343006260358,0.26620560802165166,0.22642698657626673,0.0,0.005803410043706798,0.05225969186916696
2025-07-21 06:00:00+00:00,13201.770108704693,0.0055304539945739695,0.0,0.21638455324954703,0.2901917822681247,0.2686669055506916,0.22475675893163652,0.0,0.003708208603955775,0.05596790047312273
2025-07-21 08:00:00+00:00,13271.89388223256,0.005311694791718002,0.0,0.21693868498917715,0.2890308981935323,0.27086033629546263,0.2231700805218279,0.0,0.003549874982204482,0.05951777545532721
2025-07-21 10:00:00+00:00,13212.177653076866,-0.004499450469208299,0.0,0.21668846499007205,0.2891437744800012,0.268567981372397,0.22559977915752974,0.0,-0.004071834671416065,0.05544594078391114
2025-07-21 12:00:00+00:00,13209.58364740025,-0.00019633445331490584,0.0,0.21559910028368687,0.2920035258507107,0.2656445638195943,0.22675281004600803,0.0,-0.0005168520644789492,0.054929088719432195
2025-07-21 14:00:00+00:00,13267.249356559114,0.004365444869279589,0.0,0.21605071558872105,0.2915877605127281,0.26475933128752077,0.22760219261103004,0.0,0.0029042847158582334,0.05783337343529043
2025-07-21 16:00:00+00:00,13251.465744272487,-0.0011896672673016306,0.0,0.21535998916211707,0.2912090248711874,0.2658163696406123,0.22761461632608332,0.0,-0.001317306757085554,0.05651606667820488
2025-07-21 18:00:00+00:00,13119.814896352485,-0.009934814039488704,0.0,0.21666550189177705,0.2910071915471034,0.26530557741954314,0.22702172914157648,0.0,-0.00904041883836339,0.047475647839841484
2025-07-21 20:00:00+00:00,12980.278867484945,-0.010635518105238884,0.0,0.2169873801686483,0.2915271962661952,0.2642798764292063,0.22720554713595026,0.0,-0.00956548119082129,0.037910166649020194
2025-07-21 22:00:00+00:00,13023.37252352307,0.003319932990505592,0.0,0.21709835848681805,0.2916675733570859,0.26335965014832485,0.2278744180077713,0.0,0.002181481197854963,0.040091647846875154
2025-07-22 00:00:00+00:00,13063.753265328873,0.0031006363161973916,0.0,0.2167321567476336,0.29166838777151743,0.2631383483848746,0.22846110709597428,0.0,0.0020206208912866303,0.04211226873816178
2025-07-22 02:00:00+00:00,13162.113140645675,0.007529220226307309,0.0,0.21578995177633656,0.29195944189994016,0.264407725868734,0.22784288045498924,0.0,0.005120618776469898,0.04723288751463168
2025-07-22 04:00:00+00:00,13014.163225996537,-0.011240589794981881,0.0,0.21724225463482827,0.29035260757844245,0.26489624011721574,0.22750889766951357,0.0,-0.010130750920326618,0.03710213659430506
2025-07-22 06:00:00+00:00,12930.206910068806,-0.006451149756599328,0.0,0.21887533105870083,0.2889913386307332,0.2657409369332998,0.22639239337726608,0.0,-0.0056169680605055415,0.03148516853379951
2025-07-22 08:00:00+00:00,12956.164716432133,0.0020075321720578465,0.0,0.21965515451068104,0.28741414509251406,0.2650016334391842,0.22792906695762072,0.0,0.0012251286578128084,0.03271029719161232
2025-07-22 10:00:00+00:00,12916.019017997449,-0.003098578886062464,0.0,0.22111366012774264,0.2870262648543259,0.2625048036282436,0.2293552713896879,0.0,-0.002774764694204659,0.029935532497407664
2025-07-22 12:00:00+00:00,13051.978147273565,0.01052639587218529,0.0,0.22020733524155667,0.287507142028188,0.2638093033103158,0.2284762194199393,0.0,0.0071178770021088494,0.037053409499516514
2025-07-22 14:00:00+00:00,12875.418450565616,-0.01352742815807051,0.0,0.22134019176067823,0.2869379116828504,0.26185213433704413,0.2298697622194273,0.0,-0.01212966881906832,0.024923740680448194
2025-07-22 16:00:00+00:00,13057.518814551155,0.014143257920874674,0.0,0.2196650959078036,0.28837869555599355,0.264107927620489,0.22784828091571385,0.0,0.009269451338588275,0.03419319201903647
2025-07-22 18:00:00+00:00,13153.196261206705,0.00732738340372352,0.0,0.2185941914166664,0.2848380927389648,0.2692514944994408,0.227316221344928,0.0,0.004908327182774804,0.03910151920181128
2025-07-22 20:00:00+00:00,13084.01951789349,-0.005259310508217818,0.0,0.21990242288280734,0.2840807877035181,0.2661679809220167,0.22984880849165792,0.0,-0.004529579583806839,0.034571939618004435
2025-07-22 22:00:00+00:00,13189.173126696003,0.00803679699947768,0.0,0.21836480527080332,0.28455332401467326,0.2677041064372597,0.2293777642772636,0.0,0.005375284095510012,0.039947223713514446
2025-07-23 00:00:00+00:00,13315.541982267454,0.009581256865577759,0.0,0.21729679866745885,0.28492782946558826,0.2676462692518274,0.23012910261512542,0.0,0.0063310991174782795,0.04627832283099272
2025-07-23 02:00:00+00:00,13370.031907594177,0.004092204838472835,0.0,0.2155700867168492,0.2831833415248229,0.2696518435855566,0.23159472817277124,0.0,0.0026574582228469108,0.04893578105383963
2025-07-23 04:00:00+00:00,13315.151754038985,-0.004104713731013621,0.0,0.21487520401970336,0.28359904766233845,0.26834751762096626,0.23317823069699203,0.0,-0.0036153741677850872,0.04532040688605454
2025-07-23 06:00:00+00:00,13267.369269153549,-0.0035885798200491204,0.0,0.21570522001106263,0.28346702734571316,0.2670915764367429,0.2337361762064812,0.0,-0.0031785267650685737,0.04214188012098597
2025-07-23 08:00:00+00:00,13172.094980412548,-0.0071810987399372195,0.0,0.21672578162350717,0.28242731104144814,0.2659257790035772,0.23492112833146747,0.0,-0.0062030010603314825,0.03593887906065449
2025-07-23 10:00:00+00:00,13122.235970570548,-0.003785199690417018,0.0,0.21697878818532665,0.28237747622113557,0.2656878658820738,0.2349558697114641,0.0,-0.003301533352796584,0.0326373457078579
2025-07-23 12:00:00+00:00,13209.452093720873,0.0066464376456822905,0.0,0.21645636528245976,0.281525854119862,0.26361799118773827,0.23839978940993997,0.0,0.004473503975797545,0.037110849683655446
2025-07-23 14:00:00+00:00,12850.06647004229,-0.027206701771485098,0.0,0.22033827433726233,0.282734268561131,0.26019006374828535,0.2367373933533215,0.0,-0.026348168191504696,0.01076268149215075
2025-07-23 16:00:00+00:00,13020.470154211915,0.013260918499284902,0.0,0.21965165429225092,0.2834512184824545,0.26222890097729984,0.2346682262479947,0.0,0.008530331207391155,0.019293012699541905
2025-07-23 18:00:00+00:00,12848.021853981601,-0.01324439887253448,0.0,0.22178243032931538,0.28274615589035956,0.26176142522297385,0.2337099885573512,0.0,-0.010889363954307184,0.00840364874523472
2025-07-23 20:00:00+00:00,12830.724470940182,-0.0013463070998792626,0.0,0.22257330723549212,0.2831857415465163,0.2602341079650835,0.23400684325290794,0.0,-0.0012234304407595967,0.007180218304475124
2025-07-23 22:00:00+00:00,12802.614945875419,-0.002190797965339164,0.0,0.22266277524586459,0.2841025674115406,0.2593864153861517,0.23384824195644316,0.0,-0.0018468956619590526,0.005333322642516071
2025-07-24 00:00:00+00:00,12902.102184711977,0.007770853005979905,0.0,0.22201942256172646,0.2848020517937505,0.2586790067646912,0.23449951887983184,0.0,0.005096715745629716,0.010430038388145787
2025-07-24 02:00:00+00:00,13025.903225499667,0.009595416236463095,0.0,0.22053594168343857,0.283617552341594,0.2614107240377764,0.23443578193719097,0.0,0.00623342034379147,0.016663458731937256
2025-07-24 04:00:00+00:00,12947.237549975174,-0.006039172421494432,0.0,0.22074786382980283,0.2848182568512305,0.259939554911268,0.23449432440769863,0.0,-0.00483429598202805,0.011829162749909207
2025-07-24 06:00:00+00:00,12601.36944684118,-0.02671366009922771,0.0,0.22511385650071744,0.2858155861064882,0.2567456410071603,0.23232491638563407,0.0,-0.023244155038342294,-0.011414992288433087
2025-07-24 08:00:00+00:00,12755.838712374536,0.012258133227899037,0.0,0.22392264874327306,0.2851785240919586,0.2591001178612681,0.2317987093035003,0.0,0.007778620972268124,-0.0036363713161649634
2025-07-24 10:00:00+00:00,12914.574100165437,0.012444135691125568,0.0,0.22134007720380947,0.28514024846612096,0.2625341733828177,0.2309855009472517,0.0,0.0077950804712993635,0.0041587091551344
2025-07-24 12:00:00+00:00,12949.476989540666,0.0027025970120673204,0.0,0.2209165974965534,0.2858584342293447,0.26155056743206134,0.23167440084204047,0.0,0.0016039240775839157,0.005762633232718316
2025-07-24 14:00:00+00:00,12833.333089053061,-0.008969003194601144,0.0,0.22221575714254724,0.2864576222445354,0.2591368652131596,0.2321897553997577,0.0,-0.006825871953143461,-0.001063238720425145
2025-07-24 16:00:00+00:00,13062.027012019214,0.017820306024880717,0.0,0.2199228052172606,0.289260743006492,0.25874966332730914,0.23206678844893822,0.0,0.010791531661080524,0.00972829294065538
2025-07-24 18:00:00+00:00,13070.27003167045,0.0006310674173044539,0.0,0.21984002492788918,0.28860720694996855,0.2586548387213347,0.23289792940080759,0.0,0.000181704981680729,0.009909997922336109
2025-07-24 20:00:00+00:00,13054.40040192553,-0.0012141776494645207,0.0,0.21977555095349208,0.2895848923911986,0.2582163894480167,0.23242316720729253,0.0,-0.001090928104484446,0.008819069817851664
2025-07-24 22:00:00+00:00,13023.047144849548,-0.002401738579380308,0.0,0.2195343248380879,0.2897384906769238,0.25842639811083046,0.2323007863741578,0.0,-0.0019273867328586313,0.006891683084993033
2025-07-25 00:00:00+00:00,12954.637698143557,-0.005252952396248234,0.0,0.22034630629524674,0.2897964464466197,0.2581127719437331,0.23174447531440037,0.0,-0.003989822453755978,0.002901860631237055
2025-07-25 02:00:00+00:00,12876.888311880633,-0.006001664274568275,0.0,0.21983779305104736,0.28968459794850704,0.25782089761257737,0.23265671138786823,0.0,-0.004527910816520067,-0.0016260501852830124
2025-07-25 04:00:00+00:00,12629.658798088372,-0.01919947644215869,0.0,0.22043676050622574,0.2883572479681866,0.25779770628704973,0.23340828523853802,0.0,-0.014971997730627795,-0.016598047915910807
2025-07-25 06:00:00+00:00,12708.656234014219,0.006254914498387221,0.0,0.21921902248127986,0.2895452028214033,0.25818723164805474,0.23304854304926212,0.0,0.003926258806704989,-0.012671789109205817
2025-07-25 08:00:00+00:00,12735.791002029195,0.0021351406093077507,0.0,0.21841106309590783,0.2887899356959993,0.2599289110029418,0.23287009020515095,0.0,0.0012405517728099479,-0.01143123733639587
2025-07-25 10:00:00+00:00,12988.448401642176,0.01983837514079223,0.0,0.21548734948437198,0.2905344702539028,0.2626690261366325,0.23130915412509281,0.0,0.011901497117483615,0.0004702597810877455
2025-07-25 12:00:00+00:00,13031.069779012805,0.003281483365267901,0.0,0.21572685221820131,0.28921737561759675,0.264392574268524,0.23066319789567785,0.0,0.0019369565899174076,0.002407216371005153
2025-07-25 14:00:00+00:00,13005.580437729068,-0.0019560436492166433,0.0,0.21554258048597372,0.28858967573931493,0.26399473898153475,0.23187300479317646,0.0,-0.0015642253362237544,0.0008429910347813986
2025-07-25 16:00:00+00:00,12746.827717325035,-0.019895514978585105,0.0,0.21899224036853746,0.28874169536667926,0.2583019439704939,0.23396412029428942,0.0,-0.015254039830022437,-0.014411048795241039
2025-07-25 18:00:00+00:00,12818.534536648103,0.005625463912531492,0.0,0.21836077203226195,0.2873050305928608,0.25857635452997324,0.23575784284490395,0.0,0.0034365641405560542,-0.010974484654684985
2025-07-25 20:00:00+00:00,12828.729297263228,0.0007953140498220268,0.0,0.2194020459932677,0.2874461713733633,0.2580458445424307,0.2351059380909382,0.0,0.00032878766384032644,-0.010645696990844658
2025-07-25 22:00:00+00:00,13008.940144502003,0.014047443286313577,0.0,0.21733732048582466,0.2895879198077934,0.2598513574320709,0.23322340227431101,0.0,0.008473160924461707,-0.0021725360663829504
2025-07-26 00:00:00+00:00,13057.888871238918,0.0037626990510524205,0.0,0.21726165414840581,0.28890257335588376,0.2595387286929401,0.2342970438027703,0.0,0.0022218689076240437,4.93328412410933e-05
2025-07-26 02:00:00+00:00,12947.99494119539,-0.008415903300079353,0.0,0.2182476225063786,0.28956733546818275,0.2579691666199358,0.23421587540550295,0.0,-0.0060940718264031754,-0.006044738985162082
2025-07-26 04:00:00+00:00,13045.180021584287,0.007505801541495272,0.0,0.21724273934673752,0.29031204832841734,0.2584902208902486,0.23395499143459644,0.0,0.004565154160691831,-0.0014795848244702516
2025-07-26 06:00:00+00:00,13048.339221013557,0.00024217369358203733,0.0,0.21710765751322583,0.29090304027330643,0.25892979231814583,0.23305950989532195,0.0,-6.067461423616692e-05,-0.0015402594387064184
2025-07-26 08:00:00+00:00,13038.440077831,-0.0007586515812384453,0.0,0.21701253051779543,0.2906718388968287,0.25853247152819725,0.23378315905717867,0.0,-0.0007283818408545907,-0.002268641279561009
2025-07-26 10:00:00+00:00,13092.45609708813,0.00414282835482549,0.0,0.21660750164158932,0.2907806527895267,0.2593766962377896,0.2332351493310944,0.0,0.002479572250118325,0.00021093097055731617
2025-07-26 12:00:00+00:00,13057.041735134711,-0.0027049441060409407,0.0,0.21757463407467145,0.2900382301288471,0.25919060665898946,0.2331965291374919,0.0,-0.0020637030687782588,-0.0018527720982209426
2025-07-26 14:00:00+00:00,13090.18842350174,0.0025386062968486556,0.0,0.21766704974380674,0.2896333850539285,0.2600131888392127,0.232686376363052,0.0,0.0014555469187521213,-0.0003972251794688213
2025-07-26 16:00:00+00:00,13066.619398487843,-0.001800510752892004,0.0,0.2180686401013149,0.28954273697377947,0.25947928324677866,0.23290933967812688,0.0,-0.0014462850755151756,-0.0018435102549839968
2025-07-26 18:00:00+00:00,13056.687197738958,-0.0007601201539576552,0.0,0.21806805460183826,0.2888329813121833,0.2605434741809764,0.2325554899050019,0.0,-0.0007341967685504334,-0.0025777070235344303
2025-07-26 20:00:00+00:00,13128.92868103678,0.005532910623020193,0.0,0.2172211136727271,0.2893086906338013,0.2606070628229755,0.23286313287049615,0.0,0.0033949527077411818,0.0008172456842067514
2025-07-26 22:00:00+00:00,13142.552268227753,0.001037676989642744,0.0,0.21662235882769998,0.2896460686140656,0.2598383611204338,0.23389321143780048,0.0,0.0004699045108964332,0.0012871501951031846
2025-07-27 00:00:00+00:00,13116.095822512414,-0.002013037131250228,0.0,0.21685964264098542,0.2888667107345553,0.2586821365265863,0.235591510097873,0.0,-0.0016092243736969688,-0.0003220741785937842
2025-07-27 02:00:00+00:00,13168.441062470269,0.003990916250246501,0.0,0.2163310074773533,0.28889666943577025,0.25932752602344344,0.23544479706343288,0.0,0.002421253908213011,0.0020991797296192266
2025-07-27 04:00:00+00:00,13179.5864253945,0.0008463691997677714,0.0,0.21629599996208093,0.29000478576887184,0.2589500390731364,0.23474917519591076,0.0,0.0003426435912579528,0.0024418233208771795
2025-07-27 06:00:00+00:00,13219.770386280603,0.0030489546173222415,0.0,0.2158062102780118,0.29041794788498765,0.2589063780009212,0.2348694638360794,0.0,0.0018102180352531235,0.004252041356130303
2025-07-27 08:00:00+00:00,13169.515403110954,-0.0038015019702462016,0.0,0.21630227859665968,0.28976284606463615,0.2583791457006234,0.23555572963808083,0.0,-0.0028990682717800844,0.0013529730843502186
2025-07-27 10:00:00+00:00,13102.509021461272,-0.005087991440737016,0.0,0.21712857167669242,0.290896872507716,0.25610901787455453,0.23586553794103696,0.0,-0.003821566786828309,-0.0024685937024780903
2025-07-27 12:00:00+00:00,13186.117874367203,0.006381133015743945,0.0,0.21598742283801767,0.2930277731758556,0.255637039673871,0.23534776431225563,0.0,0.003989422543516262,0.0015208288410381715
2025-07-27 14:00:00+00:00,13180.134658324838,-0.00045375114187284904,0.0,0.21632206785837024,0.2927620007677984,0.25618243133569385,0.23473350003813753,0.0,-0.0005412390033948849,0.0009795898376432867
2025-07-27 16:00:00+00:00,13283.393541175548,0.007834433071250091,0.0,0.21533734300022955,0.2911312107930262,0.2545497308480702,0.23898171535867405,0.0,0.004903441932030439,0.005883031769673725
2025-07-27 18:00:00+00:00,13376.767445486472,0.007029371223662428,0.0,0.21493585389619538,0.29059126081260384,0.2548880575286849,0.23958482776251588,0.0,0.00438098587928025,0.010264017648953974
2025-07-27 20:00:00+00:00,13371.745441374263,-0.00037542733195250477,0.0,0.21458965257767765,0.28994983468418883,0.25358057275536955,0.24187993998276403,0.0,-0.0005109958627015839,0.00975302178625239
2025-07-27 22:00:00+00:00,13424.817283871917,0.00396895399559738,0.0,0.21429066125191903,0.2894666912118254,0.25297743485609103,0.24326521268016452,0.0,0.002420155312348743,0.012173177098601133
2025-07-28 00:00:00+00:00,13508.237206452835,0.006213859065414384,0.0,0.2132348211486785,0.2903023872465049,0.25309083659581366,0.243371955009003,0.0,0.003865108272714901,0.016038285371316033
2025-07-28 02:00:00+00:00,13460.652897769043,-0.0035226142357835943,0.0,0.21331163368355696,0.2896402917668862,0.25243670246905014,0.24461137208050676,0.0,-0.0027736073977651177,0.013264677973550916
2025-07-28 04:00:00+00:00,13518.476253798533,0.00429573189864163,0.0,0.21284569138407242,0.29065936116140295,0.2539786843207934,0.2425162631337312,0.0,0.0026367777992606536,0.01590145577281157
2025-07-28 06:00:00+00:00,13628.409488483328,0.00813207292159901,0.0,0.21155026268451446,0.2920288566387936,0.2537001247604625,0.24272075591622938,0.0,0.005069190382730324,0.020970646155541894
2025-07-28 08:00:00+00:00,13564.899061485903,-0.00466014959787453,0.0,0.21142737101850126,0.29065015035064146,0.25218734488934524,0.24573513374151193,0.0,-0.0036429146255716758,0.01732773152997022
2025-07-28 10:00:00+00:00,13555.435739687358,-0.0006976330421368804,0.0,0.211629903903442,0.29094495433983414,0.25205580245717657,0.24536933929954727,0.0,-0.0007588535634533007,0.016568877966516918
2025-07-28 12:00:00+00:00,13488.195782126333,-0.0049603685821888455,0.0,0.21250000635803284,0.29131112921171387,0.25055220983861076,0.24563665459164258,0.0,-0.0038605834312575374,0.01270829453525938
2025-07-28 14:00:00+00:00,13352.174071497191,-0.010084500019594045,0.0,0.21395533509926623,0.29153077589643145,0.24862116487289995,0.2458927241314024,0.0,-0.007806900573910615,0.004901393961348766
2025-07-28 16:00:00+00:00,13250.79749707284,-0.0075925144385856624,0.0,0.21511915072303636,0.29105098065196233,0.24802837292441363,0.24580149570058768,0.0,-0.005781579383989009,-0.0008801854226402435
2025-07-28 18:00:00+00:00,13189.944330066859,-0.004592415439102604,0.0,0.2151843969989638,0.29057941894989436,0.24833720940373125,0.24589897464741065,0.0,-0.003502718776534838,-0.004382904199175081
2025-07-28 20:00:00+00:00,13194.710667669784,0.0003613614647379748,0.0,0.21583948954588641,0.2914638133532336,0.24716404350184434,0.24553265359903562,0.0,3.6735553192764566e-05,-0.004346168645982316
2025-07-28 22:00:00+00:00,13166.324422337244,-0.002151335186310166,0.0,0.21637474380956576,0.2914614608206753,0.24790050911872133,0.24426328625103766,0.0,-0.0017324444639012769,-0.006078613109883594
2025-07-29 00:00:00+00:00,13152.371712039494,-0.00105972706202484,0.0,0.21652254526790246,0.2925275799336343,0.24689539032789884,0.2440544844705643,0.0,-0.000954161793043042,-0.007032774902926636
2025-07-29 02:00:00+00:00,13094.813931911818,-0.004376228210991706,0.0,0.2169434446627895,0.2907112804854184,0.24652497776235144,0.24582029708944064,0.0,-0.003346143990323938,-0.010378918893250573
2025-07-29 04:00:00+00:00,13189.097685800338,0.007200083512355349,0.0,0.21720445297024554,0.2911685978895373,0.24677243430389423,0.24485451483632284,0.0,0.004645953154645778,-0.005732965738604795
2025-07-29 06:00:00+00:00,13232.618209687978,0.0032997347448944225,0.0,0.21655414791474192,0.29138577933991294,0.246951154256616,0.2451089184887291,0.0,0.0020591012216667013,-0.0036738645169380937
2025-07-29 08:00:00+00:00,13303.320668211218,0.005343043787923607,0.0,0.2155526069929947,0.2951737040675253,0.24763120815553766,0.24164248078394235,0.0,0.0034209998389043003,-0.0002528646780337934
2025-07-29 10:00:00+00:00,13312.900438887349,0.0007201037180906145,0.0,0.21522071585802194,0.2945999559425852,0.24651340627545648,0.2436659219239363,0.0,0.0002804114680335077,2.7546789999714338e-05
2025-07-29 12:00:00+00:00,13205.841657403644,-0.008041732301323545,0.0,0.21661403095967147,0.29340532579438644,0.24625656891108785,0.2437240743348542,0.0,-0.006187853592662321,-0.006160306802662607
2025-07-29 14:00:00+00:00,13178.63857987206,-0.0020599275863899535,0.0,0.21711403897289192,0.2950145984683281,0.24694568340182782,0.24092567915695218,0.0,-0.0016781821549225204,-0.007838488957585127
2025-07-29 16:00:00+00:00,12995.803400278508,-0.013873601471459995,0.0,0.2179018528275224,0.2931341793165762,0.24760105257028203,0.24136291528561932,0.0,-0.010770659484031669,-0.018609148441616798
2025-07-29 18:00:00+00:00,13088.004729322054,0.007094700204649973,0.0,0.2170554645023929,0.2917013248635886,0.24854199083542486,0.24270121979859363,0.0,0.004611314561537169,-0.013997833880079628
2025-07-29 20:00:00+00:00,12998.789885069362,-0.006816535147853187,0.0,0.21808422671929537,0.2934041859996495,0.2477045518749443,0.2408070354061108,0.0,-0.005132353048178157,-0.019130186928257784
2025-07-29 22:00:00+00:00,13040.408640996728,0.0032017408001316916,0.0,0.21753897625357824,0.2936521304598939,0.24785040220331284,0.24095849108321502,0.0,0.0020281637561980984,-0.017102023172059687
2025-07-30 00:00:00+00:00,13055.362205909752,0.0011467098405193443,0.0,0.21792530693415596,0.2942970855302459,0.2475665152440993,0.2402110922914987,0.0,0.0006176559303639319,-0.016484367241695753
2025-07-30 02:00:00+00:00,13078.016137745017,0.0017352204770701984,0.0,0.21738421564685,0.29362777545392604,0.2481624829554278,0.24082552594379605,0.0,0.0010258102601486193,-0.015458556981547134
2025-07-30 04:00:00+00:00,13094.689670065134,0.0012749282570461151,0.0,0.21765968333268892,0.2952438661490007,0.24775551857116968,0.23934093194714065,0.0,0.0007067302807139729,-0.014751826700833161
2025-07-30 06:00:00+00:00,13063.925878946617,-0.002349333347612226,0.0,0.21785909582392035,0.2953794131992245,0.2480197771155965,0.23874171386125856,0.0,-0.0018685546371440514,-0.016620381337977212
2025-07-30 08:00:00+00:00,13082.173605068476,0.001396802637350092,0.0,0.21779627374143454,0.29506029922117194,0.2488121372063368,0.23833128983105675,0.0,0.0007988051118688133,-0.0158215762261084
2025-07-30 10:00:00+00:00,13029.053973837188,-0.00406045912819164,0.0,0.21876028461779698,0.29432545498105056,0.24795210566559012,0.2389621547355622,0.0,-0.003127956389865929,-0.01894953261597433
2025-07-30 12:00:00+00:00,12913.27053251139,-0.008886557808287288,0.0,0.21963070431247364,0.2947426110885405,0.24777664604708424,0.2378500385519016,0.0,-0.006770046860068312,-0.025719579476042642
2025-07-30 14:00:00+00:00,12928.33103512475,0.0011662810420831615,0.0,0.21955357176243864,0.29506432799855664,0.24907756820532256,0.2363045320336822,0.0,0.000662032179674048,-0.025057547296368596
2025-07-30 16:00:00+00:00,13030.225955858223,0.007881521633120059,0.0,0.21843688877984624,0.2951337275732603,0.25003264738956804,0.23639673625732535,0.0,0.005237046674728206,-0.01982050062164039
2025-07-30 18:00:00+00:00,13061.942479485644,0.002434073187592034,0.0,0.2175410334354812,0.29502961573300124,0.2512040438227479,0.2362253070087697,0.0,0.0015343124819367732,-0.018286188139703615
2025-07-30 20:00:00+00:00,12931.330407268219,-0.009999437099233677,0.0,0.2180867781987622,0.2945259844272678,0.25083930763559753,0.2365479297383725,0.0,-0.007661684250056751,-0.025947872389760367
2025-07-30 22:00:00+00:00,12967.229912404517,0.002776164865149644,0.0,0.21824583966486494,0.2938995988515344,0.2515229463250877,0.23633161515851292,0.0,0.0017861175869247703,-0.024161754802835597
2025-07-31 00:00:00+00:00,13082.90113491524,0.008920272355167569,0.0,0.21726292795092006,0.29493242062871644,0.25155286170709956,0.23625178971326388,0.0,0.005920987466368642,-0.018240767336466956
2025-07-31 02:00:00+00:00,13122.997172115223,0.0030647665060294926,0.0,0.21699434319982552,0.29619137148948554,0.2506253986258084,0.23618888668488058,0.0,0.0019671403308046706,-0.016273627005662285
2025-07-31 04:00:00+00:00,13177.112821630539,0.0041237263717701644,0.0,0.2168552272744119,0.2969209852630063,0.25007077874406125,0.23615300871852068,0.0,0.002693405982098959,-0.013580221023563327
2025-07-31 06:00:00+00:00,13180.502751809228,0.0002572589477358722,0.0,0.21660887184976899,0.29652420961190296,0.250074251515549,0.23679266702277899,0.0,-7.375599474944612e-06,-0.01358759662303827
2025-07-31 08:00:00+00:00,13202.02962793617,0.0016332363440374476,0.0,0.21681104968315695,0.296398948225279,0.2496664871348722,0.23712351495669193,0.0,0.0009688034821334377,-0.012618793140904833
2025-07-31 10:00:00+00:00,13248.675318060186,0.0035332211363403587,0.0,0.21593773887325568,0.295299590022956,0.2496192303678584,0.23914344073593005,0.0,0.002295343295441994,-0.010323449845462839
2025-07-31 12:00:00+00:00,13136.909536807125,-0.00843599669928552,0.0,0.2173446275029965,0.295913158560584,0.24936243868663815,0.23737977524978138,0.0,-0.0065615002506807935,-0.01688495009614363
2025-07-31 14:00:00+00:00,13083.582634138422,-0.0040593187095709915,0.0,0.2185729637432464,0.2947289614469972,0.24949101867458193,0.23720705613517457,0.0,-0.003158696568890468,-0.0200436466650341
2025-07-31 16:00:00+00:00,13059.783933696302,-0.0018189742907285256,0.0,0.21850799130775636,0.29377868925238315,0.24917028452756204,0.23854303491229836,0.0,-0.0014938543165087176,-0.021537500981542817
2025-07-31 18:00:00+00:00,13033.30827631604,-0.002027266110578685,0.0,0.21788181448454436,0.29340415870747233,0.24855671733542922,0.24015730947255415,0.0,-0.0016453411927548711,-0.02318284217429769
2025-07-31 20:00:00+00:00,12927.343806851373,-0.008130281830072583,0.0,0.21790969431095908,0.2928180892889647,0.24937305642703042,0.23989915997304592,0.0,-0.006260598273490529,-0.029443440447788218
2025-07-31 22:00:00+00:00,12894.028165653106,-0.002577145134842751,0.0,0.21800725932240778,0.2930672796266151,0.2491858441034307,0.23973961694754647,0.0,-0.00202739067577089,-0.031470831123559105
2025-08-01 00:00:00+00:00,12748.011994426875,-0.011324325443555772,0.0,0.2190419054213114,0.2938135643889085,0.2478580506739547,0.23928647951582543,0.0,-0.008701141291294262,-0.04017197241485337
2025-08-01 02:00:00+00:00,12742.27543331691,-0.00044999652592681016,0.0,0.21831630895248427,0.2932321139326918,0.2477826480170584,0.24066892909776558,0.0,-0.00044723438973892063,-0.04061920680459229
2025-08-01 04:00:00+00:00,12766.125989983106,0.0018717659017033483,0.0,0.21851185200802895,0.29391945985557705,0.2483928964205797,0.2391757917158143,0.0,0.0012148184204745038,-0.039404388384117785
2025-08-01 06:00:00+00:00,12673.63134503319,-0.007245318197743766,0.0,0.2199542775828087,0.2936760350757797,0.24740920285506174,0.23896048448634974,0.0,-0.005486643341929087,-0.04489103172604687
2025-08-01 08:00:00+00:00,12615.449755422313,-0.0045907591933924685,0.0,0.22003898949793602,0.2930748663092385,0.24803085024751562,0.23885529394530985,0.0,-0.0034677790627909186,-0.04835881078883779
2025-08-01 10:00:00+00:00,12524.472149103236,-0.007211602287898855,0.0,0.22136175190134358,0.29258303493428467,0.24716918464605783,0.23888602851831392,0.0,-0.005414516481055106,-0.053773327269892895
2025-08-01 12:00:00+00:00,12617.857350424976,0.007456218530409453,0.0,0.2204249862435555,0.2923760376059067,0.24902209942238207,0.23817687672815577,0.0,0.005179446007794792,-0.048593881262098106
2025-08-01 14:00:00+00:00,12488.281159656191,-0.010269270540169795,0.0,0.22087020475488442,0.29192012268025924,0.24960260085894015,0.23760707170591616,0.0,-0.007727029810597007,-0.056320911072695115
2025-08-01 16:00:00+00:00,12588.205791030929,0.008001471947760574,0.0,0.2210441833039618,0.29092309352958423,0.25164339649962375,0.2363893266668303,0.0,0.00555152301258642,-0.050769388060108694
2025-08-01 18:00:00+00:00,12461.746518747,-0.010045853585745279,0.0,0.22147204470521106,0.2903116946342978,0.2511378632163111,0.2370783974441802,0.0,-0.00750940185033256,-0.058278789910441255
2025-08-01 20:00:00+00:00,12428.368153054966,-0.0026784661076055816,0.0,0.2199487851165807,0.2867049362809995,0.2547598898886764,0.23858638871374327,0.0,-0.0020058909521364103,-0.06028468086257766
2025-08-01 22:00:00+00:00,12489.215563755622,0.0048958487511250315,0.0,0.21996539466352916,0.286813138332121,0.25664267299971383,0.2365787940046359,0.0,0.0033994296587261633,-0.056885251203851496
2025-08-02 00:00:00+00:00,12389.386597994662,-0.00799321344493964,0.0,0.220580957168146,0.285137552205749,0.25625859672792306,0.23802289389818188,0.0,-0.00592751089335474,-0.06281276209720624
2025-08-02 02:00:00+00:00,12485.333556238218,0.00774428640874647,0.0,0.21961285437151795,0.2852710921349949,0.2565793425393609,0.23853671095412632,0.0,0.0054023003072163935,-0.05741046178998985
2025-08-02 04:00:00+00:00,12503.746788584125,0.0014747889804438419,0.0,0.21974402285212538,0.28581646457975807,0.25634441580968886,0.23809509675842774,0.0,0.0009729473925542315,-0.05643751439743561
2025-08-02 06:00:00+00:00,12510.941588016516,0.0005754114789784381,0.0,0.2197549255733128,0.2848887478126791,0.2568159454464426,0.23854038116756562,0.0,0.0003298434662162675,-0.05610767093121934
2025-08-02 08:00:00+00:00,12496.580458292947,-0.001147885602577281,0.0,0.22001020987845907,0.2852007453280271,0.25823123349610094,0.23655781129741296,0.0,-0.0009132071094301794,-0.05702087804064952
2025-08-02 10:00:00+00:00,12422.31906789569,-0.005942536892000305,0.0,0.22075888082449413,0.28470855320561006,0.2579528148555968,0.2365797511142991,0.0,-0.0044329143083389365,-0.061453792348988456
2025-08-02 12:00:00+00:00,12431.299995970516,0.0007229671066841803,0.0,0.2207864441408736,0.28584300941102675,0.2564008398082703,0.23696970663982947,0.0,0.00045093698586182683,-0.06100285536312663
2025-08-02 14:00:00+00:00,12473.46521547789,0.003391859219956217,0.0,0.2194033995440955,0.2849335821503565,0.25997526868384707,0.23568774962170086,0.0,0.002367313930796461,-0.058635541432330164
2025-08-02 16:00:00+00:00,12339.758520474477,-0.010719290324993302,0.0,0.22057434363419848,0.2839140803306585,0.26090961069222457,0.23460196534291858,0.0,-0.008043642508646828,-0.066679183940977
2025-08-02 18:00:00+00:00,12191.993370759672,-0.011974719721591698,0.0,0.22301686803615348,0.2844394361784899,0.25576611551684436,0.23677758026851228,0.0,-0.008883204557592067,-0.07556238849856906
2025-08-02 20:00:00+00:00,12126.349432408007,-0.005384184222827715,0.0,0.2232402626118361,0.28255252492296384,0.2573717084687406,0.2368355039964595,0.0,-0.003926413013544797,-0.07948880151211385
2025-08-02 22:00:00+00:00,12205.537363493866,0.0065302366163246806,0.0,0.22303674052207842,0.2831447059896589,0.2577760305752602,0.2360425229130025,0.0,0.004649425295013693,-0.07483937621710016
2025-08-03 00:00:00+00:00,12180.459241187942,-0.0020546512258388105,0.0,0.2228761704901441,0.2821903099724012,0.2594315347327788,0.23550198480467593,0.0,-0.0015191796737530955,-0.07635855589085325
2025-08-03 02:00:00+00:00,12267.498855180627,0.007145840092659395,0.0,0.22239916050620473,0.2818095187774835,0.2610140464752492,0.23477727424106273,0.0,0.005085386678808214,-0.07127316921204503
2025-08-03 04:00:00+00:00,12331.912978215889,0.005250795112816231,0.0,0.22220806691023592,0.28284641816247996,0.25991633833403766,0.23502917659324657,0.0,0.003715140196145837,-0.06755802901589919
2025-08-03 06:00:00+00:00,12331.135312367618,-6.306125007893293e-05,0.0,0.22225009197849138,0.2829143548568695,0.25957043760378506,0.23526511556085405,0.0,-0.00010098524641253229,-0.06765901426231172
2025-08-03 08:00:00+00:00,12377.776030676845,0.0037823539461487865,0.0,0.22157141414286763,0.2827892337340176,0.2602285533809229,0.23541079874219176,0.0,0.0026670910863848666,-0.06499192317592685
2025-08-03 10:00:00+00:00,12430.693899272825,0.004275232357155989,0.0,0.22054076053865904,0.2824017361572791,0.262714659751886,0.23434284355217586,0.0,0.0030160756425746927,-0.061975847533352155
2025-08-03 12:00:00+00:00,12442.79282818851,0.0009733108234926124,0.0,0.22072806058618827,0.28368905846341036,0.26128633705258175,0.2342965438978196,0.0,0.0006365767273997038,-0.06133927080595245
2025-08-03 14:00:00+00:00,12462.630507008147,0.0015943107864575534,0.0,0.22052537497317876,0.2837819507604602,0.2610377144250868,0.2346549598412743,0.0,0.001086793111862058,-0.060252477694090395
2025-08-03 16:00:00+00:00,12459.391552985957,-0.0002598932882081906,0.0,0.22062153853359065,0.2825828164039724,0.2627549637949333,0.23404068126750358,0.0,-0.00026370666586514156,-0.06051618435995554
2025-08-03 18:00:00+00:00,12463.35377655389,0.00031801100006223493,0.0,0.22085788380803922,0.28357615103416134,0.2606402203579455,0.234925744799854,0.0,0.0001595956547583062,-0.06035658870519723
2025-08-03 20:00:00+00:00,12475.805006937437,0.0009990272768289898,0.0,0.22101596755825528,0.2838556901069249,0.26009362053193025,0.2350347218028895,0.0,0.0006582830793476957,-0.05969830562584953
2025-08-03 22:00:00+00:00,12495.683414169776,0.0015933566788906006,0.0,0.220900394301735,0.2838652886084047,0.26044257064978027,0.23479174644008005,0.0,0.0010933103820763076,-0.058604995243773224
2025-08-04 00:00:00+00:00,12510.020657099873,0.0011473756540469893,0.0,0.22021021682263747,0.28307932792052015,0.26281052289249257,0.2338999323643498,0.0,0.0007663365466634905,-0.05783865869710973
2025-08-04 02:00:00+00:00,12589.666046164532,0.006366527382147602,0.0,0.21970447883101696,0.28459469768178586,0.262330759800008,0.23337006368718924,0.0,0.004558249147367896,-0.053280409549741836
2025-08-04 04:00:00+00:00,12623.635733057748,0.0026982198549712066,0.0,0.21891960518936315,0.2853483524607841,0.26306402280632124,0.2326680195435315,0.0,0.0018913279974777943,-0.05138908155226404
2025-08-04 06:00:00+00:00,12586.518328974227,-0.0029403101347673655,0.0,0.21922148536448904,0.2843126385687921,0.26298793420210836,0.23347794186461057,0.0,-0.0022955832636388294,-0.05368466481590287
2025-08-04 08:00:00+00:00,12632.134035107585,0.003624171906884799,0.0,0.21892961177070855,0.2847723578048327,0.2628398911524296,0.23345813927202905,0.0,0.0025771100718249115,-0.05110755474407796
2025-08-04 10:00:00+00:00,12662.594596121806,0.0024113551146278667,0.0,0.2177799466357732,0.28370342059998443,0.2656416226413475,0.23287501012289497,0.0,0.0016866487810037803,-0.04942090596307418
2025-08-04 12:00:00+00:00,12705.632649069521,0.0033988336767012406,0.0,0.2173596203048179,0.2834207464986611,0.26764848398979924,0.23157114920672173,0.0,0.0024103966540273687,-0.04701050930904681
2025-08-04 14:00:00+00:00,12936.677563805582,0.01818444788367013,0.0,0.21426224816465947,0.2834850480255086,0.2727909695835919,0.22946173422624,0.0,0.012708982238532797,-0.03430152707051401
2025-08-04 16:00:00+00:00,12936.22917516285,-3.466026269260958e-05,0.0,0.21410581281502042,0.28566344514034675,0.27125787884071795,0.22897286320391488,0.0,-0.00016418522043316875,-0.03446571229094718
2025-08-04 18:00:00+00:00,13040.501578117208,0.008060494410114138,0.0,0.2130733939046639,0.28591181856232945,0.27214931297926076,0.22886547455374598,0.0,0.005629355198039533,-0.028836357092907647
2025-08-04 20:00:00+00:00,13017.617458776094,-0.0017548496278328996,0.0,0.21267752369727105,0.2854987468597556,0.2741148772184444,0.2277088522245288,0.0,-0.0014605415633204932,-0.03029689865622814
2025-08-04 22:00:00+00:00,13086.758587349983,0.005311350467383402,0.0,0.212168526498057,0.2871083074294892,0.2726666490843902,0.22805651698806356,0.0,0.0036968159278589654,-0.026600082728369175
2025-08-05 00:00:00+00:00,13147.897861901962,0.0046718424691563065,0.0,0.21107907060194714,0.2866182106170654,0.2745927091113376,0.22771000966964994,0.0,0.0032352123142380244,-0.02336487041413115
2025-08-05 02:00:00+00:00,13082.717727564357,-0.004957456699330898,0.0,0.21149107167591966,0.2849025195289571,0.2763250172367344,0.22728139155838878,0.0,-0.00394313584925396,-0.027308006263385108
2025-08-05 04:00:00+00:00,13044.855077003129,-0.0028940967274295737,0.0,0.21127050622369553,0.28352148447241876,0.2780403041311614,0.22716770517272433,0.0,-0.002338579230765345,-0.029646585494150453
2025-08-05 06:00:00+00:00,13141.73960756069,0.007427030042546079,0.0,0.20998671941949132,0.2823914970936036,0.28118035069772657,0.22644143278917853,0.0,0.005203102311054067,-0.024443483183096387
2025-08-05 08:00:00+00:00,12958.837021400414,-0.013917684539651809,0.0,0.21213838686703737,0.28239852782646613,0.2777944328347232,0.22766865247177343,0.0,-0.011237286320545922,-0.03568076950364231
2025-08-05 10:00:00+00:00,13232.059005362273,0.021083835186032296,0.0,0.20907977932517666,0.2801700450803703,0.28646374091670834,0.22428643467774476,0.0,0.014128796138528153,-0.021551973365114156
2025-08-05 12:00:00+00:00,13271.898480918744,0.0030108296479276486,0.0,0.20869263237551636,0.28033934732354104,0.28638926379919527,0.22457875650174727,0.0,0.0019794110739220477,-0.019572562291192107
2025-08-05 14:00:00+00:00,13080.825673988498,-0.01439679539479255,0.0,0.21091801086264836,0.28234775682024293,0.28126022981708904,0.2254740025000197,0.0,-0.011390355679572941,-0.030962917970765048
2025-08-05 16:00:00+00:00,12892.397953510355,-0.01440487972046256,0.0,0.21129386777908074,0.28047129484909217,0.2819519645801455,0.2262828727916816,0.0,-0.011126923351175546,-0.042089841321940595
2025-08-05 18:00:00+00:00,12924.813598682413,0.0025143224161205957,0.0,0.21208153583198808,0.2825181958272287,0.27854874539228647,0.22685152294849684,0.0,0.001655752379272047,-0.04043408894266855
2025-08-05 20:00:00+00:00,12848.7496032633,-0.005885113532845487,0.0,0.21329293189763424,0.2815202422463828,0.2783201749748983,0.2268666508810846,0.0,-0.004409600148512366,-0.044843689091180916
2025-08-05 22:00:00+00:00,12867.59886732633,0.0014670115493760072,0.0,0.2129617602509431,0.28141952684280913,0.27888460075131954,0.2267341121549282,0.0,0.0009300097563167211,-0.043913679334864196
2025-08-06 00:00:00+00:00,12934.369919615827,0.005189084069060046,0.0,0.21283814903037995,0.282816840106892,0.2769383352836293,0.22740667557909874,0.0,0.0035357780423869774,-0.04037790129247722
2025-08-06 02:00:00+00:00,12830.880438461478,-0.008001122729403343,0.0,0.21397397078585084,0.283542222561417,0.2747153001496573,0.22776850650307495,0.0,-0.006019229400356861,-0.04639713069283408
2025-08-06 04:00:00+00:00,12804.422898205305,-0.0020620206370923766,0.0,0.2138306335495039,0.28344552241289395,0.2749805583295685,0.2277432857080335,0.0,-0.0015932322197313373,-0.047990362912565414
2025-08-06 06:00:00+00:00,12930.878529178497,0.009875933650310476,0.0,0.21292967808774282,0.284969469264746,0.2731205999586995,0.22898025268881173,0.0,0.006769342725630592,-0.04122102018693482
2025-08-06 08:00:00+00:00,12939.646128919096,0.0006780358906639528,0.0,0.21293432636451773,0.28487734520690733,0.2724751999446414,0.2297131284839336,0.0,0.0003630138731310525,-0.04085800631380376
2025-08-06 10:00:00+00:00,12892.973797477289,-0.0036069248708044954,0.0,0.21345304551323332,0.2849070782063947,0.271128423190366,0.23051145309000592,0.0,-0.0027436644767374705,-0.04360167079054123
2025-08-06 12:00:00+00:00,12857.88063290844,-0.0027218828735784406,0.0,0.214286124040206,0.28509945592886726,0.26973738758191185,0.230877032449015,0.0,-0.0020893361293730693,-0.045691006919914304
2025-08-06 14:00:00+00:00,12817.191532281757,-0.0031645262379045302,0.0,0.2150480853200034,0.28467154421697405,0.2685488413000651,0.23173152916295736,0.0,-0.002411622661138478,-0.04810262958105278
2025-08-06 16:00:00+00:00,13014.022568610888,0.015356799173468438,0.0,0.2139155389893958,0.28518617723074047,0.2706662369754468,0.230232046804417,0.0,0.010465931186276808,-0.03763669839477597
2025-08-06 18:00:00+00:00,13059.011760493746,0.003456978166871183,0.0,0.2133376742258088,0.2855693765981009,0.27032674506342463,0.23076620411266577,0.0,0.0023117544276215307,-0.035324943967154444
2025-08-06 20:00:00+00:00,13098.029623160159,0.002987811281742525,0.0,0.21226018179664566,0.2848230737911909,0.27297774375906686,0.22993900065309655,0.0,0.001981917433023137,-0.033343026534131306
2025-08-06 22:00:00+00:00,13038.170374615194,-0.004570095676003083,0.0,0.2128439024544609,0.28506267823762477,0.2721294436329573,0.22996397567495688,0.0,-0.0034861671477438025,-0.03682919368187511
2025-08-07 00:00:00+00:00,13052.279817351082,0.0010821643168092976,0.0,0.21250940555255654,0.28579425572461803,0.27204063855396454,0.2296557001688608,0.0,0.0006432527169980343,-0.036185940964877074
2025-08-07 02:00:00+00:00,13024.900896238814,-0.002097635163772038,0.0,0.21253239122666598,0.28516959242055645,0.2719950889557877,0.23030292739698977,0.0,-0.0016588189461037308,-0.0378447599109808
2025-08-07 04:00:00+00:00,13009.500828805125,-0.0011823558241534915,0.0,0.21238082015037657,0.28466875305410005,0.2734617349242254,0.22948869187129808,0.0,-0.0009878076538922885,-0.03883256756487309
2025-08-07 06:00:00+00:00,13111.483301089998,0.007839076504693177,0.0,0.21077067948336162,0.2848660445580454,0.27644567250287266,0.22791760345572043,0.0,0.0053887268013176936,-0.033443840763555395
2025-08-07 08:00:00+00:00,13069.788062745662,-0.003180055024046835,0.0,0.21184771837004834,0.2868914227097516,0.2723598479597416,0.22890101096045848,0.0,-0.002474116975506145,-0.03591795773906154
2025-08-07 10:00:00+00:00,13057.019707325871,-0.0009769366847030003,0.0,0.2125614290136637,0.2894981016660026,0.2692959134548791,0.22864455586545457,0.0,-0.0008459493128388689,-0.03676390705190041
2025-08-07 12:00:00+00:00,13320.102373925658,0.020148753122596563,0.0,0.21100224868723008,0.29097363093557915,0.2708191329095318,0.227204987467659,0.0,0.013395622853952387,-0.023368284197948026
2025-08-07 14:00:00+00:00,13325.819501225711,0.0004292104624694648,0.0,0.21112978560976164,0.2931804438080167,0.26871379625194985,0.22697597433027178,0.0,0.00014103314099382368,-0.023227251056954203
2025-08-07 16:00:00+00:00,13329.829692419617,0.0003009339270680922,0.0,0.21115636624767842,0.2915210566540852,0.27066619169138467,0.22665638540685187,0.0,4.97248010393579e-05,-0.023177526255914845
2025-08-07 18:00:00+00:00,13326.14926638247,-0.0002761045056141054,0.0,0.21089204168576803,0.2910832690520587,0.2712326318542377,0.22679205740793557,0.0,-0.0003648749172578682,-0.023542401173172713
2025-08-07 20:00:00+00:00,13430.81850625282,0.00785442499390232,0.0,0.21095545434831361,0.2916356892967258,0.27100375438775254,0.2264051019672082,0.0,0.005289250869523609,-0.018253150303649105
2025-08-07 22:00:00+00:00,13427.08709642714,-0.00027782445455148963,0.0,0.21037414935565807,0.29201315864343297,0.27041362434618665,0.22719906765472225,0.0,-0.00037918651899766044,-0.018632336822646766
2025-08-08 00:00:00+00:00,13526.055529888477,0.007370804460460567,0.0,0.20948800246650204,0.2927793963394028,0.27061493461598674,0.22711766657810853,0.0,0.004953537790687136,-0.013678799031959631
2025-08-08 02:00:00+00:00,13446.953540564222,-0.005848119516400296,0.0,0.20967272786363064,0.29277321316322436,0.27085576543302775,0.22669829354011725,0.0,-0.004556077872249112,-0.018234876904208743
2025-08-08 04:00:00+00:00,13486.174387543391,0.002916708744538754,0.0,0.20879346755401215,0.2958147033975482,0.2682350644368588,0.22715676461158082,0.0,0.0019003059874910697,-0.016334570916717674
2025-08-08 06:00:00+00:00,13385.836187219204,-0.007440078812629425,0.0,0.20998608213818415,0.295180527463921,0.2662852546778154,0.2285481357200795,0.0,-0.005789642976869365,-0.022124213893587038
2025-08-08 08:00:00+00:00,13502.892816712378,0.008744812640463895,0.0,0.20867761140351912,0.29370764013912354,0.2698219019113409,0.22779284654601645,0.0,0.0058966945330288885,-0.01622751936055815
2025-08-08 10:00:00+00:00,13466.737208674745,-0.002677619420401789,0.0,0.20900138441555935,0.2932966898234495,0.2702809287278883,0.22742099703310287,0.0,-0.0021493291724693922,-0.01837684853302754
2025-08-08 12:00:00+00:00,13491.027601761409,0.0018037326124560327,0.0,0.20899400232117993,0.29411533879012725,0.2690216219526436,0.2278690369360491,0.0,0.00111783357482269,-0.01725901495820485
2025-08-08 14:00:00+00:00,13641.721229817265,0.011169914739199038,0.0,0.20673214839419482,0.2969383982768669,0.2698268762394464,0.22650257708949192,0.0,0.007469846972382419,-0.009789167985822429
2025-08-08 16:00:00+00:00,13480.363719080477,-0.011828236922486246,0.0,0.2079357582209907,0.2970969258681347,0.26815184257020297,0.22681547334067165,0.0,-0.009357788554789116,-0.019146956540611545
2025-08-08 18:00:00+00:00,13665.144007807065,0.013707366698499701,0.0,0.2060086703669894,0.29887067302387627,0.2686015538081897,0.2265191028009448,0.0,0.00902179289912861,-0.010125163641482934
2025-08-08 20:00:00+00:00,13760.392641482933,0.006970188797238652,0.0,0.2041349039218377,0.2988832819447477,0.27180703694693864,0.22517477718647597,0.0,0.004602277123062019,-0.005522886518420915
2025-08-08 22:00:00+00:00,13726.345824369213,-0.002474262036032293,0.0,0.20548125492422625,0.29796307554430945,0.2706152143593062,0.22594045517215813,0.0,-0.0020126343326015653,-0.00753552085102248
2025-08-09 00:00:00+00:00,13652.321973103015,-0.005392830124881343,0.0,0.20614186680876134,0.29743110053955657,0.27003185517756817,0.22639517747411392,0.0,-0.00420386406904131,-0.011739384920063791
2025-08-09 02:00:00+00:00,13678.14706231838,0.0018916261472770035,0.0,0.2055560678176509,0.29862209312717614,0.268868791919313,0.2269530471358599,0.0,0.0011507682895634161,-0.010588616630500374
2025-08-09 04:00:00+00:00,13680.600756487902,0.0001793879067348847,0.0,0.20520315446259474,0.29988919432137123,0.26794975383061953,0.22695789738541453,0.0,-6.876410812178952e-05,-0.010657380738622164
2025-08-09 06:00:00+00:00,13921.989348871277,0.017644590079050282,0.0,0.20226065633300302,0.3042139589944692,0.2671759807280377,0.22634940394449005,0.0,0.011289637024254416,0.0006322562856322517
2025-08-09 08:00:00+00:00,13922.417876951858,3.07806643033981e-05,0.0,0.20228348536591317,0.30338188014073286,0.26785230899087825,0.22648232550247582,0.0,-0.0002042565002729726,0.0004279997853592791
2025-08-09 10:00:00+00:00,14005.034834282153,0.00593409550413404,0.0,0.20239033540799842,0.30513410231572624,0.26620842602957434,0.22626713624670106,0.0,0.003868363652575877,0.004296363437935156
2025-08-09 12:00:00+00:00,13956.917453887352,-0.0034357201509428448,0.0,0.20239526869264352,0.30403677145512314,0.2670621787858768,0.22650578106635652,0.0,-0.00275872511225807,0.001537638325677086
2025-08-09 14:00:00+00:00,13828.81607008551,-0.009178343586617954,0.0,0.20402300356638897,0.30506258818411763,0.26352723891869706,0.22738716933079625,0.0,-0.007215513759173678,-0.005677875433496592
2025-08-09 16:00:00+00:00,13832.711966378502,0.00028172305374862816,0.0,0.20383329445244386,0.30819955047274955,0.26086930105115985,0.22709785402364674,0.0,-8.711895780691025e-06,-0.005686587329277282
2025-08-09 18:00:00+00:00,13875.905710720694,0.003122579610359777,0.0,0.20281242676438566,0.30909547568126156,0.2622036468553527,0.22588845069900004,0.0,0.0019908320567628215,-0.003695755272514461
2025-08-09 20:00:00+00:00,13885.340323560014,0.000679927713261419,0.0,0.20244090541515128,0.3106052991695944,0.26121041245224313,0.22574338296301114,0.0,0.0002722244094828902,-0.003423530863031571
2025-08-09 22:00:00+00:00,13896.268261377345,0.0007870126019733359,0.0,0.2022615893325787,0.31178801524069305,0.2610264307305448,0.22492396469618336,0.0,0.000349359814277134,-0.003074171048754437
2025-08-10 00:00:00+00:00,13814.761891154485,-0.005865342312755595,0.0,0.20334694740685472,0.31234317182825827,0.25907392279606495,0.22523595796882215,0.0,-0.004613971236011337,-0.007688142284765774
2025-08-10 02:00:00+00:00,13936.605149088235,0.008819787043290672,0.0,0.2017667522227879,0.31252790543120135,0.2596939360654732,0.22601140628053773,0.0,0.005847203123890397,-0.001840939160875377
2025-08-10 04:00:00+00:00,13972.338328719406,0.0025639801981123256,0.0,0.2045715058884226,0.3075232110970385,0.2617582131882217,0.22614706982631727,0.0,0.0016049784685962373,-0.00023596069227913973
2025-08-10 06:00:00+00:00,13916.291036649189,-0.0040113036738465,0.0,0.2046067602084017,0.307147614036444,0.26084348058281137,0.22740214517234286,0.0,-0.003207130231134473,-0.0034430909234136127
2025-08-10 08:00:00+00:00,13743.99600754929,-0.0123808153081989,0.0,0.20675628340397156,0.3083873065188325,0.25832754188537416,0.22652886819182186,0.0,-0.009884012654440173,-0.013327103577853786
2025-08-10 10:00:00+00:00,13855.127625747327,0.008085830215389667,0.0,0.20594190735954526,0.30885583672679584,0.2593939400591792,0.22580831585447972,0.0,0.005378088452522156,-0.00794901512533163
2025-08-10 12:00:00+00:00,13836.486450109844,-0.001345435144375129,0.0,0.20628471814270238,0.30599358057772774,0.2627999724779015,0.22492172880166847,0.0,-0.0011815009720476596,-0.00913051609737929
2025-08-10 14:00:00+00:00,13777.20608386428,-0.0042843511218915165,0.0,0.20738488083504536,0.30634503238747335,0.26079617504739877,0.22547391173008266,0.0,-0.0033707290280569477,-0.012501245125436239
2025-08-10 16:00:00+00:00,13962.15526560254,0.01342428795885331,0.0,0.20526490095917183,0.30594934903354576,0.2650208382287868,0.2237649117784955,0.0,0.008793948403065964,-0.0037072967223702753
2025-08-10 18:00:00+00:00,13941.176053394613,-0.0015025769165890601,0.0,0.20506395316435444,0.30685070481089255,0.2639669362557861,0.22411840576896686,0.0,-0.0013058914885269546,-0.00501318821089723
2025-08-10 20:00:00+00:00,14002.85863401748,0.004424489037841761,0.0,0.20440656201763588,0.3072919498158187,0.2649310977164066,0.2233703904501388,0.0,0.002892795629840165,-0.0021203925810570653
2025-08-10 22:00:00+00:00,13963.007077242006,-0.0028459586586601082,0.0,0.2050829114881701,0.30632162579672456,0.2648553602401144,0.22374010247499082,0.0,-0.0023114927891829426,-0.004431885370240008
2025-08-11 00:00:00+00:00,14012.199295224507,0.00352303896362538,0.0,0.20535683543700314,0.30721575780043064,0.263032822818954,0.2243945839436123,0.0,0.002281205432693557,-0.002150679937546451
2025-08-11 02:00:00+00:00,14097.15763095782,0.006063169238698096,0.0,0.20530623719191934,0.3091883584274203,0.26123635083651703,0.22426905354414334,0.0,0.0040123848481624655,0.0018617049106160145
2025-08-11 04:00:00+00:00,14248.604286415337,0.010743063206226422,0.0,0.20607134888536624,0.3063171234027619,0.263120964642171,0.22449056306970092,0.0,0.007029567879848492,0.008891272790464507
2025-08-11 06:00:00+00:00,14199.26995704794,-0.0034623973250792472,0.0,0.2073484943700813,0.30715458967625825,0.2603854835712306,0.22511143238243,0.0,-0.0028199080904417633,0.006071364700022744
2025-08-11 08:00:00+00:00,14096.265488322988,-0.007254208775277493,0.0,0.2079700645722978,0.30704395045916755,0.2606612886053615,0.2243246963631732,0.0,-0.0057678847430470736,0.0003034799569756703
2025-08-11 10:00:00+00:00,14150.559274952759,0.003851643307565933,0.0,0.20700610057954885,0.3053247988163265,0.26437577298330833,0.22329332762081627,0.0,0.0024979539938350566,0.002801433950810727
2025-08-11 12:00:00+00:00,14018.189466627562,-0.009354387042461165,0.0,0.20744965180579816,0.3023538570864977,0.268954316128271,0.22124217497943316,0.0,-0.007447315168916371,-0.004645881218105644
2025-08-11 14:00:00+00:00,14101.574909996782,0.005948374686169711,0.0,0.2052795399296128,0.30736140773217197,0.26651911676224843,0.2208399355759667,0.0,0.003937995690780397,-0.000707885527325247
2025-08-11 16:00:00+00:00,14161.833191852626,0.004273159717296915,0.0,0.20492456406205914,0.30963064845033417,0.2633661467494473,0.2220786407381593,0.0,0.0027915581993821826,0.0020836726720569357
2025-08-11 18:00:00+00:00,14127.007940342362,-0.0024590920566907037,0.0,0.20403921184707216,0.3078095538825977,0.2661868761128586,0.2219643581574716,0.0,-0.002045868577184747,3.780409487218845e-05
2025-08-11 20:00:00+00:00,13945.947418355716,-0.012816622086662344,0.0,0.20597788953863458,0.30931427475915735,0.2594986131963451,0.22520922250586298,0.0,-0.010318722004391268,-0.010280917909519079
2025-08-11 22:00:00+00:00,13855.8344974693,-0.006461584730185432,0.0,0.20666172548657458,0.30844319137563647,0.25916575632273686,0.2257293268150522,0.0,-0.005031911794485553,-0.015312829704004632
2025-08-12 00:00:00+00:00,13851.621749506108,-0.00030404144650830744,0.0,0.2066782400222423,0.30877681356927633,0.2581479967233285,0.2263969496851527,0.0,-0.0004055616017515696,-0.015718391305756203
2025-08-12 02:00:00+00:00,13959.331348265725,0.007775955820007674,0.0,0.20558650871231382,0.309788190600544,0.2585884050884766,0.2260368955986656,0.0,0.005206355080705445,-0.010512036225050758
2025-08-12 04:00:00+00:00,13913.784376361455,-0.003262833352682737,0.0,0.20605252376254407,0.3119734362676857,0.25566752647124513,0.22630651349852515,0.0,-0.0026015505295820464,-0.013113586754632804
2025-08-12 06:00:00+00:00,13896.502075838767,-0.0012420992057379232,0.0,0.20624334147465842,0.3123176933741044,0.25536395376609655,0.22607501138514066,0.0,-0.0010972672277542502,-0.014210853982387054
2025-08-12 08:00:00+00:00,13942.20236909767,0.0032886184602065605,0.0,0.20585576414801335,0.31347894922218644,0.25495414965255375,0.22571113697724657,0.0,0.00215609764186696,-0.012054756340520095
2025-08-12 10:00:00+00:00,13865.66870193354,-0.005489352767806821,0.0,0.20598590555809257,0.31319699188671457,0.255717013869258,0.22510008868593476,0.0,-0.00431028206805422,-0.016365038408574315
2025-08-12 12:00:00+00:00,13894.557779249433,0.002083496868193979,0.0,0.20575525377924314,0.31275863705346274,0.2563213984155665,0.22516471075172767,0.0,0.0013161509455495363,-0.015048887463024779
2025-08-12 14:00:00+00:00,14070.348872792558,0.012651794777208236,0.0,0.20374197961069546,0.315512633358149,0.2561459177825455,0.22459946924860993,0.0,0.00841732025902784,-0.006631567203996939
2025-08-12 16:00:00+00:00,14325.495168832022,0.01813361547365977,0.0,0.2019412032504874,0.3161942427517321,0.2587148774952112,0.22314967650256942,0.0,0.011553993359394346,0.004922426155397407
2025-08-12 18:00:00+00:00,14377.727697444127,0.0036461237811693525,0.0,0.20009528263944987,0.316992473413591,0.2592457488976083,0.2236664950493508,0.0,0.0023191614321918454,0.007241587587589252
2025-08-12 20:00:00+00:00,14539.01168674016,0.011217627200208025,0.0,0.19853136305589195,0.3146399900150486,0.2639903104104699,0.22283833651858953,0.0,0.007219269558568315,0.014460857146157568
2025-08-12 22:00:00+00:00,14646.36915341512,0.007384096593915812,0.0,0.19746824307579006,0.31714076830030563,0.26417009385162527,0.22122089477227905,0.0,0.004762210435615866,0.01922306758177343
2025-08-13 00:00:00+00:00,14674.96753789594,0.0019525920848548761,0.0,0.19746266711636654,0.31680084678103676,0.26477152007068494,0.2209649660319118,0.0,0.0011109347478196298,0.02033400232959306
2025-08-13 02:00:00+00:00,14596.554057392606,-0.005343349503216466,0.0,0.19744002505959854,0.31813568358554045,0.26276597250979156,0.2216583188450695,0.0,-0.0042932539466361865,0.016040748382956875
2025-08-13 04:00:00+00:00,14756.662816559563,0.01096894229538159,0.0,0.1953036010346824,0.3189225170715436,0.26502124581309217,0.22075263608068174,0.0,0.007005881861986418,0.023046630244943293
2025-08-13 06:00:00+00:00,14733.144993692147,-0.0015937087646282766,0.0,0.19494192750179248,0.31841562874316975,0.2655453621264442,0.2210970816285935,0.0,-0.001446940728853721,0.021599689516089572
2025-08-13 08:00:00+00:00,14789.278706490297,0.0038100292111551415,0.0,0.19503335577832534,0.3167544173088322,0.26520203245491714,0.22301019445792528,0.0,0.0023894576338888774,0.02398914714997845
2025-08-13 10:00:00+00:00,14933.594224032642,0.009758117377219433,0.0,0.19401373302135286,0.3192014406545937,0.26435433062903335,0.2224304956950201,0.0,0.006228186818684211,0.03021733396866266
2025-08-13 12:00:00+00:00,14919.085075194811,-0.0009715778144341325,0.0,0.194937069123579,0.3183890906645866,0.26347352223311593,0.22320031797871845,0.0,-0.0010115029877985208,0.02920583098086414
2025-08-13 14:00:00+00:00,14922.25234239958,0.00021229634316077828,0.0,0.19683148590827096,0.31701301059927306,0.2634175996399882,0.2227379038524679,0.0,-0.0001461131554245624,0.029059717825439577
2025-08-13 16:00:00+00:00,14791.728294167395,-0.008746940156032612,0.0,0.1971865522382772,0.3193571198117217,0.26187610491329555,0.2215802230367055,0.0,-0.007124804807446353,0.021934913017993225
2025-08-13 18:00:00+00:00,14874.639904416897,0.005605268606927893,0.0,0.19755116972138628,0.3217962786993718,0.25971560340119043,0.22093694817805143,0.0,0.003600928202769405,0.02553584122076263
2025-08-13 20:00:00+00:00,14931.014628721266,0.003789989180687847,0.0,0.19829310551026655,0.32143795320363144,0.2597722544246719,0.22049668686143015,0.0,0.0023764583131222652,0.027912299533884896
2025-08-13 22:00:00+00:00,14877.017899346949,-0.0036164139354902813,0.0,0.19871602791910786,0.3213915339743213,0.2589934235169215,0.22089901458964945,0.0,-0.0030075988676184252,0.02490470066626647
2025-08-14 00:00:00+00:00,14986.235644880193,0.007341373538176432,0.0,0.1984673573966376,0.3209516110157344,0.26016646105761915,0.22041457053000899,0.0,0.004741213038884781,0.029645913705151253
2025-08-14 02:00:00+00:00,14989.367820177706,0.0002090034730357626,0.0,0.19847612521570762,0.31897855173649325,0.2624964410547333,0.22004888199306594,0.0,-0.0001488719727334911,0.02949704173241776
2025-08-14 04:00:00+00:00,15104.914005962371,0.007708542959972364,0.0,0.19695703664853137,0.3200913542876224,0.2624404913241097,0.22051111773973647,0.0,0.004969564372479623,0.03446660610489738
2025-08-14 06:00:00+00:00,14961.674370911283,-0.009482982491296976,0.0,0.1969041954762622,0.3202885075725275,0.26115093039784354,0.2216563665533668,0.0,-0.007834231461354191,0.026632374643543188
2025-08-14 08:00:00+00:00,14945.254998768285,-0.0010974287861070797,0.0,0.19645968561053664,0.32176797853986955,0.25814968952558454,0.22362264632400924,0.0,-0.0011000527799338471,0.02553232186360934
2025-08-14 10:00:00+00:00,14969.333700970838,0.0016111268897409659,0.0,0.1960220636908865,0.32203722963308473,0.2565804711839886,0.22536023549204023,0.0,0.0008703749445735257,0.026402696808182868
2025-08-14 12:00:00+00:00,14856.415898729003,-0.00754327510479047,0.0,0.19637513111097024,0.3216340768690642,0.25592448328211437,0.2260663087378511,0.0,-0.006157691716725653,0.020245005091457213
2025-08-14 14:00:00+00:00,14480.0614863649,-0.025332786516585104,0.0,0.1972799856659237,0.3226170714545531,0.2530325315053666,0.22707041137415654,0.0,-0.02243045256141897,-0.002185447469961757
2025-08-14 16:00:00+00:00,14484.92280126642,0.00033572474164533794,0.0,0.19692801905234664,0.32293948859896027,0.2523718886482183,0.22776060370047485,0.0,1.4995397181815187e-05,-0.002170452072779942
2025-08-14 18:00:00+00:00,14301.310719686908,-0.012676082855164417,0.0,0.19888774720167993,0.32212222441143573,0.25194676214035244,0.22704326624653198,0.0,-0.009865239157732965,-0.012035691230512907
2025-08-14 20:00:00+00:00,14330.555156382228,0.002044878072263945,0.0,0.1985252685767614,0.3206775978204092,0.25299133735368134,0.2278057962491481,0.0,0.001221106638795269,-0.010814584591717637
2025-08-14 22:00:00+00:00,14210.690409894492,-0.008364277948740395,0.0,0.2001204255240261,0.3191242755012857,0.25321807159552473,0.22753722737916354,0.0,-0.006345731249714598,-0.017160315841432235
2025-08-15 00:00:00+00:00,14343.890202680903,0.009373210515772445,0.0,0.198927878818191,0.3210290391177843,0.2518217744758923,0.22822130758813233,0.0,0.006075969353712965,-0.01108434648771927
2025-08-15 02:00:00+00:00,14447.666282417324,0.007234862946526421,0.0,0.19814434662127947,0.3227313086968909,0.2515178252992468,0.22760651938258292,0.0,0.004670602516903686,-0.006413743970815584
2025-08-15 04:00:00+00:00,14524.456470425657,0.005315058259740324,0.0,0.19757385700797936,0.32314823261356335,0.2517054709419164,0.2275724394365408,0.0,0.003403342996259854,-0.00301040097455573
2025-08-15 06:00:00+00:00,14496.014940689724,-0.0019581820355099033,0.0,0.19798709362686354,0.32268679089369123,0.25121312618000113,0.2281129892994442,0.0,-0.001611693249692789,-0.004622094224248519
2025-08-15 08:00:00+00:00,14489.760375278382,-0.0004314679197650051,0.0,0.1980262104708947,0.32431901754997283,0.24967719230239643,0.22797757967673601,0.0,-0.0005196062003843772,-0.0051417004246328965
2025-08-15 10:00:00+00:00,14446.658216946946,-0.0029746632942926343,0.0,0.19820220180657014,0.32417410731069585,0.24949439539578044,0.2281292954869535,0.0,-0.002350286758212453,-0.007491987182845349
2025-08-15 12:00:00+00:00,14455.783423297706,0.0006316482479009622,0.0,0.198574348552261,0.3246623497404814,0.24941931397880496,0.22734398772845257,0.0,0.0002372626466814771,-0.007254724536163873
2025-08-15 14:00:00+00:00,14232.616441521259,-0.015437902965312778,0.0,0.1995940302249739,0.3230692801929004,0.2496053723784006,0.2277313172037252,0.0,-0.012126590507860777,-0.019381315044024648
2025-08-15 16:00:00+00:00,14007.441670849203,-0.015821038359127515,0.0,0.2019497666162618,0.3203552050008723,0.25004578775293007,0.22764924062993588,0.0,-0.012117923667722803,-0.03149923871174745
2025-08-15 18:00:00+00:00,14077.1155903049,0.004974064578879833,0.0,0.2014843056867558,0.31935308119897027,0.2510297014829026,0.22813291163137142,0.0,0.0032261191888604177,-0.028273119522887035
2025-08-15 20:00:00+00:00,13956.882716543916,-0.008541016303353355,0.0,0.20209554022955822,0.3180747739551703,0.25078086588525567,0.22904881993001575,0.0,-0.006294078440928409,-0.034567197963815445
2025-08-15 22:00:00+00:00,14062.384037237223,0.0075590891487717915,0.0,0.20123755037827082,0.3189559253783749,0.2510385247345883,0.22876799950876595,0.0,0.00493982607919211,-0.029627371884623336
2025-08-16 00:00:00+00:00,14098.971930830618,0.002601827221935471,0.0,0.20075301350716684,0.31889321483649447,0.2516545225738818,0.22869924908245687,0.0,0.0016299632490920386,-0.027997408635531296
2025-08-16 02:00:00+00:00,14221.389880685185,0.008682757186491807,0.0,0.19983833152947117,0.31957423657679385,0.25156158622518343,0.22902584566855166,0.0,0.0056466314756771,-0.022350777159854195
2025-08-16 04:00:00+00:00,14130.201565342542,-0.006412053681651098,0.0,0.20045884346108608,0.31767094192851025,0.25257376962773614,0.2292964449826676,0.0,-0.00475508544610977,-0.027105862605963964
2025-08-16 06:00:00+00:00,14097.667577596198,-0.0023024432875848877,0.0,0.20120573545344006,0.31761454939158856,0.2511496484033462,0.23003006675162507,0.0,-0.001772247513511184,-0.028878110119475147
2025-08-16 08:00:00+00:00,14137.104130156593,0.0027973813642099277,0.0,0.20064495119455714,0.3189192172649719,0.2502594404615083,0.23017639107896273,0.0,0.0017678040484930449,-0.027110306070982103
2025-08-16 10:00:00+00:00,14038.520992278287,-0.006973361515249299,0.0,0.20156585641907607,0.3172862616897133,0.2509560787825494,0.2301918031086612,0.0,-0.005166754913008204,-0.03227706098399031
2025-08-16 12:00:00+00:00,13986.987928213375,-0.003670832852923578,0.0,0.20242321307818784,0.3177109191591322,0.24970875473864643,0.2301571130240336,0.0,-0.002739611433223281,-0.03501667241721359
2025-08-16 14:00:00+00:00,14028.361296350015,0.0029579898366240975,0.0,0.20224749504453676,0.3172150039575744,0.25043721479790304,0.23010028619998582,0.0,0.0019009943750561036,-0.03311567804215749
2025-08-16 16:00:00+00:00,14074.85596509127,0.0033143335674818974,0.0,0.20167051471633748,0.31662906820650943,0.25153553488694425,0.2301648821902088,0.0,0.0021431470761793013,-0.030972530965978188
2025-08-16 18:00:00+00:00,14102.322264141745,0.0019514444139674403,0.0,0.2013055953109306,0.3162989266765081,0.25210160045103047,0.2302938775615309,0.0,0.0012076304523593218,-0.029764900513618867
2025-08-16 20:00:00+00:00,14135.598557913585,0.0023596322044385776,0.0,0.2007961107761501,0.31656668187431974,0.25270910248007555,0.22992810486945453,0.0,0.0014893022439006743,-0.02827559826971819
2025-08-16 22:00:00+00:00,14118.558917747036,-0.0012054417148830154,0.0,0.20066272578302005,0.3162199508647665,0.25278205061510717,0.23033527273710627,0.0,-0.0010090005487302315,-0.029284598818448422
2025-08-17 00:00:00+00:00,14181.592978576256,0.0044646242719563745,0.0,0.1996491269352111,0.3157877803833167,0.25419964642489645,0.23036344625657576,0.0,0.0029381775211515452,-0.026346421297296876
2025-08-17 02:00:00+00:00,14175.140825133132,-0.0004549667623990894,0.0,0.19984092645548227,0.31479553700763147,0.2522352771183915,0.23312825941849474,0.0,-0.0004829634821515721,-0.026829384779448448
2025-08-17 04:00:00+00:00,14230.383234453706,0.0038971330163173334,0.0,0.1994804103300464,0.3168956234596607,0.25244906807882267,0.2311748981314701,0.0,0.0025557935379958013,-0.024273591241452647
2025-08-17 06:00:00+00:00,14299.067358772894,0.004826582895736342,0.0,0.19905366589797008,0.3166320287893134,0.253402645125558,0.23091166018715858,0.0,0.0031870665476446303,-0.021086524693808017
2025-08-17 08:00:00+00:00,14360.228271132717,0.00427726584015975,0.0,0.19821593130097373,0.31504157837231017,0.25504033683695365,0.23170215348976247,0.0,0.0028080718845645536,-0.018278452809243464
2025-08-17 10:00:00+00:00,14451.958433410306,0.006387792766636258,0.0,0.19752529912832154,0.3183691774931233,0.25185529397043227,0.23225022940812287,0.0,0.004229086119453844,-0.01404936668978962
2025-08-17 12:00:00+00:00,14465.410218132489,0.0009307932059288149,0.0,0.1972782666727552,0.31867171753738843,0.252053460786161,0.23199655500369532,0.0,0.0004700346563596155,-0.013579332033430005
2025-08-17 14:00:00+00:00,14421.693740128907,-0.003022138836324406,0.0,0.19808031086454023,0.31853659533624185,0.2516610179520632,0.23172207584715476,0.0,-0.0023935782742093258,-0.01597291030763933
2025-08-17 16:00:00+00:00,14466.60303607174,0.003114009821042707,0.0,0.19715887424311815,0.31936650344913775,0.2519091529212034,0.23156546938654066,0.0,0.002010711165317645,-0.013962199142321685
2025-08-17 18:00:00+00:00,14385.893753640501,-0.005579007195399943,0.0,0.19768461823762715,0.31847746444126096,0.2522458823767012,0.23159203494441075,0.0,-0.004326227387176307,-0.01828842652949799
2025-08-17 20:00:00+00:00,14262.14438605059,-0.008602132735659573,0.0,0.19884186729796519,0.3166706458787817,0.25203305415630967,0.2324544326669434,0.0,-0.00664070616997499,-0.02492913269947298
2025-08-17 22:00:00+00:00,14289.964649192876,0.0019506367618531417,0.0,0.19867408898416553,0.31713705263395664,0.2513964921631383,0.23279236621873958,0.0,0.0012224092165024688,-0.02370672348297051
2025-08-18 00:00:00+00:00,14288.56400257444,-9.801610100668157e-05,0.0,0.19819556418282258,0.3169916533643665,0.2516295761519923,0.2331832063008186,0.0,-0.00023779873925399307,-0.023944522222224502
2025-08-18 02:00:00+00:00,14086.445439605895,-0.014145477665364226,0.0,0.19909501417194403,0.3160773892265187,0.25143430241107456,0.23339329419046265,0.0,-0.011049092337646888,-0.03499361455987139
2025-08-18 04:00:00+00:00,13883.03729754758,-0.014439990764909871,0.0,0.20036057170065633,0.3151541075023012,0.25001241035600974,0.23447291044103277,0.0,-0.01103453010068104,-0.04602814466055243
2025-08-18 06:00:00+00:00,13903.645022999253,0.0014843816241358887,0.0,0.2007037510567881,0.31416763913758977,0.2510984834121213,0.2340301263935008,0.0,0.0009333771715687449,-0.04509476748898369
2025-08-18 08:00:00+00:00,13782.272313886258,-0.008729560407520598,0.0,0.20162766405735127,0.3128472695755032,0.25088947167410003,0.23463559469304537,0.0,-0.006475898848749851,-0.05157066633773354
2025-08-18 10:00:00+00:00,13842.29900470611,0.004355355158624397,0.0,0.20046138106219674,0.3140696241506666,0.2512430736892666,0.23422592109787016,0.0,0.0029467654109017276,-0.04862390092683181
2025-08-18 12:00:00+00:00,13806.06124890121,-0.002617900089615266,0.0,0.20082822527470073,0.31354718088626415,0.25101805527446325,0.23460653856457178,0.0,-0.0019749249147743746,-0.05059882584160619
2025-08-18 14:00:00+00:00,13840.228555592648,0.002474804803155539,0.0,0.20014399042135217,0.3136343894816815,0.2520338336407013,0.234187786456265,0.0,0.001645235071878754,-0.04895359076972743
2025-08-18 16:00:00+00:00,13998.076633512788,0.011405019598202726,0.0,0.20013788585488038,0.314394532951967,0.2512130754055479,0.2342545057876047,0.0,0.007741625593701021,-0.04121196517602641
2025-08-18 18:00:00+00:00,14011.72538250396,0.0009750445970910793,0.0,0.20043121573669515,0.31392059642011505,0.2505432521221576,0.23510493572103205,0.0,0.0005661415385770826,-0.04064582363744933
2025-08-18 20:00:00+00:00,14017.530476163842,0.0004143025574230297,0.0,0.20015035611977205,0.3146489068361405,0.2504182473053671,0.23478248973872043,0.0,0.00016939454824612267,-0.0404764290892032
2025-08-18 22:00:00+00:00,14038.911804549907,0.0015253277617210959,0.0,0.20042110824672324,0.3140297460513587,0.25082180431390694,0.2347273413880111,0.0,0.0009567978880343425,-0.03951963120116886
2025-08-19 00:00:00+00:00,13978.266994719339,-0.004319765710823376,0.0,0.20056251565735211,0.312483232655744,0.2509298848458196,0.23602436684108424,0.0,-0.003265554076852597,-0.042785185278021456
2025-08-19 02:00:00+00:00,13908.87038631927,-0.00496460744570737,0.0,0.20081913100263732,0.31278411854474164,0.2504045830085737,0.2359921674440474,0.0,-0.003733894537953673,-0.04651907981597513
2025-08-19 04:00:00+00:00,13760.864491943781,-0.010641115364844245,0.0,0.20124723467910188,0.3104769593899371,0.24993789094190666,0.2383379149890544,0.0,-0.007988709701482612,-0.054507789517457744
2025-08-19 06:00:00+00:00,13819.760477581,0.004279962619477828,0.0,0.20067388325578178,0.31001999347196013,0.2515019657550799,0.2378041575171783,0.0,0.002929778285654898,-0.05157801123180285
2025-08-19 08:00:00+00:00,13753.200541239501,-0.004816287261235508,0.0,0.2016542715132282,0.31180607774015967,0.24910267308860712,0.23743697765800506,0.0,-0.0035862444715809593,-0.055164255703383805
2025-08-19 10:00:00+00:00,13852.691910144584,0.007234052074406527,0.0,0.20080590216903457,0.3129603494829886,0.24877558831551438,0.23745816003246248,0.0,0.0049925614338952725,-0.05017169426948853
2025-08-19 12:00:00+00:00,13908.570941163982,0.004033803060218055,0.0,0.20032175143270473,0.31375419117893494,0.24886819899450566,0.2370558583938547,0.0,0.002752525494675104,-0.047419168774813426
2025-08-19 14:00:00+00:00,13857.715551002622,-0.0036564065694806303,0.0,0.2005056250856873,0.3136690680261665,0.2489648008866853,0.23686050600146086,0.0,-0.0027598677657587434,-0.05017903654057217
2025-08-19 16:00:00+00:00,13630.945771697767,-0.016364153129730608,0.0,0.20135397799868804,0.3114665317430389,0.24937038226573036,0.23780910799254268,0.0,-0.012410194490875477,-0.06258923103144765
2025-08-19 18:00:00+00:00,13621.722046706955,-0.0006766753492603028,0.0,0.20101879903467848,0.31122168263181216,0.24938618800114903,0.23837333033236024,0.0,-0.0005509812439894547,-0.0631402122754371
2025-08-19 20:00:00+00:00,13535.51132046189,-0.006328915385988676,0.0,0.2016083727891279,0.3099110255899922,0.2487962152912848,0.23968438632959518,0.0,-0.004625340215614039,-0.06776555249105115
2025-08-19 22:00:00+00:00,13618.684829829364,0.0061448368959464705,0.0,0.20088472384485057,0.3088474689952789,0.2509289214996557,0.23933888566021483,0.0,0.0042693196076255425,-0.06349623288342561
2025-08-20 00:00:00+00:00,13415.832350970592,-0.014895159216436249,0.0,0.20294022527371408,0.307661674157147,0.25012765733735226,0.23927044323178673,0.0,-0.01097682391144271,-0.07447305679486832
2025-08-20 02:00:00+00:00,13504.918645568174,0.006640385200634702,0.0,0.20182295329730682,0.3082088525113554,0.2510358850111266,0.23893230918021124,0.0,0.004606580084220416,-0.0698664767106479
2025-08-20 04:00:00+00:00,13575.73541615057,0.005243776170812842,0.0,0.20171002037435234,0.30891220978453365,0.24935342064989974,0.24002434919121432,0.0,0.003619319189992973,-0.06624715752065492
2025-08-20 06:00:00+00:00,13631.893224695761,0.004136631042350958,0.0,0.20120125802758404,0.3107851659026977,0.24961522827823884,0.2383983477914794,0.0,0.0028406966467154383,-0.06340646087393949
2025-08-20 08:00:00+00:00,13618.950802921852,-0.0009494221793391322,0.0,0.20100662223529794,0.31122626447201357,0.249130769275341,0.23863634401734754,0.0,-0.0007419085024424182,-0.06414836937638191
2025-08-20 10:00:00+00:00,13661.699125003457,0.003138885124134072,0.0,0.20074815230125523,0.3130337938333813,0.2497682554001938,0.23644979846516972,0.0,0.002147638803183275,-0.06200073057319863
2025-08-20 12:00:00+00:00,13645.156859988814,-0.001210849753261467,0.0,0.2009326749129723,0.3113759413093929,0.2504639384834609,0.23722744529417406,0.0,-0.0009353545670983389,-0.06293608514029697
2025-08-20 14:00:00+00:00,13486.920388195038,-0.01159653006685235,0.0,0.2015489643695581,0.3105597609857995,0.2497809150449458,0.23811035959969654,0.0,-0.008526762567460622,-0.0714628477077576
2025-08-20 16:00:00+00:00,13711.77978681156,0.01667240497788791,0.0,0.1994062081827397,0.31432341455158663,0.24968139930036523,0.23658897796530845,0.0,0.011508015769008333,-0.059954831938749266
2025-08-20 18:00:00+00:00,13909.48289236959,0.014418486048630053,0.0,0.19803486144233431,0.3162805117843671,0.24898035521667503,0.2367042715566235,0.0,0.009730175269110583,-0.050224656669638684
2025-08-20 20:00:00+00:00,14029.97895016703,0.008662871131143168,0.0,0.1964700719201303,0.3137604881197536,0.24847656943888444,0.24129287052123174,0.0,0.005792856640237629,-0.04443180002940106
2025-08-20 22:00:00+00:00,14046.923212359705,0.0012077182904450812,0.0,0.19636973046718026,0.31305540911908675,0.24730753369618239,0.24326732671755064,0.0,0.0007228585794243355,-0.043708941449976724
2025-08-21 00:00:00+00:00,13989.515311853198,-0.004086866542845069,0.0,0.1970289845451626,0.3139093343674096,0.24708759489560653,0.24197408619182134,0.0,-0.0030118717003357787,-0.046720813150312505
2025-08-21 02:00:00+00:00,14076.063472348804,0.006186644681125841,0.0,0.19660356881672417,0.31166121835215355,0.2474937962168116,0.24424141661431073,0.0,0.0041371607898733785,-0.04258365236043913
2025-08-21 04:00:00+00:00,13928.4808972346,-0.010484648311235412,0.0,0.1973440647627132,0.31230956225937095,0.2481061805881039,0.242240192389812,0.0,-0.007724138709499049,-0.05030779106993818
2025-08-21 06:00:00+00:00,13951.29280843174,0.0016377888849077316,0.0,0.19709140764105326,0.3134496374197295,0.24840498248340276,0.24105397245581447,0.0,0.001036687318920272,-0.049271103751017904
2025-08-21 08:00:00+00:00,13930.967375192682,-0.001456885287847487,0.0,0.19720739493346637,0.313384267811722,0.2482543092468395,0.24115402800797225,0.0,-0.0011272720206415808,-0.05039837577165948
2025-08-21 10:00:00+00:00,13816.617552759824,-0.00820831887356821,0.0,0.1979331494937284,0.3135011317478608,0.2485197720523412,0.24004594670606952,0.0,-0.005989778746344828,-0.05638815451800431
2025-08-21 12:00:00+00:00,13794.194673321974,-0.0016228920973043737,0.0,0.1978558569528353,0.3141230675299111,0.24764987375893588,0.24037120175831764,0.0,-0.0012265986646459728,-0.05761475318265028
2025-08-21 14:00:00+00:00,13783.450891431994,-0.0007788625682337846,0.0,0.19860215691880953,0.31313866874495017,0.24786451724964498,0.2403946570865953,0.0,-0.0006303174750535434,-0.058245070657703825
2025-08-21 16:00:00+00:00,13695.973341947489,-0.006346563728745314,0.0,0.19864680689391445,0.31372340977246665,0.2482081342188812,0.23942164911473787,0.0,-0.004610354473884106,-0.06285542513158793
2025-08-21 18:00:00+00:00,13705.175902201667,0.0006719172142364283,0.0,0.19784258286587367,0.3134772853976312,0.24934535105411007,0.239334780682385,0.0,0.00040251617184477783,-0.06245290895974315
2025-08-21 20:00:00+00:00,13657.04093940498,-0.0035121740238995836,0.0,0.19815625374252066,0.3132414162204499,0.2500497184908288,0.23855261154620064,0.0,-0.002565115348390662,-0.0650180243081338
2025-08-21 22:00:00+00:00,13717.238757825075,0.00440782294548181,0.0,0.19805164373732032,0.3133005480587639,0.25023340179522063,0.23841440640869518,0.0,0.003025179601218878,-0.06199284470691493
2025-08-22 00:00:00+00:00,13680.65867120114,-0.002666723767789425,0.0,0.19835419959465556,0.3127894823091571,0.24983574565433794,0.23902057244184946,0.0,-0.001969392107634522,-0.06396223681454945
2025-08-22 02:00:00+00:00,13761.188134700275,0.005886373268609857,0.0,0.1977895480082109,0.31331335092696666,0.2493476549322766,0.23954944613254583,0.0,0.004061211817249782,-0.059901024997299664
2025-08-22 04:00:00+00:00,13793.341651574738,0.00233653639204201,0.0,0.1974844008972238,0.31417186304415623,0.24952213828022834,0.2388215977783916,0.0,0.0015734159862205207,-0.05832760901107914
2025-08-22 06:00:00+00:00,13846.614923003484,0.0038622454786121363,0.0,0.19726940043978358,0.3138598252919008,0.24970212624104052,0.23916864802727503,0.0,0.00264326447892151,-0.05568434453215763
2025-08-22 08:00:00+00:00,13890.520614904412,0.003170861047633089,0.0,0.1963903362408692,0.3155610355371578,0.24940600965262794,0.23864261856934504,0.0,0.0021556853655180846,-0.05352865916663954
2025-08-22 10:00:00+00:00,13878.930096115962,-0.0008344193216208717,0.0,0.19647585868881492,0.315858861656841,0.24942115916184102,0.2382441204925031,0.0,-0.0006906866141668964,-0.054219345780806436
2025-08-22 12:00:00+00:00,13751.345068964418,-0.009192713434535538,0.0,0.19701887651831637,0.3148102414131643,0.24768517346457636,0.24048570860394283,0.0,-0.006834680594958925,-0.06105402637576536
2025-08-22 14:00:00+00:00,13773.19021939865,0.0015885828131485535,0.0,0.19699901737503023,0.31548006616463986,0.2469895927961498,0.24053132366418015,0.0,0.0010572397390847554,-0.05999678663668061
2025-08-22 16:00:00+00:00,14452.549948491353,0.0493247910085397,0.0,0.19422057666600842,0.32346804804199986,0.24615729956460464,0.23615407572738717,0.0,0.031432269537889586,-0.02856451709879102
2025-08-22 18:00:00+00:00,14803.899329556036,0.024310546050135606,0.0,0.19067543137251594,0.3283389287286521,0.24556602838199132,0.2354196115168407,0.0,0.014083672394513611,-0.01448084470427741
2025-08-22 20:00:00+00:00,14841.532655693249,0.0025421225380855006,0.0,0.18959349479137616,0.3297916399165476,0.24582632037326035,0.23478854491881587,0.0,0.00140681061846877,-0.01307403408580864
2025-08-22 22:00:00+00:00,14895.98152916358,0.0036686826578820053,0.0,0.18950363497216596,0.32984733956875917,0.24600743970063546,0.23464158575843952,0.0,0.002100967150154695,-0.010973066935653945
2025-08-23 00:00:00+00:00,14882.565153662925,-0.0009006707932867064,0.0,0.1895249219142407,0.3288190904447167,0.2460491020161774,0.23560688562486523,0.0,-0.0007675805182120561,-0.011740647453866
2025-08-23 02:00:00+00:00,14739.48747468286,-0.0096137781022817,0.0,0.19057519987763893,0.32847309830167065,0.2461946163255314,0.23475708549515892,0.0,-0.006600073215257291,-0.01834072066912329
2025-08-23 04:00:00+00:00,14560.8952281378,-0.012116584572687161,0.0,0.1914468826515121,0.32652383744440516,0.24588020356433038,0.23614907633975235,0.0,-0.008283875768199344,-0.026624596437322633
2025-08-23 06:00:00+00:00,14726.012978002796,0.011339807565259985,0.0,0.18993209167383981,0.32678268428410406,0.24757270558114328,0.23571251846091293,0.0,0.006711083682653855,-0.01991351275466878
2025-08-23 08:00:00+00:00,14650.188992436064,-0.005148982666251634,0.0,0.190659825778208,0.3258650741410561,0.24755295942221225,0.23592214065852363,0.0,-0.0034939966158349925,-0.023407509370503773
2025-08-23 10:00:00+00:00,14698.88559477785,0.0033239572791128325,0.0,0.1899729602073202,0.32650179197861595,0.24671256783412396,0.23681267997993977,0.0,0.001913107747786132,-0.02149440162271764
2025-08-23 12:00:00+00:00,14618.98385768761,-0.005435904414320181,0.0,0.19025941634525004,0.3259413237742287,0.24708310227916372,0.23671615760135753,0.0,-0.003689136017404993,-0.025183537640122634
2025-08-23 14:00:00+00:00,14625.506555038748,0.00044617994072870815,0.0,0.18944030425465352,0.3267307725224255,0.24615835347609338,0.23767056974682774,0.0,0.00012623646772086595,-0.025057301172401767
2025-08-23 16:00:00+00:00,14642.858112925043,0.0011863902163660178,0.0,0.18913009549104845,0.32859417564671994,0.24588699940680686,0.23638872945542483,0.0,0.0005943040840633777,-0.02446299708833839
2025-08-23 18:00:00+00:00,14628.517184830349,-0.0009793803903649367,0.0,0.18976910460429966,0.3288332324990101,0.24677956183951266,0.2346181010571776,0.0,-0.0007849352005285824,-0.025247932288866973
2025-08-23 20:00:00+00:00,14643.798783312512,0.0010446443948541884,0.0,0.1896467583561214,0.32910351629834095,0.24627797289380124,0.2349717524517363,0.0,0.0005086736422870651,-0.024739258646579908
2025-08-23 22:00:00+00:00,14611.096566871864,-0.002233178489034815,0.0,0.18989637759740158,0.32923777248780406,0.24619728423752438,0.2346685656772699,0.0,-0.0016008376284229538,-0.02634009627500286
2025-08-24 00:00:00+00:00,14670.357792535786,0.004055905413580474,0.0,0.18980349213878847,0.32987043635488433,0.24656297243855954,0.23376309906776774,0.0,0.0024091677301670287,-0.023930928544835833
2025-08-24 02:00:00+00:00,14677.65143361081,0.0004971685883989885,0.0,0.18976822151877007,0.32958990772193475,0.24650132453299195,0.2341405462263032,0.0,0.00015977650935549694,-0.023771152035480338
2025-08-24 04:00:00+00:00,14656.600635871175,-0.0014342074980354669,0.0,0.18931997589125227,0.3308841766231955,0.24628638789645568,0.23350945958909639,0.0,-0.0010903836815567948,-0.02486153571703713
2025-08-24 06:00:00+00:00,14651.951734588607,-0.00031718823471182933,0.0,0.18931419431327343,0.33066222309195253,0.24662878421302506,0.23339479838174892,0.0,-0.00036241282415608935,-0.02522394854119322
2025-08-24 08:00:00+00:00,14539.28491268452,-0.007689543614733396,0.0,0.19060233874790125,0.33147202289763683,0.2447502875050259,0.23317535084943608,0.0,-0.00529265093212417,-0.03051659947331739
2025-08-24 10:00:00+00:00,14558.90682550464,0.0013495789468298547,0.0,0.19026753376096936,0.33199497415604673,0.24532053153626648,0.23241696054671748,0.0,0.0007266608560661697,-0.02978993861725122
2025-08-24 12:00:00+00:00,14460.329130370232,-0.006770954462165912,0.0,0.19137955185553457,0.33251361620754666,0.24404761357810606,0.23205921835881274,0.0,-0.004650447412505802,-0.03444038602975702
2025-08-24 14:00:00+00:00,14499.662723020523,0.002720103553361053,0.0,0.19056890316757039,0.33310002398092664,0.24447423144382016,0.23185684140768278,0.0,0.0016159875205448235,-0.0328243985092122
2025-08-24 16:00:00+00:00,14551.744140530634,0.003591905446698629,0.0,0.18962993549270332,0.33394492795986114,0.24423372562117507,0.2321914109262605,0.0,0.0021702026027851096,-0.03065419590642709
2025-08-24 18:00:00+00:00,14753.710744753627,0.013879202539059277,0.0,0.1870723416633456,0.3367355175181749,0.24545260048134376,0.2307395403371358,0.0,0.008445832521714883,-0.022208363384712205
2025-08-24 20:00:00+00:00,14572.714022445713,-0.012267877921646075,0.0,0.18637765070192058,0.33448598139072044,0.2467231085610096,0.23241325934634935,0.0,-0.008541931908715446,-0.03075029529342765
2025-08-24 22:00:00+00:00,14514.081672860137,-0.004023433760881212,0.0,0.18777604219918645,0.3338827475059154,0.24322587005696497,0.23511534023793332,0.0,-0.002779611931479951,-0.033529907224907604
2025-08-25 00:00:00+00:00,14512.606358873998,-0.00010164707760307312,0.0,0.18863479440896536,0.3335782365089854,0.24253231593687813,0.23525465314517097,0.0,-0.0002010062483507054,-0.03373091347325831
2025-08-25 02:00:00+00:00,14419.769685495627,-0.006396967648860996,0.0,0.18913558116623552,0.3323490453767989,0.242172916120983,0.23634245733598266,0.0,-0.0043752723464614346,-0.038106185819719744
2025-08-25 04:00:00+00:00,14419.9503207287,1.2526915270649752e-05,0.0,0.18888211478231015,0.33201759889136034,0.2424177322524973,0.23668255407383204,0.0,-0.00011556222166194236,-0.03822174804138169
2025-08-25 06:00:00+00:00,14306.057972300043,-0.007898248322321666,0.0,0.18936265390633947,0.33308996804880664,0.2394761034087738,0.23807127463608002,0.0,-0.005388242827555355,-0.04360999086893704
2025-08-25 08:00:00+00:00,14035.598753277283,-0.01890522319610566,0.0,0.1916394131137373,0.3312935244469054,0.23880697666684117,0.23826008577251623,0.0,-0.013050718620511487,-0.05666070948944853
2025-08-25 10:00:00+00:00,14079.41106403606,0.003121513483601568,0.0,0.19153722879347926,0.3318400557782639,0.23842347020409235,0.23819924522416447,0.0,0.0019102618537665903,-0.05475044763568194
2025-08-25 12:00:00+00:00,13990.114874062236,-0.0063423242327173,0.0,0.1917510953301,0.3330011268581579,0.237326767128003,0.23792101068373897,0.0,-0.0042099923050505665,-0.0589604399407325
2025-08-25 14:00:00+00:00,14053.465367681383,0.004528232554873446,0.0,0.19136168864562553,0.3336763495182119,0.23644767563975452,0.23851428619640816,0.0,0.002813507050708946,-0.05614693289002356
2025-08-25 16:00:00+00:00,14068.119754306508,0.00104275964978906,0.0,0.1923779095564188,0.3320545641844421,0.23647659333107168,0.2390909329280673,0.0,0.000591045098610307,-0.05555588779141325
2025-08-25 18:00:00+00:00,14050.790189255631,-0.0012318323524059815,0.0,0.19301130835559496,0.3306066621924963,0.23687423612232575,0.23950779332958322,0.0,-0.0008773242204208145,-0.056433212011834065
2025-08-25 20:00:00+00:00,13729.187399058357,-0.022888591023385807,0.0,0.1945189644270386,0.3260711997301497,0.2371514769736883,0.24225835886912345,0.0,-0.015567649371534681,-0.07200086138336875
2025-08-25 22:00:00+00:00,13522.121504861025,-0.015082166786618001,0.0,0.19602043993703697,0.3258568711487222,0.23651005516934573,0.24161263374489522,0.0,-0.009748437059340996,-0.08174929844270976
2025-08-26 00:00:00+00:00,13607.509053040612,0.006314656183860734,0.0,0.1951874206697499,0.3256995449343123,0.23885622657009492,0.2402568078258428,0.0,0.003950602909964498,-0.07779869553274525
2025-08-26 02:00:00+00:00,13695.80008050442,0.006488404829984473,0.0,0.19355087721620348,0.32695334507028967,0.239186595865039,0.24030918184846792,0.0,0.004047095029638766,-0.07375160050310649
2025-08-26 04:00:00+00:00,13677.134569558877,-0.0013628638586884456,0.0,0.19378391075085255,0.32599709909181623,0.2396872266269275,0.2405317635304037,0.0,-0.0008966182641085237,-0.07464821876721502
2025-08-26 06:00:00+00:00,13735.595098820184,0.0042743258073532076,0.0,0.19351482216745805,0.3266674629893892,0.24018491040018944,0.2396328044429633,0.0,0.002660066528255912,-0.0719881522389591
2025-08-26 08:00:00+00:00,13723.954427251161,-0.0008474821429486079,0.0,0.19386737486247463,0.3268862452192027,0.24006311145949946,0.23918326845882315,0.0,-0.0005775694049643882,-0.07256572164392348
2025-08-26 10:00:00+00:00,13707.470532423236,-0.0012011038739092594,0.0,0.1938360268693013,0.3265575051988656,0.239743423383038,0.23986304454879498,0.0,-0.0008024945139234405,-0.07336821615784693
2025-08-26 12:00:00+00:00,13706.006941567803,-0.00010677322646590603,0.0,0.1933703454344182,0.3271325186207167,0.24029054473973047,0.23920659120513463,0.0,-0.00010463870139450568,-0.07347285485924143
2025-08-26 14:00:00+00:00,13821.312610540337,0.008412783494427867,0.0,0.19213781587602108,0.3282891249668738,0.24106568372307705,0.2385073754340282,0.0,0.005291757312873554,-0.06818109754636788
2025-08-26 16:00:00+00:00,13867.233767664586,0.0033224888560314803,0.0,0.1907565229965611,0.33003271095643394,0.24054660385032028,0.2386641621966846,0.0,0.0020620570937029408,-0.06611904045266494
2025-08-26 18:00:00+00:00,13913.826317574665,0.0033599022480406138,0.0,0.19067549760746766,0.32918084601405323,0.24171039906874212,0.23843325730973722,0.0,0.0020842591301527547,-0.06403478132251218
2025-08-26 20:00:00+00:00,14099.2449376194,0.013326213495315153,0.0,0.1900976490476695,0.33018014944734714,0.24193263144288493,0.23778957006209855,0.0,0.008307833817361634,-0.055726947505150545
2025-08-26 22:00:00+00:00,14102.647399685862,0.00024132228935069833,0.0,0.19085322292150766,0.33070227884631814,0.24018475328418426,0.23825974494799,0.0,7.324309651316853e-05,-0.05565370440863738
2025-08-27 00:00:00+00:00,14099.18133578453,-0.00024577398860659017,0.0,0.19120572623960352,0.33046465029675803,0.2397156977585696,0.23861392570506895,0.0,-0.00023832589213156988,-0.05589203030076895
2025-08-27 02:00:00+00:00,14036.60539357036,-0.0044382677776722,0.0,0.1912612233538965,0.3292105895671187,0.24063583569764915,0.23889235138133555,0.0,-0.0029541116772595823,-0.05884614197802853
2025-08-27 04:00:00+00:00,14112.766644179103,0.005425902379761149,0.0,0.1904318855358374,0.330356796805937,0.241257653264153,0.23795366439407256,0.0,0.003378174625746444,-0.055467967352282085
2025-08-27 06:00:00+00:00,14109.690868301774,-0.00021794279993980759,0.0,0.19039481044706438,0.33121333182446516,0.24063477904817207,0.23775707868029838,0.0,-0.00022173192651306413,-0.05568969927879515
2025-08-27 08:00:00+00:00,14015.203329385044,-0.006696641322525454,0.0,0.19056490220443634,0.3309872703078465,0.24017452694265806,0.23827330054505919,0.0,-0.004461620567705328,-0.060151319846500476
2025-08-27 10:00:00+00:00,14014.961899262216,-1.7226301834760704e-05,0.0,0.19071547600135225,0.3315609510207112,0.23937112679569375,0.2383524461822427,0.0,-8.077331857750373e-05,-0.06023209316507798
2025-08-27 12:00:00+00:00,14065.787486180428,0.003626523374343771,0.0,0.1909031553378281,0.3318424995147927,0.23928962393058273,0.2379647212167966,0.0,0.0022614925978796255,-0.057970600567198355
2025-08-27 14:00:00+00:00,14055.317061475856,-0.0007443895135526013,0.0,0.19132882399717327,0.331121291477089,0.239446691337578,0.23810319318815967,0.0,-0.0005584559492264404,-0.058529056516424795
2025-08-27 16:00:00+00:00,14173.522343211547,0.008410004642277258,0.0,0.1906057843648498,0.33280062225835816,0.23892066551935617,0.23767292785743574,0.0,0.005304294728884197,-0.0532247617875406
2025-08-27 18:00:00+00:00,14171.998829392101,-0.00010749013424848908,0.0,0.19121399949471532,0.3309962721970111,0.23974493927857693,0.23804478902969675,0.0,-0.00015690889182651686,-0.05338167067936712
2025-08-27 20:00:00+00:00,14050.584141377867,-0.008567223965784243,0.0,0.19241204794834893,0.32908992812993837,0.23988769950733216,0.23861032441438043,0.0,-0.005776367999060941,-0.05915803867842806
2025-08-27 22:00:00+00:00,13991.540020575912,-0.004202253814350243,0.0,0.19227154670494143,0.3277281325978774,0.24058072411543344,0.23941959658174763,0.0,-0.002828602071113007,-0.061986640749541064
2025-08-28 00:00:00+00:00,13919.771457685882,-0.005129425551761102,0.0,0.19280162123344782,0.3278907061395639,0.24000244099581855,0.2393052316311699,0.0,-0.0034375119591462584,-0.06542415270868732
2025-08-28 02:00:00+00:00,13958.217202557042,0.002761952305612825,0.0,0.19293710272628548,0.32769500028864507,0.2403869231078916,0.23898097387717782,0.0,0.0017385493877405207,-0.06368560332094679
2025-08-28 04:00:00+00:00,14030.866853450461,0.005204794411718394,0.0,0.19254374037385408,0.3278142961489382,0.23969413628688832,0.2399478271903193,0.0,0.0033152820231518005,-0.06037032129779499
2025-08-28 06:00:00+00:00,14114.727097649618,0.0059768398542341394,0.0,0.1928578990700294,0.32796321320421606,0.23947277904364514,0.2397061086821094,0.0,0.003804043706392727,-0.05656627759140226
2025-08-28 08:00:00+00:00,14149.228003938972,0.002444319755576352,0.0,0.19283236278751842,0.32902307154878224,0.2388467596258093,0.23929780603788992,0.0,0.001516647507916678,-0.05504963008348558
2025-08-28 10:00:00+00:00,14114.644688737095,-0.0024441838941494654,0.0,0.19286526269687562,0.3290880407234378,0.23907326000929405,0.23897343657039263,0.0,-0.0016981171564327416,-0.05674774723991832
2025-08-28 12:00:00+00:00,14162.080602194106,0.003360758595281066,0.0,0.19230832114512741,0.3285793033665614,0.2386510278163905,0.2404613476719207,0.0,0.0021209186795233554,-0.05462682856039497
2025-08-28 14:00:00+00:00,14141.092371157054,-0.0014820019477788104,0.0,0.19246337571522626,0.327664712292295,0.23908947980331893,0.24078243218915973,0.0,-0.0010654103423477887,-0.05569223890274276
2025-08-28 16:00:00+00:00,14021.307329654173,-0.00847070638950076,0.0,0.19384229762581054,0.32532125317763144,0.23924155652347728,0.24159489267308076,0.0,-0.005788971606077242,-0.06148121050882
2025-08-28 18:00:00+00:00,14021.968328305598,4.7142440849690104e-05,0.0,0.1933333809916485,0.3242774214636122,0.2391028364088448,0.24328636113589447,0.0,-3.520532083443556e-05,-0.06151641582965444
2025-08-28 20:00:00+00:00,13905.324896634422,-0.008318620391954079,0.0,0.1941109831031077,0.3232627806123219,0.23928795065022282,0.24333828563434767,0.0,-0.005660275804710896,-0.06717669163436533
2025-08-28 22:00:00+00:00,14017.060571143309,0.008035459461715355,0.0,0.19277653008692558,0.32429197582913566,0.24018519975153604,0.2427462943324028,0.0,0.005209846868417605,-0.06196684476594773
2025-08-29 00:00:00+00:00,14070.856931900142,0.003837920260370664,0.0,0.1929683324076203,0.32469315517448755,0.24053690664800642,0.24180160576988577,0.0,0.0024595240318016384,-0.059507320734146094
2025-08-29 02:00:00+00:00,13958.296940215288,-0.007999512199549641,0.0,0.1926565529962437,0.3233434378352491,0.2401508400430933,0.24384916912541388,0.0,-0.005459784110505694,-0.06496710484465179
2025-08-29 04:00:00+00:00,14015.516066382695,0.004099291368601987,0.0,0.1922456180324049,0.3244252624620882,0.24063667102427663,0.2426924484812304,0.0,0.002643492405412444,-0.06232361243923935
2025-08-29 06:00:00+00:00,13973.224603051674,-0.0030174745710905837,0.0,0.19215627636686977,0.32466354816943427,0.24053371965178685,0.24264645581190913,0.0,-0.002079381065116754,-0.0644029935043561
2025-08-29 08:00:00+00:00,13718.224446617282,-0.018249198998683713,0.0,0.19344930508801483,0.32342971797354075,0.2397291703776622,0.24339180656078227,0.0,-0.012555411561054637,-0.07695840506541074
2025-08-29 10:00:00+00:00,13659.679442820432,-0.004267680852188205,0.0,0.19384283960385063,0.32159670681498415,0.24040778342089286,0.24415267016027237,0.0,-0.0028418517640398664,-0.0798002568294506
2025-08-29 12:00:00+00:00,13663.226054025006,0.00025964088098984206,0.0,0.19436821943156082,0.3221706928182661,0.23982222655918928,0.2436388611909838,0.0,0.00014996710146170447,-0.0796502897279889
2025-08-29 14:00:00+00:00,13631.363840569291,-0.002331968550452923,0.0,0.19306598560138147,0.3217937068450148,0.24018615059280782,0.24495415696079587,0.0,-0.0015623973885286037,-0.08121268711651751
2025-08-29 16:00:00+00:00,13602.881212689794,-0.0020894921603316075,0.0,0.1921936744092377,0.32133807807741177,0.24068906851454647,0.24577917899880408,0.0,-0.001400842755431489,-0.082613529871949
2025-08-29 18:00:00+00:00,13601.136177371074,-0.00012828424298017005,0.0,0.19235981940284952,0.32263247752668844,0.2397783537293091,0.2452293493411529,0.0,-9.894164449202877e-05,-0.08271247151644104
2025-08-29 20:00:00+00:00,13613.958230649056,0.000942719278063997,0.0,0.1917286150288669,0.32291332106645726,0.2397931693179019,0.245564894586774,0.0,0.0006127112800589526,-0.08209976023638209
2025-08-29 22:00:00+00:00,13654.7087164812,0.002993287120596877,0.0,0.1915768380963582,0.3237296759945966,0.23964464460080726,0.24504884130823787,0.0,0.001976793094947458,-0.08012296714143463
2025-08-30 00:00:00+00:00,13662.217302255052,0.0005498898533653485,0.0,0.19134337247550132,0.32321002955906436,0.23960013753307843,0.24584646043235586,0.0,0.0003469336494665979,-0.07977603349196803
2025-08-30 02:00:00+00:00,13461.84123611308,-0.014666438229532397,0.0,0.19252610975508727,0.3208679598184348,0.23982577780596992,0.24678015262050804,0.0,-0.009919522483948246,-0.08969555597591627
2025-08-30 04:00:00+00:00,13669.874283560852,0.015453535946457153,0.0,0.19133996683088414,0.32245704301437633,0.2410128383767459,0.24519015177799372,0.0,0.010289271795208468,-0.0794062841807078
2025-08-30 06:00:00+00:00,13687.581899343071,0.001295375174262814,0.0,0.19093557197750782,0.32406795504513153,0.24063576241604392,0.24436071056131684,0.0,0.0008316146128804448,-0.07857466956782735
2025-08-30 08:00:00+00:00,13724.182073647544,0.002673969337581017,0.0,0.19073757072149344,0.3248655364252859,0.24021103816137018,0.24418585469185053,0.0,0.0017405324992951835,-0.07683413706853218
2025-08-30 10:00:00+00:00,13709.41749231784,-0.0010758077421644252,0.0,0.19093132351477135,0.3243747370132897,0.24053491120452014,0.24415902826741878,0.0,-0.0007416359018098362,-0.07757577297034202
2025-08-30 12:00:00+00:00,13712.786172935937,0.00024572018614099633,0.0,0.19117004863502823,0.32437333675058405,0.24008487447686555,0.24437174013752228,0.0,0.0001366705868011454,-0.07743910238354088
2025-08-30 14:00:00+00:00,13637.938790362577,-0.005458218456077302,0.0,0.19195592103824086,0.32371560999047966,0.2400921935721554,0.24423627539912418,0.0,-0.003674931314245622,-0.0811140336977865
2025-08-30 16:00:00+00:00,13699.434600847117,0.0045091719085874615,0.0,0.19169085064938854,0.32351922015703133,0.24049278655124653,0.24429714264233357,0.0,0.0029813444072711763,-0.07813268929051533
2025-08-30 18:00:00+00:00,13661.362869039509,-0.0027790732184854727,0.0,0.19207450214206928,0.3233985246934248,0.23981133230223056,0.24471564086227524,0.0,-0.0018838952594830822,-0.08001658454999841
2025-08-30 20:00:00+00:00,13664.55065474178,0.00023334316882084316,0.0,0.19210667486879715,0.3227434999863556,0.24030028562734607,0.24484953951750119,0.0,0.00013571740567702817,-0.07988086714432138
2025-08-30 22:00:00+00:00,13650.16292798229,-0.0010529235188936337,0.0,0.19188567919354976,0.3225116532685083,0.2400299161086648,0.24557275142927706,0.0,-0.0007273258521523796,-0.08060819299647376
2025-08-31 00:00:00+00:00,13712.72907850724,0.004583546061321497,0.0,0.19141063486763413,0.3230179778339781,0.2407157357162916,0.24485565158209616,0.0,0.0030556328314049357,-0.07755256016506883
2025-08-31 02:00:00+00:00,13837.543190724526,0.00910206214260545,0.0,0.19075213406046643,0.3261643724815978,0.24018027178907408,0.24290322166886152,0.0,0.0060632727391858945,-0.07148928742588292
2025-08-31 04:00:00+00:00,13874.033300620775,0.0026370367480195167,0.0,0.1898937160774831,0.3276146596934842,0.24017111203313957,0.24232051219589315,0.0,0.0017271618805952233,-0.0697621255452877
2025-08-31 06:00:00+00:00,13799.575720113153,-0.0053666860165522134,0.0,0.19010203740377912,0.32730101585256505,0.2396972100407387,0.24289973670291712,0.0,-0.003688866006098546,-0.07345099155138625
2025-08-31 08:00:00+00:00,13783.936859941721,-0.0011332855798339425,0.0,0.19023267475681377,0.32701698222405823,0.24012041378164664,0.24262992923748147,0.0,-0.0008025930037540568,-0.0742535845551403
2025-08-31 10:00:00+00:00,13802.652422014944,0.0013577806009554827,0.0,0.1896242216446585,0.3275831858917524,0.2402263823403165,0.24256621012327262,0.0,0.0008827431800654664,-0.07337084137507484
2025-08-31 12:00:00+00:00,13815.265122653389,0.0009137881801855041,0.0,0.18924523619785583,0.32819165177519194,0.24007174121883798,0.24249137080811428,0.0,0.0005822468649760442,-0.0727885945100988
2025-08-31 14:00:00+00:00,13800.919151204456,-0.0010384144872768175,0.0,0.189491330379866,0.3281115883979237,0.23950123244448598,0.24289584877772433,0.0,-0.0007453065807201294,-0.07353390109081892
2025-08-31 16:00:00+00:00,13822.161764090231,0.0015392172545203309,0.0,0.1898993188706352,0.32863603900824856,0.238572921910628,0.24289172021048822,0.0,0.0010109744338800304,-0.0725229266569389
2025-08-31 18:00:00+00:00,13816.835241940586,-0.0003853610050696954,0.0,0.1902783685179356,0.32817707911722116,0.23778110967399813,0.24376344269084504,0.0,-0.0003025350178897027,-0.07282546167482859
2025-08-31 20:00:00+00:00,13791.778790087159,-0.001813472579984765,0.0,0.19051233755877506,0.32720994774759093,0.2380403435773077,0.2442373711163264,0.0,-0.0012829277020802352,-0.07410838937690882
2025-08-31 22:00:00+00:00,13823.083993970875,0.0022698452723310947,0.0,0.1902681199271026,0.3274953567090953,0.2378675340110096,0.2443689893527924,0.0,0.0015198374191269864,-0.07258855195778183
2025-09-01 00:00:00+00:00,13642.061862754454,-0.013095639966839268,0.0,0.19139437574324264,0.3260371630164831,0.2376836193567289,0.24488484188354537,0.0,-0.009177323028833223,-0.08176587498661506
