timestamp,portfolio_value,value_btc,value_eth,value_ltc,value_bnb,value_usdt
2025-03-08 12:00:00+00:00,10000.0,2000.0,2000.0,2000.0,2000.0,2000.0
2025-03-08 16:00:00+00:00,10055.723362163031,2010.333439628163,2036.8355937346814,1990.612127598429,2017.9422012017571,2000.0
2025-03-08 20:00:00+00:00,10097.285598632683,2006.4598249171754,2077.182007049651,1999.8084107673149,2013.8353558985407,2000.0
2025-03-09 00:00:00+00:00,10020.995793338836,2006.2024836227047,2057.5363570578215,1960.7242072995498,1996.53274535876,2000.0
2025-03-09 04:00:00+00:00,9968.342833758654,2003.7186515083497,2041.1307453488648,1942.714819427148,1980.77861747429,2000.0
2025-03-09 08:00:00+00:00,9956.799992624328,2001.133604689568,2040.2623777399103,1942.9064086598332,1972.4976015350178,2000.0
2025-03-09 12:00:00+00:00,9838.324691954514,1978.3170181822327,2004.43521090595,1908.9951144745664,1946.577348391766,2000.0
2025-03-09 16:00:00+00:00,9713.605481874938,1933.0938228898565,1958.0382361866527,1914.7427914551204,1907.730631343309,2000.0
2025-03-09 20:00:00+00:00,9579.46118943502,1922.8667168707111,1905.2452204766685,1864.3548232589328,1886.9944288287072,2000.0
2025-03-10 00:00:00+00:00,9445.151548134787,1878.509547164249,1886.5332990966176,1813.0089088993197,1867.0997929746013,2000.0
2025-03-10 04:00:00+00:00,9547.91951219712,1909.0603331545983,1921.5014356077409,1830.0603506082957,1887.2973928264857,2000.0
2025-03-10 08:00:00+00:00,9599.380178424413,1915.3726405485418,1937.766988024931,1845.5790784557908,1900.6614713951492,2000.0
2025-03-10 12:00:00+00:00,9722.387844934801,1944.764925358809,1987.0771960129791,1880.256729571798,1910.2889939912143,2000.0
2025-03-10 16:00:00+00:00,9379.360572249418,1862.439909586184,1884.1056047059924,1780.0555608774787,1852.7594970797636,2000.0
2025-03-10 20:00:00+00:00,9105.792885350264,1839.567713160785,1745.5402787179908,1710.508669412779,1810.1762240587077,2000.0
2025-03-11 00:00:00+00:00,9035.606501052436,1828.7486756288604,1741.5065711151053,1676.2141967621417,1789.1370575463284,2000.0
2025-03-11 04:00:00+00:00,9045.031827216375,1850.304615541762,1727.1925114965336,1672.5740013411246,1794.960698836955,2000.0
2025-03-11 08:00:00+00:00,9214.728964973683,1871.3072484038034,1777.9126496883682,1686.5600153271387,1878.9490515543735,2000.0
2025-03-11 12:00:00+00:00,9238.766546985962,1901.448056671858,1787.2686103783935,1705.3357601302807,1844.7141198054298,2000.0
2025-03-11 16:00:00+00:00,9249.8866633826,1890.0910688028475,1787.6140899647519,1724.303094166108,1847.8784104488918,2000.0
2025-03-11 20:00:00+00:00,9386.611073979808,1933.6431744235326,1822.544877331404,1758.980745282115,1871.4422769427567,2000.0
2025-03-12 00:00:00+00:00,9315.40716262383,1929.6639241359728,1795.9522864679382,1732.9246096369384,1856.8663423829803,2000.0
2025-03-12 04:00:00+00:00,9196.334957914245,1910.9273372656603,1745.0360652676302,1698.8217262189864,1841.5498291619679,2000.0
2025-03-12 08:00:00+00:00,9298.438009619476,1918.3741800590976,1784.5981465487057,1724.494683398793,1870.9709996128793,2000.0
2025-03-12 12:00:00+00:00,9345.008272579924,1931.3266374183315,1789.8176894885503,1742.1208928058245,1881.7430528672176,2000.0
2025-03-12 16:00:00+00:00,9227.740337593274,1901.8817674972595,1745.9417820210556,1720.088131047035,1859.8286570279233,2000.0
2025-03-12 20:00:00+00:00,9338.617849853385,1929.26720903012,1753.7851023599992,1747.868569786378,1907.696968676889,2000.0
2025-03-13 00:00:00+00:00,9400.16474413777,1947.047956806683,1781.7409369966622,1753.0414790688765,1918.334371265548,2000.0
2025-03-13 04:00:00+00:00,9383.049655860428,1944.65184410283,1761.8245057074162,1732.9246096369384,1943.648696413243,2000.0
2025-03-13 08:00:00+00:00,9340.135180958154,1934.759793656956,1748.154718830972,1710.508669412779,1946.7119990574454,2000.0
2025-03-13 12:00:00+00:00,9381.367732647286,1930.6614124988992,1774.3084572469015,1728.7096465178658,1947.6882163836199,2000.0
2025-03-13 16:00:00+00:00,9291.467247267849,1885.7281333483952,1751.1239758164293,1697.0974231248204,1957.5177149782035,2000.0
2025-03-13 20:00:00+00:00,9198.492137640804,1866.315385717023,1729.0132822895027,1660.1207012165917,1943.0427684176866,2000.0
2025-03-14 00:00:00+00:00,9267.873521512141,1887.3815395314969,1741.0210322369803,1687.7095507232493,1951.7613990204163,2000.0
2025-03-14 04:00:00+00:00,9338.080139535705,1905.3672761692073,1764.0747916618036,1706.6768847590765,1961.9611869456182,2000.0
2025-03-14 08:00:00+00:00,9331.727141150877,1911.9304098881414,1767.6229603865636,1711.0834371108344,1941.0903337653376,2000.0
2025-03-14 12:00:00+00:00,9393.247892004812,1937.1133263817057,1776.3346483344617,1731.7750742408277,1948.024843047818,2000.0
2025-03-14 16:00:00+00:00,9485.050465672255,1971.350189033003,1794.8131375615678,1750.9339975093399,1967.9531415683439,2000.0
2025-03-14 20:00:00+00:00,9511.456208911233,1967.3811765546259,1805.9805317584446,1758.0227991186896,1980.0717014794743,2000.0
2025-03-15 00:00:00+00:00,9467.202431028945,1954.099713236638,1784.9529634211817,1749.5928728805438,1978.556881490583,2000.0
2025-03-15 04:00:00+00:00,9521.13692540643,1965.9385761697074,1793.1604379187193,1765.303189960724,1996.7347213572787,2000.0
2025-03-15 08:00:00+00:00,9484.036613351142,1950.472969333457,1790.592684236327,1754.382603697672,1988.5883560836855,2000.0
2025-03-15 12:00:00+00:00,9563.384945930855,1956.9046402753786,1801.1624921216649,1799.0228949133061,2006.2949186205042,2000.0
2025-03-15 16:00:00+00:00,9577.769593660809,1962.5421829731504,1809.416653049791,1775.649008525721,2030.1617491121472,2000.0
2025-03-15 20:00:00+00:00,9609.954933965222,1961.470935848608,1808.9311141716662,1781.0135070409042,2058.5393769040447,2000.0
2025-03-16 00:00:00+00:00,9629.270997602574,1962.365580764739,1808.8003921660172,1771.6256346393334,2086.479390032485,2000.0
2025-03-16 04:00:00+00:00,9581.359122129716,1962.223880178543,1799.780573776232,1767.9854392183158,2051.3692289566256,2000.0
2025-03-16 08:00:00+00:00,9560.88349751935,1960.865043686942,1798.2585961390325,1765.303189960724,2036.456667732651,2000.0
2025-03-16 12:00:00+00:00,9372.894275822855,1917.4953572117047,1749.8167557599384,1702.653510872689,2002.9286519785235,2000.0
2025-03-16 16:00:00+00:00,9440.251516600423,1938.6880875760812,1769.4250566072974,1709.5507232493535,2022.5876491676909,2000.0
2025-03-16 20:00:00+00:00,9420.374137476054,1933.514271098816,1757.9588692546513,1713.382507903056,2015.5184892195311,2000.0
2025-03-17 00:00:00+00:00,9438.995853924298,1921.3231344588487,1761.9552277130651,1728.5180572851807,2027.1994344672044,2000.0
2025-03-17 04:00:00+00:00,9622.63376853372,1946.9437172949986,1782.3478605943185,1787.9107194175685,2105.431471226836,2000.0
2025-03-17 08:00:00+00:00,9606.807434232898,1944.436384755018,1774.7846588389086,1767.4106715202606,2120.175719118711,2000.0
2025-03-17 12:00:00+00:00,9632.689243133642,1943.1997039411726,1783.963211092696,1782.3546316697,2123.171696430074,2000.0
2025-03-17 16:00:00+00:00,9647.7260155519,1943.5798989458433,1792.2640584514113,1791.1677363732158,2120.714321781428,2000.0
2025-03-17 20:00:00+00:00,9684.744894520432,1965.7186959497483,1813.5063843693833,1791.1677363732158,2114.3520778280845,2000.0
2025-03-18 00:00:00+00:00,9648.137341879261,1954.7239869193374,1798.6414248698616,1768.3686176836861,2126.403312406376,2000.0
2025-03-18 04:00:00+00:00,9547.438362649402,1934.657415565123,1775.176824855856,1722.5787910719416,2115.0253311564807,2000.0
2025-03-18 08:00:00+00:00,9559.96657310104,1935.0345857625346,1778.7996918695583,1714.915221764537,2131.2170737044084,2000.0
2025-03-18 12:00:00+00:00,9511.043386307305,1921.4760035641536,1767.0066995027898,1697.6721908228758,2124.8884924174845,2000.0
2025-03-18 16:00:00+00:00,9457.632177563153,1898.8860449237395,1756.371530614627,1690.0086215154706,2112.365980509316,2000.0
2025-03-18 20:00:00+00:00,9518.36380612935,1915.3358775064744,1778.3515021359042,1696.522655426765,2128.1537710602056,2000.0
2025-03-19 00:00:00+00:00,9566.380370912197,1924.5924857505402,1803.5341627955836,1724.8778618641632,2113.37586050191,2000.0
2025-03-19 04:00:00+00:00,9561.25939055917,1932.0879581375982,1809.8741800695627,1736.756394290641,2082.540858061367,2000.0
2025-03-19 08:00:00+00:00,9529.287272636193,1935.6439680864219,1803.963677957002,1717.4058817894436,2072.2737448033263,2000.0
2025-03-19 12:00:00+00:00,9676.572767002948,1951.731289153076,1893.6016246877848,1753.0414790688765,2078.198374093212,2000.0
2025-03-19 16:00:00+00:00,9703.640960530149,1971.5472668597813,1913.2099255351434,1765.4947791934094,2053.388988941814,2000.0
2025-03-19 20:00:00+00:00,9725.954898525997,1987.8423689173599,1896.4681715259462,1769.1349746144267,2072.5093834682643,2000.0
2025-03-20 00:00:00+00:00,9825.907863200342,2020.7092265579472,1919.7927122481856,1802.6630903343232,2082.7428340598863,2000.0
2025-03-20 04:00:00+00:00,9782.797159456419,1998.4903885004273,1888.6995494759449,1792.7004502346965,2102.9067712453507,2000.0
2025-03-20 08:00:00+00:00,9738.204692727712,1996.7541491339339,1874.5068745769042,1765.6863684260943,2101.25730059078,2000.0
2025-03-20 12:00:00+00:00,9715.084491049894,1989.4427246346936,1857.2702444034642,1758.597566816745,2109.7739551949912,2000.0
2025-03-20 16:00:00+00:00,9667.482768146976,1970.5751403423315,1841.3221597142792,1754.7657821630426,2100.8196859273226,2000.0
2025-03-20 20:00:00+00:00,9687.789819176838,1958.6062106971378,1843.8899133966713,1774.307883896925,2110.985811186104,2000.0
2025-03-21 00:00:00+00:00,9721.675957913438,1959.688393663308,1852.3214827610357,1787.3359517195136,2122.3301297695793,2000.0
2025-03-21 04:00:00+00:00,9703.860223511521,1965.0071682115095,1847.06459067672,1771.242456173963,2120.5460084493293,2000.0
2025-03-21 08:00:00+00:00,9693.718068852715,1953.0480110205365,1845.7853824785827,1776.223776223776,2118.6608991298203,2000.0
2025-03-21 12:00:00+00:00,9715.184445141544,1955.5732597265878,1836.4667709330286,1785.2284701599772,2137.91594432195,2000.0
2025-03-21 16:00:00+00:00,9690.609279280989,1944.3803094819914,1821.415065711151,1789.82661174442,2134.9872923434264,2000.0
2025-03-21 20:00:00+00:00,9708.600138090671,1953.4752068764574,1843.105581362777,1773.7331161988695,2138.2862336525677,2000.0
2025-03-22 00:00:00+00:00,9670.347389558494,1956.5567874406279,1835.4676813184249,1740.205000478973,2138.1179203204683,2000.0
2025-03-22 04:00:00+00:00,9683.029250956803,1960.464373063905,1854.4503839958916,1745.9526774595267,2122.16181643748,2000.0
2025-03-22 08:00:00+00:00,9683.18597295544,1960.8827271755317,1852.7229860641005,1744.9947312961012,2124.585528419706,2000.0
2025-03-22 12:00:00+00:00,9683.954756763322,1960.0574201488694,1858.5027661710128,1752.6583006035062,2112.736269839934,2000.0
2025-03-22 16:00:00+00:00,9659.695446568734,1957.0288900504665,1854.655804290483,1741.737714340454,2106.273037887331,2000.0
2025-03-22 20:00:00+00:00,9694.26880544014,1958.4833569869381,1863.6756226802681,1764.1536545646136,2107.9561712083214,2000.0
2025-03-23 00:00:00+00:00,9661.432985362024,1950.7817323513257,1849.4175867784031,1750.5508190439698,2110.682847188326,2000.0
2025-03-23 04:00:00+00:00,9696.39514866767,1959.7118940889334,1875.2258456079742,1760.7050483762814,2100.7523605944825,2000.0
2025-03-23 08:00:00+00:00,9688.819437047587,1961.0016253685467,1874.964401596676,1756.1069067918381,2096.7465032905257,2000.0
2025-03-23 12:00:00+00:00,9704.701588468,1970.3129128207504,1874.9363897383228,1766.6443145895198,2092.8079713194084,2000.0
2025-03-23 16:00:00+00:00,9724.643405876384,1982.165736402706,1874.0493475571327,1776.7985439218314,2091.629777994715,2000.0
2025-03-23 20:00:00+00:00,9688.560468501051,1978.0191910059914,1864.0024276943907,1749.0181051824889,2097.520744618181,2000.0
2025-03-24 00:00:00+00:00,9728.531619406096,2002.9459295924923,1873.0502579425292,1752.6583006035062,2099.8771312675676,2000.0
2025-03-24 04:00:00+00:00,9759.772779835905,2013.4064111255204,1880.9869511426505,1767.2190822875752,2098.1603352801576,2000.0
2025-03-24 08:00:00+00:00,9828.152763304191,2021.3744514773803,1932.0525689208432,1777.3733116198869,2097.352431286082,2000.0
2025-03-24 12:00:00+00:00,9913.455455474315,2040.3376662146134,1954.0792268727096,1795.7658779576589,2123.272684429334,2000.0
2025-03-24 16:00:00+00:00,9934.686496624388,2055.705781186141,1951.268703751255,1803.4294472650636,2124.282564421928,2000.0
2025-03-24 20:00:00+00:00,9956.662322596052,2052.727509423729,1950.288288708887,1811.8593735032089,2141.787150960228,2000.0
2025-03-25 00:00:00+00:00,9920.274523925704,2035.885149929807,1943.2759868344265,1796.5322348883992,2144.5811522730714,2000.0
2025-03-25 04:00:00+00:00,9843.303139337066,2013.146277701272,1907.8409860174143,1767.6022607529458,2154.7136148654336,2000.0
2025-03-25 08:00:00+00:00,9859.537209920076,2011.1901581148195,1919.3351852284136,1769.518153079797,2159.4937134970464,2000.0
2025-03-25 12:00:00+00:00,9884.013326288414,2032.9133931368754,1931.5857046149536,1783.8873455311812,2135.6268830054028,2000.0
2025-03-25 16:00:00+00:00,9896.62394679125,2042.3119346446183,1930.6426387170573,1789.82661174442,2133.842761685153,2000.0
2025-03-25 20:00:00+00:00,9907.57334729093,2050.266247025073,1938.0844557529356,1794.233164096178,2124.989480416744,2000.0
2025-03-26 00:00:00+00:00,9890.646285987608,2033.4355214052234,1929.2327085132706,1807.8359996168217,2120.142056452292,2000.0
2025-03-26 04:00:00+00:00,9849.05151009918,2027.8656878545496,1913.26594925185,1793.4668071654373,2114.4530658273443,2000.0
2025-03-26 08:00:00+00:00,9949.052872153317,2050.8297918851167,1932.1272672097857,1833.700546029313,2132.3952670291014,2000.0
2025-03-26 12:00:00+00:00,9945.124786878754,2046.5140899593966,1931.436308037069,1841.7472938020883,2125.427095080201,2000.0
2025-03-26 16:00:00+00:00,9783.117717109339,2018.5357862038309,1878.914073624501,1782.9293993677554,2102.7384579132513,2000.0
2025-03-26 20:00:00+00:00,9728.485133973347,2014.2233417628504,1867.373187982913,1764.920011495354,2081.9685927322303,2000.0
2025-03-27 00:00:00+00:00,9749.547472112661,2022.1806789505638,1876.346319942109,1770.6676884759077,2080.3527847440796,2000.0
2025-03-27 04:00:00+00:00,9842.400675819848,2039.8874352880298,1896.701603678891,1796.3406456557143,2109.4709911972127,2000.0
2025-03-27 08:00:00+00:00,9871.002950446757,2033.600955094526,1892.126333481174,1806.6864642207108,2138.589197650346,2000.0
2025-03-27 12:00:00+00:00,9831.592281247378,2022.9796934218234,1882.5929643549105,1796.149056423029,2129.870567047616,2000.0
2025-03-27 16:00:00+00:00,9828.171529382373,2023.6907558050996,1872.574056350522,1787.5275409521985,2144.3791762745527,2000.0
2025-03-27 20:00:00+00:00,9825.135976761834,2025.6994605023574,1871.3135227246203,1774.1162946642396,2154.0066988706176,2000.0
2025-03-28 00:00:00+00:00,9823.856643342608,2029.6924387613226,1870.884007563202,1777.7564900852574,2145.5237069328264,2000.0
2025-03-28 04:00:00+00:00,9790.039036060478,2019.342013677015,1867.3078269800883,1770.859277708593,2132.5299176947806,2000.0
2025-03-28 08:00:00+00:00,9574.855994656413,1982.7141572264563,1783.617731506338,1692.6908707730624,2115.833235150556,2000.0
2025-03-28 12:00:00+00:00,9581.52329354018,1983.6976849404969,1774.5232148276104,1690.200210748156,2133.1021830239174,2000.0
2025-03-28 16:00:00+00:00,9480.688873775563,1955.6809894004937,1748.0613459697943,1671.616055177699,2105.3304832275767,2000.0
2025-03-28 20:00:00+00:00,9438.715721328375,1949.6218351063553,1749.9661523378231,1655.1393811667785,2083.988352717419,2000.0
2025-03-29 00:00:00+00:00,9495.724278827081,1964.3652110402209,1771.1898036835596,1673.7235367372355,2086.4457273660646,2000.0
2025-03-29 04:00:00+00:00,9470.565496169123,1958.3602705992575,1773.9349658021897,1674.681482900661,2063.588776867016,2000.0
2025-03-29 08:00:00+00:00,9399.74131842708,1948.251132063201,1755.5405121501437,1649.96647188428,2045.9832023294564,2000.0
2025-03-29 12:00:00+00:00,9303.78500336577,1914.785827940354,1722.3091108569295,1643.2608487403006,2023.4292158281858,2000.0
2025-03-29 16:00:00+00:00,9320.535344430984,1917.5933144313904,1718.2847405401621,1649.0085257208543,2035.648763738576,2000.0
2025-03-29 20:00:00+00:00,9314.310574566745,1925.6016079875387,1706.3890380260978,1643.0692595076157,2039.250669045495,2000.0
2025-03-30 00:00:00+00:00,9297.165486047452,1923.0451804989746,1706.9399379070474,1637.321582527062,2029.858785114369,2000.0
2025-03-30 04:00:00+00:00,9348.208841234133,1933.2897373292278,1712.8224281612552,1652.0739534438164,2050.0227222998337,2000.0
2025-03-30 08:00:00+00:00,9341.349679810652,1933.0049400919472,1715.9504190107148,1650.3496503496503,2042.0446703583393,2000.0
2025-03-30 12:00:00+00:00,9329.743944464371,1933.8234994716474,1711.7859894021803,1647.4758118593734,2036.6586437311698,2000.0
2025-03-30 16:00:00+00:00,9301.39360227501,1924.9307988085518,1693.5596069002545,1655.9057380975191,2026.9974584686854,2000.0
2025-03-30 20:00:00+00:00,9303.25944542824,1920.724687976589,1693.989122061673,1655.5225596321486,2033.023075757831,2000.0
2025-03-31 00:00:00+00:00,9281.908984681071,1917.0297695713466,1687.938560657345,1649.774882651595,2027.1657718007848,2000.0
2025-03-31 04:00:00+00:00,9217.99410721122,1897.0195061676402,1679.142837134387,1624.2935147044736,2017.5382492047195,2000.0
2025-03-31 08:00:00+00:00,9196.12307233133,1906.4082752211627,1679.6937370153366,1603.7934668071655,2006.2275932876644,2000.0
2025-03-31 12:00:00+00:00,9187.36412529158,1912.7368700388072,1693.2514764583675,1575.8214388351375,2005.554339959268,2000.0
2025-03-31 16:00:00+00:00,9289.69716342054,1940.9671635067707,1720.1335231914845,1594.5971836382796,2033.999293084005,2000.0
2025-03-31 20:00:00+00:00,9259.27584177717,1918.7110970522206,1706.5851210345716,1596.5130759651306,2037.4665477252454,2000.0
2025-04-01 00:00:00+00:00,9248.166823796246,1920.7526092743617,1701.6550339643786,1589.8074528211514,2035.9517277363536,2000.0
2025-04-01 04:00:00+00:00,9298.62559230219,1930.3584664180662,1713.3920026144403,1604.751412970591,2050.1237102990926,2000.0
2025-04-01 08:00:00+00:00,9341.26450668719,1941.5888777371745,1731.3756156773034,1613.5645176741066,2054.735495598606,2000.0
2025-04-01 12:00:00+00:00,9348.50674245058,1952.8693147147915,1738.9481547188311,1611.6486253472556,2045.0406476697021,2000.0
2025-04-01 16:00:00+00:00,9487.985333257866,1984.2940373254237,1791.4423772730456,1641.1533671807642,2071.095551478633,2000.0
2025-04-01 20:00:00+00:00,9432.677950254138,1977.107095278753,1783.515021359042,1623.1439793083628,2048.91185430798,2000.0
2025-04-02 00:00:00+00:00,9435.916078983264,1981.4430401453585,1778.734330866734,1618.54583772392,2057.1928702472524,2000.0
2025-04-02 04:00:00+00:00,9332.050307484591,1967.2881055620505,1752.0483671420902,1588.2747389596705,2024.4390958207798,2000.0
2025-04-02 08:00:00+00:00,9295.224525572958,1964.41035047162,1741.4692219706342,1566.0503879681962,2023.2945651625064,2000.0
2025-04-02 12:00:00+00:00,9310.394290490607,1967.681563183163,1744.8866686897454,1578.5036880927291,2019.3223705249693,2000.0
2025-04-02 16:00:00+00:00,9471.101650292982,2018.6556151067716,1775.214174000327,1641.9197241115048,2035.312137074378,2000.0
2025-04-02 20:00:00+00:00,9507.986314519196,2021.9675463775664,1784.7755549849437,1662.228182776128,2039.0150303805567,2000.0
2025-04-03 00:00:00+00:00,9146.58669345926,1919.9680208069512,1676.2389411517545,1562.0270140818086,1988.3527174187466,2000.0
2025-04-03 04:00:00+00:00,9269.89311451745,1942.483988008268,1703.5598403324075,1599.5785036880925,2024.2707824886809,2000.0
2025-04-03 08:00:00+00:00,9258.495318498528,1941.8508725812737,1695.0068862485118,1601.8775744803143,2019.759985188427,2000.0
2025-04-03 12:00:00+00:00,9190.93360163012,1933.457032438382,1676.164242862812,1584.4429543059682,1996.869372022958,2000.0
2025-04-03 16:00:00+00:00,9114.649079670404,1908.870235652263,1664.1471556292165,1568.1578695277326,1973.473818861192,2000.0
2025-04-03 20:00:00+00:00,9130.933914031577,1908.182441017131,1668.6757393963444,1573.3307788102309,1980.7449548078703,2000.0
2025-04-04 00:00:00+00:00,9226.911925700671,1936.1812203910633,1696.7996451831277,1598.8121467573524,1995.1189133691278,2000.0
2025-04-04 04:00:00+00:00,9193.257650287229,1927.0006976834281,1674.0913653446628,1595.36354056902,1996.8020466901182,2000.0
2025-04-04 08:00:00+00:00,9290.151581449152,1954.3244796837075,1697.462592497491,1624.2935147044736,2014.0709945634794,2000.0
2025-04-04 12:00:00+00:00,9152.28473210515,1923.7876543422447,1665.6597959802987,1580.6111696522655,1982.226112130342,2000.0
2025-04-04 16:00:00+00:00,9220.8467408123,1927.9656111989534,1676.2669530101077,1618.1626592585496,1998.451517344689,2000.0
2025-04-04 20:00:00+00:00,9271.515934748973,1954.7235215643746,1690.2448703284392,1616.2467669316984,2010.300775924461,2000.0
2025-04-05 00:00:00+00:00,9277.657154822275,1951.9283669798544,1696.472840169005,1617.204713095124,2012.051234578291,2000.0
2025-04-05 04:00:00+00:00,9262.386361034673,1945.7424034583319,1690.0581246060833,1619.8869623527157,2006.6988706175416,2000.0
2025-04-05 08:00:00+00:00,9250.934352705815,1943.4463420714974,1693.055393449894,1609.349554555034,2005.083062629391,2000.0
2025-04-05 12:00:00+00:00,9239.441165074291,1941.7561728463286,1687.5650692126335,1600.7280390842034,2009.391883931126,2000.0
2025-04-05 16:00:00+00:00,9153.308110623768,1922.340633085179,1663.9137234762718,1574.863492671712,1992.1902613906045,2000.0
2025-04-05 20:00:00+00:00,9151.340593941708,1927.965378521472,1664.0631200541566,1569.8821726218985,1989.4299227441804,2000.0
2025-04-06 00:00:00+00:00,9210.7669684067,1943.7409117629986,1686.3325474450853,1584.059775840598,1996.6337333580193,2000.0
2025-04-06 04:00:00+00:00,9199.039816987468,1939.230458785314,1689.8713788837276,1577.5457419293036,1992.3922373891237,2000.0
2025-04-06 08:00:00+00:00,9163.367677168473,1931.8040916102434,1678.5639253950842,1565.858798735511,1987.1408614276336,2000.0
2025-04-06 12:00:00+00:00,9137.104524065513,1927.8723075288965,1670.617894908845,1555.5129801705143,1983.101341457257,2000.0
2025-04-06 16:00:00+00:00,9031.530656714358,1920.7144501674056,1642.9515161418335,1511.255867420251,1956.6088229848685,2000.0
2025-04-06 20:00:00+00:00,8648.476945958544,1852.446411758403,1518.466817619459,1396.4939170418622,1881.0697995388211,2000.0
2025-04-07 00:00:00+00:00,8524.223847971,1824.8894869217222,1476.0101776418685,1353.1947504550244,1870.1294329523841,2000.0
2025-04-07 04:00:00+00:00,8405.25622141517,1808.085053857275,1441.3875207171038,1303.7647284222626,1852.0189184185278,2000.0
2025-04-07 08:00:00+00:00,8131.538084621208,1748.0130797319416,1363.3838324890871,1235.750550819044,1784.3906215811355,2000.0
2025-04-07 12:00:00+00:00,8271.738977552535,1784.3016924145627,1384.8222414155327,1284.7973943864354,1817.8176493360038,2000.0
2025-04-07 16:00:00+00:00,8479.525560282236,1826.0507802315817,1453.4046079506993,1341.8909857266024,1858.1791863733526,2000.0
2025-04-07 20:00:00+00:00,8480.126245134448,1817.9191676102705,1443.0495576460703,1354.9190535491905,1864.2384663289179,2000.0
2025-04-08 00:00:00+00:00,8519.091656282144,1841.950330570715,1450.1178832372373,1360.0919628316888,1866.9314796425026,2000.0
2025-04-08 04:00:00+00:00,8608.69916039327,1859.186147685749,1479.6890683722777,1379.0592968675162,1890.7646474677258,2000.0
2025-04-08 08:00:00+00:00,8571.627523865176,1849.6931391205417,1466.7289152407855,1369.2882460005746,1885.9172235032738,2000.0
2025-04-08 12:00:00+00:00,8645.037269736491,1861.001032040969,1483.0598286608,1403.0079509531565,1897.9684580815647,2000.0
2025-04-08 16:00:00+00:00,8511.56001708515,1826.4716937955036,1430.2481383785803,1370.4377813966855,1884.4024035143823,2000.0
2025-04-08 20:00:00+00:00,8337.959452994106,1788.2206792344307,1369.4717430378862,1319.0918670370725,1861.1751636847155,2000.0
2025-04-09 00:00:00+00:00,8340.616218417865,1775.8508462887187,1375.7650738812765,1325.0311332503113,1863.9691649975596,2000.0
2025-04-09 04:00:00+00:00,8206.37132002096,1746.7875674372053,1324.7648171059084,1307.9796915413353,1826.8392439365125,2000.0
2025-04-09 08:00:00+00:00,8418.649816212965,1807.76721641763,1385.1397091435376,1352.0452150589135,1873.6976755928838,2000.0
2025-04-09 12:00:00+00:00,8325.150211410473,1773.700673682746,1358.8832605803123,1339.975093399751,1852.5911837476647,2000.0
2025-04-09 16:00:00+00:00,8442.48030781967,1797.6199187746179,1386.8297579308576,1368.7134783025194,1889.317152811674,2000.0
2025-04-09 20:00:00+00:00,8880.860088001456,1915.682101598855,1532.1832909264922,1481.3679471213716,1951.6267483547372,2000.0
2025-04-10 00:00:00+00:00,8898.036713522637,1922.2701318083032,1558.8692546511359,1456.6529361049909,1960.244390958208,2000.0
2025-04-10 04:00:00+00:00,8775.999076763754,1902.7247580125108,1509.8391652466212,1426.9566050387969,1936.478548465824,2000.0
2025-04-10 08:00:00+00:00,8759.314136326706,1898.5507566729864,1490.0534559630246,1420.0593926621325,1950.650531028563,2000.0
2025-04-10 12:00:00+00:00,8745.025188521375,1905.2097535142734,1489.1103900651276,1412.7790018200976,1937.9260431218759,2000.0
2025-04-10 16:00:00+00:00,8510.254860466986,1832.503624824314,1396.8299913630105,1368.7134783025194,1912.2077659771428,2000.0
2025-04-10 20:00:00+00:00,8596.078544106651,1853.214945479594,1414.2253554004528,1393.236900086215,1935.4013431403903,2000.0
2025-04-11 00:00:00+00:00,8633.564882318919,1852.2826068114705,1421.3590419944444,1414.1201264488936,1945.8031070641105,2000.0
2025-04-11 04:00:00+00:00,8713.27460238197,1881.034563192819,1442.2465510399402,1436.919245138423,1953.0742430107891,2000.0
2025-04-11 08:00:00+00:00,8750.042742370892,1890.8945041462543,1450.1272205233552,1451.6716160551778,1957.3494016461045,2000.0
2025-04-11 12:00:00+00:00,8786.858996712086,1910.9724766970592,1455.496160041084,1457.4192930357312,1962.971066938212,2000.0
2025-04-11 16:00:00+00:00,8814.208744806445,1920.0950627118168,1461.6961180232968,1462.2090238528594,1970.2085402184705,2000.0
2025-04-11 20:00:00+00:00,8865.066062054164,1951.1933388159903,1462.0229230374193,1471.9800747198005,1979.8697254809551,2000.0
2025-04-12 00:00:00+00:00,8836.212318364513,1941.0846656348972,1463.012675365905,1459.7183638279528,1972.396613535758,2000.0
2025-04-12 04:00:00+00:00,8793.670258251208,1930.598124223948,1451.3877541492568,1442.2837436536067,1969.4006362243952,2000.0
2025-04-12 08:00:00+00:00,8868.289775023335,1948.0903519235274,1477.1960129788276,1460.6763099913785,1982.3271001296011,2000.0
2025-04-12 12:00:00+00:00,8881.657555155925,1943.5154472834845,1488.4194308924114,1462.7837915509147,1986.9388854291149,2000.0
2025-04-12 16:00:00+00:00,9055.394240768406,1977.9540413111886,1546.1425336725883,1514.129705910528,2017.1679598741016,2000.0
2025-04-12 20:00:00+00:00,9024.207172206483,1976.4414050043574,1533.7799668526345,1506.849315068493,2007.136485280999,2000.0
2025-04-13 00:00:00+00:00,9036.566112424385,1984.2016643652926,1535.2272462008918,1506.466136603123,2010.6710652550785,2000.0
2025-04-13 04:00:00+00:00,9009.055957620698,1987.8174724268458,1516.860804407199,1498.4193888303475,2005.9582919563059,2000.0
2025-04-13 08:00:00+00:00,8980.429255401868,1964.1027508411585,1506.5804523915126,1512.4054028163616,1997.3406493528355,2000.0
2025-04-13 12:00:00+00:00,8956.504954070168,1966.791571816661,1497.9714745909102,1511.0642781875658,1980.6776294750307,2000.0
2025-04-13 16:00:00+00:00,8896.016558774907,1950.9927708269904,1481.4631527346578,1496.8866749688668,1966.673960244391,2000.0
2025-04-13 20:00:00+00:00,8892.932209094246,1954.0562025476092,1484.8619248815332,1492.2885333844238,1961.7255482806793,2000.0
2025-04-14 00:00:00+00:00,8899.178923981,1948.9065845284133,1491.8742267559935,1491.5221764536832,1966.8759362429098,2000.0
2025-04-14 04:00:00+00:00,8980.176193765248,1967.6613202422777,1521.6041457550364,1510.8726889548807,1980.0380388130545,2000.0
2025-04-14 08:00:00+00:00,8977.094057990285,1968.0040541724366,1527.1878428534746,1493.2464795478493,1988.655681416525,2000.0
2025-04-14 12:00:00+00:00,9039.192383052798,1976.0730765512403,1564.2942178855717,1503.9754765782163,1994.8496120377697,2000.0
2025-04-14 16:00:00+00:00,8912.70299269947,1956.8446094851674,1520.0541562594833,1464.3165054123958,1971.4877215424233,2000.0
2025-04-14 20:00:00+00:00,8957.70006686743,1975.9686043620748,1528.1215714652537,1476.7698055369287,1976.8400855031728,2000.0
2025-04-15 00:00:00+00:00,8930.986551097805,1968.2555785298716,1516.1698452344826,1478.8772870964651,1967.6838402369851,2000.0
2025-04-15 04:00:00+00:00,8996.989540964456,1986.5996384889972,1529.354093232802,1503.0175304147908,1978.018278827866,2000.0
2025-04-15 08:00:00+00:00,9014.51345958172,1994.436216063844,1535.8248325124305,1499.5689242264584,1984.683486778988,2000.0
2025-04-15 12:00:00+00:00,8975.981113970853,1991.4686474655778,1523.9011181400126,1479.2604655618354,1981.3508828034269,2000.0
2025-04-15 16:00:00+00:00,8906.910770652794,1975.8541270412068,1513.583416979855,1449.7557237283265,1967.717502903405,2000.0
2025-04-15 20:00:00+00:00,8861.341869384036,1954.4561751382016,1500.4551926982424,1441.7089759555513,1964.721525592042,2000.0
2025-04-16 00:00:00+00:00,8822.789887616615,1946.2072930662462,1483.4800065361005,1442.2837436536067,1950.8188443606618,2000.0
2025-04-16 04:00:00+00:00,8852.055841073907,1947.4095376128384,1485.5995704848385,1455.50340070888,1963.543332267349,2000.0
2025-04-16 08:00:00+00:00,8794.82768055921,1939.6732440324915,1460.6129928336331,1448.0314206341602,1946.5100230589264,2000.0
2025-04-16 12:00:00+00:00,8831.966016290924,1955.6160723831724,1479.194192208035,1437.6856020691637,1959.4701496305524,2000.0
2025-04-16 16:00:00+00:00,8859.83004410098,1974.188854306552,1485.2821027568339,1436.3444774403677,1964.0146095972264,2000.0
2025-04-16 20:00:00+00:00,8856.818873604072,1962.26227196298,1483.3306099582157,1442.666922118977,1968.5590695639,2000.0
2025-04-17 00:00:00+00:00,8813.962353066338,1955.1977182715461,1472.6300800672286,1424.2743557812053,1961.8601989463584,2000.0
2025-04-17 04:00:00+00:00,8815.41892332479,1954.356589176146,1479.8758140946336,1421.7836957562984,1959.4028242977129,2000.0
2025-04-17 08:00:00+00:00,8875.511725947843,1970.0797699843488,1495.4597446252246,1445.9239390746238,1964.0482722636461,2000.0
2025-04-17 12:00:00+00:00,8869.65515494905,1967.5673185397766,1487.6817852891058,1441.1342082574959,1973.2718428626733,2000.0
2025-04-17 16:00:00+00:00,8869.745892041155,1966.862771125981,1478.251126310138,1439.4099051633298,1985.2220894417048,2000.0
2025-04-17 20:00:00+00:00,8878.473908337288,1974.2463256444673,1476.6357758117606,1438.8351374652743,1988.7566694157842,2000.0
2025-04-18 00:00:00+00:00,8878.777611206928,1976.5468079034492,1478.6806414715566,1435.7697097423122,1987.78045208961,2000.0
2025-04-18 04:00:00+00:00,8883.585776039814,1973.7563068685579,1479.1568430635637,1442.8585113516622,1987.8141147560298,2000.0
2025-04-18 08:00:00+00:00,8878.168632227422,1969.723773437748,1479.1194939190923,1447.839831401475,1981.4855334691063,2000.0
2025-04-18 12:00:00+00:00,8898.3858625564,1970.0595270434637,1485.2540908984806,1450.713669891752,1992.358574722704,2000.0
2025-04-18 16:00:00+00:00,8894.24017560463,1963.2069425376203,1478.251126310138,1454.1622760800842,1998.6198306767878,2000.0
2025-04-18 20:00:00+00:00,8915.25112871997,1967.586630770736,1487.719134433577,1465.4660408085065,1994.4793227071518,2000.0
2025-04-19 00:00:00+00:00,8896.75545726584,1965.536044126819,1483.3212726720978,1456.0781684069354,1991.8199720599869,2000.0
2025-04-19 04:00:00+00:00,8931.448901197997,1975.0530184726142,1491.8648894698756,1467.1903439026726,1997.3406493528355,2000.0
2025-04-19 08:00:00+00:00,8934.744810510034,1982.8165353182897,1494.8434837414509,1460.4847207586936,1996.6000706915995,2000.0
2025-04-19 12:00:00+00:00,8919.471252445153,1982.817000673252,1490.9778472886856,1456.0781684069354,1989.5982360762794,2000.0
2025-04-19 16:00:00+00:00,8916.803525968808,1982.2069203169206,1500.7633231401294,1449.7557237283265,1984.0775587834312,2000.0
2025-04-19 20:00:00+00:00,8927.395745228498,1979.7493807579679,1507.7849623007073,1450.330491426382,1989.53091074344,2000.0
2025-04-20 00:00:00+00:00,8935.845912531877,1979.5502088338567,1506.347020238568,1457.9940607337867,1991.9546227256662,2000.0
2025-04-20 04:00:00+00:00,8949.700030374068,1981.6866534684245,1505.0491374681949,1468.1482900660983,1994.8159493713497,2000.0
2025-04-20 08:00:00+00:00,8932.162038780138,1972.7329913051915,1491.5941081724598,1468.3398792987834,1999.495060003703,2000.0
2025-04-20 12:00:00+00:00,8861.597531247402,1957.51146314697,1468.3909521697517,1449.5641344956414,1986.1309814350393,2000.0
2025-04-20 16:00:00+00:00,8867.091231690314,1962.510073480712,1469.2313079203532,1455.3118114761949,1980.0380388130545,2000.0
2025-04-20 20:00:00+00:00,8923.384779241733,1969.6523414509466,1481.0709867177109,1486.7324456365552,1985.9290054365208,2000.0
2025-04-21 00:00:00+00:00,8950.078660254738,1981.9291034040834,1482.163449193492,1490.5642302902575,1995.421877366906,2000.0
2025-04-21 04:00:00+00:00,9096.225795218037,2029.0770068229183,1526.2261023833423,1513.5549382124725,2027.3677477993033,2000.0
2025-04-21 08:00:00+00:00,9145.637877698511,2034.4106727299315,1536.8425966992695,1539.6110738576492,2034.773534411661,2000.0
2025-04-21 12:00:00+00:00,9100.97431336482,2023.6407301465902,1518.560190480637,1536.354056902002,2022.4193358355915,2000.0
2025-04-21 16:00:00+00:00,9128.066950397839,2048.6044644526396,1515.7216555008288,1530.4147906887633,2033.3260397556087,2000.0
2025-04-21 20:00:00+00:00,9016.791072842592,2033.9522980914978,1469.4087163565912,1500.335281157199,2013.094777237305,2000.0
2025-04-22 00:00:00+00:00,9019.01172355849,2036.3053654612847,1474.8897033077337,1497.078264201552,2010.7383905879187,2000.0
2025-04-22 04:00:00+00:00,9053.290489759494,2051.227670378377,1474.5628982936112,1507.8072612319188,2019.6926598555872,2000.0
2025-04-22 08:00:00+00:00,9130.860227939585,2058.656364328262,1511.893368192535,1526.0082383370054,2034.3022570817836,2000.0
2025-04-22 12:00:00+00:00,9152.075880260292,2061.8503281159674,1522.9393776698803,1527.7325414311715,2039.5536330432735,2000.0
2025-04-22 16:00:00+00:00,9341.767331522506,2115.8436030387215,1590.139825859614,1583.101829677172,2052.6820729469982,2000.0
2025-04-22 20:00:00+00:00,9349.853118468247,2127.0160776649514,1585.6766030953104,1589.9990420538365,2047.1613956541498,2000.0
2025-04-23 00:00:00+00:00,9495.874842550471,2174.2079571277777,1639.860874436845,1599.7700929207779,2082.03591806507,2000.0
2025-04-23 04:00:00+00:00,9541.871715054462,2167.830732716513,1676.5003851630524,1626.2094070313246,2071.3311901435713,2000.0
2025-04-23 08:00:00+00:00,9563.162780983843,2190.2820155779905,1673.3350451691215,1620.270140818086,2079.2755794186455,2000.0
2025-04-23 12:00:00+00:00,9521.328020246452,2174.7435806900494,1678.1157356614303,1611.0738576492001,2057.394846245771,2000.0
2025-04-23 16:00:00+00:00,9487.652736306918,2168.4443032350664,1675.669366698569,1601.494396014944,2042.0446703583393,2000.0
2025-04-23 20:00:00+00:00,9459.37757517296,2175.4851238233937,1667.6673124956233,1588.0831497269853,2028.1419891269588,2000.0
2025-04-24 00:00:00+00:00,9490.476347469103,2179.980220087303,1676.117556432223,1595.36354056902,2039.0150303805567,2000.0
2025-04-24 04:00:00+00:00,9407.347893719489,2156.314128095236,1650.9815822031328,1566.6251556662514,2033.4270277548683,2000.0
2025-04-24 08:00:00+00:00,9383.22550223817,2145.36874669089,1639.860874436845,1568.541047993103,2029.4548331173314,2000.0
2025-04-24 12:00:00+00:00,9371.304053066879,2155.057437017987,1638.787086533299,1565.4756202701408,2011.9839092454517,2000.0
2025-04-24 16:00:00+00:00,9428.5611532365,2168.612761731628,1647.6761829174352,1597.6626113612415,2014.6095972261967,2000.0
2025-04-24 20:00:00+00:00,9436.98516947841,2176.840237475291,1646.256915427531,1597.6626113612415,2016.2254052143473,2000.0
2025-04-25 00:00:00+00:00,9479.185999634201,2186.7139064001317,1652.3635005485658,1615.0972315355875,2025.0113611499164,2000.0
2025-04-25 04:00:00+00:00,9442.678209849179,2171.1561592812313,1644.1933751954996,1604.943002203276,2022.385673169172,2000.0
2025-04-25 08:00:00+00:00,9509.228040758484,2181.869561236583,1659.3944769952616,1626.5925854966952,2041.371417029943,2000.0
2025-04-25 12:00:00+00:00,9557.75469426782,2201.9589349839785,1671.8317421041575,1644.4103841364115,2039.5536330432735,2000.0
2025-04-25 16:00:00+00:00,9594.819425278563,2211.8602925291098,1686.7620626065036,1657.8216304243701,2038.37543971858,2000.0
2025-04-25 20:00:00+00:00,9593.76814247535,2217.206988375084,1682.7283550036186,1658.5879873551105,2035.2448117415381,2000.0
2025-04-26 00:00:00+00:00,9541.007898850827,2202.028970905891,1666.3320805807793,1653.2234888399273,2019.4233585242287,2000.0
2025-04-26 04:00:00+00:00,9586.699467831819,2204.3862264703444,1678.3585051004927,1676.7889644601971,2027.1657718007848,2000.0
2025-04-26 08:00:00+00:00,9577.186429408168,2200.4381549652967,1681.1690282219474,1667.9758597566815,2027.603386464242,2000.0
2025-04-26 12:00:00+00:00,9531.047357193336,2190.520509996465,1667.5085786316208,1645.7515087652075,2027.2667598000437,2000.0
2025-04-26 16:00:00+00:00,9582.852427940252,2195.8527798385894,1680.8982469245316,1659.5459335185362,2046.5554676585932,2000.0
2025-04-26 20:00:00+00:00,9603.659116904126,2194.323390753094,1692.9246714442447,1669.3169843854773,2047.09407032131,2000.0
2025-04-27 00:00:00+00:00,9614.052841452347,2201.7804713557152,1700.1984173300032,1667.9758597566815,2044.0980930099472,2000.0
2025-04-27 04:00:00+00:00,9556.953672050415,2190.8032131364125,1689.8153551670207,1647.2842226266885,2029.0508811202935,2000.0
2025-04-27 08:00:00+00:00,9529.89732743397,2188.703764221393,1684.2129834963469,1637.321582527062,2019.6589971891674,2000.0
2025-04-27 12:00:00+00:00,9546.71552863999,2185.3069056698732,1686.2578491561428,1653.6066673052974,2021.5441065086766,2000.0
2025-04-27 16:00:00+00:00,9530.481341333923,2184.866912552473,1674.969070239735,1652.2655426765014,2018.3798158652148,2000.0
2025-04-27 20:00:00+00:00,9591.752579089789,2197.2546616642558,1688.1906673825254,1668.1674489893667,2038.1398010536418,2000.0
2025-04-28 00:00:00+00:00,9521.109729813079,2181.3348683842373,1672.5787249935806,1635.7888686655808,2031.4072677696804,2000.0
2025-04-28 04:00:00+00:00,9518.645895676284,2183.676534557434,1665.986600994421,1636.3636363636363,2032.6191237607932,2000.0
2025-04-28 08:00:00+00:00,9601.839298327082,2203.2810084335115,1685.193398538715,1675.8310182967716,2037.5338730580847,2000.0
2025-04-28 12:00:00+00:00,9629.384519124325,2217.8815203937743,1695.8379047129954,1670.6581090142734,2045.006985003282,2000.0
2025-04-28 16:00:00+00:00,9471.462198768884,2183.294245455431,1646.4156492915336,1618.9290161892902,2022.8232878326291,2000.0
2025-04-28 20:00:00+00:00,9556.984433844944,2205.473761018587,1678.0690492308413,1637.321582527062,2036.120041068453,2000.0
2025-04-29 00:00:00+00:00,9573.136804974713,2210.6962070894733,1680.5994537687623,1641.3449564134496,2040.4961877030278,2000.0
2025-04-29 04:00:00+00:00,9586.777429717744,2202.4959546111386,1682.644319428558,1659.9291119839065,2041.708043694141,2000.0
2025-04-29 08:00:00+00:00,9625.618522945795,2208.5190438956542,1700.9827493638975,1663.5693074049238,2052.547422281319,2000.0
2025-04-29 12:00:00+00:00,9595.480561508912,2213.4548313094074,1708.4992646887183,1641.3449564134496,2032.181509097336,2000.0
2025-04-29 16:00:00+00:00,9559.5544990651,2206.785363981456,1694.7080930927427,1632.915030175304,2025.146011815596,2000.0
2025-04-29 20:00:00+00:00,9604.836899741427,2217.434779629412,1700.9360629333087,1657.246862726315,2029.2191944523922,2000.0
2025-04-30 00:00:00+00:00,9534.174310826384,2193.1439485996834,1678.6666355423797,1639.2374748539132,2023.1262518304077,2000.0
2025-04-30 04:00:00+00:00,9582.994455910684,2211.2001865142693,1689.0403604192443,1649.96647188428,2032.787437092892,2000.0
2025-04-30 08:00:00+00:00,9533.301590996922,2201.617364441227,1677.322066341418,1623.5271577737328,2030.8350024405431,2000.0
2025-04-30 12:00:00+00:00,9568.238977785722,2214.546554052317,1695.361703120988,1630.4243701503976,2027.90635046202,2000.0
2025-04-30 16:00:00+00:00,9432.302227650105,2187.276055195287,1647.7788930647307,1587.3167927962447,2009.9304865938432,2000.0
2025-04-30 20:00:00+00:00,9476.950726817395,2190.7052559167264,1668.2929106655154,1603.4102883417952,2014.5422718933569,2000.0
2025-05-01 00:00:00+00:00,9485.433995438685,2191.1703782021223,1674.7543126590256,1600.153271386148,2019.3560331913889,2000.0
2025-05-01 04:00:00+00:00,9524.574712809197,2205.377665218754,1688.1719928102898,1613.7561069067917,2017.2689478733612,2000.0
2025-05-01 08:00:00+00:00,9548.00496166697,2211.037312277262,1690.599687200915,1627.5505316601207,2018.817430528672,2000.0
2025-05-01 12:00:00+00:00,9659.461515573676,2237.892249152443,1723.2708513270618,1666.2515566625157,2032.0468584316561,2000.0
2025-05-01 16:00:00+00:00,9690.084047865752,2253.5816917258376,1730.1991176264619,1677.5553213909377,2028.7479171225154,2000.0
2025-05-01 20:00:00+00:00,9698.118535656513,2245.8789037028178,1720.7591213613766,1710.508669412779,2020.9718411795402,2000.0
2025-05-02 00:00:00+00:00,9682.207714540325,2245.102691624739,1716.286561310955,1702.2703324073186,2018.5481291973138,2000.0
2025-05-02 04:00:00+00:00,9733.428772859557,2259.3523259429926,1725.2877051285045,1724.686272631478,2024.1024691565817,2000.0
2025-05-02 08:00:00+00:00,9627.894143963887,2241.8477663368967,1695.9592894325267,1684.8357122329724,2005.2513759614903,2000.0
2025-05-02 12:00:00+00:00,9676.252728686668,2255.318861802257,1711.8886995494763,1696.522655426765,2012.5225119081686,2000.0
2025-05-02 16:00:00+00:00,9694.40277528251,2264.6543477125306,1719.09708443241,1691.732924609637,2018.9184185279316,2000.0
2025-05-02 20:00:00+00:00,9665.736267068474,2255.208572676055,1717.761852517566,1676.405785994827,2016.360055880026,2000.0
2025-05-03 00:00:00+00:00,9681.761787708903,2254.3453392199185,1720.114848619249,1685.2188906983424,2022.0827091713938,2000.0
2025-05-03 04:00:00+00:00,9643.905861316285,2241.556686807617,1713.2052568920844,1671.8076444103842,2017.3362732062005,2000.0
2025-05-03 08:00:00+00:00,9621.812611740314,2241.2118587801256,1705.3712738392587,1663.952485870294,2011.2769932506355,2000.0
2025-05-03 12:00:00+00:00,9594.124342399426,2232.354525094208,1703.2143607460494,1651.116007280391,2007.4394492787774,2000.0
2025-05-03 16:00:00+00:00,9635.318196061195,2243.4455626019344,1712.9531501669042,1663.5693074049238,2015.3501758874324,2000.0
2025-05-03 20:00:00+00:00,9646.480086455676,2241.9485156863598,1716.389271458251,1668.550627454737,2019.591671856328,2000.0
2025-05-04 00:00:00+00:00,9618.183506226884,2230.3630385305764,1712.0100842690074,1658.2048088897402,2017.6055745375595,2000.0
2025-05-04 04:00:00+00:00,9605.63228170968,2227.2405067296727,1710.4881066318076,1648.8169364881694,2019.0867318600306,2000.0
2025-05-04 08:00:00+00:00,9614.032743330821,2230.911459354327,1718.9756997128786,1654.1814350033528,2009.964149260263,2000.0
2025-05-04 12:00:00+00:00,9572.17649314187,2220.282752002219,1706.4917481733935,1645.368330299837,2000.0336626664198,2000.0
2025-05-04 16:00:00+00:00,9574.566784530773,2221.316072697287,1709.4796797310862,1659.9291119839065,1983.8419201184927,2000.0
2025-05-04 20:00:00+00:00,9566.844717474085,2224.0260673236007,1707.2293937766992,1654.3730242360377,1981.2162321377475,2000.0
2025-05-05 00:00:00+00:00,9484.778023306639,2193.6276850835934,1688.9843367025373,1629.466423986972,1972.6995775335363,2000.0
2025-05-05 04:00:00+00:00,9491.8344750947,2187.9005615554674,1675.5759938373913,1648.0505795574288,1980.3073401444126,2000.0
2025-05-05 08:00:00+00:00,9587.936403301126,2204.8962555096577,1705.5300077032612,1685.2188906983424,1992.2912493898643,2000.0
2025-05-05 12:00:00+00:00,9558.350596489508,2188.0569208229945,1685.0440019608304,1687.1347830251939,1998.114890680491,2000.0
2025-05-05 16:00:00+00:00,9515.591433347283,2181.8241891277025,1681.6452298139548,1642.4944918095603,2009.6275225960646,2000.0
2025-05-05 20:00:00+00:00,9527.200454242775,2195.245956966998,1696.0619995798222,1618.3542484912348,2017.5382492047195,2000.0
2025-05-06 00:00:00+00:00,9510.497858871293,2204.2394069795564,1699.5634818739936,1594.98036210365,2011.7146079140928,2000.0
2025-05-06 04:00:00+00:00,9487.449096451852,2197.7321158561676,1686.6406778869723,1585.9756681674492,2017.1006345412623,2000.0
2025-05-06 08:00:00+00:00,9469.600169536276,2196.4982271720996,1686.341884731203,1570.2653510872688,2016.4947065457052,2000.0
2025-05-06 12:00:00+00:00,9402.7400610972,2182.806320776854,1652.624944559864,1566.4335664335665,2000.875229326915,2000.0
2025-05-06 16:00:00+00:00,9444.390310749779,2200.173600668901,1652.7836784238661,1576.5877957658781,2014.8452358911347,2000.0
2025-05-06 20:00:00+00:00,9510.113392827716,2209.586800857975,1666.5188263031353,1615.863588466328,2018.144177200276,2000.0
2025-05-07 00:00:00+00:00,9733.063138572463,2253.109589115999,1696.5848876024186,1754.9573713957275,2028.4112904583176,2000.0
2025-05-07 04:00:00+00:00,9746.562371272083,2245.498243343184,1705.4366348420833,1769.1349746144267,2026.4925184723884,2000.0
2025-05-07 08:00:00+00:00,9787.594662977168,2256.8510430175293,1716.4079460304863,1772.391991570074,2041.9436823590797,2000.0
2025-05-07 12:00:00+00:00,9761.628553270923,2258.0751592473766,1714.6525362403418,1747.2938020883225,2041.6070556948816,2000.0
2025-05-07 16:00:00+00:00,9675.692265934476,2255.2011269966492,1696.8836807581877,1701.1207970112082,2022.4866611684308,2000.0
2025-05-07 20:00:00+00:00,9610.709452295932,2237.892016474962,1676.8178528910573,1679.471213717789,2016.528369212125,2000.0
2025-05-08 00:00:00+00:00,9692.72217846934,2257.6812362713013,1691.08522607904,1715.1068109972218,2028.8489051217748,2000.0
2025-05-08 04:00:00+00:00,9895.826454019207,2307.062145479501,1775.1021265669133,1756.8732637225787,2056.7889182502145,2000.0
2025-05-08 08:00:00+00:00,9944.827329306469,2309.378449807221,1800.6022549545976,1772.2004023373888,2062.646222207261,2000.0
2025-05-08 12:00:00+00:00,9971.07691483886,2313.0270653936573,1827.9044795630152,1764.5368330299837,2065.608536852204,2000.0
2025-05-08 16:00:00+00:00,10134.876417371512,2344.413628897333,1915.3575013422353,1784.6537024619217,2090.4515846700215,2000.0
2025-05-08 20:00:00+00:00,10200.039312907458,2357.022886971445,1977.478465883891,1780.4387393428492,2085.0992207092722,2000.0
2025-05-09 00:00:00+00:00,10401.436849941012,2402.6651344078923,2061.103200354817,1819.7145320432992,2117.953983135004,2000.0
2025-05-09 04:00:00+00:00,10355.999702037807,2383.804995794936,2058.927612689372,1810.326659641728,2102.9404339117705,2000.0
2025-05-09 08:00:00+00:00,10623.823517777939,2411.2078881389048,2207.418473820584,1879.2987834083726,2125.8983724100785,2000.0
2025-05-09 12:00:00+00:00,10625.577336670232,2395.6080263958643,2195.466747589813,1891.368905067535,2143.1336576170197,2000.0
2025-05-09 16:00:00+00:00,10567.97594770627,2394.15798033154,2148.770979714746,1884.4716926908707,2140.5752949691146,2000.0
2025-05-09 20:00:00+00:00,10619.485645297156,2400.979618732352,2177.062956651649,1903.0558482613276,2138.387221651827,2000.0
2025-05-10 00:00:00+00:00,10754.322040792853,2395.926329190472,2189.630943766195,1925.8549669508573,2242.909800885328,2000.0
2025-05-10 04:00:00+00:00,10795.989613475447,2401.842386833526,2184.8222414155325,1981.7990228949132,2227.5259623314764,2000.0
2025-05-10 08:00:00+00:00,10875.38854910171,2414.2547997583415,2240.9580055556858,1992.1448414599101,2228.030902327773,2000.0
2025-05-10 12:00:00+00:00,10748.527882430411,2406.698133193665,2226.718644226056,1929.4951623718746,2185.6159426388163,2000.0
2025-05-10 16:00:00+00:00,10815.713890286372,2399.8066915484205,2272.1912276196927,1950.7615671999233,2192.9544039183347,2000.0
2025-05-10 20:00:00+00:00,10912.309221270843,2401.0303424233057,2333.845327855459,1981.415844429543,2196.0177065625367,2000.0
2025-05-11 00:00:00+00:00,11102.240858489025,2438.681747114712,2412.026424519713,2016.6682632436057,2234.8644236109944,2000.0
2025-05-11 04:00:00+00:00,11020.468889897174,2420.009379229277,2369.448399822592,2001.5327138614812,2229.478396983825,2000.0
2025-05-11 08:00:00+00:00,10850.314362164703,2405.5468450155076,2309.316277224025,1928.7288054411342,2206.7224344840356,2000.0
2025-05-11 12:00:00+00:00,10964.603332503375,2435.0166114270933,2362.958985970728,1947.8877287096466,2218.7400063959067,2000.0
2025-05-11 16:00:00+00:00,10819.71449902784,2423.335969181402,2299.3533929363434,1904.2053836574385,2192.819753252655,2000.0
2025-05-11 20:00:00+00:00,10893.22901482705,2429.61826118024,2341.8100329139334,1922.21477152984,2199.585949203036,2000.0
2025-05-12 00:00:00+00:00,10880.85420464988,2422.5914012407993,2347.935292607204,1918.3829868761375,2191.94452392574,2000.0
2025-05-12 04:00:00+00:00,10917.110154351758,2422.175606581469,2353.005438969164,1934.668071654373,2207.2610371467526,2000.0
2025-05-12 08:00:00+00:00,11002.276043925036,2430.7348804136636,2385.4711828007194,1959.9578503688094,2226.112130341844,2000.0
2025-05-12 12:00:00+00:00,11011.938180682526,2414.3287911974385,2362.874950395668,1952.1026918287191,2282.6317472607006,2000.0
2025-05-12 16:00:00+00:00,10865.391121930035,2385.5786962359416,2322.0990219192795,1923.5558961586362,2234.1575076161785,2000.0
2025-05-12 20:00:00+00:00,10835.4452841693,2370.052593254517,2297.2991899904296,1946.929782546221,2221.1637183781327,2000.0
2025-05-13 00:00:00+00:00,10933.291498496495,2391.722545133324,2330.1010761222255,1989.4625922023183,2222.0052850386282,2000.0
2025-05-13 04:00:00+00:00,10707.844317288835,2366.7813805429737,2264.105137841687,1916.0839160839162,2160.873882820258,2000.0
2025-05-13 08:00:00+00:00,10837.519443744339,2388.7949970618647,2297.6540068629056,1964.7475811859372,2186.322858633632,2000.0
2025-05-13 12:00:00+00:00,10931.389938691864,2413.5449007624725,2346.8241555591867,1972.4111504933423,2198.609731876862,2000.0
2025-05-13 16:00:00+00:00,10953.442040794174,2412.4592276340804,2396.1437008333533,1938.1166778427053,2206.7224344840356,2000.0
2025-05-13 20:00:00+00:00,11187.718349045696,2438.2787497168606,2512.5983332944284,1992.7196091579654,2244.121656876441,2000.0
2025-05-14 00:00:00+00:00,11141.018704303975,2422.259137797305,2502.121898270268,1981.0326659641728,2235.60500227223,2000.0
2025-05-14 04:00:00+00:00,11091.252315572205,2410.246464785601,2471.411564228857,1981.7990228949132,2227.7952636628347,2000.0
2025-05-14 08:00:00+00:00,11095.706757317614,2413.250563748453,2465.7438315553586,2000.7663569307406,2215.9460050830626,2000.0
2025-05-14 12:00:00+00:00,11051.403849132574,2418.564452069544,2450.972244917015,1961.1073857649199,2220.7597663810952,2000.0
2025-05-14 16:00:00+00:00,10944.164946956302,2408.5432656214716,2425.3507318097995,1915.7007376185456,2194.570211906485,2000.0
2025-05-14 20:00:00+00:00,10952.688905897929,2404.0639914263,2432.3910455426135,1919.3409330395632,2196.8929358894516,2000.0
2025-05-15 00:00:00+00:00,10975.673663795551,2408.3941193558694,2436.79824459021,1934.0933039563176,2196.3879958931548,2000.0
2025-05-15 04:00:00+00:00,10883.724489577518,2390.8453510283007,2404.2858143280655,1908.2287575438259,2180.364566677327,2000.0
2025-05-15 08:00:00+00:00,10734.842999981067,2368.1911734030095,2363.257779126497,1833.700546029313,2169.693501422247,2000.0
2025-05-15 12:00:00+00:00,10847.612026176037,2381.957071237352,2385.4058217978945,1880.8314972698533,2199.4176358709374,2000.0
2025-05-15 16:00:00+00:00,10887.555997886695,2402.426639989418,2393.8654030206126,1885.046460388926,2206.2174944877383,2000.0
2025-05-15 20:00:00+00:00,10866.111641519321,2400.2371448890817,2363.2671164126145,1908.037168311141,2194.570211906485,2000.0
2025-05-16 00:00:00+00:00,10890.258605798936,2414.3478707509166,2379.7941128411026,1901.714723632532,2194.401898574386,2000.0
2025-05-16 04:00:00+00:00,10978.296334462899,2420.3923663637247,2410.327038446276,1932.943768560207,2214.63316109269,2000.0
2025-05-16 08:00:00+00:00,10961.961297803904,2413.102115515295,2429.0949835430333,1913.2100775936392,2206.5541211519367,2000.0
2025-05-16 12:00:00+00:00,10996.486636692447,2411.7421156362875,2447.1346203226035,1934.859660887058,2202.750239846498,2000.0
2025-05-16 16:00:00+00:00,10987.274556369364,2424.1112505495553,2422.9603865636454,1945.39706868474,2194.8058505714234,2000.0
2025-05-16 20:00:00+00:00,10957.429824231409,2420.604335549315,2420.1218515838373,1929.3035731391897,2187.4000639590663,2000.0
2025-05-17 00:00:00+00:00,10859.45914010178,2407.3719671799104,2368.99087280282,1905.9296867516048,2177.166613367445,2000.0
2025-05-17 04:00:00+00:00,10806.361119456937,2408.4092433921633,2331.520343612129,1900.373599003736,2166.057933448909,2000.0
2025-05-17 08:00:00+00:00,10825.457551982769,2407.0748380361138,2327.6920563038357,1926.0465561835424,2164.6441014592765,2000.0
2025-05-17 12:00:00+00:00,10768.376990400044,2396.4426405217837,2317.2062839935575,1895.2006897212377,2159.5273761634658,2000.0
2025-05-17 16:00:00+00:00,10732.287113008864,2395.1708254082414,2310.4927752748663,1870.294089472172,2156.3294228535847,2000.0
2025-05-17 20:00:00+00:00,10708.882321493209,2400.2683236715948,2306.4777422442166,1846.3454353865313,2155.790820190867,2000.0
2025-05-18 00:00:00+00:00,10703.720955566409,2399.524919118399,2311.062349728052,1840.4061691732925,2152.727517546665,2000.0
2025-05-18 04:00:00+00:00,10725.35963790238,2403.458331942116,2313.0325170989054,1846.3454353865313,2162.5233534748286,2000.0
2025-05-18 08:00:00+00:00,10824.22192386791,2417.9701937819505,2342.995868250893,1890.0277804387395,2173.2280813963275,2000.0
2025-05-18 12:00:00+00:00,10805.047541896416,2415.205054592536,2335.946217231962,1881.9810326659642,2171.915237405955,2000.0
2025-05-18 16:00:00+00:00,11015.676553375342,2455.1662486421815,2408.086089778006,1950.9531564326085,2201.4710585225457,2000.0
2025-05-18 20:00:00+00:00,10672.63233079813,2417.146282820177,2248.6052428861553,1858.7987355110643,2148.0820695807315,2000.0
2025-05-19 00:00:00+00:00,10936.550466998568,2476.951143196819,2332.248651929317,1934.0933039563176,2193.257367916113,2000.0
2025-05-19 04:00:00+00:00,10648.516609566634,2410.6759874163363,2227.241532248652,1859.7566816744898,2150.842408227156,2000.0
2025-05-19 08:00:00+00:00,10629.524627853001,2401.8433175434516,2244.4408132776207,1833.5089567966281,2149.731540235302,2000.0
2025-05-19 12:00:00+00:00,10642.374084692225,2395.7264592339166,2257.3636172646425,1835.041670658109,2154.2423375355565,2000.0
2025-05-19 16:00:00+00:00,10786.807041627702,2438.1440294551076,2303.1630056724016,1873.551106427819,2171.9489000723747,2000.0
2025-05-19 20:00:00+00:00,10889.821536085796,2455.1578722528498,2351.8849646350286,1899.9904205383657,2182.7882786595524,2000.0
2025-05-20 00:00:00+00:00,10886.409549156695,2456.462960246238,2360.596652582927,1882.5558003640197,2186.7941359635097,2000.0
2025-05-20 04:00:00+00:00,10910.437671533664,2460.841717769428,2384.0799271691685,1875.6585879873553,2189.857438607712,2000.0
2025-05-20 08:00:00+00:00,10786.97406604374,2443.6184652383913,2364.4809636079276,1799.7892518440465,2179.085385353374,2000.0
2025-05-20 12:00:00+00:00,10753.072340738783,2447.8543587879785,2347.5804757347278,1790.4013794424754,2167.236126773602,2000.0
2025-05-20 16:00:00+00:00,10738.520063809243,2450.8773046268266,2318.2427227526327,1798.8313056806207,2170.5687307491626,2000.0
2025-05-20 20:00:00+00:00,10803.640731032701,2490.2649486847267,2335.5260393566614,1796.3406456557143,2181.5090973355996,2000.0
2025-05-21 00:00:00+00:00,10841.084112200002,2486.1588891697825,2356.9084245664,1809.9434811763579,2188.073317287462,2000.0
2025-05-21 04:00:00+00:00,10887.737685570337,2486.009975581662,2376.320642405285,1815.1163904588561,2210.2906771245353,2000.0
2025-05-21 08:00:00+00:00,10874.161686352325,2478.647362036505,2382.754032540442,1814.9248012261712,2197.835490549206,2000.0
2025-05-21 12:00:00+00:00,10881.547800726532,2479.0954988657554,2368.5333457830484,1829.4855829102403,2204.4333731674888,2000.0
2025-05-21 16:00:00+00:00,11018.096053375382,2535.564229513533,2396.900021008894,1851.709933901715,2233.9218689512395,2000.0
2025-05-21 20:00:00+00:00,10976.826779295738,2526.965633186975,2346.226569247648,1845.0043107577353,2258.6302661033783,2000.0
2025-05-22 00:00:00+00:00,11059.791286306292,2551.1687448062025,2381.941688648195,1860.1398601398603,2266.5409927120327,2000.0
2025-05-22 04:00:00+00:00,11270.767807154676,2600.8884324273763,2454.996615233782,1907.8455790784556,2307.037180415061,2000.0
2025-05-22 08:00:00+00:00,11241.08534655129,2583.7775631198747,2460.5523004738675,1898.8408851422548,2297.914597815293,2000.0
2025-05-22 12:00:00+00:00,11257.306039239058,2582.3007591451847,2475.0811176731486,1886.9623527157773,2312.9618097049465,2000.0
2025-05-22 16:00:00+00:00,11273.545742095996,2589.487468514374,2487.901211512874,1900.5651882364211,2295.5918738323267,2000.0
2025-05-22 20:00:00+00:00,11249.551123326497,2587.0943806177797,2460.07609888186,1909.9530606379922,2292.4275831888644,2000.0
2025-05-23 00:00:00+00:00,11319.198867392182,2598.9195155794446,2488.2280165269967,1920.8736469010444,2311.177688384697,2000.0
2025-05-23 04:00:00+00:00,11399.19045657315,2585.046818781121,2541.609281262401,1956.5092441804773,2316.0251123491494,2000.0
2025-05-23 08:00:00+00:00,11268.380057991666,2576.0982755224804,2479.236209995565,1916.275505316601,2296.7700671570196,2000.0
2025-05-23 12:00:00+00:00,11063.805454996942,2537.961272927312,2396.675926142067,1867.0370725165246,2262.131183411038,2000.0
2025-05-23 16:00:00+00:00,11074.470707675184,2534.788482790417,2398.3099512126805,1884.0885142255006,2257.283759446586,2000.0
2025-05-23 20:00:00+00:00,11051.812865767912,2529.53020438739,2391.2509629076308,1890.4109589041095,2240.620739568781,2000.0
2025-05-24 00:00:00+00:00,10892.60213843974,2497.055175625545,2359.0560003734913,1824.8874413257975,2211.6035211149074,2000.0
2025-05-24 04:00:00+00:00,10992.282222521626,2521.4400083577752,2381.0079600364156,1853.0510585305108,2236.7831955969236,2000.0
2025-05-24 08:00:00+00:00,10982.05358222004,2503.3246703629034,2378.1974369149607,1851.3267554363445,2249.204719505832,2000.0
2025-05-24 12:00:00+00:00,11068.49127713014,2541.03750190941,2393.445225145312,1862.8221093974519,2271.1864406779664,2000.0
2025-05-24 16:00:00+00:00,11047.639127876599,2534.5490576620173,2386.274189406849,1857.6492001149534,2269.166680692778,2000.0
2025-05-24 20:00:00+00:00,11053.726894389893,2535.253837753294,2385.1910642171856,1855.7333077881021,2277.5486846313097,2000.0
2025-05-25 00:00:00+00:00,10950.926914244767,2507.3767487021537,2362.7162165316654,1832.167832167832,2248.666116843115,2000.0
2025-05-25 04:00:00+00:00,10938.081127709062,2515.144919097458,2346.2639183921196,1835.041670658109,2241.630619561375,2000.0
2025-05-25 08:00:00+00:00,10888.402192001704,2505.513467430795,2329.0926492215044,1825.462209023853,2228.3338663255518,2000.0
2025-05-25 12:00:00+00:00,10866.684946415151,2495.6984332312772,2332.370036648848,1810.518248874413,2228.0982276606132,2000.0
2025-05-25 16:00:00+00:00,10874.518301582324,2488.9037854183116,2345.2368169191627,1807.8359996168217,2232.541699628028,2000.0
2025-05-25 20:00:00+00:00,10925.475210710776,2506.3324921654585,2359.1587105207873,1813.7752658300603,2246.2087421944693,2000.0
2025-05-26 00:00:00+00:00,11003.378059875116,2536.2822722212522,2382.1471089427855,1831.4014752370917,2253.5472034739873,2000.0
2025-05-26 04:00:00+00:00,11053.786795462129,2550.6929193566607,2390.6160274516214,1842.7052399655142,2269.772608688334,2000.0
2025-05-26 08:00:00+00:00,11101.181665201113,2561.6538901522626,2409.7574639930904,1858.415557045694,2271.3547540100653,2000.0
2025-05-26 12:00:00+00:00,11078.023317449019,2554.1642347022407,2397.8897733373797,1856.499664718843,2269.469644690556,2000.0
2025-05-26 16:00:00+00:00,11091.486129971614,2559.681017787146,2395.947617824879,1862.2473416993964,2273.6101526601924,2000.0
2025-05-26 20:00:00+00:00,10990.153268248452,2539.219592746931,2372.800485538878,1814.9248012261712,2263.208388736472,2000.0
2025-05-27 00:00:00+00:00,11030.263837663764,2546.300899217029,2393.8000420177877,1820.2892997413546,2269.8735966875934,2000.0
2025-05-27 04:00:00+00:00,10993.462186339353,2533.675121041734,2380.3170008636994,1810.135070409043,2269.334994024877,2000.0
2025-05-27 08:00:00+00:00,11107.2109916113,2548.749131676724,2434.7907280748855,1831.2098860044066,2292.461245855284,2000.0
2025-05-27 12:00:00+00:00,11152.98931082405,2549.8075815397874,2476.845864749411,1829.8687613756108,2296.4671031592416,2000.0
2025-05-27 16:00:00+00:00,11226.398443059375,2562.7123400153264,2491.374681948692,1846.153846153846,2326.157574941511,2000.0
2025-05-27 20:00:00+00:00,11240.462796596874,2556.6106057420843,2509.4236560143795,1853.0510585305108,2321.3774763098986,2000.0
2025-05-28 00:00:00+00:00,11168.658038913154,2534.745902811314,2484.474427507645,1837.1491522176452,2312.288556376551,2000.0
2025-05-28 04:00:00+00:00,11141.216569303182,2533.011757542153,2470.0669950278952,1834.4669029600536,2303.67091377308,2000.0
2025-05-28 08:00:00+00:00,11119.531096310333,2531.913519829764,2461.6727748080025,1830.2519398409809,2295.692861831586,2000.0
2025-05-28 12:00:00+00:00,11191.388027278816,2533.1688148421244,2480.9075842106495,1863.205287862822,2314.1063403632206,2000.0
2025-05-28 16:00:00+00:00,11050.29098273706,2492.145913444675,2452.81169028222,1809.9434811763579,2295.3898978338075,2000.0
2025-05-28 20:00:00+00:00,11024.666405244487,2488.3925929915918,2444.314759915031,1792.1256825366415,2299.833369801222,2000.0
2025-05-29 00:00:00+00:00,11151.368289228736,2507.8393115352537,2503.895982632648,1827.378101350704,2312.2548937101305,2000.0
2025-05-29 04:00:00+00:00,11267.626554618791,2513.9608233944177,2579.4252900394504,1863.9716447935627,2310.268796391362,2000.0
2025-05-29 08:00:00+00:00,11225.74336207499,2510.1416552140868,2550.283620065828,1858.415557045694,2306.9025297493813,2000.0
2025-05-29 12:00:00+00:00,11235.783975788321,2531.061687570218,2535.838838441607,1860.3314493725452,2308.5520004039518,2000.0
2025-05-29 16:00:00+00:00,11085.9342235455,2490.1120795794213,2468.479656387871,1834.2753137273685,2293.067173850841,2000.0
2025-05-29 20:00:00+00:00,11003.94857816994,2460.1394971304467,2474.492868647728,1797.4901810518247,2271.8260313399423,2000.0
2025-05-30 00:00:00+00:00,10971.748798615776,2456.8357095715023,2457.0041317491073,1785.6116486253472,2272.2973086698194,2000.0
2025-05-30 04:00:00+00:00,10948.331087786248,2466.947407559854,2456.8173860267516,1758.597566816745,2265.9687273828963,2000.0
2025-05-30 08:00:00+00:00,10869.951785070338,2443.765750084142,2444.753612362567,1735.2236804291597,2246.2087421944693,2000.0
2025-05-30 12:00:00+00:00,10906.085923301702,2463.6008073443254,2448.273769228974,1734.8405019637896,2259.3708447646136,2000.0
2025-05-30 16:00:00+00:00,10849.435489476182,2455.7479423457776,2426.0230164102804,1717.2142925567582,2250.4502381633647,2000.0
2025-05-30 20:00:00+00:00,10777.158003232764,2434.7485669684766,2403.8002754499407,1695.5647092633394,2243.0444515510076,2000.0
2025-05-31 00:00:00+00:00,10629.988343209907,2419.5077265792956,2363.5939214267373,1640.7701887153942,2206.116506488479,2000.0
2025-05-31 04:00:00+00:00,10565.93629449058,2412.493198546371,2347.3750554401363,1615.671999233643,2190.396041270429,2000.0
2025-05-31 08:00:00+00:00,10597.500564170212,2413.959764711877,2354.032540442121,1628.5084778235464,2200.9997811926683,2000.0
2025-05-31 12:00:00+00:00,10590.700622311753,2408.1693529087997,2352.6319475244522,1628.125299358176,2201.7740225203243,2000.0
2025-05-31 16:00:00+00:00,10677.458101173877,2432.7845363476545,2368.206540768926,1667.017913593256,2209.44911046404,2000.0
2025-05-31 20:00:00+00:00,10699.66392857305,2436.087393196673,2369.233642241882,1677.5553213909377,2216.7875717435577,2000.0
2025-06-01 00:00:00+00:00,10676.577681173543,2433.6175217312043,2360.5219542939844,1667.4010920586263,2215.037113089728,2000.0
2025-06-01 04:00:00+00:00,10650.284581925598,2428.7115170350744,2346.740119984127,1667.9758597566815,2206.8570851497147,2000.0
2025-06-01 08:00:00+00:00,10628.954691629831,2426.2665420601197,2342.725086953477,1659.7375227512211,2200.2255398650127,2000.0
2025-06-01 12:00:00+00:00,10605.60113370971,2421.769351698877,2331.847148626252,1662.228182776128,2189.7564506084527,2000.0
2025-06-01 16:00:00+00:00,10677.462642173461,2436.484573657489,2356.012045099092,1681.0039275792699,2203.9620958376113,2000.0
2025-06-01 20:00:00+00:00,10696.661590272457,2445.951056989812,2358.9532902261963,1686.7516045598238,2205.005638496625,2000.0
2025-06-02 00:00:00+00:00,10746.782016172392,2458.073088417792,2370.923691029202,1693.457227703803,2224.3280090215944,2000.0
2025-06-02 04:00:00+00:00,10654.51655313919,2439.1410524630714,2330.866733583884,1673.9151259699206,2210.593641122314,2000.0
2025-06-02 08:00:00+00:00,10714.771128419537,2452.1337630265944,2340.801606013212,1706.2937062937062,2215.542053086025,2000.0
2025-06-02 12:00:00+00:00,10613.322824917546,2420.954049803917,2316.5153248208408,1683.3029983714916,2192.550451921297,2000.0
2025-06-02 16:00:00+00:00,10712.460214435727,2430.055462167863,2375.7697425243355,1694.2235846345436,2212.411425108983,2000.0
2025-06-02 20:00:00+00:00,10718.056349713845,2429.7494912797715,2364.6210228996943,1698.2469585209312,2225.4388770134483,2000.0
2025-06-03 00:00:00+00:00,10854.50469582729,2463.0772830110886,2434.6226569247647,1715.1068109972218,2241.6979448942147,2000.0
2025-06-03 04:00:00+00:00,10847.391257124898,2454.3293077414473,2430.850393333178,1714.7236325318518,2247.4879235184217,2000.0
2025-06-03 08:00:00+00:00,10837.204903601456,2447.086755776713,2437.031676743155,1714.1488648337963,2238.937606247791,2000.0
2025-06-03 12:00:00+00:00,10822.580205614579,2449.796983080508,2429.3564275543317,1704.1862247341699,2239.240570245569,2000.0
2025-06-03 16:00:00+00:00,10898.05357262446,2480.5899863290347,2449.7117112911133,1721.8124341412013,2245.939440863111,2000.0
2025-06-03 20:00:00+00:00,10893.210586860794,2471.9378741817463,2451.2150143560775,1730.817128077402,2239.240570245569,2000.0
2025-06-04 00:00:00+00:00,10815.022318369724,2451.883169379085,2421.4850953570344,1714.5320432991664,2227.1220103344385,2000.0
2025-06-04 04:00:00+00:00,10890.944597252565,2455.195566004843,2453.736081607881,1731.9666634735129,2250.0462861663273,2000.0
2025-06-04 08:00:00+00:00,10892.909633974252,2450.576685320808,2453.605359602232,1730.4339496120315,2258.29363943918,2000.0
2025-06-04 12:00:00+00:00,10870.766587213497,2445.0764223370848,2450.4867060388897,1727.176932656385,2248.0265261811387,2000.0
2025-06-04 16:00:00+00:00,10920.042200738808,2450.053393665053,2491.1132379373935,1725.2610403295334,2253.614528806827,2000.0
2025-06-04 20:00:00+00:00,10841.077343535148,2441.101360244191,2449.8424332967625,1703.4198678034293,2246.713682190766,2000.0
2025-06-05 00:00:00+00:00,10789.170353086172,2436.0601699313447,2434.8654263638273,1685.602069163713,2232.6426876272867,2000.0
2025-06-05 04:00:00+00:00,10829.323700252158,2444.2106294286523,2451.0376059198397,1692.8824600057478,2241.193004897918,2000.0
2025-06-05 08:00:00+00:00,10790.551219157589,2431.8996638857443,2431.513340647541,1676.7889644601971,2250.3492501641053,2000.0
2025-06-05 12:00:00+00:00,10785.601184566047,2439.106616195819,2435.1735568057147,1682.9198199061213,2228.4011916583913,2000.0
2025-06-05 16:00:00+00:00,10746.215393101338,2432.212615098279,2417.8342164849787,1676.7889644601971,2219.3795970578826,2000.0
2025-06-05 20:00:00+00:00,10545.50897736181,2371.326967820355,2361.3623100445857,1643.2608487403006,2169.5588507565685,2000.0
2025-06-06 00:00:00+00:00,10349.178635886197,2361.8786333315843,2254.039543406709,1601.3028067822588,2131.957652365644,2000.0
2025-06-06 04:00:00+00:00,10453.43168700781,2384.788290831495,2292.957351945657,1616.6299453970685,2159.0560988335883,2000.0
2025-06-06 08:00:00+00:00,10459.547260236137,2400.0784588467413,2292.90132822895,1607.2420729954977,2159.3254001649475,2000.0
2025-06-06 12:00:00+00:00,10526.403247234688,2418.170296415987,2312.0521020565375,1620.4617300507712,2175.719118711393,2000.0
2025-06-06 16:00:00+00:00,10627.372218196087,2445.260702902384,2343.30399869278,1658.7795765877956,2180.0279400131285,2000.0
2025-06-06 20:00:00+00:00,10578.584238882755,2424.9600580018423,2319.400546231238,1662.6113612414983,2171.612273408177,2000.0
2025-06-07 00:00:00+00:00,10573.711627828026,2426.5569235569546,2312.0054156259484,1671.616055177699,2163.533233467423,2000.0
2025-06-07 04:00:00+00:00,10621.566100274436,2440.125743564519,2324.0411774317795,1679.0880352524189,2178.3111440257185,2000.0
2025-06-07 08:00:00+00:00,10641.50844179705,2440.019642632983,2326.1700786666356,1691.924513842322,2183.3942066551094,2000.0
2025-06-07 12:00:00+00:00,10655.050156727786,2446.603950002728,2330.3625201335235,1695.5647092633394,2182.5189773281945,2000.0
2025-06-07 16:00:00+00:00,10704.436062384777,2456.0995180202312,2352.7626695301014,1705.1441708975956,2190.4297039368494,2000.0
2025-06-07 20:00:00+00:00,10693.895289481105,2460.0038461587683,2350.475034431243,1688.4759076539897,2194.940501237103,2000.0
2025-06-08 00:00:00+00:00,10696.047614459203,2455.960842241294,2357.3286024417002,1691.924513842322,2190.833655933887,2000.0
2025-06-08 04:00:00+00:00,10678.918944801424,2454.0863924508253,2345.264828777516,1693.6488169364882,2185.918906636595,2000.0
2025-06-08 08:00:00+00:00,10656.932689285171,2453.036318977094,2347.8139078876725,1670.4665197815882,2185.6159426388163,2000.0
2025-06-08 12:00:00+00:00,10666.140598528795,2459.09175043153,2346.9268657064827,1670.4665197815882,2189.6554626091934,2000.0
2025-06-08 16:00:00+00:00,10695.227952719186,2466.021351183729,2347.804570601555,1687.1347830251939,2194.267247908707,2000.0
2025-06-08 20:00:00+00:00,10727.429504714815,2473.1287175317484,2364.7237330469898,1685.9852476290832,2203.5918065069936,2000.0
2025-06-09 00:00:00+00:00,10668.782515026433,2460.1923149187332,2343.5094189873716,1670.2749305489033,2194.8058505714234,2000.0
2025-06-09 04:00:00+00:00,10666.784474454375,2458.4502586152034,2331.3802843203625,1683.4945876041768,2193.4593439146315,2000.0
2025-06-09 08:00:00+00:00,10635.676838800775,2456.1600141654053,2326.636942972525,1666.8263243605709,2186.053557302274,2000.0
2025-06-09 12:00:00+00:00,10797.20221750674,2507.3141584596474,2373.3327108475924,1709.9339017147238,2206.621446484776,2000.0
2025-06-09 16:00:00+00:00,10769.12392772176,2504.445245113511,2366.1710123952475,1688.2843184213048,2210.223351791695,2000.0
2025-06-09 20:00:00+00:00,10851.58576566356,2526.083087499879,2409.561380984617,1695.1815307979691,2220.7597663810952,2000.0
2025-06-10 00:00:00+00:00,11047.08669218123,2565.5721789396866,2502.514064287215,1738.4806973848067,2240.519751569522,2000.0
2025-06-10 04:00:00+00:00,11029.978479256311,2549.401326657196,2510.6935269263986,1734.6489127311047,2235.234712941612,2000.0
2025-06-10 08:00:00+00:00,10992.76306294338,2540.957693533276,2499.9276360325875,1727.7517003544403,2224.1260330230757,2000.0
2025-06-10 12:00:00+00:00,11133.168522645556,2548.794038430641,2589.827026774668,1755.340549861098,2239.2069075791496,2000.0
2025-06-10 16:00:00+00:00,11056.777000239377,2536.543103677945,2551.842946847499,1742.3124820385094,2226.0784676754242,2000.0
2025-06-10 20:00:00+00:00,11145.743580831126,2548.4303635271535,2589.873713205257,1760.321869910911,2247.117634187804,2000.0
2025-06-11 00:00:00+00:00,11250.91588742722,2565.836733236082,2629.7625995004555,1788.102308650254,2267.214246040429,2000.0
2025-06-11 04:00:00+00:00,11176.206069669897,2553.00596619964,2606.101916477976,1759.7471022128555,2257.3510847794255,2000.0
2025-06-11 08:00:00+00:00,11166.56914273439,2546.5791814848294,2606.5967926422186,1756.6816744898936,2256.711494117449,2000.0
2025-06-11 12:00:00+00:00,11123.187862593979,2542.050346986111,2588.5384812904135,1745.9526774595267,2246.6463568579265,2000.0
2025-06-11 16:00:00+00:00,11272.127811972794,2553.302629988474,2675.319218469152,1789.2518440463646,2254.254119468803,2000.0
2025-06-11 20:00:00+00:00,11162.730722990187,2530.1900777247492,2626.8773780900583,1759.5555129801705,2246.1077541952095,2000.0
2025-06-12 00:00:00+00:00,11116.754438957636,2527.927521895242,2587.922220406639,1754.1910144649871,2246.713682190766,2000.0
2025-06-12 04:00:00+00:00,11062.862595307255,2509.6602455049906,2581.83430985784,1730.2423603793466,2241.1256795650784,2000.0
2025-06-12 08:00:00+00:00,11024.463556569734,2504.389867872929,2559.340787600084,1715.298400229907,2245.434500866814,2000.0
2025-06-12 12:00:00+00:00,10959.020202811505,2487.344380937711,2548.892364434277,1689.4338538174156,2233.349603622103,2000.0
2025-06-12 16:00:00+00:00,10936.54425522609,2490.136743392454,2539.5457410303698,1684.4525337676023,2222.4092370356657,2000.0
2025-06-12 20:00:00+00:00,10892.581784687856,2484.758170731523,2516.3986087443686,1674.873072133346,2216.551933078619,2000.0
2025-06-13 00:00:00+00:00,10780.525493065928,2458.743432241816,2467.5272532038566,1650.158061116965,2204.0967465032904,2000.0
2025-06-13 04:00:00+00:00,10555.55325294013,2426.2960921002623,2347.6925231681416,1595.7467190343903,2185.8179186373354,2000.0
2025-06-13 08:00:00+00:00,10610.346335038988,2440.6706742260476,2359.0279885151385,1605.7093591340167,2204.938313163786,2000.0
2025-06-13 12:00:00+00:00,10637.57400902564,2444.032165800389,2376.7221457083497,1613.5645176741066,2203.2551798427953,2000.0
2025-06-13 16:00:00+00:00,10647.909828273421,2453.2785362352715,2382.203132659493,1612.6065715106813,2199.8215878679753,2000.0
2025-06-13 20:00:00+00:00,10622.237526804094,2445.6732400769743,2360.2044865659796,1623.9103362391033,2192.449463922037,2000.0
2025-06-14 00:00:00+00:00,10740.481853522457,2467.930702596413,2408.2634982142445,1658.2048088897402,2206.082843822059,2000.0
2025-06-14 04:00:00+00:00,10671.447067305708,2448.4379139114258,2379.85013655781,1650.5412395823355,2192.6177772541364,2000.0
2025-06-14 08:00:00+00:00,10664.213381096726,2444.8956319340073,2369.3363523891785,1655.714148864834,2194.267247908707,2000.0
2025-06-14 12:00:00+00:00,10653.7814449103,2445.0217431289466,2370.2794182870753,1648.0505795574288,2190.4297039368494,2000.0
2025-06-14 16:00:00+00:00,10599.161081934517,2439.4207307957604,2352.445201802096,1634.6393332694702,2172.6558160671907,2000.0
2025-06-14 20:00:00+00:00,10556.205360086853,2434.8688612263804,2341.324494035809,1623.1439793083628,2156.8680255163013,2000.0
2025-06-15 00:00:00+00:00,10621.065911089505,2452.7610615165527,2363.0523588319056,1631.9570840118786,2173.295406729167,2000.0
2025-06-15 04:00:00+00:00,10640.612621426175,2454.131764559706,2362.4360979481316,1644.2187949037263,2179.82596401461,2000.0
2025-06-15 08:00:00+00:00,10637.161561008506,2453.0721513092353,2361.035505030463,1638.2795286904877,2184.7743759783216,2000.0
2025-06-15 12:00:00+00:00,10609.111075606697,2442.4273892109077,2349.354560097108,1635.2141009675254,2182.1150253311566,2000.0
2025-06-15 16:00:00+00:00,10660.2439467794,2456.236332379317,2373.3607227059456,1650.3496503496503,2180.297241344487,2000.0
2025-06-15 20:00:00+00:00,10644.965164659487,2449.9586939301075,2368.6734050748155,1649.2001149535395,2177.132950701025,2000.0
2025-06-16 00:00:00+00:00,10671.116201534547,2456.9350628560765,2378.7856859403814,1653.4150780726122,2181.9803746654775,2000.0
2025-06-16 04:00:00+00:00,10713.848360838203,2464.562928730073,2398.048507201382,1658.0132196570553,2193.2237052496926,2000.0
2025-06-16 08:00:00+00:00,10830.632446692416,2491.0869982266486,2454.483064497304,1677.3637321582526,2207.69865181021,2000.0
2025-06-16 12:00:00+00:00,10802.638380582628,2486.949992606673,2443.577114311726,1669.1253951527924,2202.985878511437,2000.0
2025-06-16 16:00:00+00:00,10855.581345280403,2499.5369136425675,2457.7978010691195,1685.0273014656575,2213.219329103058,2000.0
2025-06-16 20:00:00+00:00,10932.476194558749,2528.0876040024714,2484.222320782465,1701.6955647092634,2218.470705064548,2000.0
2025-06-17 00:00:00+00:00,10711.500783694477,2484.868227180243,2375.564322229744,1660.503879681962,2190.564354602528,2000.0
2025-06-17 04:00:00+00:00,10817.499720805168,2503.3865625729663,2434.60398235253,1669.8917520835328,2209.6174237961386,2000.0
2025-06-17 08:00:00+00:00,10764.75529226324,2484.0303555695837,2411.1207077662875,1655.1393811667785,2214.464847760591,2000.0
2025-06-17 12:00:00+00:00,10671.6783124104,2458.0393501829835,2383.0434884100937,1630.807548615768,2199.787925201555,2000.0
2025-06-17 16:00:00+00:00,10545.872739882012,2425.4677602663414,2333.3971381218053,1611.4570361145704,2175.550805379294,2000.0
2025-06-17 20:00:00+00:00,10604.494160154985,2435.81027431628,2360.802072877518,1625.059871635214,2182.821941325973,2000.0
2025-06-18 00:00:00+00:00,10571.682275747007,2432.670291704268,2343.612129134667,1613.7561069067917,2181.643748001279,2000.0
2025-06-18 04:00:00+00:00,10636.343073915607,2447.414365670578,2360.428581432807,1634.064565571415,2194.435561240806,2000.0
2025-06-18 08:00:00+00:00,10631.891649783978,2442.490910163341,2365.6387870865333,1630.807548615768,2192.9544039183347,2000.0
2025-06-18 12:00:00+00:00,10576.408488701609,2439.4042106945785,2347.2630080067233,1618.1626592585496,2171.578610741757,2000.0
2025-06-18 16:00:00+00:00,10568.643094054481,2438.483505900526,2342.687737809006,1625.2514608678991,2162.2203894770505,2000.0
2025-06-18 20:00:00+00:00,10509.283743448683,2415.3879390929465,2327.2438665701816,1613.7561069067917,2152.8958308787637,2000.0
2025-06-19 00:00:00+00:00,10598.653092513177,2440.4794133363057,2357.664744741941,1630.0411916850273,2170.467742749903,2000.0
2025-06-19 04:00:00+00:00,10607.725096008691,2445.440562595536,2358.075585331124,1631.9570840118786,2172.251864070153,2000.0
2025-06-19 08:00:00+00:00,10585.058493885039,2434.803478854096,2352.0530357851494,1628.5084778235464,2169.693501422247,2000.0
2025-06-19 12:00:00+00:00,10602.325746009323,2437.906931101522,2364.032773874274,1637.8963502251172,2162.4896908084093,2000.0
2025-06-19 16:00:00+00:00,10528.02686504988,2422.10138246489,2327.75741730666,1624.868282402529,2153.2997828758016,2000.0
2025-06-19 20:00:00+00:00,10560.78828991349,2425.6732144824514,2338.8687877868297,1632.915030175304,2163.331257468904,2000.0
2025-06-20 00:00:00+00:00,10589.900678360184,2435.1697132098802,2354.0512150143563,1630.6159593830828,2170.0637907528653,2000.0
2025-06-20 04:00:00+00:00,10584.945112115727,2433.7282762123687,2350.3816615700644,1630.2327809177125,2170.6023934155824,2000.0
2025-06-20 08:00:00+00:00,10662.103960548351,2462.0009169819546,2380.6718177361754,1638.662707155858,2180.7685186743643,2000.0
2025-06-20 12:00:00+00:00,10667.542151794738,2465.865224593684,2380.6718177361754,1641.9197241115048,2179.085385353374,2000.0
2025-06-20 16:00:00+00:00,10531.706487505166,2424.9181760551837,2328.513737482201,1605.5177699013313,2172.7568040664505,2000.0
2025-06-20 20:00:00+00:00,10410.238329019454,2403.726143723252,2254.805200868368,1588.2747389596705,2163.4322454681633,2000.0
2025-06-21 00:00:00+00:00,10399.008206954182,2403.511382407884,2247.0085669600135,1588.6579174250408,2159.8303401612443,2000.0
2025-06-21 04:00:00+00:00,10442.460649602863,2408.115604410588,2264.842783444992,1600.9196283168887,2168.5826334303943,2000.0
2025-06-21 08:00:00+00:00,10428.451599169115,2407.246321339934,2266.019281495833,1596.1298974997605,2159.0560988335883,2000.0
2025-06-21 12:00:00+00:00,10455.173747476783,2416.9287293750317,2280.8655664231196,1594.7887728709647,2162.590678807668,2000.0
2025-06-21 16:00:00+00:00,10402.961611782219,2409.628938749863,2262.9753262214344,1586.5504358655044,2143.806910945416,2000.0
2025-06-21 20:00:00+00:00,10282.1800390491,2379.013468419674,2226.718644226056,1552.0643739821821,2124.3835524211872,2000.0
2025-06-22 00:00:00+00:00,10174.117160743386,2376.102905804361,2143.5794486332547,1537.1204138327425,2117.314392473028,2000.0
2025-06-22 04:00:00+00:00,10158.25585302884,2382.0450233253355,2114.503139662457,1542.6765015806109,2119.031188460438,2000.0
2025-06-22 08:00:00+00:00,10191.161083169865,2383.1900292114947,2120.208221480427,1558.1952294281061,2129.5676030498375,2000.0
2025-06-22 12:00:00+00:00,10187.772806316845,2390.516112392065,2122.3651345736366,1552.8307309129225,2122.0608284382206,2000.0
2025-06-22 16:00:00+00:00,9865.384059933294,2301.324784142192,2030.7663577581177,1487.881981032666,2045.41093700032,2000.0
2025-06-22 20:00:00+00:00,9876.068515513258,2300.781249545552,2039.067205116833,1497.8446211322923,2038.37543971858,2000.0
2025-06-23 00:00:00+00:00,10038.987023413418,2349.201898787855,2080.0672284600478,1536.7372353673723,2072.980660798142,2000.0
2025-06-23 04:00:00+00:00,10059.620138477505,2353.628820549703,2086.5753168841475,1532.3306830156146,2087.085318028041,2000.0
2025-06-23 08:00:00+00:00,10133.62922766208,2371.705766760137,2109.1715492891994,1552.6391416802376,2100.1127699325066,2000.0
2025-06-23 12:00:00+00:00,10086.748731143623,2356.766941741863,2104.0453792105327,1548.0410000957945,2077.8954100954334,2000.0
2025-06-23 16:00:00+00:00,10110.47905388989,2359.8315368498893,2099.516795443405,1553.9802663090334,2097.150455287563,2000.0
2025-06-23 20:00:00+00:00,10271.053976625068,2400.331146591583,2159.4995214640862,1591.1485774499472,2120.074731119452,2000.0
2025-06-24 00:00:00+00:00,10485.597489719763,2450.8835869188256,2251.83594388291,1626.78417472938,2156.0937841886453,2000.0
2025-06-24 04:00:00+00:00,10453.174077287527,2441.242828152905,2239.557412638017,1618.7374269566048,2153.63640954,2000.0
2025-06-24 08:00:00+00:00,10444.069949122095,2441.571834111659,2234.702023856766,1616.2467669316984,2151.549324221972,2000.0
2025-06-24 12:00:00+00:00,10461.256725749256,2447.068839610642,2249.7630663647615,1615.0972315355875,2149.3275882382645,2000.0
2025-06-24 16:00:00+00:00,10494.775879136303,2448.8076384294313,2276.533065664465,1616.4383561643835,2152.9968188780235,2000.0
2025-06-24 20:00:00+00:00,10511.799845993777,2458.0793707097905,2272.9101986507626,1618.3542484912348,2162.456028141989,2000.0
2025-06-25 00:00:00+00:00,10546.246305354263,2468.3125263434536,2286.1971567963774,1625.4430501005843,2166.293572113847,2000.0
2025-06-25 04:00:00+00:00,10562.77382038328,2471.7796534943677,2282.3875440603188,1626.5925854966952,2182.0140373318973,2000.0
2025-06-25 08:00:00+00:00,10566.592238143878,2480.3419521338215,2282.5462779243217,1631.9570840118786,2171.746924073856,2000.0
2025-06-25 12:00:00+00:00,10558.996968758032,2494.256530878803,2267.989448866687,1617.3963023278093,2179.3546866847323,2000.0
2025-06-25 16:00:00+00:00,10511.194769118625,2490.3003156619056,2246.2615840705903,1611.8402145799405,2162.792654806187,2000.0
2025-06-25 20:00:00+00:00,10584.14910211807,2507.371397120081,2271.565629449801,1625.2514608678991,2179.960614680289,2000.0
2025-06-26 00:00:00+00:00,10552.98431041483,2497.573813731671,2258.2226475874786,1622.3776223776224,2174.810226718058,2000.0
2025-06-26 04:00:00+00:00,10648.653219122663,2509.5148220790916,2323.854431709424,1631.9570840118786,2183.3268813222694,2000.0
2025-06-26 08:00:00+00:00,10651.465466305068,2508.588765702967,2324.8721958962633,1638.2795286904877,2179.72497601535,2000.0
2025-06-26 12:00:00+00:00,10581.875287149867,2497.2208419923286,2287.9619038726396,1627.1673531947506,2169.5251880901483,2000.0
2025-06-26 16:00:00+00:00,10564.280610271528,2496.94604988675,2271.799061602745,1624.2935147044736,2171.2419840775588,2000.0
2025-06-26 20:00:00+00:00,10576.489113505257,2502.0500631195837,2274.432176287962,1628.125299358176,2171.8815747395356,2000.0
2025-06-27 00:00:00+00:00,10520.943761699928,2488.417256804624,2255.8509769135603,1614.522463837532,2162.153064144211,2000.0
2025-06-27 04:00:00+00:00,10595.382267350904,2500.765450744562,2284.8152384509444,1635.597279432896,2174.204298722502,2000.0
2025-06-27 08:00:00+00:00,10555.923399066234,2486.617729163179,2280.445388547819,1621.994443912252,2166.865837442984,2000.0
2025-06-27 12:00:00+00:00,10564.374034758173,2489.2674603218,2285.067345176125,1617.013123862439,2173.0261053978084,2000.0
2025-06-27 16:00:00+00:00,10564.870186154296,2496.821334756699,2276.6731249562317,1614.7140530702175,2176.661673371148,2000.0
2025-06-27 20:00:00+00:00,10521.540807497648,2485.019234865697,2252.7790097808074,1611.4570361145704,2172.2855267365726,2000.0
2025-06-28 00:00:00+00:00,10552.256447980215,2490.756130848043,2262.583160204487,1625.2514608678991,2173.665696059785,2000.0
2025-06-28 04:00:00+00:00,10557.77259859432,2496.6324006417713,2260.491608114102,1631.190727081138,2169.457862757309,2000.0
2025-06-28 08:00:00+00:00,10585.152827645226,2500.934141918605,2270.613226265786,1635.597279432896,2178.00818002794,2000.0
2025-06-28 12:00:00+00:00,10577.29749764873,2498.336995870789,2266.5515068045474,1636.5552255963216,2175.8537693770722,2000.0
2025-06-28 16:00:00+00:00,10608.509665963413,2500.1027852774255,2274.656271154789,1657.0552734936296,2176.695336037568,2000.0
2025-06-28 20:00:00+00:00,10601.125621907586,2494.9015128573506,2271.957795466748,1654.3730242360377,2179.8932893474494,2000.0
2025-06-29 00:00:00+00:00,10607.572052511827,2496.5546863629706,2274.208081421135,1653.4150780726122,2183.3942066551094,2000.0
2025-06-29 04:00:00+00:00,10600.835443543428,2494.5534273451185,2266.971684679848,1655.714148864834,2183.5961826536277,2000.0
2025-06-29 08:00:00+00:00,10625.342590943937,2499.006641662369,2278.7740143327346,1661.8450043107575,2185.7169306380756,2000.0
2025-06-29 12:00:00+00:00,10677.76239366337,2524.0183075295945,2299.063937066692,1662.8029504741835,2191.8771985929006,2000.0
2025-06-29 16:00:00+00:00,10626.768359710348,2507.116615277906,2275.207171035739,1659.7375227512211,2184.7070506454816,2000.0
2025-06-29 20:00:00+00:00,10623.031720852594,2499.1143713362753,2276.402343658816,1663.952485870294,2183.5625199872084,2000.0
2025-06-30 00:00:00+00:00,10745.414236434222,2521.2217568801857,2334.4055650225264,1685.2188906983424,2204.568023833168,2000.0
2025-06-30 04:00:00+00:00,10738.445850000144,2524.6376949851838,2333.574546558043,1673.9151259699206,2206.3184824869973,2000.0
2025-06-30 08:00:00+00:00,10680.374510741836,2503.93707749405,2316.207194378954,1656.6720950282595,2203.558143840574,2000.0
2025-06-30 12:00:00+00:00,10640.391848326099,2504.871044904544,2295.5811293447564,1637.8963502251172,2202.043323851682,2000.0
2025-06-30 16:00:00+00:00,10670.841257683194,2503.1552811564165,2310.7635565722826,1646.9010441613182,2210.0213757931765,2000.0
2025-06-30 20:00:00+00:00,10744.162362590296,2507.006093474223,2348.990405938514,1668.550627454737,2219.615235722822,2000.0
2025-07-01 00:00:00+00:00,10672.588830866734,2493.0580091719135,2320.7544527183177,1647.4758118593734,2211.3005571171293,2000.0
2025-07-01 04:00:00+00:00,10682.268424826196,2494.125533456753,2320.717103573846,1659.9291119839065,2207.496675811691,2000.0
2025-07-01 08:00:00+00:00,10657.097821164905,2493.8137456316263,2301.6690398935557,1660.3122904492766,2201.3027451904463,2000.0
2025-07-01 12:00:00+00:00,10604.892858415584,2480.4766723955736,2286.748056677327,1641.9197241115048,2195.7484052311784,2000.0
2025-07-01 16:00:00+00:00,10518.671829097062,2465.338675453189,2262.928639790845,1615.863588466328,2174.5409253867,2000.0
2025-07-01 20:00:00+00:00,10476.303639404301,2452.386218093955,2243.6284693853736,1606.8588945301274,2173.4300573948462,2000.0
2025-07-02 00:00:00+00:00,10474.55535156219,2458.961916396887,2245.6266486145805,1594.2140051729093,2175.7527813778133,2000.0
2025-07-02 04:00:00+00:00,10532.404939803433,2470.911533811121,2269.474077359416,1605.3261806686464,2186.6931479642503,2000.0
2025-07-02 08:00:00+00:00,10599.811127081412,2491.5104712428665,2284.8619248815335,1610.6906791838298,2212.748051773181,2000.0
2025-07-02 12:00:00+00:00,10610.574592171299,2500.8171051454415,2283.6107285417497,1614.139285372162,2212.0074731119453,2000.0
2025-07-02 16:00:00+00:00,10741.517052128134,2530.0825807283245,2333.219729685567,1650.9244180477058,2227.2903236665375,2000.0
2025-07-02 20:00:00+00:00,10903.942730845345,2551.916802909027,2432.1109269590793,1685.2188906983424,2234.6961102788955,2000.0
2025-07-03 00:00:00+00:00,10826.433490204727,2532.6848456807325,2400.065361002825,1672.9571798064949,2220.7261037146754,2000.0
2025-07-03 04:00:00+00:00,10824.776403897911,2527.5335989191663,2391.4843950605755,1686.1768368617684,2219.581573056402,2000.0
2025-07-03 08:00:00+00:00,10945.860000214363,2542.6992844818433,2427.8717990616033,1744.2283743653609,2231.060542305556,2000.0
2025-07-03 12:00:00+00:00,10953.544562169838,2550.126117011877,2425.4347673848597,1749.7844621132292,2228.199215659872,2000.0
2025-07-03 16:00:00+00:00,10855.57803684248,2539.1593292792386,2400.1680711501203,1704.3778139668548,2211.872822446266,2000.0
2025-07-03 20:00:00+00:00,10914.137447205296,2554.878089215294,2414.6408646326945,1717.5974710221287,2227.021022335179,2000.0
2025-07-04 00:00:00+00:00,10909.78853436418,2549.790828761124,2419.533602558417,1706.6768847590765,2233.787218285561,2000.0
2025-07-04 04:00:00+00:00,10877.90216092024,2541.6659637867747,2407.0870001634025,1700.5460293131528,2228.6031676569096,2000.0
2025-07-04 08:00:00+00:00,10776.147393351925,2529.2042232358945,2366.908657998553,1671.9992336430691,2208.0352784744077,2000.0
2025-07-04 12:00:00+00:00,10823.189088203027,2533.5785598869375,2380.2609771469924,1688.8590861193602,2220.490465049737,2000.0
2025-07-04 16:00:00+00:00,10694.614832554775,2502.9882187247435,2334.8070683255914,1659.354344285851,2197.4652012185884,2000.0
2025-07-04 20:00:00+00:00,10666.368039971569,2500.566744175414,2318.0466397441587,1654.564613468723,2193.1900425832728,2000.0
2025-07-05 00:00:00+00:00,10718.331813824308,2512.550332501938,2341.828707486169,1663.760896637609,2200.191877198593,2000.0
2025-07-05 04:00:00+00:00,10738.368624769808,2516.516785528019,2351.352739326315,1662.228182776128,2208.2709171393462,2000.0
2025-07-05 08:00:00+00:00,10723.5837994225,2514.1606933509734,2354.228623450594,1652.0739534438164,2203.120529177116,2000.0
2025-07-05 12:00:00+00:00,10731.012785529107,2515.5274408769424,2351.231354606784,1658.2048088897402,2206.0491811556394,2000.0
2025-07-05 16:00:00+00:00,10714.98030246943,2514.2663289275465,2341.483227899811,1656.4805057955743,2202.750239846498,2000.0
2025-07-05 20:00:00+00:00,10719.990688555708,2516.2157008670374,2339.67179439296,1662.228182776128,2201.875010519583,2000.0
2025-07-06 00:00:00+00:00,10753.386873677075,2517.526605797462,2349.653353252877,1677.3637321582526,2208.8431824684835,2000.0
2025-07-06 04:00:00+00:00,10734.363944827193,2514.0915881389865,2348.12203832956,1667.7842705239964,2204.366047834649,2000.0
2025-07-06 08:00:00+00:00,10730.785058444651,2513.854722462882,2350.988585167721,1661.8450043107575,2204.0967465032904,2000.0
2025-07-06 12:00:00+00:00,10750.493832657885,2514.685148394136,2349.391909241579,1676.5973752275122,2209.819399794658,2000.0
2025-07-06 16:00:00+00:00,10840.486869530956,2533.997379353527,2389.1407362450104,1685.9852476290832,2231.3635063033344,2000.0
2025-07-06 20:00:00+00:00,10807.30531004155,2525.4453185232564,2372.651088960994,1677.1721429255676,2232.03675963173,2000.0
2025-07-07 00:00:00+00:00,10846.741361225508,2540.927678138171,2400.009337286118,1673.53194750455,2232.272398296669,2000.0
2025-07-07 04:00:00+00:00,10855.691138328064,2545.2464048711495,2406.6014612852773,1679.279624485104,2224.5636476865334,2000.0
2025-07-07 08:00:00+00:00,10860.83799130499,2537.6055090581926,2407.4604916081144,1684.6441230002874,2231.127867638396,2000.0
2025-07-07 12:00:00+00:00,10815.797691373791,2527.8549265210327,2393.1370947034243,1665.2936104990902,2229.5120596502447,2000.0
2025-07-07 16:00:00+00:00,10754.402296524102,2519.7247099646106,2365.890893811714,1650.3496503496503,2218.437042398128,2000.0
2025-07-07 20:00:00+00:00,10762.139464999516,2514.235382822515,2375.3775765073883,1645.9430979978924,2226.583407671722,2000.0
2025-07-08 00:00:00+00:00,10766.782644561117,2519.034821232146,2373.8182497257176,1648.6253472554843,2225.304226347769,2000.0
2025-07-08 04:00:00+00:00,10749.14063040752,2510.6253916979977,2370.111347136955,1647.4758118593734,2220.928079713194,2000.0
2025-07-08 08:00:00+00:00,10789.194147981987,2524.1925829631923,2384.2013118887,1659.7375227512211,2221.0627303788733,2000.0
2025-07-08 12:00:00+00:00,10818.50215744446,2530.515826198763,2404.5005719087744,1658.0132196570553,2225.472539679868,2000.0
2025-07-08 16:00:00+00:00,10784.016125028103,2519.160699749604,2394.7150960573313,1654.564613468723,2215.575715752445,2000.0
2025-07-08 20:00:00+00:00,10866.402506981398,2530.8764762949922,2437.60125119634,1672.9571798064949,2224.9675996835713,2000.0
2025-07-09 00:00:00+00:00,10881.570288085843,2534.3926983944907,2441.9337519549945,1681.3871060446404,2223.8567316917174,2000.0
2025-07-09 04:00:00+00:00,10846.750977763266,2521.675012614028,2419.98179229207,1677.938499856308,2227.1556730008583,2000.0
2025-07-09 08:00:00+00:00,10898.643757745544,2529.5390461316842,2450.9068839141905,1687.7095507232493,2230.4882769764195,2000.0
2025-07-09 12:00:00+00:00,10909.26769011045,2537.54035936339,2452.372837834683,1693.074049238433,2226.2804436739434,2000.0
2025-07-09 16:00:00+00:00,10944.19323730543,2537.8440034766672,2480.767524918883,1695.5647092633394,2230.016999646542,2000.0
2025-07-09 20:00:00+00:00,11166.239079839623,2600.170622397139,2581.768948855016,1731.3918957754574,2252.907612812011,2000.0
2025-07-10 00:00:00+00:00,11160.395331795331,2588.164697032397,2585.251756576951,1735.9900373599005,2250.988840826082,2000.0
2025-07-10 04:00:00+00:00,11174.85069766688,2584.4539565584164,2592.152011017998,1741.1629466423985,2257.0817834480667,2000.0
2025-07-10 08:00:00+00:00,11198.022886949342,2588.0713933623397,2606.1112537640934,1742.8872497365649,2260.9529900863445,2000.0
2025-07-10 12:00:00+00:00,11175.055476216501,2583.185166252132,2594.542356264152,1741.9293035731391,2255.3986501270765,2000.0
2025-07-10 16:00:00+00:00,11174.514433074623,2592.222592308683,2585.793319171783,1747.2938020883225,2249.204719505832,2000.0
2025-07-10 20:00:00+00:00,11314.338897570755,2636.277746644238,2629.5758537781,1773.1583485008143,2275.3269486476024,2000.0
2025-07-11 00:00:00+00:00,11580.996733823533,2699.291694844879,2755.703914657205,1817.4154612510779,2308.585663070372,2000.0
2025-07-11 04:00:00+00:00,11642.455548469603,2719.5737255469057,2772.940544830645,1829.1024044448702,2320.838873647182,2000.0
2025-07-11 08:00:00+00:00,11630.54445174808,2734.5858439718327,2772.0628399355733,1818.3734074145032,2305.522360426169,2000.0
2025-07-11 12:00:00+00:00,11673.235008963464,2741.450527706711,2786.2555148346137,1828.5276367468148,2317.001329675323,2000.0
2025-07-11 16:00:00+00:00,11640.978893242544,2720.0597888056304,2755.5171689348495,1851.9015231344,2313.5004123676636,2000.0
2025-07-11 20:00:00+00:00,11752.16235941208,2748.12604464918,2808.28217278648,1859.5650924418048,2336.189049534614,2000.0
2025-07-12 00:00:00+00:00,11624.962895924553,2734.603992815385,2762.165316650716,1805.5369288246,2322.6566576338514,2000.0
2025-07-12 04:00:00+00:00,11666.675437102747,2740.34554234736,2769.532435397652,1816.265925854967,2340.5315335027685,2000.0
2025-07-12 08:00:00+00:00,11628.388048738067,2739.3582917936164,2766.4884801232524,1785.6116486253472,2336.9296281958495,2000.0
2025-07-12 12:00:00+00:00,11627.49473271646,2741.173408826318,2767.002030859731,1790.4013794424754,2328.9179135879353,2000.0
2025-07-12 16:00:00+00:00,11486.697729231775,2724.6533076441883,2722.7993183781136,1746.1442666922119,2293.1008365172606,2000.0
2025-07-12 20:00:00+00:00,11564.52559165642,2735.1461313471364,2746.2639183921196,1778.9060254813678,2304.209516435797,2000.0
2025-07-13 00:00:00+00:00,11566.49402350197,2732.0989870502185,2748.2340857629733,1777.3733116198869,2308.7876390688907,2000.0
2025-07-13 04:00:00+00:00,11595.273872349037,2739.8608751535235,2759.270757954201,1783.8873455311812,2312.2548937101305,2000.0
2025-07-13 08:00:00+00:00,11643.250169298966,2745.570780548023,2766.591190270548,1808.0275888495069,2323.060609630889,2000.0
2025-07-13 12:00:00+00:00,11659.001094529793,2747.2697915174863,2768.10383062163,1817.0322827857076,2326.5951896049683,2000.0
2025-07-13 16:00:00+00:00,11724.280706925123,2761.2355593083844,2794.1175097457926,1842.1304722674588,2326.7971656034874,2000.0
2025-07-13 20:00:00+00:00,11733.023767522094,2767.9566810372157,2791.3443357688093,1845.5790784557908,2328.14367226028,2000.0
2025-07-14 00:00:00+00:00,11688.44671337605,2770.8781794941565,2775.069446065502,1813.0089088993197,2329.490178917072,2000.0
2025-07-14 04:00:00+00:00,11846.831976909321,2809.5864053062564,2836.0605989869046,1854.3921831593066,2346.792789456853,2000.0
2025-07-14 08:00:00+00:00,11939.101060693216,2855.791266892821,2843.22229743925,1862.0557524667115,2378.0317438944335,2000.0
2025-07-14 12:00:00+00:00,11905.227372979542,2826.26891537043,2849.468941852051,1858.2239678130088,2371.2655479440527,2000.0
2025-07-14 16:00:00+00:00,11762.037924287737,2789.2962308923798,2812.838768411961,1828.5276367468148,2331.375288236581,2000.0
2025-07-14 20:00:00+00:00,11734.907011104795,2790.720217078783,2801.512640351082,1819.7145320432992,2322.95962163163,2000.0
2025-07-15 00:00:00+00:00,11754.291205722922,2788.4341608236505,2813.8938817432713,1832.167832167832,2319.7953309881677,2000.0
2025-07-15 04:00:00+00:00,11530.594249478892,2725.780862719239,2756.1707789630946,1760.321869910911,2288.3207378856478,2000.0
2025-07-15 08:00:00+00:00,11555.549853974522,2717.1873852972726,2780.1769415719323,1771.8172238720185,2286.3683032332992,2000.0
2025-07-15 12:00:00+00:00,11574.895425636987,2724.978590763239,2783.557039146572,1775.649008525721,2290.7107872014544,2000.0
2025-07-15 16:00:00+00:00,11636.35196878013,2708.166479341904,2838.4789560914123,1790.2097902097903,2299.4967431370237,2000.0
2025-07-15 20:00:00+00:00,11676.179580153532,2708.739796656169,2839.3473237003664,1823.5463166970019,2304.5461430999953,2000.0
2025-07-16 00:00:00+00:00,11838.554548699569,2739.9653473426897,2929.947010901282,1846.153846153846,2322.488344301752,2000.0
2025-07-16 04:00:00+00:00,11787.711770593858,2733.5571768263935,2909.498354303322,1829.1024044448702,2315.553835019272,2000.0
2025-07-16 08:00:00+00:00,11879.154685534375,2749.9974696323893,2952.8607110343382,1846.5370246192163,2329.7594802484305,2000.0
2025-07-16 12:00:00+00:00,11900.308660458251,2763.488575361153,2941.702654123579,1857.6492001149534,2337.4682308585666,2000.0
2025-07-16 16:00:00+00:00,12013.189238961164,2771.090148679747,3029.4638063446864,1855.541718555417,2357.093565381314,2000.0
2025-07-16 20:00:00+00:00,12201.492588681811,2774.21733403028,3159.9430425546816,1887.9202988792033,2379.411913217646,2000.0
2025-07-17 00:00:00+00:00,12160.979611590385,2760.2632001134534,3147.925955321086,1867.4202509818947,2385.370205173952,2000.0
2025-07-17 04:00:00+00:00,12088.354667929887,2748.591166934575,3109.4376619435566,1841.5557045694034,2388.770134482352,2000.0
2025-07-17 08:00:00+00:00,12280.624021081168,2752.8480014574916,3219.402880552768,1881.5978542005937,2426.7752848703144,2000.0
2025-07-17 12:00:00+00:00,12276.202681712013,2745.4779422329293,3205.7704428207944,1909.1867037072518,2415.767592951038,2000.0
2025-07-17 16:00:00+00:00,12328.856686856181,2766.1162021590376,3193.8093793039056,1940.607337867612,2428.323767525626,2000.0
2025-07-17 20:00:00+00:00,12297.514778792545,2767.9234081573704,3186.1808165456714,1934.4764824216877,2408.934071667817,2000.0
2025-07-18 00:00:00+00:00,12391.868783157866,2772.9934504779135,3246.4623357221226,1946.5466040808506,2425.8663928769797,2000.0
2025-07-18 04:00:00+00:00,12699.575670852431,2797.320346517266,3358.0615794019473,2065.140339112942,2479.053405820275,2000.0
2025-07-18 08:00:00+00:00,12696.450911583286,2776.7616622898095,3365.2512897126453,2062.45808985535,2491.9798697254805,2000.0
2025-07-18 12:00:00+00:00,12702.762612608007,2772.8489577619407,3370.9750461028507,2078.1684069355306,2480.770201807685,2000.0
2025-07-18 16:00:00+00:00,12543.554910737765,2742.3423804930644,3327.5099792245383,1990.0373599003738,2483.6651911197882,2000.0
2025-07-18 20:00:00+00:00,12470.410572925444,2731.0461214467095,3316.221200308131,1959.5746719034391,2463.568579267164,2000.0
2025-07-19 00:00:00+00:00,12461.657186901914,2743.845477023157,3311.860687691123,1948.845674873072,2457.1053473145607,2000.0
2025-07-19 04:00:00+00:00,12545.583045593745,2753.098827782482,3354.8588902635447,1963.7896350225117,2473.835692525205,2000.0
2025-07-19 08:00:00+00:00,12517.711828449326,2749.388552663465,3334.7743878241795,1968.1961873742698,2465.3527005874134,2000.0
2025-07-19 12:00:00+00:00,12491.269548415794,2753.2039980040927,3317.3043254977947,1940.798927100297,2479.96229781361,2000.0
2025-07-19 16:00:00+00:00,12462.34293634645,2746.9461371408056,3316.60402903896,1938.6914455407605,2460.1013246259236,2000.0
2025-07-19 20:00:00+00:00,12716.74376445002,2745.7776308290217,3340.5168187866198,2158.0611169652266,2472.3881978691534,2000.0
2025-07-20 00:00:00+00:00,12731.995306423345,2741.871673948114,3353.95317351012,2168.023757064853,2468.146701900258,2000.0
2025-07-20 04:00:00+00:00,12816.834494558574,2744.617035551607,3415.588599173651,2155.7620461730053,2500.86681366031,2000.0
2025-07-20 08:00:00+00:00,12930.96991080681,2746.2804468664103,3425.383412311212,2252.5146086789923,2506.7914429501957,2000.0
2025-07-20 12:00:00+00:00,12996.722521686916,2742.766318864246,3507.7382758701187,2225.692116103075,2520.5258108494772,2000.0
2025-07-20 16:00:00+00:00,13069.5048194181,2761.209732107945,3535.1525479119496,2245.0426286042725,2528.099910793934,2000.0
2025-07-20 20:00:00+00:00,13035.551819934975,2749.200781935944,3501.4169331683747,2249.8323594214007,2535.101745409254,2000.0
2025-07-21 00:00:00+00:00,13017.62076798391,2728.4950455402186,3507.728938584001,2233.7388638758503,2547.657919983842,2000.0
2025-07-21 04:00:00+00:00,13080.802241946969,2754.9946839012428,3508.3732113261285,2248.2996455599196,2569.134701159679,2000.0
2025-07-21 08:00:00+00:00,13186.210733543354,2777.335677636518,3536.683862835267,2312.482038509436,2559.709154562133,2000.0
2025-07-21 12:00:00+00:00,13149.405867103857,2747.2269788609015,3556.282826396508,2257.30433949612,2588.5917223503275,2000.0
2025-07-21 16:00:00+00:00,13183.326728631386,2752.8808089823747,3557.8514904642966,2265.9258549669507,2606.668574217764,2000.0
2025-07-21 20:00:00+00:00,12961.229590333896,2716.9207369035444,3488.8489460538294,2206.724782067248,2548.7351253092756,2000.0
2025-07-22 00:00:00+00:00,13034.786234252264,2731.1766535137963,3512.985830668317,2211.322923651691,2579.300826418461,2000.0
2025-07-22 04:00:00+00:00,12987.52122610604,2727.212759940011,3483.8628352669302,2217.6453683303,2558.800262568798,2000.0
2025-07-22 08:00:00+00:00,12939.19292028305,2745.2147840014222,3433.236069936273,2208.6406743940993,2552.101391951256,2000.0
2025-07-22 12:00:00+00:00,13024.322457467288,2772.468297402307,3459.7446252246787,2214.963119072708,2577.146415767593,2000.0
2025-07-22 16:00:00+00:00,13028.087273138233,2766.81539799076,3471.705688741568,2218.4117252610404,2571.154461144867,2000.0
2025-07-22 20:00:00+00:00,13041.577867555958,2775.426093546353,3426.905389948412,2240.2528977871443,2598.993486274048,2000.0
2025-07-23 00:00:00+00:00,13229.777991600968,2791.0694659784217,3497.943462732557,2292.556758310183,2648.2083045798063,2000.0
2025-07-23 04:00:00+00:00,13223.126417090982,2759.884401173672,3481.5285137374826,2298.4960245234215,2683.2174776564057,2000.0
2025-07-23 08:00:00+00:00,13111.149969373999,2753.7461365358445,3429.8933215061043,2253.280965609733,2674.2295457223167,2000.0
2025-07-23 12:00:00+00:00,13148.352058402108,2758.123032639183,3428.6421251663205,2240.061308554459,2721.525592042146,2000.0
2025-07-23 16:00:00+00:00,12998.478818395266,2758.7961685929845,3402.7031443311007,2196.378963502251,2640.6005419689295,2000.0
2025-07-23 20:00:00+00:00,12847.42142758142,2754.7533973529908,3349.975489623941,2147.906887632915,2594.7856529715723,2000.0
2025-07-24 00:00:00+00:00,12912.685776363562,2763.1846985703946,3387.838184831579,2146.9489414694895,2614.7139514920977,2000.0
2025-07-24 04:00:00+00:00,12945.614833087002,2756.9703483961366,3399.883283923528,2164.958329341891,2623.802871425446,2000.0
2025-07-24 08:00:00+00:00,12790.503411445487,2755.278550428598,3353.859800648942,2126.065715106811,2555.299345261138,2000.0
2025-07-24 12:00:00+00:00,12943.896375094328,2759.554929859955,3412.8901234856094,2178.7527540952196,2592.698567653544,2000.0
2025-07-24 16:00:00+00:00,13048.361454916296,2771.0177859830196,3483.5266929666896,2174.154612510777,2619.6623634558096,2000.0
2025-07-24 20:00:00+00:00,13043.50002641886,2767.545539927514,3485.3941501902477,2168.406935530223,2622.153400770875,2000.0
2025-07-25 00:00:00+00:00,12960.302062165942,2753.528117735736,3461.285277434114,2150.972315355877,2594.5163516402135,2000.0
2025-07-25 04:00:00+00:00,12685.2968586588,2685.5553470506793,3357.6974252433533,2094.4534917137653,2547.5905946510024,2000.0
2025-07-25 08:00:00+00:00,12766.820878664275,2683.2369486256266,3390.994187539392,2129.5143212951434,2563.0754212041134,2000.0
2025-07-25 12:00:00+00:00,13000.407767234197,2711.706899899472,3474.749644015967,2216.3042437015038,2597.6469796172555,2000.0
2025-07-25 16:00:00+00:00,12781.44153549852,2692.7083181850603,3393.3658582133107,2118.0189673340356,2577.348391766112,2000.0
2025-07-25 20:00:00+00:00,12851.008798350515,2715.0809560578105,3399.8459347790567,2129.5143212951434,2606.5675862185044,2000.0
2025-07-26 00:00:00+00:00,13038.825560211764,2736.6201431920485,3478.111067018371,2180.0938787240157,2644.0004712773302,2000.0
2025-07-26 04:00:00+00:00,13032.140993198142,2733.7186549985117,3491.67814374752,2169.1732924609637,2637.570901991147,2000.0
2025-07-26 08:00:00+00:00,13026.28897131871,2729.4108641071603,3494.199210999323,2168.406935530223,2634.2719606820056,2000.0
2025-07-26 12:00:00+00:00,13040.380476229606,2740.3846321642413,3491.5567590279884,2177.028451001054,2631.4106340363223,2000.0
2025-07-26 16:00:00+00:00,13047.919679535547,2748.6214150071623,3488.1486495949953,2181.0518248874414,2630.0977900459493,2000.0
2025-07-26 20:00:00+00:00,13096.036583516921,2750.994957995316,3501.949158477089,2200.977105086694,2642.115361957821,2000.0
2025-07-27 00:00:00+00:00,13089.957941089364,2743.7326284446594,3493.1814468124844,2182.584538748922,2670.459327083298,2000.0
2025-07-27 04:00:00+00:00,13142.98106447672,2749.848323366787,3523.9197927122486,2195.4210173388255,2673.791931058859,2000.0
2025-07-27 08:00:00+00:00,13135.95163035866,2747.82682140805,3518.2894091832213,2188.906983427531,2680.9284163398584,2000.0
2025-07-27 12:00:00+00:00,13160.04873417976,2747.286078941187,3562.4174233758963,2168.406935530223,2681.9382963324524,2000.0
2025-07-27 16:00:00+00:00,13243.246626940962,2759.223364448905,3565.4707159364134,2175.1125586742023,2743.43998788144,2000.0
2025-07-27 20:00:00+00:00,13318.975728489879,2767.9315518692206,3574.6212563318472,2181.2434141201265,2795.179506168684,2000.0
2025-07-28 00:00:00+00:00,13434.412917315929,2778.5311745361487,3615.4998949555315,2199.252801992528,2841.1290458317203,2000.0
2025-07-28 04:00:00+00:00,13440.178832121672,2775.562907905439,3622.6896052662296,2208.6406743940993,2833.285644555905,2000.0
2025-07-28 08:00:00+00:00,13482.89424075146,2766.535486980589,3635.0148229417127,2200.5939266213236,2880.750004207833,2000.0
2025-07-28 12:00:00+00:00,13424.804144145775,2764.848109885198,3622.680267980112,2173.9630232780914,2863.3127430023733,2000.0
2025-07-28 16:00:00+00:00,13234.396864619966,2749.6635774465253,3555.7412638016763,2114.1871826803335,2814.8048406914313,2000.0
2025-07-28 20:00:00+00:00,13190.63354385146,2747.1934733035746,3545.71301851117,2097.902097902098,2799.824954134617,2000.0
2025-07-29 00:00:00+00:00,13157.216078809284,2747.044327037973,3547.2349961483696,2088.897403965897,2774.039351657045,2000.0
2025-07-29 04:00:00+00:00,13188.596960748717,2763.390618141468,3540.6148602908565,2093.687134783025,2790.9043475333683,2000.0
2025-07-29 08:00:00+00:00,13283.84171376111,2766.1250439033324,3620.401970167371,2119.1685027301464,2778.146196960261,2000.0
2025-07-29 12:00:00+00:00,13205.229546095727,2759.377629619099,3572.3429585191066,2091.9628316888593,2781.5461262686617,2000.0
2025-07-29 16:00:00+00:00,13024.627565749965,2731.6340974423047,3512.2761969233648,2069.93006993007,2710.7872014542268,2000.0
2025-07-29 20:00:00+00:00,13027.304588108154,2734.5486155748026,3516.319241812367,2071.271194558866,2705.1655361621197,2000.0
2025-07-30 00:00:00+00:00,13076.159903682612,2744.448344377564,3542.3702700810013,2079.126353098956,2710.2149361250904,2000.0
2025-07-30 04:00:00+00:00,13109.345339453166,2749.3603986882113,3564.4716263218097,2086.981511639046,2708.5318028041,2000.0
2025-07-30 08:00:00+00:00,13095.713651663413,2748.456213995341,3558.8505800789007,2093.8787240157108,2694.5281335734603,2000.0
2025-07-30 12:00:00+00:00,12957.55348756221,2735.8215940757523,3509.1201942155512,2058.2431267362776,2654.3685725346304,2000.0
2025-07-30 16:00:00+00:00,13049.033761549794,2745.5945136511295,3545.6009710777566,2095.7946163425618,2662.0436604783463,2000.0
2025-07-30 20:00:00+00:00,12961.961733021873,2720.3890274418654,3511.445178458881,2086.5983331736757,2643.5291939474523,2000.0
2025-07-31 00:00:00+00:00,13087.611464044257,2741.878188917595,3557.5060108779385,2117.0610211706103,2671.166243078114,2000.0
2025-07-31 04:00:00+00:00,13172.74365298295,2756.440541770901,3607.283083171876,2119.743270428202,2689.2767576119704,2000.0
2025-07-31 08:00:00+00:00,13194.592958979985,2761.0901358824854,3607.7499474777655,2120.3180381262573,2705.434837493478,2000.0
2025-07-31 12:00:00+00:00,13140.592403562108,2754.2324324720507,3584.0705898830506,2107.2899703036687,2694.999410903338,2000.0
2025-07-31 16:00:00+00:00,13075.656889585132,2752.71840010033,3537.3281355773947,2093.303956317655,2692.306397589753,2000.0
2025-07-31 20:00:00+00:00,12961.26491495084,2717.342115822429,3490.0067695324356,2073.761854583772,2680.1541750122024,2000.0
2025-08-01 00:00:00+00:00,12815.656350274494,2693.5692248663822,3453.292560517286,2032.5701695564708,2636.2243953343545,2000.0
2025-08-01 04:00:00+00:00,12828.914723155025,2690.86923537177,3459.4458320689096,2039.8505603985059,2638.74909531584,2000.0
2025-08-01 08:00:00+00:00,12703.431152670018,2677.6934076303555,3408.7910548798995,2012.8364785899034,2604.1102115698586,2000.0
2025-08-01 12:00:00+00:00,12702.690249566194,2682.902591084799,3401.31188869955,2021.2664048280487,2597.209364953798,2000.0
2025-08-01 16:00:00+00:00,12669.975215217073,2684.1167021829456,3376.456033053993,2037.7430788389695,2571.659401141165,2000.0
2025-08-01 20:00:00+00:00,12521.541649842065,2636.902951036863,3285.2494222554215,2036.7851326755435,2562.6041438742363,2000.0
2025-08-02 00:00:00+00:00,12484.103318409187,2636.18746778144,3257.041480893579,2042.3412204234119,2548.533149310757,2000.0
2025-08-02 04:00:00+00:00,12580.079270840788,2650.4261662580657,3294.93218795957,2061.883322157295,2572.837594465858,2000.0
2025-08-02 08:00:00+00:00,12568.695667584258,2652.115870128272,3285.949718714256,2075.869336143309,2554.760742598421,2000.0
2025-08-02 12:00:00+00:00,12519.943489979863,2647.569817495927,3276.145568290577,2050.3879681961876,2545.840135997172,2000.0
2025-08-02 16:00:00+00:00,12428.547022873176,2625.5489879751112,3230.075398585401,2071.0796053261806,2501.8430309864843,2000.0
2025-08-02 20:00:00+00:00,12259.962145366613,2611.3258788897424,3158.990639370667,2007.6635693074052,2481.982057798798,2000.0
2025-08-03 00:00:00+00:00,12299.500512913155,2618.700126308971,3169.0188846611736,2032.7617587891557,2479.019743153855,2000.0
2025-08-03 04:00:00+00:00,12425.88530515802,2643.3139136829363,3215.882723686361,2061.883322157295,2504.805345631428,2000.0
2025-08-03 08:00:00+00:00,12462.97377948624,2645.542963955117,3227.190177175004,2072.0375514896064,2518.203086866511,2000.0
2025-08-03 12:00:00+00:00,12514.617819466483,2649.3167600265674,3254.464389925068,2091.3880639908034,2519.448605524044,2000.0
2025-08-03 16:00:00+00:00,12523.672267547263,2651.5707067892613,3246.0981815635287,2105.948845674873,2520.0545335196,2000.0
2025-08-03 20:00:00+00:00,12546.282593198688,2659.8105144394412,3265.015523238171,2087.3646901044162,2534.09186541666,2000.0
2025-08-04 00:00:00+00:00,12566.124053859761,2657.3818268881864,3265.015523238171,2114.953539611074,2528.77316412233,2000.0
2025-08-04 04:00:00+00:00,12661.396330414269,2665.8000981666296,3321.0765890893813,2136.2199444391226,2538.2996987191354,2000.0
2025-08-04 08:00:00+00:00,12668.791594903967,2667.716662581238,3316.60402903896,2135.8367659737523,2548.6341373100167,2000.0
2025-08-04 12:00:00+00:00,12714.373574004465,2663.9963823305184,3320.06816218866,2187.5658587987355,2542.74317068655,2000.0
2025-08-04 16:00:00+00:00,12895.963820000727,2671.7426810425673,3407.072994234226,2257.30433949612,2559.8438052278125,2000.0
2025-08-04 20:00:00+00:00,12954.308164561367,2670.6167547098867,3426.5318985037,2295.4305968004596,2561.7289145473214,2000.0
2025-08-05 00:00:00+00:00,13061.290832834238,2677.0714607224704,3474.3948271434906,2322.444678609062,2587.3798663592142,2000.0
2025-08-05 04:00:00+00:00,12962.582487534684,2658.499609509017,3409.920866500152,2333.1736756394293,2560.9883358860857,2000.0
2025-08-05 08:00:00+00:00,12891.287675107294,2651.818275629512,3374.01900137725,2315.739055465083,2549.71134263545,2000.0
2025-08-05 12:00:00+00:00,13123.028540780422,2671.7673448556,3430.332173953641,2445.0617875275407,2575.8672344436404,2000.0
2025-08-05 16:00:00+00:00,12821.07816533078,2627.719868876932,3333.812647354047,2338.3465849219274,2521.199064177874,2000.0
2025-08-05 20:00:00+00:00,12798.109694299543,2643.600339662587,3334.9517962604173,2300.411916850273,2519.1456415262655,2000.0
2025-08-06 00:00:00+00:00,12874.39199261462,2655.5422787199345,3372.637083031817,2304.2437015039754,2541.9689293588945,2000.0
2025-08-06 04:00:00+00:00,12772.42027094921,2641.1216264528234,3346.1752141740008,2264.9679088035255,2520.1555215188596,2000.0
2025-08-06 08:00:00+00:00,12893.252157661493,2657.8260082002525,3398.594738439273,2268.033336526487,2568.798074495481,2000.0
2025-08-06 12:00:00+00:00,12834.10546440569,2657.797621547517,3379.7520950535727,2231.0566146182587,2565.49913318634,2000.0
2025-08-06 16:00:00+00:00,12962.581584364212,2685.4208594664074,3421.8352435864517,2265.9258549669507,2589.399626344403,2000.0
2025-08-06 20:00:00+00:00,13024.205495089684,2681.8406510595146,3439.538738065781,2300.0287383849027,2602.797367579486,2000.0
2025-08-07 00:00:00+00:00,12989.460436308917,2675.611176848963,3439.211933051659,2284.126832072038,2590.510494336256,2000.0
2025-08-07 04:00:00+00:00,12948.344067401169,2665.2281769172537,3414.4401129811627,2288.5333844237957,2580.142393078956,2000.0
2025-08-07 08:00:00+00:00,13003.239794220652,2670.8580412581387,3457.046149536637,2289.874509052591,2585.461094373285,2000.0
2025-08-07 12:00:00+00:00,13220.519361556453,2711.147310556612,3573.3887345642993,2320.5287862822106,2615.4545301533335,2000.0
2025-08-07 16:00:00+00:00,13229.791583637592,2715.108877355583,3582.7260206820893,2320.911964747581,2611.0447208523387,2000.0
2025-08-07 20:00:00+00:00,13313.686508084738,2733.0759997947785,3611.2887789164083,2341.4120126448893,2627.909716728662,2000.0
2025-08-08 00:00:00+00:00,13393.973548179123,2733.3093753086614,3651.158990639371,2354.631669700163,2654.873512530927,2000.0
2025-08-08 04:00:00+00:00,13368.893645114502,2716.2150261023417,3678.134410233666,2327.042820193505,2647.50138858499,2000.0
2025-08-08 08:00:00+00:00,13376.452957566982,2718.0731884691086,3656.4625691542756,2343.711083437111,2658.2061165064883,2000.0
2025-08-08 12:00:00+00:00,13369.587915276741,2719.802214833678,3658.3206890917154,2334.70638950091,2656.758621850437,2000.0
2025-08-08 16:00:00+00:00,13364.080495360664,2703.891495975436,3692.4858189967085,2325.3185170993393,2642.3846632891796,2000.0
2025-08-08 20:00:00+00:00,13585.20354199026,2709.60861437186,3791.853217862229,2405.977584059776,2677.7641256963966,2000.0
2025-08-09 00:00:00+00:00,13501.176773870648,2714.758465068537,3743.7942062139646,2371.491522176454,2671.132580411694,2000.0
2025-08-09 04:00:00+00:00,13531.945855083746,2707.9938326506767,3782.5532808889097,2358.0802758884947,2683.3184656556646,2000.0
2025-08-09 08:00:00+00:00,13734.81039151285,2716.6492022827056,3894.245897429913,2398.8887824504263,2725.0265093498056,2000.0
2025-08-09 12:00:00+00:00,13767.010122165442,2724.885985125627,3912.322883353954,2397.739247054316,2732.0620066315455,2000.0
2025-08-09 16:00:00+00:00,13686.5426014734,2719.8247845493775,3930.595952286468,2321.295143212951,2714.826721424604,2000.0
2025-08-09 20:00:00+00:00,13729.94727404944,2711.522852011654,3976.3486542636383,2333.1736756394293,2708.9020921347183,2000.0
2025-08-10 00:00:00+00:00,13679.489027259931,2709.8143012654514,3978.2721352039034,2302.3278091771244,2689.0747816134517,2000.0
2025-08-10 04:00:00+00:00,13802.251488113114,2757.2281550455705,3961.5583930530593,2352.7157773733115,2730.749162641173,2000.0
2025-08-10 08:00:00+00:00,13623.492078479998,2741.1336209769916,3907.766287728472,2283.935242839352,2690.6569269351826,2000.0
2025-08-10 12:00:00+00:00,13685.472293782033,2753.2861331550403,3903.5271598309955,2339.112941852668,2689.5460589433287,2000.0
2025-08-10 16:00:00+00:00,13783.288531557797,2764.5574957108815,3938.411260767058,2380.304626879969,2700.0151481998887,2000.0
2025-08-10 20:00:00+00:00,13817.796613653312,2761.02289209035,3967.226125726558,2386.4354823258936,2703.1121135105113,2000.0
2025-08-11 00:00:00+00:00,13832.831705237373,2775.709029363782,3968.8881626555244,2370.916754478398,2717.31775873967,2000.0
2025-08-11 04:00:00+00:00,14032.472990323824,2832.3597138020446,4024.043511753309,2411.7252610403293,2764.3445037281404,2000.0
2025-08-11 08:00:00+00:00,13914.767480779628,2827.895563643166,3990.4666308737364,2363.636363636364,2732.768922626361,2000.0
2025-08-11 12:00:00+00:00,13818.559851271642,2805.19531587655,3907.747613156237,2425.3280965609733,2680.288825677882,2000.0
2025-08-11 16:00:00+00:00,13959.510249825573,2799.445157277762,4042.802119563949,2399.2719609157966,2717.9910120680656,2000.0
2025-08-11 20:00:00+00:00,13790.333698584736,2770.939839026738,3977.10497443918,2328.000766356931,2714.2881187618873,2000.0
2025-08-12 00:00:00+00:00,13715.265242447416,2761.5559562003255,3943.3413478372518,2300.2203276175883,2710.1476107922513,2000.0
2025-08-12 04:00:00+00:00,13777.160317451897,2765.551028556624,4002.044865659797,2288.34179519111,2721.2226280443674,2000.0
2025-08-12 08:00:00+00:00,13804.348763387827,2768.553266099624,4029.5711851350407,2286.6174920969443,2719.6068200562163,2000.0
2025-08-12 12:00:00+00:00,13759.094362457441,2757.745164409327,4006.5734494269236,2291.0240444487017,2703.7517041724877,2000.0
2025-08-12 16:00:00+00:00,14113.581883691451,2790.5708381357,4176.213263614931,2384.136411533672,2762.66137040715,2000.0
2025-08-12 20:00:00+00:00,14270.901875219535,2784.341363925148,4217.624127547329,2469.0104416131817,2799.925942133876,2000.0
2025-08-13 00:00:00+00:00,14383.372400279837,2795.2497496099454,4286.299866943674,2499.473129610116,2802.3496541161026,2000.0
2025-08-13 04:00:00+00:00,14450.10550779438,2780.077316400307,4339.027521650833,2515.7582143883515,2815.2424553548885,2000.0
2025-08-13 08:00:00+00:00,14474.779255779773,2782.3666301401795,4319.055066644881,2523.038605230386,2850.3189537643275,2000.0
2025-08-13 12:00:00+00:00,14591.232949275958,2805.401933480068,4379.448633254745,2528.5946929782544,2877.7876895628906,2000.0
2025-08-13 16:00:00+00:00,14493.136324620671,2813.5502988800417,4355.26506220967,2491.809560302711,2832.51140322825,2000.0
2025-08-13 20:00:00+00:00,14621.171619447894,2855.981597072638,4424.921216648381,2495.066577258358,2845.202228468517,2000.0
2025-08-14 00:00:00+00:00,14666.385906455558,2869.0631904340703,4434.566633208059,2508.094645080946,2854.6614377324827,2000.0
2025-08-14 04:00:00+00:00,14756.062893773142,2869.7775103020863,4457.704428207941,2550.0526870389886,2878.5282682241264,2000.0
2025-08-14 08:00:00+00:00,14636.100145813334,2832.273855811394,4433.688928312986,2481.846920203084,2888.29044148587,2000.0
2025-08-14 12:00:00+00:00,14568.05011966031,2814.2262269636203,4405.4996615233795,2445.8281444582813,2902.4960867150285,2000.0
2025-08-14 16:00:00+00:00,14267.044314684346,2751.5801418611336,4312.771073087608,2351.566241977201,2851.1268577584033,2000.0
2025-08-14 20:00:00+00:00,14134.777723893287,2744.335961154029,4236.924297952801,2332.215729476003,2821.3017353104538,2000.0
2025-08-15 00:00:00+00:00,14150.646987213182,2752.4603607734152,4245.514601181167,2323.594214005173,2829.077811253429,2000.0
2025-08-15 04:00:00+00:00,14303.780252520937,2768.1386348277006,4327.33723943136,2351.757831209886,2856.546547051992,2000.0
2025-08-15 08:00:00+00:00,14282.520034456444,2767.848718685828,4332.640817946264,2327.2344094261903,2854.796088398162,2000.0
2025-08-15 12:00:00+00:00,14255.62473118973,2769.001868283837,4327.057120847826,2319.3792508861006,2840.186491171966,2000.0
2025-08-15 16:00:00+00:00,13874.844172059149,2728.7305151514342,4137.2300940731575,2253.0893763770473,2755.794186457509,2000.0
2025-08-15 20:00:00+00:00,13828.081953476232,2720.843911918078,4092.952683302598,2251.5566625155666,2762.7286957399897,2000.0
2025-08-16 00:00:00+00:00,13944.543248748885,2730.285033404924,4145.260160134457,2282.4025289778715,2786.5955262316324,2000.0
2025-08-16 04:00:00+00:00,13966.71606308764,2732.323055464844,4138.518639557413,2295.81377526583,2800.0605927995553,2000.0
2025-08-16 08:00:00+00:00,13981.073770305331,2736.1957394659053,4156.810383062163,2275.888495066577,2812.179152710686,2000.0
2025-08-16 12:00:00+00:00,13857.074602539808,2731.1338408572115,4097.08910105278,2246.7669316984384,2782.084728931379,2000.0
2025-08-16 16:00:00+00:00,13923.93838828769,2738.071817998743,4108.78872055837,2277.421208928058,2799.656640802518,2000.0
2025-08-16 20:00:00+00:00,13970.441172954024,2737.965484389726,4125.707883003805,2297.9212568253665,2808.8465487351255,2000.0
2025-08-17 00:00:00+00:00,14002.44912284129,2731.18363383824,4128.947921286678,2318.9960724207303,2823.3214952956428,2000.0
2025-08-17 04:00:00+00:00,14049.915577354832,2738.2640095984116,4157.688087957235,2310.9493246479547,2843.0141551512293,2000.0
2025-08-17 08:00:00+00:00,14148.282600932997,2745.7334221075484,4171.077756250146,2355.9727943289586,2875.4986282463437,2000.0
2025-08-17 12:00:00+00:00,14248.480006946425,2752.7607474019524,4250.043184948295,2345.435386531277,2900.240688064902,2000.0
2025-08-17 16:00:00+00:00,14250.35837806671,2751.3216371792555,4259.6605896496185,2344.285851135166,2895.090300102671,2000.0
2025-08-17 20:00:00+00:00,14077.021184938938,2735.590778014165,4164.00943065898,2312.29044927675,2865.1305269890427,2000.0
2025-08-18 00:00:00+00:00,14100.004400301443,2731.7502035055422,4175.951819603632,2312.865216974806,2879.437160217461,2000.0
2025-08-18 04:00:00+00:00,13763.096421795522,2683.2134482000015,4033.9130231798135,2232.7809177124245,2813.1890327032806,2000.0
2025-08-18 08:00:00+00:00,13674.964733086033,2680.5839599822657,3975.321552790682,2224.350991474279,2794.7082288388065,2000.0
2025-08-18 12:00:00+00:00,13694.17403222285,2674.56412818249,3991.092229043629,2229.3323115240923,2799.1853634726403,2000.0
2025-08-18 16:00:00+00:00,13855.9288564573,2702.440519201186,4057.5363570578224,2262.0940703132483,2833.857909885042,2000.0
2025-08-18 20:00:00+00:00,13875.09070509234,2706.3648576031264,4066.462802586429,2258.0706964268606,2844.1923484759227,2000.0
2025-08-19 00:00:00+00:00,13839.078131309027,2704.341726902019,4027.1621653166508,2256.346393332695,2851.227845757662,2000.0
2025-08-19 04:00:00+00:00,13657.313576749248,2671.370397072266,3939.074208081421,2212.4724590478017,2834.396512547759,2000.0
2025-08-19 08:00:00+00:00,13654.976966413025,2675.282636245172,3953.733747286352,2203.850943576971,2822.1096393045295,2000.0
2025-08-19 12:00:00+00:00,13787.06826117681,2687.6275727003704,4023.380564438946,2226.6500622665008,2849.410061770993,2000.0
2025-08-19 16:00:00+00:00,13549.889139392082,2647.5530647172636,3914.321062583161,2186.6079126353097,2801.407099456348,2000.0
2025-08-19 20:00:00+00:00,13469.871471604567,2632.338284206004,3867.503909988562,2166.299453970687,2803.7298234393147,2000.0
2025-08-20 00:00:00+00:00,13364.561252766536,2626.2993728527504,3805.4856555942015,2158.635884663282,2774.1403396563046,2000.0
2025-08-20 04:00:00+00:00,13501.641110139186,2641.492049003273,3866.495483087841,2177.603218699109,2816.050359348964,2000.0
2025-08-20 08:00:00+00:00,13539.782429071249,2640.6599943296496,3907.8596605896505,2182.584538748922,2808.6782354030265,2000.0
2025-08-20 12:00:00+00:00,13557.98523552173,2644.7679152644455,3917.2623077102644,2198.4864450617874,2797.468567485231,2000.0
2025-08-20 16:00:00+00:00,13617.020845430763,2637.490927032458,3973.6501785755977,2202.3182297154904,2803.561510107216,2000.0
2025-08-20 20:00:00+00:00,13885.750646493983,2658.9605435997464,4058.5821331030143,2242.5519685793656,2925.656001211856,2000.0
2025-08-21 00:00:00+00:00,13856.66951673577,2658.834199727325,4048.7966572515697,2223.584634543539,2925.454025213337,2000.0
2025-08-21 04:00:00+00:00,13800.959575240671,2651.467397987503,4010.5884824575737,2223.009866845483,2915.893827950112,2000.0
2025-08-21 08:00:00+00:00,13803.283926309665,2650.1041406237546,4025.107962370737,2224.7341699396497,2903.337653375524,2000.0
2025-08-21 12:00:00+00:00,13690.729483588777,2632.7142910160082,3994.9858773547467,2197.5284988983617,2865.5008163196608,2000.0
2025-08-21 16:00:00+00:00,13606.56815386363,2624.417710060358,3961.493032050235,2186.799501867995,2833.857909885042,2000.0
2025-08-21 20:00:00+00:00,13566.965577939432,2610.4949876035257,3944.163029015617,2196.762141967621,2815.545419352667,2000.0
2025-08-22 00:00:00+00:00,13587.530387103116,2617.6216661825038,3945.2835033497518,2198.6780342944726,2825.947183276387,2000.0
2025-08-22 04:00:00+00:00,13683.825355227596,2627.6091143957674,3995.359368799459,2214.0051729092825,2846.851699123088,2000.0
2025-08-22 08:00:00+00:00,13766.08702956167,2631.462020810907,4041.298816498985,2228.5659545933518,2864.760237658425,2000.0
2025-08-22 12:00:00+00:00,13653.696860274888,2613.433704194093,3991.2883120521024,2191.0144649870676,2857.9603790416236,2000.0
2025-08-22 16:00:00+00:00,14255.984151317285,2707.68530231029,4310.175307546861,2288.5333844237957,2949.590157036339,2000.0
2025-08-22 20:00:00+00:00,14585.458160277754,2714.3175412412106,4512.710380727842,2346.968100392758,3011.4621379159444,2000.0
2025-08-23 00:00:00+00:00,14618.58225704211,2720.837396948598,4511.842013118887,2355.5896158635887,3030.3132311110367,2000.0
2025-08-23 04:00:00+00:00,14347.26875601905,2689.0250336538893,4383.510352715984,2303.0941661078646,2971.6392035413123,2000.0
2025-08-23 08:00:00+00:00,14415.858102087528,2694.392670473193,4401.493965778847,2332.9820864067437,2986.9893794287445,2000.0
2025-08-23 12:00:00+00:00,14390.406319337186,2683.0070632739657,4393.146431989542,2323.594214005173,2990.6586100685035,2000.0
2025-08-23 16:00:00+00:00,14415.093895445478,2671.4371755094385,4436.135297275847,2316.122233930453,2991.3991887297393,2000.0
2025-08-23 20:00:00+00:00,14415.817031212386,2678.9070533735385,4443.296995728191,2319.9540185841556,2973.6589635265013,2000.0
2025-08-24 00:00:00+00:00,14438.292212712193,2685.983706294007,4461.7287985247085,2326.8512309608204,2963.7284769326575,2000.0
2025-08-24 04:00:00+00:00,14427.670423685136,2676.6289081527743,4471.243493078738,2322.061500143692,2957.7365223099323,2000.0
2025-08-24 08:00:00+00:00,14335.495801130997,2673.1894696221516,4443.334344872663,2289.1081521218507,2929.8638345143318,2000.0
2025-08-24 12:00:00+00:00,14272.751072935302,2669.5138634478685,4433.091342001447,2270.1408180860235,2900.005049399963,2000.0
2025-08-24 16:00:00+00:00,14348.384942403422,2661.8306203332895,4480.31933518523,2286.234313631574,2920.000673253328,2000.0
2025-08-24 20:00:00+00:00,14353.861311618723,2619.948440996888,4494.04514577838,2312.865216974806,2927.0025078686485,2000.0
2025-08-25 00:00:00+00:00,14318.871017891366,2640.740268060746,4463.362823595322,2264.201551872785,2950.566374362513,2000.0
2025-08-25 04:00:00+00:00,14239.64422665767,2627.3205943187836,4414.117976610099,2248.68282402529,2949.5228317034994,2000.0
2025-08-25 08:00:00+00:00,13927.902554248963,2594.6228932072017,4287.093536263686,2156.1452246383756,2890.0409001397,2000.0
2025-08-25 12:00:00+00:00,13895.360823803028,2587.721911785219,4295.22631247228,2135.8367659737523,2876.5758335717774,2000.0
2025-08-25 16:00:00+00:00,13964.44468567117,2610.6564657756435,4306.897920119518,2140.051729092825,2906.8385706831837,2000.0
2025-08-25 20:00:00+00:00,13672.354212060523,2576.115028301144,4127.397931791125,2094.4534917137653,2874.3877602544894,2000.0
2025-08-26 00:00:00+00:00,13564.401171508885,2562.0578182600398,4086.1551390088475,2090.8132962927484,2825.3749179472507,2000.0
2025-08-26 04:00:00+00:00,13619.36923720908,2556.6501609139295,4110.814911645931,2108.82268416515,2843.0814804840693,2000.0
2025-08-26 08:00:00+00:00,13658.8250251503,2566.507077060106,4136.137631597377,2119.360091962832,2836.8202245299854,2000.0
2025-08-26 12:00:00+00:00,13642.400453759228,2556.5794269595717,4133.8406592124,2118.5937350320914,2833.386632555165,2000.0
2025-08-26 16:00:00+00:00,13777.25157122994,2551.688778977217,4219.547608487593,2145.7994060733786,2860.2157776917506,2000.0
2025-08-26 20:00:00+00:00,13969.165279290568,2585.4198007838672,4292.060972478349,2194.2714819427147,2897.4130240856375,2000.0
2025-08-27 00:00:00+00:00,13977.81742910336,2600.4784547050817,4295.739863208759,2174.154612510777,2907.4444986787403,2000.0
2025-08-27 04:00:00+00:00,13983.366371667933,2592.4494528530854,4298.4756880412715,2190.248108056327,2902.1931227172504,2000.0
2025-08-27 08:00:00+00:00,13904.57527918509,2576.325834099327,4276.906557109177,2165.341507807261,2886.0013801693235,2000.0
2025-08-27 12:00:00+00:00,13951.464181276264,2590.213887611425,4303.433786969817,2165.1499185745765,2892.666588120445,2000.0
2025-08-27 16:00:00+00:00,14044.521222696701,2605.9875594331,4348.915707649572,2178.3695756298494,2911.248379984179,2000.0
2025-08-27 20:00:00+00:00,13936.584464546902,2607.8650340308263,4263.124722799319,2168.2153462975384,2897.379361419218,2000.0
2025-08-28 00:00:00+00:00,13824.680828566472,2588.8164266579056,4208.044071990476,2149.056423029026,2878.7639068890644,2000.0
2025-08-28 04:00:00+00:00,13919.58552941544,2605.9877921105813,4240.640537827681,2163.4256154804098,2909.5315839967684,2000.0
2025-08-28 08:00:00+00:00,14024.183282012824,2631.91062299512,4292.18235719788,2173.9630232780914,2926.127278541733,2000.0
2025-08-28 12:00:00+00:00,14034.609801079223,2627.1423633680015,4290.286888115969,2174.154612510777,2943.025937084476,2000.0
2025-08-28 16:00:00+00:00,13912.675637594784,2621.775657258624,4205.523004738673,2157.8695277325414,2927.5074478649453,2000.0
2025-08-28 20:00:00+00:00,13812.714844309005,2603.6926614336726,4144.345106094914,2140.4349075581954,2924.242169222224,2000.0
2025-08-29 00:00:00+00:00,13949.00141866174,2619.1782785333266,4212.236513457364,2177.220040233739,2940.3665864373115,2000.0
2025-08-29 04:00:00+00:00,13900.462973690253,2599.106122919558,4192.208034734705,2169.556470926334,2939.592345109656,2000.0
2025-08-29 08:00:00+00:00,13651.654694992589,2559.9032247819205,4090.693060062093,2115.528307309129,2885.530102839446,2000.0
2025-08-29 12:00:00+00:00,13604.927654113395,2561.7513820169856,4058.432736525129,2107.864738001724,2876.8787975695554,2000.0
2025-08-29 16:00:00+00:00,13547.443982252527,2521.9035019008006,4030.0660612992847,2106.1404349075583,2889.333984144884,2000.0
2025-08-29 20:00:00+00:00,13560.144865817705,2517.84979481918,4053.119820724107,2100.009579461634,2889.1656708127853,2000.0
2025-08-30 00:00:00+00:00,13601.411848013347,2521.69804768469,4071.224818506502,2105.757256442188,2902.7317253799674,2000.0
2025-08-30 04:00:00+00:00,13603.048069630993,2523.06642395303,4064.016433623568,2119.360091962832,2896.6051200915626,2000.0
2025-08-30 08:00:00+00:00,13652.655037072942,2525.115149177095,4110.637503209693,2120.7012165916276,2896.201168094525,2000.0
2025-08-30 12:00:00+00:00,13643.567095083989,2528.739100950499,4101.0014239361335,2117.827378101351,2895.999192096006,2000.0
2025-08-30 16:00:00+00:00,13631.036165829717,2533.159275065385,4086.220500011672,2119.360091962832,2892.2962987898277,2000.0
2025-08-30 20:00:00+00:00,13601.958587871657,2532.189940677713,4066.0426247111286,2112.271290353482,2891.454732129332,2000.0
2025-08-31 00:00:00+00:00,13640.865100951814,2531.910960377468,4083.8488293377527,2123.383465849219,2901.7218453873734,2000.0
2025-08-31 04:00:00+00:00,13781.0375941622,2541.3928004235663,4190.686057097505,2143.500335281157,2905.458401359972,2000.0
2025-08-31 08:00:00+00:00,13704.68051824288,2529.396182158081,4155.876654450385,2129.131142829773,2890.2765388046387,2000.0
2025-08-31 12:00:00+00:00,13730.999173374978,2521.9858697292298,4180.284320362286,2133.5376951815306,2895.1912881019302,2000.0
2025-08-31 16:00:00+00:00,13742.695005782416,2531.9658722630875,4188.034267840052,2121.275984289683,2901.418881389595,2000.0
2025-08-31 20:00:00+00:00,13718.218677936335,2534.5558053089785,4160.694694087164,2111.8881118881122,2911.0800666520795,2000.0
2025-09-01 00:00:00+00:00,13592.370595441338,2518.649041967921,4100.777329069306,2085.831976242935,2887.1122481611765,2000.0
