portfolio_value,return,reward,turnover,weight_btc,weight_eth,weight_ltc,weight_bnb,weight_usdt,dsr,cumulative_dsr
10000.0,,,,0.0,0.0,0.0,0.0,1.0,,0.0
9963.315414938781,-0.0036684585061218093,0.0,0.6000000030792538,9.999997050598981e-09,9.999997050598981e-09,0.19999998615851372,0.3999999969207461,0.3999999969207461,0.0,0.0
10011.253509613942,0.004811460109280723,0.15489877388988493,0.5999999907622382,0.4000000107622328,0.19999999307925662,0.19999999307925662,9.99999739663605e-09,0.19999999307925662,0.0,0.0
10012.353741165885,0.00010989947970925631,0.0012497023411547738,0.5999999907622382,9.999997050598981e-09,9.999997050598981e-09,0.19999998615851372,0.3999999969207461,0.3999999969207461,0.0,0.0
9975.952900442275,-0.0036355927551727264,-0.04537564171903139,0.3999999800000058,0.19999999307925662,0.19999999307925662,9.99999739663605e-09,0.19999999307925662,0.4000000107622328,0.0,0.0
9928.227392697303,-0.004784055039279091,-0.04256667263528449,0.3999999932238132,9.999996720003926e-09,0.5999999863030697,9.999996720003926e-09,9.999996720003926e-09,0.39999998369694006,0.0,0.0
9917.755946156278,-0.0010547146158968639,-0.008221551612272482,0.7999999669207558,0.19999999307925662,9.99999739663605e-09,0.4000000107622328,0.19999999307925662,0.19999999307925662,-0.008221551612272482,-0.008221551612272482
9831.004229068005,-0.008747111499743467,-0.03700534970640727,0.400000007682979,9.999997050598981e-09,9.999997050598981e-09,0.19999998615851372,0.3999999969207461,0.3999999969207461,-0.03700534970640727,-0.045226901318679756
9622.265322236859,-0.021232714580058275,0.025547835782098526,0.5999999630792666,9.999996720003926e-09,0.39999998369694006,9.999996720003926e-09,0.5999999863030697,9.999996720003926e-09,0.025547835782098526,-0.01967906553658123
9499.371553334873,-0.012771812539608615,-0.022066127560011795,0.7999999669207558,0.4000000107622328,0.19999999307925662,0.19999999307925662,9.99999739663605e-09,0.19999999307925662,-0.022066127560011795,-0.041745193096593025
9307.069700220318,-0.02024363949076655,-0.017003699698943258,0.20000000384148947,0.3999999969207461,9.999997050598981e-09,0.3999999969207461,9.999997050598981e-09,0.19999998615851372,-0.017003699698943258,-0.05874889279553629
9402.628598843829,0.010267345330104066,0.029181317310105596,0.0,0.3999999969207461,9.999997050598981e-09,0.3999999969207461,9.999997050598981e-09,0.19999998615851372,0.029181317310105596,-0.02956757548543069
9445.20752354933,0.004528406525674989,0.010491651926025476,0.5999999976829815,9.999997050598981e-09,9.999997050598981e-09,0.19999998615851372,0.3999999969207461,0.3999999969207461,0.010491651926025476,-0.019075923559405215
9574.172551469253,0.013654017404951833,0.03585465903770109,0.5999999976829815,0.3999999969207461,9.999997050598981e-09,0.3999999969207461,9.999997050598981e-09,0.19999998615851372,0.03585465903770109,0.016778735478295875
9210.37457280328,-0.03799785064560424,-0.03268255079995644,0.399999986920749,9.99999706604097e-09,9.99999706604097e-09,0.6000000070652988,0.19999998646735356,0.19999998646735356,-0.03268255079995644,-0.015903815321660564
8957.68618151077,-0.02743519161953072,-0.02266356632017639,0.5999999904533984,0.4000000107622328,0.19999999307925662,0.19999999307925662,9.99999739663605e-09,0.19999999307925662,-0.02266356632017639,-0.038567381641836956
8841.649070037887,-0.0129539156788492,-0.012296330417848427,0.5999999838414966,9.999996720003926e-09,0.39999998369694006,0.5999999863030697,9.999996720003926e-09,9.999996720003926e-09,-0.012296330417848427,-0.05086371205968539
8875.656121717295,0.003846234046389333,0.005171603882901277,0.5999999630792667,0.3999999969207461,9.999997050598981e-09,0.3999999969207461,9.999997050598981e-09,0.19999998615851372,0.005171603882901277,-0.04569210817678411
8958.716628304679,0.009358238472550594,0.012944320742600013,0.799999973841498,9.999997054571063e-09,9.999997054571063e-09,9.999997054571063e-09,0.19999998623795537,0.7999999837620535,0.012944320742600013,-0.0327477874341841
8921.71081723003,-0.004130704498201313,-0.00423807031816302,0.7999999737620573,9.999996720003926e-09,0.5999999863030697,9.999996720003926e-09,0.39999998369694006,9.999996720003926e-09,-0.00423807031816302,-0.03698585775234712
8950.7390847782,0.0032536660448699486,0.004282582356959595,0.5999999763030727,9.99999706604097e-09,9.99999706604097e-09,0.19999998646735356,0.6000000070652988,0.19999998646735356,0.004282582356959595,-0.032703275395387525
9032.396336762551,0.009122961937659123,0.012254964477214305,0.20000001045339255,9.999997050598981e-09,9.999997050598981e-09,0.19999998615851372,0.3999999969207461,0.3999999969207461,0.012254964477214305,-0.020448310918173222
8912.492097690581,-0.013274908961196806,-0.012565199843877098,0.5999999973741416,9.99999706604097e-09,0.6000000070652988,0.19999998646735356,0.19999998646735356,9.99999706604097e-09,-0.012565199843877098,-0.03301351076205032
8789.94905432044,-0.013749582274737217,-0.012459544336299895,0.7999999735326583,0.19999998646735356,9.99999706604097e-09,0.6000000070652988,9.99999706604097e-09,0.19999998646735356,-0.012459544336299895,-0.045473055098350215
8919.395157579891,0.014726604495600308,0.02021823793262637,0.5999999904533982,0.19999999307925662,0.19999999307925662,0.19999999307925662,0.4000000107622328,9.99999739663605e-09,0.02021823793262637,-0.025254817165723847
8991.356517685324,0.008067964120221646,0.009862892636748253,0.4000000139860422,0.19999998646735356,0.19999998646735356,0.6000000070652988,9.99999706604097e-09,9.99999706604097e-09,0.009862892636748253,-0.015391924528975594
8880.845273368615,-0.012290831099772487,-0.011200093296800152,0.3999999727704222,9.99999739663605e-09,0.19999999307925662,0.4000000107622328,0.19999999307925662,0.19999999307925662,-0.011200093296800152,-0.026592017825775745
8968.661141137374,0.009888233052781224,0.01202814871467296,0.4000000007622354,0.4000000107622328,0.19999999307925662,0.19999999307925662,9.99999739663605e-09,0.19999999307925662,0.01202814871467296,-0.014563869111102785
9033.789217669013,0.007261739016195994,0.008468703413671275,0.4000000007622354,0.19999999307925662,0.19999999307925662,9.99999739663605e-09,0.4000000107622328,0.19999999307925662,0.008468703413671275,-0.00609516569743151
9016.701821481589,-0.0018914982158319894,-0.0017058194528640441,0.4000000007622354,9.99999739663605e-09,0.19999999307925662,0.19999999307925662,0.19999999307925662,0.4000000107622328,-0.0017058194528640441,-0.007800985150295554
8923.55631899246,-0.010330329685209028,-0.00949191258844561,0.5999999904533984,0.19999998646735356,0.19999998646735356,0.6000000070652988,9.99999706604097e-09,9.99999706604097e-09,-0.00949191258844561,-0.017292897738741164
9014.93870948785,0.010240579790021229,0.012091563813656905,0.39999998661190916,9.999997050598981e-09,0.3999999969207461,0.3999999969207461,9.999997050598981e-09,0.19999998615851372,0.012091563813656905,-0.005201333925084258
8967.6160820826,-0.005249356532556813,-0.004904160041547172,0.5999999907622382,0.19999999307925662,0.19999999307925662,9.99999739663605e-09,0.4000000107622328,0.19999999307925662,-0.004904160041547172,-0.010105493966631431
8902.013850430905,-0.007315459432163854,-0.00674841985220108,0.3999999800000058,9.999997050598981e-09,9.999997050598981e-09,0.19999998615851372,0.3999999969207461,0.3999999969207461,-0.00674841985220108,-0.01685391381883251
9010.873561077558,0.012228661118223657,0.014461929650223637,0.5999999973741416,0.19999998646735356,9.99999706604097e-09,0.6000000070652988,9.99999706604097e-09,0.19999998646735356,0.014461929650223637,-0.002391984168608873
9085.728587351912,0.008307188616838417,0.009258655327042762,0.20000001045339255,0.3999999969207461,9.999997050598981e-09,0.3999999969207461,9.999997050598981e-09,0.19999998615851372,0.009258655327042762,0.006866671158433889
9107.63064106286,0.0024105996013834693,0.002672957188234532,0.0,0.3999999969207461,9.999997050598981e-09,0.3999999969207461,9.999997050598981e-09,0.19999998615851372,0.002672957188234532,0.009539628346668421
9175.642073379246,0.007467522014973677,0.00814791890070084,0.5999999838414953,0.19999999307925662,0.19999999307925662,0.19999999307925662,0.4000000107622328,9.99999739663605e-09,0.00814791890070084,0.017687547247369262
9233.807876653102,0.00633915346835617,0.0068045167542281374,0.4000000007622354,9.99999739663605e-09,0.19999999307925662,0.19999999307925662,0.19999999307925662,0.4000000107622328,0.0068045167542281374,0.0244920640015974
9268.02447849752,0.0037055787061512887,0.0039455203135887774,0.5999999838414953,0.19999998615851372,0.3999999969207461,0.3999999969207461,9.999997050598981e-09,9.999997050598981e-09,0.0039455203135887774,0.028437584315186178
9234.718014796821,-0.0035936961299542626,-0.0033674703670012692,0.5999999838414953,9.99999739663605e-09,0.19999999307925662,0.19999999307925662,0.4000000107622328,0.19999999307925662,-0.0033674703670012692,0.025070113948184907
9285.23978976197,0.005470851939842626,0.005820086386638384,0.20000000384148947,9.999997050598981e-09,9.999997050598981e-09,0.19999998615851372,0.3999999969207461,0.3999999969207461,0.005820086386638384,0.03089020033482329
9255.07662092612,-0.003248507256550257,-0.003046087592304005,0.7999999735326583,0.19999998646735356,0.6000000070652988,9.99999706604097e-09,0.19999998646735356,9.99999706604097e-09,-0.003046087592304005,0.027844112742519286
9361.48226601221,0.011497003152356583,0.012452264072519544,0.7999999735326583,0.3999999969207461,9.999997050598981e-09,0.3999999969207461,9.999997050598981e-09,0.19999998615851372,0.012452264072519544,0.04029637681503883
9381.701948330046,0.002159880427402509,0.0022769628988768627,0.5999999976829815,9.999997050598981e-09,9.999997050598981e-09,0.19999998615851372,0.3999999969207461,0.3999999969207461,0.0022769628988768627,0.04257333971391569
9390.990965387278,0.0009901206740944096,0.0010985150119659024,0.5999999976829815,0.3999999969207461,9.999997050598981e-09,0.3999999969207461,9.999997050598981e-09,0.19999998615851372,0.0010985150119659024,0.043671854725881594
9383.660816636368,-0.0007805511450206019,-0.0006623913787084807,0.20000001045339255,0.6000000070652988,9.99999706604097e-09,0.19999998646735356,9.99999706604097e-09,0.19999998646735356,-0.0006623913787084807,0.043009463347173114
9370.175052397026,-0.0014371538467622097,-0.0013100185645677767,0.19999999630306597,0.4000000107622328,0.19999999307925662,0.19999999307925662,9.99999739663605e-09,0.19999999307925662,-0.0013100185645677767,0.04169944478260534
9328.007029947405,-0.00450023849221842,-0.004284589292385284,0.5999999970653014,0.19999998646735356,9.99999706604097e-09,9.99999706604097e-09,0.6000000070652988,0.19999998646735356,-0.004284589292385284,0.037414855490220056
9113.063246540438,-0.023042841060999696,-0.020248922964036166,0.5999999973741416,0.3999999969207461,9.999997050598981e-09,0.3999999969207461,9.999997050598981e-09,0.19999998615851372,-0.020248922964036166,0.01716593252618389
9174.113917532488,0.006699248028946497,0.006862713537310016,0.5999999973741416,9.99999706604097e-09,9.99999706604097e-09,0.19999998646735356,0.6000000070652988,0.19999998646735356,0.006862713537310016,0.024028646063493905
9156.543252265083,-0.00191524385083399,-0.001647288658720611,0.5999999970653014,0.4000000107622328,0.19999999307925662,0.19999999307925662,9.99999739663605e-09,0.19999999307925662,-0.001647288658720611,0.022381357404773296
9195.82319525929,0.004289822251917035,0.0043688367486245955,0.5999999904533984,9.99999706604097e-09,0.6000000070652988,0.19999998646735356,0.19999998646735356,9.99999706604097e-09,0.0043688367486245955,0.02675019415339789
9400.968821620132,0.02230856574826261,0.024182467594059596,0.5999999973741416,9.999997050598981e-09,9.999997050598981e-09,0.19999998615851372,0.3999999969207461,0.3999999969207461,0.024182467594059596,0.05093266174745749
9400.90175984245,-7.133496446297149e-06,8.604449919579517e-05,0.39999998692074906,0.3999999969207461,9.999997050598981e-09,0.19999998615851372,0.3999999969207461,9.999997050598981e-09,8.604449919579517e-05,0.051018706246653285
9436.814556009092,0.003820143756852041,0.003639433984500115,0.2000000107622324,0.19999998615851372,9.999997050598981e-09,0.3999999969207461,0.3999999969207461,9.999997050598981e-09,0.003639433984500115,0.0546581402311534
9451.479596995097,0.0015540244961862874,0.0015158226460753367,0.0,0.19999998615851372,9.999997050598981e-09,0.3999999969207461,0.3999999969207461,9.999997050598981e-09,0.0015158226460753367,0.05617396287722874
9494.543304487117,0.004556292700003347,0.004324544894644073,0.3999999869207491,0.3999999969207461,9.999997050598981e-09,0.3999999969207461,9.999997050598981e-09,0.19999998615851372,0.004324544894644073,0.060498507771872816
9424.960226996525,-0.00732874402265423,-0.006548453523746704,0.0,0.3999999969207461,9.999997050598981e-09,0.3999999969207461,9.999997050598981e-09,0.19999998615851372,-0.006548453523746704,0.053950054248126114
9355.978104555525,-0.007319088970095616,-0.006484869940749952,0.5999999976829815,9.999997050598981e-09,9.999997050598981e-09,0.19999998615851372,0.3999999969207461,0.3999999969207461,-0.006484869940749952,0.04746518430737616
9377.03312153189,0.002250434614218781,0.002182826601070432,0.39999998692074906,0.3999999969207461,9.999997050598981e-09,0.19999998615851372,0.3999999969207461,9.999997050598981e-09,0.002182826601070432,0.04964801090844659
9300.60463857601,-0.008150603924004638,-0.007181134639187246,0.39999998692074906,0.3999999969207461,0.19999998615851372,0.3999999969207461,9.999997050598981e-09,9.999997050598981e-09,-0.007181134639187246,0.042466876269259345
9226.546144627055,-0.007962761221112715,-0.006947403235828746,0.39999998692074906,0.3999999969207461,9.999997050598981e-09,0.19999998615851372,0.3999999969207461,9.999997050598981e-09,-0.006947403235828746,0.0355194730334306
9302.50961099966,0.008233142194475391,0.007963375074248418,0.5999999838414953,0.19999999307925662,0.4000000107622328,9.99999739663605e-09,0.19999999307925662,0.19999999307925662,0.007963375074248418,0.04348284810767902
9409.22397355859,0.0114715670309813,0.0110509327792386,0.5999999970653014,9.99999706604097e-09,0.19999998646735356,0.6000000070652988,0.19999998646735356,9.99999706604097e-09,0.0110509327792386,0.05453378088691763
9443.456753214108,0.0036382149847552013,0.0034043096184160184,0.5999999904533984,0.4000000107622328,0.19999999307925662,0.19999999307925662,9.99999739663605e-09,0.19999999307925662,0.0034043096184160184,0.05793809050533365
9408.322360786035,-0.0037205012260066255,-0.0032536080731884517,0.20000000384148947,0.3999999969207461,9.999997050598981e-09,0.3999999969207461,9.999997050598981e-09,0.19999998615851372,-0.0032536080731884517,0.054684482432145194
9678.787564290584,0.028747442225390742,0.028358933348071397,0.5999999630792657,9.999997050598981e-09,0.3999999969207461,0.3999999969207461,0.19999998615851372,9.999997050598981e-09,0.028358933348071397,0.0830434157802166
9745.597720474223,0.006902740218220254,0.005909220588990458,0.5999999630792657,0.3999999969207461,9.999997050598981e-09,0.3999999969207461,9.999997050598981e-09,0.19999998615851372,0.005909220588990458,0.08895263636920706
9785.854794440223,0.004130795782943715,0.00351183581257984,0.0,0.3999999969207461,9.999997050598981e-09,0.3999999969207461,9.999997050598981e-09,0.19999998615851372,0.00351183581257984,0.0924644721817869
9842.274397640598,0.005765424113224116,0.004890320206921922,0.5999999976829815,9.999997050598981e-09,9.999997050598981e-09,0.19999998615851372,0.3999999969207461,0.3999999969207461,0.004890320206921922,0.09735479238870882
9777.228035663751,-0.006608875077943432,-0.005665132487554212,0.5999999976829815,0.3999999969207461,9.999997050598981e-09,0.3999999969207461,9.999997050598981e-09,0.19999998615851372,-0.005665132487554212,0.09168965990115462
9715.062429618565,-0.0063582035540573015,-0.005415372842804741,0.20000000384148947,0.19999999307925662,9.99999739663605e-09,0.4000000107622328,0.19999999307925662,0.19999999307925662,-0.005415372842804741,0.08627428705834987
9715.136974376344,7.673111554273325e-06,1.5167595144757675e-05,0.4000000139860421,9.99999706604097e-09,9.99999706604097e-09,0.19999998646735356,0.19999998646735356,0.6000000070652988,1.5167595144757675e-05,0.08628945465349463
9706.890406824097,-0.0008488369823294343,-0.0007142775421842708,0.19999997669675473,9.999997054571063e-09,9.999997054571063e-09,9.999997054571063e-09,0.19999998623795537,0.7999999837620535,-0.0007142775421842708,0.08557517711131037
9725.679542070695,0.0019356492614141484,0.001664450606147393,0.19999999745898472,9.999996720003926e-09,9.999996720003926e-09,9.999996720003926e-09,0.39999998369694006,0.5999999863030697,0.001664450606147393,0.08723962771745776
9751.005953081669,0.0026040762397545984,0.0022361041090553087,0.7999999669207558,0.4000000107622328,0.19999999307925662,0.19999999307925662,9.99999739663605e-09,0.19999999307925662,0.0022361041090553087,0.08947573182651307
9747.727107555367,-0.0003362571556286979,-0.00028772329410562124,0.7999999669207558,9.999996720003926e-09,9.999996720003926e-09,9.999996720003926e-09,0.39999998369694006,0.5999999863030697,-0.00028772329410562124,0.08918800853240745
9741.560553427764,-0.0006326145633297076,-0.0005424830630775667,0.40000000014455606,9.999997050598981e-09,0.3999999969207461,9.999997050598981e-09,0.3999999969207461,0.19999998615851372,-0.0005424830630775667,0.08864552546932988
9746.639686282495,0.0005213880083045551,0.0004520710238621815,0.5999999907622382,0.4000000107622328,0.19999999307925662,0.19999999307925662,9.99999739663605e-09,0.19999999307925662,0.0004520710238621815,0.08909759649319207
9743.969373117767,-0.0002739726973272741,-0.00023512229434282202,0.7999999669207549,9.999997054571063e-09,9.999997054571063e-09,9.999997054571063e-09,0.19999998623795537,0.7999999837620535,-0.00023512229434282202,0.08886247419884925
9764.791938543714,0.0021369695068410664,0.0018533415382576508,0.7999999737620561,0.19999999307925662,0.19999999307925662,0.19999999307925662,0.4000000107622328,9.99999739663605e-09,0.0018533415382576508,0.09071581573710691
9725.944402465788,-0.0039783270675319785,-0.003456843220429713,0.4000000007622354,0.4000000107622328,0.19999999307925662,0.19999999307925662,9.99999739663605e-09,0.19999999307925662,-0.003456843220429713,0.08725897251667719
9727.338782515855,0.00014336705952318544,0.00013078527559418505,0.4000000007622354,0.19999999307925662,0.19999999307925662,0.19999999307925662,0.4000000107622328,9.99999739663605e-09,0.00013078527559418505,0.08738975779227137
9726.03426344838,-0.00013410852614894911,-0.00011100117172392148,0.5999999838414953,0.3999999969207461,9.999997050598981e-09,0.3999999969207461,9.999997050598981e-09,0.19999998615851372,-0.00011100117172392148,0.08727875662054745
9741.482543721557,0.0015883431884701838,0.0013940266478954624,0.0,0.3999999969207461,9.999997050598981e-09,0.3999999969207461,9.999997050598981e-09,0.19999998615851372,0.0013940266478954624,0.08867278326844291
9717.203378997892,-0.00249234801937949,-0.0021789757862487385,0.40000000014455606,9.999996720003926e-09,9.999996720003926e-09,0.39999998369694006,9.999996720003926e-09,0.5999999863030697,-0.0021789757862487385,0.08649380748219418
9779.567386326751,0.00641789668245986,0.005648856530948809,0.5999999763030728,0.3999999969207461,0.19999998615851372,0.3999999969207461,9.999997050598981e-09,9.999997050598981e-09,0.005648856530948809,0.09214266401314299
9734.021477856975,-0.004657251867138371,-0.004093141946898206,0.19999997615851667,0.3999999969207461,9.999997050598981e-09,0.3999999969207461,9.999997050598981e-09,0.19999998615851372,-0.004093141946898206,0.08804952206624478
9763.321904522492,0.0030101049943406363,0.002646604579855101,0.5999999907622382,9.99999739663605e-09,0.19999999307925662,0.19999999307925662,0.19999999307925662,0.4000000107622328,0.002646604579855101,0.09069612664609988
9762.505182685616,-8.365204434130369e-05,-7.594196575422458e-05,0.3999999932238132,9.999996720003926e-09,0.5999999863030697,9.999996720003926e-09,9.999996720003926e-09,0.39999998369694006,-7.594196575422458e-05,0.09062018468034566
9795.14948243994,0.0033438445504972744,0.0029437252578305437,0.5999999630792666,0.19999998615851372,0.3999999969207461,0.3999999969207461,9.999997050598981e-09,9.999997050598981e-09,0.0029437252578305437,0.0935639099381762
9804.203735827523,0.0009243609200466987,0.000806083656058174,0.7999999738414981,9.999997050598981e-09,9.999997050598981e-09,0.19999998615851372,0.3999999969207461,0.3999999969207461,0.000806083656058174,0.09436999359423438
9768.556169236803,-0.0036359471458608144,-0.003233722118476025,0.2000000038414895,9.99999739663605e-09,0.19999999307925662,0.19999999307925662,0.19999999307925662,0.4000000107622328,-0.003233722118476025,0.09113627147575835
9797.005995091564,0.00291238800922859,0.0025763138841067394,0.3999999932238132,9.999996720003926e-09,0.5999999863030697,9.999996720003926e-09,9.999996720003926e-09,0.39999998369694006,0.0025763138841067394,0.0937125853598651
9856.400970462848,0.0060625639507664066,0.005360716760733827,0.5999999630792666,0.19999998615851372,0.3999999969207461,0.3999999969207461,9.999997050598981e-09,9.999997050598981e-09,0.005360716760733827,0.09907330212059892
9866.209616112035,0.0009951548926004877,0.000859129717808039,0.7999999738414981,9.999997050598981e-09,9.999997050598981e-09,0.19999998615851372,0.3999999969207461,0.3999999969207461,0.000859129717808039,0.09993243183840696
9944.071848644544,0.007891808056191562,0.0069455490410403236,0.5999999976829815,0.3999999969207461,9.999997050598981e-09,0.3999999969207461,9.999997050598981e-09,0.19999998615851372,0.0069455490410403236,0.10687798087944728
9979.658854042767,0.003578715634790407,0.0031170560169262703,0.20000000384148947,0.4000000107622328,0.19999999307925662,0.19999999307925662,9.99999739663605e-09,0.19999999307925662,0.0031170560169262703,0.10999503689637355
10021.882501240812,0.004230970999668987,0.0036832236526446144,0.5999999907622382,9.999997050598981e-09,9.999997050598981e-09,0.19999998615851372,0.3999999969207461,0.3999999969207461,0.0036832236526446144,0.11367826054901817
9955.079796120124,-0.006665684327512002,-0.006079772120379603,0.5999999976829815,0.3999999969207461,9.999997050598981e-09,0.3999999969207461,9.999997050598981e-09,0.19999998615851372,-0.006079772120379603,0.10759848842863856
9846.480761196019,-0.01090890652292211,-0.00991329718599424,0.0,0.3999999969207461,9.999997050598981e-09,0.3999999969207461,9.999997050598981e-09,0.19999998615851372,-0.00991329718599424,0.09768519124264433
9856.652693705833,0.0010330525957965766,0.0008912508749896833,0.20000000384148947,0.4000000107622328,0.19999999307925662,0.19999999307925662,9.99999739663605e-09,0.19999999307925662,0.0008912508749896833,0.09857644211763401
9935.126152611685,0.00796147143907804,0.006979127533287118,0.400000007682979,0.19999998615851372,0.3999999969207461,0.3999999969207461,9.999997050598981e-09,9.999997050598981e-09,0.006979127533287118,0.10555556965092114
9959.144395784806,0.0024175076193476766,0.0020877822908028946,0.400000007682979,0.4000000107622328,0.19999999307925662,0.19999999307925662,9.99999739663605e-09,0.19999999307925662,0.0020877822908028946,0.10764335194172403
9984.46754536747,0.0025427033263401926,0.0021960826151739654,0.20000000384148947,0.3999999969207461,9.999997050598981e-09,0.3999999969207461,9.999997050598981e-09,0.19999998615851372,0.0021960826151739654,0.109839434556898
9985.93127183229,0.00014660035281504613,7.950424905604845e-05,0.5999999907622382,9.99999739663605e-09,0.19999999307925662,0.19999999307925662,0.19999999307925662,0.4000000107622328,7.950424905604845e-05,0.10991893880595405
9942.586827993342,-0.004340550987088416,-0.003939785693899438,0.4000000007622354,0.4000000107622328,0.19999999307925662,0.19999999307925662,9.99999739663605e-09,0.19999999307925662,-0.003939785693899438,0.10597915311205461
10065.980403258514,0.012410610779657239,0.010802816186095304,0.39999998692074873,0.3999999969207461,9.999997050598981e-09,0.19999998615851372,0.3999999969207461,9.999997050598981e-09,0.010802816186095304,0.1167819692981499
10060.217607950877,-0.0005725021385668934,-0.0005731656765487478,0.39999998692074906,9.999997050598981e-09,0.3999999969207461,0.19999998615851372,0.3999999969207461,9.999997050598981e-09,-0.0005731656765487478,0.11620880362160116
9897.990483089858,-0.016125607932457365,-0.01485835488280755,0.39999998692074906,0.3999999969207461,9.999997050598981e-09,0.19999998615851372,0.3999999969207461,9.999997050598981e-09,-0.01485835488280755,0.1013504487387936
9838.887458798365,-0.00597121449979845,-0.005244447048221999,0.39999998692074906,9.999997050598981e-09,9.999997050598981e-09,0.19999998615851372,0.3999999969207461,0.3999999969207461,-0.005244447048221999,0.09610600169057161
9863.890753512898,0.002541272559447097,0.0021853281224168694,0.5999999630792657,0.3999999969207461,0.19999998615851372,9.999997050598981e-09,9.999997050598981e-09,0.3999999969207461,0.0021853281224168694,0.09829132981298848
9955.64582848747,0.009302117923588546,0.008008625661628972,0.39999998692074906,0.3999999969207461,9.999997050598981e-09,0.3999999969207461,9.999997050598981e-09,0.19999998615851372,0.008008625661628972,0.10629995547461746
10022.082843757615,0.006673300398055471,0.005682905835712902,0.5999999976829815,9.999997050598981e-09,9.999997050598981e-09,0.19999998615851372,0.3999999969207461,0.3999999969207461,0.005682905835712902,0.11198286131033036
9983.244100558555,-0.0038753165189860084,-0.003436833378451128,0.5999999838414953,0.19999999307925662,0.4000000107622328,9.99999739663605e-09,0.19999999307925662,0.19999999307925662,-0.003436833378451128,0.10854602793187923
9943.526284071444,-0.003978447895998969,-0.003518867633342136,0.39999998692074873,0.19999998615851372,0.3999999969207461,0.3999999969207461,9.999997050598981e-09,9.999997050598981e-09,-0.003518867633342136,0.10502716029853709
9931.214915533445,-0.001238129028503793,-0.0011150166313456458,0.400000007682979,0.4000000107622328,0.19999999307925662,0.19999999307925662,9.99999739663605e-09,0.19999999307925662,-0.0011150166313456458,0.10391214366719145
9942.369218238127,0.0011231559078675815,0.0009396676508067575,0.400000007682979,0.19999998615851372,0.3999999969207461,0.3999999969207461,9.999997050598981e-09,9.999997050598981e-09,0.0009396676508067575,0.10485181131799821
9910.573064972605,-0.003198045915172408,-0.002838900174439924,0.400000007682979,0.4000000107622328,0.19999999307925662,0.19999999307925662,9.99999739663605e-09,0.19999999307925662,-0.002838900174439924,0.10201291114355829
9663.680774039809,-0.024912009559305878,-0.02237975544859523,0.20000000384148947,0.3999999969207461,9.999997050598981e-09,0.3999999969207461,9.999997050598981e-09,0.19999998615851372,-0.02237975544859523,0.07963315569496306
9660.704342220426,-0.000308001877232831,-0.00023524375997369413,0.5999999907622382,0.19999999307925662,0.4000000107622328,9.99999739663605e-09,0.19999999307925662,0.19999999307925662,-0.00023524375997369413,0.07939791193498937
9556.070642342866,-0.010830856236876745,-0.008985183787525448,0.4000000007622354,0.4000000107622328,0.19999999307925662,0.19999999307925662,9.99999739663605e-09,0.19999999307925662,-0.008985183787525448,0.07041272814746391
9486.640871392172,-0.007265514618848801,-0.005949283982177677,0.39999998692074873,0.3999999969207461,9.999997050598981e-09,0.19999998615851372,0.3999999969207461,9.999997050598981e-09,-0.005949283982177677,0.06446344416528624
9558.440626039155,0.007568511933818596,0.006464752569464144,0.39999998692074906,9.999997050598981e-09,0.3999999969207461,0.19999998615851372,0.3999999969207461,9.999997050598981e-09,0.006464752569464144,0.07092819673475038
9505.961978143167,-0.005490293861639619,-0.004487217798560672,0.39999998692074906,0.3999999969207461,9.999997050598981e-09,0.19999998615851372,0.3999999969207461,9.999997050598981e-09,-0.004487217798560672,0.0664409789361897
9445.463942353259,-0.0063642202576667415,-0.00518144828265549,0.39999998692074906,9.999997050598981e-09,9.999997050598981e-09,0.19999998615851372,0.3999999969207461,0.3999999969207461,-0.00518144828265549,0.06125953065353422
9396.137488055761,-0.0052222373192616954,-0.0042285138332301565,0.0,9.999997050598981e-09,9.999997050598981e-09,0.19999998615851372,0.3999999969207461,0.3999999969207461,-0.0042285138332301565,0.057031016820304065
9425.40793019697,0.0031151568587005087,0.002696439465532355,0.0,9.999997050598981e-09,9.999997050598981e-09,0.19999998615851372,0.3999999969207461,0.3999999969207461,0.002696439465532355,0.05972745628583642
9393.600499684791,-0.003374647627746105,-0.0027222091620921385,0.7999999738414981,0.19999998615851372,0.3999999969207461,0.3999999969207461,9.999997050598981e-09,9.999997050598981e-09,-0.0027222091620921385,0.05700524712374428
9379.17535368792,-0.001535635457070429,-0.0012003290217300797,0.0,0.19999998615851372,0.3999999969207461,0.3999999969207461,9.999997050598981e-09,9.999997050598981e-09,-0.0012003290217300797,0.0558049181020142
9453.330692163709,0.007906381497242316,0.006854905813052419,0.5999999976829815,0.3999999969207461,9.999997050598981e-09,0.19999998615851372,0.3999999969207461,9.999997050598981e-09,0.006854905813052419,0.06265982391506662
9436.641594786635,-0.0017654198208581523,-0.0014061742847100514,0.39999998692074906,9.999997050598981e-09,9.999997050598981e-09,0.19999998615851372,0.3999999969207461,0.3999999969207461,-0.0014061742847100514,0.06125364963035657
9431.66702503156,-0.0005271546773403064,-0.0003731140081635453,0.5999999976829815,0.3999999969207461,9.999997050598981e-09,0.3999999969207461,9.999997050598981e-09,0.19999998615851372,-0.0003731140081635453,0.060880535622193026
9403.885630158267,-0.002945544493837798,-0.0023896128097788956,0.20000000384148947,0.4000000107622328,0.19999999307925662,0.19999999307925662,9.99999739663605e-09,0.19999999307925662,-0.0023896128097788956,0.05849092281241413
9395.708149097241,-0.0008695853376610272,-0.0006555713986037696,0.0,0.4000000107622328,0.19999999307925662,0.19999999307925662,9.99999739663605e-09,0.19999999307925662,-0.0006555713986037696,0.05783535141381036
9375.43021491793,-0.0021582124367349113,-0.0017353264703648707,0.20000000384148947,0.3999999969207461,9.999997050598981e-09,0.3999999969207461,9.999997050598981e-09,0.19999998615851372,-0.0017353264703648707,0.056100024943445494
9328.658320475293,-0.0049887731411209025,-0.004083409132819367,0.5999999976829815,9.999997050598981e-09,9.999997050598981e-09,0.19999998615851372,0.3999999969207461,0.3999999969207461,-0.004083409132819367,0.052016615810626124
9300.031727579088,-0.0030686720332947473,-0.0024840954511448103,0.5999999976829815,0.3999999969207461,9.999997050598981e-09,0.3999999969207461,9.999997050598981e-09,0.19999998615851372,-0.0024840954511448103,0.049532520359481316
9294.953305615554,-0.0005460650148615679,-0.0003650760713827192,0.20000000384148947,0.4000000107622328,0.19999999307925662,0.19999999307925662,9.99999739663605e-09,0.19999999307925662,-0.0003650760713827192,0.0491674442880986
9394.12675411007,0.010669601582032765,0.009505995018579285,0.20000000384148947,0.3999999969207461,9.999997050598981e-09,0.3999999969207461,9.999997050598981e-09,0.19999998615851372,0.009505995018579285,0.058673439306677885
9359.702581319856,-0.0036644356299698425,-0.0029951122336818493,0.3999999869207491,0.3999999969207461,9.999997050598981e-09,0.19999998615851372,0.3999999969207461,9.999997050598981e-09,-0.0029951122336818493,0.05567832707299604
9344.577645167083,-0.001615963330176815,-0.0012803564521452198,0.400000007682979,0.19999999307925662,9.99999739663605e-09,0.4000000107622328,0.19999999307925662,0.19999999307925662,-0.0012803564521452198,0.05439797062085082
9393.729039980437,0.005259884039678825,0.004621032595765856,0.4000000007622354,0.4000000107622328,0.19999999307925662,0.19999999307925662,9.99999739663605e-09,0.19999999307925662,0.004621032595765856,0.059019003216616676
9412.499426268956,0.0019981826395705725,0.0017797960455547047,0.5999999907622382,9.999997050598981e-09,9.999997050598981e-09,0.19999998615851372,0.3999999969207461,0.3999999969207461,0.0017797960455547047,0.06079879926217138
9442.607209807047,0.003198702297294588,0.0028126712903583963,0.5999999630792657,0.3999999969207461,0.19999998615851372,9.999997050598981e-09,9.999997050598981e-09,0.3999999969207461,0.0028126712903583963,0.06361147055252978
9566.204248080403,0.013089291498325677,0.011531192461192035,0.5999999838414953,0.19999999307925662,9.99999739663605e-09,0.4000000107622328,0.19999999307925662,0.19999999307925662,0.011531192461192035,0.07514266301372181
9496.791409997903,-0.007256048092055866,-0.006035472083983683,0.0,0.19999999307925662,9.99999739663605e-09,0.4000000107622328,0.19999999307925662,0.19999999307925662,-0.006035472083983683,0.06910719092973813
9497.872178634236,0.0001138035563459013,0.00014506243159598833,0.0,0.19999999307925662,9.99999739663605e-09,0.4000000107622328,0.19999999307925662,0.19999999307925662,0.00014506243159598833,0.06925225336133412
9400.1641184906,-0.01028736313839156,-0.008494992717982349,0.7999999669207558,0.5999999863030697,0.39999998369694006,9.999996720003926e-09,9.999996720003926e-09,9.999996720003926e-09,-0.008494992717982349,0.06075726064335177
9361.442442017229,-0.004119255364616836,-0.003361230049901228,0.7999999669207558,9.99999739663605e-09,0.19999999307925662,0.19999999307925662,0.19999999307925662,0.4000000107622328,-0.003361230049901228,0.05739603059345054
9375.21510580646,0.0014712117149183815,0.0013226064888415296,0.5999999907622382,0.3999999969207461,9.999997050598981e-09,0.19999998615851372,0.3999999969207461,9.999997050598981e-09,0.0013226064888415296,0.058718637082292066
9472.984286359853,0.01042847331501125,0.009112264793198977,0.9999999500000157,9.999996720003926e-09,0.5999999863030697,9.999996720003926e-09,9.999996720003926e-09,0.39999998369694006,0.009112264793198977,0.06783090187549104
9549.50233106318,0.008077501491637162,0.006928483092100424,0.9999999500000163,0.39999998369694006,9.999996720003926e-09,0.5999999863030697,9.999996720003926e-09,9.999996720003926e-09,0.006928483092100424,0.07475938496759146
9146.770178958113,-0.04217310370143959,-0.033528739998414006,0.40000000014455606,0.3999999969207461,9.999997050598981e-09,0.19999998615851372,0.3999999969207461,9.999997050598981e-09,-0.033528739998414006,0.04123064496917746
9263.471409864089,0.012758736540078735,0.010119208707397428,0.39999998692074873,0.4000000107622328,0.19999999307925662,0.19999999307925662,9.99999739663605e-09,0.19999999307925662,0.010119208707397428,0.05134985367657489
9267.589455901989,0.000444546742327556,0.00041783817516093065,0.20000000384148947,0.3999999969207461,9.999997050598981e-09,0.3999999969207461,9.999997050598981e-09,0.19999998615851372,0.00041783817516093065,0.05176769185173582
9210.78725161895,-0.006129123927351346,-0.004433012671269439,0.20000000384148947,0.4000000107622328,0.19999999307925662,0.19999999307925662,9.99999739663605e-09,0.19999999307925662,-0.004433012671269439,0.04733467918046638
9131.79461605569,-0.008576100327295857,-0.0061730629732157545,0.0,0.4000000107622328,0.19999999307925662,0.19999999307925662,9.99999739663605e-09,0.19999999307925662,-0.0061730629732157545,0.04116161620725063
9149.961329547548,0.0019893913798628236,0.0016101806752607016,0.39999998692074873,0.3999999969207461,9.999997050598981e-09,0.19999998615851372,0.3999999969207461,9.999997050598981e-09,0.0016101806752607016,0.042771796882511336
9251.778272913309,0.011127581822337087,0.008751412977368426,0.5999999838414953,0.19999999307925662,0.4000000107622328,9.99999739663605e-09,0.19999999307925662,0.19999999307925662,0.008751412977368426,0.051523209859879765
9250.909105597482,-9.394597343216717e-05,1.5057968982859474e-05,0.5999999838414953,9.999997050598981e-09,9.999997050598981e-09,0.19999998615851372,0.3999999969207461,0.3999999969207461,1.5057968982859474e-05,0.05153826782886262
9368.52583986684,0.012714073063175008,0.009902154091250257,0.39999998692074873,0.19999999307925662,0.19999999307925662,0.19999999307925662,0.4000000107622328,9.99999739663605e-09,0.009902154091250257,0.061440421920112884
9200.33072053323,-0.01795321080482821,-0.012841654402197053,0.2000000038414895,0.3999999969207461,9.999997050598981e-09,0.19999998615851372,0.3999999969207461,9.999997050598981e-09,-0.012841654402197053,0.04859876751791583
9263.756303564785,0.006893837293262203,0.0052343685752817394,0.39999998692074873,0.4000000107622328,0.19999999307925662,0.19999999307925662,9.99999739663605e-09,0.19999999307925662,0.0052343685752817394,0.05383313609319757
9310.797063715185,0.005077935840378089,0.003839207752420905,0.20000000384148947,0.3999999969207461,9.999997050598981e-09,0.3999999969207461,9.999997050598981e-09,0.19999998615851372,0.003839207752420905,0.05767234384561848
9313.436591853782,0.00028349110398771154,0.0002772050055570337,0.20000000384148947,0.4000000107622328,0.19999999307925662,0.19999999307925662,9.99999739663605e-09,0.19999999307925662,0.0002772050055570337,0.057949548851175516
9307.809100985649,-0.0006042335514535656,-0.00037441118925069574,0.20000000384148947,0.3999999969207461,9.999997050598981e-09,0.3999999969207461,9.999997050598981e-09,0.19999998615851372,-0.00037441118925069574,0.05757513766192482
9294.607568357205,-0.0014183286834970807,-0.0009713944486237397,0.20000000384148947,0.4000000107622328,0.19999999307925662,0.19999999307925662,9.99999739663605e-09,0.19999999307925662,-0.0009713944486237397,0.056603743213301076
9271.457232245642,-0.0024907276548583974,-0.0017562627943866148,0.20000000384148947,0.3999999969207461,9.999997050598981e-09,0.3999999969207461,9.999997050598981e-09,0.19999998615851372,-0.0017562627943866148,0.05484748041891446
9199.633716682058,-0.007746734279675779,-0.00555346088988092,0.5999999907622382,9.99999739663605e-09,0.19999999307925662,0.19999999307925662,0.19999999307925662,0.4000000107622328,-0.00555346088988092,0.04929401952903354
9202.79835456174,0.0003439960738811387,0.00034508406787480057,0.4000000007622354,0.19999999307925662,0.4000000107622328,9.99999739663605e-09,0.19999999307925662,0.19999999307925662,0.00034508406787480057,0.04963910359690834
9266.163214144692,0.0068853904151385285,0.005287134422179448,0.5999999907622382,0.3999999969207461,9.999997050598981e-09,0.3999999969207461,9.999997050598981e-09,0.19999998615851372,0.005287134422179448,0.05492623801908779
9254.557622675266,-0.0012524700030872203,-0.0008490006049612618,0.5999999907622382,9.99999739663605e-09,0.19999999307925662,0.19999999307925662,0.4000000107622328,0.19999999307925662,-0.0008490006049612618,0.054077237414126525
9216.912263826529,-0.004067764271789672,-0.0029143073625449447,0.3999999869207487,0.3999999969207461,9.999997050598981e-09,0.19999998615851372,0.3999999969207461,9.999997050598981e-09,-0.0029143073625449447,0.05116293005158158
9188.502919846549,-0.0030823060008369294,-0.0021899182401440764,0.39999998692074873,0.4000000107622328,0.19999999307925662,0.19999999307925662,9.99999739663605e-09,0.19999999307925662,-0.0021899182401440764,0.048973011811437504
9097.202829490545,-0.009936340136411438,-0.007119458388683951,0.5999999838414966,9.999996720003926e-09,0.5999999863030697,9.999996720003926e-09,9.999996720003926e-09,0.39999998369694006,-0.007119458388683951,0.041853553422753556
8683.63939832408,-0.045460504609813775,-0.028755289515765836,0.9999999500000157,0.19999998646735356,9.99999706604097e-09,0.19999998646735356,0.6000000070652988,9.99999706604097e-09,-0.028755289515765836,0.01309826390698772
8502.025236600686,-0.020914521365136954,-0.012581195174569248,0.5999999970653017,0.19999998646735356,0.6000000070652988,9.99999706604097e-09,0.19999998646735356,9.99999706604097e-09,-0.012581195174569248,0.0005170687324184721
8235.913539571879,-0.03129980088546582,-0.01712499422401034,0.5999999763030728,9.999996720003926e-09,0.39999998369694006,0.5999999863030697,9.999996720003926e-09,9.999996720003926e-09,-0.01712499422401034,-0.016607925491591867
7859.0390910628275,-0.04575988403693732,-0.02080718785741563,0.599999976303073,0.39999998369694006,0.5999999863030697,9.999996720003926e-09,9.999996720003926e-09,9.999996720003926e-09,-0.02080718785741563,-0.037415113349007496
7980.313438705716,0.015431192826206933,0.010564247678208002,0.9999999500000156,9.999997050598981e-09,9.999997050598981e-09,0.19999998615851372,0.3999999969207461,0.3999999969207461,0.010564247678208002,-0.026850865670799494
8194.897190216912,0.026889138272493708,0.018987794231774744,0.399999986920749,0.19999998646735356,9.99999706604097e-09,0.19999998646735356,0.6000000070652988,9.99999706604097e-09,0.018987794231774744,-0.00786307143902475
8221.498606148223,0.0032460951387000485,0.0021375572657084366,0.399999986920749,9.999997050598981e-09,9.999997050598981e-09,0.19999998615851372,0.3999999969207461,0.3999999969207461,0.0021375572657084366,-0.005725514173316314
8277.526220159827,0.0068147690215145775,0.0043096303895399585,0.5999999976829815,0.3999999969207461,9.999997050598981e-09,0.3999999969207461,9.999997050598981e-09,0.19999998615851372,0.0043096303895399585,-0.0014158837837763552
8381.45973433139,0.01255610811820019,0.007930021731809716,0.3999999869207491,0.19999998615851372,9.999997050598981e-09,0.3999999969207461,0.3999999969207461,9.999997050598981e-09,0.007930021731809716,0.006514137948033361
8332.028216218436,-0.005897721838414154,-0.003131822931860734,0.40000000014455606,0.5999999863030697,9.999996720003926e-09,0.39999998369694006,9.999996720003926e-09,9.999996720003926e-09,-0.003131822931860734,0.003382315016172627
8434.47585519674,0.012295642347788602,0.00770595866132275,0.19999998938232366,0.3999999969207461,9.999997050598981e-09,0.3999999969207461,9.999997050598981e-09,0.19999998615851372,0.00770595866132275,0.011088273677495377
8323.187750385743,-0.01319443042123704,-0.007024410127755395,0.5999999907622382,9.99999739663605e-09,0.19999999307925662,0.19999999307925662,0.19999999307925662,0.4000000107622328,-0.007024410127755395,0.004063863549739982
8156.233737230921,-0.020058902689907978,-0.010327365748208833,0.5999999970653014,0.6000000070652988,9.99999706604097e-09,0.19999998646735356,9.99999706604097e-09,0.19999998646735356,-0.010327365748208833,-0.006263502198468851
8173.523628046035,0.0021198375833921725,0.0014442271593583659,0.5999999970653014,9.99999739663605e-09,0.19999999307925662,0.19999999307925662,0.19999999307925662,0.4000000107622328,0.0014442271593583659,-0.004819275039110485
8072.227167505113,-0.01239324251701435,-0.006444661760688464,0.5999999970653014,0.6000000070652988,9.99999706604097e-09,0.19999998646735356,9.99999706604097e-09,0.19999998646735356,-0.006444661760688464,-0.011263936799798948
8250.849042472619,0.02212795443698009,0.014344196516327673,0.5999999970653017,9.99999706604097e-09,9.99999706604097e-09,0.19999998646735356,0.6000000070652988,0.19999998646735356,0.014344196516327673,0.0030802597165287254
8142.827392740034,-0.01309218592856627,-0.0067427653419383,0.5999999970653017,0.6000000070652988,9.99999706604097e-09,0.19999998646735356,9.99999706604097e-09,0.19999998646735356,-0.0067427653419383,-0.0036625056254095747
8313.388282204975,0.02094615067206359,0.013144670049402533,0.7999999735326583,9.99999706604097e-09,0.19999998646735356,0.6000000070652988,0.19999998646735356,9.99999706604097e-09,0.013144670049402533,0.009482164423992958
8734.173211222387,0.05061533453430937,0.03384924591855121,0.4000000139860421,9.99999739663605e-09,0.19999999307925662,0.19999999307925662,0.4000000107622328,0.19999999307925662,0.03384924591855121,0.04333141034254417
8804.016147139066,0.007996513720032333,0.004280831275500347,0.4000000139860421,9.99999706604097e-09,0.6000000070652988,0.19999998646735356,0.19999998646735356,9.99999706604097e-09,0.004280831275500347,0.04761224161804452
8691.3899814123,-0.012792589636874465,-0.006323826958790159,0.4000000139860421,9.99999739663605e-09,0.19999999307925662,0.19999999307925662,0.19999999307925662,0.4000000107622328,-0.006323826958790159,0.04128841465925436
8665.30366013709,-0.0030013980883378806,-0.001422676024532469,0.4000000007622354,0.4000000107622328,0.19999999307925662,0.19999999307925662,0.19999999307925662,9.99999739663605e-09,-0.001422676024532469,0.03986573863472189
8658.980242653604,-0.0007297398604246503,-0.000263262382466515,0.4000000007622354,0.19999999307925662,0.19999999307925662,9.99999739663605e-09,0.19999999307925662,0.4000000107622328,-0.000263262382466515,0.039602476252255374
8419.483862941976,-0.02765872804881634,-0.013249399395120504,0.2000000038414895,0.3999999969207461,0.19999998615851372,9.999997050598981e-09,9.999997050598981e-09,0.3999999969207461,-0.013249399395120504,0.02635307685713487
8490.50315394989,0.00843511219500076,0.00453666970075127,0.5999999630792657,9.999997050598981e-09,9.999997050598981e-09,0.19999998615851372,0.3999999969207461,0.3999999969207461,0.00453666970075127,0.03088974655788614
8541.920095375079,0.006055817952469506,0.003260682636961819,0.39999998692074873,0.19999999307925662,0.19999999307925662,0.19999999307925662,0.4000000107622328,9.99999739663605e-09,0.003260682636961819,0.03415042919484796
8582.231359597783,0.00471922750067992,0.002554424553453161,0.39999998692074873,9.999997050598981e-09,9.999997050598981e-09,0.19999998615851372,0.3999999969207461,0.3999999969207461,0.002554424553453161,0.03670485374830112
8635.470138944638,0.00620337265637985,0.0033262629984858144,0.5999999976829815,0.3999999969207461,9.999997050598981e-09,0.3999999969207461,9.999997050598981e-09,0.19999998615851372,0.0033262629984858144,0.04003111674678693
8685.823880311853,0.005831036475955951,0.0031230302033910854,0.0,0.3999999969207461,9.999997050598981e-09,0.3999999969207461,9.999997050598981e-09,0.19999998615851372,0.0031230302033910854,0.04315414695017802
8720.334499062723,0.003973211894049012,0.002148221886895829,0.3999999869207491,0.19999998615851372,0.3999999969207461,0.3999999969207461,9.999997050598981e-09,9.999997050598981e-09,0.002148221886895829,0.04530236883707384
8737.439038387487,0.0019614544977149973,0.0011046199021830553,0.9999999500000158,9.999996720003926e-09,9.999996720003926e-09,9.999996720003926e-09,0.39999998369694006,0.5999999863030697,0.0011046199021830553,0.0464069887392569
8690.21896852301,-0.005404337547537429,-0.0026469254315559737,0.7999999738414991,0.3999999969207461,9.999997050598981e-09,0.3999999969207461,9.999997050598981e-09,0.19999998615851372,-0.0026469254315559737,0.04376006330770093
8625.38921705621,-0.007460082617206912,-0.0036717002444147068,0.7999999735326583,9.99999706604097e-09,0.6000000070652988,0.19999998646735356,0.19999998646735356,9.99999706604097e-09,-0.0036717002444147068,0.040088363063286225
8696.339873684712,0.008225791885217324,0.0044213266218447065,0.5999999970653014,0.19999999307925662,9.99999739663605e-09,0.4000000107622328,0.19999999307925662,0.19999999307925662,0.0044213266218447065,0.04450968968513093
8703.89488414315,0.0008687574966222258,0.0005472835845915563,0.4000000007622354,0.4000000107622328,0.19999999307925662,0.19999999307925662,9.99999739663605e-09,0.19999999307925662,0.0005472835845915563,0.04505697326972249
8879.659206441696,0.02019375516801735,0.010937953144143175,0.39999998692074873,0.3999999969207461,9.999997050598981e-09,0.19999998615851372,0.3999999969207461,9.999997050598981e-09,0.010937953144143175,0.055994926413865664
8859.864496520184,-0.0022292195523848017,-0.0010646189965062367,0.3999999869207491,0.3999999969207461,9.999997050598981e-09,0.3999999969207461,9.999997050598981e-09,0.19999998615851372,-0.0010646189965062367,0.05493030741735943
8867.55047184439,0.0008675048390666669,0.000518552687845134,0.7999999735326583,9.99999706604097e-09,0.6000000070652988,0.19999998646735356,0.19999998646735356,9.99999706604097e-09,0.000518552687845134,0.05544886010520456
8843.323947326491,-0.0027320424727010884,-0.001325066903317778,0.5999999904533984,0.4000000107622328,0.19999999307925662,0.19999999307925662,9.99999739663605e-09,0.19999999307925662,-0.001325066903317778,0.05412379320188679
8834.140384516471,-0.0010384740924022954,-0.00045813766921507654,0.20000000384148947,0.3999999969207461,9.999997050598981e-09,0.3999999969207461,9.999997050598981e-09,0.19999998615851372,-0.00045813766921507654,0.05366565553267171
8827.315063719665,-0.000772607237345821,-0.0003215004340637589,0.20000000384148947,0.4000000107622328,0.19999999307925662,0.19999999307925662,9.99999739663605e-09,0.19999999307925662,-0.0003215004340637589,0.05334415509860795
8785.786413571263,-0.0047045619023031665,-0.0023381936889880807,0.5999999907622382,9.999997050598981e-09,9.999997050598981e-09,0.19999998615851372,0.3999999969207461,0.3999999969207461,-0.0023381936889880807,0.05100596140961987
8785.812741682023,2.9966709321225462e-06,8.49799241287719e-05,0.7999999738414981,0.19999998615851372,0.3999999969207461,0.3999999969207461,9.999997050598981e-09,9.999997050598981e-09,8.49799241287719e-05,0.05109094133374864
8795.973742546368,0.001156523723313637,0.000685560443445561,0.0,0.19999998615851372,0.3999999969207461,0.3999999969207461,9.999997050598981e-09,9.999997050598981e-09,0.000685560443445561,0.0517765017771942
8935.740440281346,0.01588984935902255,0.00858345190654766,0.39999998661190916,9.99999706604097e-09,0.6000000070652988,0.19999998646735356,0.19999998646735356,9.99999706604097e-09,0.00858345190654766,0.06035995368374186
8930.447406664953,-0.00059234415455187,-0.00024677708843552507,0.5999999973741416,9.999997050598981e-09,9.999997050598981e-09,0.19999998615851372,0.3999999969207461,0.3999999969207461,-0.00024677708843552507,0.060113176595306336
8954.406509263285,0.0026828557973983405,0.0014597629084327872,0.0,9.999997050598981e-09,9.999997050598981e-09,0.19999998615851372,0.3999999969207461,0.3999999969207461,0.0014597629084327872,0.06157293950373913
8821.680926176608,-0.014822376329394114,-0.007527789530160924,0.5999999907622382,0.4000000107622328,0.19999999307925662,0.19999999307925662,9.99999739663605e-09,0.19999999307925662,-0.007527789530160924,0.054045149973578205
8846.265690472132,0.0027868571195510112,0.0015296597873010209,0.5999999907622382,9.999997050598981e-09,9.999997050598981e-09,0.19999998615851372,0.3999999969207461,0.3999999969207461,0.0015296597873010209,0.055574809760879224
8837.450828176608,-0.0009964500958880747,-0.00044590512516056943,0.40000000014455606,9.999996720003926e-09,9.999996720003926e-09,0.5999999863030697,0.39999998369694006,9.999996720003926e-09,-0.00044590512516056943,0.05512890463571865
8883.559836872771,0.005217455756489564,0.0028173773135610272,0.9999999500000163,9.999996720003926e-09,0.5999999863030697,9.999996720003926e-09,9.999996720003926e-09,0.39999998369694006,0.0028173773135610272,0.05794628194927968
8919.107295800351,0.00400148809490026,0.002168874277641051,0.39999997369694307,0.19999998646735356,0.6000000070652988,9.99999706604097e-09,0.19999998646735356,9.99999706604097e-09,0.002168874277641051,0.06011515622692073
8888.958596070976,-0.0033802373633930755,-0.001701799870501627,0.7999999735326583,9.999997050598981e-09,9.999997050598981e-09,0.19999998615851372,0.3999999969207461,0.3999999969207461,-0.001701799870501627,0.0584133563564191
8828.187058635776,-0.006836744347314342,-0.003489999296167545,0.5999999630792666,9.999996720003926e-09,0.39999998369694006,9.999996720003926e-09,0.5999999863030697,9.999996720003926e-09,-0.003489999296167545,0.05492335706025156
8764.82986828138,-0.007176693236514504,-0.0036568812247429654,0.7999999669207558,0.4000000107622328,0.19999999307925662,0.19999999307925662,9.99999739663605e-09,0.19999999307925662,-0.0036568812247429654,0.05126647583550859
8751.430615726835,-0.001528752155593417,-0.0007197614762351796,0.20000000384148947,0.3999999969207461,9.999997050598981e-09,0.3999999969207461,9.999997050598981e-09,0.19999998615851372,-0.0007197614762351796,0.05054671435927341
8772.474896085403,0.0024046674518278235,0.0013590151698248776,0.5999999976829815,9.999997050598981e-09,0.3999999969207461,0.19999998615851372,9.999997050598981e-09,0.3999999969207461,0.0013590151698248776,0.051905729529098284
8718.738972373112,-0.006125514675028526,-0.0031244485818053436,0.2000000038414895,9.99999739663605e-09,0.19999999307925662,0.19999999307925662,0.19999999307925662,0.4000000107622328,-0.0031244485818053436,0.04878128094729294
8757.12833903489,0.004403087050022008,0.00244118992689364,0.4000000007622354,0.4000000107622328,0.19999999307925662,0.19999999307925662,9.99999739663605e-09,0.19999999307925662,0.00244118992689364,0.05122247087418658
8779.668917917297,0.002573969229379851,0.001455150624751342,0.5999999907622382,9.999997050598981e-09,0.3999999969207461,9.999997050598981e-09,0.3999999969207461,0.19999998615851372,0.001455150624751342,0.05267762149893793
8773.911223989568,-0.0006557985251560766,-0.00026915862617283404,0.7999999738414981,0.3999999969207461,9.999997050598981e-09,0.3999999969207461,9.999997050598981e-09,0.19999998615851372,-0.00026915862617283404,0.05240846287276509
8716.532607251978,-0.006539685127050835,-0.003368394465540486,0.0,0.3999999969207461,9.999997050598981e-09,0.3999999969207461,9.999997050598981e-09,0.19999998615851372,-0.003368394465540486,0.04904006840722461
8709.116809183637,-0.0008507738572757609,-0.0003652617019895885,0.5999999976829815,9.999997050598981e-09,9.999997050598981e-09,0.19999998615851372,0.3999999969207461,0.3999999969207461,-0.0003652617019895885,0.04867480670523502
8789.189560376786,0.00919412989256411,0.005098486427149587,0.5999999907622382,0.4000000107622328,0.19999999307925662,0.19999999307925662,0.19999999307925662,9.99999739663605e-09,0.005098486427149587,0.0537732931323846
8773.060065326656,-0.0018351515733424316,-0.0009027220516646895,0.3999999800000058,0.3999999969207461,9.999997050598981e-09,0.3999999969207461,9.999997050598981e-09,0.19999998615851372,-0.0009027220516646895,0.052870571080719915
8767.604728293705,-0.000621828300767124,-0.00025448991382350124,0.0,0.3999999969207461,9.999997050598981e-09,0.3999999969207461,9.999997050598981e-09,0.19999998615851372,-0.00025448991382350124,0.052616081166896415
8773.148631194901,0.0006323167014253143,0.0004199362320747897,0.5999999976829815,9.999997050598981e-09,9.999997050598981e-09,0.19999998615851372,0.3999999969207461,0.3999999969207461,0.0004199362320747897,0.05303601739897121
8769.410405851184,-0.0004260984853744348,-0.00015121095010776003,0.39999998692074906,9.999997054571063e-09,9.999997054571063e-09,0.19999998623795537,9.999997054571063e-09,0.7999999837620535,-0.00015121095010776003,0.052884806448863446
8765.587780764472,-0.00043590445763168903,-0.00015670082155231412,0.799999973841498,0.3999999969207461,0.3999999969207461,9.999997050598981e-09,9.999997050598981e-09,0.19999998615851372,-0.00015670082155231412,0.05272810562731113
8756.380382367906,-0.0010504028511095264,-0.000489077072241012,0.40000000768297894,0.19999999307925662,0.19999999307925662,9.99999739663605e-09,0.19999999307925662,0.4000000107622328,-0.000489077072241012,0.05223902855507012
8778.157881359126,0.0024870435088762033,0.0014374927574073294,0.5999999907622382,0.19999998615851372,0.3999999969207461,0.3999999969207461,9.999997050598981e-09,9.999997050598981e-09,0.0014374927574073294,0.05367652131247745
8793.365949690367,0.001732489724698991,0.0010228539795225497,0.7999999738414981,9.999997050598981e-09,9.999997050598981e-09,0.19999998615851372,0.3999999969207461,0.3999999969207461,0.0010228539795225497,0.054699375292
8812.476818733443,0.00217332806941227,0.001264516330849298,0.5999999630792657,0.3999999969207461,0.19999998615851372,9.999997050598981e-09,9.999997050598981e-09,0.3999999969207461,0.001264516330849298,0.0559638916228493
8777.638390163167,-0.003953307258206528,-0.0020781859724547476,0.5999999976829815,0.19999998615851372,0.3999999969207461,0.3999999969207461,9.999997050598981e-09,9.999997050598981e-09,-0.0020781859724547476,0.05388570565039456
8800.767341936296,0.0026349857154118654,0.001527153591082553,0.7999999738414981,9.999997050598981e-09,9.999997050598981e-09,0.19999998615851372,0.3999999969207461,0.3999999969207461,0.001527153591082553,0.05541285924147711
8798.62547512196,-0.00024337273457180326,-6.124144195254972e-05,0.7999999738414981,0.19999998615851372,0.3999999969207461,0.3999999969207461,9.999997050598981e-09,9.999997050598981e-09,-6.124144195254972e-05,0.05535161779952456
8780.973773952845,-0.002006188491489457,-0.0010288753928851685,0.7999999738414981,9.999997050598981e-09,9.999997050598981e-09,0.19999998615851372,0.3999999969207461,0.3999999969207461,-0.0010288753928851685,0.054322742406639396
8764.641904638724,-0.001859915509890985,-0.0009486369388053913,0.5999999976829815,0.3999999969207461,9.999997050598981e-09,0.3999999969207461,9.999997050598981e-09,0.19999998615851372,-0.0009486369388053913,0.053374105467834006
8761.685271158636,-0.0003373364835957692,-0.00010907589613009219,0.0,0.3999999969207461,9.999997050598981e-09,0.3999999969207461,9.999997050598981e-09,0.19999998615851372,-0.00010907589613009219,0.05326502957170391
8779.851438198211,0.002073364481531068,0.0012324750379665045,0.0,0.3999999969207461,9.999997050598981e-09,0.3999999969207461,9.999997050598981e-09,0.19999998615851372,0.0012324750379665045,0.054497504609670414
8784.392564533477,0.0005172213182911956,0.00036263147085057183,0.9999999500000157,9.999996720003926e-09,0.39999998369694006,9.999996720003926e-09,0.5999999863030697,9.999996720003926e-09,0.00036263147085057183,0.05486013608052098
8792.863823371015,0.0009643534001134337,0.0006123331956993628,0.5999999630792666,9.999997050598981e-09,9.999997050598981e-09,0.19999998615851372,0.3999999969207461,0.3999999969207461,0.0006123331956993628,0.05547246927622035
8720.751730851964,-0.008201206565644817,-0.004450815287828652,0.5999999976829815,0.3999999969207461,9.999997050598981e-09,0.3999999969207461,9.999997050598981e-09,0.19999998615851372,-0.004450815287828652,0.051021653988391695
8722.418210645506,0.0001910935943338345,0.00019036385504126732,0.5999999838414953,0.19999999307925662,0.19999999307925662,0.19999999307925662,0.4000000107622328,9.99999739663605e-09,0.00019036385504126732,0.05121201784343296
8786.837515630861,0.007385486848903026,0.004281113010712146,0.4000000007622354,0.4000000107622328,0.19999999307925662,0.19999999307925662,9.99999739663605e-09,0.19999999307925662,0.004281113010712146,0.055493130854145103
8817.803309845618,0.003524111394989611,0.002060409719934609,0.20000000384148947,0.3999999969207461,9.999997050598981e-09,0.3999999969207461,9.999997050598981e-09,0.19999998615851372,0.002060409719934609,0.057553540574079715
8956.112531382725,0.015685224162652358,0.009091123800049877,0.0,0.3999999969207461,9.999997050598981e-09,0.3999999969207461,9.999997050598981e-09,0.19999998615851372,0.009091123800049877,0.0666446643741296
9027.201878030019,0.007937522714034011,0.004514770779077827,0.0,0.3999999969207461,9.999997050598981e-09,0.3999999969207461,9.999997050598981e-09,0.19999998615851372,0.004514770779077827,0.07115943515320743
8978.969865527924,-0.0053429637615038834,-0.002941676199808755,0.19999997615851667,0.3999999969207461,0.19999998615851372,0.3999999969207461,9.999997050598981e-09,9.999997050598981e-09,-0.002941676199808755,0.06821775895339867
8981.712188543223,0.00030541621771410936,0.0002115456109571039,0.7999999735326582,9.99999706604097e-09,9.99999706604097e-09,0.19999998646735356,0.19999998646735356,0.6000000070652988,0.0002115456109571039,0.06842930456435577
8865.822849562284,-0.01290281146269229,-0.007119256200103359,0.5999999904533984,0.4000000107622328,0.19999999307925662,0.19999999307925662,9.99999739663605e-09,0.19999999307925662,-0.007119256200103359,0.061310048364252405
8857.822476741887,-0.0009023835639567327,-0.00044706618572318356,0.5999999907622382,9.999997050598981e-09,9.999997050598981e-09,0.19999998615851372,0.3999999969207461,0.3999999969207461,-0.00044706618572318356,0.06086298217852922
8891.390036568446,0.003789595006526575,0.0021971787426735244,0.2000000038414895,0.19999999307925662,9.99999739663605e-09,0.19999999307925662,0.19999999307925662,0.4000000107622328,0.0021971787426735244,0.06306016092120274
8992.221555948847,0.011340354991255793,0.006519289522691087,0.5999999838414953,0.3999999969207461,0.19999998615851372,0.3999999969207461,9.999997050598981e-09,9.999997050598981e-09,0.006519289522691087,0.06957945044389383
9003.898477946392,0.0012985580843279903,0.0007669125452723635,0.19999998938232366,0.39999998369694006,9.999996720003926e-09,0.5999999863030697,9.999996720003926e-09,9.999996720003926e-09,0.0007669125452723635,0.07034636298916619
9242.937381159269,0.02654837832727296,0.015290346714645834,0.39999999322381313,0.4000000107622328,0.19999999307925662,0.19999999307925662,9.99999739663605e-09,0.19999999307925662,0.015290346714645834,0.08563670970381203
9237.965616149855,-0.0005378988090461576,-0.0002991890422093754,0.7999999669207549,9.999997054571063e-09,9.999997054571063e-09,9.999997054571063e-09,0.19999998623795537,0.7999999837620535,-0.0002991890422093754,0.08533752066160265
9416.395788317624,0.019314877277291,0.010676010352929161,0.7999999737620561,0.19999999307925662,0.19999999307925662,0.19999999307925662,0.4000000107622328,9.99999739663605e-09,0.010676010352929161,0.0960135310145318
9418.472163616168,0.00022050637475530505,9.284821638172383e-05,0.3999999727704222,9.99999706604097e-09,9.99999706604097e-09,0.19999998646735356,0.6000000070652988,0.19999998646735356,9.284821638172383e-05,0.09610637923091353
9441.994031124219,0.0024974185939537663,0.0013426738270075692,0.3999999727704222,0.19999999307925662,0.19999999307925662,0.19999999307925662,0.4000000107622328,9.99999739663605e-09,0.0013426738270075692,0.09744905305792109
9393.764197831835,-0.005108013533306863,-0.0028567950939914835,0.5999999838414953,0.3999999969207461,9.999997050598981e-09,0.3999999969207461,9.999997050598981e-09,0.19999998615851372,-0.0028567950939914835,0.09459225796392962
9346.377668860338,-0.0050444665177390826,-0.0028166752050832015,0.5999999838414953,0.19999999307925662,0.19999999307925662,0.19999999307925662,0.4000000107622328,9.99999739663605e-09,-0.0028166752050832015,0.09177558275884641
9349.589931392253,0.00034369064098687036,0.00017255194235448016,0.5999999907622382,0.3999999969207461,0.19999998615851372,9.999997050598981e-09,9.999997050598981e-09,0.3999999969207461,0.00017255194235448016,0.09194813470120089
9383.937299209247,0.003673676393193244,0.002015487699626142,0.39999998692074906,0.3999999969207461,0.19999998615851372,0.3999999969207461,9.999997050598981e-09,9.999997050598981e-09,0.002015487699626142,0.09396362240082703
9275.572362156721,-0.011547917851247536,-0.006475481118251082,0.19999997615851667,0.3999999969207461,9.999997050598981e-09,0.3999999969207461,9.999997050598981e-09,0.19999998615851372,-0.006475481118251082,0.08748814128257595
9251.760315961315,-0.0025671780959367453,-0.0014309157911299175,0.3999999869207491,0.3999999969207461,9.999997050598981e-09,0.19999998615851372,0.3999999969207461,9.999997050598981e-09,-0.0014309157911299175,0.08605722549144604
9254.077268842833,0.0002504337339480362,0.000136000815220535,0.5999999907622382,0.19999999307925662,0.4000000107622328,0.19999999307925662,9.99999739663605e-09,0.19999999307925662,0.000136000815220535,0.08619322630666658
9324.663889494637,0.007627623867963645,0.004244052157963364,0.3999999727704222,9.99999706604097e-09,0.6000000070652988,0.19999998646735356,0.19999998646735356,9.99999706604097e-09,0.004244052157963364,0.09043727846462994
9328.415776079462,0.00040236158957445263,0.00021018532372545857,0.1999999764673565,0.19999998646735356,0.6000000070652988,9.99999706604097e-09,0.19999998646735356,9.99999706604097e-09,0.00021018532372545857,0.0906474637883554
9391.437974457787,0.006755937973940933,0.0037536120807182714,0.399999986920749,0.19999998615851372,0.3999999969207461,0.3999999969207461,9.999997050598981e-09,9.999997050598981e-09,0.0037536120807182714,0.09440107586907368
9363.916486321958,-0.002930487132075142,-0.0016667483774279262,0.5999999907622382,0.19999999307925662,0.19999999307925662,9.99999739663605e-09,0.4000000107622328,0.19999999307925662,-0.0016667483774279262,0.09273432749164574
9432.923827210623,0.007369495551296875,0.004099999566561005,0.5999999907622382,0.3999999969207461,9.999997050598981e-09,0.3999999969207461,9.999997050598981e-09,0.19999998615851372,0.004099999566561005,0.09683432705820674
9508.99649575103,0.008064590569571001,0.004472632622260926,0.0,0.3999999969207461,9.999997050598981e-09,0.3999999969207461,9.999997050598981e-09,0.19999998615851372,0.004472632622260926,0.10130695968046767
9550.161884992765,0.0043290992125331875,0.0023808175738003535,0.20000001045339255,0.6000000070652988,9.99999706604097e-09,0.19999998646735356,9.99999706604097e-09,0.19999998646735356,0.0023808175738003535,0.10368777725426802
9556.594326081908,0.0006735426233193035,0.0003315534583921778,0.39999998661190916,0.3999999969207461,0.19999998615851372,0.3999999969207461,9.999997050598981e-09,9.999997050598981e-09,0.0003315534583921778,0.1040193307126602
9499.438761502735,-0.0059807461349680145,-0.0034451770797377062,0.0,0.3999999969207461,0.19999998615851372,0.3999999969207461,9.999997050598981e-09,9.999997050598981e-09,-0.0034451770797377062,0.10057415363292249
9582.717054693441,0.008766654039415267,0.004874853676895511,0.39999998661190916,0.19999998646735356,9.99999706604097e-09,0.6000000070652988,9.99999706604097e-09,0.19999998646735356,0.004874853676895511,0.105449007309818
9573.471283419763,-0.0009648381790789194,-0.0005976393248736563,0.5999999973741416,9.999997050598981e-09,9.999997050598981e-09,0.19999998615851372,0.3999999969207461,0.3999999969207461,-0.0005976393248736563,0.10485136798494435
9532.083766439739,-0.004323146302397521,-0.0025115620196423144,0.2000000038414895,9.99999739663605e-09,0.19999999307925662,0.19999999307925662,0.19999999307925662,0.4000000107622328,-0.0025115620196423144,0.10233980596530204
9570.17136064655,0.003995725923109219,0.0022148388588174887,0.19999998307925923,0.19999999307925662,0.19999999307925662,9.99999739663605e-09,0.19999999307925662,0.4000000107622328,0.0022148388588174887,0.10455464482411952
9582.448236891396,0.001282827211990312,0.00067908272111275,0.3999999800000058,9.999997050598981e-09,9.999997050598981e-09,0.19999998615851372,0.3999999969207461,0.3999999969207461,0.00067908272111275,0.10523372754523228
9584.342033373205,0.00019763179878376757,6.147424268407787e-05,0.5999999973741416,0.19999998646735356,9.99999706604097e-09,0.6000000070652988,9.99999706604097e-09,0.19999998646735356,6.147424268407787e-05,0.10529520178791635
9527.705292743984,-0.005909298774189,-0.0034525452521129473,0.7999999735326583,0.3999999969207461,0.3999999969207461,9.999997050598981e-09,0.19999998615851372,9.999997050598981e-09,-0.0034525452521129473,0.1018426565358034
9488.6095475212,-0.004103374739409418,-0.002400359080464233,0.40000000014455606,9.999996720003926e-09,0.39999998369694006,9.999996720003926e-09,0.5999999863030697,9.999996720003926e-09,-0.002400359080464233,0.09944229745533917
9511.027209164693,0.0023625865867089994,0.0013151793755652782,0.5999999630792666,9.999997050598981e-09,9.999997050598981e-09,0.19999998615851372,0.3999999969207461,0.3999999969207461,0.0013151793755652782,0.10075747683090444
9494.441276308093,-0.0017438634641500706,-0.0010437666299800365,0.7999999738414981,0.3999999969207461,0.19999998615851372,0.3999999969207461,9.999997050598981e-09,9.999997050598981e-09,-0.0010437666299800365,0.0997137102009244
9546.29604724528,0.005461592675978096,0.0030940361739359413,0.5999999907622382,9.99999739663605e-09,0.19999999307925662,0.19999999307925662,0.19999999307925662,0.4000000107622328,0.0030940361739359413,0.10280774637486034
9452.039879104594,-0.0098735852810562,-0.005800803870168657,0.4000000007622354,0.19999999307925662,9.99999739663605e-09,0.4000000107622328,0.19999999307925662,0.19999999307925662,-0.005800803870168657,0.09700694250469169
9440.295669724035,-0.0012425052719595084,-0.0007474561743159274,0.4000000007622354,0.19999999307925662,0.4000000107622328,9.99999739663605e-09,0.19999999307925662,0.19999999307925662,-0.0007474561743159274,0.09625948633037576
9533.681627701662,0.009892270458977821,0.005649833771045471,0.4000000007622354,0.19999999307925662,0.19999999307925662,0.19999999307925662,0.4000000107622328,9.99999739663605e-09,0.005649833771045471,0.10190932010142123
9565.110637399159,0.003296628828696544,0.0018548473131530007,0.4000000007622354,0.4000000107622328,0.19999999307925662,0.19999999307925662,9.99999739663605e-09,0.19999999307925662,0.0018548473131530007,0.10376416741457423
9391.351332255927,-0.018165948281229582,-0.010772388921502417,0.7999999669207558,9.999996720003926e-09,0.39999998369694006,9.999996720003926e-09,0.5999999863030697,9.999996720003926e-09,-0.010772388921502417,0.0929917784930718
9473.494321751017,0.00874666345544536,0.004976183750344845,0.39999996615852046,9.99999739663605e-09,0.19999999307925662,0.19999999307925662,0.4000000107622328,0.19999999307925662,0.004976183750344845,0.09796796224341665
9493.006650643862,0.0020596760002320486,0.0011466982933612494,0.5999999838414953,0.19999998615851372,0.3999999969207461,0.3999999969207461,9.999997050598981e-09,9.999997050598981e-09,0.0011466982933612494,0.09911466053677791
9521.915376018134,0.003045265471536573,0.0017109822299024178,0.3999999869207491,0.3999999969207461,9.999997050598981e-09,0.3999999969207461,9.999997050598981e-09,0.19999998615851372,0.0017109822299024178,0.10082564276668032
9556.957044397486,0.0036801070998391484,0.002073816189693307,0.5999999907622382,9.99999739663605e-09,0.19999999307925662,0.19999999307925662,0.19999999307925662,0.4000000107622328,0.002073816189693307,0.10289945895637363
9472.22790388895,-0.00886570276657321,-0.005215345997794011,0.5999999838414953,0.19999998615851372,9.999997050598981e-09,0.3999999969207461,0.3999999969207461,9.999997050598981e-09,-0.005215345997794011,0.09768411295857962
9426.059570719457,-0.004874073305450934,-0.0028577177534183217,0.39999998692074906,0.3999999969207461,0.19999998615851372,0.3999999969207461,9.999997050598981e-09,9.999997050598981e-09,-0.0028577177534183217,0.0948263952051613
9454.150841993278,0.0029801712012388556,0.0016954384387771809,0.7999999737620564,9.999997054571063e-09,9.999997054571063e-09,0.19999998623795537,9.999997054571063e-09,0.7999999837620535,0.0016954384387771809,0.09652183364393847
9422.248261194667,-0.0033744522730594388,-0.001990548050427509,0.39999998692074906,9.999997050598981e-09,9.999997050598981e-09,0.19999998615851372,0.3999999969207461,0.3999999969207461,-0.001990548050427509,0.09453128559351097
9452.580105542836,0.0032191726971459275,0.0018420585590837478,0.0,9.999997050598981e-09,9.999997050598981e-09,0.19999998615851372,0.3999999969207461,0.3999999969207461,0.0018420585590837478,0.09637334415259471
9418.654615879343,-0.0035890190069482893,-0.002124054536868925,0.0,9.999997050598981e-09,9.999997050598981e-09,0.19999998615851372,0.3999999969207461,0.3999999969207461,-0.002124054536868925,0.09424928961572579
9456.78463037344,0.004048350433172448,0.0023325122666398466,0.5999999976829815,0.3999999969207461,9.999997050598981e-09,0.3999999969207461,9.999997050598981e-09,0.19999998615851372,0.0023325122666398466,0.09658180188236563
9373.247219113822,-0.008833595616771453,-0.0052255523731644556,0.5999999976829815,9.999997050598981e-09,9.999997050598981e-09,0.19999998615851372,0.3999999969207461,0.3999999969207461,-0.0052255523731644556,0.09135624950920118
9417.138763219331,0.004682640186424001,0.002714784149641627,0.5999999976829815,0.3999999969207461,9.999997050598981e-09,0.3999999969207461,9.999997050598981e-09,0.19999998615851372,0.002714784149641627,0.09407103365884281
9420.250573969846,0.0003304412124274481,0.00016988529158156626,0.5999999630792667,9.999996720003926e-09,0.39999998369694006,0.5999999863030697,9.999996720003926e-09,9.999996720003926e-09,0.00016988529158156626,0.09424091895042438
9432.372322411293,0.0012867755848173074,0.0007307399597893156,0.799999973841499,9.999997050598981e-09,9.999997050598981e-09,0.19999998615851372,0.3999999969207461,0.3999999969207461,0.0007307399597893156,0.0949716589102137
9444.767683973945,0.0013141298009622566,0.0007468011953032244,0.5999999630792657,0.3999999969207461,0.19999998615851372,9.999997050598981e-09,9.999997050598981e-09,0.3999999969207461,0.0007468011953032244,0.09571846010551692
9514.441375075281,0.007376961872715901,0.0043026254770934585,0.5999999630792657,9.999997050598981e-09,9.999997050598981e-09,0.19999998615851372,0.3999999969207461,0.3999999969207461,0.0043026254770934585,0.10002108558261037
9547.212422897288,0.0034443480736405406,0.001988411896583056,0.5999999973741416,9.99999706604097e-09,0.6000000070652988,0.19999998646735356,0.19999998646735356,9.99999706604097e-09,0.001988411896583056,0.10200949747919343
9559.66536373165,0.0013043535937773115,0.000727189300345662,0.4000000139860421,9.99999739663605e-09,0.19999999307925662,0.19999999307925662,0.4000000107622328,0.19999999307925662,0.000727189300345662,0.1027366867795391
9531.309535227225,-0.0029661946758098956,-0.0018100014433546,0.40000000768297894,9.999997050598981e-09,0.3999999969207461,0.3999999969207461,9.999997050598981e-09,0.19999998615851372,-0.0018100014433546,0.1009266853361845
9567.606586690967,0.003808191448361915,0.0022142199158232422,0.799999973841499,0.5999999863030697,9.999996720003926e-09,9.999996720003926e-09,9.999996720003926e-09,0.39999998369694006,0.0022142199158232422,0.10314090525200774
9449.528629993114,-0.012341431018088241,-0.007496323471425629,0.39999998692075,0.3999999969207461,9.999997050598981e-09,0.3999999969207461,9.999997050598981e-09,0.19999998615851372,-0.007496323471425629,0.0956445817805821
9476.343825923876,0.002837728418076788,0.0016539351181580676,0.5999999976829815,9.999997050598981e-09,9.999997050598981e-09,0.19999998615851372,0.3999999969207461,0.3999999969207461,0.0016539351181580676,0.09729851689874017
9481.332386467597,0.0005264224932483419,0.0002813874709347804,0.5999999976829815,0.3999999969207461,9.999997050598981e-09,0.3999999969207461,9.999997050598981e-09,0.19999998615851372,0.0002813874709347804,0.09757990436967495
9459.346292464887,-0.0023188823159591134,-0.0014181239310002937,0.5999999976829815,9.999997050598981e-09,9.999997050598981e-09,0.19999998615851372,0.3999999969207461,0.3999999969207461,-0.0014181239310002937,0.09616178043867465
9480.03078797085,0.0021866728277450463,0.0012764749568511796,0.0,9.999997050598981e-09,9.999997050598981e-09,0.19999998615851372,0.3999999969207461,0.3999999969207461,0.0012764749568511796,0.09743825539552584
9431.363762818708,-0.005133635769822142,-0.0031206873375578714,0.5999999907622382,0.4000000107622328,0.19999999307925662,0.19999999307925662,0.19999999307925662,9.99999739663605e-09,-0.0031206873375578714,0.09431756805796797
9402.25414147925,-0.0030864700028024493,-0.0018799234256786737,0.20000001768297618,0.19999999307925662,0.19999999307925662,0.19999999307925662,0.4000000107622328,9.99999739663605e-09,-0.0018799234256786737,0.09243764463228929
9380.571646051942,-0.0023060954427570187,-0.0014079725037071515,0.39999998692074873,9.999997050598981e-09,9.999997050598981e-09,0.19999998615851372,0.3999999969207461,0.3999999969207461,-0.0014079725037071515,0.09102967212858214
9422.685336686956,0.004489458875647487,0.002685519201593788,0.5999999973741416,0.6000000070652988,9.99999706604097e-09,0.19999998646735356,9.99999706604097e-09,0.19999998646735356,0.002685519201593788,0.09371519133017593
9436.260687424354,0.001440709336280399,0.0008466189832058471,0.5999999973741416,9.999997050598981e-09,9.999997050598981e-09,0.19999998615851372,0.3999999969207461,0.3999999969207461,0.0008466189832058471,0.09456181031338178
9419.83705825788,-0.0017404806533547878,-0.0010796229728358504,0.3999999800000058,0.19999999307925662,0.19999999307925662,9.99999739663605e-09,0.19999999307925662,0.4000000107622328,-0.0010796229728358504,0.09348218734054592
9395.15532283123,-0.0026201870875262718,-0.0016143678946752775,0.5999999907622382,9.999997050598981e-09,0.3999999969207461,0.3999999969207461,9.999997050598981e-09,0.19999998615851372,-0.0016143678946752775,0.09186781944587064
9413.576406379469,0.0019607002668145497,0.001173285219345176,0.39999998692074906,0.3999999969207461,9.999997050598981e-09,0.3999999969207461,9.999997050598981e-09,0.19999998615851372,0.001173285219345176,0.09304110466521581
9384.942130350662,-0.003041806301099508,-0.0018782819043342844,0.5999999976829815,9.999997050598981e-09,9.999997050598981e-09,0.19999998615851372,0.3999999969207461,0.3999999969207461,-0.0018782819043342844,0.09116282276088153
9419.910266266446,0.0037259831153031784,0.002256513680676774,0.5999999976829815,0.3999999969207461,9.999997050598981e-09,0.3999999969207461,9.999997050598981e-09,0.19999998615851372,0.002256513680676774,0.09341933644155831
9417.235201654468,-0.0002839798401856965,-0.00019586265830632624,0.5999999907622382,0.19999999307925662,0.19999999307925662,9.99999739663605e-09,0.19999999307925662,0.4000000107622328,-0.00019586265830632624,0.09322347378325198
9294.524724136556,-0.013030414435900849,-0.008073106892584347,0.5999999907622382,0.19999998615851372,0.3999999969207461,0.3999999969207461,9.999997050598981e-09,9.999997050598981e-09,-0.008073106892584347,0.08515036689066763
9330.063458126138,0.00382362036192063,0.002335462797626632,0.7999999738414981,9.999997050598981e-09,9.999997050598981e-09,0.19999998615851372,0.3999999969207461,0.3999999969207461,0.002335462797626632,0.08748582968829426
9443.221948600705,0.012128373079393025,0.0074047729230272185,0.5999999976829815,0.3999999969207461,9.999997050598981e-09,0.3999999969207461,9.999997050598981e-09,0.19999998615851372,0.0074047729230272185,0.09489060261132147
9382.833319067324,-0.0063949179487759284,-0.00394676560804271,0.7999999735326583,9.99999706604097e-09,0.6000000070652988,0.19999998646735356,0.19999998646735356,9.99999706604097e-09,-0.00394676560804271,0.09094383700327877
9226.305627523077,-0.016682348094808275,-0.010278524311250677,0.39999999983571616,9.999996720003926e-09,0.39999998369694006,0.5999999863030697,9.999996720003926e-09,9.999996720003926e-09,-0.010278524311250677,0.08066531269202809
9215.055154430074,-0.001219390896768297,-0.0007296173455682684,0.19999998938232366,0.19999998615851372,0.3999999969207461,0.3999999969207461,9.999997050598981e-09,9.999997050598981e-09,-0.0007296173455682684,0.07993569534645982
9207.342245650145,-0.0008369899746309696,-0.0004972271714050036,0.400000007682979,0.4000000107622328,0.19999999307925662,0.19999999307925662,9.99999739663605e-09,0.19999999307925662,-0.0004972271714050036,0.07943846817505482
9206.806409481691,-5.819661680404788e-05,-2.2730017518230126e-05,0.5999999907622382,9.999997050598981e-09,9.999997050598981e-09,0.19999998615851372,0.3999999969207461,0.3999999969207461,-2.2730017518230126e-05,0.07941573815753658
9168.2585734114,-0.00418688461078008,-0.0025419625651225196,0.5999999976829815,0.3999999969207461,9.999997050598981e-09,0.3999999969207461,9.999997050598981e-09,0.19999998615851372,-0.0025419625651225196,0.07687377559241407
9125.648966446546,-0.004647513660710292,-0.002819570894826401,0.799999973841499,9.999996720003926e-09,9.999996720003926e-09,9.999996720003926e-09,0.5999999863030697,0.39999998369694006,-0.002819570894826401,0.07405420469758767
9178.529591409417,0.005794724863656717,0.00359294326669966,0.9999999500000157,0.3999999969207461,0.19999998615851372,0.3999999969207461,9.999997050598981e-09,9.999997050598981e-09,0.00359294326669966,0.07764714796428733
9285.69915561277,0.011676114690925832,0.007220943858385397,0.19999997615851667,0.3999999969207461,9.999997050598981e-09,0.3999999969207461,9.999997050598981e-09,0.19999998615851372,0.007220943858385397,0.08486809182267273
9678.586014650833,0.04231096145308374,0.025884256455891607,0.0,0.3999999969207461,9.999997050598981e-09,0.3999999969207461,9.999997050598981e-09,0.19999998615851372,0.025884256455891607,0.11075234827856434
9689.41391711101,0.0011187483836776666,0.0005824301319818433,0.3999999800000058,0.4000000107622328,0.19999999307925662,0.19999999307925662,0.19999999307925662,9.99999739663605e-09,0.0005824301319818433,0.11133477841054618
9692.981604153736,0.00036820462757069817,0.00014957230462809797,0.7999999737620562,9.999997054571063e-09,9.999997054571063e-09,0.19999998623795537,9.999997054571063e-09,0.7999999837620535,0.00014957230462809797,0.11148435071517428
9663.959526846806,-0.0029941331256106416,-0.0018066245230592287,0.7999999737620561,0.19999999307925662,0.19999999307925662,0.19999999307925662,0.4000000107622328,9.99999739663605e-09,-0.0018066245230592287,0.10967772619211505
9571.76201730164,-0.009540345164840392,-0.00567251044216588,0.2000000038414895,0.3999999969207461,9.999997050598981e-09,0.19999998615851372,0.3999999969207461,9.999997050598981e-09,-0.00567251044216588,0.10400521574994917
9519.121564949002,-0.005499557161731277,-0.003254343436618162,0.5999999907622382,9.99999739663605e-09,0.19999999307925662,0.19999999307925662,0.19999999307925662,0.4000000107622328,-0.003254343436618162,0.100750872313331
9582.78144087808,0.006687578837471998,0.003826940118849815,0.2000000038414895,9.999997050598981e-09,9.999997050598981e-09,0.19999998615851372,0.3999999969207461,0.3999999969207461,0.003826940118849815,0.10457781243218083
9682.240796310543,0.010378965235311694,0.005924083521150703,0.0,9.999997050598981e-09,9.999997050598981e-09,0.19999998615851372,0.3999999969207461,0.3999999969207461,0.005924083521150703,0.11050189595333153
9730.840910078708,0.005019510957286361,0.0028359300133778092,0.5999999907622382,0.4000000107622328,0.19999999307925662,0.19999999307925662,9.99999739663605e-09,0.19999999307925662,0.0028359300133778092,0.11333782596670934
9722.674026102797,-0.0008392783369268737,-0.0005576373781402687,0.5999999907622382,0.19999998615851372,9.999997050598981e-09,0.3999999969207461,0.3999999969207461,9.999997050598981e-09,-0.0005576373781402687,0.11278018858856907
9815.003681701352,0.009496323269778922,0.0053951886569607015,0.3999999866119093,9.99999706604097e-09,9.99999706604097e-09,0.19999998646735356,0.6000000070652988,0.19999998646735356,0.0053951886569607015,0.11817537724552978
9996.340010436921,0.01847542136674338,0.010332067453745875,0.5999999970653017,9.99999706604097e-09,0.6000000070652988,0.19999998646735356,0.19999998646735356,9.99999706604097e-09,0.010332067453745875,0.12850744469927566
10158.315294307753,0.016203458836105848,0.008906920903154246,0.7999999738414981,0.3999999969207461,0.19999998615851372,9.999997050598981e-09,9.999997050598981e-09,0.3999999969207461,0.008906920903154246,0.13741436560242992
10126.998589146355,-0.0030828640629955626,-0.0019210486353136269,0.7999999738414981,9.99999706604097e-09,0.6000000070652988,0.19999998646735356,0.19999998646735356,9.99999706604097e-09,-0.0019210486353136269,0.1354933169671163
10248.387685003707,0.011986680435351506,0.0065626023462946196,0.5999999973741416,9.999997050598981e-09,9.999997050598981e-09,0.19999998615851372,0.3999999969207461,0.3999999969207461,0.0065626023462946196,0.14205591931341094
10294.786772128928,0.004527452371178116,0.00243309073290765,0.0,9.999997050598981e-09,9.999997050598981e-09,0.19999998615851372,0.3999999969207461,0.3999999969207461,0.00243309073290765,0.1444890100463186
10240.993547525668,-0.005225287885407495,-0.0032190650297515572,0.5999999907622382,0.4000000107622328,0.19999999307925662,0.19999999307925662,9.99999739663605e-09,0.19999999307925662,-0.0032190650297515572,0.14126994501656703
10293.062927251682,0.005084407043552176,0.002756417690198212,0.20000000384148947,0.3999999969207461,9.999997050598981e-09,0.3999999969207461,9.999997050598981e-09,0.19999998615851372,0.002756417690198212,0.14402636270676525
10401.237653225697,0.010509478737141793,0.0057353323349388086,0.5999999907622382,0.19999999307925662,0.19999999307925662,9.99999739663605e-09,0.19999999307925662,0.4000000107622328,0.0057353323349388086,0.14976169504170406
10382.969111253937,-0.0017563815558135423,-0.0011842519775319084,0.20000001768297618,0.19999999307925662,0.4000000107622328,9.99999739663605e-09,0.19999999307925662,0.19999999307925662,-0.0011842519775319084,0.14857744306417214
10554.2363961679,0.016495020169936737,0.008858902349561302,0.19999999630306597,0.19999998646735356,0.6000000070652988,9.99999706604097e-09,0.19999998646735356,9.99999706604097e-09,0.008858902349561302,0.15743634541373344
10507.590168730247,-0.0044196686227902455,-0.0027803927504613303,0.39999999983571616,0.5999999863030697,0.39999998369694006,9.999996720003926e-09,9.999996720003926e-09,9.999996720003926e-09,-0.0027803927504613303,0.15465595266327212
10636.337623655261,0.012252805149191618,0.006581378085850937,0.599999976303073,9.999996720003926e-09,0.5999999863030697,9.999996720003926e-09,9.999996720003926e-09,0.39999998369694006,0.006581378085850937,0.16123733074912305
10755.035095595895,0.011159618671435303,0.005957161850447876,0.599999976303073,0.5999999863030697,0.39999998369694006,9.999996720003926e-09,9.999996720003926e-09,9.999996720003926e-09,0.005957161850447876,0.16719449259957092
10932.822428615746,0.016530613934737724,0.008625545969923314,0.39999996615852046,0.4000000107622328,0.19999999307925662,0.19999999307925662,9.99999739663605e-09,0.19999999307925662,0.008625545969923314,0.17582003856949424
10839.215604009676,-0.008561999905995099,-0.005369456979258424,0.400000007682979,9.999997050598981e-09,0.3999999969207461,0.19999998615851372,9.999997050598981e-09,0.3999999969207461,-0.005369456979258424,0.17045058159023582
10648.137299189682,-0.01762842550611409,-0.011201627095766725,0.5999999907622382,0.19999999307925662,0.19999999307925662,0.19999999307925662,0.4000000107622328,9.99999739663605e-09,-0.011201627095766725,0.1592489544944691
10742.625470820538,0.008873680811576738,0.0046838161162707555,0.5999999838414953,0.3999999969207461,9.999997050598981e-09,0.3999999969207461,9.999997050598981e-09,0.19999998615851372,0.0046838161162707555,0.16393277061073985
10624.285655073461,-0.011015911898680198,-0.006775700604846262,0.5999999907622382,0.19999999307925662,0.19999999307925662,9.99999739663605e-09,0.4000000107622328,0.19999999307925662,-0.006775700604846262,0.1571570700058936
10690.173023053556,0.006201580992754155,0.0032585882938270766,0.4000000007622354,9.99999739663605e-09,0.19999999307925662,0.19999999307925662,0.19999999307925662,0.4000000107622328,0.0032585882938270766,0.16041565829972068
10667.360363852555,-0.002133984094719964,-0.0014123969110026416,0.5999999970653014,0.6000000070652988,9.99999706604097e-09,0.19999998646735356,9.99999706604097e-09,0.19999998646735356,-0.0014123969110026416,0.15900326138871804
10684.372814519174,0.0015948135327151294,0.0007210253264309331,0.0,0.6000000070652988,9.99999706604097e-09,0.19999998646735356,9.99999706604097e-09,0.19999998646735356,0.0007210253264309331,0.15972428671514896
10799.206144915424,0.010747783926090668,0.005688330207467956,0.5999999973741416,9.999997050598981e-09,0.3999999969207461,0.3999999969207461,9.999997050598981e-09,0.19999998615851372,0.005688330207467956,0.1654126169226169
10752.738216880918,-0.004302902214380315,-0.0027081490631549097,0.39999998692074906,0.3999999969207461,9.999997050598981e-09,0.3999999969207461,9.999997050598981e-09,0.19999998615851372,-0.0027081490631549097,0.162704467859462
10601.510927953108,-0.01406407241370351,-0.008738754460748108,0.19999997615851667,0.3999999969207461,0.19999998615851372,0.3999999969207461,9.999997050598981e-09,9.999997050598981e-09,-0.008738754460748108,0.1539657133987139
10579.96767620591,-0.002032092585066891,-0.0013365561638055126,0.5999999907622382,9.99999739663605e-09,0.19999999307925662,0.19999999307925662,0.4000000107622328,0.19999999307925662,-0.0013365561638055126,0.15262915723490839
10684.23495679959,0.009855160600176093,0.005249352273172635,0.5999999970653014,0.6000000070652988,9.99999706604097e-09,0.19999998646735356,9.99999706604097e-09,0.19999998646735356,0.005249352273172635,0.15787850950808102
10487.843120078538,-0.018381459928121974,-0.011457388112735601,0.5999999973741416,9.999997050598981e-09,9.999997050598981e-09,0.19999998615851372,0.3999999969207461,0.3999999969207461,-0.011457388112735601,0.1464211213953454
10590.522872526968,0.009790359301985897,0.0051969352858298795,0.0,9.999997050598981e-09,9.999997050598981e-09,0.19999998615851372,0.3999999969207461,0.3999999969207461,0.0051969352858298795,0.15161805668117528
10747.014371970077,0.014776560263050501,0.007734761655264721,0.9999999500000156,0.5999999863030697,0.39999998369694006,9.999996720003926e-09,9.999996720003926e-09,9.999996720003926e-09,0.007734761655264721,0.15935281833644
10633.931991632826,-0.01052221355841753,-0.006370467904028428,0.7999999735326593,0.19999998646735356,9.99999706604097e-09,0.6000000070652988,9.99999706604097e-09,0.19999998646735356,-0.006370467904028428,0.15298235043241157
10922.227917681064,0.027110943184052903,0.013538244633978963,0.7999999735326583,0.3999999969207461,0.3999999969207461,9.999997050598981e-09,0.19999998615851372,9.999997050598981e-09,0.013538244633978963,0.16652059506639053
10878.388790127516,-0.0040137532272680205,-0.002459836496678506,0.5999999630792657,9.999997050598981e-09,0.3999999969207461,0.3999999969207461,9.999997050598981e-09,0.19999998615851372,-0.002459836496678506,0.16406075856971203
10861.681901341564,-0.001535787064451488,-0.0010513620568477447,0.3999999869207487,0.19999999307925662,9.99999739663605e-09,0.4000000107622328,0.19999999307925662,0.19999999307925662,-0.0010513620568477447,0.16300939651286428
10850.517545495331,-0.0010278662133213696,-0.0007656239040754591,0.4000000139860422,0.19999998646735356,9.99999706604097e-09,0.19999998646735356,0.6000000070652988,9.99999706604097e-09,-0.0007656239040754591,0.16224377260878883
10847.009719791764,-0.0003232864873828213,-0.0003709047808461794,0.5999999904533984,0.19999999307925662,0.19999999307925662,9.99999739663605e-09,0.19999999307925662,0.4000000107622328,-0.0003709047808461794,0.16187286782794266
10745.612533002466,-0.009347939147162893,-0.005604284326810289,0.3999999800000058,9.999997050598981e-09,9.999997050598981e-09,0.19999998615851372,0.3999999969207461,0.3999999969207461,-0.005604284326810289,0.15626858350113237
10750.128815208825,0.00042029081101599273,5.79142464667311e-05,0.3999999800000058,0.19999999307925662,0.19999999307925662,9.99999739663605e-09,0.19999999307925662,0.4000000107622328,5.79142464667311e-05,0.1563264977475991
10765.665931192676,0.0014452957960718461,0.0006263148002296992,0.3999999800000058,9.999997050598981e-09,9.999997050598981e-09,0.19999998615851372,0.3999999969207461,0.3999999969207461,0.0006263148002296992,0.1569528125478288
10721.164304621,-0.004133662223600836,-0.002527935393905571,0.20000001045339255,9.99999706604097e-09,9.99999706604097e-09,0.19999998646735356,0.19999998646735356,0.6000000070652988,-0.002527935393905571,0.15442487715392322
10587.031313945796,-0.012511047015424414,-0.00751365006620722,0.9999999500000156,0.5999999863030697,0.39999998369694006,9.999996720003926e-09,9.999996720003926e-09,9.999996720003926e-09,-0.00751365006620722,0.146911227087716
10699.469880133503,0.010620405555955758,0.005565527841686455,0.9999999500000156,9.999997050598981e-09,9.999997050598981e-09,0.19999998615851372,0.3999999969207461,0.3999999969207461,0.005565527841686455,0.15247675492940246
10717.497068864248,0.0016848674684545025,0.0007687487651475784,0.0,9.999997050598981e-09,9.999997050598981e-09,0.19999998615851372,0.3999999969207461,0.3999999969207461,0.0007687487651475784,0.15324550369455003
10765.875819507868,0.004513997095848749,0.002316280016611543,0.5999999976829815,0.3999999969207461,9.999997050598981e-09,0.3999999969207461,9.999997050598981e-09,0.19999998615851372,0.002316280016611543,0.15556178371116158
10833.966173106015,0.006324646014843135,0.003288199042515415,0.5999999630792667,0.5999999863030697,0.39999998369694006,9.999996720003926e-09,9.999996720003926e-09,9.999996720003926e-09,0.003288199042515415,0.158849982753677
10972.925260296552,0.012826243406176127,0.006654895090684865,0.5999999763030727,9.99999706604097e-09,0.6000000070652988,0.19999998646735356,0.19999998646735356,9.99999706604097e-09,0.006654895090684865,0.16550487784436188
10954.388279659173,-0.0016893380933206002,-0.0011548956481349803,0.5999999904533984,0.4000000107622328,0.19999999307925662,0.19999999307925662,9.99999739663605e-09,0.19999999307925662,-0.0011548956481349803,0.1643499821962269
11035.27781294438,0.007384212720979416,0.00382606640614855,0.400000007682979,0.19999998615851372,0.3999999969207461,0.3999999969207461,9.999997050598981e-09,9.999997050598981e-09,0.00382606640614855,0.16817604860237545
11081.956142412333,0.004229918834775489,0.0021325145490935287,0.3999999869207491,0.3999999969207461,9.999997050598981e-09,0.3999999969207461,9.999997050598981e-09,0.19999998615851372,0.0021325145490935287,0.17030856315146897
11054.611463269002,-0.002467495701293964,-0.001622011118763646,0.20000000384148947,0.4000000107622328,0.19999999307925662,0.19999999307925662,9.99999739663605e-09,0.19999999307925662,-0.001622011118763646,0.16868655203270533
10956.942325631959,-0.008835148839157954,-0.005413139444085223,0.0,0.4000000107622328,0.19999999307925662,0.19999999307925662,9.99999739663605e-09,0.19999999307925662,-0.005413139444085223,0.1632734125886201
10875.787295380946,-0.007406722408419162,-0.004515470355931469,0.400000007682979,0.19999998615851372,0.3999999969207461,0.3999999969207461,9.999997050598981e-09,9.999997050598981e-09,-0.004515470355931469,0.15875794223268863
10902.332879744567,0.0024407965734025727,0.0011842119230633815,0.7999999738414981,9.999997050598981e-09,9.999997050598981e-09,0.19999998615851372,0.3999999969207461,0.3999999969207461,0.0011842119230633815,0.15994215415575203
10857.10419565458,-0.004148532666253269,-0.0025768650059299456,0.0,9.999997050598981e-09,9.999997050598981e-09,0.19999998615851372,0.3999999969207461,0.3999999969207461,-0.0025768650059299456,0.1573652891498221
10822.136398717083,-0.003220729607761519,-0.0020302015819691098,0.0,9.999997050598981e-09,9.999997050598981e-09,0.19999998615851372,0.3999999969207461,0.3999999969207461,-0.0020302015819691098,0.15533508756785297
10815.459189450048,-0.0006169954823175999,-0.0005250545333613876,0.7999999735326583,0.19999998646735356,0.6000000070652988,9.99999706604097e-09,9.99999706604097e-09,0.19999998646735356,-0.0005250545333613876,0.1548100330344916
10801.013776012267,-0.0013356264569766877,-0.0009372499220420608,0.7999999735326583,0.3999999969207461,9.999997050598981e-09,0.19999998615851372,0.3999999969207461,9.999997050598981e-09,-0.0009372499220420608,0.15387278311244953
10827.644776264939,0.0024656019152403045,0.001225555962361792,0.39999998692074906,9.999997050598981e-09,9.999997050598981e-09,0.19999998615851372,0.3999999969207461,0.3999999969207461,0.001225555962361792,0.15509833907481133
10881.847878318618,0.005005991900703623,0.002638267016325219,0.5999999630792657,0.3999999969207461,0.19999998615851372,9.999997050598981e-09,9.999997050598981e-09,0.3999999969207461,0.002638267016325219,0.15773660609113654
10858.33849622038,-0.0021604218659478382,-0.0014304709956312566,0.39999998692074906,0.3999999969207461,9.999997050598981e-09,0.3999999969207461,9.999997050598981e-09,0.19999998615851372,-0.0014304709956312566,0.15630613509550528
11156.445956939126,0.027454242729908627,0.01388707548603367,0.19999997615851667,0.3999999969207461,0.19999998615851372,0.3999999969207461,9.999997050598981e-09,9.999997050598981e-09,0.01388707548603367,0.17019321058153897
10743.769235970574,-0.03698998073054558,-0.024694978271158678,0.39999998692074873,9.99999739663605e-09,0.19999999307925662,0.4000000107622328,0.19999999307925662,0.19999999307925662,-0.024694978271158678,0.14549823231038028
11024.177493165998,0.02609961653463338,0.012770750510102012,0.3999999869207487,0.3999999969207461,9.999997050598981e-09,0.3999999969207461,9.999997050598981e-09,0.19999998615851372,0.012770750510102012,0.1582689828204823
10736.703909794407,-0.02607664685640254,-0.01546096219343913,0.0,0.3999999969207461,9.999997050598981e-09,0.3999999969207461,9.999997050598981e-09,0.19999998615851372,-0.01546096219343913,0.14280802062704318
10703.070183183465,-0.003132593288733599,-0.0017964513340820774,0.5999999973741416,9.99999706604097e-09,9.99999706604097e-09,0.19999998646735356,0.6000000070652988,0.19999998646735356,-0.0017964513340820774,0.1410115692929611
10713.842952307861,0.0010065120512170946,0.0003861109174362561,0.20000001045339255,9.999997050598981e-09,9.999997050598981e-09,0.19999998615851372,0.3999999969207461,0.3999999969207461,0.0003861109174362561,0.14139768021039736
10909.831392232263,0.018293010341558662,0.008950055443181027,0.5999999973741416,9.99999706604097e-09,0.19999998646735356,0.6000000070652988,0.19999998646735356,9.99999706604097e-09,0.008950055443181027,0.1503477356535784
11017.233508669578,0.009844525783761021,0.004809482991653237,0.5999999904533984,0.4000000107622328,0.19999999307925662,0.19999999307925662,9.99999739663605e-09,0.19999999307925662,0.004809482991653237,0.15515721864523163
11034.654186139207,0.0015812206808469241,0.0006469005981401162,0.4000000007622354,0.19999999307925662,0.19999999307925662,9.99999739663605e-09,0.4000000107622328,0.19999999307925662,0.0006469005981401162,0.15580411924337176
11058.640123868,0.0021736918370238783,0.0009536148618332052,0.19999998307925923,0.19999999307925662,0.19999999307925662,0.19999999307925662,0.4000000107622328,9.99999739663605e-09,0.0009536148618332052,0.15675773410520497
10936.53806346274,-0.011041326875419819,-0.006219223160647854,0.3999999727704222,9.99999706604097e-09,9.99999706604097e-09,0.19999998646735356,0.6000000070652988,0.19999998646735356,-0.006219223160647854,0.1505385109445571
10936.503631383628,-3.1483526973740964e-06,-0.00016505685847102825,0.5999999970653017,0.6000000070652988,9.99999706604097e-09,0.19999998646735356,9.99999706604097e-09,0.19999998646735356,-0.00016505685847102825,0.15037345408608607
10962.503361452424,0.0023773347447336828,0.0010767890295596784,0.20000001045339255,0.3999999969207461,9.999997050598981e-09,0.3999999969207461,9.999997050598981e-09,0.19999998615851372,0.0010767890295596784,0.15145024311564576
11033.150628629126,0.006444446569122287,0.003155509927542888,0.5999999838414953,0.19999999307925662,0.19999999307925662,0.19999999307925662,0.4000000107622328,9.99999739663605e-09,0.003155509927542888,0.15460575304318863
11046.076156387224,0.001171517383670824,0.00044236306794136047,0.5999999907622382,0.3999999969207461,0.19999998615851372,9.999997050598981e-09,9.999997050598981e-09,0.3999999969207461,0.00044236306794136047,0.15504811611112998
11095.09579623511,0.004437742339802814,0.002136808945866172,0.5999999976829815,9.999997050598981e-09,0.3999999969207461,0.3999999969207461,9.999997050598981e-09,0.19999998615851372,0.002136808945866172,0.15718492505699616
11081.483574909358,-0.001226868300710846,-0.0008344815488453419,0.39999998692074906,0.3999999969207461,9.999997050598981e-09,0.3999999969207461,9.999997050598981e-09,0.19999998615851372,-0.0008344815488453419,0.15635044350815083
11117.846800388015,0.003281440181979849,0.0015460995015693366,0.0,0.3999999969207461,9.999997050598981e-09,0.3999999969207461,9.999997050598981e-09,0.19999998615851372,0.0015460995015693366,0.15789654300972017
11273.166794602097,0.013970330496788481,0.006870637733566806,0.0,0.3999999969207461,9.999997050598981e-09,0.3999999969207461,9.999997050598981e-09,0.19999998615851372,0.006870637733566806,0.16476718074328697
11241.545513795048,-0.00280500425330259,-0.001710916952166858,0.0,0.3999999969207461,9.999997050598981e-09,0.3999999969207461,9.999997050598981e-09,0.19999998615851372,-0.001710916952166858,0.16305626379112012
11337.282485196536,0.008516353137031037,0.0041907113255137156,0.20000000384148947,0.4000000107622328,0.19999999307925662,0.19999999307925662,9.99999739663605e-09,0.19999999307925662,0.0041907113255137156,0.16724697511663383
11636.863936652511,0.02642444976096779,0.012305293163633912,0.400000007682979,0.19999998615851372,0.3999999969207461,0.3999999969207461,9.999997050598981e-09,9.999997050598981e-09,0.012305293163633912,0.17955226828026774
11627.660941729875,-0.0007908483739893839,-0.0006554008792535588,0.9999999500000147,9.999997054571063e-09,9.999997054571063e-09,9.999997054571063e-09,0.19999998623795537,0.7999999837620535,-0.0006554008792535588,0.17889686740101418
11655.971647861634,0.0024347722447045006,0.00103610067436556,0.7999999737620561,0.19999999307925662,0.19999999307925662,0.19999999307925662,0.4000000107622328,9.99999739663605e-09,0.00103610067436556,0.17993296807537973
11697.827421497039,0.0035909296024313414,0.001630966707850168,0.4000000007622354,0.4000000107622328,0.19999999307925662,0.19999999307925662,9.99999739663605e-09,0.19999999307925662,0.001630966707850168,0.1815639347832299
11678.893400209925,-0.0016185929749928459,-0.001108764667452698,0.0,0.4000000107622328,0.19999999307925662,0.19999999307925662,9.99999739663605e-09,0.19999999307925662,-0.001108764667452698,0.18045517011577722
11740.312254580615,0.005258961809650938,0.002487056048504799,0.39999999322381313,0.39999998369694006,9.999996720003926e-09,0.5999999863030697,9.999996720003926e-09,9.999996720003926e-09,0.002487056048504799,0.18294222616428202
11831.563091571184,0.007772436968613696,0.003737410354095884,0.5999999838414966,0.19999999307925662,0.19999999307925662,0.19999999307925662,0.4000000107622328,9.99999739663605e-09,0.003737410354095884,0.1866796365183779
11708.448265094401,-0.01040562650293354,-0.006124846462661572,0.4000000007622354,0.4000000107622328,0.19999999307925662,0.19999999307925662,9.99999739663605e-09,0.19999999307925662,-0.006124846462661572,0.18055479005571634
11518.775926537583,-0.016199613668898875,-0.009576837552484757,0.20000000384148947,0.3999999969207461,9.999997050598981e-09,0.3999999969207461,9.999997050598981e-09,0.19999998615851372,-0.009576837552484757,0.17097795250323158
11529.942628192814,0.0009694347495296495,0.00029597337374565134,0.5999999976829815,9.999997050598981e-09,9.999997050598981e-09,0.19999998615851372,0.3999999969207461,0.3999999969207461,0.00029597337374565134,0.17127392587697723
11503.635737684192,-0.002281615039809273,-0.0014395655475996543,0.0,9.999997050598981e-09,9.999997050598981e-09,0.19999998615851372,0.3999999969207461,0.3999999969207461,-0.0014395655475996543,0.16983436032937757
11301.166085963507,-0.017600492256324242,-0.010303103498302274,0.5999999973741416,9.99999706604097e-09,0.6000000070652988,0.19999998646735356,0.19999998646735356,9.99999706604097e-09,-0.010303103498302274,0.1595312568310753
11415.075092319405,0.010079402912003682,0.004923253315066501,0.7999999735326583,0.3999999969207461,9.999997050598981e-09,0.3999999969207461,9.999997050598981e-09,0.19999998615851372,0.004923253315066501,0.1644545101461418
11374.18579787569,-0.0035820434042721917,-0.0021175779763066625,0.5999999763030728,0.39999998369694006,0.5999999863030697,9.999996720003926e-09,9.999996720003926e-09,9.999996720003926e-09,-0.0021175779763066625,0.16233693216983514
11470.977161957691,0.008509740020255133,0.004152688801123684,0.5999999763030728,0.3999999969207461,9.999997050598981e-09,0.3999999969207461,9.999997050598981e-09,0.19999998615851372,0.004152688801123684,0.16648962097095882
11452.387205593799,-0.0016206079134692267,-0.0010680050806260366,0.39999998692074906,0.3999999969207461,0.19999998615851372,9.999997050598981e-09,9.999997050598981e-09,0.3999999969207461,-0.0010680050806260366,0.16542161589033277
11456.76025729643,0.00038184630192171395,1.1714632783790266e-06,0.5999999838414953,0.19999999307925662,9.99999739663605e-09,0.4000000107622328,0.19999999307925662,0.19999999307925662,1.1714632783790266e-06,0.16542278735361116
11377.014725189752,-0.006960565667409273,-0.004012839182860417,0.4000000007622354,9.99999739663605e-09,0.19999999307925662,0.19999999307925662,0.19999999307925662,0.4000000107622328,-0.004012839182860417,0.16140994817075074
11398.251842090436,0.0018666686660483841,0.0007950420116230633,0.5999999907622382,0.3999999969207461,9.999997050598981e-09,0.3999999969207461,9.999997050598981e-09,0.19999998615851372,0.0007950420116230633,0.1622049901823738
11352.208331078713,-0.004039523924335349,-0.0023835036761737393,0.20000000384148947,0.4000000107622328,0.19999999307925662,0.19999999307925662,9.99999739663605e-09,0.19999999307925662,-0.0023835036761737393,0.15982148650620007
11297.246513578892,-0.00484150888504698,-0.0028232241107874045,0.20000000384148947,0.3999999969207461,9.999997050598981e-09,0.3999999969207461,9.999997050598981e-09,0.19999998615851372,-0.0028232241107874045,0.15699826239541267
11310.869680456322,0.001205883828511294,0.0004625051471462145,0.5999999907622382,9.99999739663605e-09,0.19999999307925662,0.19999999307925662,0.19999999307925662,0.4000000107622328,0.0004625051471462145,0.1574607675425589
11359.84691052039,0.004330102940598112,0.0021033012145948203,0.4000000139860421,9.99999706604097e-09,9.99999706604097e-09,0.19999998646735356,0.6000000070652988,0.19999998646735356,0.0021033012145948203,0.1595640687571537
11438.57660847768,0.006930524555254305,0.003438504147944316,0.4000000139860421,0.19999999307925662,9.99999739663605e-09,0.4000000107622328,0.19999999307925662,0.19999999307925662,0.003438504147944316,0.163002572905098
11485.63965774828,0.004114414833373291,0.0019839012581187878,0.400000007682979,9.999997050598981e-09,9.999997050598981e-09,0.19999998615851372,0.3999999969207461,0.3999999969207461,0.0019839012581187878,0.1649864741632168
11528.169340017861,0.003702857092586069,0.0017683233219194688,0.39999998692074906,0.3999999969207461,9.999997050598981e-09,0.19999998615851372,0.3999999969207461,9.999997050598981e-09,0.0017683233219194688,0.16675479748513627
11496.804869997271,-0.002720680890044953,-0.001695086956219452,0.5999999838414953,0.19999999307925662,0.4000000107622328,9.99999739663605e-09,0.19999999307925662,0.19999999307925662,-0.001695086956219452,0.16505971052891683
11512.313719948506,0.0013489704423623895,0.0005272977603885754,0.5999999838414953,9.999997050598981e-09,9.999997050598981e-09,0.19999998615851372,0.3999999969207461,0.3999999969207461,0.0005272977603885754,0.1655870082893054
11392.08784119044,-0.010443242052181083,-0.00613650638029898,0.39999998692074873,0.19999999307925662,0.19999999307925662,0.19999999307925662,0.4000000107622328,9.99999739663605e-09,-0.00613650638029898,0.15945050190900642
11424.950294146694,0.0028846734167052913,0.0013616657279945765,0.2000000038414895,0.3999999969207461,9.999997050598981e-09,0.19999998615851372,0.3999999969207461,9.999997050598981e-09,0.0013616657279945765,0.16081216763700099
11411.119417200507,-0.0012105853058522794,-0.0008514370455164028,0.39999998692074906,9.999997050598981e-09,9.999997050598981e-09,0.19999998615851372,0.3999999969207461,0.3999999969207461,-0.0008514370455164028,0.15996073059148458
11491.417826207395,0.00703685642671046,0.003541852966161632,0.5999999976829815,0.3999999969207461,9.999997050598981e-09,0.3999999969207461,9.999997050598981e-09,0.19999998615851372,0.003541852966161632,0.1635025835576462
11531.34080611176,0.0034741561492366434,0.0016741076827639127,0.20000000384148947,0.4000000107622328,0.19999999307925662,0.19999999307925662,9.99999739663605e-09,0.19999999307925662,0.0016741076827639127,0.16517669124041012
11595.73487371033,0.005584265410353522,0.002784661595001174,0.20000000384148947,0.3999999969207461,9.999997050598981e-09,0.3999999969207461,9.999997050598981e-09,0.19999998615851372,0.002784661595001174,0.1679613528354113
11610.15681198985,0.0012437278392952256,0.0004713088570105284,0.20000000384148947,0.4000000107622328,0.19999999307925662,0.19999999307925662,9.99999739663605e-09,0.19999999307925662,0.0004713088570105284,0.16843266169242183
11530.586857340568,-0.006853478031158831,-0.004097828953224293,0.20000000384148947,0.3999999969207461,9.999997050598981e-09,0.3999999969207461,9.999997050598981e-09,0.19999998615851372,-0.004097828953224293,0.16433483273919752
11505.25212665878,-0.0021971761711036377,-0.0014194233510883454,0.5999999907622382,9.99999739663605e-09,0.19999999307925662,0.19999999307925662,0.19999999307925662,0.4000000107622328,-0.0014194233510883454,0.16291540938810917
11484.02716451633,-0.0018448063465961266,-0.0012204141669822277,0.2000000038414895,9.999997050598981e-09,9.999997050598981e-09,0.19999998615851372,0.3999999969207461,0.3999999969207461,-0.0012204141669822277,0.16169499522112693
11569.011742601815,0.007400241820053578,0.0037729048561234747,0.5999999976829815,0.3999999969207461,9.999997050598981e-09,0.3999999969207461,9.999997050598981e-09,0.19999998615851372,0.0037729048561234747,0.1654679000772504
11439.237694640306,-0.011217384064330168,-0.00671789428441996,0.5999999907622382,9.99999739663605e-09,0.19999999307925662,0.19999999307925662,0.4000000107622328,0.19999999307925662,-0.00671789428441996,0.15875000579283044
11418.681693557046,-0.001796972982989248,-0.001183728452144819,0.3999999869207487,0.3999999969207461,9.999997050598981e-09,0.19999998615851372,0.3999999969207461,9.999997050598981e-09,-0.001183728452144819,0.15756627734068562
11554.966176476328,0.011935220420075374,0.006112004846381815,0.39999998692074873,0.4000000107622328,0.19999999307925662,0.19999999307925662,9.99999739663605e-09,0.19999999307925662,0.006112004846381815,0.16367828218706743
11689.830195260607,0.011671519996210597,0.0059370951801172925,0.7999999669207558,9.999996720003926e-09,9.999996720003926e-09,0.5999999863030697,0.39999998369694006,9.999996720003926e-09,0.0059370951801172925,0.1696153773671847
11668.944386663488,-0.0017866648401433393,-0.0012081859530618216,0.40000000014455606,0.3999999969207461,9.999997050598981e-09,0.19999998615851372,0.3999999969207461,9.999997050598981e-09,-0.0012081859530618216,0.1684071914141229
11680.919458820674,0.001026234401362868,0.0003572742965574251,0.2000000038414895,0.19999999307925662,0.19999999307925662,0.19999999307925662,0.4000000107622328,9.99999739663605e-09,0.0003572742965574251,0.16876446571068032
11541.26468065503,-0.011955803535670056,-0.0072157609284596086,0.2000000038414895,0.3999999969207461,9.999997050598981e-09,0.19999998615851372,0.3999999969207461,9.999997050598981e-09,-0.0072157609284596086,0.16154870478222072
11452.210631882917,-0.007716143008259826,-0.004601203316282213,0.39999998692074906,9.999997050598981e-09,9.999997050598981e-09,0.19999998615851372,0.3999999969207461,0.3999999969207461,-0.004601203316282213,0.1569475014659385
11415.786527395663,-0.00318053043714107,-0.0019621907212499156,0.5999999976829815,0.3999999969207461,9.999997050598981e-09,0.3999999969207461,9.999997050598981e-09,0.19999998615851372,-0.0019621907212499156,0.15498531074468858
11399.865433563551,-0.0013946558823524791,-0.0009522289001112487,0.20000000384148947,0.4000000107622328,0.19999999307925662,0.19999999307925662,9.99999739663605e-09,0.19999999307925662,-0.0009522289001112487,0.15403308184457734
11296.408881813964,-0.009075243243221977,-0.005388935648440207,0.20000000384148947,0.3999999969207461,9.999997050598981e-09,0.3999999969207461,9.999997050598981e-09,0.19999998615851372,-0.005388935648440207,0.14864414619613714
11335.838430829783,0.003490449879102325,0.0017555571734242164,0.20000000384148947,0.4000000107622328,0.19999999307925662,0.19999999307925662,9.99999739663605e-09,0.19999999307925662,0.0017555571734242164,0.15039970336956135
11275.315534594518,-0.00533907541154273,-0.0031914713860027215,0.20000000384148947,0.3999999969207461,9.999997050598981e-09,0.3999999969207461,9.999997050598981e-09,0.19999998615851372,-0.0031914713860027215,0.14720823198355862
11187.661768116872,-0.007773952419221431,-0.004601066197163324,0.20000000384148947,0.4000000107622328,0.19999999307925662,0.19999999307925662,9.99999739663605e-09,0.19999999307925662,-0.004601066197163324,0.1426071657863953
10954.18687670104,-0.02086896227781929,-0.012535549403647973,0.400000007682979,0.19999998615851372,0.3999999969207461,0.3999999969207461,9.999997050598981e-09,9.999997050598981e-09,-0.012535549403647973,0.1300716163827473
10892.937961872156,-0.0055913702694954945,-0.0032297636431567866,0.400000007682979,0.4000000107622328,0.19999999307925662,0.19999999307925662,9.99999739663605e-09,0.19999999307925662,-0.0032297636431567866,0.12684185273959053
10931.33994160525,0.003525401491086435,0.00182154408126795,0.5999999907622382,9.999997050598981e-09,9.999997050598981e-09,0.19999998615851372,0.3999999969207461,0.3999999969207461,0.00182154408126795,0.12866339682085848
10919.822623369677,-0.0010536053491246053,-0.0006916777092350832,0.5999999976829815,0.3999999969207461,9.999997050598981e-09,0.3999999969207461,9.999997050598981e-09,0.19999998615851372,-0.0006916777092350832,0.1279717191116234
11031.098044982824,0.010190222446929352,0.005395723979711013,0.20000000384148947,0.4000000107622328,0.19999999307925662,0.19999999307925662,9.99999739663605e-09,0.19999999307925662,0.005395723979711013,0.13336744309133441
11033.968587239868,0.0002602227126744843,2.33759489258627e-05,0.5999999838414966,9.999996720003926e-09,0.5999999863030697,9.999996720003926e-09,9.999996720003926e-09,0.39999998369694006,2.33759489258627e-05,0.1333908190402603
11012.65095251102,-0.0019320006723147955,-0.0011977351038601706,0.9999999500000157,0.3999999969207461,9.999997050598981e-09,0.19999998615851372,0.3999999969207461,9.999997050598981e-09,-0.0011977351038601706,0.1321930839364001
11000.848968602035,-0.0010716751089157753,-0.0007149761084533523,0.39999998692075,0.5999999863030697,9.999996720003926e-09,0.39999998369694006,9.999996720003926e-09,9.999996720003926e-09,-0.0007149761084533523,0.13147810782794675
10976.759160834428,-0.0021898135167896906,-0.0013428578874350426,0.799999973841499,9.999997050598981e-09,9.999997050598981e-09,0.19999998615851372,0.3999999969207461,0.3999999969207461,-0.0013428578874350426,0.1301352499405117
10959.161783129002,-0.0016031487479670082,-0.001011230939745938,0.0,9.999997050598981e-09,9.999997050598981e-09,0.19999998615851372,0.3999999969207461,0.3999999969207461,-0.001011230939745938,0.12912401900076576
11035.313736282713,0.006948702342449568,0.0037135968967387614,0.5999999976829815,0.3999999969207461,9.999997050598981e-09,0.3999999969207461,9.999997050598981e-09,0.19999998615851372,0.0037135968967387614,0.1328376158975045
11044.950131503278,0.0008732325560333702,0.00036922353887995716,0.5999999976829815,9.999997050598981e-09,9.999997050598981e-09,0.19999998615851372,0.3999999969207461,0.3999999969207461,0.00036922353887995716,0.13320683943638448
11095.88016012899,0.00461115967200661,0.0024393693352387992,0.7999999738414981,0.19999998615851372,0.3999999969207461,0.3999999969207461,9.999997050598981e-09,9.999997050598981e-09,0.0024393693352387992,0.13564620877162328
11008.682163427186,-0.007858592148023931,-0.004650732203889312,0.5999999976829815,0.3999999969207461,9.999997050598981e-09,0.19999998615851372,0.3999999969207461,9.999997050598981e-09,-0.004650732203889312,0.13099547656773397
11036.8356036073,0.002557385140398119,0.00131628109198508,0.9999999500000157,9.999996720003926e-09,0.5999999863030697,9.999996720003926e-09,9.999996720003926e-09,0.39999998369694006,0.00131628109198508,0.13231175765971906
10917.155800210607,-0.010843670024184945,-0.006415491168904931,0.39999997369694307,0.19999998646735356,0.6000000070652988,9.99999706604097e-09,0.19999998646735356,9.99999706604097e-09,-0.006415491168904931,0.12589626649081412
11003.588178482243,0.007917115030085905,0.004278283325014601,0.5999999904533984,0.4000000107622328,0.19999999307925662,0.19999999307925662,9.99999739663605e-09,0.19999999307925662,0.004278283325014601,0.1301745498158287
11006.344610207958,0.00025050298875267326,2.868084860161363e-05,0.5999999838414953,9.999997050598981e-09,0.3999999969207461,0.3999999969207461,0.19999998615851372,9.999997050598981e-09,2.868084860161363e-05,0.13020323066443032
11158.529963533565,0.013827056912652166,0.007432075432047654,0.39999998692074906,9.999997050598981e-09,0.3999999969207461,0.19999998615851372,9.999997050598981e-09,0.3999999969207461,0.007432075432047654,0.13763530609647798
11158.17562592586,-3.175486456218271e-05,-0.00014915943573199131,0.5999999907622382,0.19999999307925662,0.19999999307925662,0.19999999307925662,0.4000000107622328,9.99999739663605e-09,-0.00014915943573199131,0.137486146660746
11150.679540000152,-0.0006718021096828159,-0.0005114792400506622,0.5999999907622382,0.3999999969207461,0.19999998615851372,9.999997050598981e-09,9.999997050598981e-09,0.3999999969207461,-0.0005114792400506622,0.13697466742069533
11130.996108498695,-0.0017652225974970795,-0.001135252735336534,0.3999999869207488,9.99999739663605e-09,0.19999999307925662,0.19999999307925662,0.19999999307925662,0.4000000107622328,-0.001135252735336534,0.1358394146853588
11228.63942624843,0.008772199432823612,0.004731574511872073,0.4000000007622354,0.4000000107622328,0.19999999307925662,0.19999999307925662,9.99999739663605e-09,0.19999999307925662,0.004731574511872073,0.14057098919723085
11236.4628736128,0.0006967404569142443,0.0002565978978623578,0.20000000384148947,0.3999999969207461,9.999997050598981e-09,0.3999999969207461,9.999997050598981e-09,0.19999998615851372,0.0002565978978623578,0.14082758709509322
11139.660540054729,-0.008615018324440567,-0.005182559145969993,0.39999998692074906,9.999997050598981e-09,0.3999999969207461,0.3999999969207461,9.999997050598981e-09,0.19999998615851372,-0.005182559145969993,0.13564502794912323
11208.181017308221,0.006151038176353163,0.0033155873783224745,0.5999999976829815,9.999997050598981e-09,9.999997050598981e-09,0.19999998615851372,0.3999999969207461,0.3999999969207461,0.0033155873783224745,0.1389606153274457
11206.197268786102,-0.00017699112095497717,-0.00023564394223841826,0.39999998692074906,9.999997054571063e-09,9.999997054571063e-09,0.19999998623795537,9.999997054571063e-09,0.7999999837620535,-0.00023564394223841826,0.13872497138520729
11171.538838935287,-0.0030927913385349315,-0.0019196723574693088,0.7999999738414981,0.3999999969207461,9.999997050598981e-09,0.19999998615851372,0.3999999969207461,9.999997050598981e-09,-0.0019196723574693088,0.13680529902773797
11255.725709960669,0.007535834788666101,0.0040938086683086575,0.5999999838414953,0.19999999307925662,0.4000000107622328,9.99999739663605e-09,0.19999999307925662,0.19999999307925662,0.0040938086683086575,0.14089910769604663
11213.440467131051,-0.003756776232757439,-0.0023208907486773353,0.5999999838414953,9.999997050598981e-09,9.999997050598981e-09,0.19999998615851372,0.3999999969207461,0.3999999969207461,-0.0023208907486773353,0.1385782169473693
11157.260478169346,-0.0050100581642519865,-0.003057231904086142,0.5999999976829815,0.3999999969207461,9.999997050598981e-09,0.3999999969207461,9.999997050598981e-09,0.19999998615851372,-0.003057231904086142,0.13552098504328317
11198.921781864798,0.003734008341650285,0.0019998138025419843,0.3999999869207491,0.3999999969207461,9.999997050598981e-09,0.19999998615851372,0.3999999969207461,9.999997050598981e-09,0.0019998138025419843,0.13752079884582516
11137.225019007405,-0.005509169905740576,-0.0033612577108077845,0.39999998692074873,0.4000000107622328,0.19999999307925662,0.19999999307925662,9.99999739663605e-09,0.19999999307925662,-0.0033612577108077845,0.13415954113501738
11166.715562840123,0.0026479256531486846,0.0013950491110787965,0.20000000384148947,0.3999999969207461,9.999997050598981e-09,0.3999999969207461,9.999997050598981e-09,0.19999998615851372,0.0013950491110787965,0.13555459024609617
11130.05244613767,-0.0032832498057404954,-0.0020445190840792196,0.20000000384148947,0.4000000107622328,0.19999999307925662,0.19999999307925662,9.99999739663605e-09,0.19999999307925662,-0.0020445190840792196,0.13351007116201696
10929.584803216741,-0.018011383494468045,-0.011089323698540517,0.20000000384148947,0.3999999969207461,9.999997050598981e-09,0.3999999969207461,9.999997050598981e-09,0.19999998615851372,-0.011089323698540517,0.12242074746347645
10757.002875244738,-0.015790346209785634,-0.009467314992928636,0.20000000384148947,0.4000000107622328,0.19999999307925662,0.19999999307925662,9.99999739663605e-09,0.19999999307925662,-0.009467314992928636,0.11295343247054782
10856.477172959776,0.009247399007762577,0.005129163844616602,0.0,0.4000000107622328,0.19999999307925662,0.19999999307925662,9.99999739663605e-09,0.19999999307925662,0.005129163844616602,0.11808259631516442
10871.657972612671,0.001398317282028146,0.0007133873628472169,0.0,0.4000000107622328,0.19999999307925662,0.19999999307925662,9.99999739663605e-09,0.19999999307925662,0.0007133873628472169,0.11879598367801164
10940.876684168514,0.006366895622564147,0.0035136388158229603,0.4000000007622354,0.19999999307925662,0.4000000107622328,9.99999739663605e-09,0.19999999307925662,0.19999999307925662,0.0035136388158229603,0.1223096224938346
11122.966046220616,0.016643032117854593,0.00910585578867528,0.5999999907622382,0.3999999969207461,0.19999998615851372,0.3999999969207461,9.999997050598981e-09,9.999997050598981e-09,0.00910585578867528,0.13141547828250988
11073.992142094643,-0.004402953665637887,-0.0026541503196970163,0.39999998692074906,0.3999999969207461,9.999997050598981e-09,0.19999998615851372,0.3999999969207461,9.999997050598981e-09,-0.0026541503196970163,0.12876132796281287
11053.087670333085,-0.0018877087407435799,-0.0011916785766326464,0.5999999838414953,0.19999999307925662,0.4000000107622328,9.99999739663605e-09,0.19999999307925662,0.19999999307925662,-0.0011916785766326464,0.1275696493861802
11099.199561906558,0.004171856131860612,0.0022563122260263156,0.4000000007622354,0.4000000107622328,0.19999999307925662,0.19999999307925662,9.99999739663605e-09,0.19999999307925662,0.0022563122260263156,0.12982596161220653
11132.947474096934,0.0030405717098918213,0.0016178964434397688,0.20000000384148947,0.3999999969207461,9.999997050598981e-09,0.3999999969207461,9.999997050598981e-09,0.19999998615851372,0.0016178964434397688,0.1314438580556463
11147.969665554285,0.0013493453995271425,0.0006567989304088362,0.3999999869207491,0.3999999969207461,9.999997050598981e-09,0.19999998615851372,0.3999999969207461,9.999997050598981e-09,0.0006567989304088362,0.13210065698605514
11189.897498023367,0.0037610285753317922,0.0020275209228607354,0.400000007682979,0.19999999307925662,9.99999739663605e-09,0.4000000107622328,0.19999999307925662,0.19999999307925662,0.0020275209228607354,0.13412817790891587
11172.88599802715,-0.0015202552122772037,-0.0010044579195480916,0.5999999907622382,9.999997050598981e-09,0.3999999969207461,0.19999998615851372,0.3999999969207461,9.999997050598981e-09,-0.0010044579195480916,0.13312371998936778
11182.11922715976,0.0008263960747687898,0.00035709525045433754,0.0,9.999997050598981e-09,0.3999999969207461,0.19999998615851372,0.3999999969207461,9.999997050598981e-09,0.00035709525045433754,0.1334808152398221
11167.936391134164,-0.0012683495621425987,-0.0008597286926763249,0.400000007682979,9.99999739663605e-09,0.19999999307925662,0.19999999307925662,0.19999999307925662,0.4000000107622328,-0.0008597286926763249,0.13262108654714577
11144.337053784622,-0.0021131332166501775,-0.001355195873588083,0.4000000139860421,9.99999706604097e-09,0.6000000070652988,0.19999998646735356,0.19999998646735356,9.99999706604097e-09,-0.001355195873588083,0.13126589067355768
11155.34117453044,0.0009874181562088851,0.0004585913474207493,0.7999999735326583,0.3999999969207461,9.999997050598981e-09,0.3999999969207461,9.999997050598981e-09,0.19999998615851372,0.0004585913474207493,0.13172448202097842
11207.821095716943,0.004704465812872056,0.002597675045966332,0.3999999869207491,0.19999998615851372,0.3999999969207461,0.3999999969207461,9.999997050598981e-09,9.999997050598981e-09,0.002597675045966332,0.13432215706694475
11243.534063019575,0.003186432670332398,0.001725925896463421,0.0,0.19999998615851372,0.3999999969207461,0.3999999969207461,9.999997050598981e-09,9.999997050598981e-09,0.001725925896463421,0.13604808296340817
11204.648535506596,-0.003458479095187225,-0.0021788143973281503,0.7999999738414981,9.999997050598981e-09,9.999997050598981e-09,0.19999998615851372,0.3999999969207461,0.3999999969207461,-0.0021788143973281503,0.13386926856608003
11236.947331068637,0.0028826246052865673,0.001559328714416411,0.5999999976829815,0.3999999969207461,9.999997050598981e-09,0.3999999969207461,9.999997050598981e-09,0.19999998615851372,0.001559328714416411,0.13542859728049644
11188.257320487766,-0.004333028281288705,-0.0027132092599741276,0.0,0.3999999969207461,9.999997050598981e-09,0.3999999969207461,9.999997050598981e-09,0.19999998615851372,-0.0027132092599741276,0.13271538802052232
11440.420849193246,0.022538231065147518,0.012349613553603738,0.3999999869207491,0.19999998615851372,0.3999999969207461,0.3999999969207461,9.999997050598981e-09,9.999997050598981e-09,0.012349613553603738,0.14506500157412605
11377.245554342338,-0.005522112838651511,-0.0034298580683768524,0.3999999869207491,0.3999999969207461,9.999997050598981e-09,0.3999999969207461,9.999997050598981e-09,0.19999998615851372,-0.0034298580683768524,0.1416351435057492
11435.156249571844,0.005090045297247205,0.002778798951586044,0.0,0.3999999969207461,9.999997050598981e-09,0.3999999969207461,9.999997050598981e-09,0.19999998615851372,0.002778798951586044,0.14441394245733524
11623.493432984144,0.016470013990351154,0.008936062114137996,0.0,0.3999999969207461,9.999997050598981e-09,0.3999999969207461,9.999997050598981e-09,0.19999998615851372,0.008936062114137996,0.15335000457147324
11635.680782260548,0.001048510015226666,0.00043670700865599036,0.7999999735326583,9.99999706604097e-09,0.6000000070652988,0.19999998646735356,0.19999998646735356,9.99999706604097e-09,0.00043670700865599036,0.15378671158012924
11601.03398230282,-0.0029776341071980185,-0.0019288203071124118,0.5999999904533984,0.4000000107622328,0.19999999307925662,0.19999999307925662,9.99999739663605e-09,0.19999999307925662,-0.0019288203071124118,0.15185789127301683
11737.25203264028,0.011741888744163292,0.006383276795878017,0.4000000007622354,9.99999739663605e-09,0.19999999307925662,0.19999999307925662,0.19999999307925662,0.4000000107622328,0.006383276795878017,0.15824116806889485
11662.83379350122,-0.00634034601388024,-0.003983257727599974,0.4000000007622354,0.4000000107622328,0.19999999307925662,0.19999999307925662,9.99999739663605e-09,0.19999999307925662,-0.003983257727599974,0.15425791034129488
11731.035558912887,0.005847786791720376,0.003162379088760339,0.5999999907622382,9.999997050598981e-09,9.999997050598981e-09,0.19999998615851372,0.3999999969207461,0.3999999969207461,0.003162379088760339,0.1574202894300552
11863.098037954467,0.011257529514625416,0.006096931718123858,0.4000000209067851,9.99999706604097e-09,9.99999706604097e-09,0.6000000070652988,0.19999998646735356,0.19999998646735356,0.006096931718123858,0.16351722114817907
11733.290657005067,-0.010942114828192146,-0.006912784600102399,0.5999999630792657,0.19999998615851372,0.3999999969207461,0.3999999969207461,9.999997050598981e-09,9.999997050598981e-09,-0.006912784600102399,0.15660443654807668
11729.874783042922,-0.00029112668065604406,-0.000348937012724939,0.39999998661190916,9.99999706604097e-09,0.6000000070652988,0.19999998646735356,0.19999998646735356,9.99999706604097e-09,-0.000348937012724939,0.15625549953535176
11694.620135311214,-0.003005543399548687,-0.001956610704683095,0.5999999973741416,9.999997050598981e-09,9.999997050598981e-09,0.19999998615851372,0.3999999969207461,0.3999999969207461,-0.001956610704683095,0.15429888883066867
11768.46531588029,0.006314457392772119,0.00343123739005754,0.0,9.999997050598981e-09,9.999997050598981e-09,0.19999998615851372,0.3999999969207461,0.3999999969207461,0.00343123739005754,0.1577301262207262
11644.17137843739,-0.010561609700729585,-0.0066531579829425145,0.5999999907622382,0.4000000107622328,0.19999999307925662,0.19999999307925662,9.99999739663605e-09,0.19999999307925662,-0.0066531579829425145,0.1510769682377837
11638.327762516692,-0.0005018490136206285,-0.00045920737210624094,0.5999999907622382,9.999997050598981e-09,9.999997050598981e-09,0.19999998615851372,0.3999999969207461,0.3999999969207461,-0.00045920737210624094,0.15061776086567744
11531.41545816413,-0.009186225593069497,-0.005739866198167884,0.40000000014455606,9.999996720003926e-09,9.999996720003926e-09,0.5999999863030697,0.39999998369694006,9.999996720003926e-09,-0.005739866198167884,0.14487789466750955
11471.136884655267,-0.005227335163454396,-0.0032664263690878772,0.9999999500000163,9.999996720003926e-09,0.5999999863030697,9.999996720003926e-09,9.999996720003926e-09,0.39999998369694006,-0.0032664263690878772,0.14161146829842167
11415.075995186175,-0.004887125838772265,-0.00305228289687221,0.39999997369694307,0.19999998646735356,0.6000000070652988,9.99999706604097e-09,0.19999998646735356,9.99999706604097e-09,-0.00305228289687221,0.13855918540154946
11385.977171826547,-0.002549157217341221,-0.0016415507388662235,0.7999999735326583,9.999997050598981e-09,9.999997050598981e-09,0.19999998615851372,0.3999999969207461,0.3999999969207461,-0.0016415507388662235,0.13691763466268325
11326.46029403638,-0.005227208599841186,-0.0032522657887165897,0.5999999630792666,9.999996720003926e-09,0.39999998369694006,9.999996720003926e-09,0.5999999863030697,9.999996720003926e-09,-0.0032522657887165897,0.13366536887396666
11201.604301224737,-0.011023390324105245,-0.00681434477325842,0.7999999669207558,0.4000000107622328,0.19999999307925662,0.19999999307925662,9.99999739663605e-09,0.19999999307925662,-0.00681434477325842,0.12685102410070823
10994.732490960667,-0.018468051959436956,-0.011436572255371764,0.20000000384148947,0.3999999969207461,9.999997050598981e-09,0.3999999969207461,9.999997050598981e-09,0.19999998615851372,-0.011436572255371764,0.11541445184533647
11048.24492265985,0.00486709719796979,0.0027294587227350985,0.0,0.3999999969207461,9.999997050598981e-09,0.3999999969207461,9.999997050598981e-09,0.19999998615851372,0.0027294587227350985,0.11814391056807157
11061.767725334568,0.0012239774524714926,0.0006288356322281088,0.3999999869207491,0.3999999969207461,9.999997050598981e-09,0.19999998615851372,0.3999999969207461,9.999997050598981e-09,0.0006288356322281088,0.11877274620029968
11053.558746939118,-0.0007421036672691932,-0.000517843522413814,0.39999998692074906,9.999997050598981e-09,9.999997050598981e-09,0.19999998615851372,0.3999999969207461,0.3999999969207461,-0.000517843522413814,0.11825490267788587
11070.84460695267,0.0015638275789088274,0.0008299167571054262,0.5999999976829815,0.3999999969207461,9.999997050598981e-09,0.3999999969207461,9.999997050598981e-09,0.19999998615851372,0.0008299167571054262,0.11908481943499129
11145.14130449357,0.006711023429435686,0.0038007044743287484,0.5999999976829815,9.999997050598981e-09,9.999997050598981e-09,0.19999998615851372,0.3999999969207461,0.3999999969207461,0.0038007044743287484,0.12288552390932003
11107.629379984874,-0.003365764819291564,-0.0020865376540908317,0.0,9.999997050598981e-09,9.999997050598981e-09,0.19999998615851372,0.3999999969207461,0.3999999969207461,-0.0020865376540908317,0.1207989862552292
11115.126214841182,0.0006749266292425712,0.00030773953749660795,0.5999999976829815,0.3999999969207461,9.999997050598981e-09,0.3999999969207461,9.999997050598981e-09,0.19999998615851372,0.00030773953749660795,0.1211067257927258
11094.776745004337,-0.0018307907120005205,-0.0011744187190024483,0.0,0.3999999969207461,9.999997050598981e-09,0.3999999969207461,9.999997050598981e-09,0.19999998615851372,-0.0011744187190024483,0.11993230707372335
11040.708971077318,-0.004873263804192005,-0.002998107506032445,0.5999999976829815,9.999997050598981e-09,9.999997050598981e-09,0.19999998615851372,0.3999999969207461,0.3999999969207461,-0.002998107506032445,0.11693419956769091
10984.84862058006,-0.00505948944434564,-0.0031044958555960516,0.39999998692074906,0.3999999969207461,9.999997050598981e-09,0.19999998615851372,0.3999999969207461,9.999997050598981e-09,-0.0031044958555960516,0.11382970371209486
11036.778996638062,0.00472745486548719,0.0027099056753693966,0.5999999973741417,0.19999998646735356,9.99999706604097e-09,0.6000000070652988,9.99999706604097e-09,0.19999998646735356,0.0027099056753693966,0.11653960938746426
11077.815402717817,0.003718150566596906,0.0021159981640760483,0.19999999630306597,0.19999999307925662,9.99999739663605e-09,0.4000000107622328,0.19999999307925662,0.19999999307925662,0.0021159981640760483,0.11865560755154031
11070.911707491618,-0.0006232000602307676,-0.0004552580522207582,0.20000000384148947,0.19999998615851372,9.999997050598981e-09,0.3999999969207461,0.3999999969207461,9.999997050598981e-09,-0.0004552580522207582,0.11820034949931955
11035.251746945773,-0.0032210500352661798,-0.002017758372193117,0.5999999907622382,0.19999999307925662,0.4000000107622328,0.19999999307925662,9.99999739663605e-09,0.19999999307925662,-0.002017758372193117,0.11618259112712644
11082.760163680663,0.004305150242543325,0.0024774685342331937,0.400000007682979,0.3999999969207461,0.19999998615851372,9.999997050598981e-09,9.999997050598981e-09,0.3999999969207461,0.0024774685342331937,0.11866005966135963
11068.342218165131,-0.001300934541810345,-0.0008655160578613215,0.39999998692074906,0.3999999969207461,9.999997050598981e-09,0.3999999969207461,9.999997050598981e-09,0.19999998615851372,-0.0008655160578613215,0.11779454360349831
11088.379136111456,0.0018102907871279251,0.0010024372179305732,0.5999999907622382,9.99999739663605e-09,0.19999999307925662,0.19999999307925662,0.19999999307925662,0.4000000107622328,0.0010024372179305732,0.11879698082142888
11143.515275183738,0.0049724254911810515,0.0028811887651367875,0.5999999838414953,0.19999998615851372,0.3999999969207461,0.3999999969207461,9.999997050598981e-09,9.999997050598981e-09,0.0028811887651367875,0.12167816958656567
11237.639271427852,0.008446526425438325,0.0049119423646076,0.5999999973741417,0.19999998646735356,9.99999706604097e-09,0.19999998646735356,0.6000000070652988,9.99999706604097e-09,0.0049119423646076,0.12659011195117328
11203.286080440706,-0.003056975771992528,-0.0019634370941025484,0.19999999630306597,0.19999999307925662,0.19999999307925662,0.19999999307925662,0.4000000107622328,9.99999739663605e-09,-0.0019634370941025484,0.12462667485707074
11239.006625366044,0.003188398891973365,0.0018156652974606505,0.5999999907622382,0.3999999969207461,0.19999998615851372,9.999997050598981e-09,9.999997050598981e-09,0.3999999969207461,0.0018156652974606505,0.1264423401545314
11299.515537117724,0.005383830953094373,0.0031177848715984347,0.400000007682979,0.19999999307925662,0.19999999307925662,9.99999739663605e-09,0.4000000107622328,0.19999999307925662,0.0031177848715984347,0.12956012502612985
11112.838767529145,-0.016520776397480473,-0.010592522746550948,0.5999999907622382,0.3999999969207461,9.999997050598981e-09,0.3999999969207461,9.999997050598981e-09,0.19999998615851372,-0.010592522746550948,0.1189676022795789
11265.00797215052,0.0136930992885455,0.007932654599958303,0.3999999869207491,0.19999998615851372,0.3999999969207461,0.3999999969207461,9.999997050598981e-09,9.999997050598981e-09,0.007932654599958303,0.1269002568795372
11186.679849915166,-0.0069532238618027625,-0.0043505290694453025,0.19999997615851667,9.999997050598981e-09,0.3999999969207461,0.3999999969207461,0.19999998615851372,9.999997050598981e-09,-0.0043505290694453025,0.12254972781009191
11074.079135151584,-0.010065606263366562,-0.006272978000976195,0.5999999630792657,0.3999999969207461,9.999997050598981e-09,0.3999999969207461,9.999997050598981e-09,0.19999998615851372,-0.006272978000976195,0.11627674980911572
10998.99361903574,-0.006780294343166206,-0.004192717273741874,0.5999999976829815,9.999997050598981e-09,9.999997050598981e-09,0.19999998615851372,0.3999999969207461,0.3999999969207461,-0.004192717273741874,0.11208403253537384
11054.89252335748,0.005082183539500904,0.0029550649530585686,0.5999999976829815,0.3999999969207461,9.999997050598981e-09,0.3999999969207461,9.999997050598981e-09,0.19999998615851372,0.0029550649530585686,0.11503909748843241
11014.144025564283,-0.0036860148307276065,-0.002303618339255889,0.5999999630792667,0.5999999863030697,0.39999998369694006,9.999996720003926e-09,9.999996720003926e-09,9.999996720003926e-09,-0.002303618339255889,0.11273547914917652
11114.55099491973,0.00911618452803938,0.005334352329454386,0.40000000014455606,0.19999998615851372,0.3999999969207461,0.3999999969207461,9.999997050598981e-09,9.999997050598981e-09,0.005334352329454386,0.1180698314786309
11106.083307780389,-0.0007618559798960566,-0.0005415121209566608,0.400000007682979,0.4000000107622328,0.19999999307925662,0.19999999307925662,9.99999739663605e-09,0.19999999307925662,-0.0005415121209566608,0.11752831935767424
11066.023619024534,-0.003607004165707163,-0.002272229257556074,0.20000000384148947,0.3999999969207461,9.999997050598981e-09,0.3999999969207461,9.999997050598981e-09,0.19999998615851372,-0.002272229257556074,0.11525609010011817
11083.744048043052,0.0016013366344215484,0.000889695953655592,0.0,0.3999999969207461,9.999997050598981e-09,0.3999999969207461,9.999997050598981e-09,0.19999998615851372,0.000889695953655592,0.11614578605377376
11011.46050637772,-0.0065215816381193155,-0.004076984475070476,0.20000000384148947,0.4000000107622328,0.19999999307925662,0.19999999307925662,9.99999739663605e-09,0.19999999307925662,-0.004076984475070476,0.11206880157870329
11108.227902299199,0.00878788021493002,0.005183931660811395,0.0,0.4000000107622328,0.19999999307925662,0.19999999307925662,9.99999739663605e-09,0.19999999307925662,0.005183931660811395,0.11725273323951468
11118.74095564346,0.0009464203864673101,0.0004924871266085308,0.400000007682979,0.19999998615851372,0.3999999969207461,0.3999999969207461,9.999997050598981e-09,9.999997050598981e-09,0.0004924871266085308,0.11774522036612321
11108.803768029822,-0.0008937331711638826,-0.0006257120476758736,0.7999999738414981,9.999997050598981e-09,9.999997050598981e-09,0.19999998615851372,0.3999999969207461,0.3999999969207461,-0.0006257120476758736,0.11711950831844734
11159.883503023739,0.0045981310013703406,0.0026966888714240163,0.7999999738414981,0.19999998615851372,0.3999999969207461,0.3999999969207461,9.999997050598981e-09,9.999997050598981e-09,0.0026966888714240163,0.11981619718987135
11123.159619709637,-0.003290704898859489,-0.002109695399257055,0.7999999738414981,9.999997050598981e-09,9.999997050598981e-09,0.19999998615851372,0.3999999969207461,0.3999999969207461,-0.002109695399257055,0.1177065017906143
11151.754724792201,0.0025707718004780375,0.00148302381588695,0.5999999976829815,0.3999999969207461,9.999997050598981e-09,0.3999999969207461,9.999997050598981e-09,0.19999998615851372,0.00148302381588695,0.11918952560650126
11159.797650439463,0.0007212251206871926,0.00035640790345953314,0.19999998938232366,0.39999998369694006,9.999996720003926e-09,0.5999999863030697,9.999996720003926e-09,9.999996720003926e-09,0.00035640790345953314,0.11954593350996079
11156.106370164884,-0.00033076587857614446,-0.0002895018229631535,0.19999998938232366,0.3999999969207461,9.999997050598981e-09,0.3999999969207461,9.999997050598981e-09,0.19999998615851372,-0.0002895018229631535,0.11925643168699764
11291.375705716438,0.012125138562080178,0.007196539406103248,0.5999999630792667,0.5999999863030697,0.39999998369694006,9.999996720003926e-09,9.999996720003926e-09,9.999996720003926e-09,0.007196539406103248,0.12645297109310089
11307.44191843389,0.0014228746909304315,0.000768351753555606,0.5999999630792667,0.3999999969207461,9.999997050598981e-09,0.3999999969207461,9.999997050598981e-09,0.19999998615851372,0.000768351753555606,0.1272213228466565
11244.168103828193,-0.005595767377106368,-0.0036042693787960494,0.5999999976829815,9.999997050598981e-09,9.999997050598981e-09,0.19999998615851372,0.3999999969207461,0.3999999969207461,-0.0036042693787960494,0.12361705346786045
11139.178625234968,-0.009337238435405452,-0.005983795166828539,0.2000000038414895,9.99999739663605e-09,0.19999999307925662,0.19999999307925662,0.19999999307925662,0.4000000107622328,-0.005983795166828539,0.11763325830103191
11139.85548283896,6.076369064218868e-05,-4.37769362380078e-05,0.5999999907622382,0.3999999969207461,9.999997050598981e-09,0.3999999969207461,9.999997050598981e-09,0.19999998615851372,-4.37769362380078e-05,0.1175894813647939
11187.051562853769,0.004236686919997573,0.0025133052959459908,0.19999998938232366,0.5999999863030697,9.999996720003926e-09,0.39999998369694006,9.999996720003926e-09,9.999996720003926e-09,0.0025133052959459908,0.1201027866607399
11165.354169824663,-0.0019395095219863242,-0.0012927436874893027,0.20000000260612966,0.39999998369694006,9.999996720003926e-09,0.5999999863030697,9.999996720003926e-09,9.999996720003926e-09,-0.0012927436874893027,0.1188100429732506
11218.227259995068,0.004735460189279148,0.002824084151869,0.7999999735326593,0.19999998646735356,0.6000000070652988,9.99999706604097e-09,9.99999706604097e-09,0.19999998646735356,0.002824084151869,0.12163412712511959
11167.661486175917,-0.004507465631354467,-0.002920997683525766,0.7999999735326583,9.999997050598981e-09,9.999997050598981e-09,0.19999998615851372,0.3999999969207461,0.3999999969207461,-0.002920997683525766,0.11871312944159382
11078.639719912453,-0.007971388313807821,-0.005127161724325812,0.0,9.999997050598981e-09,9.999997050598981e-09,0.19999998615851372,0.3999999969207461,0.3999999969207461,-0.005127161724325812,0.113585967717268
11042.559471240382,-0.003256739959439467,-0.002108635694511552,0.0,9.999997050598981e-09,9.999997050598981e-09,0.19999998615851372,0.3999999969207461,0.3999999969207461,-0.002108635694511552,0.11147733202275645
11061.437609219081,0.001709579923736484,0.0009967723951003443,0.399999986920749,0.19999998646735356,9.99999706604097e-09,0.19999998646735356,0.6000000070652988,9.99999706604097e-09,0.0009967723951003443,0.1124741044178568
11079.344343905208,0.0016188433473785133,0.0009404064774111522,0.9999999500000157,9.999996720003926e-09,0.5999999863030697,9.999996720003926e-09,9.999996720003926e-09,0.39999998369694006,0.0009404064774111522,0.11341451089526795
11056.093654228072,-0.002098561878341281,-0.0013899762943244951,0.5999999763030727,9.999997050598981e-09,9.999997050598981e-09,0.19999998615851372,0.3999999969207461,0.3999999969207461,-0.0013899762943244951,0.11202453460094346
10795.656750152371,-0.023555960379921814,-0.015440607744189722,0.5999999630792657,0.3999999969207461,0.19999998615851372,9.999997050598981e-09,9.999997050598981e-09,0.3999999969207461,-0.015440607744189722,0.09658392685675374
10817.144550553985,0.0019904115978223893,0.001193942813873674,0.5999999630792657,9.999997050598981e-09,9.999997050598981e-09,0.3999999969207461,0.19999998615851372,0.3999999969207461,0.001193942813873674,0.09777786967062742
10942.903407339756,0.011625882985850475,0.007073519115588777,0.3999999869207487,0.19999999307925662,0.19999999307925662,9.99999739663605e-09,0.19999999307925662,0.4000000107622328,0.007073519115588777,0.1048513887862162
10966.410122674291,0.0021481241732216262,0.001268774823938313,0.3999999800000058,9.999997050598981e-09,9.999997050598981e-09,0.19999998615851372,0.3999999969207461,0.3999999969207461,0.001268774823938313,0.1061201636101545
11053.394759265344,0.007931915332183414,0.004789978918672094,0.399999986920749,0.19999998646735356,9.99999706604097e-09,0.19999998646735356,0.6000000070652988,9.99999706604097e-09,0.004789978918672094,0.1109101425288266
10997.616423251895,-0.005046262910920881,-0.003205156108826826,0.4000000139860422,0.19999999307925662,0.19999999307925662,0.4000000107622328,0.19999999307925662,9.99999739663605e-09,-0.003205156108826826,0.10770498641999977
11006.656421267027,0.0008219961187244025,0.00045040545529030835,0.4000000139860421,0.19999998646735356,0.6000000070652988,9.99999706604097e-09,0.19999998646735356,9.99999706604097e-09,0.00045040545529030835,0.10815539187529008
11208.105302641205,0.018302459317703162,0.010983507170340617,0.4000000139860422,0.19999999307925662,0.19999999307925662,0.19999999307925662,0.4000000107622328,9.99999739663605e-09,0.010983507170340617,0.1191388990456307
11389.24707055584,0.01616167612843095,0.009500665426184753,0.4000000007622354,0.19999999307925662,0.19999999307925662,9.99999739663605e-09,0.19999999307925662,0.4000000107622328,0.009500665426184753,0.12863956447181546
11362.674294678356,-0.002333145967671775,-0.0015414263357889705,0.20000001768297618,0.19999999307925662,0.19999999307925662,9.99999739663605e-09,0.4000000107622328,0.19999999307925662,-0.0015414263357889705,0.1270981381360265
11350.15243927225,-0.0011020165747400153,-0.0007809371478726359,0.19999998307925923,0.19999999307925662,0.19999999307925662,0.19999999307925662,0.4000000107622328,9.99999739663605e-09,-0.0007809371478726359,0.12631720098815385
11357.144965509586,0.0006160733324726777,0.0002736757409070984,0.5999999838414953,0.3999999969207461,9.999997050598981e-09,0.3999999969207461,9.999997050598981e-09,0.19999998615851372,0.0002736757409070984,0.12659087672906094
11395.428237105582,0.0033708534770189374,0.0019493046015201145,0.5999999838414953,0.19999999307925662,0.19999999307925662,0.19999999307925662,0.4000000107622328,9.99999739663605e-09,0.0019493046015201145,0.12854018133058107
11404.515788232067,0.0007974734198136895,0.0003811642168717543,0.4000000007622354,9.99999739663605e-09,0.19999999307925662,0.19999999307925662,0.19999999307925662,0.4000000107622328,0.0003811642168717543,0.12892134554745283
11446.831522572278,0.003710436736286181,0.0021579953481563937,0.4000000007622354,0.4000000107622328,0.19999999307925662,0.19999999307925662,9.99999739663605e-09,0.19999999307925662,0.0021579953481563937,0.13107934089560921
11456.501203957796,0.0008447474190958463,0.0004061745450997826,0.20000000384148947,0.3999999969207461,9.999997050598981e-09,0.3999999969207461,9.999997050598981e-09,0.19999998615851372,0.0004061745450997826,0.131485515440709
11487.488836814817,0.002704807716191388,0.001548627657185668,0.0,0.3999999969207461,9.999997050598981e-09,0.3999999969207461,9.999997050598981e-09,0.19999998615851372,0.001548627657185668,0.13303414309789466
11508.864131052262,0.001860745593844766,0.0010305409217178972,0.3999999869207491,0.3999999969207461,9.999997050598981e-09,0.19999998615851372,0.3999999969207461,9.999997050598981e-09,0.0010305409217178972,0.13406468401961255
11471.603730217832,-0.0032375393792249112,-0.002161159042254491,0.39999998692074873,0.4000000107622328,0.19999999307925662,0.19999999307925662,9.99999739663605e-09,0.19999999307925662,-0.002161159042254491,0.13190352497735805
11541.238595081595,0.00607019441234137,0.0036068362976755474,0.20000000384148947,0.3999999969207461,9.999997050598981e-09,0.3999999969207461,9.999997050598981e-09,0.19999998615851372,0.0036068362976755474,0.1355103612750336
11515.036500989263,-0.0022703017424402683,-0.0015568314506304649,0.0,0.3999999969207461,9.999997050598981e-09,0.3999999969207461,9.999997050598981e-09,0.19999998615851372,-0.0015568314506304649,0.13395352982440314
11604.586855384621,0.007776818978182716,0.004636829586511907,0.5999999907622382,9.99999739663605e-09,0.19999999307925662,0.19999999307925662,0.19999999307925662,0.4000000107622328,0.004636829586511907,0.13859035941091505
11596.92907053612,-0.0006598929323320524,-0.0005491636787283631,0.3999999661585204,9.999996720003926e-09,9.999996720003926e-09,9.999996720003926e-09,0.39999998369694006,0.5999999863030697,-0.0005491636787283631,0.13804119573218668
11559.490432630126,-0.0032283234361683588,-0.0021848925631771784,0.19999998938232366,9.999997050598981e-09,9.999997050598981e-09,0.19999998615851372,0.3999999969207461,0.3999999969207461,-0.0021848925631771784,0.1358563031690095
11550.81526773694,-0.0007504798713875235,-0.0006012726811532723,0.5999999976829815,0.3999999969207461,9.999997050598981e-09,0.3999999969207461,9.999997050598981e-09,0.19999998615851372,-0.0006012726811532723,0.13525503048785625
11571.159253286702,0.0017612597100904951,0.0009802890079441179,0.0,0.3999999969207461,9.999997050598981e-09,0.3999999969207461,9.999997050598981e-09,0.19999998615851372,0.0009802890079441179,0.13623531949580037
11482.06672698585,-0.007699533326839759,-0.0051240484821319,0.3999999869207491,0.19999998615851372,0.3999999969207461,0.3999999969207461,9.999997050598981e-09,9.999997050598981e-09,-0.0051240484821319,0.13111127101366846
11600.988318801603,0.010357159093689759,0.006241070947671796,0.19999997615851667,9.999997050598981e-09,0.3999999969207461,0.3999999969207461,9.999997050598981e-09,0.19999998615851372,0.006241070947671796,0.13735234196134025
11536.142991859859,-0.005589638154936384,-0.0037298442219212847,0.39999998692074906,0.3999999969207461,9.999997050598981e-09,0.3999999969207461,9.999997050598981e-09,0.19999998615851372,-0.0037298442219212847,0.13362249773941895
11526.88864571512,-0.0008022045280879043,-0.0006304398371488005,0.0,0.3999999969207461,9.999997050598981e-09,0.3999999969207461,9.999997050598981e-09,0.19999998615851372,-0.0006304398371488005,0.13299205790227014
11515.473847508041,-0.000990275742042692,-0.00074996795142568,0.5999999763030728,0.39999998369694006,0.5999999863030697,9.999996720003926e-09,9.999996720003926e-09,9.999996720003926e-09,-0.00074996795142568,0.13224208995084447
11446.953554336591,-0.00595027995189957,-0.00396775626630852,0.39999998692075,0.19999998615851372,0.3999999969207461,0.3999999969207461,9.999997050598981e-09,9.999997050598981e-09,-0.00396775626630852,0.12827433368453595
11497.048748054252,0.004376290467142046,0.0026417999660834036,0.2000000107622324,0.3999999969207461,0.3999999969207461,0.19999998615851372,9.999997050598981e-09,9.999997050598981e-09,0.0026417999660834036,0.13091613365061935
11499.848377096489,0.0002435084954049977,4.022084243626807e-05,0.400000007682979,0.19999999307925662,0.19999999307925662,0.19999999307925662,0.4000000107622328,9.99999739663605e-09,4.022084243626807e-05,0.13095635449305562
11518.072538873006,0.001584730613736853,0.0008928899353278991,0.5999999907622382,0.3999999969207461,0.19999998615851372,9.999997050598981e-09,9.999997050598981e-09,0.3999999969207461,0.0008928899353278991,0.13184924442838353
11507.002238557307,-0.000961124378956432,-0.0007346377635782157,0.400000007682979,0.19999999307925662,0.19999999307925662,9.99999739663605e-09,0.4000000107622328,0.19999999307925662,-0.0007346377635782157,0.13111460666480532
11581.117244378025,0.0064408613367934785,0.003941703961366125,0.5999999907622382,9.999997050598981e-09,0.3999999969207461,0.3999999969207461,9.999997050598981e-09,0.19999998615851372,0.003941703961366125,0.13505631062617143
11576.9536760027,-0.0003595135328886751,-0.00035671600386320406,0.5999999907622382,0.19999999307925662,0.19999999307925662,9.99999739663605e-09,0.19999999307925662,0.4000000107622328,-0.00035671600386320406,0.13469959462230824
11584.499732954286,0.0006518171500699643,0.00029484109703063597,0.0,0.19999999307925662,0.19999999307925662,9.99999739663605e-09,0.19999999307925662,0.4000000107622328,0.00029484109703063597,0.13499443571933886
11589.30010324555,0.0004143787303658724,0.0001422538011645864,0.4000000007622354,0.19999999307925662,9.99999739663605e-09,0.4000000107622328,0.19999999307925662,0.19999999307925662,0.0001422538011645864,0.13513668952050345
11612.854397229634,0.0020324172964930145,0.0011824410134158919,0.0,0.19999999307925662,9.99999739663605e-09,0.4000000107622328,0.19999999307925662,0.19999999307925662,0.0011824410134158919,0.13631913053391934
11645.32378421117,0.002795986746314754,0.0016704700363104367,0.0,0.19999999307925662,9.99999739663605e-09,0.4000000107622328,0.19999999307925662,0.19999999307925662,0.0016704700363104367,0.13798960057022977
11625.792239349308,-0.0016772006707398573,-0.0012308569980703983,0.400000007682979,9.999997050598981e-09,9.999997050598981e-09,0.19999998615851372,0.3999999969207461,0.3999999969207461,-0.0012308569980703983,0.13675874357215936
11628.962308505761,0.0002726755382505839,4.813852198975411e-05,0.400000007682979,0.19999999307925662,9.99999739663605e-09,0.4000000107622328,0.19999999307925662,0.19999999307925662,4.813852198975411e-05,0.13680688209414912
11759.286100509562,0.011206828996984467,0.006923829074620647,0.39999996615852046,0.39999998369694006,9.999996720003926e-09,0.5999999863030697,9.999996720003926e-09,9.999996720003926e-09,0.006923829074620647,0.14373071116876976
11765.851986840173,0.0005583575630774535,0.00021666755246604966,0.5999999763030727,0.3999999969207461,0.3999999969207461,9.999997050598981e-09,0.19999998615851372,9.999997050598981e-09,0.00021666755246604966,0.1439473787212358
11713.485057172202,-0.004450755434161749,-0.003110952639375169,0.5999999973741417,0.19999998646735356,9.99999706604097e-09,0.19999998646735356,0.6000000070652988,9.99999706604097e-09,-0.003110952639375169,0.14083642608186064
11683.713371309128,-0.0025416590978485686,-0.0018209481138693547,0.399999986920749,9.999997050598981e-09,9.999997050598981e-09,0.19999998615851372,0.3999999969207461,0.3999999969207461,-0.0018209481138693547,0.1390154779679913
11730.077350903077,0.003968257190201341,0.00243406866039801,0.5999999763030727,9.999996720003926e-09,0.5999999863030697,9.999996720003926e-09,9.999996720003926e-09,0.39999998369694006,0.00243406866039801,0.1414495466283893
11865.016129486192,0.011503656331194295,0.0071081741100794725,0.7999999735326593,0.19999998646735356,0.19999998646735356,0.6000000070652988,9.99999706604097e-09,9.99999706604097e-09,0.0071081741100794725,0.14855772073846876
11733.371542898953,-0.011095188169199766,-0.0077816889991756556,0.0,0.19999998646735356,0.19999998646735356,0.6000000070652988,9.99999706604097e-09,9.99999706604097e-09,-0.0077816889991756556,0.1407760317392931
11743.03659355066,0.0008237232253635682,0.0003975252335024826,0.7999999738414981,9.999997050598981e-09,9.999997050598981e-09,0.19999998615851372,0.3999999969207461,0.3999999969207461,0.0003975252335024826,0.14117355697279557
11730.399010586088,-0.001076176750697728,-0.0008492785862147956,0.0,9.999997050598981e-09,9.999997050598981e-09,0.19999998615851372,0.3999999969207461,0.3999999969207461,-0.0008492785862147956,0.14032427838658076
11624.675110457607,-0.009012813633455425,-0.00625587255789699,0.7999999738414981,0.19999998646735356,0.19999998646735356,0.6000000070652988,9.99999706604097e-09,9.99999706604097e-09,-0.00625587255789699,0.13406840582868376
11542.869554037536,-0.007037233784407305,-0.004843665827709776,0.7999999738414981,9.999997050598981e-09,9.999997050598981e-09,0.19999998615851372,0.3999999969207461,0.3999999969207461,-0.004843665827709776,0.12922474000097398
11527.645927124977,-0.001318877151066294,-0.0009789437714341502,0.0,9.999997050598981e-09,9.999997050598981e-09,0.19999998615851372,0.3999999969207461,0.3999999969207461,-0.0009789437714341502,0.12824579622953983
11514.430772330963,-0.0011463879856786381,-0.0008642315309941936,0.0,9.999997050598981e-09,9.999997050598981e-09,0.19999998615851372,0.3999999969207461,0.3999999969207461,-0.0008642315309941936,0.12738156469854564
11606.63660091619,0.008007849489772092,0.0050531496505037445,0.7999999738414981,0.19999998615851372,0.3999999969207461,0.3999999969207461,9.999997050598981e-09,9.999997050598981e-09,0.0050531496505037445,0.13243471434904938
11669.711948282807,0.00543442080039263,0.003403101098533826,0.7999999738414981,9.999997050598981e-09,9.999997050598981e-09,0.19999998615851372,0.3999999969207461,0.3999999969207461,0.003403101098533826,0.13583781544758322
11697.142357341201,0.002350564365252416,0.0014126959193094442,0.5999999976829815,0.3999999969207461,9.999997050598981e-09,0.3999999969207461,9.999997050598981e-09,0.19999998615851372,0.0014126959193094442,0.13725051136689267
11842.325579366303,0.012411853903272669,0.0077350024255381416,0.5999999907622382,0.19999999307925662,0.4000000107622328,9.99999739663605e-09,0.19999999307925662,0.19999999307925662,0.0077350024255381416,0.14498551379243083
12108.045909799632,0.02243818823021656,0.013355664096866114,0.39999998000000586,9.999997050598981e-09,0.3999999969207461,0.19999998615851372,0.3999999969207461,9.999997050598981e-09,0.013355664096866114,0.15834117788929694
12036.30663853661,-0.0059249256071090065,-0.004138448062705466,0.7999999738414981,0.3999999969207461,9.999997050598981e-09,0.3999999969207461,9.999997050598981e-09,0.19999998615851372,-0.004138448062705466,0.15420272982659147
12036.929756513708,5.1769865608412034e-05,-0.00013944931322274346,0.20000000384148947,0.4000000107622328,0.19999999307925662,0.19999999307925662,9.99999739663605e-09,0.19999999307925662,-0.00013944931322274346,0.15406328051336873
12049.379996057061,0.0010343368113963811,0.0004977113971113771,0.7999999669207549,9.999997054571063e-09,9.999997054571063e-09,9.999997054571063e-09,0.19999998623795537,0.7999999837620535,0.0004977113971113771,0.15456099191048012
12064.95288450697,0.001292422386463384,0.0006648669580981804,0.7999999737620564,0.3999999969207461,9.999997050598981e-09,0.19999998615851372,0.3999999969207461,9.999997050598981e-09,0.0006648669580981804,0.1552258588685783
11994.078001790354,-0.005874443389466386,-0.004122933989745249,0.3999999800000058,0.19999999307925662,0.19999999307925662,9.99999739663605e-09,0.4000000107622328,0.19999999307925662,-0.004122933989745249,0.15110292487883303
12056.848475596154,0.005233455526671644,0.0031842834081644224,0.4000000007622354,0.4000000107622328,0.19999999307925662,0.19999999307925662,9.99999739663605e-09,0.19999999307925662,0.0031842834081644224,0.15428720828699746
12036.79994009051,-0.0016628338281121952,-0.0012721622297799818,0.0,0.4000000107622328,0.19999999307925662,0.19999999307925662,9.99999739663605e-09,0.19999999307925662,-0.0012721622297799818,0.15301504605721747
11991.976991836835,-0.0037238259734121825,-0.0026581150483128706,0.4000000139860422,0.19999998646735356,0.6000000070652988,9.99999706604097e-09,9.99999706604097e-09,0.19999998646735356,-0.0026581150483128706,0.1503569310089046
11855.42491972157,-0.01138695247732853,-0.008021283881552531,0.7999999738414981,0.19999998615851372,9.999997050598981e-09,0.3999999969207461,0.3999999969207461,9.999997050598981e-09,-0.008021283881552531,0.14233564712735206
11911.445024568913,0.004725271782891005,0.002899008769854028,0.3999999869207491,0.3999999969207461,9.999997050598981e-09,0.3999999969207461,9.999997050598981e-09,0.19999998615851372,0.002899008769854028,0.14523465589720608
11766.805920004406,-0.012142867995123126,-0.00850268581066687,0.20000000384148947,0.4000000107622328,0.19999999307925662,0.19999999307925662,9.99999739663605e-09,0.19999999307925662,-0.00850268581066687,0.1367319700865392
11748.66651148515,-0.001541574548146381,-0.0011413425071831304,0.20000000384148947,0.3999999969207461,9.999997050598981e-09,0.3999999969207461,9.999997050598981e-09,0.19999998615851372,-0.0011413425071831304,0.13559062757935608
11782.432067753656,0.002873990527818524,0.001737695592082661,0.5999999973741416,0.19999998646735356,9.99999706604097e-09,9.99999706604097e-09,0.6000000070652988,0.19999998646735356,0.001737695592082661,0.13732832317143875
11785.530479214076,0.00026296875234269333,4.182692009967578e-05,0.5999999973741416,0.3999999969207461,9.999997050598981e-09,0.3999999969207461,9.999997050598981e-09,0.19999998615851372,4.182692009967578e-05,0.13737015009153844
11760.136339119466,-0.0021546879149306883,-0.001558820666051123,0.5999999976829815,9.999997050598981e-09,9.999997050598981e-09,0.19999998615851372,0.3999999969207461,0.3999999969207461,-0.001558820666051123,0.13581132942548732
11777.675134821924,0.001491376902163614,0.0008516446028015023,0.39999998692074906,0.3999999969207461,9.999997050598981e-09,0.19999998615851372,0.3999999969207461,9.999997050598981e-09,0.0008516446028015023,0.13666297402828884
11743.673839633368,-0.0028869275811511884,-0.002055792550241684,0.5999999970653017,0.19999998646735356,0.6000000070652988,9.99999706604097e-09,0.19999998646735356,9.99999706604097e-09,-0.002055792550241684,0.13460718147804715
11763.615241042296,0.0016980547724025922,0.0009945066924492696,0.7999999735326583,0.3999999969207461,9.999997050598981e-09,0.3999999969207461,9.999997050598981e-09,0.19999998615851372,0.0009945066924492696,0.13560168817049642
11808.912507045854,0.0038506245805727396,0.0023973531789880887,0.0,0.3999999969207461,9.999997050598981e-09,0.3999999969207461,9.999997050598981e-09,0.19999998615851372,0.0023973531789880887,0.1379990413494845
11789.097965931724,-0.0016779310628567683,-0.0012552734480046999,0.5999999907622382,9.99999739663605e-09,0.19999999307925662,0.19999999307925662,0.19999999307925662,0.4000000107622328,-0.0012552734480046999,0.13674376790147982
11797.733121626294,0.0007324695849947899,0.00035806632843704344,0.3999999932238132,9.999996720003926e-09,0.5999999863030697,9.999996720003926e-09,9.999996720003926e-09,0.39999998369694006,0.00035806632843704344,0.13710183422991687
11830.93157854317,0.0028139691392085886,0.001732869561879932,0.5999999763030727,9.999997050598981e-09,9.999997050598981e-09,0.19999998615851372,0.3999999969207461,0.3999999969207461,0.001732869561879932,0.1388347037917968
11893.773424500461,0.005311656613014473,0.0033575711717229464,0.5999999976829815,0.3999999969207461,9.999997050598981e-09,0.3999999969207461,9.999997050598981e-09,0.19999998615851372,0.0033575711717229464,0.14219227496351974
11882.774473864429,-0.0009247654418382471,-0.0007659182464014026,0.5999999976829815,9.999997050598981e-09,9.999997050598981e-09,0.19999998615851372,0.3999999969207461,0.3999999969207461,-0.0007659182464014026,0.14142635671711834
11901.59731267308,0.0015840441009842001,0.0009186171768643674,0.5999999976829815,0.3999999969207461,9.999997050598981e-09,0.3999999969207461,9.999997050598981e-09,0.19999998615851372,0.0009186171768643674,0.1423449738939827
11926.039024976644,0.0020536497464536986,0.0012312759573826128,0.0,0.3999999969207461,9.999997050598981e-09,0.3999999969207461,9.999997050598981e-09,0.19999998615851372,0.0012312759573826128,0.14357624985136533
11920.18910980188,-0.0004905161858444356,-0.00047879936950752144,0.20000000384148947,0.4000000107622328,0.19999999307925662,0.19999999307925662,9.99999739663605e-09,0.19999999307925662,-0.00047879936950752144,0.14309745048185782
11866.007431762964,-0.004545370676574438,-0.003281438613985435,0.4000000007622354,0.19999999307925662,0.19999999307925662,0.19999999307925662,0.4000000107622328,9.99999739663605e-09,-0.003281438613985435,0.13981601186787238
11821.133291653703,-0.0037817387497282333,-0.0027391616419343307,0.39999998692074873,9.999997050598981e-09,9.999997050598981e-09,0.19999998615851372,0.3999999969207461,0.3999999969207461,-0.0027391616419343307,0.13707685022593805
11822.317432645785,0.00010017152863995682,-6.193013835146678e-05,0.7999999738414981,0.19999998615851372,0.3999999969207461,0.3999999969207461,9.999997050598981e-09,9.999997050598981e-09,-6.193013835146678e-05,0.1370149200875866
11832.480879189665,0.000859683103738599,0.00045412106793130136,0.5999999976829815,0.3999999969207461,9.999997050598981e-09,0.19999998615851372,0.3999999969207461,9.999997050598981e-09,0.00045412106793130136,0.1374690411555179
11809.927512639697,-0.0019060556091523221,-0.0014417198137441438,0.2000000038414895,0.19999999307925662,0.19999999307925662,0.19999999307925662,0.4000000107622328,9.99999739663605e-09,-0.0014417198137441438,0.13602732134177375
11870.614643871233,0.0051386539982217865,0.0033275319105920778,0.5999999838414953,0.3999999969207461,9.999997050598981e-09,0.3999999969207461,9.999997050598981e-09,0.19999998615851372,0.0033275319105920778,0.13935485325236582
11877.576308105208,0.0005864619855696501,0.00026554749978657555,0.0,0.3999999969207461,9.999997050598981e-09,0.3999999969207461,9.999997050598981e-09,0.19999998615851372,0.00026554749978657555,0.1396204007521524
11851.507175970262,-0.0021948191666979694,-0.0016575901619236793,0.5999999976829815,9.999997050598981e-09,9.999997050598981e-09,0.19999998615851372,0.3999999969207461,0.3999999969207461,-0.0016575901619236793,0.13796281059022872
11926.25190382742,0.006306769826601177,0.0041132316351234575,0.5999999976829815,0.3999999969207461,9.999997050598981e-09,0.3999999969207461,9.999997050598981e-09,0.19999998615851372,0.0041132316351234575,0.14207604222535217
11948.21272853712,0.0018413852807059614,0.001118381725643066,0.20000001045339255,0.6000000070652988,9.99999706604097e-09,0.19999998646735356,9.99999706604097e-09,0.19999998646735356,0.001118381725643066,0.14319442395099524
11955.302473070557,0.0005933728076755093,0.00026391455308905293,0.7999999735326593,9.999996720003926e-09,9.999996720003926e-09,9.999996720003926e-09,0.39999998369694006,0.5999999863030697,0.00026391455308905293,0.1434583385040843
12045.250622183896,0.007523703337155086,0.004912399158647769,0.9999999500000158,0.3999999969207461,0.3999999969207461,0.19999998615851372,9.999997050598981e-09,9.999997050598981e-09,0.004912399158647769,0.14837073766273207
12052.879673155307,0.0006333658975396566,0.0002796601403947978,0.400000007682979,0.19999999307925662,0.19999999307925662,0.19999999307925662,0.4000000107622328,9.99999739663605e-09,0.0002796601403947978,0.14865039780312686
12068.563466876352,0.0013012486763621608,0.0007406421965547175,0.3999999727704222,9.99999706604097e-09,9.99999706604097e-09,0.19999998646735356,0.6000000070652988,0.19999998646735356,0.0007406421965547175,0.1493910399996816
12336.39263195282,0.02219229867842668,0.01378918988131517,0.5999999970653014,0.4000000107622328,0.19999999307925662,0.19999999307925662,9.99999739663605e-09,0.19999999307925662,0.01378918988131517,0.16318022988099676
12338.742404808216,0.0001904748758814299,-6.513743288270555e-05,0.5999999907622382,9.999997050598981e-09,9.999997050598981e-09,0.19999998615851372,0.3999999969207461,0.3999999969207461,-6.513743288270555e-05,0.16311509244811406
12354.964195303894,0.0013147037164303336,0.000701203029922057,0.7999999735326583,0.19999998646735356,0.6000000070652988,9.99999706604097e-09,9.99999706604097e-09,0.19999998646735356,0.000701203029922057,0.1638162954780361
12365.887449097592,0.0008841186118411713,0.0004087033882945915,0.7999999735326583,9.999997050598981e-09,9.999997050598981e-09,0.19999998615851372,0.3999999969207461,0.3999999969207461,0.0004087033882945915,0.1642249988663307
12352.376714756198,-0.0010925810538878892,-0.000956685562386353,0.0,9.999997050598981e-09,9.999997050598981e-09,0.19999998615851372,0.3999999969207461,0.3999999969207461,-0.000956685562386353,0.16326831330394437
12368.940402500592,0.0013409312334691764,0.000725279751900369,0.5999999907622382,0.4000000107622328,0.19999999307925662,0.19999999307925662,9.99999739663605e-09,0.19999999307925662,0.000725279751900369,0.16399359305584474
12526.262241274762,0.012719103953509723,0.008020108167258481,0.20000000384148947,0.3999999969207461,9.999997050598981e-09,0.3999999969207461,9.999997050598981e-09,0.19999998615851372,0.008020108167258481,0.17201370122310322
12662.03117070532,0.01083874238104263,0.0067969699991015185,0.5999999976829815,9.999997050598981e-09,9.999997050598981e-09,0.19999998615851372,0.3999999969207461,0.3999999969207461,0.0067969699991015185,0.17881067122220473
12740.166410555617,0.006170829845299151,0.003859519894260216,0.5999999973741416,9.99999706604097e-09,0.19999998646735356,0.6000000070652988,0.19999998646735356,9.99999706604097e-09,0.003859519894260216,0.18267019111646496
12691.58857814885,-0.003812966867255248,-0.0029494905911814067,0.5999999973741416,9.999997050598981e-09,9.999997050598981e-09,0.19999998615851372,0.3999999969207461,0.3999999969207461,-0.0029494905911814067,0.17972070052528355
12743.783192004552,0.004112535915761262,0.0025352432718092938,0.39999998692074906,0.3999999969207461,9.999997050598981e-09,0.19999998615851372,0.3999999969207461,9.999997050598981e-09,0.0025352432718092938,0.18225594379709284
12781.354805782377,0.0029482307735272245,0.0017627026659809983,0.2000000107622324,0.19999998615851372,9.999997050598981e-09,0.3999999969207461,0.3999999969207461,9.999997050598981e-09,0.0017627026659809983,0.18401864646307384
12855.264097564257,0.005782586658844803,0.003619483749661846,0.3999999869207491,0.3999999969207461,9.999997050598981e-09,0.3999999969207461,9.999997050598981e-09,0.19999998615851372,0.003619483749661846,0.18763813021273568
12750.778550701158,-0.008127841331777555,-0.006247950168546184,0.5999999976829815,9.999997050598981e-09,9.999997050598981e-09,0.19999998615851372,0.3999999969207461,0.3999999969207461,-0.006247950168546184,0.1813901800441895
12791.794572177561,0.0032167464373499014,0.0019487446284019436,0.5999999976829815,0.3999999969207461,9.999997050598981e-09,0.3999999969207461,9.999997050598981e-09,0.19999998615851372,0.0019487446284019436,0.18333892467259144
12696.640527723814,-0.0074386782805838225,-0.005693966129883794,0.3999999869207491,0.19999998615851372,9.999997050598981e-09,0.3999999969207461,0.3999999969207461,9.999997050598981e-09,-0.005693966129883794,0.17764495854270765
12690.088887400389,-0.0005160136895361492,-0.0005928729590687957,0.5999999907622382,0.19999999307925662,0.19999999307925662,9.99999739663605e-09,0.19999999307925662,0.4000000107622328,-0.0005928729590687957,0.17705208558363886
12549.28560725528,-0.011095531433582601,-0.008514813525617167,0.3999999800000058,9.999997050598981e-09,9.999997050598981e-09,0.19999998615851372,0.3999999969207461,0.3999999969207461,-0.008514813525617167,0.1685372720580217
12662.798469904552,0.00904536450932666,0.00574579407438485,0.5999999976829815,0.3999999969207461,9.999997050598981e-09,0.3999999969207461,9.999997050598981e-09,0.19999998615851372,0.00574579407438485,0.17428306613240654
12652.791441814219,-0.0007902698691853975,-0.0007750712950042497,0.0,0.3999999969207461,9.999997050598981e-09,0.3999999969207461,9.999997050598981e-09,0.19999998615851372,-0.0007750712950042497,0.17350799483740229
12691.665332225844,0.003072356846344539,0.0018759938293525108,0.39999998692074906,9.999997050598981e-09,0.3999999969207461,0.3999999969207461,9.999997050598981e-09,0.19999998615851372,0.0018759938293525108,0.1753839886667548
12744.61153149246,0.00417172986213057,0.002608145329708626,0.40000000768297894,9.99999739663605e-09,0.19999999307925662,0.19999999307925662,0.19999999307925662,0.4000000107622328,0.002608145329708626,0.17799213399646344
12762.038137764452,0.0013673705337295147,0.0007143047598765385,0.5999999970653014,0.6000000070652988,9.99999706604097e-09,0.19999998646735356,9.99999706604097e-09,0.19999998646735356,0.0007143047598765385,0.17870643875633999
12882.486617091907,0.009438028473761847,0.0059795095616538224,0.39999998661190916,0.3999999969207461,0.19999998615851372,0.3999999969207461,9.999997050598981e-09,9.999997050598981e-09,0.0059795095616538224,0.18468594831799381
12903.228255066144,0.0016100647794749783,0.00086560932924629,0.39999998661190916,0.19999998646735356,9.99999706604097e-09,0.6000000070652988,9.99999706604097e-09,0.19999998646735356,0.00086560932924629,0.1855515576472401
12844.132005340929,-0.004579958484576256,-0.0035733838158675383,0.5999999904533984,9.99999739663605e-09,0.19999999307925662,0.19999999307925662,0.19999999307925662,0.4000000107622328,-0.0035733838158675383,0.18197817383137257
13010.424269580779,0.012946944501247745,0.008074386487122434,0.5999999970653014,0.6000000070652988,9.99999706604097e-09,0.19999998646735356,9.99999706604097e-09,0.19999998646735356,0.008074386487122434,0.19005256031849502
13167.881905112608,0.012102421279217923,0.0074822547367877365,0.5999999970653017,0.19999998646735356,9.99999706604097e-09,0.19999998646735356,0.6000000070652988,9.99999706604097e-09,0.0074822547367877365,0.19753481505528275
13124.398431955507,-0.0033022374798347973,-0.0026518762414087823,0.5999999970653017,0.19999998646735356,9.99999706604097e-09,0.6000000070652988,9.99999706604097e-09,0.19999998646735356,-0.0026518762414087823,0.19488293881387397
13012.160578436406,-0.008551847469505644,-0.0066486036527809225,0.5999999970653014,0.19999999307925662,0.19999999307925662,9.99999739663605e-09,0.19999999307925662,0.4000000107622328,-0.0066486036527809225,0.18823433516109306
12993.61614665917,-0.0014251616144337366,-0.0012645522392935203,0.0,0.19999999307925662,0.19999999307925662,9.99999739663605e-09,0.19999999307925662,0.4000000107622328,-0.0012645522392935203,0.18696978292179953
13023.813638377902,0.0023240252273032625,0.0013431939078427367,0.5999999838414967,0.39999998369694006,0.5999999863030697,9.999996720003926e-09,9.999996720003926e-09,9.999996720003926e-09,0.0013431939078427367,0.18831297682964226
12850.989457536727,-0.013269859784533884,-0.01044011422604632,0.9999999500000156,9.999997050598981e-09,9.999997050598981e-09,0.19999998615851372,0.3999999969207461,0.3999999969207461,-0.01044011422604632,0.17787286260359594
12863.387635341365,0.0009647644522318243,0.00043348366423576277,0.0,9.999997050598981e-09,9.999997050598981e-09,0.19999998615851372,0.3999999969207461,0.3999999969207461,0.00043348366423576277,0.1783063462678317
12868.951384705291,0.0004325259816194409,6.63729758089297e-05,0.39999998692074906,9.999997054571063e-09,9.999997054571063e-09,0.19999998623795537,9.999997054571063e-09,0.7999999837620535,6.63729758089297e-05,0.17837271924364065
12879.40421045959,0.0008122515535121395,0.00033019624243542557,0.5999999976035397,0.3999999969207461,9.999997050598981e-09,0.3999999969207461,9.999997050598981e-09,0.19999998615851372,0.00033019624243542557,0.17870291548607609
12897.949187900684,0.001439894046188488,0.0007641361346022559,0.9999999500000157,9.999996720003926e-09,0.39999998369694006,9.999996720003926e-09,0.5999999863030697,9.999996720003926e-09,0.0007641361346022559,0.17946705162067833
13151.78178894374,0.019680074509920504,0.011820171461689717,0.599999976303073,0.5999999863030697,0.39999998369694006,9.999996720003926e-09,9.999996720003926e-09,9.999996720003926e-09,0.011820171461689717,0.19128722308236804
13101.275798065137,-0.003840239420719449,-0.003004973657399773,0.7999999669207558,9.99999739663605e-09,0.19999999307925662,0.19999999307925662,0.19999999307925662,0.4000000107622328,-0.003004973657399773,0.18828224942496827
13173.528120730105,0.005514907386015042,0.0034224176870669416,0.5999999970653014,0.6000000070652988,9.99999706604097e-09,0.19999998646735356,9.99999706604097e-09,0.19999998646735356,0.0034224176870669416,0.1917046671120352
13188.145300173688,0.001109587295796594,0.0004975549434351237,0.5999999970653014,9.99999739663605e-09,0.19999999307925662,0.19999999307925662,0.19999999307925662,0.4000000107622328,0.0004975549434351237,0.19220222205547033
13285.988002528746,0.007418988806088494,0.004627117498925749,0.0,9.99999739663605e-09,0.19999999307925662,0.19999999307925662,0.19999999307925662,0.4000000107622328,0.004627117498925749,0.19682933955439608
13428.592268860106,0.01073343332119648,0.006606862128485504,0.19999998307925923,0.19999999307925662,0.19999999307925662,9.99999739663605e-09,0.19999999307925662,0.4000000107622328,0.006606862128485504,0.20343620168288157
13333.034718924702,-0.007115976717603851,-0.005550297790344855,0.5999999907622382,0.3999999969207461,0.19999998615851372,0.3999999969207461,9.999997050598981e-09,9.999997050598981e-09,-0.005550297790344855,0.1978859038925367
13292.956083370136,-0.0030059649884267466,-0.0024275748901192436,0.5999999907622382,0.19999999307925662,0.19999999307925662,9.99999739663605e-09,0.19999999307925662,0.4000000107622328,-0.0024275748901192436,0.19545832900241747
13575.019203630962,0.02121899135841542,0.012177147820467934,0.3999999932238132,9.999996720003926e-09,0.5999999863030697,9.999996720003926e-09,9.999996720003926e-09,0.39999998369694006,0.012177147820467934,0.2076354768228854
13590.197674799536,0.0011181178413739712,0.0004530006361892559,0.5999999763030727,9.999997050598981e-09,9.999997050598981e-09,0.19999998615851372,0.3999999969207461,0.3999999969207461,0.0004530006361892559,0.20808847745907466
13663.184605484805,0.005370556958167706,0.0032312835572086344,0.0,9.999997050598981e-09,9.999997050598981e-09,0.19999998615851372,0.3999999969207461,0.3999999969207461,0.0032312835572086344,0.2113197610162833
13606.170680052954,-0.004172813811573895,-0.003305692951005708,0.39999998692074873,0.19999999307925662,0.19999999307925662,0.19999999307925662,0.4000000107622328,9.99999739663605e-09,-0.003305692951005708,0.20801406806527759
13667.624597229737,0.004516621070091044,0.0026984785630653893,0.5999999907622382,0.3999999969207461,0.19999998615851372,9.999997050598981e-09,9.999997050598981e-09,0.3999999969207461,0.0026984785630653893,0.21071254662834296
14048.666983232439,0.027879196073320303,0.014488395033164903,0.39999998692074906,0.3999999969207461,9.999997050598981e-09,0.3999999969207461,9.999997050598981e-09,0.19999998615851372,0.014488395033164903,0.22520094166150786
14000.068472847814,-0.003459296917111707,-0.002763908851855984,0.0,0.3999999969207461,9.999997050598981e-09,0.3999999969207461,9.999997050598981e-09,0.19999998615851372,-0.002763908851855984,0.22243703280965188
14013.564036945001,0.0009639641494153674,0.0002987678742427136,0.5999999907622382,9.99999739663605e-09,0.19999999307925662,0.19999999307925662,0.19999999307925662,0.4000000107622328,0.0002987678742427136,0.2227358006838946
13748.284472388512,-0.01893019961639412,-0.01534443293932967,0.4000000007622354,0.19999999307925662,9.99999739663605e-09,0.4000000107622328,0.19999999307925662,0.19999999307925662,-0.01534443293932967,0.20739136774456493
13641.45041969221,-0.007770718805743621,-0.0057927019759706115,0.20000000384148947,0.3999999969207461,9.999997050598981e-09,0.3999999969207461,9.999997050598981e-09,0.19999998615851372,-0.0057927019759706115,0.2015986657685943
13637.147614020398,-0.00031542142070176604,-0.0005032024430512321,0.0,0.3999999969207461,9.999997050598981e-09,0.3999999969207461,9.999997050598981e-09,0.19999998615851372,-0.0005032024430512321,0.20109546332554307
13695.203786433396,0.004257207889523038,0.0024503672045538064,0.5999999976829815,9.999997050598981e-09,9.999997050598981e-09,0.19999998615851372,0.3999999969207461,0.3999999969207461,0.0024503672045538064,0.20354583053009687
13682.565120288426,-0.0009228534560026018,-0.0009183470322944289,0.0,9.999997050598981e-09,9.999997050598981e-09,0.19999998615851372,0.3999999969207461,0.3999999969207461,-0.0009183470322944289,0.20262748349780244
13676.90587184891,-0.0004136101958778782,-0.000573382422255619,0.0,9.999997050598981e-09,9.999997050598981e-09,0.19999998615851372,0.3999999969207461,0.3999999969207461,-0.000573382422255619,0.2020541010755468
13630.12253601506,-0.0034206081603693956,-0.0026458715654844125,0.0,9.999997050598981e-09,9.999997050598981e-09,0.19999998615851372,0.3999999969207461,0.3999999969207461,-0.0026458715654844125,0.1994082295100624
13965.811688592246,0.0246284765005003,0.013210796272296767,0.0,9.999997050598981e-09,9.999997050598981e-09,0.19999998615851372,0.3999999969207461,0.3999999969207461,0.013210796272296767,0.21261902578235917
13966.786168906949,6.977613162984646e-05,-0.0002755472082957695,0.5999999973741416,0.6000000070652988,9.99999706604097e-09,0.19999998646735356,9.99999706604097e-09,0.19999998646735356,-0.0002755472082957695,0.2123434785740634
14039.352547845654,0.005195639001064814,0.0029644279131997315,0.5999999970653014,9.99999739663605e-09,0.19999999307925662,0.19999999307925662,0.19999999307925662,0.4000000107622328,0.0029644279131997315,0.21530790648726314
14294.795608049248,0.018194789206485998,0.009897690688293638,0.5999999907622382,0.3999999969207461,9.999997050598981e-09,0.3999999969207461,9.999997050598981e-09,0.19999998615851372,0.009897690688293638,0.22520559717555677
14360.522660501865,0.004597970775854083,0.002543631881254457,0.3999999869207491,0.19999998615851372,0.3999999969207461,0.3999999969207461,9.999997050598981e-09,9.999997050598981e-09,0.002543631881254457,0.22774922905681122
14402.754348697728,0.0029408183249500365,0.0015246395942174029,0.7999999738414981,9.999997050598981e-09,9.999997050598981e-09,0.19999998615851372,0.3999999969207461,0.3999999969207461,0.0015246395942174029,0.2292738686510286
14320.287905656272,-0.005725741135681603,-0.004343296955296917,0.5999999763030727,9.999996720003926e-09,0.5999999863030697,9.999996720003926e-09,9.999996720003926e-09,0.39999998369694006,-0.004343296955296917,0.2249305716957317
14268.068857358321,-0.0036465082714800335,-0.0028378432226901563,0.5999999630792666,0.19999998615851372,0.3999999969207461,0.3999999969207461,9.999997050598981e-09,9.999997050598981e-09,-0.0028378432226901563,0.22209272847304154
14360.701444588338,0.006492300265445034,0.0037012718205524818,0.3999999869207491,0.3999999969207461,9.999997050598981e-09,0.3999999969207461,9.999997050598981e-09,0.19999998615851372,0.0037012718205524818,0.22579400029359403
14444.794859541971,0.005855801353305316,0.0033188946342088115,0.5999999907622382,9.99999739663605e-09,0.19999999307925662,0.19999999307925662,0.4000000107622328,0.19999999307925662,0.0033188946342088115,0.22911289492780285
14441.057295581735,-0.0002587481509138128,-0.0005369184543807023,0.20000000384148947,9.999997050598981e-09,9.999997050598981e-09,0.19999998615851372,0.3999999969207461,0.3999999969207461,-0.0005369184543807023,0.22857597647342215
14475.007638508592,0.002350959644571344,0.0011670243140838085,0.5999999976829815,0.3999999969207461,9.999997050598981e-09,0.3999999969207461,9.999997050598981e-09,0.19999998615851372,0.0011670243140838085,0.22974300078750595
14195.054466721402,-0.0193404507119165,-0.015562034209378312,0.3999999869207491,0.3999999969207461,9.999997050598981e-09,0.19999998615851372,0.3999999969207461,9.999997050598981e-09,-0.015562034209378312,0.21418096657812763
14250.404283259018,0.0038992324169927093,0.0021447494970834053,0.39999998692074873,0.4000000107622328,0.19999999307925662,0.19999999307925662,9.99999739663605e-09,0.19999999307925662,0.0021447494970834053,0.21632571607521103
14234.801369435585,-0.0010949102575119466,-0.0010567082858280179,0.20000000384148947,0.3999999969207461,0.19999998615851372,0.3999999969207461,9.999997050598981e-09,9.999997050598981e-09,-0.0010567082858280179,0.21526900778938302
14219.454857584067,-0.0010780980677728533,-0.0010441275770186381,0.20000000384148947,0.4000000107622328,0.19999999307925662,0.19999999307925662,9.99999739663605e-09,0.19999999307925662,-0.0010441275770186381,0.21422488021236438
14292.202948859574,0.0051160956593710736,0.0029035518082148083,0.20000000384148947,0.3999999969207461,9.999997050598981e-09,0.3999999969207461,9.999997050598981e-09,0.19999998615851372,0.0029035518082148083,0.2171284320205792
14271.705092975653,-0.0014341984897127142,-0.0012926094700564316,0.3999999869207491,0.3999999969207461,9.999997050598981e-09,0.19999998615851372,0.3999999969207461,9.999997050598981e-09,-0.0012926094700564316,0.21583582255052275
14345.675579879562,0.0051830167749413805,0.002951926975374696,0.3999999869207491,0.3999999969207461,9.999997050598981e-09,0.3999999969207461,9.999997050598981e-09,0.19999998615851372,0.002951926975374696,0.21878774952589744
14645.41969047323,0.02089438792370797,0.011058236542241178,0.7999999735326583,9.99999706604097e-09,0.6000000070652988,0.19999998646735356,0.19999998646735356,9.99999706604097e-09,0.011058236542241178,0.2298459860681386
14600.378297830894,-0.003075459330922119,-0.002441543600314145,0.39999998661190916,0.19999998615851372,0.3999999969207461,0.3999999969207461,9.999997050598981e-09,9.999997050598981e-09,-0.002441543600314145,0.22740444246782446
14523.37311998115,-0.005274190591430287,-0.00398864800986983,0.7999999738414981,9.999997050598981e-09,9.999997050598981e-09,0.19999998615851372,0.3999999969207461,0.3999999969207461,-0.00398864800986983,0.22341579445795462
14618.308740238734,0.006536747315743788,0.003699046374036769,0.39999998692074906,0.3999999969207461,9.999997050598981e-09,0.19999998615851372,0.3999999969207461,9.999997050598981e-09,0.003699046374036769,0.22711484083199138
14403.03280365684,-0.014726459839319079,-0.011328734956689554,0.799999973841499,9.999996720003926e-09,0.39999998369694006,0.5999999863030697,9.999996720003926e-09,9.999996720003926e-09,-0.011328734956689554,0.21578610587530184
14286.38056088242,-0.008099144420805835,-0.005953806431928965,0.5999999838414966,0.4000000107622328,0.19999999307925662,0.19999999307925662,9.99999739663605e-09,0.19999999307925662,-0.005953806431928965,0.20983229944337287
14383.262619333738,0.006781427810805479,0.003857504765604021,0.5999999838414966,9.999996720003926e-09,0.5999999863030697,9.999996720003926e-09,9.999996720003926e-09,0.39999998369694006,0.003857504765604021,0.21368980420897687
14418.584359092383,0.0024557529604698172,0.0012422890952104256,0.799999973841499,0.3999999969207461,9.999997050598981e-09,0.3999999969207461,9.999997050598981e-09,0.19999998615851372,0.0012422890952104256,0.2149320933041873
14140.911069391139,-0.01925801332404331,-0.014872884405124038,0.5999999973741416,9.99999706604097e-09,9.99999706604097e-09,0.19999998646735356,0.6000000070652988,0.19999998646735356,-0.014872884405124038,0.20005920889906326
14385.029684829367,0.017263287651008406,0.009415419403723412,0.7999999735326583,0.19999998615851372,0.3999999969207461,0.3999999969207461,9.999997050598981e-09,9.999997050598981e-09,0.009415419403723412,0.20947462830278668
14462.700512381243,0.00539942073486231,0.002986080617010106,0.5999999976829815,0.3999999969207461,9.999997050598981e-09,0.19999998615851372,0.3999999969207461,9.999997050598981e-09,0.002986080617010106,0.2124607089197968
14446.883615953846,-0.0010936336829942017,-0.0010270309311279746,0.5999999976829815,0.19999998615851372,0.3999999969207461,0.3999999969207461,9.999997050598981e-09,9.999997050598981e-09,-0.0010270309311279746,0.21143367798866883
14362.745115447422,-0.005823989639779981,-0.004219096609080194,0.7999999738414981,9.999997050598981e-09,9.999997050598981e-09,0.19999998615851372,0.3999999969207461,0.3999999969207461,-0.004219096609080194,0.20721458137958865
14183.357384585892,-0.012489794215493975,-0.00905957906431668,0.0,9.999997050598981e-09,9.999997050598981e-09,0.19999998615851372,0.3999999969207461,0.3999999969207461,-0.00905957906431668,0.19815500231527197
14282.20508568252,0.006969273805654418,0.003931833856481402,0.7999999738414981,0.3999999969207461,0.3999999969207461,0.19999998615851372,9.999997050598981e-09,9.999997050598981e-09,0.003931833856481402,0.20208683617175338
14524.169765028455,0.01694168917854957,0.009179202820580797,0.39999998661190916,0.19999998646735356,0.6000000070652988,9.99999706604097e-09,9.99999706604097e-09,0.19999998646735356,0.009179202820580797,0.21126603899233418
14225.828170259538,-0.020541042937082046,-0.015400368070201904,0.5999999973741416,0.3999999969207461,9.999997050598981e-09,0.3999999969207461,9.999997050598981e-09,0.19999998615851372,-0.015400368070201904,0.19586567092213228
14278.958679237785,0.003734791981342858,0.0019854787826006173,0.5999999907622382,9.99999739663605e-09,0.19999999307925662,0.19999999307925662,0.19999999307925662,0.4000000107622328,0.0019854787826006173,0.1978511497047329
14476.181369168977,0.013812119942468941,0.007515946383849599,0.3999999932238132,9.999996720003926e-09,0.5999999863030697,9.999996720003926e-09,9.999996720003926e-09,0.39999998369694006,0.007515946383849599,0.20536709608858247
14466.692825506518,-0.0006554590206134596,-0.0007139588992961657,0.5999999630792666,0.19999998615851372,0.3999999969207461,0.3999999969207461,9.999997050598981e-09,9.999997050598981e-09,-0.0007139588992961657,0.20465313718928632
14458.432939660597,-0.0005709588186843409,-0.0006598294984580772,0.7999999738414981,9.999997050598981e-09,9.999997050598981e-09,0.19999998615851372,0.3999999969207461,0.3999999969207461,-0.0006598294984580772,0.20399330769082824
14504.679858364978,0.003198612110827116,0.0016531344906319965,0.5999999976829815,0.3999999969207461,9.999997050598981e-09,0.3999999969207461,9.999997050598981e-09,0.19999998615851372,0.0016531344906319965,0.20564644218146025
14521.227042716835,0.0011408169303587237,0.0004043689860603396,0.3999999869207491,0.19999998615851372,9.999997050598981e-09,0.3999999969207461,0.3999999969207461,9.999997050598981e-09,0.0004043689860603396,0.20605081116752058
14599.779898960223,0.005409519182663462,0.002958636347068803,0.39999998692074906,0.19999998615851372,0.3999999969207461,0.3999999969207461,9.999997050598981e-09,9.999997050598981e-09,0.002958636347068803,0.20900944751458939
14599.393128292293,-2.6491541009990345e-05,-0.0003303058647124199,0.5999999838414953,9.99999739663605e-09,0.19999999307925662,0.19999999307925662,0.19999999307925662,0.4000000107622328,-0.0003303058647124199,0.20867914164987697
14646.755249596425,0.0032441157579589804,0.001685933732706468,0.5999999907622382,0.3999999969207461,9.999997050598981e-09,0.3999999969207461,9.999997050598981e-09,0.19999998615851372,0.001685933732706468,0.21036507538258345
14653.700742826137,0.00047420012906286275,-1.795438083948991e-05,0.5999999976829815,9.999997050598981e-09,9.999997050598981e-09,0.19999998615851372,0.3999999969207461,0.3999999969207461,-1.795438083948991e-05,0.21034712100174396
14664.643035503528,0.0007467255452686716,0.00015422902762522565,0.39999998692074873,0.19999999307925662,0.19999999307925662,0.19999999307925662,0.4000000107622328,9.99999739663605e-09,0.00015422902762522565,0.21050135002936918
14823.485280653988,0.010831647573411584,0.00600042131410802,0.0,0.19999999307925662,0.19999999307925662,0.19999999307925662,0.4000000107622328,9.99999739663605e-09,0.00600042131410802,0.2165017713434772
14943.6662578928,0.00810747101396333,0.004490784603681719,0.39999998692074873,9.999997050598981e-09,9.999997050598981e-09,0.19999998615851372,0.3999999969207461,0.3999999969207461,0.004490784603681719,0.22099255594715891
15051.652548456412,0.0072262247229040455,0.003985772582554695,0.2000000038414895,9.99999739663605e-09,0.19999999307925662,0.19999999307925662,0.19999999307925662,0.4000000107622328,0.003985772582554695,0.2249783285297136
15070.920940915714,0.001280151292176753,0.0004535031526062155,0.5999999907622382,0.3999999969207461,9.999997050598981e-09,0.3999999969207461,9.999997050598981e-09,0.19999998615851372,0.0004535031526062155,0.22543183168231984
15029.350713580507,-0.0027583070403050117,-0.002166326765885237,0.0,0.3999999969207461,9.999997050598981e-09,0.3999999969207461,9.999997050598981e-09,0.19999998615851372,-0.002166326765885237,0.2232655049164346
14952.931795175688,-0.005084645362341956,-0.0037547380753473773,0.0,0.3999999969207461,9.999997050598981e-09,0.3999999969207461,9.999997050598981e-09,0.19999998615851372,-0.0037547380753473773,0.21951076684108722
14769.373738771843,-0.012275723511496781,-0.00901993089309196,0.5999999976829815,9.999997050598981e-09,9.999997050598981e-09,0.19999998615851372,0.3999999969207461,0.3999999969207461,-0.00901993089309196,0.21049083594799525
14718.560632063589,-0.0034404374624809816,-0.0025683623242818017,0.5999999976829815,0.3999999969207461,9.999997050598981e-09,0.3999999969207461,9.999997050598981e-09,0.19999998615851372,-0.0025683623242818017,0.20792247362371344
14651.703996052556,-0.004542335197192358,-0.003308603768152457,0.5999999976829815,9.999997050598981e-09,9.999997050598981e-09,0.19999998615851372,0.3999999969207461,0.3999999969207461,-0.003308603768152457,0.204613869855561
14700.016222007853,0.0032973793333739773,0.0017511081742618434,0.5999999976829815,0.3999999969207461,9.999997050598981e-09,0.3999999969207461,9.999997050598981e-09,0.19999998615851372,0.0017511081742618434,0.20636497802982284
14673.136766063964,-0.0018285324000967074,-0.0014932212047155894,0.7999999738414991,9.999996720003926e-09,9.999996720003926e-09,9.999996720003926e-09,0.39999998369694006,0.5999999863030697,-0.0014932212047155894,0.20487175682510725
14512.718028527195,-0.010932818257905525,-0.007883739931003705,0.9999999500000158,0.19999998615851372,0.3999999969207461,0.3999999969207461,9.999997050598981e-09,9.999997050598981e-09,-0.007883739931003705,0.19698801689410356
14374.977727698846,-0.009491006478427974,-0.006737768268825997,0.400000007682979,0.4000000107622328,0.19999999307925662,0.19999999307925662,9.99999739663605e-09,0.19999999307925662,-0.006737768268825997,0.19025024862527756
14388.38959019815,0.0009330005759563836,0.00032470939683007885,0.400000007682979,0.19999998615851372,0.3999999969207461,0.3999999969207461,9.999997050598981e-09,9.999997050598981e-09,0.00032470939683007885,0.19057495802210764
14431.052179383763,0.0029650704770099517,0.0015880243177939445,0.3999999869207491,0.3999999969207461,9.999997050598981e-09,0.3999999969207461,9.999997050598981e-09,0.19999998615851372,0.0015880243177939445,0.1921629823399016
14470.295631177029,0.002719375642569394,0.001437083715530358,0.20000000384148947,0.4000000107622328,0.19999999307925662,0.19999999307925662,9.99999739663605e-09,0.19999999307925662,0.001437083715530358,0.19360006605543195
14473.392759832,0.00021403354388270483,-0.00013677039230042907,0.0,0.4000000107622328,0.19999999307925662,0.19999999307925662,9.99999739663605e-09,0.19999999307925662,-0.00013677039230042907,0.19346329566313153
14357.06536263937,-0.008037327468613504,-0.005720573798378883,0.0,0.4000000107622328,0.19999999307925662,0.19999999307925662,9.99999739663605e-09,0.19999999307925662,-0.005720573798378883,0.18774272186475266
14426.058020510382,0.004805484695399398,0.0027286251377566357,0.5999999907622382,9.999997050598981e-09,9.999997050598981e-09,0.19999998615851372,0.3999999969207461,0.3999999969207461,0.0027286251377566357,0.19047134700250928
14318.662217436251,-0.00744457029920714,-0.005288471595791744,0.7999999738414981,0.19999998615851372,0.3999999969207461,0.3999999969207461,9.999997050598981e-09,9.999997050598981e-09,-0.005288471595791744,0.18518287540671755
14420.348822956232,0.007101683381856201,0.004104863080357115,0.7999999738414981,9.999997050598981e-09,9.999997050598981e-09,0.19999998615851372,0.3999999969207461,0.3999999969207461,0.004104863080357115,0.18928773848707467
14556.729171629779,0.009457493043194478,0.005444598619273933,0.7999999735326583,0.19999998646735356,0.6000000070652988,9.99999706604097e-09,9.99999706604097e-09,0.19999998646735356,0.005444598619273933,0.1947323371063486
14568.919183609023,0.0008374142182300061,0.000259175425068229,0.7999999735326593,0.39999998369694006,9.999996720003926e-09,0.5999999863030697,9.999996720003926e-09,9.999996720003926e-09,0.000259175425068229,0.19499151253141683
14502.176126638748,-0.0045811948113052255,-0.0033274858337999464,0.5999999838414966,0.19999999307925662,0.19999999307925662,0.19999999307925662,0.4000000107622328,9.99999739663605e-09,-0.0033274858337999464,0.1916640266976169
14477.129437715628,-0.0017270986577739614,-0.0013969882624603237,0.39999998692074873,9.999997050598981e-09,9.999997050598981e-09,0.19999998615851372,0.3999999969207461,0.3999999969207461,-0.0013969882624603237,0.19026703843515658
14348.648215592506,-0.008874771941211243,-0.006345521427158962,0.5999999976829815,0.3999999969207461,9.999997050598981e-09,0.3999999969207461,9.999997050598981e-09,0.19999998615851372,-0.006345521427158962,0.1839215170079976
14154.242662543083,-0.01354870160090515,-0.009731136988073947,0.19999997615851667,0.3999999969207461,0.19999998615851372,0.3999999969207461,9.999997050598981e-09,9.999997050598981e-09,-0.009731136988073947,0.17419038001992365
14172.137633798322,0.0012642832034098419,0.0005798781119054021,0.5999999907622382,9.99999739663605e-09,0.19999999307925662,0.19999999307925662,0.19999999307925662,0.4000000107622328,0.0005798781119054021,0.17477025813182906
14038.045364390626,-0.009461682695481767,-0.006625891119519664,0.4000000007622354,0.19999999307925662,0.4000000107622328,9.99999739663605e-09,0.19999999307925662,0.19999999307925662,-0.006625891119519664,0.1681443670123094
14054.567582824851,0.0011769600400447584,0.000540308099039383,0.4000000007622354,0.4000000107622328,0.19999999307925662,0.19999999307925662,9.99999739663605e-09,0.19999999307925662,0.000540308099039383,0.16868467511134877
14024.720726738158,-0.002123641009287778,-0.0015885938406269792,0.39999998692074873,0.3999999969207461,9.999997050598981e-09,0.19999998615851372,0.3999999969207461,9.999997050598981e-09,-0.0015885938406269792,0.16709608127072179
13927.880101164801,-0.006904994934318357,-0.0048064842733975205,0.3999999869207487,9.99999739663605e-09,0.19999999307925662,0.19999999307925662,0.4000000107622328,0.19999999307925662,-0.0048064842733975205,0.16228959699732426
13935.478791578003,0.0005455740829192744,0.00015604558675290045,0.5999999906827969,9.999997054571063e-09,9.999997054571063e-09,0.19999998623795537,9.999997054571063e-09,0.7999999837620535,0.00015604558675290045,0.16244564258407715
14015.306124675537,0.005728352379666904,0.003393570310838012,0.39999998692074906,9.999997050598981e-09,9.999997050598981e-09,0.19999998615851372,0.3999999969207461,0.3999999969207461,0.003393570310838012,0.16583921289491516
13994.930817141436,-0.001453789689133332,-0.0011485289911982554,0.0,9.999997050598981e-09,9.999997050598981e-09,0.19999998615851372,0.3999999969207461,0.3999999969207461,-0.0011485289911982554,0.1646906839037169
13941.026401581588,-0.00385171004159752,-0.002741039049605789,0.0,9.999997050598981e-09,9.999997050598981e-09,0.19999998615851372,0.3999999969207461,0.3999999969207461,-0.002741039049605789,0.16194964485411112
13803.352315770624,-0.009875462670047307,-0.006901662064068252,0.5999999973741416,9.99999706604097e-09,0.6000000070652988,0.19999998646735356,0.19999998646735356,9.99999706604097e-09,-0.006901662064068252,0.15504798279004287
13497.825906877544,-0.022134217971384346,-0.015886418269161498,0.39999998661190916,0.19999998615851372,0.3999999969207461,0.3999999969207461,9.999997050598981e-09,9.999997050598981e-09,-0.015886418269161498,0.13916156452088135
13580.56833762878,0.006130056152900429,0.003663322825229423,0.3999999869207491,0.3999999969207461,9.999997050598981e-09,0.3999999969207461,9.999997050598981e-09,0.19999998615851372,0.003663322825229423,0.14282488734611076
13741.678778417592,0.011863306216898803,0.007051338439641848,0.5999999838414953,0.19999999307925662,0.19999999307925662,0.19999999307925662,0.4000000107622328,9.99999739663605e-09,0.007051338439641848,0.1498762257857526
13789.249510240068,0.003461784589026256,0.0019970837519265273,0.2000000038414895,0.3999999969207461,9.999997050598981e-09,0.19999998615851372,0.3999999969207461,9.999997050598981e-09,0.0019970837519265273,0.15187330953767914
13839.95693687043,0.003677315911406734,0.002128876157647996,0.5999999630792666,9.999996720003926e-09,0.39999998369694006,9.999996720003926e-09,0.5999999863030697,9.999996720003926e-09,0.002128876157647996,0.15400218569532714
13855.799082000995,0.001144667227132686,0.0005508634774143841,0.3999999661585204,0.19999999307925662,0.19999999307925662,0.19999999307925662,0.4000000107622328,9.99999739663605e-09,0.0005508634774143841,0.1545530491727415
13862.930292261324,0.0005146733305041556,0.00015252867202935618,0.4000000007622354,9.99999739663605e-09,0.19999999307925662,0.19999999307925662,0.19999999307925662,0.4000000107622328,0.00015252867202935618,0.15470557784477088
13882.873898607013,0.0014386284807926415,0.0007384812707377343,0.5999999907622382,0.3999999969207461,9.999997050598981e-09,0.19999998615851372,0.3999999969207461,9.999997050598981e-09,0.0007384812707377343,0.1554440591155086
13988.18349359238,0.007585575994890611,0.004519222055066521,0.2000000038414895,0.19999999307925662,0.19999999307925662,0.19999999307925662,0.4000000107622328,9.99999739663605e-09,0.004519222055066521,0.15996328117057512
13995.30434587339,0.0005090619725050503,0.00013718741129699048,0.4000000007622354,9.99999739663605e-09,0.19999999307925662,0.19999999307925662,0.19999999307925662,0.4000000107622328,0.00013718741129699048,0.1601004685818721
14004.075054477084,0.0006266893800190306,0.00021290903778995989,0.3999999932238132,9.999996720003926e-09,0.5999999863030697,9.999996720003926e-09,9.999996720003926e-09,0.39999998369694006,0.00021290903778995989,0.16031337761966205
14337.591130065168,0.02381564468132861,0.013410370851129907,0.5999999630792666,0.19999998615851372,0.3999999969207461,0.3999999969207461,9.999997050598981e-09,9.999997050598981e-09,0.013410370851129907,0.17372374847079197
14432.04001899397,0.006587500513300891,0.0038010285898065336,0.3999999869207491,0.3999999969207461,9.999997050598981e-09,0.3999999969207461,9.999997050598981e-09,0.19999998615851372,0.0038010285898065336,0.1775247770605985
14588.873187578693,0.010867013144248025,0.006236373872564791,0.7999999735326583,0.19999998646735356,0.6000000070652988,9.99999706604097e-09,0.19999998646735356,9.99999706604097e-09,0.006236373872564791,0.18376115093316328
14536.066792609066,-0.003619634929350531,-0.0025980109219964154,0.5999999973741416,0.19999998615851372,9.999997050598981e-09,0.3999999969207461,0.3999999969207461,9.999997050598981e-09,-0.0025980109219964154,0.18116314001116687
14424.094072273221,-0.007703096163040341,-0.0053648204110576655,0.39999998692074906,0.19999998615851372,0.3999999969207461,0.3999999969207461,9.999997050598981e-09,9.999997050598981e-09,-0.0053648204110576655,0.17579831960010922
14789.703961796358,0.025347164798788364,0.013554089313280828,0.3999999869207491,0.3999999969207461,9.999997050598981e-09,0.3999999969207461,9.999997050598981e-09,0.19999998615851372,0.013554089313280828,0.18935240891339006
14433.973324941253,-0.02405258670315526,-0.017539418343953592,0.0,0.3999999969207461,9.999997050598981e-09,0.3999999969207461,9.999997050598981e-09,0.19999998615851372,-0.017539418343953592,0.17181299056943647
14382.43889165214,-0.003570356694512124,-0.0024319445202879626,0.5999999976829815,9.999997050598981e-09,9.999997050598981e-09,0.19999998615851372,0.3999999969207461,0.3999999969207461,-0.0024319445202879626,0.1693810460491485
14465.339733704672,0.005764032281107025,0.0031980489704012726,0.39999998692074906,0.3999999969207461,9.999997050598981e-09,0.19999998615851372,0.3999999969207461,9.999997050598981e-09,0.0031980489704012726,0.17257909501954977
14390.860845416788,-0.0051487825145472245,-0.003450562636220099,0.5999999630792667,9.999996720003926e-09,9.999996720003926e-09,9.999996720003926e-09,0.5999999863030697,0.39999998369694006,-0.003450562636220099,0.16912853238332967
14509.70530303038,0.008258328594112041,0.004624250938705687,0.3999999932238131,0.19999999307925662,0.19999999307925662,9.99999739663605e-09,0.19999999307925662,0.4000000107622328,0.004624250938705687,0.17375278332203536
14407.5975747295,-0.007037202077395295,-0.004691597594776709,0.5999999907622382,0.19999998615851372,9.999997050598981e-09,0.3999999969207461,0.3999999969207461,9.999997050598981e-09,-0.004691597594776709,0.16906118572725864
14557.565144615597,0.010408922730402738,0.005818561728442854,0.3999999869207491,0.3999999969207461,9.999997050598981e-09,0.3999999969207461,9.999997050598981e-09,0.19999998615851372,0.005818561728442854,0.1748797474557015
14608.684291445434,0.003511517641996899,0.0018804514525101559,0.20000000384148947,0.4000000107622328,0.19999999307925662,0.19999999307925662,9.99999739663605e-09,0.19999999307925662,0.0018804514525101559,0.17676019890821165
14554.710337645154,-0.003694648520256216,-0.002543045895089259,0.20000000384148947,0.3999999969207461,9.999997050598981e-09,0.3999999969207461,9.999997050598981e-09,0.19999998615851372,-0.002543045895089259,0.1742171530131224
14522.382682598145,-0.0022211129110137643,-0.001604804728436786,0.19999997615851667,0.3999999969207461,0.19999998615851372,0.3999999969207461,9.999997050598981e-09,9.999997050598981e-09,-0.001604804728436786,0.1726123482846856
14540.344533887976,0.0012368391387561437,0.0005352238951231855,0.9999999500000157,9.999996720003926e-09,9.999996720003926e-09,9.999996720003926e-09,0.5999999863030697,0.39999998369694006,0.0005352238951231855,0.1731475721798088
14646.746403390518,0.007317699333365843,0.004114457396941847,0.19999998938232366,9.999997050598981e-09,9.999997050598981e-09,0.19999998615851372,0.3999999969207461,0.3999999969207461,0.004114457396941847,0.17726202957675066
14649.286818309687,0.00017344568201033684,-0.0001255106515865375,0.39999998692074873,0.19999999307925662,0.19999999307925662,0.19999999307925662,0.4000000107622328,9.99999739663605e-09,-0.0001255106515865375,0.17713651892516413
14717.447627403284,0.004652841461770447,0.002573966789300914,0.4000000007622354,9.99999739663605e-09,0.19999999307925662,0.19999999307925662,0.19999999307925662,0.4000000107622328,0.002573966789300914,0.17971048571446505
14794.470261285844,0.005233423337559354,0.0029117309109365783,0.2000000038414895,9.999997050598981e-09,9.999997050598981e-09,0.19999998615851372,0.3999999969207461,0.3999999969207461,0.0029117309109365783,0.18262221662540162
14688.122118976986,-0.007188371089375836,-0.00491056738026413,0.5999999976829815,0.3999999969207461,9.999997050598981e-09,0.3999999969207461,9.999997050598981e-09,0.19999998615851372,-0.00491056738026413,0.1777116492451375
14734.224913136619,0.003138780695461897,0.0016829033846959634,0.0,0.3999999969207461,9.999997050598981e-09,0.3999999969207461,9.999997050598981e-09,0.19999998615851372,0.0016829033846959634,0.17939455262983345
14719.693600539553,-0.0009862285042296598,-0.0008562898647743299,0.5999999976829815,9.999997050598981e-09,9.999997050598981e-09,0.19999998615851372,0.3999999969207461,0.3999999969207461,-0.0008562898647743299,0.17853826276505913
14661.57458658592,-0.003948384764714259,-0.002758325411148234,0.5999999976829815,0.3999999969207461,9.999997050598981e-09,0.3999999969207461,9.999997050598981e-09,0.19999998615851372,-0.002758325411148234,0.1757799373539109
14877.403076699586,0.014720689707579648,0.00822100506669965,0.0,0.3999999969207461,9.999997050598981e-09,0.3999999969207461,9.999997050598981e-09,0.19999998615851372,0.00822100506669965,0.18400094242061055
14803.415344160174,-0.004973161791609211,-0.003442691292928474,0.0,0.3999999969207461,9.999997050598981e-09,0.3999999969207461,9.999997050598981e-09,0.19999998615851372,-0.003442691292928474,0.18055825112768206
14789.565108578421,-0.0009356108208647835,-0.0008276075713477838,0.3999999869207491,0.19999998615851372,9.999997050598981e-09,0.3999999969207461,0.3999999969207461,9.999997050598981e-09,-0.0008276075713477838,0.17973064355633428
14881.517496661534,0.006217382824176278,0.003506822617511509,0.5999999763030728,9.999996720003926e-09,9.999996720003926e-09,9.999996720003926e-09,0.39999998369694006,0.5999999863030697,0.003506822617511509,0.1832374661738458
14895.459760995547,0.0009368845843269786,0.0003356311918938438,0.19999998938232366,9.999997050598981e-09,9.999997050598981e-09,0.19999998615851372,0.3999999969207461,0.3999999969207461,0.0003356311918938438,0.18357309736573962
14694.435755824414,-0.013495656286993283,-0.00941686594886861,0.5999999976829815,0.3999999969207461,9.999997050598981e-09,0.3999999969207461,9.999997050598981e-09,0.19999998615851372,-0.00941686594886861,0.174156231416871
14706.572318865447,0.0008259291641207089,0.0002879630593514957,0.0,0.3999999969207461,9.999997050598981e-09,0.3999999969207461,9.999997050598981e-09,0.19999998615851372,0.0002879630593514957,0.1744441944762225
14650.426493679846,-0.003817736993247443,-0.002661994917977096,0.7999999735326583,9.99999706604097e-09,0.6000000070652988,0.19999998646735356,0.19999998646735356,9.99999706604097e-09,-0.002661994917977096,0.17178219955824542
14850.781793403545,0.013675731543387522,0.007714378147518246,0.5999999970653017,9.99999706604097e-09,9.99999706604097e-09,0.19999998646735356,0.6000000070652988,0.19999998646735356,0.007714378147518246,0.17949657770576366
14642.444670577197,-0.014028697325475988,-0.009707773579267744,0.5999999973741416,0.3999999969207461,9.999997050598981e-09,0.3999999969207461,9.999997050598981e-09,0.19999998615851372,-0.009707773579267744,0.1697888041264959
14790.573179569134,0.01011637826363704,0.005725939702608798,0.3999999869207491,0.19999998615851372,0.3999999969207461,0.3999999969207461,9.999997050598981e-09,9.999997050598981e-09,0.005725939702608798,0.1755147438291047
14984.799881153695,0.01313179004129842,0.007319479153335057,0.39999998661190916,9.99999706604097e-09,0.19999998646735356,0.6000000070652988,0.19999998646735356,9.99999706604097e-09,0.007319479153335057,0.18283422298243976
14999.394164042846,0.000973939125306969,0.0003519493692028054,0.5999999973741416,9.999997050598981e-09,9.999997050598981e-09,0.19999998615851372,0.3999999969207461,0.3999999969207461,0.0003519493692028054,0.18318617235164256
14992.291668207663,-0.00047351884732844577,-0.0005423278316990235,0.5999999976829815,0.3999999969207461,9.999997050598981e-09,0.3999999969207461,9.999997050598981e-09,0.19999998615851372,-0.0005423278316990235,0.18264384451994353
15260.775120442102,0.01790809958718854,0.009697247211998654,0.5999999970653018,0.19999998646735356,9.99999706604097e-09,0.19999998646735356,0.6000000070652988,9.99999706604097e-09,0.009697247211998654,0.1923410917319422
15073.388060545481,-0.01227900014368287,-0.008456588019138803,0.5999999970653017,0.19999998646735356,9.99999706604097e-09,0.6000000070652988,9.99999706604097e-09,0.19999998646735356,-0.008456588019138803,0.1838845037128034
14928.802870417503,-0.009592083050421174,-0.006475979645188644,0.5999999970653014,0.19999999307925662,0.19999999307925662,9.99999739663605e-09,0.19999999307925662,0.4000000107622328,-0.006475979645188644,0.17740852406761476
14980.724009447049,0.003477917116343608,0.0018556803920985584,0.3999999800000058,9.999997050598981e-09,9.999997050598981e-09,0.19999998615851372,0.3999999969207461,0.3999999969207461,0.0018556803920985584,0.1792642044597133
14634.522735014862,-0.02310978255883149,-0.016290869007299313,0.7999999738414981,0.19999998646735356,0.19999998646735356,0.6000000070652988,9.99999706604097e-09,9.99999706604097e-09,-0.016290869007299313,0.162973335452414
14569.859285683162,-0.0044185553914228085,-0.002908204508261835,0.5999999970653017,0.6000000070652988,9.99999706604097e-09,0.19999998646735356,9.99999706604097e-09,0.19999998646735356,-0.002908204508261835,0.16006513094415215
14578.627181583071,0.000601783155759333,0.0001717626673599276,0.5999999973741416,9.999997050598981e-09,9.999997050598981e-09,0.19999998615851372,0.3999999969207461,0.3999999969207461,0.0001717626673599276,0.16023689361151208
14613.542370934758,0.0023949572834810213,0.001239755410935601,0.5999999630792666,9.999996720003926e-09,0.39999998369694006,9.999996720003926e-09,0.5999999863030697,9.999996720003926e-09,0.001239755410935601,0.16147664902244768
14619.174734851775,0.0003854208496509669,3.9678325001616e-05,0.9999999500000158,9.999997054571063e-09,9.999997054571063e-09,0.19999998623795537,9.999997054571063e-09,0.7999999837620535,3.9678325001616e-05,0.1615163273474493
14865.415690836558,0.0168436974351056,0.009230901358165086,0.39999998692074906,9.999997050598981e-09,9.999997050598981e-09,0.19999998615851372,0.3999999969207461,0.3999999969207461,0.009230901358165086,0.1707472287056144
15063.822350404886,0.013346862522696318,0.007285518581038027,0.5999999976829815,0.3999999969207461,9.999997050598981e-09,0.3999999969207461,9.999997050598981e-09,0.19999998615851372,0.007285518581038027,0.17803274728665242
15152.658795872925,0.005897337568220207,0.0032000758519225474,0.5999999907622382,9.99999739663605e-09,0.19999999307925662,0.19999999307925662,0.19999999307925662,0.4000000107622328,0.0032000758519225474,0.18123282313857497
15264.498495418578,0.007380863058575316,0.004022502495542023,0.3999999932238132,9.999996720003926e-09,0.5999999863030697,9.999996720003926e-09,9.999996720003926e-09,0.39999998369694006,0.004022502495542023,0.185255325634117
15354.436451614441,0.005891969279099246,0.003182841271411936,0.9999999500000157,0.3999999969207461,9.999997050598981e-09,0.19999998615851372,0.3999999969207461,9.999997050598981e-09,0.003182841271411936,0.18843816690552895
15420.387720656254,0.004295258197826984,0.00227147628182772,0.39999998692074906,9.999997050598981e-09,9.999997050598981e-09,0.19999998615851372,0.3999999969207461,0.3999999969207461,0.00227147628182772,0.19070964318735667
15378.254132204738,-0.0027323300305267884,-0.0019559948347043243,0.7999999735326583,0.19999998646735356,0.6000000070652988,9.99999706604097e-09,9.99999706604097e-09,0.19999998646735356,-0.0019559948347043243,0.18875364835265235
15409.834667254825,0.0020535838970141018,0.0009706327463255045,0.7999999735326583,9.999997050598981e-09,9.999997050598981e-09,0.19999998615851372,0.3999999969207461,0.3999999969207461,0.0009706327463255045,0.18972428109897785
15476.971294306539,0.0043567389593332385,0.0023196992179825775,0.7999999738414981,0.3999999969207461,0.19999998615851372,0.3999999969207461,9.999997050598981e-09,9.999997050598981e-09,0.0023196992179825775,0.19204398031696043
15519.772008636952,0.00276544509365072,0.0013898652368498899,0.5999999907622382,0.19999999307925662,0.19999999307925662,9.99999739663605e-09,0.19999999307925662,0.4000000107622328,0.0013898652368498899,0.19343384555381032
15272.60228711323,-0.015926118076101156,-0.01105320410150625,0.5999999907622382,0.3999999969207461,9.999997050598981e-09,0.3999999969207461,9.999997050598981e-09,0.19999998615851372,-0.01105320410150625,0.18238064145230407
15258.318810976236,-0.0009352352577822494,-0.0008175267722323068,0.5999999976829815,9.999997050598981e-09,9.999997050598981e-09,0.19999998615851372,0.3999999969207461,0.3999999969207461,-0.0008175267722323068,0.18156311468007175
14929.75803813702,-0.02153322242833596,-0.014978919119653673,0.9999999500000156,0.39999998369694006,0.5999999863030697,9.999996720003926e-09,9.999996720003926e-09,9.999996720003926e-09,-0.014978919119653673,0.16658419556041806
14842.71631000443,-0.005830082973230196,-0.0037895221368186953,0.9999999500000156,9.999997050598981e-09,9.999997050598981e-09,0.19999998615851372,0.3999999969207461,0.3999999969207461,-0.0037895221368186953,0.16279467342359938
14860.14364407382,0.0011741337438108377,0.0005009739210004359,0.39999998692074906,9.999997050598981e-09,0.3999999969207461,0.19999998615851372,0.3999999969207461,9.999997050598981e-09,0.0005009739210004359,0.1632956473445998
15006.832227650673,0.00987127628711409,0.005445682585719037,0.39999998692074906,0.19999998615851372,9.999997050598981e-09,0.3999999969207461,0.3999999969207461,9.999997050598981e-09,0.005445682585719037,0.16874132993031885
14943.60885332447,-0.0042129726891804616,-0.0027917126667922495,0.3999999869207491,0.3999999969207461,9.999997050598981e-09,0.3999999969207461,9.999997050598981e-09,0.19999998615851372,-0.0027917126667922495,0.16594961726352658
14902.931024189093,-0.0027220887226533123,-0.0018609384256255061,0.5999999976829815,9.999997050598981e-09,9.999997050598981e-09,0.19999998615851372,0.3999999969207461,0.3999999969207461,-0.0018609384256255061,0.16408867883790107
14645.858410442159,-0.017249802292560866,-0.011421981059531435,0.5999999976829815,0.3999999969207461,9.999997050598981e-09,0.3999999969207461,9.999997050598981e-09,0.19999998615851372,-0.011421981059531435,0.15266669777836964
14618.46801460425,-0.0018701802974129362,-0.0012931590861412947,0.20000001045339255,0.6000000070652988,9.99999706604097e-09,0.19999998646735356,9.99999706604097e-09,0.19999998646735356,-0.0012931590861412947,0.15137353869222833
14716.176484752323,0.0066839062787193634,0.0037123610358914603,0.19999999630306597,0.4000000107622328,0.19999999307925662,0.19999999307925662,9.99999739663605e-09,0.19999999307925662,0.0037123610358914603,0.15508589972811979
14735.047125723879,0.0012823059706512008,0.0005841244321388553,0.5999999907622382,9.999997050598981e-09,0.3999999969207461,9.999997050598981e-09,0.3999999969207461,0.19999998615851372,0.0005841244321388553,0.15567002416025863
14692.24710605024,-0.0029046408408779562,-0.0019405341824240484,0.7999999738414981,0.3999999969207461,9.999997050598981e-09,0.3999999969207461,9.999997050598981e-09,0.19999998615851372,-0.0019405341824240484,0.1537294899778346
14580.984945501334,-0.0075728484380777825,-0.004860506514174599,0.5999999907622382,9.99999739663605e-09,0.19999999307925662,0.19999999307925662,0.19999999307925662,0.4000000107622328,-0.004860506514174599,0.14886898346365998
14657.610697533359,0.00525518353653232,0.0029260771591893063,0.2000000038414895,9.999997050598981e-09,9.999997050598981e-09,0.19999998615851372,0.3999999969207461,0.3999999969207461,0.0029260771591893063,0.15179506062284928
14746.397131666396,0.006057360641183948,0.003382349731266211,0.4000000209067851,9.99999706604097e-09,9.99999706604097e-09,0.6000000070652988,0.19999998646735356,0.19999998646735356,0.003382349731266211,0.1551774103541155
14795.592823911258,0.003336116056390472,0.0018024008956431783,0.5999999970653017,9.99999706604097e-09,0.6000000070652988,0.19999998646735356,0.19999998646735356,9.99999706604097e-09,0.0018024008956431783,0.15697981124975868
14823.923035484233,0.0019147736701155917,0.0009635467007554981,0.39999998661190916,0.19999998615851372,0.3999999969207461,0.3999999969207461,9.999997050598981e-09,9.999997050598981e-09,0.0009635467007554981,0.15794335795051417
14925.108761855789,0.006825839970252644,0.0038215818716419844,0.5999999838414953,9.99999739663605e-09,0.19999999307925662,0.19999999307925662,0.19999999307925662,0.4000000107622328,0.0038215818716419844,0.16176493982215615
14983.548767817738,0.003915549755409763,0.002135714045427222,0.4000000007622354,0.4000000107622328,0.19999999307925662,0.19999999307925662,9.99999739663605e-09,0.19999999307925662,0.002135714045427222,0.16390065386758337
14968.303340516793,-0.0010174777375630399,-0.000821682381186274,0.39999998692074873,0.3999999969207461,9.999997050598981e-09,0.19999998615851372,0.3999999969207461,9.999997050598981e-09,-0.000821682381186274,0.1630789714863971
14852.35397525764,-0.007746326528892454,-0.00508984597743606,0.3999999869207491,0.3999999969207461,9.999997050598981e-09,0.3999999969207461,9.999997050598981e-09,0.19999998615851372,-0.00508984597743606,0.15798912550896105
14877.848917057041,0.0017165589940742305,0.0008514340559799298,0.5999999976829815,0.19999998615851372,9.999997050598981e-09,9.999997050598981e-09,0.3999999969207461,0.3999999969207461,0.0008514340559799298,0.15884055956494098
14402.729456861984,-0.03193468779282633,-0.02247311862456171,0.7999999735326583,9.99999706604097e-09,0.6000000070652988,0.19999998646735356,0.19999998646735356,9.99999706604097e-09,-0.02247311862456171,0.13636744094037925
14294.477161771585,-0.007516095849375466,-0.004651297137693924,0.39999998661190916,0.19999998615851372,0.3999999969207461,0.3999999969207461,9.999997050598981e-09,9.999997050598981e-09,-0.004651297137693924,0.13171614380268531
14305.782975340446,0.0007909217973424337,0.00034261317106036484,0.2000000107622324,0.3999999969207461,0.19999998615851372,0.3999999969207461,9.999997050598981e-09,9.999997050598981e-09,0.00034261317106036484,0.13205875697374567
14455.105125383892,0.010437887272639359,0.005842601344763188,0.20000000384148947,0.4000000107622328,0.19999999307925662,0.19999999307925662,9.99999739663605e-09,0.19999999307925662,0.005842601344763188,0.13790135831850886
14471.048938094966,0.001102988361051299,0.0005105322523931069,0.5999999907622382,9.999997050598981e-09,9.999997050598981e-09,0.19999998615851372,0.3999999969207461,0.3999999969207461,0.0005105322523931069,0.13841189057090197
14410.732694800336,-0.00416806297543839,-0.00263106894069679,0.5999999907622382,0.19999999307925662,0.4000000107622328,0.19999999307925662,9.99999739663605e-09,0.19999999307925662,-0.00263106894069679,0.1357808216302052
14204.355668386,-0.014321064083632535,-0.008969586102052111,0.4000000007622354,0.4000000107622328,0.19999999307925662,0.19999999307925662,0.19999999307925662,9.99999739663605e-09,-0.008969586102052111,0.12681123552815307
14179.72578919788,-0.0017339666622778495,-0.0011322092337351067,0.7999999669207558,9.999996720003926e-09,9.999996720003926e-09,9.999996720003926e-09,0.39999998369694006,0.5999999863030697,-0.0011322092337351067,0.12567902629441796
14263.93253174914,0.005938531097364966,0.0033402726891447626,0.19999998938232366,9.999997050598981e-09,9.999997050598981e-09,0.19999998615851372,0.3999999969207461,0.3999999969207461,0.0033402726891447626,0.12901929898356274
14167.812839041466,-0.006738653067359091,-0.004161936012972919,0.19999998938232366,9.999996720003926e-09,9.999996720003926e-09,9.999996720003926e-09,0.39999998369694006,0.5999999863030697,-0.004161936012972919,0.12485736297058982
14075.03747157711,-0.006548319667852993,-0.004030565492006521,0.7999999669207558,0.4000000107622328,0.19999999307925662,0.19999999307925662,9.99999739663605e-09,0.19999999307925662,-0.004030565492006521,0.1208267974785833
13954.063323147248,-0.008594943258528148,-0.005265574396200938,0.4000000007622354,0.19999999307925662,0.19999999307925662,0.19999999307925662,0.4000000107622328,9.99999739663605e-09,-0.005265574396200938,0.11556122308238236
14055.616647359937,0.007277688359363552,0.004155475848335959,0.4000000007622354,0.4000000107622328,0.19999999307925662,0.19999999307925662,9.99999739663605e-09,0.19999999307925662,0.004155475848335959,0.11971669893071832
14059.390698031368,0.0002685083668769219,6.76251498359058e-05,0.19999999630306597,0.6000000070652988,9.99999706604097e-09,0.19999998646735356,9.99999706604097e-09,0.19999998646735356,6.76251498359058e-05,0.11978432408055423
14030.09765672846,-0.0020835213937834382,-0.0013307202973577507,0.5999999970653017,0.19999998646735356,9.99999706604097e-09,9.99999706604097e-09,0.6000000070652988,0.19999998646735356,-0.0013307202973577507,0.11845360378319647
14079.88263750309,0.003548441500031567,0.0020031738500027882,0.3999999727704222,0.19999999307925662,0.19999999307925662,0.19999999307925662,0.4000000107622328,9.99999739663605e-09,0.0020031738500027882,0.12045677763319926
14363.3359827244,0.0201317974388726,0.011354886801436407,0.5999999838414966,9.999996720003926e-09,0.5999999863030697,0.39999998369694006,9.999996720003926e-09,9.999996720003926e-09,0.011354886801436407,0.13181166443463566
14338.629688041974,-0.001720094462187764,-0.0011389768518661116,0.7999999735326593,0.6000000070652988,9.99999706604097e-09,0.19999998646735356,9.99999706604097e-09,0.19999998646735356,-0.0011389768518661116,0.13067268758276954
14319.145325536932,-0.0013588720072247723,-0.0009232506835596476,0.5999999973741416,9.999997050598981e-09,9.999997050598981e-09,0.19999998615851372,0.3999999969207461,0.3999999969207461,-0.0009232506835596476,0.1297494368992099
14320.643162039201,0.00010460376427630048,-5.395663031602564e-05,0.5999999976829815,0.3999999969207461,9.999997050598981e-09,0.3999999969207461,9.999997050598981e-09,0.19999998615851372,-5.395663031602564e-05,0.12969548026889388
14243.089196140856,-0.005415536510533516,-0.0033750748610472847,0.5999999907622382,0.19999999307925662,0.19999999307925662,9.99999739663605e-09,0.19999999307925662,0.4000000107622328,-0.0033750748610472847,0.1263204054078466
14173.437623992986,-0.004890201218900097,-0.003046488740831995,0.5999999907622382,0.3999999969207461,0.19999998615851372,0.3999999969207461,9.999997050598981e-09,9.999997050598981e-09,-0.003046488740831995,0.1232739166670146
14106.159196735025,-0.004746796722347157,-0.0029529177006620963,0.40000000014455606,0.39999998369694006,0.5999999863030697,9.999996720003926e-09,9.999996720003926e-09,9.999996720003926e-09,-0.0029529177006620963,0.1203209989663525
14129.465260206698,0.00165219058899238,0.0008878835265117489,0.9999999500000156,9.999997050598981e-09,9.999997050598981e-09,0.19999998615851372,0.3999999969207461,0.3999999969207461,0.0008878835265117489,0.12120888249286424
14237.622990604144,0.007654764593395769,0.004395500298479108,0.39999998692074873,0.19999999307925662,0.19999999307925662,0.19999999307925662,0.4000000107622328,9.99999739663605e-09,0.004395500298479108,0.12560438279134334
14292.175763852072,0.0038315927654445506,0.002161455263969631,0.39999998692074873,9.999997050598981e-09,9.999997050598981e-09,0.19999998615851372,0.3999999969207461,0.3999999969207461,0.002161455263969631,0.12776583805531297
14230.441245117512,-0.004319462603496565,-0.002726377917863703,0.0,9.999997050598981e-09,9.999997050598981e-09,0.19999998615851372,0.3999999969207461,0.3999999969207461,-0.002726377917863703,0.12503946013744927
14539.614853249866,0.021726213741856494,0.012220896385539354,0.0,9.999997050598981e-09,9.999997050598981e-09,0.19999998615851372,0.3999999969207461,0.3999999969207461,0.012220896385539354,0.13726035652298862
15084.79259181587,0.03749602338635182,0.01944333154306368,0.5999999973741416,9.99999706604097e-09,0.6000000070652988,0.19999998646735356,0.19999998646735356,9.99999706604097e-09,0.01944333154306368,0.1567036880660523
15113.043719259007,0.001872821735611085,0.0008749457685998909,0.39999998661190916,0.19999998615851372,0.3999999969207461,0.3999999969207461,9.999997050598981e-09,9.999997050598981e-09,0.0008749457685998909,0.1575786338346522
14738.075153172867,-0.024810923137098224,-0.015771568889465203,0.5999999630792666,9.999996720003926e-09,0.5999999863030697,9.999996720003926e-09,0.39999998369694006,9.999996720003926e-09,-0.015771568889465203,0.141807064945187
14779.912134195967,0.002838700480781023,0.001426946418152194,0.599999976303073,0.5999999863030697,0.39999998369694006,9.999996720003926e-09,9.999996720003926e-09,9.999996720003926e-09,0.001426946418152194,0.1432340113633392
14731.140511310177,-0.0032998587842040738,-0.002016576209385697,0.5999999630792667,0.3999999969207461,9.999997050598981e-09,0.3999999969207461,9.999997050598981e-09,0.19999998615851372,-0.002016576209385697,0.1412174351539535
14757.147442819005,0.0017654391042471057,0.0008419149782924616,0.3999999869207491,0.19999998615851372,0.3999999969207461,0.3999999969207461,9.999997050598981e-09,9.999997050598981e-09,0.0008419149782924616,0.14205935013224597
14727.023901244833,-0.002041284854738687,-0.0013012152332390016,0.7999999738414981,9.999997050598981e-09,9.999997050598981e-09,0.19999998615851372,0.3999999969207461,0.3999999969207461,-0.0013012152332390016,0.14075813489900696
14716.108311936634,-0.0007411945129848254,-0.0005608382524509925,0.0,9.999997050598981e-09,9.999997050598981e-09,0.19999998615851372,0.3999999969207461,0.3999999969207461,-0.0005608382524509925,0.14019729664655597
14677.64739527193,-0.0026135249788497464,-0.0016296872862027005,0.39999998692074906,0.3999999969207461,9.999997050598981e-09,0.19999998615851372,0.3999999969207461,9.999997050598981e-09,-0.0016296872862027005,0.13856760936035328
14610.120477915272,-0.004600663549010614,-0.0027783667901752945,0.39999998692074873,0.4000000107622328,0.19999999307925662,0.19999999307925662,9.99999739663605e-09,0.19999999307925662,-0.0027783667901752945,0.135789242570178
14553.661742837006,-0.003864357940347599,-0.0023453948581197218,0.20000000384148947,0.3999999969207461,9.999997050598981e-09,0.3999999969207461,9.999997050598981e-09,0.19999998615851372,-0.0023453948581197218,0.13344384771205828
14588.551036370189,0.002397286274044004,0.0012290504353576089,0.20000000384148947,0.4000000107622328,0.19999999307925662,0.19999999307925662,9.99999739663605e-09,0.19999999307925662,0.0012290504353576089,0.1346728981474159
14564.707616294087,-0.0016343926149115185,-0.0010616424033155236,0.20000000384148947,0.3999999969207461,9.999997050598981e-09,0.3999999969207461,9.999997050598981e-09,0.19999998615851372,-0.0010616424033155236,0.13361125574410038
14512.14691165548,-0.0036087716982251225,-0.002204400610102981,0.3999999869207491,0.19999998615851372,9.999997050598981e-09,0.3999999969207461,0.3999999969207461,9.999997050598981e-09,-0.002204400610102981,0.13140685513399739
14459.204413701005,-0.0036481506338633635,-0.0022245760397087548,0.5999999838414953,9.99999739663605e-09,0.19999999307925662,0.19999999307925662,0.19999999307925662,0.4000000107622328,-0.0022245760397087548,0.12918227909428864
14223.562270926452,-0.016297033780867456,-0.009837237027427042,0.2000000038414895,9.999997050598981e-09,9.999997050598981e-09,0.19999998615851372,0.3999999969207461,0.3999999969207461,-0.009837237027427042,0.1193450420668616
14187.032508604938,-0.002568256926479161,-0.001555958761382537,0.5999999907622382,0.4000000107622328,0.19999999307925662,0.19999999307925662,9.99999739663605e-09,0.19999999307925662,-0.001555958761382537,0.11778908330547906
14230.192852604529,0.0030422390287337467,0.0016389968781450421,0.4000000007622354,9.99999739663605e-09,0.19999999307925662,0.19999999307925662,0.19999999307925662,0.4000000107622328,0.0016389968781450421,0.11942808018362411
13949.736941321178,-0.019708510923801003,-0.011791258276644581,0.4000000007622354,0.19999999307925662,0.19999999307925662,0.19999999307925662,0.4000000107622328,9.99999739663605e-09,-0.011791258276644581,0.10763682190697953
13859.061510958263,-0.006500153425425624,-0.003762739567835188,0.4000000007622354,0.19999999307925662,0.19999999307925662,9.99999739663605e-09,0.19999999307925662,0.4000000107622328,-0.003762739567835188,0.10387408233914434
13934.417125556527,0.005437281199645411,0.0030055337203752325,0.5999999907622382,0.19999998615851372,0.3999999969207461,0.3999999969207461,9.999997050598981e-09,9.999997050598981e-09,0.0030055337203752325,0.10687961605951958
14007.408049394438,0.005238175603631199,0.0028892678904390463,0.39999998692075,0.39999998369694006,0.5999999863030697,9.999996720003926e-09,9.999996720003926e-09,9.999996720003926e-09,0.0028892678904390463,0.10976888394995862
13991.433897205821,-0.0011404074281471158,-0.0007127058189894761,0.39999998692075,0.19999998615851372,0.3999999969207461,0.3999999969207461,9.999997050598981e-09,9.999997050598981e-09,-0.0007127058189894761,0.10905617813096914
14080.361339912788,0.006355849111700124,0.003519527801570676,0.7999999738414981,9.999997050598981e-09,9.999997050598981e-09,0.19999998615851372,0.3999999969207461,0.3999999969207461,0.003519527801570676,0.11257570593253982
14262.167985473761,0.01291207243706285,0.007128800319523537,0.5999999970653017,9.99999706604097e-09,0.6000000070652988,9.99999706604097e-09,0.19999998646735356,0.19999998646735356,0.007128800319523537,0.11970450625206336
14243.094039718264,-0.0013373805283266541,-0.0008516038054648562,0.7999999738414981,0.3999999969207461,9.999997050598981e-09,0.3999999969207461,9.999997050598981e-09,0.19999998615851372,-0.0008516038054648562,0.1188529024465985
14269.489971064511,0.0018532441948806496,0.0009646405948527333,0.19999997615851667,0.3999999969207461,0.19999998615851372,0.3999999969207461,9.999997050598981e-09,9.999997050598981e-09,0.0009646405948527333,0.11981754304145124
14223.099387402299,-0.0032510330611874015,-0.001958797314357036,0.5999999976829815,0.19999998615851372,0.3999999969207461,9.999997050598981e-09,9.999997050598981e-09,0.3999999969207461,-0.001958797314357036,0.1178587457270942
14242.556610213514,0.0013680016064888604,0.0006959782032310605,0.7999999735326582,9.99999706604097e-09,9.99999706604097e-09,0.19999998646735356,0.6000000070652988,0.19999998646735356,0.0006959782032310605,0.11855472393032526
14342.139127588496,0.00699189900383257,0.0038691499644491626,0.7999999735326583,0.3999999969207461,0.19999998615851372,0.3999999969207461,9.999997050598981e-09,9.999997050598981e-09,0.0038691499644491626,0.12242387389477442
14305.571315850248,-0.002549676266067345,-0.0015691410263911963,0.39999998692074906,0.3999999969207461,9.999997050598981e-09,0.19999998615851372,0.3999999969207461,9.999997050598981e-09,-0.0015691410263911963,0.12085473286838323
14213.211364390849,-0.006456222503820374,-0.0038597263712750523,0.3999999869207491,0.3999999969207461,9.999997050598981e-09,0.3999999969207461,9.999997050598981e-09,0.19999998615851372,-0.0038597263712750523,0.11699500649710819
14292.981298135817,0.00561237933496287,0.0031161254860439477,0.5999999976829815,9.999997050598981e-09,9.999997050598981e-09,0.19999998615851372,0.3999999969207461,0.3999999969207461,0.0031161254860439477,0.12011113198315214
14377.699319911846,0.005927246388203007,0.0032880432014811794,0.5999999976829815,0.3999999969207461,9.999997050598981e-09,0.3999999969207461,9.999997050598981e-09,0.19999998615851372,0.0032880432014811794,0.12339917518463332
14390.749650148773,0.0009076786171800871,0.0004249249622729352,0.7999999735326583,9.99999706604097e-09,0.6000000070652988,0.19999998646735356,0.19999998646735356,9.99999706604097e-09,0.0004249249622729352,0.12382410014690626
14297.150959634288,-0.006504087194201061,-0.003925736898587946,0.4000000139860421,9.99999739663605e-09,0.19999999307925662,0.19999999307925662,0.19999999307925662,0.4000000107622328,-0.003925736898587946,0.11989836324831832
14146.069985635635,-0.010567208419719778,-0.006352733063432508,0.4000000139860421,9.99999706604097e-09,0.6000000070652988,0.19999998646735356,0.19999998646735356,9.99999706604097e-09,-0.006352733063432508,0.11354563018488581
14274.69351619154,0.00909252751375562,0.00510741448089823,0.5999999904533984,0.4000000107622328,0.19999999307925662,0.19999999307925662,9.99999739663605e-09,0.19999999307925662,0.00510741448089823,0.11865304466578404
14210.837564459112,-0.004473367618015574,-0.0027000453837030818,0.20000000384148947,0.3999999969207461,9.999997050598981e-09,0.3999999969207461,9.999997050598981e-09,0.19999998615851372,-0.0027000453837030818,0.11595299928208096
13983.543259371538,-0.015994434111049952,-0.00962964129309936,0.0,0.3999999969207461,9.999997050598981e-09,0.3999999969207461,9.999997050598981e-09,0.19999998615851372,-0.00962964129309936,0.1063233579889816
13956.642084995763,-0.0019237738158921103,-0.0011668133313401633,0.5999999976829815,9.999997050598981e-09,9.999997050598981e-09,0.19999998615851372,0.3999999969207461,0.3999999969207461,-0.0011668133313401633,0.10515654465764143
13990.613095253742,0.0024340389365218704,0.0013477918284289586,0.20000001045339255,9.99999706604097e-09,9.99999706604097e-09,0.19999998646735356,0.6000000070652988,0.19999998646735356,0.0013477918284289586,0.1065043364860704
13982.141920095428,-0.0006054899167491135,-0.00040717450636164294,0.20000001045339255,9.999997050598981e-09,9.999997050598981e-09,0.19999998615851372,0.3999999969207461,0.3999999969207461,-0.00040717450636164294,0.10609716197970875
14040.400625350696,0.004166650974378673,0.0023486007814790995,0.5999999973741416,9.99999706604097e-09,0.6000000070652988,0.19999998646735356,0.19999998646735356,9.99999706604097e-09,0.0023486007814790995,0.10844576276118785
14028.53248417757,-0.0008452850805195907,-0.0005533530513514265,0.399999973696943,0.39999998369694006,0.5999999863030697,9.999996720003926e-09,9.999996720003926e-09,9.999996720003926e-09,-0.0005533530513514265,0.10789240970983642
14063.989751641622,0.002527510807281057,0.0014076459551189218,0.5999999838414966,0.19999999307925662,0.19999999307925662,0.19999999307925662,0.4000000107622328,9.99999739663605e-09,0.0014076459551189218,0.10930005566495535
14059.785708906678,-0.0002989224828220548,-0.0002382221952464786,0.39999998692074873,9.999997050598981e-09,9.999997050598981e-09,0.19999998615851372,0.3999999969207461,0.3999999969207461,-0.0002382221952464786,0.10906183346970887
14045.621076275705,-0.0010074572204894481,-0.0006537567778238518,0.799999973841499,9.999996720003926e-09,0.39999998369694006,0.5999999863030697,9.999996720003926e-09,9.999996720003926e-09,-0.0006537567778238518,0.10840807669188501
14043.986342690825,-0.00011638741896873125,-0.0001296286840646059,0.9999999500000163,9.999996720003926e-09,9.999996720003926e-09,9.999996720003926e-09,0.39999998369694006,0.5999999863030697,-0.0001296286840646059,0.10827844800782041
14097.830599533441,0.0038339724582999463,0.0021827869891777097,0.9999999500000158,0.19999998615851372,0.3999999969207461,0.3999999969207461,9.999997050598981e-09,9.999997050598981e-09,0.0021827869891777097,0.11046123499699811
14189.413648952215,0.006496251233278702,0.0037257005754838374,0.5999999907622382,0.19999999307925662,0.19999999307925662,9.99999739663605e-09,0.4000000107622328,0.19999999307925662,0.0037257005754838374,0.11418693557248195
14108.311809338264,-0.005715658280209432,-0.0034855544884378523,0.3999999869207487,0.19999998615851372,9.999997050598981e-09,0.3999999969207461,0.3999999969207461,9.999997050598981e-09,-0.0034855544884378523,0.1107013810840441
14089.351984715964,-0.0013438762113090151,-0.0008631992882407723,0.5999999973741417,0.6000000070652988,9.99999706604097e-09,0.19999998646735356,9.99999706604097e-09,0.19999998646735356,-0.0008631992882407723,0.10983818179580333
14105.90734146496,0.0011750261308650094,0.00063014579682669,0.399999986920749,0.3999999969207461,0.3999999969207461,0.19999998615851372,9.999997050598981e-09,9.999997050598981e-09,0.00063014579682669,0.11046832759263002
14080.776793795727,-0.001781561941454075,-0.0011277968660297526,0.20000000384148947,0.4000000107622328,0.19999999307925662,0.19999999307925662,9.99999739663605e-09,0.19999999307925662,-0.0011277968660297526,0.10934053072660027
